frame,feature_0,feature_1,feature_2,feature_3,feature_4,feature_5,feature_6,feature_7,feature_8,feature_9,feature_10,feature_11,feature_12,feature_13,feature_14,feature_15,feature_16,feature_17,feature_18,feature_19,feature_20,feature_21,feature_22,feature_23,feature_24,feature_25,feature_26,feature_27,feature_28,feature_29,feature_30,feature_31,feature_32,feature_33,feature_34,feature_35,feature_36,feature_37,feature_38,feature_39,feature_40,feature_41,feature_42,feature_43,feature_44,feature_45,feature_46,feature_47,feature_48,feature_49,feature_50,feature_51,feature_52,feature_53,feature_54,feature_55,feature_56,feature_57,feature_58,feature_59,feature_60,feature_61,feature_62,feature_63,feature_64,feature_65,feature_66,feature_67,feature_68,feature_69,feature_70,feature_71,feature_72,feature_73,feature_74,feature_75,feature_76,feature_77,feature_78,feature_79,feature_80,feature_81,feature_82,feature_83,feature_84,feature_85,feature_86,feature_87,feature_88,feature_89,feature_90,feature_91,feature_92,feature_93,feature_94,feature_95,feature_96,feature_97,feature_98,feature_99,feature_100,feature_101,feature_102,feature_103,feature_104,feature_105,feature_106,feature_107,feature_108,feature_109,feature_110,feature_111,feature_112,feature_113,feature_114,feature_115,feature_116,feature_117,feature_118,feature_119,feature_120,feature_121,feature_122,feature_123,feature_124,feature_125
1,0.2892334759235382,0.5023383498191833,-1.6759467769134062e-07,0.32288476824760437,0.4766829013824463,-0.006665491033345461,0.3439754247665405,0.4314686357975006,-0.00806170329451561,0.3528236448764801,0.3838348090648651,-0.010686742141842842,0.3653572201728821,0.354515939950943,-0.012278938665986061,0.3322344124317169,0.38968268036842346,0.005203451495617628,0.3355344235897064,0.3617551326751709,-0.009031739085912704,0.3290093243122101,0.39521101117134094,-0.018649166449904442,0.3239794373512268,0.42645904421806335,-0.021977661177515984,0.31311023235321045,0.38707053661346436,0.004376353230327368,0.3144952058792114,0.35914483666419983,-0.011874894611537457,0.3118301331996918,0.4036218225955963,-0.017948681488633156,0.3102574944496155,0.438750684261322,-0.017847709357738495,0.2956995964050293,0.3895263671875,0.0009298574877902865,0.29622456431388855,0.3655543923377991,-0.01500308234244585,0.2969118356704712,0.40935754776000977,-0.014080451801419258,0.29710420966148376,0.4413427710533142,-0.008394137024879456,0.2778930068016052,0.3953060209751129,-0.0031092206481844187,0.28006333112716675,0.36904647946357727,-0.012711407616734505,0.28219884634017944,0.3995746672153473,-0.01016285177320242,0.28330355882644653,0.42353519797325134,-0.005038884002715349,0.6993287801742554,0.5034722089767456,-3.049282781830698e-07,0.6705541610717773,0.46774986386299133,-0.004752254579216242,0.6528916954994202,0.4087941646575928,-0.0056023565120995045,0.6430951952934265,0.36409786343574524,-0.008186032995581627,0.6286876201629639,0.3433458209037781,-0.009737437590956688,0.6690741181373596,0.3801529109477997,0.004894271492958069,0.669163167476654,0.34807637333869934,-0.008089300245046616,0.6748967170715332,0.3861538767814636,-0.015694374218583107,0.6793607473373413,0.41828039288520813,-0.018242988735437393,0.6893576383590698,0.38252559304237366,0.001996256411075592,0.6898320317268372,0.3470628261566162,-0.012558172456920147,0.6922152638435364,0.3966448903083801,-0.016857702285051346,0.6935849785804749,0.4309031665325165,-0.01561563927680254,0.7098407745361328,0.3892653286457062,-0.0029853687155991793,0.7097585201263428,0.35819220542907715,-0.01700015179812908,0.7075619697570801,0.40764009952545166,-0.013528610579669476,0.7056289911270142,0.43896397948265076,-0.006729401648044586,0.7298170328140259,0.4027210772037506,-0.008571062237024307,0.7278523445129395,0.37242835760116577,-0.015840580686926842,0.7224308848381042,0.40611833333969116,-0.010802378877997398,0.7195213437080383,0.43004193902015686,-0.004751478787511587
2,0.2887376546859741,0.5018162727355957,-1.54163060983592e-07,0.32263463735580444,0.477216899394989,-0.007848680950701237,0.3438842296600342,0.43314939737319946,-0.00995582714676857,0.35349246859550476,0.3847026824951172,-0.013069592416286469,0.36639276146888733,0.35419774055480957,-0.01492998842149973,0.3332027792930603,0.3908899426460266,0.004461388103663921,0.33657366037368774,0.36093592643737793,-0.010663148947060108,0.3296630382537842,0.39421090483665466,-0.020762654021382332,0.32437199354171753,0.42538025975227356,-0.024372510612010956,0.313773512840271,0.38710182905197144,0.003846482839435339,0.3156074285507202,0.3570574223995209,-0.013448309153318405,0.3121132552623749,0.40146613121032715,-0.02004178613424301,0.30973613262176514,0.43626952171325684,-0.02010113187134266,0.2960173487663269,0.38891205191612244,0.00048048151074908674,0.29591208696365356,0.3642056882381439,-0.01639200747013092,0.29601219296455383,0.4080563485622406,-0.015427435748279095,0.29603317379951477,0.43925926089286804,-0.009499860927462578,0.27797865867614746,0.39430537819862366,-0.003563226666301489,0.27905383706092834,0.36764970421791077,-0.013671998865902424,0.2811574339866638,0.3988002836704254,-0.011065475642681122,0.2826354503631592,0.42269212007522583,-0.005800630431622267,0.6995168924331665,0.5031644105911255,-3.097555349995673e-07,0.6705846786499023,0.4686923027038574,-0.005526665598154068,0.6525279879570007,0.40980789065361023,-0.006690895650535822,0.6432422399520874,0.36458683013916016,-0.009490548633038998,0.6288869976997375,0.3429189920425415,-0.011226576752960682,0.6687562465667725,0.37961339950561523,0.00463965255767107,0.6687694787979126,0.34812918305397034,-0.00883263535797596,0.6747267246246338,0.38612499833106995,-0.016935348510742188,0.679124653339386,0.41875746846199036,-0.01971035823225975,0.689292848110199,0.3815109431743622,0.001978489803150296,0.6901096701622009,0.34720054268836975,-0.012999077327549458,0.6922695636749268,0.39652422070503235,-0.01768994890153408,0.6929662823677063,0.4319921135902405,-0.016608044505119324,0.7097799777984619,0.38790372014045715,-0.002893310273066163,0.7098993062973022,0.35746076703071594,-0.01745706796646118,0.7074739933013916,0.4066559970378876,-0.01438580546528101,0.705098569393158,0.4393076002597809,-0.007631820626556873,0.7298212647438049,0.4008360505104065,-0.008421815931797028,0.7276660799980164,0.3714298605918884,-0.01636974699795246,0.7225931286811829,0.4049486815929413,-0.01173420064151287,0.7194784283638,0.42955490946769714,-0.005737663246691227
3,0.2887376546859741,0.5018162727355957,-1.54163060983592e-07,0.32263463735580444,0.477216899394989,-0.007848680950701237,0.3438842296600342,0.43314939737319946,-0.00995582714676857,0.35349246859550476,0.3847026824951172,-0.013069592416286469,0.36639276146888733,0.35419774055480957,-0.01492998842149973,0.3332027792930603,0.3908899426460266,0.004461388103663921,0.33657366037368774,0.36093592643737793,-0.010663148947060108,0.3296630382537842,0.39421090483665466,-0.020762654021382332,0.32437199354171753,0.42538025975227356,-0.024372510612010956,0.313773512840271,0.38710182905197144,0.003846482839435339,0.3156074285507202,0.3570574223995209,-0.013448309153318405,0.3121132552623749,0.40146613121032715,-0.02004178613424301,0.30973613262176514,0.43626952171325684,-0.02010113187134266,0.2960173487663269,0.38891205191612244,0.00048048151074908674,0.29591208696365356,0.3642056882381439,-0.01639200747013092,0.29601219296455383,0.4080563485622406,-0.015427435748279095,0.29603317379951477,0.43925926089286804,-0.009499860927462578,0.27797865867614746,0.39430537819862366,-0.003563226666301489,0.27905383706092834,0.36764970421791077,-0.013671998865902424,0.2811574339866638,0.3988002836704254,-0.011065475642681122,0.2826354503631592,0.42269212007522583,-0.005800630431622267,0.6995168924331665,0.5031644105911255,-3.097555349995673e-07,0.6705846786499023,0.4686923027038574,-0.005526665598154068,0.6525279879570007,0.40980789065361023,-0.006690895650535822,0.6432422399520874,0.36458683013916016,-0.009490548633038998,0.6288869976997375,0.3429189920425415,-0.011226576752960682,0.6687562465667725,0.37961339950561523,0.00463965255767107,0.6687694787979126,0.34812918305397034,-0.00883263535797596,0.6747267246246338,0.38612499833106995,-0.016935348510742188,0.679124653339386,0.41875746846199036,-0.01971035823225975,0.689292848110199,0.3815109431743622,0.001978489803150296,0.6901096701622009,0.34720054268836975,-0.012999077327549458,0.6922695636749268,0.39652422070503235,-0.01768994890153408,0.6929662823677063,0.4319921135902405,-0.016608044505119324,0.7097799777984619,0.38790372014045715,-0.002893310273066163,0.7098993062973022,0.35746076703071594,-0.01745706796646118,0.7074739933013916,0.4066559970378876,-0.01438580546528101,0.705098569393158,0.4393076002597809,-0.007631820626556873,0.7298212647438049,0.4008360505104065,-0.008421815931797028,0.7276660799980164,0.3714298605918884,-0.01636974699795246,0.7225931286811829,0.4049486815929413,-0.01173420064151287,0.7194784283638,0.42955490946769714,-0.005737663246691227
4,0.2901226580142975,0.500985324382782,-1.6344915820809547e-07,0.32398712635040283,0.4759974777698517,-0.006300451699644327,0.3462992310523987,0.4329192638397217,-0.007971697486937046,0.3552205264568329,0.3835960626602173,-0.01104232482612133,0.3677712380886078,0.35298019647598267,-0.013211000710725784,0.3347909152507782,0.3902170956134796,0.004071383737027645,0.3378527760505676,0.3586321473121643,-0.010682137683033943,0.3308671712875366,0.3917756974697113,-0.02026345767080784,0.3253630995750427,0.4248208701610565,-0.023426206782460213,0.31539762020111084,0.3879578709602356,0.0027702769730240107,0.31656983494758606,0.3554125130176544,-0.014313519932329655,0.3129441738128662,0.3998611569404602,-0.02018488384783268,0.3109469413757324,0.43747788667678833,-0.019554253667593002,0.29744940996170044,0.3899833858013153,-0.0010331091471016407,0.2977026402950287,0.3635265529155731,-0.01727808266878128,0.29729926586151123,0.4077126383781433,-0.0154617540538311,0.29742002487182617,0.4413715898990631,-0.008942537941038609,0.27872955799102783,0.39511173963546753,-0.005420785862952471,0.28049761056900024,0.36918407678604126,-0.015218730084598064,0.2828090786933899,0.4010598957538605,-0.012125526554882526,0.28464221954345703,0.4262457489967346,-0.006401264574378729,0.6988816857337952,0.5023196339607239,-3.3701093116178527e-07,0.6694973707199097,0.4685889184474945,-0.005907483398914337,0.6517038345336914,0.4087999165058136,-0.007049799896776676,0.6432289481163025,0.3634694516658783,-0.009809833951294422,0.6294081211090088,0.34014788269996643,-0.011526661925017834,0.6687307357788086,0.37948647141456604,0.0034115922171622515,0.6691364049911499,0.34719526767730713,-0.01072167418897152,0.6752818822860718,0.3867284655570984,-0.019341502338647842,0.6795547604560852,0.4202359914779663,-0.02242310717701912,0.6894594430923462,0.38102635741233826,0.0007532442105002701,0.6900765895843506,0.3459186255931854,-0.01501435972750187,0.6921640634536743,0.39677855372428894,-0.01990288682281971,0.6923470497131348,0.433724582195282,-0.018878227099776268,0.7102193832397461,0.3868630528450012,-0.00413706386461854,0.7103657722473145,0.35427412390708923,-0.019322337582707405,0.7076524496078491,0.40475621819496155,-0.016170203685760498,0.7048762440681458,0.4395546317100525,-0.009237746708095074,0.7304974794387817,0.39862748980522156,-0.009745027869939804,0.7282626628875732,0.3689439296722412,-0.018669914454221725,0.7230116128921509,0.4027542173862457,-0.014386414550244808,0.7195539474487305,0.4290299713611603,-0.008440961129963398
5,0.2889573276042938,0.5013755559921265,-1.6502912103533163e-07,0.3226155638694763,0.4771263599395752,-0.0070986696518957615,0.3449256420135498,0.43354207277297974,-0.008672088384628296,0.35426652431488037,0.3847900331020355,-0.011417313478887081,0.3666715919971466,0.3542740046977997,-0.013060073368251324,0.33440402150154114,0.38896089792251587,0.005025266204029322,0.3374246060848236,0.35931673645973206,-0.009464294649660587,0.33005425333976746,0.3929350674152374,-0.019230898469686508,0.32508209347724915,0.42493268847465515,-0.02266545780003071,0.31504374742507935,0.38567817211151123,0.00423477403819561,0.3166238069534302,0.35447707772254944,-0.01300942711532116,0.3127756714820862,0.39975422620773315,-0.019254345446825027,0.3110383450984955,0.437130868434906,-0.01875603199005127,0.297280490398407,0.38703063130378723,0.0007921652286313474,0.2978074848651886,0.36208030581474304,-0.015803242102265358,0.2970327138900757,0.4069187045097351,-0.014559194445610046,0.29711413383483887,0.44023388624191284,-0.008255956694483757,0.2789442241191864,0.39148223400115967,-0.00331380357965827,0.28091347217559814,0.36706647276878357,-0.013394631445407867,0.2824811041355133,0.3987140655517578,-0.010792138986289501,0.2840501070022583,0.42331796884536743,-0.005333286244422197,0.6985334157943726,0.5010823607444763,-3.1088669061318797e-07,0.6701048612594604,0.466876745223999,-0.006302766967564821,0.6524720191955566,0.40657782554626465,-0.007309176493436098,0.6434393525123596,0.3618987202644348,-0.009743338450789452,0.6293366551399231,0.34023547172546387,-0.01104967575520277,0.6687514781951904,0.37716636061668396,0.0035538070369511843,0.6700412631034851,0.3482132852077484,-0.010072874836623669,0.6761281490325928,0.38635388016700745,-0.018346959725022316,0.6797457933425903,0.4190458059310913,-0.0212510097771883,0.6896476149559021,0.3785220682621002,0.0012196659808978438,0.6914457082748413,0.3459956645965576,-0.013961579650640488,0.693465530872345,0.3950515687465668,-0.018723107874393463,0.693224310874939,0.43130171298980713,-0.01768561825156212,0.7102587223052979,0.3851149380207062,-0.003371237311512232,0.712207019329071,0.35594725608825684,-0.018177660182118416,0.7089269161224365,0.4047165513038635,-0.015321595594286919,0.7049897909164429,0.4383262097835541,-0.008651231415569782,0.7299549579620361,0.3980847895145416,-0.008689956739544868,0.7294857501983643,0.3715236783027649,-0.017007043585181236,0.7237381935119629,0.40330052375793457,-0.012800006195902824,0.7189162969589233,0.4273819029331207,-0.007062007673084736
6,0.2897081971168518,0.4994162619113922,-1.6099157562621258e-07,0.3244083821773529,0.4753374457359314,-0.006080008577555418,0.34626495838165283,0.43074238300323486,-0.007109001278877258,0.3557363450527191,0.3822614252567291,-0.009419815614819527,0.36900654435157776,0.35362595319747925,-0.010880359448492527,0.3354213237762451,0.38967281579971313,0.005753148812800646,0.3377867043018341,0.3613055348396301,-0.008017168380320072,0.330763578414917,0.39416536688804626,-0.01747254841029644,0.32567062973976135,0.4258226752281189,-0.020839069038629532,0.31609299778938293,0.3866175711154938,0.004716357681900263,0.3170783817768097,0.35595861077308655,-0.01122596487402916,0.3136901557445526,0.4001868963241577,-0.017235666513442993,0.31193408370018005,0.43631845712661743,-0.01702268235385418,0.2983514666557312,0.3886134922504425,0.0011828053975477815,0.29845091700553894,0.36306232213974,-0.014329538680613041,0.2980959415435791,0.40607571601867676,-0.013154425658285618,0.29806655645370483,0.4376104474067688,-0.007366809528321028,0.27993226051330566,0.3939245045185089,-0.002866963855922222,0.2816883325576782,0.36791476607322693,-0.01216985285282135,0.2832720875740051,0.3988467752933502,-0.009315460920333862,0.2844354808330536,0.42284202575683594,-0.003995242994278669,0.6990240812301636,0.4994511902332306,-3.2555772122577764e-07,0.6706231236457825,0.4660622775554657,-0.0061100684106349945,0.6531820893287659,0.40705356001853943,-0.007174090016633272,0.6442511677742004,0.3623505234718323,-0.009870179928839207,0.6309388279914856,0.33830487728118896,-0.011502400040626526,0.6706412434577942,0.37962695956230164,0.0047120600938797,0.6706476211547852,0.34945204854011536,-0.009094519540667534,0.6758686900138855,0.38655775785446167,-0.017967918887734413,0.6795668601989746,0.41861388087272644,-0.021386288106441498,0.6917785406112671,0.3808858394622803,0.0019309939816594124,0.6930599808692932,0.3461241126060486,-0.013382132165133953,0.6946128010749817,0.39557403326034546,-0.018367044627666473,0.694379448890686,0.4314369261264801,-0.01749042421579361,0.7123062014579773,0.386999249458313,-0.0032146486919373274,0.7143149375915527,0.3533838391304016,-0.01814788393676281,0.7110775113105774,0.40354815125465393,-0.014665772207081318,0.7075703144073486,0.4372318387031555,-0.007628731429576874,0.7320018410682678,0.3992350101470947,-0.009096900932490826,0.7321043610572815,0.36958959698677063,-0.017041338607668877,0.726382315158844,0.40086236596107483,-0.011973877437412739,0.7217466235160828,0.4232749044895172,-0.005763941444456577
7,0.2897081971168518,0.4994162619113922,-1.6099157562621258e-07,0.3244083821773529,0.4753374457359314,-0.006080008577555418,0.34626495838165283,0.43074238300323486,-0.007109001278877258,0.3557363450527191,0.3822614252567291,-0.009419815614819527,0.36900654435157776,0.35362595319747925,-0.010880359448492527,0.3354213237762451,0.38967281579971313,0.005753148812800646,0.3377867043018341,0.3613055348396301,-0.008017168380320072,0.330763578414917,0.39416536688804626,-0.01747254841029644,0.32567062973976135,0.4258226752281189,-0.020839069038629532,0.31609299778938293,0.3866175711154938,0.004716357681900263,0.3170783817768097,0.35595861077308655,-0.01122596487402916,0.3136901557445526,0.4001868963241577,-0.017235666513442993,0.31193408370018005,0.43631845712661743,-0.01702268235385418,0.2983514666557312,0.3886134922504425,0.0011828053975477815,0.29845091700553894,0.36306232213974,-0.014329538680613041,0.2980959415435791,0.40607571601867676,-0.013154425658285618,0.29806655645370483,0.4376104474067688,-0.007366809528321028,0.27993226051330566,0.3939245045185089,-0.002866963855922222,0.2816883325576782,0.36791476607322693,-0.01216985285282135,0.2832720875740051,0.3988467752933502,-0.009315460920333862,0.2844354808330536,0.42284202575683594,-0.003995242994278669,0.6990240812301636,0.4994511902332306,-3.2555772122577764e-07,0.6706231236457825,0.4660622775554657,-0.0061100684106349945,0.6531820893287659,0.40705356001853943,-0.007174090016633272,0.6442511677742004,0.3623505234718323,-0.009870179928839207,0.6309388279914856,0.33830487728118896,-0.011502400040626526,0.6706412434577942,0.37962695956230164,0.0047120600938797,0.6706476211547852,0.34945204854011536,-0.009094519540667534,0.6758686900138855,0.38655775785446167,-0.017967918887734413,0.6795668601989746,0.41861388087272644,-0.021386288106441498,0.6917785406112671,0.3808858394622803,0.0019309939816594124,0.6930599808692932,0.3461241126060486,-0.013382132165133953,0.6946128010749817,0.39557403326034546,-0.018367044627666473,0.694379448890686,0.4314369261264801,-0.01749042421579361,0.7123062014579773,0.386999249458313,-0.0032146486919373274,0.7143149375915527,0.3533838391304016,-0.01814788393676281,0.7110775113105774,0.40354815125465393,-0.014665772207081318,0.7075703144073486,0.4372318387031555,-0.007628731429576874,0.7320018410682678,0.3992350101470947,-0.009096900932490826,0.7321043610572815,0.36958959698677063,-0.017041338607668877,0.726382315158844,0.40086236596107483,-0.011973877437412739,0.7217466235160828,0.4232749044895172,-0.005763941444456577
8,0.29069408774375916,0.5016393661499023,-1.503573940908609e-07,0.3250899314880371,0.4759872555732727,-0.006365037523210049,0.3469218611717224,0.43028125166893005,-0.007506555411964655,0.3567204773426056,0.38185131549835205,-0.009877534583210945,0.3699937164783478,0.35283851623535156,-0.01142022106796503,0.3355424702167511,0.3877353370189667,0.005901189520955086,0.3379238247871399,0.36103492975234985,-0.007977797649800777,0.3310581147670746,0.3936188817024231,-0.01787162572145462,0.32580846548080444,0.42497682571411133,-0.021537698805332184,0.31624260544776917,0.38503408432006836,0.005066296551376581,0.3174644112586975,0.35627281665802,-0.01104927808046341,0.31423115730285645,0.4008904993534088,-0.017486076802015305,0.31217873096466064,0.43740832805633545,-0.017569610849022865,0.29859957098960876,0.3874458372592926,0.0016984124667942524,0.2987084686756134,0.3629678189754486,-0.013697279617190361,0.29879531264305115,0.4059477150440216,-0.01299321185797453,0.2986527681350708,0.4377523958683014,-0.007596272509545088,0.280272901058197,0.3929191827774048,-0.002229636535048485,0.28175950050354004,0.36780720949172974,-0.011532402597367764,0.28374266624450684,0.39876970648765564,-0.009061812423169613,0.2852483093738556,0.4227313697338104,-0.00403926195576787,0.699927568435669,0.5007019639015198,-3.266421231273853e-07,0.6713200211524963,0.467268705368042,-0.005463347304612398,0.6542654037475586,0.40807420015335083,-0.006196084897965193,0.6458196043968201,0.3628210723400116,-0.00859858188778162,0.6323891282081604,0.33931270241737366,-0.009853665716946125,0.6715666651725769,0.38010281324386597,0.0049329218454658985,0.6719821691513062,0.3498419523239136,-0.009032375179231167,0.6776725649833679,0.3884592652320862,-0.01759704388678074,0.6816149353981018,0.42103487253189087,-0.02069827727973461,0.6924261450767517,0.3816036283969879,0.0019170264713466167,0.6945206522941589,0.3469575047492981,-0.01346644852310419,0.6964650750160217,0.3973500430583954,-0.01800132356584072,0.6965291500091553,0.4320468604564667,-0.01678609289228916,0.7126964926719666,0.3880786597728729,-0.003426245180889964,0.7153511047363281,0.3559170365333557,-0.01808071695268154,0.7121328115463257,0.4059244692325592,-0.014142445288598537,0.7086716890335083,0.437315434217453,-0.006918014958500862,0.7321333885192871,0.40088269114494324,-0.009499817155301571,0.7328490018844604,0.3725844621658325,-0.016969718039035797,0.7270195484161377,0.40364283323287964,-0.011714245192706585,0.7223289608955383,0.42431238293647766,-0.005513167940080166
9,0.2908119261264801,0.49978548288345337,-1.543549785765208e-07,0.3253135085105896,0.47598403692245483,-0.006535555236041546,0.34725621342658997,0.43028271198272705,-0.007552845869213343,0.356963574886322,0.38172006607055664,-0.009767037816345692,0.3699221909046173,0.35250213742256165,-0.011210834607481956,0.33551695942878723,0.38848593831062317,0.0053561292588710785,0.3376770317554474,0.36095163226127625,-0.008443248458206654,0.3307235836982727,0.39285415410995483,-0.01814313232898712,0.3255041837692261,0.4244117736816406,-0.02163068763911724,0.31627193093299866,0.38570645451545715,0.004643989726901054,0.31730201840400696,0.35629546642303467,-0.011296610347926617,0.31423377990722656,0.39966434240341187,-0.017643045634031296,0.3124152719974518,0.43645158410072327,-0.017691820859909058,0.2988169491291046,0.3878050744533539,0.0013926872052252293,0.2987808287143707,0.3633151054382324,-0.013880363665521145,0.2989506125450134,0.40545016527175903,-0.013439356349408627,0.29899534583091736,0.43758776783943176,-0.00825533177703619,0.28077083826065063,0.39301109313964844,-0.0024366697762161493,0.28240540623664856,0.367423951625824,-0.011698585934937,0.28431713581085205,0.3976897895336151,-0.00947980023920536,0.2857033312320709,0.4222668707370758,-0.004679611884057522,0.7007701396942139,0.5002745985984802,-3.3275176747338264e-07,0.6719294786453247,0.4670615792274475,-0.005679985508322716,0.6544972658157349,0.40791186690330505,-0.006448135711252689,0.6456869840621948,0.3629446029663086,-0.008915950544178486,0.6324336528778076,0.33890974521636963,-0.010270711965858936,0.6720255613327026,0.3807966113090515,0.0052323127165436745,0.6717996001243591,0.3501857817173004,-0.008599145337939262,0.6775027513504028,0.3889419138431549,-0.01734142005443573,0.6816685199737549,0.4219077229499817,-0.02058498188853264,0.693133533000946,0.3820687234401703,0.0023514030035585165,0.6944868564605713,0.3465009331703186,-0.012612330727279186,0.6967983841896057,0.39655593037605286,-0.017202891409397125,0.6969490647315979,0.4320918619632721,-0.01612015813589096,0.7136215567588806,0.3882850706577301,-0.0029322330374270678,0.715387761592865,0.3552491068840027,-0.017064029350876808,0.7128214240074158,0.40479445457458496,-0.013346891850233078,0.7097195386886597,0.4369676113128662,-0.006420384626835585,0.7332829833030701,0.40095552802085876,-0.008994556963443756,0.7330172061920166,0.3713202476501465,-0.016034796833992004,0.727715015411377,0.4019451141357422,-0.010867409408092499,0.7234864830970764,0.4235442280769348,-0.0048589399084448814
10,0.2908119261264801,0.49978548288345337,-1.543549785765208e-07,0.3253135085105896,0.47598403692245483,-0.006535555236041546,0.34725621342658997,0.43028271198272705,-0.007552845869213343,0.356963574886322,0.38172006607055664,-0.009767037816345692,0.3699221909046173,0.35250213742256165,-0.011210834607481956,0.33551695942878723,0.38848593831062317,0.0053561292588710785,0.3376770317554474,0.36095163226127625,-0.008443248458206654,0.3307235836982727,0.39285415410995483,-0.01814313232898712,0.3255041837692261,0.4244117736816406,-0.02163068763911724,0.31627193093299866,0.38570645451545715,0.004643989726901054,0.31730201840400696,0.35629546642303467,-0.011296610347926617,0.31423377990722656,0.39966434240341187,-0.017643045634031296,0.3124152719974518,0.43645158410072327,-0.017691820859909058,0.2988169491291046,0.3878050744533539,0.0013926872052252293,0.2987808287143707,0.3633151054382324,-0.013880363665521145,0.2989506125450134,0.40545016527175903,-0.013439356349408627,0.29899534583091736,0.43758776783943176,-0.00825533177703619,0.28077083826065063,0.39301109313964844,-0.0024366697762161493,0.28240540623664856,0.367423951625824,-0.011698585934937,0.28431713581085205,0.3976897895336151,-0.00947980023920536,0.2857033312320709,0.4222668707370758,-0.004679611884057522,0.7007701396942139,0.5002745985984802,-3.3275176747338264e-07,0.6719294786453247,0.4670615792274475,-0.005679985508322716,0.6544972658157349,0.40791186690330505,-0.006448135711252689,0.6456869840621948,0.3629446029663086,-0.008915950544178486,0.6324336528778076,0.33890974521636963,-0.010270711965858936,0.6720255613327026,0.3807966113090515,0.0052323127165436745,0.6717996001243591,0.3501857817173004,-0.008599145337939262,0.6775027513504028,0.3889419138431549,-0.01734142005443573,0.6816685199737549,0.4219077229499817,-0.02058498188853264,0.693133533000946,0.3820687234401703,0.0023514030035585165,0.6944868564605713,0.3465009331703186,-0.012612330727279186,0.6967983841896057,0.39655593037605286,-0.017202891409397125,0.6969490647315979,0.4320918619632721,-0.01612015813589096,0.7136215567588806,0.3882850706577301,-0.0029322330374270678,0.715387761592865,0.3552491068840027,-0.017064029350876808,0.7128214240074158,0.40479445457458496,-0.013346891850233078,0.7097195386886597,0.4369676113128662,-0.006420384626835585,0.7332829833030701,0.40095552802085876,-0.008994556963443756,0.7330172061920166,0.3713202476501465,-0.016034796833992004,0.727715015411377,0.4019451141357422,-0.010867409408092499,0.7234864830970764,0.4235442280769348,-0.0048589399084448814
11,0.2903292179107666,0.5017219185829163,-1.3760673311935534e-07,0.3239339292049408,0.479450523853302,-0.00871888268738985,0.3458854854106903,0.43426787853240967,-0.010894191451370716,0.3552388548851013,0.38453251123428345,-0.01374015025794506,0.36746394634246826,0.3529362976551056,-0.015167606994509697,0.33526235818862915,0.39256441593170166,0.0024993442930281162,0.33895018696784973,0.36125046014785767,-0.012491460889577866,0.33213838934898376,0.39524149894714355,-0.021899309009313583,0.32680317759513855,0.4262999892234802,-0.02519875578582287,0.31553786993026733,0.3885486423969269,0.002150557702407241,0.3177844285964966,0.35723423957824707,-0.015656502917408943,0.31414932012557983,0.4029387831687927,-0.022211670875549316,0.31112170219421387,0.43756720423698425,-0.022246235981583595,0.29736173152923584,0.38975656032562256,-0.0008346556569449604,0.2972044050693512,0.36346668004989624,-0.01827245019376278,0.2970066964626312,0.4091045558452606,-0.017004406079649925,0.29665109515190125,0.4404004216194153,-0.010827751830220222,0.27844956517219543,0.39401787519454956,-0.004532696679234505,0.27928468585014343,0.36699768900871277,-0.015418102964758873,0.2816890776157379,0.39917317032814026,-0.013054467737674713,0.2832915484905243,0.42309731245040894,-0.007901877164840698,0.7016264796257019,0.5011653900146484,-3.0564729058824014e-07,0.6732053756713867,0.46911516785621643,-0.006623358931392431,0.6557848453521729,0.4089323878288269,-0.00797357503324747,0.6469628214836121,0.3639792203903198,-0.010732568800449371,0.6331232786178589,0.34123727679252625,-0.012289992533624172,0.6728235483169556,0.3801032304763794,0.003679591463878751,0.6727811098098755,0.3513559401035309,-0.010584657080471516,0.6792129278182983,0.3903801739215851,-0.019334349781274796,0.6838799715042114,0.4232088327407837,-0.022495144978165627,0.6938983798027039,0.3815459609031677,0.0012236658949404955,0.6952759623527527,0.34949660301208496,-0.014017563313245773,0.6978527903556824,0.3990512192249298,-0.018496505916118622,0.6987299919128418,0.4334999918937683,-0.01728246547281742,0.7143322229385376,0.3883930444717407,-0.0036897326353937387,0.7162152528762817,0.3576646149158478,-0.018221333622932434,0.7135963439941406,0.4068867564201355,-0.01462092250585556,0.7109673023223877,0.43833211064338684,-0.007629429455846548,0.7339564561843872,0.4016633927822113,-0.00942264311015606,0.7333420515060425,0.37495914101600647,-0.01679789088666439,0.7280529141426086,0.40527552366256714,-0.011891228146851063,0.7244614958763123,0.4257778227329254,-0.005906397011131048
12,0.28870075941085815,0.5019466876983643,-1.475614084256449e-07,0.3224569857120514,0.47999122738838196,-0.008869485929608345,0.34444543719291687,0.4336020350456238,-0.01106798741966486,0.3539431691169739,0.38379305601119995,-0.013773985207080841,0.3661409616470337,0.35186567902565,-0.014910570345818996,0.3347669839859009,0.3922945261001587,0.0018725579138845205,0.3381110429763794,0.36037594079971313,-0.01294728647917509,0.33117225766181946,0.39435482025146484,-0.021745378151535988,0.3261498510837555,0.4246833920478821,-0.02462613768875599,0.31485146284103394,0.3878868818283081,0.0016151657328009605,0.31682440638542175,0.35625407099723816,-0.01587132178246975,0.3129817843437195,0.4020296037197113,-0.02170625701546669,0.31039491295814514,0.43503591418266296,-0.02127009630203247,0.29644161462783813,0.3888266086578369,-0.0012787776067852974,0.29630962014198303,0.3637380599975586,-0.018815867602825165,0.29572048783302307,0.40969520807266235,-0.01697533018887043,0.2954445481300354,0.4392043948173523,-0.010365666821599007,0.2774440050125122,0.3931824564933777,-0.004848704673349857,0.2787562310695648,0.36584779620170593,-0.01574368216097355,0.28048256039619446,0.3985089659690857,-0.012892202474176884,0.2815096974372864,0.42129939794540405,-0.007341132033616304,0.7022767663002014,0.5011566281318665,-3.089721758442465e-07,0.6733912825584412,0.4694337248802185,-0.00622222013771534,0.655166745185852,0.410015732049942,-0.007213287986814976,0.6459143757820129,0.36571767926216125,-0.009690009988844395,0.6317247152328491,0.34466904401779175,-0.011047150939702988,0.6723904013633728,0.38212934136390686,0.0040480708703398705,0.6723544001579285,0.3532854914665222,-0.009987651370465755,0.6789403557777405,0.3913910984992981,-0.01865563355386257,0.6837365627288818,0.42403164505958557,-0.021868819370865822,0.6937043070793152,0.3829958140850067,0.0013403980992734432,0.6951426267623901,0.350820392370224,-0.013870038092136383,0.6980501413345337,0.4001428186893463,-0.01839451864361763,0.6989702582359314,0.4346923828125,-0.01727083884179592,0.7143540978431702,0.3894401490688324,-0.0037669127341359854,0.7164632678031921,0.35843783617019653,-0.018245838582515717,0.7141849994659424,0.40766972303390503,-0.014485454186797142,0.7114302515983582,0.43893861770629883,-0.0074864462949335575,0.7341176867485046,0.4027217626571655,-0.009685264900326729,0.7343560457229614,0.3757787048816681,-0.01706412434577942,0.7289060950279236,0.40631937980651855,-0.012007476761937141,0.7247313261032104,0.4267149567604065,-0.006004162132740021
13,0.28870075941085815,0.5019466876983643,-1.475614084256449e-07,0.3224569857120514,0.47999122738838196,-0.008869485929608345,0.34444543719291687,0.4336020350456238,-0.01106798741966486,0.3539431691169739,0.38379305601119995,-0.013773985207080841,0.3661409616470337,0.35186567902565,-0.014910570345818996,0.3347669839859009,0.3922945261001587,0.0018725579138845205,0.3381110429763794,0.36037594079971313,-0.01294728647917509,0.33117225766181946,0.39435482025146484,-0.021745378151535988,0.3261498510837555,0.4246833920478821,-0.02462613768875599,0.31485146284103394,0.3878868818283081,0.0016151657328009605,0.31682440638542175,0.35625407099723816,-0.01587132178246975,0.3129817843437195,0.4020296037197113,-0.02170625701546669,0.31039491295814514,0.43503591418266296,-0.02127009630203247,0.29644161462783813,0.3888266086578369,-0.0012787776067852974,0.29630962014198303,0.3637380599975586,-0.018815867602825165,0.29572048783302307,0.40969520807266235,-0.01697533018887043,0.2954445481300354,0.4392043948173523,-0.010365666821599007,0.2774440050125122,0.3931824564933777,-0.004848704673349857,0.2787562310695648,0.36584779620170593,-0.01574368216097355,0.28048256039619446,0.3985089659690857,-0.012892202474176884,0.2815096974372864,0.42129939794540405,-0.007341132033616304,0.7022767663002014,0.5011566281318665,-3.089721758442465e-07,0.6733912825584412,0.4694337248802185,-0.00622222013771534,0.655166745185852,0.410015732049942,-0.007213287986814976,0.6459143757820129,0.36571767926216125,-0.009690009988844395,0.6317247152328491,0.34466904401779175,-0.011047150939702988,0.6723904013633728,0.38212934136390686,0.0040480708703398705,0.6723544001579285,0.3532854914665222,-0.009987651370465755,0.6789403557777405,0.3913910984992981,-0.01865563355386257,0.6837365627288818,0.42403164505958557,-0.021868819370865822,0.6937043070793152,0.3829958140850067,0.0013403980992734432,0.6951426267623901,0.350820392370224,-0.013870038092136383,0.6980501413345337,0.4001428186893463,-0.01839451864361763,0.6989702582359314,0.4346923828125,-0.01727083884179592,0.7143540978431702,0.3894401490688324,-0.0037669127341359854,0.7164632678031921,0.35843783617019653,-0.018245838582515717,0.7141849994659424,0.40766972303390503,-0.014485454186797142,0.7114302515983582,0.43893861770629883,-0.0074864462949335575,0.7341176867485046,0.4027217626571655,-0.009685264900326729,0.7343560457229614,0.3757787048816681,-0.01706412434577942,0.7289060950279236,0.40631937980651855,-0.012007476761937141,0.7247313261032104,0.4267149567604065,-0.006004162132740021
14,0.28963702917099,0.4997812807559967,-1.5796682362179126e-07,0.32287147641181946,0.47565653920173645,-0.007784560788422823,0.34500035643577576,0.4304083287715912,-0.00963758397847414,0.35464534163475037,0.38297533988952637,-0.01223066821694374,0.3665761947631836,0.35188761353492737,-0.0137317581102252,0.3332180380821228,0.38941478729248047,0.0027479229029268026,0.3359059691429138,0.35989969968795776,-0.011633604764938354,0.32942450046539307,0.3927851915359497,-0.02112654596567154,0.32472729682922363,0.4239181578159332,-0.02441384643316269,0.31355714797973633,0.3859332203865051,0.002423995640128851,0.31522244215011597,0.35626089572906494,-0.013872413896024227,0.31207045912742615,0.4004283547401428,-0.019731823354959488,0.3101651668548584,0.4357365667819977,-0.019483039155602455,0.29569220542907715,0.38765624165534973,-0.00043690946768037975,0.2955854535102844,0.36423027515411377,-0.01609490066766739,0.29594072699546814,0.40705692768096924,-0.014863133430480957,0.29619112610816956,0.43756258487701416,-0.009124084375798702,0.27760815620422363,0.3927555978298187,-0.00395363150164485,0.27843716740608215,0.36697378754615784,-0.013227995485067368,0.2804523706436157,0.39739471673965454,-0.010376795195043087,0.2816786766052246,0.42038825154304504,-0.0051649585366249084,0.7028912901878357,0.5042470097541809,-2.9599826234516513e-07,0.673883318901062,0.4704802334308624,-0.005828430876135826,0.6558732390403748,0.4092019200325012,-0.006799750030040741,0.6463617086410522,0.3642089366912842,-0.009253617376089096,0.6317026615142822,0.34420251846313477,-0.010647397488355637,0.6728407144546509,0.3818390667438507,0.003480770392343402,0.672692596912384,0.3536909818649292,-0.009692865423858166,0.6798126101493835,0.3920447528362274,-0.0174422524869442,0.6846233606338501,0.4243650734424591,-0.020103659480810165,0.6940402388572693,0.38377055525779724,0.0008849959122017026,0.6947219371795654,0.3518409729003906,-0.013494215905666351,0.6979100108146667,0.4004969298839569,-0.01766832545399666,0.6988756060600281,0.43469107151031494,-0.016517195850610733,0.7148455381393433,0.3909943997859955,-0.0039041524287313223,0.7159464955329895,0.3607817590236664,-0.017802871763706207,0.7137727737426758,0.4097125232219696,-0.014326943084597588,0.710965633392334,0.44143447279930115,-0.007639951538294554,0.7348942160606384,0.4049033224582672,-0.009415092878043652,0.7341338396072388,0.3760981261730194,-0.016484811902046204,0.7290893197059631,0.40631723403930664,-0.011601565405726433,0.7253817915916443,0.4274654686450958,-0.005797151476144791
15,0.28912845253944397,0.5011307597160339,-1.6991177176350902e-07,0.32273855805397034,0.4769018590450287,-0.008249551057815552,0.3451852798461914,0.43236008286476135,-0.010518520139157772,0.3547678291797638,0.3837672472000122,-0.013551320880651474,0.3681221902370453,0.35333603620529175,-0.015457654371857643,0.33420658111572266,0.3882366418838501,0.00348423863761127,0.33682093024253845,0.3606405556201935,-0.011282588355243206,0.32974478602409363,0.3941681683063507,-0.021082868799567223,0.3248419761657715,0.4253411293029785,-0.024547947570681572,0.3145527243614197,0.38391369581222534,0.003280262928456068,0.3159960210323334,0.357405424118042,-0.013383163139224052,0.3122375011444092,0.4023764133453369,-0.01940924860537052,0.3101462125778198,0.43740028142929077,-0.019213000312447548,0.29691487550735474,0.38509559631347656,0.0003657845372799784,0.2968817353248596,0.3632164001464844,-0.016038086265325546,0.29647332429885864,0.4069918096065521,-0.014829851686954498,0.29638734459877014,0.4380912780761719,-0.008879761211574078,0.2790461480617523,0.3901371955871582,-0.0032394116278737783,0.28027281165122986,0.3645516037940979,-0.0133343655616045,0.28144001960754395,0.3963997960090637,-0.010581359267234802,0.2822890281677246,0.42026180028915405,-0.005158134736120701,0.7028376460075378,0.5050652623176575,-2.853701062122127e-07,0.6740688681602478,0.47031068801879883,-0.005742535460740328,0.6562343239784241,0.4098617136478424,-0.006774876732379198,0.6466418504714966,0.3650689721107483,-0.009428076446056366,0.6321538090705872,0.343728244304657,-0.011111650615930557,0.6736106276512146,0.3841143846511841,0.004380900412797928,0.6735771894454956,0.35466617345809937,-0.008214564062654972,0.6800047755241394,0.39162713289260864,-0.016044119372963905,0.6846160888671875,0.4245935380458832,-0.018855294212698936,0.6945266723632812,0.38594338297843933,0.001985723851248622,0.6944099068641663,0.3525735139846802,-0.011950119398534298,0.6975799202919006,0.39982637763023376,-0.016569623723626137,0.6989579796791077,0.43522346019744873,-0.015802763402462006,0.7150789499282837,0.3927208185195923,-0.0026098794769495726,0.715240478515625,0.3603334128856659,-0.015871679410338402,0.7136366963386536,0.4077168107032776,-0.013086613267660141,0.7113232612609863,0.4410654306411743,-0.0070209079422056675,0.7347215414047241,0.4060923457145691,-0.007956624031066895,0.7335939407348633,0.37545448541641235,-0.015001589432358742,0.7284466624259949,0.40500566363334656,-0.010733037255704403,0.7247884273529053,0.4283027946949005,-0.00538394320756197
16,0.29000499844551086,0.5001353621482849,-1.382008605332885e-07,0.323231041431427,0.4795423448085785,-0.009394440799951553,0.3457510471343994,0.43562009930610657,-0.011894282884895802,0.3552568852901459,0.38542985916137695,-0.01481928862631321,0.36792296171188354,0.35442936420440674,-0.016312727704644203,0.33607426285743713,0.3918597400188446,0.0021023042500019073,0.33915793895721436,0.362259179353714,-0.013265268877148628,0.3318309187889099,0.396411657333374,-0.023060457780957222,0.32645273208618164,0.42810001969337463,-0.026496674865484238,0.31603774428367615,0.38704997301101685,0.0021758449729532003,0.31786659359931946,0.3568258583545685,-0.015997042879462242,0.3139551877975464,0.4024909734725952,-0.02273431420326233,0.311174601316452,0.43834054470062256,-0.022670503705739975,0.2979288101196289,0.3881227970123291,-0.0004751911910716444,0.2972617745399475,0.3637807369232178,-0.01799958199262619,0.29698750376701355,0.4088560938835144,-0.017045825719833374,0.29699307680130005,0.4406752288341522,-0.010958049446344376,0.2793077826499939,0.3926837742328644,-0.0038858377374708652,0.2797258496284485,0.3669317364692688,-0.014717823825776577,0.2814916968345642,0.39858126640319824,-0.012573565356433392,0.28327643871307373,0.422405868768692,-0.007474584970623255,0.7026010751724243,0.5049577951431274,-2.9795958766953845e-07,0.6741783022880554,0.4692292809486389,-0.004229546524584293,0.6567291021347046,0.41103455424308777,-0.004842799622565508,0.6476184725761414,0.36727944016456604,-0.007315835449844599,0.6340966820716858,0.3449572026729584,-0.008904954418540001,0.6737332344055176,0.3840041160583496,0.004782266449183226,0.6735689043998718,0.35404887795448303,-0.0074035851284861565,0.6802406311035156,0.3910170793533325,-0.014906071126461029,0.6849731802940369,0.4246964156627655,-0.017541468143463135,0.6944190263748169,0.38613659143447876,0.0018258235650137067,0.6944900155067444,0.35282832384109497,-0.011490444652736187,0.6977570056915283,0.3997638523578644,-0.01592673920094967,0.6988550424575806,0.43521401286125183,-0.015294174663722515,0.7150845527648926,0.392880916595459,-0.003096622182056308,0.7153118252754211,0.36052870750427246,-0.015641212463378906,0.7136254906654358,0.4077567160129547,-0.012670658528804779,0.7111203074455261,0.44094008207321167,-0.006775869056582451,0.7349886298179626,0.4064147174358368,-0.008649567142128944,0.7338131666183472,0.3755318820476532,-0.015318108722567558,0.7283430099487305,0.4049590229988098,-0.010917536914348602,0.7242814898490906,0.4283321499824524,-0.005612185224890709
17,0.29000499844551086,0.5001353621482849,-1.382008605332885e-07,0.323231041431427,0.4795423448085785,-0.009394440799951553,0.3457510471343994,0.43562009930610657,-0.011894282884895802,0.3552568852901459,0.38542985916137695,-0.01481928862631321,0.36792296171188354,0.35442936420440674,-0.016312727704644203,0.33607426285743713,0.3918597400188446,0.0021023042500019073,0.33915793895721436,0.362259179353714,-0.013265268877148628,0.3318309187889099,0.396411657333374,-0.023060457780957222,0.32645273208618164,0.42810001969337463,-0.026496674865484238,0.31603774428367615,0.38704997301101685,0.0021758449729532003,0.31786659359931946,0.3568258583545685,-0.015997042879462242,0.3139551877975464,0.4024909734725952,-0.02273431420326233,0.311174601316452,0.43834054470062256,-0.022670503705739975,0.2979288101196289,0.3881227970123291,-0.0004751911910716444,0.2972617745399475,0.3637807369232178,-0.01799958199262619,0.29698750376701355,0.4088560938835144,-0.017045825719833374,0.29699307680130005,0.4406752288341522,-0.010958049446344376,0.2793077826499939,0.3926837742328644,-0.0038858377374708652,0.2797258496284485,0.3669317364692688,-0.014717823825776577,0.2814916968345642,0.39858126640319824,-0.012573565356433392,0.28327643871307373,0.422405868768692,-0.007474584970623255,0.7026010751724243,0.5049577951431274,-2.9795958766953845e-07,0.6741783022880554,0.4692292809486389,-0.004229546524584293,0.6567291021347046,0.41103455424308777,-0.004842799622565508,0.6476184725761414,0.36727944016456604,-0.007315835449844599,0.6340966820716858,0.3449572026729584,-0.008904954418540001,0.6737332344055176,0.3840041160583496,0.004782266449183226,0.6735689043998718,0.35404887795448303,-0.0074035851284861565,0.6802406311035156,0.3910170793533325,-0.014906071126461029,0.6849731802940369,0.4246964156627655,-0.017541468143463135,0.6944190263748169,0.38613659143447876,0.0018258235650137067,0.6944900155067444,0.35282832384109497,-0.011490444652736187,0.6977570056915283,0.3997638523578644,-0.01592673920094967,0.6988550424575806,0.43521401286125183,-0.015294174663722515,0.7150845527648926,0.392880916595459,-0.003096622182056308,0.7153118252754211,0.36052870750427246,-0.015641212463378906,0.7136254906654358,0.4077567160129547,-0.012670658528804779,0.7111203074455261,0.44094008207321167,-0.006775869056582451,0.7349886298179626,0.4064147174358368,-0.008649567142128944,0.7338131666183472,0.3755318820476532,-0.015318108722567558,0.7283430099487305,0.4049590229988098,-0.010917536914348602,0.7242814898490906,0.4283321499824524,-0.005612185224890709
18,0.28884053230285645,0.5020266175270081,-1.5944317510729888e-07,0.32327529788017273,0.47919589281082153,-0.008637318387627602,0.34532397985458374,0.4347366690635681,-0.010992315597832203,0.35514408349990845,0.3861011266708374,-0.01413520984351635,0.3683784604072571,0.35472479462623596,-0.015959011390805244,0.33465349674224854,0.3917486071586609,0.003523222403600812,0.3376043438911438,0.3617650866508484,-0.011754642240703106,0.3304992616176605,0.39540889859199524,-0.021747104823589325,0.325291246175766,0.4265122711658478,-0.02524840086698532,0.31484436988830566,0.38712379336357117,0.0032706307247281075,0.31646525859832764,0.3582230508327484,-0.013944661244750023,0.31280583143234253,0.4027646481990814,-0.020517287775874138,0.31030914187431335,0.436970591545105,-0.020662829279899597,0.29681503772735596,0.3880312442779541,0.00020891132589895278,0.29647812247276306,0.3647502660751343,-0.016939787194132805,0.29645222425460815,0.4089077115058899,-0.016201380640268326,0.2965555191040039,0.4397376477718353,-0.010402126237750053,0.2788022756576538,0.3925328850746155,-0.0035500212106853724,0.27982297539711,0.36554136872291565,-0.013930394314229488,0.2813885807991028,0.3968115448951721,-0.011451547034084797,0.28246966004371643,0.4206438660621643,-0.006262038368731737,0.7029250860214233,0.5061370134353638,-2.946523807167978e-07,0.6741062998771667,0.47032052278518677,-0.004420568235218525,0.6567975878715515,0.41232895851135254,-0.005293169524520636,0.6474680304527283,0.36778023838996887,-0.008096322417259216,0.6339107751846313,0.3434903621673584,-0.010037625208497047,0.6735990047454834,0.383768230676651,0.005027859937399626,0.6733301281929016,0.35405293107032776,-0.007426180876791477,0.6799839735031128,0.3906744122505188,-0.01517578400671482,0.6847155690193176,0.4242760241031647,-0.01795363239943981,0.6943449378013611,0.3859269618988037,0.0021127776708453894,0.6940205097198486,0.3530920445919037,-0.01153496839106083,0.6972771883010864,0.40057122707366943,-0.016238095238804817,0.6987841129302979,0.43561017513275146,-0.01576303504407406,0.7151583433151245,0.3927951753139496,-0.0028281642589718103,0.714910089969635,0.36055734753608704,-0.015863848850131035,0.7135127186775208,0.40850141644477844,-0.01310004573315382,0.7116038203239441,0.4414958953857422,-0.007250904571264982,0.7350289225578308,0.40636083483695984,-0.008379688486456871,0.7338193655014038,0.3754208981990814,-0.015271537937223911,0.7287136316299438,0.40503787994384766,-0.010882618837058544,0.7254049777984619,0.42812439799308777,-0.005537762306630611
19,0.29042381048202515,0.5017225742340088,-1.4727500285971473e-07,0.32463234663009644,0.47841814160346985,-0.007155524101108313,0.3470610976219177,0.4357134997844696,-0.008333085104823112,0.3565233051776886,0.3873593509197235,-0.010557733476161957,0.36931124329566956,0.35730820894241333,-0.011750330217182636,0.3351019620895386,0.3939000964164734,0.005229828413575888,0.3375886082649231,0.3635035753250122,-0.008746368810534477,0.3303699493408203,0.3966991603374481,-0.018078792840242386,0.32548272609710693,0.42903950810432434,-0.021197525784373283,0.3158697783946991,0.3904792070388794,0.004844073671847582,0.3167330324649811,0.35905712842941284,-0.01162461657077074,0.3134057819843292,0.40274283289909363,-0.01785697601735592,0.31211408972740173,0.43907201290130615,-0.01750962808728218,0.29830825328826904,0.39193812012672424,0.0018397842068225145,0.297632098197937,0.3661951422691345,-0.01395475398749113,0.29771336913108826,0.4086945652961731,-0.01316594798117876,0.29841122031211853,0.44037166237831116,-0.0074425083585083485,0.2802048623561859,0.3963673710823059,-0.0017771093407645822,0.2812883257865906,0.37016451358795166,-0.011238353326916695,0.2829384207725525,0.4003134071826935,-0.008769648149609566,0.2847297191619873,0.4244370758533478,-0.0035806673113256693,0.7028624415397644,0.5052087306976318,-3.1931213584357465e-07,0.6738154292106628,0.47186779975891113,-0.005548328161239624,0.6564667224884033,0.4125189781188965,-0.00656141759827733,0.6478770971298218,0.3669782876968384,-0.009157832711935043,0.6341103315353394,0.3445524573326111,-0.010741370730102062,0.673537015914917,0.38309550285339355,0.0037127919495105743,0.673037588596344,0.35366204380989075,-0.00982964038848877,0.6797467470169067,0.3919810354709625,-0.017767295241355896,0.6846839189529419,0.4247964918613434,-0.02044006623327732,0.6946749687194824,0.38443833589553833,0.0010612467303872108,0.6953114867210388,0.35172536969184875,-0.013565020635724068,0.6982539892196655,0.40139350295066833,-0.017705850303173065,0.6992878317832947,0.43576061725616455,-0.016500351950526237,0.7154684662818909,0.39089176058769226,-0.003790682414546609,0.7160706520080566,0.361354261636734,-0.01787552982568741,0.7138521075248718,0.4106963872909546,-0.014375342056155205,0.7115098834037781,0.44203680753707886,-0.0076433648355305195,0.7355647683143616,0.4039499759674072,-0.009335820563137531,0.73421710729599,0.3748887777328491,-0.016491033136844635,0.7292977571487427,0.4057416021823883,-0.01161973737180233,0.7259553074836731,0.42706528306007385,-0.0057979486882686615
20,0.2907690703868866,0.5017500519752502,-1.4173463114275364e-07,0.32447296380996704,0.4796781837940216,-0.008372186683118343,0.3462052047252655,0.43649822473526,-0.010208462364971638,0.3554951250553131,0.3878103494644165,-0.012804608792066574,0.3676265478134155,0.3573652505874634,-0.014145704917609692,0.3350353538990021,0.395204097032547,0.003672364866361022,0.338661789894104,0.36497196555137634,-0.011184770613908768,0.33079689741134644,0.3976614773273468,-0.02084486559033394,0.32484564185142517,0.42919912934303284,-0.024069154635071754,0.3154674172401428,0.39115703105926514,0.0035871618892997503,0.3171074092388153,0.3597929775714874,-0.013811706565320492,0.3130069375038147,0.4033466875553131,-0.020311469212174416,0.310683012008667,0.43964606523513794,-0.020115705206990242,0.29748690128326416,0.3921627104282379,0.0007611851906403899,0.29710933566093445,0.3670770823955536,-0.0157290268689394,0.2966820001602173,0.4097013771533966,-0.014972019009292126,0.29687783122062683,0.44133704900741577,-0.009173283353447914,0.27871638536453247,0.39607006311416626,-0.0027962683234363794,0.2789301872253418,0.36859267950057983,-0.012553520500659943,0.28094398975372314,0.39850908517837524,-0.010313581675291061,0.2830337584018707,0.422826886177063,-0.005330102983862162,0.7023149728775024,0.5038184523582458,-3.1813578971195966e-07,0.6731082201004028,0.4692865014076233,-0.004996796138584614,0.6555922031402588,0.40864914655685425,-0.0056203873828053474,0.6466259956359863,0.36387890577316284,-0.007945336401462555,0.6323871612548828,0.34314897656440735,-0.009345527738332748,0.673475444316864,0.3816605806350708,0.004634319804608822,0.6724652647972107,0.3540720045566559,-0.008826818317174911,0.6787736415863037,0.39295822381973267,-0.016865182667970657,0.6836499571800232,0.42567315697669983,-0.01960899867117405,0.6944350004196167,0.3838469982147217,0.0017247672658413649,0.6945255398750305,0.35199394822120667,-0.012854119762778282,0.6969552636146545,0.40095022320747375,-0.01704527623951435,0.6981163620948792,0.43509361147880554,-0.015823105350136757,0.715266227722168,0.3909737467765808,-0.003408612683415413,0.7154741287231445,0.3609895408153534,-0.01753675751388073,0.7129771709442139,0.40980422496795654,-0.014194999821484089,0.710839569568634,0.44130995869636536,-0.007506969850510359,0.7355141639709473,0.40454134345054626,-0.009174027480185032,0.7333095073699951,0.375107079744339,-0.016435205936431885,0.7283393144607544,0.4058641493320465,-0.011657231487333775,0.725568413734436,0.4275886118412018,-0.005867861211299896
21,0.29002973437309265,0.5049577355384827,-1.3862019443422469e-07,0.32347187399864197,0.48004889488220215,-0.007457761559635401,0.3459430932998657,0.43674078583717346,-0.009158847853541374,0.3554391860961914,0.38904809951782227,-0.011792998760938644,0.3676571846008301,0.35743919014930725,-0.013462369330227375,0.33375439047813416,0.3944728374481201,0.003938658628612757,0.33650627732276917,0.3655874729156494,-0.010207020677626133,0.3300095200538635,0.3994024395942688,-0.019849024713039398,0.3251732587814331,0.43164750933647156,-0.023243902251124382,0.3146403431892395,0.39132076501846313,0.0034838372375816107,0.3157365024089813,0.3612452745437622,-0.012792835012078285,0.3129698932170868,0.4055933356285095,-0.018980970606207848,0.31166502833366394,0.4420764446258545,-0.018787534907460213,0.29698649048805237,0.3931669592857361,0.00047644146252423525,0.29650014638900757,0.36844587326049805,-0.015070155262947083,0.2969629764556885,0.411575049161911,-0.013983218930661678,0.29769769310951233,0.4436030983924866,-0.008256454952061176,0.27891409397125244,0.3980120122432709,-0.0031865728087723255,0.27926602959632874,0.37301671504974365,-0.012541458941996098,0.28108569979667664,0.403542160987854,-0.009797667153179646,0.28294533491134644,0.4274595379829407,-0.0045115891844034195,0.701691210269928,0.5043188333511353,-3.422603356284526e-07,0.671701192855835,0.4697096347808838,-0.004789454396814108,0.6544512510299683,0.41029903292655945,-0.0051042744889855385,0.646403431892395,0.36565905809402466,-0.007242993451654911,0.6330705285072327,0.34257474541664124,-0.008438617922365665,0.672335147857666,0.3836684823036194,0.004925308283418417,0.6715960502624512,0.35314762592315674,-0.008439547382295132,0.6784325838088989,0.3924930989742279,-0.016543326899409294,0.683568000793457,0.4254043996334076,-0.019342008978128433,0.6935864686965942,0.3849962651729584,0.001936634536832571,0.6941508650779724,0.351591557264328,-0.012690361589193344,0.6970539093017578,0.4012446999549866,-0.017100928351283073,0.6978311538696289,0.43622317910194397,-0.016062678769230843,0.7146196365356445,0.39077019691467285,-0.0032472938764840364,0.7150418162345886,0.35898956656455994,-0.017304962500929832,0.7125483751296997,0.4088756740093231,-0.014030054211616516,0.7102148532867432,0.44172483682632446,-0.007418010383844376,0.7351117730140686,0.40285637974739075,-0.009087788872420788,0.7328718900680542,0.3727470636367798,-0.01652362570166588,0.727417528629303,0.4045977294445038,-0.011870349757373333,0.724043071269989,0.42823171615600586,-0.006129129324108362
22,0.28853318095207214,0.5026144981384277,-1.582656210530331e-07,0.3200434744358063,0.48151081800460815,-0.007343724370002747,0.3426903784275055,0.43652355670928955,-0.009061829186975956,0.3526282012462616,0.39081794023513794,-0.011602925136685371,0.36373960971832275,0.35801804065704346,-0.013316738419234753,0.3310474753379822,0.3966742753982544,0.0010393059346824884,0.33365216851234436,0.3655581772327423,-0.012678389437496662,0.32706335186958313,0.3978399336338043,-0.020893363282084465,0.32152530550956726,0.43072715401649475,-0.023105544969439507,0.3119403123855591,0.3935232162475586,0.0006287817377597094,0.31266769766807556,0.36277756094932556,-0.014828509651124477,0.30926477909088135,0.4069459140300751,-0.019456062465906143,0.30752846598625183,0.44315940141677856,-0.018160251900553703,0.2935308814048767,0.3947423994541168,-0.00213026930578053,0.2931217551231384,0.37022972106933594,-0.017391851171851158,0.29302671551704407,0.4158690571784973,-0.015302928164601326,0.29376813769340515,0.448132187128067,-0.008853732608258724,0.2748664915561676,0.3987797498703003,-0.005419835448265076,0.2753458619117737,0.3728654086589813,-0.014587195590138435,0.2770388424396515,0.4042688012123108,-0.011073875240981579,0.278443306684494,0.42792031168937683,-0.0051970952190458775,0.7000009417533875,0.5031346678733826,-3.3599010862417344e-07,0.6702948212623596,0.47147974371910095,-0.005450183525681496,0.6526155471801758,0.4108467400074005,-0.00581748504191637,0.6443715691566467,0.36495402455329895,-0.007835819385945797,0.6302981376647949,0.34372150897979736,-0.008816007524728775,0.6702460050582886,0.3828650116920471,0.004932973068207502,0.6698635816574097,0.3526836335659027,-0.008857429958879948,0.6761764883995056,0.39192259311676025,-0.0171890240162611,0.6810568571090698,0.4251212477684021,-0.020076356828212738,0.691340446472168,0.38337090611457825,0.0023594286758452654,0.6913222670555115,0.35047537088394165,-0.012803453020751476,0.6939032077789307,0.40077221393585205,-0.017201969400048256,0.6951818466186523,0.4356864094734192,-0.01583993062376976,0.712472677230835,0.38872408866882324,-0.00256543792784214,0.7117977738380432,0.3591841459274292,-0.017152128741145134,0.7090784311294556,0.40939781069755554,-0.013928293250501156,0.7075246572494507,0.44149452447891235,-0.007069065701216459,0.7334351539611816,0.40058544278144836,-0.00818326510488987,0.7296239137649536,0.3736153841018677,-0.01582597941160202,0.7239066362380981,0.40631985664367676,-0.011450064368546009,0.7213214635848999,0.4289386570453644,-0.005790116265416145
23,0.2874772250652313,0.5038444995880127,-1.6667441116169357e-07,0.3199418783187866,0.4838762879371643,-0.007809778209775686,0.3426997661590576,0.43830952048301697,-0.009449361823499203,0.35227495431900024,0.3915550708770752,-0.011645241640508175,0.36423859000205994,0.3606466054916382,-0.012721700593829155,0.3302488923072815,0.3969804048538208,0.000538170279469341,0.3339213728904724,0.36753708124160767,-0.013213789090514183,0.32668212056159973,0.4020195007324219,-0.02073022723197937,0.32069364190101624,0.43355193734169006,-0.022594396024942398,0.3112002909183502,0.39436405897140503,0.00028054375434294343,0.31261447072029114,0.36351001262664795,-0.01576852984726429,0.30896052718162537,0.41035863757133484,-0.019826732575893402,0.30672696232795715,0.44564056396484375,-0.01795545406639576,0.2931396961212158,0.3959490954875946,-0.0023743370547890663,0.29258161783218384,0.3705727756023407,-0.01816674694418907,0.29273396730422974,0.4177197515964508,-0.015327155590057373,0.2932906746864319,0.4488859176635742,-0.008290501311421394,0.27457696199417114,0.4005865752696991,-0.005593824665993452,0.2748005986213684,0.37460362911224365,-0.015130848623812199,0.27654626965522766,0.4076048731803894,-0.011424342170357704,0.27796274423599243,0.43099597096443176,-0.0053957984782755375,0.6985145807266235,0.5031695365905762,-3.3235028240596876e-07,0.6692315340042114,0.4703347980976105,-0.0058267125859856606,0.6515328884124756,0.4106272757053375,-0.0067109339870512486,0.6431844234466553,0.36572694778442383,-0.009281073696911335,0.6292755603790283,0.3436301350593567,-0.010779419913887978,0.6685752272605896,0.38297316431999207,0.004178573843091726,0.6689562797546387,0.3543609380722046,-0.00962829776108265,0.6754872798919678,0.39315322041511536,-0.018080631271004677,0.6799159646034241,0.4256274998188019,-0.021105961874127388,0.6896134614944458,0.38408976793289185,0.0014802494551986456,0.6903602480888367,0.3521057069301605,-0.013504981994628906,0.6928277015686035,0.4016885757446289,-0.01792977564036846,0.6930858492851257,0.43677639961242676,-0.016782909631729126,0.7106148600578308,0.3896131217479706,-0.003568602493032813,0.7111770510673523,0.3600168526172638,-0.018158750608563423,0.7084186673164368,0.40977296233177185,-0.0149805573746562,0.705486536026001,0.44295549392700195,-0.008215457201004028,0.7311610579490662,0.40130385756492615,-0.009351965971291065,0.7294740676879883,0.3740500807762146,-0.01711260713636875,0.7240698337554932,0.40531307458877563,-0.012613150291144848,0.7201232314109802,0.42841267585754395,-0.006852334830909967
24,0.28743699193000793,0.5033249855041504,-1.5971002653714095e-07,0.319304883480072,0.48493099212646484,-0.007829634472727776,0.34202173352241516,0.43920639157295227,-0.009285598993301392,0.3519037365913391,0.3926772177219391,-0.011221480555832386,0.36389151215553284,0.36218583583831787,-0.01210485678166151,0.329563707113266,0.3969500660896301,0.0003928363439626992,0.333710640668869,0.3694140315055847,-0.01287840772420168,0.3264576494693756,0.40358254313468933,-0.02008347027003765,0.3202819526195526,0.4353967607021332,-0.021772276610136032,0.31061244010925293,0.39397895336151123,0.00019672441703733057,0.31223583221435547,0.36363649368286133,-0.015278572216629982,0.3086498975753784,0.4100809097290039,-0.019158359616994858,0.306729257106781,0.44606149196624756,-0.017210127785801888,0.29265573620796204,0.3956634998321533,-0.00235772249288857,0.2927432358264923,0.3722536563873291,-0.017807533964514732,0.29299473762512207,0.4190187156200409,-0.015181314200162888,0.2937370240688324,0.45052003860473633,-0.008328345604240894,0.2744565010070801,0.40058252215385437,-0.005448021460324526,0.2755505442619324,0.37516286969184875,-0.014699949882924557,0.27707159519195557,0.40739402174949646,-0.011000575497746468,0.27839240431785583,0.4308411478996277,-0.005027115345001221,0.6971024870872498,0.5044060349464417,-3.032896813692787e-07,0.6681357026100159,0.4685741364955902,-0.004376281518489122,0.6503456830978394,0.410271555185318,-0.005165641661733389,0.6408439874649048,0.3664570152759552,-0.007850347086787224,0.6263092160224915,0.3465074300765991,-0.009704556316137314,0.6678912043571472,0.38495340943336487,0.00511259725317359,0.666703462600708,0.35600608587265015,-0.007348968647420406,0.6728209257125854,0.39259377121925354,-0.01498484518378973,0.6778106093406677,0.42467522621154785,-0.017699819058179855,0.6884926557540894,0.38662001490592957,0.002176885027438402,0.687031090259552,0.35394471883773804,-0.011359766125679016,0.6901405453681946,0.400838166475296,-0.01563306152820587,0.6920957565307617,0.43477749824523926,-0.01477026753127575,0.7094821333885193,0.39227578043937683,-0.0028504838701337576,0.7074676156044006,0.3613381087779999,-0.015792429447174072,0.7060973644256592,0.4087614119052887,-0.012807880528271198,0.7048263549804688,0.44083574414253235,-0.006737865041941404,0.7301627397537231,0.40460366010665894,-0.008496510796248913,0.7264993786811829,0.3735541105270386,-0.014986404217779636,0.7215307354927063,0.40416640043258667,-0.010335752740502357,0.7189926505088806,0.4274735152721405,-0.0048614200204610825
25,0.28811317682266235,0.5035759806632996,-1.1401451160963916e-07,0.3199901580810547,0.48336905241012573,-0.008265509270131588,0.3424721956253052,0.43889495730400085,-0.009797146543860435,0.3512560725212097,0.3918931484222412,-0.011838994920253754,0.36301782727241516,0.36068668961524963,-0.012843132019042969,0.3284314274787903,0.3970809876918793,0.001208659028634429,0.33339664340019226,0.36925116181373596,-0.012262572534382343,0.32696032524108887,0.4015580713748932,-0.020377106964588165,0.3212171792984009,0.43351003527641296,-0.022746184840798378,0.30896246433258057,0.39460813999176025,0.0012234154855832458,0.31203493475914,0.3659806251525879,-0.014824887737631798,0.3092079758644104,0.41137605905532837,-0.02006186544895172,0.3070966303348541,0.447681188583374,-0.019125398248434067,0.2909219563007355,0.39658477902412415,-0.0011951759224757552,0.29159677028656006,0.3716181218624115,-0.016788437962532043,0.2924133539199829,0.41694125533103943,-0.015265747904777527,0.29292482137680054,0.4494529068470001,-0.009229417890310287,0.27256667613983154,0.4013914465904236,-0.004239380359649658,0.273589164018631,0.3757990598678589,-0.013698190450668335,0.27589184045791626,0.40545016527175903,-0.01096804253757,0.27769502997398376,0.42828595638275146,-0.005748349241912365,0.6949087977409363,0.5075889229774475,-2.985226501550642e-07,0.6667933464050293,0.4734044373035431,-0.0051671345718204975,0.6493771076202393,0.41484975814819336,-0.005676561966538429,0.6408352851867676,0.36943763494491577,-0.007948508486151695,0.6267247200012207,0.3477422595024109,-0.009365377947688103,0.6675833463668823,0.38734057545661926,0.005650663748383522,0.6659278273582458,0.3588773310184479,-0.007551194634288549,0.6723149418830872,0.3939533531665802,-0.016247952356934547,0.6779959201812744,0.42601704597473145,-0.0197142381221056,0.6880709528923035,0.3873814642429352,0.0031027919612824917,0.6869822144508362,0.3546888828277588,-0.011096752248704433,0.6896800994873047,0.40162795782089233,-0.01590101607143879,0.6917491555213928,0.4366343021392822,-0.015271570533514023,0.7086612582206726,0.39246755838394165,-0.001798192854039371,0.7072644233703613,0.3630968928337097,-0.015347158536314964,0.7048535943031311,0.4094768464565277,-0.012881799601018429,0.7033727765083313,0.44195556640625,-0.007027014158666134,0.7289929986000061,0.4043079614639282,-0.007473132573068142,0.7259204387664795,0.37684115767478943,-0.014912255108356476,0.7196976542472839,0.40594249963760376,-0.011344787664711475,0.7162415981292725,0.42891889810562134,-0.006536649074405432
26,0.28334900736808777,0.5059533715248108,-1.2484736089390935e-07,0.31563133001327515,0.48395228385925293,-0.007073086220771074,0.3378172814846039,0.43804222345352173,-0.008781515061855316,0.3466969132423401,0.3916148245334625,-0.011097392998635769,0.35830605030059814,0.3601774275302887,-0.01262320764362812,0.3246135413646698,0.3971903920173645,-0.0005710048135370016,0.328800767660141,0.37117254734039307,-0.012834290973842144,0.32260799407958984,0.40490150451660156,-0.020199235528707504,0.31706252694129944,0.4376647174358368,-0.022382432594895363,0.30464521050453186,0.3954518437385559,-0.0011395002948120236,0.308052122592926,0.3667159378528595,-0.014541747979819775,0.3049417734146118,0.4103800654411316,-0.018291901797056198,0.30236372351646423,0.44581902027130127,-0.017334189265966415,0.28609395027160645,0.3985082805156708,-0.00377139775082469,0.2881822884082794,0.3733966052532196,-0.017066750675439835,0.28861096501350403,0.4164918065071106,-0.01455606147646904,0.2883469760417938,0.44835981726646423,-0.008769731037318707,0.26753732562065125,0.4046779274940491,-0.0069240122102200985,0.2706957161426544,0.3757508099079132,-0.014794508926570415,0.27255743741989136,0.40373659133911133,-0.010968662798404694,0.2728804349899292,0.4270910620689392,-0.005501368548721075,0.693833589553833,0.5115845799446106,-2.669624734608078e-07,0.6661927700042725,0.4750884175300598,-0.0051572578959167,0.6493241786956787,0.4163365662097931,-0.006058828439563513,0.6402266621589661,0.3715496361255646,-0.008976978249847889,0.6259210705757141,0.34901681542396545,-0.010826699435710907,0.6672372221946716,0.39093658328056335,0.007458965759724379,0.6675889492034912,0.3639659583568573,-0.005700445268303156,0.6729046702384949,0.40011754631996155,-0.014738447964191437,0.6768605709075928,0.43216875195503235,-0.01837557554244995,0.68681800365448,0.3920521140098572,0.004695173818618059,0.6874299049377441,0.35982444882392883,-0.009376747533679008,0.6895894408226013,0.4070020318031311,-0.014174353331327438,0.6909487843513489,0.44108912348747253,-0.013550559990108013,0.7066474556922913,0.39812177419662476,-0.0006739565287716687,0.707915723323822,0.3659136891365051,-0.013853022828698158,0.7058911323547363,0.4115676283836365,-0.0111814234405756,0.7041261792182922,0.4436447322368622,-0.0052115111611783504,0.7258198261260986,0.4106284976005554,-0.006906639318913221,0.7267568707466125,0.3813389241695404,-0.01352053601294756,0.7212139964103699,0.4091052711009979,-0.009375788271427155,0.7174273729324341,0.43118375539779663,-0.004256358835846186
27,0.2790287137031555,0.5128134489059448,-1.2862295761806308e-07,0.3129497170448303,0.48793163895606995,-0.0072793359868228436,0.33400753140449524,0.44141751527786255,-0.00911769736558199,0.3428037762641907,0.39380428194999695,-0.011929080821573734,0.3542024493217468,0.3625323176383972,-0.01374057587236166,0.3239881098270416,0.40035971999168396,0.002252893289551139,0.3268360197544098,0.37018901109695435,-0.011845148168504238,0.3205367922782898,0.40294554829597473,-0.02156916633248329,0.31510406732559204,0.43585437536239624,-0.025277845561504364,0.30336564779281616,0.39689141511917114,0.0012261193478479981,0.30532416701316833,0.3682137429714203,-0.01451688539236784,0.3015822172164917,0.41179215908050537,-0.020534295588731766,0.29899418354034424,0.4477330148220062,-0.02072962000966072,0.28432923555374146,0.39888736605644226,-0.002272668294608593,0.28480949997901917,0.3758404850959778,-0.01716601848602295,0.2844967246055603,0.41609588265419006,-0.016322920098900795,0.2841944098472595,0.4463382661342621,-0.011239001527428627,0.26504266262054443,0.4046621024608612,-0.006484930403530598,0.2665468752384186,0.37864094972610474,-0.015346817672252655,0.2684987485408783,0.4062862694263458,-0.012853356078267097,0.2696833908557892,0.4300791919231415,-0.008114558644592762,0.6946699023246765,0.5130374431610107,-2.589763425930869e-07,0.6663552522659302,0.47808465361595154,-0.006268810015171766,0.6496382355690002,0.4192415475845337,-0.007440372370183468,0.6412968039512634,0.3741511404514313,-0.01012860145419836,0.6269264817237854,0.35288530588150024,-0.011817429214715958,0.6668386459350586,0.3916790187358856,0.005138059612363577,0.6678343415260315,0.36613360047340393,-0.007184279151260853,0.6740097999572754,0.4013293981552124,-0.015561094507575035,0.6786465644836426,0.434035062789917,-0.0189571063965559,0.6871441602706909,0.3927105963230133,0.0029524725396186113,0.6884618997573853,0.36341774463653564,-0.010589747689664364,0.6917622089385986,0.40867653489112854,-0.015631893649697304,0.69326251745224,0.4448308050632477,-0.01539761945605278,0.7068191766738892,0.39894241094589233,-0.0015821988927200437,0.7089843153953552,0.3712335228919983,-0.014870770275592804,0.7074390649795532,0.4163890779018402,-0.01308952271938324,0.7050159573554993,0.45051249861717224,-0.007753350771963596,0.7256540656089783,0.4115670621395111,-0.006980829872190952,0.7258144021034241,0.3863133192062378,-0.0145731745287776,0.7208457589149475,0.41418546438217163,-0.01140404213219881,0.7167651653289795,0.4376407265663147,-0.006827432196587324
28,0.2790287137031555,0.5128134489059448,-1.2862295761806308e-07,0.3129497170448303,0.48793163895606995,-0.0072793359868228436,0.33400753140449524,0.44141751527786255,-0.00911769736558199,0.3428037762641907,0.39380428194999695,-0.011929080821573734,0.3542024493217468,0.3625323176383972,-0.01374057587236166,0.3239881098270416,0.40035971999168396,0.002252893289551139,0.3268360197544098,0.37018901109695435,-0.011845148168504238,0.3205367922782898,0.40294554829597473,-0.02156916633248329,0.31510406732559204,0.43585437536239624,-0.025277845561504364,0.30336564779281616,0.39689141511917114,0.0012261193478479981,0.30532416701316833,0.3682137429714203,-0.01451688539236784,0.3015822172164917,0.41179215908050537,-0.020534295588731766,0.29899418354034424,0.4477330148220062,-0.02072962000966072,0.28432923555374146,0.39888736605644226,-0.002272668294608593,0.28480949997901917,0.3758404850959778,-0.01716601848602295,0.2844967246055603,0.41609588265419006,-0.016322920098900795,0.2841944098472595,0.4463382661342621,-0.011239001527428627,0.26504266262054443,0.4046621024608612,-0.006484930403530598,0.2665468752384186,0.37864094972610474,-0.015346817672252655,0.2684987485408783,0.4062862694263458,-0.012853356078267097,0.2696833908557892,0.4300791919231415,-0.008114558644592762,0.6946699023246765,0.5130374431610107,-2.589763425930869e-07,0.6663552522659302,0.47808465361595154,-0.006268810015171766,0.6496382355690002,0.4192415475845337,-0.007440372370183468,0.6412968039512634,0.3741511404514313,-0.01012860145419836,0.6269264817237854,0.35288530588150024,-0.011817429214715958,0.6668386459350586,0.3916790187358856,0.005138059612363577,0.6678343415260315,0.36613360047340393,-0.007184279151260853,0.6740097999572754,0.4013293981552124,-0.015561094507575035,0.6786465644836426,0.434035062789917,-0.0189571063965559,0.6871441602706909,0.3927105963230133,0.0029524725396186113,0.6884618997573853,0.36341774463653564,-0.010589747689664364,0.6917622089385986,0.40867653489112854,-0.015631893649697304,0.69326251745224,0.4448308050632477,-0.01539761945605278,0.7068191766738892,0.39894241094589233,-0.0015821988927200437,0.7089843153953552,0.3712335228919983,-0.014870770275592804,0.7074390649795532,0.4163890779018402,-0.01308952271938324,0.7050159573554993,0.45051249861717224,-0.007753350771963596,0.7256540656089783,0.4115670621395111,-0.006980829872190952,0.7258144021034241,0.3863133192062378,-0.0145731745287776,0.7208457589149475,0.41418546438217163,-0.01140404213219881,0.7167651653289795,0.4376407265663147,-0.006827432196587324
29,0.27446332573890686,0.5194440484046936,-1.0616882661906857e-07,0.3109833896160126,0.49352866411209106,-0.00740947388112545,0.3322835862636566,0.44384559988975525,-0.009142068214714527,0.3410496711730957,0.3936771750450134,-0.011989712715148926,0.35273224115371704,0.3598863482475281,-0.013795586302876472,0.3202191889286041,0.39972180128097534,0.0034758583642542362,0.3229336440563202,0.36975914239883423,-0.010740987956523895,0.3172784447669983,0.40574967861175537,-0.02065323293209076,0.31232333183288574,0.43800511956214905,-0.024632148444652557,0.29896071553230286,0.3969133794307709,0.0020364997908473015,0.30066338181495667,0.3673343360424042,-0.01371475588530302,0.29882341623306274,0.41361624002456665,-0.020347435027360916,0.2965840995311737,0.4480122923851013,-0.02115105651319027,0.27950578927993774,0.40033209323883057,-0.0019241166301071644,0.27977973222732544,0.3750929832458496,-0.01691535860300064,0.28054651618003845,0.4191952049732208,-0.015702150762081146,0.27995848655700684,0.448927104473114,-0.010448306798934937,0.2603273093700409,0.40790602564811707,-0.006631399504840374,0.2623811960220337,0.3795098066329956,-0.015304761938750744,0.26526209712028503,0.4094712734222412,-0.011898493394255638,0.2665342092514038,0.43287894129753113,-0.006540325470268726,0.6955574750900269,0.5160765051841736,-2.705215536025207e-07,0.6676631569862366,0.4817935824394226,-0.006547497119754553,0.6512274742126465,0.42128410935401917,-0.00791544746607542,0.6427432894706726,0.37598681449890137,-0.010613804683089256,0.6290285587310791,0.35333603620529175,-0.012182386592030525,0.6671096086502075,0.39308470487594604,0.0024747070856392384,0.6687888503074646,0.3659108579158783,-0.009738941676914692,0.6749974489212036,0.40183401107788086,-0.017055489122867584,0.6786455512046814,0.4334288239479065,-0.019723020493984222,0.6875642538070679,0.39501824975013733,0.0003201328217983246,0.6898667812347412,0.3658921420574188,-0.013003848493099213,0.6925162076950073,0.4123792052268982,-0.017102565616369247,0.6923750638961792,0.44602811336517334,-0.01635243184864521,0.7074772119522095,0.40206024050712585,-0.0040085152722895145,0.7104550004005432,0.37509486079216003,-0.017401371151208878,0.7080011963844299,0.4217143654823303,-0.014697287231683731,0.7041952013969421,0.4537550210952759,-0.00877319648861885,0.7264073491096497,0.41512855887413025,-0.009126399643719196,0.7278847694396973,0.38874056935310364,-0.01651422120630741,0.7225460410118103,0.4166378378868103,-0.012533605098724365,0.7174032926559448,0.4379414916038513,-0.00745245348662138
30,0.27348262071609497,0.5127130150794983,-1.2299906870794075e-07,0.30541253089904785,0.49115729331970215,-0.008780613541603088,0.3271036148071289,0.44203829765319824,-0.011324063874781132,0.33625325560569763,0.3923369348049164,-0.014339480549097061,0.34849366545677185,0.3594409227371216,-0.016037622466683388,0.31726059317588806,0.4007565677165985,-0.0004510836733970791,0.31884637475013733,0.3689645826816559,-0.01560558844357729,0.3127846121788025,0.4048926830291748,-0.024699052795767784,0.30805107951164246,0.43942591547966003,-0.02759508788585663,0.2962733507156372,0.39692407846450806,-0.001051155268214643,0.2965420186519623,0.3669898808002472,-0.017975006252527237,0.2943236827850342,0.413972944021225,-0.023562174290418625,0.29292356967926025,0.44960513710975647,-0.023102279752492905,0.27705806493759155,0.3987351059913635,-0.0041818767786026,0.2754698395729065,0.37284672260284424,-0.020371418446302414,0.27650517225265503,0.41879183053970337,-0.018566293641924858,0.27754533290863037,0.44976478815078735,-0.012566703371703625,0.2579236328601837,0.4048513174057007,-0.008076312951743603,0.2570154070854187,0.3769354522228241,-0.018070392310619354,0.2595323324203491,0.4082511067390442,-0.015224041417241096,0.26181331276893616,0.4326383173465729,-0.009941978380084038,0.6968568563461304,0.5173039436340332,-3.154643479774677e-07,0.6683220267295837,0.48297345638275146,-0.005186435766518116,0.6516379714012146,0.4228278398513794,-0.0056708562187850475,0.6441411972045898,0.37732890248298645,-0.00797392800450325,0.6317518949508667,0.35217779874801636,-0.009257534518837929,0.6697221398353577,0.3978944718837738,0.005530516151338816,0.6700924038887024,0.36927148699760437,-0.007810159586369991,0.6760582327842712,0.40520086884498596,-0.01657288521528244,0.6807770729064941,0.43634429574012756,-0.020071864128112793,0.6902608275413513,0.3997206687927246,0.002414942951872945,0.6917494535446167,0.36509719491004944,-0.011843656189739704,0.6937779784202576,0.41346243023872375,-0.016425667330622673,0.6946013569831848,0.447432279586792,-0.015646077692508698,0.7103167176246643,0.40581372380256653,-0.003066842444241047,0.7124220728874207,0.37370842695236206,-0.016488125547766685,0.7091842889785767,0.4212171137332916,-0.012777123600244522,0.7065806984901428,0.4519372582435608,-0.006144760176539421,0.7296336889266968,0.41820308566093445,-0.009352237917482853,0.7310152649879456,0.387663871049881,-0.015523407608270645,0.7243974804878235,0.41624581813812256,-0.010043632239103317,0.7195664048194885,0.4369099736213684,-0.004112929105758667
31,0.26918843388557434,0.5137251019477844,-1.4422450078654947e-07,0.30345574021339417,0.48870179057121277,-0.00855797715485096,0.32504162192344666,0.4390639662742615,-0.011202557943761349,0.3327224850654602,0.38724276423454285,-0.014615085907280445,0.34478500485420227,0.3546816408634186,-0.01666620373725891,0.3139272928237915,0.39573949575424194,-0.000252421828918159,0.3153809905052185,0.36308982968330383,-0.015884842723608017,0.3088319003582001,0.40039658546447754,-0.025266548618674278,0.30373650789260864,0.43506038188934326,-0.028472542762756348,0.2923177182674408,0.3933855891227722,-0.0013633169000968337,0.29293715953826904,0.3619816303253174,-0.019194504246115685,0.2902211844921112,0.41114604473114014,-0.025117535144090652,0.28808414936065674,0.4479379653930664,-0.02489277720451355,0.27282944321632385,0.3966580331325531,-0.005053801462054253,0.27149519324302673,0.36916840076446533,-0.022208740934729576,0.27216631174087524,0.4163834750652313,-0.020582163706421852,0.27240514755249023,0.4487731158733368,-0.014521423727273941,0.2531050443649292,0.4040255546569824,-0.009492376819252968,0.2522251605987549,0.3746200501918793,-0.019909381866455078,0.2552888095378876,0.40512385964393616,-0.01732083410024643,0.2576035261154175,0.42966270446777344,-0.012269441038370132,0.696810781955719,0.5180196762084961,-2.9934719236734963e-07,0.6694439649581909,0.4850451350212097,-0.006391648203134537,0.6542348861694336,0.42490503191947937,-0.007939506322145462,0.6479748487472534,0.3778158128261566,-0.010716020129621029,0.6361658573150635,0.3501560389995575,-0.012312234379351139,0.6704304218292236,0.3946426510810852,0.0019844332709908485,0.6708468198776245,0.36617395281791687,-0.011799314059317112,0.677526593208313,0.40434935688972473,-0.02013828605413437,0.6821503639221191,0.43587565422058105,-0.023409312590956688,0.691043496131897,0.39597973227500916,-0.0006517978617921472,0.6923628449440002,0.36206185817718506,-0.015285782516002655,0.6953122615814209,0.4120730757713318,-0.01913171447813511,0.6961669921875,0.44537585973739624,-0.017991425469517708,0.7110893130302429,0.40295764803886414,-0.005566459149122238,0.7137123942375183,0.37102359533309937,-0.01989915780723095,0.7110633254051208,0.42019742727279663,-0.015673916786909103,0.7081280946731567,0.4507024586200714,-0.008713494054973125,0.7302062511444092,0.4161503314971924,-0.011309575289487839,0.7310932278633118,0.3881058990955353,-0.0193321593105793,0.7247922420501709,0.41880735754966736,-0.014455504715442657,0.7198867797851562,0.4391249120235443,-0.00872944388538599
32,0.26918843388557434,0.5137251019477844,-1.4422450078654947e-07,0.30345574021339417,0.48870179057121277,-0.00855797715485096,0.32504162192344666,0.4390639662742615,-0.011202557943761349,0.3327224850654602,0.38724276423454285,-0.014615085907280445,0.34478500485420227,0.3546816408634186,-0.01666620373725891,0.3139272928237915,0.39573949575424194,-0.000252421828918159,0.3153809905052185,0.36308982968330383,-0.015884842723608017,0.3088319003582001,0.40039658546447754,-0.025266548618674278,0.30373650789260864,0.43506038188934326,-0.028472542762756348,0.2923177182674408,0.3933855891227722,-0.0013633169000968337,0.29293715953826904,0.3619816303253174,-0.019194504246115685,0.2902211844921112,0.41114604473114014,-0.025117535144090652,0.28808414936065674,0.4479379653930664,-0.02489277720451355,0.27282944321632385,0.3966580331325531,-0.005053801462054253,0.27149519324302673,0.36916840076446533,-0.022208740934729576,0.27216631174087524,0.4163834750652313,-0.020582163706421852,0.27240514755249023,0.4487731158733368,-0.014521423727273941,0.2531050443649292,0.4040255546569824,-0.009492376819252968,0.2522251605987549,0.3746200501918793,-0.019909381866455078,0.2552888095378876,0.40512385964393616,-0.01732083410024643,0.2576035261154175,0.42966270446777344,-0.012269441038370132,0.696810781955719,0.5180196762084961,-2.9934719236734963e-07,0.6694439649581909,0.4850451350212097,-0.006391648203134537,0.6542348861694336,0.42490503191947937,-0.007939506322145462,0.6479748487472534,0.3778158128261566,-0.010716020129621029,0.6361658573150635,0.3501560389995575,-0.012312234379351139,0.6704304218292236,0.3946426510810852,0.0019844332709908485,0.6708468198776245,0.36617395281791687,-0.011799314059317112,0.677526593208313,0.40434935688972473,-0.02013828605413437,0.6821503639221191,0.43587565422058105,-0.023409312590956688,0.691043496131897,0.39597973227500916,-0.0006517978617921472,0.6923628449440002,0.36206185817718506,-0.015285782516002655,0.6953122615814209,0.4120730757713318,-0.01913171447813511,0.6961669921875,0.44537585973739624,-0.017991425469517708,0.7110893130302429,0.40295764803886414,-0.005566459149122238,0.7137123942375183,0.37102359533309937,-0.01989915780723095,0.7110633254051208,0.42019742727279663,-0.015673916786909103,0.7081280946731567,0.4507024586200714,-0.008713494054973125,0.7302062511444092,0.4161503314971924,-0.011309575289487839,0.7310932278633118,0.3881058990955353,-0.0193321593105793,0.7247922420501709,0.41880735754966736,-0.014455504715442657,0.7198867797851562,0.4391249120235443,-0.00872944388538599
33,0.2669130563735962,0.5139075517654419,-1.307568453512431e-07,0.302712082862854,0.4893854856491089,-0.008313371799886227,0.3238988220691681,0.43945008516311646,-0.010463690385222435,0.3313191533088684,0.38776564598083496,-0.013379056937992573,0.3427700698375702,0.35405024886131287,-0.015040812082588673,0.3114832043647766,0.39690905809402466,0.0009700902737677097,0.3121359646320343,0.3629510700702667,-0.013651208020746708,0.3063162863254547,0.39983171224594116,-0.022696102038025856,0.3018890917301178,0.4343108534812927,-0.025979669764637947,0.2899090349674225,0.3945247530937195,-4.642349813366309e-05,0.28968730568885803,0.36031538248062134,-0.017364175990223885,0.28799793124198914,0.40948471426963806,-0.023799672722816467,0.2865923345088959,0.4463702440261841,-0.024033766239881516,0.27058759331703186,0.3978285789489746,-0.0034966764505952597,0.26864001154899597,0.3674445152282715,-0.020147018134593964,0.27021002769470215,0.415648490190506,-0.018553201109170914,0.27095913887023926,0.4483283460140228,-0.012698979116976261,0.25118309259414673,0.40516000986099243,-0.007698205299675465,0.24992448091506958,0.3753650486469269,-0.018228959292173386,0.25307485461235046,0.4070718288421631,-0.015596776269376278,0.25556328892707825,0.4310634732246399,-0.01055014505982399,0.6979168057441711,0.5173410177230835,-2.973453945287474e-07,0.6701051592826843,0.48398566246032715,-0.006338818930089474,0.6551896929740906,0.4219493567943573,-0.007650356739759445,0.6490756273269653,0.3750624358654022,-0.010153042152523994,0.6367480158805847,0.3490009903907776,-0.011403275653719902,0.6705971360206604,0.39282193779945374,0.0009995877044275403,0.6708778738975525,0.36231788992881775,-0.012708093039691448,0.6776577234268188,0.4008770287036896,-0.02054462768137455,0.6821656227111816,0.43360254168510437,-0.023334886878728867,0.6914854645729065,0.39504411816596985,-0.0014102263376116753,0.6929610371589661,0.3614211678504944,-0.016047969460487366,0.6958953142166138,0.4116942584514618,-0.019717179238796234,0.6964080929756165,0.44535455107688904,-0.018435288220643997,0.7119017839431763,0.402628093957901,-0.006006300915032625,0.7142670154571533,0.3697366714477539,-0.020117739215493202,0.7118104696273804,0.41931915283203125,-0.015919901430606842,0.7088088393211365,0.4509473741054535,-0.008997686207294464,0.7311227917671204,0.41580983996391296,-0.011399712413549423,0.7322202920913696,0.38663727045059204,-0.019369034096598625,0.7265464663505554,0.4165356755256653,-0.01469027902930975,0.7220088243484497,0.43733400106430054,-0.009054752066731453
34,0.2666594982147217,0.5157339572906494,-9.476820395093455e-08,0.3022221326828003,0.49420806765556335,-0.008887570351362228,0.323740154504776,0.44088122248649597,-0.011184308677911758,0.3322969973087311,0.38812172412872314,-0.01429925486445427,0.3448924720287323,0.3535001277923584,-0.015989169478416443,0.31150349974632263,0.3985159993171692,0.001666462398134172,0.31357187032699585,0.3631775379180908,-0.01446449477225542,0.30695512890815735,0.401777446269989,-0.024136584252119064,0.30189019441604614,0.43595781922340393,-0.027433164417743683,0.2900061309337616,0.3957407772541046,0.0005592007073573768,0.29089537262916565,0.3608362078666687,-0.017516622319817543,0.28795933723449707,0.41102713346481323,-0.02384912222623825,0.2860473096370697,0.44688305258750916,-0.023645443841814995,0.27045735716819763,0.39882078766822815,-0.0033948153723031282,0.2697087526321411,0.3684191107749939,-0.020862147212028503,0.26981404423713684,0.4164968729019165,-0.019075945019721985,0.2703481912612915,0.4475993812084198,-0.012653623707592487,0.25128692388534546,0.4056800305843353,-0.008133318275213242,0.2507021129131317,0.37582898139953613,-0.01864047534763813,0.2530277967453003,0.40791386365890503,-0.015709437429904938,0.255295068025589,0.4317387342453003,-0.010242661461234093,0.698459267616272,0.518832802772522,-2.971631829495891e-07,0.6710456609725952,0.48473137617111206,-0.005871077533811331,0.6560258269309998,0.4242582321166992,-0.007298054173588753,0.6497809886932373,0.3767060935497284,-0.009956576861441135,0.6386372447013855,0.34812605381011963,-0.011420807801187038,0.6714786291122437,0.3936694860458374,0.001040926086716354,0.6717050671577454,0.3624574840068817,-0.011757006868720055,0.6785203814506531,0.40075212717056274,-0.019041698426008224,0.6829493641853333,0.43437644839286804,-0.021657519042491913,0.6921756267547607,0.3952598571777344,-0.0013093809830024838,0.6926549673080444,0.36207976937294006,-0.015204173512756824,0.6961053013801575,0.41118261218070984,-0.01900678128004074,0.6969031095504761,0.4453565180301666,-0.018113039433956146,0.7126842141151428,0.40165627002716064,-0.0056590791791677475,0.7134292125701904,0.3693094849586487,-0.01900336518883705,0.7117672562599182,0.41762563586235046,-0.015355304814875126,0.7093457579612732,0.4495842754840851,-0.009138955734670162,0.7321673631668091,0.4139547646045685,-0.010767342522740364,0.7309736013412476,0.3851802945137024,-0.01873311959207058,0.7258210182189941,0.4158136546611786,-0.0146630285307765,0.7222268581390381,0.4378398656845093,-0.009546410292387009
35,0.2666594982147217,0.5157339572906494,-9.476820395093455e-08,0.3022221326828003,0.49420806765556335,-0.008887570351362228,0.323740154504776,0.44088122248649597,-0.011184308677911758,0.3322969973087311,0.38812172412872314,-0.01429925486445427,0.3448924720287323,0.3535001277923584,-0.015989169478416443,0.31150349974632263,0.3985159993171692,0.001666462398134172,0.31357187032699585,0.3631775379180908,-0.01446449477225542,0.30695512890815735,0.401777446269989,-0.024136584252119064,0.30189019441604614,0.43595781922340393,-0.027433164417743683,0.2900061309337616,0.3957407772541046,0.0005592007073573768,0.29089537262916565,0.3608362078666687,-0.017516622319817543,0.28795933723449707,0.41102713346481323,-0.02384912222623825,0.2860473096370697,0.44688305258750916,-0.023645443841814995,0.27045735716819763,0.39882078766822815,-0.0033948153723031282,0.2697087526321411,0.3684191107749939,-0.020862147212028503,0.26981404423713684,0.4164968729019165,-0.019075945019721985,0.2703481912612915,0.4475993812084198,-0.012653623707592487,0.25128692388534546,0.4056800305843353,-0.008133318275213242,0.2507021129131317,0.37582898139953613,-0.01864047534763813,0.2530277967453003,0.40791386365890503,-0.015709437429904938,0.255295068025589,0.4317387342453003,-0.010242661461234093,0.698459267616272,0.518832802772522,-2.971631829495891e-07,0.6710456609725952,0.48473137617111206,-0.005871077533811331,0.6560258269309998,0.4242582321166992,-0.007298054173588753,0.6497809886932373,0.3767060935497284,-0.009956576861441135,0.6386372447013855,0.34812605381011963,-0.011420807801187038,0.6714786291122437,0.3936694860458374,0.001040926086716354,0.6717050671577454,0.3624574840068817,-0.011757006868720055,0.6785203814506531,0.40075212717056274,-0.019041698426008224,0.6829493641853333,0.43437644839286804,-0.021657519042491913,0.6921756267547607,0.3952598571777344,-0.0013093809830024838,0.6926549673080444,0.36207976937294006,-0.015204173512756824,0.6961053013801575,0.41118261218070984,-0.01900678128004074,0.6969031095504761,0.4453565180301666,-0.018113039433956146,0.7126842141151428,0.40165627002716064,-0.0056590791791677475,0.7134292125701904,0.3693094849586487,-0.01900336518883705,0.7117672562599182,0.41762563586235046,-0.015355304814875126,0.7093457579612732,0.4495842754840851,-0.009138955734670162,0.7321673631668091,0.4139547646045685,-0.010767342522740364,0.7309736013412476,0.3851802945137024,-0.01873311959207058,0.7258210182189941,0.4158136546611786,-0.0146630285307765,0.7222268581390381,0.4378398656845093,-0.009546410292387009
36,0.26656219363212585,0.5170001983642578,-1.0725408117195911e-07,0.302322119474411,0.4935248792171478,-0.009132404811680317,0.3235993981361389,0.44138938188552856,-0.011675800196826458,0.3322388231754303,0.3881480097770691,-0.014843426644802094,0.34494680166244507,0.3548029065132141,-0.0165111031383276,0.31130364537239075,0.3994130790233612,0.001088766730390489,0.3130582869052887,0.3657322824001312,-0.01420487742871046,0.3068719506263733,0.4040754735469818,-0.023363223299384117,0.3016040623188019,0.4383041262626648,-0.026562795042991638,0.2899167835712433,0.39637529850006104,0.00021118174481671304,0.29049497842788696,0.36188754439353943,-0.017559045925736427,0.28847232460975647,0.4126690626144409,-0.02406715415418148,0.28652462363243103,0.44873473048210144,-0.024213213473558426,0.27053436636924744,0.3993099629878998,-0.0033411416225135326,0.2694077491760254,0.3683449625968933,-0.020655492320656776,0.2706511914730072,0.4178386926651001,-0.019166868180036545,0.2712191045284271,0.44989824295043945,-0.013172930106520653,0.25115370750427246,0.4061659872531891,-0.007690847385674715,0.25005507469177246,0.37685319781303406,-0.018463702872395515,0.2534552812576294,0.4087498188018799,-0.016081010922789574,0.25645750761032104,0.43188685178756714,-0.011179771274328232,0.6976799368858337,0.5199447274208069,-3.1540568556920334e-07,0.6704460978507996,0.4846971333026886,-0.005382873583585024,0.6557894945144653,0.4241994023323059,-0.006770757492631674,0.650322437286377,0.3773736357688904,-0.009498708881437778,0.6397716999053955,0.34876158833503723,-0.011042979545891285,0.6720850467681885,0.39478811621665955,0.0009852561634033918,0.6723423600196838,0.36388781666755676,-0.01230351347476244,0.6787023544311523,0.4039442539215088,-0.019852960482239723,0.6829575300216675,0.43843212723731995,-0.022394761443138123,0.692358136177063,0.3971872925758362,-0.0015881386352702975,0.6932060122489929,0.363601416349411,-0.015648283064365387,0.6963457465171814,0.4131012260913849,-0.019281644374132156,0.6970105171203613,0.44765985012054443,-0.01816747523844242,0.7125925421714783,0.4040139317512512,-0.0061490959487855434,0.7135065793991089,0.3711457848548889,-0.019323572516441345,0.7116380929946899,0.4194442927837372,-0.015387884341180325,0.7091559767723083,0.4517454206943512,-0.008941792882978916,0.7320515513420105,0.41660594940185547,-0.011458896100521088,0.7311607599258423,0.3859931528568268,-0.019064882770180702,0.7260894775390625,0.41659730672836304,-0.01467855367809534,0.7224808931350708,0.4392625093460083,-0.009333953261375427
37,0.2667385935783386,0.5185835361480713,-1.0398088079455192e-07,0.3026289939880371,0.4949963390827179,-0.009608380496501923,0.3245660960674286,0.44280943274497986,-0.012233220040798187,0.3339052200317383,0.38893651962280273,-0.015361251309514046,0.34605762362480164,0.3538217842578888,-0.016929050907492638,0.31333574652671814,0.3976362645626068,0.0011058637173846364,0.31467124819755554,0.3659326434135437,-0.0145478006452322,0.30808955430984497,0.40477150678634644,-0.024132290855050087,0.3034447729587555,0.4382573068141937,-0.02761475183069706,0.2914985716342926,0.3948206305503845,0.000372809125110507,0.2916855812072754,0.36259299516677856,-0.01739910989999771,0.28981322050094604,0.4134368598461151,-0.02392830140888691,0.28875237703323364,0.44817131757736206,-0.024218041449785233,0.2720198631286621,0.39870303869247437,-0.003156342078000307,0.2703862488269806,0.3695802092552185,-0.020581962540745735,0.271786093711853,0.4186333417892456,-0.01922472193837166,0.2728104293346405,0.44993072748184204,-0.013344704173505306,0.253176748752594,0.4069393277168274,-0.007524676155298948,0.2523571848869324,0.37691813707351685,-0.018256673589348793,0.2552112638950348,0.4088744521141052,-0.015700696036219597,0.2579735219478607,0.43248602747917175,-0.010628078132867813,0.6983069777488708,0.5205650329589844,-3.0217000812626793e-07,0.6708850860595703,0.4862822890281677,-0.006076152436435223,0.6559054851531982,0.42608508467674255,-0.007236707489937544,0.6508654356002808,0.3795815706253052,-0.009691748768091202,0.641423761844635,0.34989577531814575,-0.010884450748562813,0.6721470952033997,0.3966967761516571,0.0023174001835286617,0.672187328338623,0.36569294333457947,-0.011170855723321438,0.6784175038337708,0.40411531925201416,-0.01914893463253975,0.6829981803894043,0.43836700916290283,-0.02190028503537178,0.6928525567054749,0.3985429108142853,9.706753917271271e-05,0.6933603882789612,0.3652268946170807,-0.01445963978767395,0.6964496374130249,0.4138084053993225,-0.018770640715956688,0.6975390911102295,0.44887030124664307,-0.017796842381358147,0.7131655812263489,0.40486636757850647,-0.004347724840044975,0.7139017581939697,0.3731345236301422,-0.0180045273154974,0.712291419506073,0.4203292429447174,-0.014801894314587116,0.7103274464607239,0.4525667726993561,-0.008514605462551117,0.7325742840766907,0.4167562425136566,-0.009602154605090618,0.7320418357849121,0.3871457576751709,-0.017538651823997498,0.7269322872161865,0.4166587293148041,-0.013583958148956299,0.7233402132987976,0.4389755427837372,-0.008307618089020252
38,0.26892319321632385,0.5172117352485657,-1.4014899818448612e-07,0.3042871356010437,0.4911789894104004,-0.008588135242462158,0.3256199359893799,0.4401565194129944,-0.011128672398626804,0.33389511704444885,0.3869827687740326,-0.014429443515837193,0.34674951434135437,0.35430675745010376,-0.016482871025800705,0.3127676546573639,0.39873629808425903,0.0008951314957812428,0.3153276741504669,0.36774107813835144,-0.014528910629451275,0.30934441089630127,0.405047744512558,-0.02468937821686268,0.30489179491996765,0.43777039647102356,-0.028754649683833122,0.29134294390678406,0.3966653645038605,-0.00017261051107198,0.2930552661418915,0.3649780750274658,-0.017283625900745392,0.29166871309280396,0.41285887360572815,-0.023830365389585495,0.29025644063949585,0.4492664337158203,-0.02454705350100994,0.27201661467552185,0.4002624750137329,-0.00385093386285007,0.272319495677948,0.3726322650909424,-0.020179037004709244,0.27420493960380554,0.41879451274871826,-0.018784871324896812,0.27452078461647034,0.4511950612068176,-0.01333877444267273,0.2528820037841797,0.40816962718963623,-0.008345101028680801,0.2543821632862091,0.37863919138908386,-0.018202943727374077,0.25792965292930603,0.40946125984191895,-0.015366404317319393,0.25974348187446594,0.43427884578704834,-0.010432327166199684,0.6987107992172241,0.5217623710632324,-2.94377031195836e-07,0.6714974641799927,0.4860536754131317,-0.005602022632956505,0.656258225440979,0.4260181486606598,-0.006483069621026516,0.6511956453323364,0.3797241151332855,-0.008759572170674801,0.6421430706977844,0.34981203079223633,-0.009761304594576359,0.671770453453064,0.39647817611694336,0.0035850924905389547,0.6720508337020874,0.36640626192092896,-0.00971438642591238,0.6786137223243713,0.40426260232925415,-0.01779903657734394,0.6834250688552856,0.4390285015106201,-0.02060968056321144,0.6924951076507568,0.3983403742313385,0.001237100106664002,0.6927171945571899,0.3661726713180542,-0.013250323943793774,0.6961652040481567,0.41380658745765686,-0.017990244552493095,0.6977292895317078,0.44931912422180176,-0.017279529944062233,0.713100254535675,0.40454012155532837,-0.0033277429174631834,0.7136784791946411,0.37218183279037476,-0.017071250826120377,0.7121609449386597,0.418869286775589,-0.014262601733207703,0.7103351354598999,0.4521688222885132,-0.008143301121890545,0.7328730225563049,0.416536420583725,-0.008660661987960339,0.7316882610321045,0.3874066472053528,-0.017123958095908165,0.7261809706687927,0.41770464181900024,-0.013568146154284477,0.7225364446640015,0.44157373905181885,-0.008359587751328945
39,0.26892319321632385,0.5172117352485657,-1.4014899818448612e-07,0.3042871356010437,0.4911789894104004,-0.008588135242462158,0.3256199359893799,0.4401565194129944,-0.011128672398626804,0.33389511704444885,0.3869827687740326,-0.014429443515837193,0.34674951434135437,0.35430675745010376,-0.016482871025800705,0.3127676546573639,0.39873629808425903,0.0008951314957812428,0.3153276741504669,0.36774107813835144,-0.014528910629451275,0.30934441089630127,0.405047744512558,-0.02468937821686268,0.30489179491996765,0.43777039647102356,-0.028754649683833122,0.29134294390678406,0.3966653645038605,-0.00017261051107198,0.2930552661418915,0.3649780750274658,-0.017283625900745392,0.29166871309280396,0.41285887360572815,-0.023830365389585495,0.29025644063949585,0.4492664337158203,-0.02454705350100994,0.27201661467552185,0.4002624750137329,-0.00385093386285007,0.272319495677948,0.3726322650909424,-0.020179037004709244,0.27420493960380554,0.41879451274871826,-0.018784871324896812,0.27452078461647034,0.4511950612068176,-0.01333877444267273,0.2528820037841797,0.40816962718963623,-0.008345101028680801,0.2543821632862091,0.37863919138908386,-0.018202943727374077,0.25792965292930603,0.40946125984191895,-0.015366404317319393,0.25974348187446594,0.43427884578704834,-0.010432327166199684,0.6987107992172241,0.5217623710632324,-2.94377031195836e-07,0.6714974641799927,0.4860536754131317,-0.005602022632956505,0.656258225440979,0.4260181486606598,-0.006483069621026516,0.6511956453323364,0.3797241151332855,-0.008759572170674801,0.6421430706977844,0.34981203079223633,-0.009761304594576359,0.671770453453064,0.39647817611694336,0.0035850924905389547,0.6720508337020874,0.36640626192092896,-0.00971438642591238,0.6786137223243713,0.40426260232925415,-0.01779903657734394,0.6834250688552856,0.4390285015106201,-0.02060968056321144,0.6924951076507568,0.3983403742313385,0.001237100106664002,0.6927171945571899,0.3661726713180542,-0.013250323943793774,0.6961652040481567,0.41380658745765686,-0.017990244552493095,0.6977292895317078,0.44931912422180176,-0.017279529944062233,0.713100254535675,0.40454012155532837,-0.0033277429174631834,0.7136784791946411,0.37218183279037476,-0.017071250826120377,0.7121609449386597,0.418869286775589,-0.014262601733207703,0.7103351354598999,0.4521688222885132,-0.008143301121890545,0.7328730225563049,0.416536420583725,-0.008660661987960339,0.7316882610321045,0.3874066472053528,-0.017123958095908165,0.7261809706687927,0.41770464181900024,-0.013568146154284477,0.7225364446640015,0.44157373905181885,-0.008359587751328945
40,0.26991450786590576,0.516711413860321,-1.385486996241525e-07,0.303862065076828,0.4911537170410156,-0.00859952624887228,0.3253474235534668,0.44116297364234924,-0.011176330037415028,0.33430716395378113,0.3893239498138428,-0.014391417615115643,0.3470461070537567,0.3564799427986145,-0.016067160293459892,0.31298208236694336,0.40167930722236633,0.00022094060841482133,0.31647589802742004,0.36545059084892273,-0.014806587249040604,0.31069716811180115,0.403191477060318,-0.023672113195061684,0.30630192160606384,0.4361273944377899,-0.026712024584412575,0.29225286841392517,0.39938461780548096,-0.0007655876688659191,0.2950107753276825,0.3642752170562744,-0.01748027466237545,0.2927880585193634,0.4127208888530731,-0.023026753216981888,0.2907755672931671,0.44767919182777405,-0.022875649854540825,0.27303916215896606,0.40237826108932495,-0.0043245842680335045,0.27412208914756775,0.3725590705871582,-0.020768074318766594,0.27516090869903564,0.419935405254364,-0.018584413453936577,0.2754356861114502,0.4515865445137024,-0.01236798521131277,0.253724604845047,0.40915825963020325,-0.008620040491223335,0.2549085021018982,0.3792523741722107,-0.018518246710300446,0.2582576274871826,0.4102693796157837,-0.015309999696910381,0.2601150870323181,0.4343055188655853,-0.009981086477637291,0.6992002725601196,0.5231726169586182,-2.8331928092484304e-07,0.6720134019851685,0.48719725012779236,-0.005591403227299452,0.6570159792900085,0.42562931776046753,-0.006600255146622658,0.6516439914703369,0.37747377157211304,-0.00894529651850462,0.6414414644241333,0.34733501076698303,-0.010135096497833729,0.672712504863739,0.39613258838653564,0.0029738477896898985,0.6727843284606934,0.36710137128829956,-0.009377081878483295,0.6792386174201965,0.4047226905822754,-0.016797346994280815,0.683812141418457,0.4389533996582031,-0.019579961895942688,0.6931601762771606,0.3981328010559082,0.00045201211469247937,0.693513810634613,0.3665420413017273,-0.013527403585612774,0.6970511078834534,0.4144829213619232,-0.018039971590042114,0.698546290397644,0.45010578632354736,-0.01749122142791748,0.7135106921195984,0.404804527759552,-0.004130332265049219,0.7142762541770935,0.372663289308548,-0.017807945609092712,0.7132569551467896,0.4200915992259979,-0.015133445151150227,0.7115857601165771,0.45349109172821045,-0.009369946084916592,0.7328329086303711,0.41755053400993347,-0.009435554035007954,0.7323082089424133,0.3881314694881439,-0.018274785950779915,0.7273218035697937,0.41885149478912354,-0.014865901321172714,0.7238602638244629,0.4429469704627991,-0.00990617461502552
