frame,feature_0,feature_1,feature_2,feature_3,feature_4,feature_5,feature_6,feature_7,feature_8,feature_9,feature_10,feature_11,feature_12,feature_13,feature_14,feature_15,feature_16,feature_17,feature_18,feature_19,feature_20,feature_21,feature_22,feature_23,feature_24,feature_25,feature_26,feature_27,feature_28,feature_29,feature_30,feature_31,feature_32,feature_33,feature_34,feature_35,feature_36,feature_37,feature_38,feature_39,feature_40,feature_41,feature_42,feature_43,feature_44,feature_45,feature_46,feature_47,feature_48,feature_49,feature_50,feature_51,feature_52,feature_53,feature_54,feature_55,feature_56,feature_57,feature_58,feature_59,feature_60,feature_61,feature_62,feature_63,feature_64,feature_65,feature_66,feature_67,feature_68,feature_69,feature_70,feature_71,feature_72,feature_73,feature_74,feature_75,feature_76,feature_77,feature_78,feature_79,feature_80,feature_81,feature_82,feature_83,feature_84,feature_85,feature_86,feature_87,feature_88,feature_89,feature_90,feature_91,feature_92,feature_93,feature_94,feature_95,feature_96,feature_97,feature_98,feature_99,feature_100,feature_101,feature_102,feature_103,feature_104,feature_105,feature_106,feature_107,feature_108,feature_109,feature_110,feature_111,feature_112,feature_113,feature_114,feature_115,feature_116,feature_117,feature_118,feature_119,feature_120,feature_121,feature_122,feature_123,feature_124,feature_125
1,0.33484745025634766,0.5914731621742249,-4.62531346556716e-08,0.35930386185646057,0.5875558257102966,-0.0038570293691009283,0.37895357608795166,0.5644491314888,-0.004936037119477987,0.38880014419555664,0.5327289700508118,-0.006957960780709982,0.3942934274673462,0.5086256861686707,-0.008801396936178207,0.3773746192455292,0.528905987739563,0.0013594626216217875,0.3815356492996216,0.5022823214530945,-0.008231845684349537,0.37622806429862976,0.5184769034385681,-0.015092789195477962,0.37136292457580566,0.5383123755455017,-0.01816142350435257,0.363505482673645,0.5221366286277771,-0.0005480954423546791,0.36788663268089294,0.49838149547576904,-0.011554491706192493,0.3617493212223053,0.523866593837738,-0.016569655388593674,0.3564625084400177,0.5468974113464355,-0.017522230744361877,0.3500522971153259,0.520231306552887,-0.0038660154677927494,0.35357946157455444,0.4983867108821869,-0.01509526465088129,0.34910014271736145,0.5247747302055359,-0.015136742033064365,0.34540286660194397,0.5464252829551697,-0.012100174091756344,0.3360845446586609,0.5203519463539124,-0.007468345575034618,0.339545875787735,0.501767098903656,-0.015108153223991394,0.337493360042572,0.5198721289634705,-0.014000345952808857,0.33594465255737305,0.5364211201667786,-0.01106096338480711,0.6061996817588806,0.615244448184967,-1.5825780508293974e-07,0.5814653635025024,0.5941658616065979,-0.0007369332015514374,0.566535234451294,0.5586661696434021,-0.0008135852986015379,0.560354471206665,0.5265548825263977,-0.0030148415826261044,0.5529297590255737,0.506070077419281,-0.004550054203718901,0.5775278806686401,0.5305956602096558,0.008596990257501602,0.5732570886611938,0.5009402632713318,0.0007159762317314744,0.5764428973197937,0.5239464044570923,-0.0055916099809110165,0.5801505446434021,0.5489738583564758,-0.008179361931979656,0.590491533279419,0.5290394425392151,0.005482086446136236,0.5863320231437683,0.5007957220077515,-0.0030735875479876995,0.5892959237098694,0.5304965376853943,-0.007725243456661701,0.5917735695838928,0.556570827960968,-0.008357929065823555,0.6045742034912109,0.5300835371017456,0.0008807444828562438,0.6001112461090088,0.5025562644004822,-0.0065889195539057255,0.6009405851364136,0.5334272384643555,-0.005709100980311632,0.6022092700004578,0.5593394041061401,-0.002641706494614482,0.6197589039802551,0.5344684720039368,-0.004114411771297455,0.6136993169784546,0.5131282806396484,-0.008283211849629879,0.6125181317329407,0.5324753522872925,-0.005953914485871792,0.6132762432098389,0.5503399968147278,-0.0026274179108440876
2,0.33484745025634766,0.5914731621742249,-4.62531346556716e-08,0.35930386185646057,0.5875558257102966,-0.0038570293691009283,0.37895357608795166,0.5644491314888,-0.004936037119477987,0.38880014419555664,0.5327289700508118,-0.006957960780709982,0.3942934274673462,0.5086256861686707,-0.008801396936178207,0.3773746192455292,0.528905987739563,0.0013594626216217875,0.3815356492996216,0.5022823214530945,-0.008231845684349537,0.37622806429862976,0.5184769034385681,-0.015092789195477962,0.37136292457580566,0.5383123755455017,-0.01816142350435257,0.363505482673645,0.5221366286277771,-0.0005480954423546791,0.36788663268089294,0.49838149547576904,-0.011554491706192493,0.3617493212223053,0.523866593837738,-0.016569655388593674,0.3564625084400177,0.5468974113464355,-0.017522230744361877,0.3500522971153259,0.520231306552887,-0.0038660154677927494,0.35357946157455444,0.4983867108821869,-0.01509526465088129,0.34910014271736145,0.5247747302055359,-0.015136742033064365,0.34540286660194397,0.5464252829551697,-0.012100174091756344,0.3360845446586609,0.5203519463539124,-0.007468345575034618,0.339545875787735,0.501767098903656,-0.015108153223991394,0.337493360042572,0.5198721289634705,-0.014000345952808857,0.33594465255737305,0.5364211201667786,-0.01106096338480711,0.6061996817588806,0.615244448184967,-1.5825780508293974e-07,0.5814653635025024,0.5941658616065979,-0.0007369332015514374,0.566535234451294,0.5586661696434021,-0.0008135852986015379,0.560354471206665,0.5265548825263977,-0.0030148415826261044,0.5529297590255737,0.506070077419281,-0.004550054203718901,0.5775278806686401,0.5305956602096558,0.008596990257501602,0.5732570886611938,0.5009402632713318,0.0007159762317314744,0.5764428973197937,0.5239464044570923,-0.0055916099809110165,0.5801505446434021,0.5489738583564758,-0.008179361931979656,0.590491533279419,0.5290394425392151,0.005482086446136236,0.5863320231437683,0.5007957220077515,-0.0030735875479876995,0.5892959237098694,0.5304965376853943,-0.007725243456661701,0.5917735695838928,0.556570827960968,-0.008357929065823555,0.6045742034912109,0.5300835371017456,0.0008807444828562438,0.6001112461090088,0.5025562644004822,-0.0065889195539057255,0.6009405851364136,0.5334272384643555,-0.005709100980311632,0.6022092700004578,0.5593394041061401,-0.002641706494614482,0.6197589039802551,0.5344684720039368,-0.004114411771297455,0.6136993169784546,0.5131282806396484,-0.008283211849629879,0.6125181317329407,0.5324753522872925,-0.005953914485871792,0.6132762432098389,0.5503399968147278,-0.0026274179108440876
3,0.33606186509132385,0.5895824432373047,-4.719106527772965e-08,0.36024197936058044,0.587198793888092,-0.004534872714430094,0.37986698746681213,0.5634252429008484,-0.005413741804659367,0.3901568651199341,0.5340237617492676,-0.007012127432972193,0.3989703953266144,0.5129023194313049,-0.00820585060864687,0.3777264356613159,0.5287534594535828,0.0007317633717320859,0.38191038370132446,0.5042093992233276,-0.00846551638096571,0.37600183486938477,0.5234475135803223,-0.014383362606167793,0.37138086557388306,0.5435864925384521,-0.016735486686229706,0.36393702030181885,0.5209665298461914,-0.000592869590036571,0.3681468367576599,0.4978671967983246,-0.011355518363416195,0.36217427253723145,0.5255385041236877,-0.015475810505449772,0.35778892040252686,0.5480676889419556,-0.015612109564244747,0.3502521812915802,0.5180884599685669,-0.0033669867552816868,0.3537130057811737,0.49746134877204895,-0.014517433010041714,0.3492671251296997,0.5262912511825562,-0.013578394427895546,0.34623056650161743,0.5469427108764648,-0.009752681478857994,0.3359047472476959,0.5181128978729248,-0.006438088603317738,0.339756041765213,0.5006378889083862,-0.013826726004481316,0.3381996750831604,0.5212727189064026,-0.011977357789874077,0.33708107471466064,0.5377970933914185,-0.008396695367991924,0.6063798666000366,0.6138458251953125,-1.6692560222963948e-07,0.5826670527458191,0.5926803350448608,-0.0008294865838252008,0.5679807066917419,0.5567708015441895,-0.0009258758509531617,0.561761200428009,0.5257368683815002,-0.003110945224761963,0.5540677309036255,0.5054234862327576,-0.00467620650306344,0.5799347162246704,0.5283950567245483,0.008803571574389935,0.5754250288009644,0.5008837580680847,0.001051435712724924,0.577538788318634,0.5240101218223572,-0.005182195920497179,0.5807933807373047,0.5488605499267578,-0.007763495668768883,0.5923472046852112,0.5272522568702698,0.005729412194341421,0.587601363658905,0.5011427998542786,-0.0026398380286991596,0.589630663394928,0.5305875539779663,-0.007121148984879255,0.592271089553833,0.5564459562301636,-0.007627604994922876,0.606038510799408,0.5289273858070374,0.001122692134231329,0.6007901430130005,0.5020661950111389,-0.006323160603642464,0.6011189222335815,0.5316835045814514,-0.005496335215866566,0.6026495695114136,0.5571223497390747,-0.002466352190822363,0.6208651661872864,0.5341307520866394,-0.0038652594666928053,0.6142725348472595,0.512036144733429,-0.008391872979700565,0.6126956343650818,0.531258225440979,-0.0062181963585317135,0.6135833859443665,0.5498073101043701,-0.002893695840612054
4,0.33522215485572815,0.5876398086547852,-6.418810016839416e-08,0.359684020280838,0.5893477201461792,-0.00475323898717761,0.3799203038215637,0.5654483437538147,-0.004990031942725182,0.39060306549072266,0.5342371463775635,-0.005792879033833742,0.399652361869812,0.5139775276184082,-0.0058637517504394054,0.3770771324634552,0.5294131636619568,0.0023368478287011385,0.3816397488117218,0.5056324005126953,-0.0066146464087069035,0.3744864761829376,0.5264091491699219,-0.012017286382615566,0.3693579435348511,0.5456880927085876,-0.013956804759800434,0.36382561922073364,0.5214702486991882,0.001494085881859064,0.36795827746391296,0.49804967641830444,-0.00922574196010828,0.3615310490131378,0.5273670554161072,-0.013243981637060642,0.3572101294994354,0.5487304925918579,-0.01315145194530487,0.3510047197341919,0.5183905959129333,-0.0009479721775278449,0.354559063911438,0.4977525472640991,-0.012310231104493141,0.34966862201690674,0.5280596613883972,-0.011453012935817242,0.3464001417160034,0.5482494235038757,-0.00746057229116559,0.3375031352043152,0.5177096128463745,-0.0036853686906397343,0.34111666679382324,0.5009992122650146,-0.011413991451263428,0.3388066589832306,0.521969735622406,-0.00995485670864582,0.337374210357666,0.5376775860786438,-0.00648539187386632,0.6076949834823608,0.6124648451805115,-1.6786314915862022e-07,0.58428955078125,0.5904392004013062,0.000288123672362417,0.5693019032478333,0.5554003119468689,0.0011486936127766967,0.5638803243637085,0.5257459878921509,-0.00031255630892701447,0.5579701662063599,0.5062857270240784,-0.0013273052172735333,0.5809435844421387,0.5290286540985107,0.00948027241975069,0.5769287347793579,0.5032408833503723,0.0016863209893926978,0.5799496173858643,0.5256928205490112,-0.0045601315796375275,0.5833315849304199,0.5502686500549316,-0.00702844001352787,0.5936725735664368,0.5276660919189453,0.005994250066578388,0.5890643000602722,0.5022101402282715,-0.0025546227116137743,0.5918791890144348,0.5307137966156006,-0.007159487344324589,0.5948556065559387,0.5563689470291138,-0.007693943567574024,0.6077095866203308,0.5289621353149414,0.0010538792703300714,0.6031194925308228,0.504224956035614,-0.006654577329754829,0.6040874719619751,0.5343776941299438,-0.006218441762030125,0.6056066155433655,0.5596070885658264,-0.0033559207804501057,0.6223343014717102,0.5340863466262817,-0.004152354784309864,0.6168854832649231,0.5139824748039246,-0.008689790032804012,0.6154881119728088,0.5331993103027344,-0.00669902702793479,0.6163110136985779,0.5506709218025208,-0.0035385361406952143
5,0.33437201380729675,0.5887696743011475,-5.872624697644824e-08,0.35987353324890137,0.5888852477073669,-0.0037620197981595993,0.3795756697654724,0.5672757625579834,-0.004381863866001368,0.3916397988796234,0.537570595741272,-0.005869185086339712,0.399448037147522,0.5156593322753906,-0.0066435616463422775,0.3770011365413666,0.5334116220474243,0.0024588608648627996,0.3819856345653534,0.5056715607643127,-0.00687458785250783,0.37549564242362976,0.5269336104393005,-0.013140592724084854,0.3715778887271881,0.5460479855537415,-0.01604164019227028,0.3643207550048828,0.5257421731948853,0.0007139670196920633,0.3695122003555298,0.5005984306335449,-0.010052293539047241,0.36303940415382385,0.5289955735206604,-0.014394245110452175,0.3584871292114258,0.5482045412063599,-0.015288103371858597,0.35201573371887207,0.5216023325920105,-0.002570059848949313,0.3566621243953705,0.4990605115890503,-0.013479169458150864,0.35172855854034424,0.5273863673210144,-0.012589489109814167,0.3479897677898407,0.5458799600601196,-0.009282886981964111,0.3391488492488861,0.5191491842269897,-0.006226589437574148,0.34312599897384644,0.5016171932220459,-0.013624339364469051,0.3408495783805847,0.5213136672973633,-0.01234089769423008,0.33888497948646545,0.536201536655426,-0.009547201916575432,0.6092572808265686,0.614045262336731,-1.3098370743591659e-07,0.5850139856338501,0.5957355499267578,-0.0020305528305470943,0.568381130695343,0.565744161605835,-0.0028501758351922035,0.5615893006324768,0.5382466316223145,-0.005414916202425957,0.5557366013526917,0.5175716876983643,-0.007284325081855059,0.5803723931312561,0.5305354595184326,0.006666633766144514,0.5766777992248535,0.5062671303749084,-0.001559767173603177,0.5798619985580444,0.5270282626152039,-0.007961869239807129,0.5838308334350586,0.5484375953674316,-0.010529700666666031,0.5938413143157959,0.5290218591690063,0.0041221268475055695,0.5899616479873657,0.5048744082450867,-0.00474140839651227,0.5929301977157593,0.5310051441192627,-0.009321657940745354,0.5961803793907166,0.5555846691131592,-0.009749670512974262,0.6081496477127075,0.5304330587387085,9.087279977393337e-06,0.6036410331726074,0.5073121786117554,-0.007986393757164478,0.6046794056892395,0.5350175499916077,-0.007712734863162041,0.6062925457954407,0.5593617558479309,-0.004798049107193947,0.6230771541595459,0.5356953740119934,-0.004515266511589289,0.6173614263534546,0.5155508518218994,-0.009523449465632439,0.6158837676048279,0.5338097214698792,-0.007743872236460447,0.6165067553520203,0.5523555874824524,-0.00445242365822196
6,0.3363686203956604,0.5886333584785461,-8.045756771934975e-08,0.36025646328926086,0.5872528553009033,-0.004397036042064428,0.3799580931663513,0.5662524700164795,-0.005407154094427824,0.39138907194137573,0.5355880856513977,-0.0072513180784881115,0.39953020215034485,0.513920783996582,-0.00847273226827383,0.3786959946155548,0.5305862426757812,0.0015913289971649647,0.3843151032924652,0.5038717985153198,-0.008432705886662006,0.37759122252464294,0.52335125207901,-0.015224338509142399,0.3715432584285736,0.5429562926292419,-0.01804865337908268,0.3655518889427185,0.5230852365493774,0.0002555773826315999,0.3703152537345886,0.4987887144088745,-0.010741440579295158,0.36388200521469116,0.5263645648956299,-0.015237425453960896,0.3592437207698822,0.5474158525466919,-0.015978045761585236,0.3527693748474121,0.5194624066352844,-0.002684147097170353,0.35653990507125854,0.49814456701278687,-0.013816376216709614,0.35186058282852173,0.5265122652053833,-0.012995812110602856,0.34856051206588745,0.5464134216308594,-0.0095295961946249,0.3393108546733856,0.5176475048065186,-0.006026127375662327,0.34336957335472107,0.5000647902488708,-0.01339254155755043,0.34143519401550293,0.5206001996994019,-0.011870967224240303,0.33985304832458496,0.5366125702857971,-0.008759322576224804,0.6087962985038757,0.615888237953186,-1.3220332562013937e-07,0.5851105451583862,0.5951246619224548,-0.0015203923685476184,0.5695697665214539,0.5593962669372559,-0.0009210737771354616,0.5634064674377441,0.528733491897583,-0.002195063978433609,0.5569424033164978,0.5086989998817444,-0.0028953109867870808,0.5825244188308716,0.5331645011901855,0.009429830126464367,0.5781353712081909,0.5089305639266968,0.0017753097927197814,0.5813088417053223,0.5286036133766174,-0.004609179683029652,0.5852349400520325,0.5503727197647095,-0.007327333092689514,0.5954225659370422,0.532110333442688,0.007064870558679104,0.5910217761993408,0.5068031549453735,-0.0013128966093063354,0.5935170650482178,0.5335237383842468,-0.006210024002939463,0.5965805649757385,0.5580734610557556,-0.006990810390561819,0.6093882322311401,0.5341088771820068,0.003026756225153804,0.6052570343017578,0.5097676515579224,-0.004979263991117477,0.6056696772575378,0.5369600653648376,-0.005231865681707859,0.6071280241012573,0.5611491799354553,-0.002641797298565507,0.6241616606712341,0.5392780900001526,-0.0013838519807904959,0.6187738180160522,0.5187743902206421,-0.006259961985051632,0.6172088384628296,0.5353540778160095,-0.004947924055159092,0.617915153503418,0.5522578954696655,-0.002211591461673379
7,0.3363686203956604,0.5886333584785461,-8.045756771934975e-08,0.36025646328926086,0.5872528553009033,-0.004397036042064428,0.3799580931663513,0.5662524700164795,-0.005407154094427824,0.39138907194137573,0.5355880856513977,-0.0072513180784881115,0.39953020215034485,0.513920783996582,-0.00847273226827383,0.3786959946155548,0.5305862426757812,0.0015913289971649647,0.3843151032924652,0.5038717985153198,-0.008432705886662006,0.37759122252464294,0.52335125207901,-0.015224338509142399,0.3715432584285736,0.5429562926292419,-0.01804865337908268,0.3655518889427185,0.5230852365493774,0.0002555773826315999,0.3703152537345886,0.4987887144088745,-0.010741440579295158,0.36388200521469116,0.5263645648956299,-0.015237425453960896,0.3592437207698822,0.5474158525466919,-0.015978045761585236,0.3527693748474121,0.5194624066352844,-0.002684147097170353,0.35653990507125854,0.49814456701278687,-0.013816376216709614,0.35186058282852173,0.5265122652053833,-0.012995812110602856,0.34856051206588745,0.5464134216308594,-0.0095295961946249,0.3393108546733856,0.5176475048065186,-0.006026127375662327,0.34336957335472107,0.5000647902488708,-0.01339254155755043,0.34143519401550293,0.5206001996994019,-0.011870967224240303,0.33985304832458496,0.5366125702857971,-0.008759322576224804,0.6087962985038757,0.615888237953186,-1.3220332562013937e-07,0.5851105451583862,0.5951246619224548,-0.0015203923685476184,0.5695697665214539,0.5593962669372559,-0.0009210737771354616,0.5634064674377441,0.528733491897583,-0.002195063978433609,0.5569424033164978,0.5086989998817444,-0.0028953109867870808,0.5825244188308716,0.5331645011901855,0.009429830126464367,0.5781353712081909,0.5089305639266968,0.0017753097927197814,0.5813088417053223,0.5286036133766174,-0.004609179683029652,0.5852349400520325,0.5503727197647095,-0.007327333092689514,0.5954225659370422,0.532110333442688,0.007064870558679104,0.5910217761993408,0.5068031549453735,-0.0013128966093063354,0.5935170650482178,0.5335237383842468,-0.006210024002939463,0.5965805649757385,0.5580734610557556,-0.006990810390561819,0.6093882322311401,0.5341088771820068,0.003026756225153804,0.6052570343017578,0.5097676515579224,-0.004979263991117477,0.6056696772575378,0.5369600653648376,-0.005231865681707859,0.6071280241012573,0.5611491799354553,-0.002641797298565507,0.6241616606712341,0.5392780900001526,-0.0013838519807904959,0.6187738180160522,0.5187743902206421,-0.006259961985051632,0.6172088384628296,0.5353540778160095,-0.004947924055159092,0.617915153503418,0.5522578954696655,-0.002211591461673379
8,0.33761125802993774,0.5916726589202881,-4.923135321632799e-08,0.3617301285266876,0.5901892185211182,-0.004571004305034876,0.3808402419090271,0.5682193636894226,-0.005611112341284752,0.3909764289855957,0.5375540852546692,-0.007415385916829109,0.39841875433921814,0.516327440738678,-0.00852963887155056,0.37946000695228577,0.5324621796607971,0.0016039941692724824,0.38469940423965454,0.5049613118171692,-0.008498099632561207,0.37723833322525024,0.523548424243927,-0.014961677603423595,0.3716844618320465,0.5433095097541809,-0.017508752644062042,0.36622628569602966,0.524669349193573,0.00010602120164548978,0.3709842264652252,0.4994952976703644,-0.01151997223496437,0.36370253562927246,0.526681661605835,-0.016095848754048347,0.3589438199996948,0.5487068295478821,-0.016456445679068565,0.3532715141773224,0.5216904878616333,-0.0030184155330061913,0.3570435047149658,0.4986724257469177,-0.014510687440633774,0.3518655002117157,0.5267432928085327,-0.013818033039569855,0.3485831916332245,0.547537624835968,-0.01011835876852274,0.3396083116531372,0.5205739736557007,-0.006558176130056381,0.342851459980011,0.5022925138473511,-0.014158369973301888,0.3405809700489044,0.521510660648346,-0.012850834056735039,0.33929353952407837,0.5376031994819641,-0.009675216861069202,0.6089047789573669,0.616456925868988,-1.2709104169061902e-07,0.5854156017303467,0.595313310623169,-0.0019194497726857662,0.5701256394386292,0.5591413378715515,-0.0014574339147657156,0.5637158155441284,0.5278834700584412,-0.002796356799080968,0.5566478371620178,0.508023202419281,-0.0034176521003246307,0.5817476511001587,0.5350198149681091,0.009551453404128551,0.577857255935669,0.5092161297798157,0.001691216602921486,0.5812751054763794,0.5294961929321289,-0.004730164539068937,0.5850809812545776,0.5515114665031433,-0.007410896010696888,0.5947509407997131,0.5334900617599487,0.0073904432356357574,0.5909663438796997,0.507286012172699,-0.001217245007865131,0.5938737988471985,0.5349210500717163,-0.006116836331784725,0.5968767404556274,0.5592890381813049,-0.006831412669271231,0.6087841987609863,0.5349013209342957,0.003478491911664605,0.6052276492118835,0.5101474523544312,-0.004550859332084656,0.6060941219329834,0.5376144647598267,-0.004590251017361879,0.6076363921165466,0.5612965226173401,-0.0018615376902744174,0.6234918832778931,0.539186418056488,-0.0008803973905742168,0.6192353963851929,0.518294095993042,-0.005658615380525589,0.6180204153060913,0.5351434350013733,-0.004215151071548462,0.6186883449554443,0.5517896413803101,-0.0014050784520804882
9,0.3368437588214874,0.5896209478378296,-6.072712466220764e-08,0.36068564653396606,0.5893690586090088,-0.005193816497921944,0.38045641779899597,0.5676283240318298,-0.0063769216649234295,0.39141103625297546,0.5369634628295898,-0.0081945126876235,0.39831364154815674,0.5140507817268372,-0.009107361547648907,0.37943726778030396,0.5320048332214355,0.0014740132028236985,0.38466084003448486,0.505407989025116,-0.008782565593719482,0.3773382306098938,0.5252445936203003,-0.014971340075135231,0.3718351721763611,0.5444118976593018,-0.01717299036681652,0.36658522486686707,0.5238862037658691,0.00044418935431167483,0.371367484331131,0.49845370650291443,-0.011260515078902245,0.36439943313598633,0.5267002582550049,-0.015271831303834915,0.360040545463562,0.5471646785736084,-0.015101070515811443,0.3535257577896118,0.5198487043380737,-0.002309545176103711,0.35773614048957825,0.4977518320083618,-0.014410472474992275,0.3523276746273041,0.527767539024353,-0.013058999553322792,0.34914863109588623,0.5477409362792969,-0.008629160933196545,0.3396623730659485,0.5179735422134399,-0.005455528851598501,0.34382471442222595,0.5008224248886108,-0.013429529033601284,0.3417436480522156,0.522659420967102,-0.011675151996314526,0.340481162071228,0.5389076471328735,-0.00798262469470501,0.6076066493988037,0.6189546585083008,-1.1491985674183525e-07,0.5849947333335876,0.5948954224586487,-0.0018458474660292268,0.5705262422561646,0.559895396232605,-0.0019734848756343126,0.5641820430755615,0.5280898809432983,-0.004137776326388121,0.5565353631973267,0.5080769062042236,-0.005682795308530331,0.5820814967155457,0.5348169207572937,0.009986063465476036,0.5782322287559509,0.5091855525970459,0.0019281567074358463,0.5816560387611389,0.5300079584121704,-0.005144177936017513,0.5851313471794128,0.552402138710022,-0.008289288729429245,0.5946202874183655,0.5335401296615601,0.007520950865000486,0.5909951329231262,0.5080130696296692,-0.0009311788599006832,0.5942850112915039,0.5346335172653198,-0.006341032218188047,0.5968602299690247,0.559308648109436,-0.0075972857885062695,0.608426034450531,0.5353488922119141,0.003301497781649232,0.6056365966796875,0.5098833441734314,-0.004376841709017754,0.6060125231742859,0.5379851460456848,-0.004490093793720007,0.6062350869178772,0.5627919435501099,-0.001935213920660317,0.6229177713394165,0.5401792526245117,-0.0014500616816803813,0.6190013885498047,0.5189186334609985,-0.006053765770047903,0.6172677278518677,0.5362695455551147,-0.004510119091719389,0.6171064972877502,0.5538263916969299,-0.0016353841638192534
10,0.3364339768886566,0.5896372199058533,-7.08000342797277e-08,0.3600834608078003,0.589505136013031,-0.005034120753407478,0.3798079490661621,0.5686911940574646,-0.006024644710123539,0.3905380666255951,0.5388431549072266,-0.007566884160041809,0.3982413411140442,0.5168513655662537,-0.008256846107542515,0.37835562229156494,0.5335587859153748,0.0009225180256180465,0.3842201232910156,0.5069858431816101,-0.00863228552043438,0.3773021101951599,0.5267543792724609,-0.014315665699541569,0.3720512092113495,0.5457820296287537,-0.016299422830343246,0.36573368310928345,0.5246967673301697,-1.535402589070145e-05,0.3715217113494873,0.49928393959999084,-0.010981637984514236,0.36477145552635193,0.5275931358337402,-0.01459688413888216,0.36026906967163086,0.5481234788894653,-0.014243572019040585,0.3529234230518341,0.5200539827346802,-0.002541986294090748,0.35764139890670776,0.49884381890296936,-0.013990843668580055,0.35249096155166626,0.5288705825805664,-0.01236365269869566,0.34922829270362854,0.5481613874435425,-0.007888074032962322,0.3390448987483978,0.5177819728851318,-0.005437016487121582,0.3444885015487671,0.5002240538597107,-0.013045822270214558,0.34241825342178345,0.5221592783927917,-0.010891130194067955,0.34063732624053955,0.5379939079284668,-0.006968291942030191,0.6084179878234863,0.6169401407241821,-1.406622800459445e-07,0.5851405262947083,0.5952787399291992,-0.0025016148574650288,0.5701820254325867,0.5599122047424316,-0.0030867562163621187,0.5627983808517456,0.5294415950775146,-0.005374235101044178,0.5549984574317932,0.5090817809104919,-0.007094969041645527,0.5813335180282593,0.5337573289871216,0.0070719108916819096,0.5773860812187195,0.5091610550880432,-0.0012402673019096255,0.5811400413513184,0.531506359577179,-0.008040208369493484,0.585058331489563,0.5547584295272827,-0.011089357547461987,0.5943034887313843,0.5319327712059021,0.004810008220374584,0.5903187990188599,0.5067892670631409,-0.003958347253501415,0.5932746529579163,0.5347529053688049,-0.008986914530396461,0.5958409309387207,0.5595579147338867,-0.01010657474398613,0.6086291074752808,0.533205509185791,0.0009464742615818977,0.6045526266098022,0.5075585246086121,-0.006861698813736439,0.6049492359161377,0.5367742776870728,-0.0065770805813372135,0.6055324673652649,0.5616863965988159,-0.004004159010946751,0.6234665513038635,0.538136899471283,-0.003447608556598425,0.6184247136116028,0.5171344876289368,-0.008186513558030128,0.6166431307792664,0.5357360243797302,-0.006394502706825733,0.6166548728942871,0.5532326102256775,-0.0034705796279013157
11,0.3350543975830078,0.5906680226325989,-8.201349288583515e-08,0.3594812750816345,0.5882181525230408,-0.005186989437788725,0.3802224099636078,0.5671706199645996,-0.0062468573451042175,0.39087244868278503,0.536647379398346,-0.007927567698061466,0.39858850836753845,0.5143446922302246,-0.008833038620650768,0.37861427664756775,0.5303691029548645,0.002277679741382599,0.38371598720550537,0.5071360468864441,-0.007438843138515949,0.3763367831707001,0.5264639854431152,-0.01375384721904993,0.37095269560813904,0.5466205477714539,-0.016069017350673676,0.36552920937538147,0.5221886038780212,0.0014602788724005222,0.3712117671966553,0.4996585249900818,-0.009416810236871243,0.3641582727432251,0.5266725420951843,-0.013515415601432323,0.3592616319656372,0.5488041043281555,-0.013390946201980114,0.352424681186676,0.5181102156639099,-0.0010733162052929401,0.35710975527763367,0.49820172786712646,-0.012417941354215145,0.3520810306072235,0.5276025533676147,-0.011281516402959824,0.34869277477264404,0.5491354465484619,-0.007033336907625198,0.3382475972175598,0.5166568756103516,-0.004016266204416752,0.34384676814079285,0.5001723170280457,-0.011500365100800991,0.3417778015136719,0.5221658945083618,-0.009496772661805153,0.3400503396987915,0.5393624901771545,-0.005585826467722654,0.6080003976821899,0.6205561757087708,-1.6377940426082205e-07,0.5841779708862305,0.5953736305236816,-0.00018794919014908373,0.5692904591560364,0.5590528249740601,6.25809479970485e-05,0.5620288848876953,0.5281631946563721,-0.001979299122467637,0.5542551875114441,0.5076159834861755,-0.0036065580788999796,0.5816048979759216,0.5355719923973083,0.009618001990020275,0.5765970945358276,0.5087802410125732,0.0016728568589314818,0.5790351629257202,0.5318253636360168,-0.00497021758928895,0.5823378562927246,0.5560333132743835,-0.007895129732787609,0.5942193269729614,0.5339062213897705,0.0062035019509494305,0.5888954401016235,0.5068464279174805,-0.002323230728507042,0.5910261273384094,0.5357376933097839,-0.0073184366337955,0.5937061905860901,0.560849130153656,-0.008334978483617306,0.6084550619125366,0.5349918603897095,0.0013049503322690725,0.6029406785964966,0.5094051361083984,-0.0060395426116883755,0.6028161644935608,0.5397152304649353,-0.005601502023637295,0.6037564873695374,0.5644736886024475,-0.0029758308082818985,0.6233881711959839,0.5397694706916809,-0.003958972170948982,0.6170979738235474,0.5175600647926331,-0.007801820058375597,0.6142120957374573,0.5368312001228333,-0.005456927232444286,0.6140084862709045,0.554543137550354,-0.002310110256075859
12,0.33713024854660034,0.5894672870635986,-6.021978293802022e-08,0.36147183179855347,0.5906223654747009,-0.004709217697381973,0.3811822831630707,0.5679618120193481,-0.005412271711975336,0.39132222533226013,0.5377810597419739,-0.0066916849464178085,0.39909860491752625,0.5169357061386108,-0.007173041347414255,0.3785339891910553,0.5322675108909607,0.0009664943208917975,0.38369035720825195,0.5070784091949463,-0.008345669135451317,0.3767836093902588,0.52942955493927,-0.013933110050857067,0.3719783425331116,0.5488463640213013,-0.016005953773856163,0.36555612087249756,0.5241518020629883,-9.433209925191477e-05,0.37014061212539673,0.5005184412002563,-0.010953384451568127,0.363949179649353,0.5308449864387512,-0.014692740514874458,0.35975098609924316,0.5516111254692078,-0.014595911838114262,0.352643758058548,0.5206124782562256,-0.0026645439211279154,0.356627881526947,0.4997052252292633,-0.013982915319502354,0.3519509434700012,0.5312057733535767,-0.012503902427852154,0.34876322746276855,0.5513288974761963,-0.008321584202349186,0.3388125002384186,0.519408643245697,-0.00555736618116498,0.34283703565597534,0.5027746558189392,-0.013282562606036663,0.34111231565475464,0.5255416035652161,-0.011400477960705757,0.3398645520210266,0.5422801971435547,-0.007757877465337515,0.606891393661499,0.6191400289535522,-1.6002302061224327e-07,0.5836669206619263,0.5962329506874084,-0.0012443598825484514,0.5684266686439514,0.559556782245636,-0.001572312437929213,0.5611024498939514,0.5283561944961548,-0.00392915541306138,0.5534284710884094,0.5071331262588501,-0.005834653042256832,0.5800424814224243,0.5344418883323669,0.007805014029145241,0.5752526521682739,0.5080515146255493,-0.000990281580016017,0.5779216885566711,0.5323669910430908,-0.00780102564021945,0.5811708569526672,0.5566838979721069,-0.010624884627759457,0.5927816033363342,0.5331146717071533,0.004769765306264162,0.5879428386688232,0.5063222646713257,-0.004499025177210569,0.5905765295028687,0.5364203453063965,-0.009394044056534767,0.5933578014373779,0.5616210103034973,-0.010140187107026577,0.6071868538856506,0.5345587134361267,0.00018932728562504053,0.6019403338432312,0.5096386671066284,-0.008167420513927937,0.6024230718612671,0.5418716669082642,-0.007612703833729029,0.6036490797996521,0.5668864250183105,-0.004621285945177078,0.622382402420044,0.5395352840423584,-0.004757484421133995,0.6161251664161682,0.516902506351471,-0.009650936350226402,0.6138107180595398,0.5381482839584351,-0.0073691364377737045,0.6140977740287781,0.5565306544303894,-0.0039896126836538315
13,0.33713024854660034,0.5894672870635986,-6.021978293802022e-08,0.36147183179855347,0.5906223654747009,-0.004709217697381973,0.3811822831630707,0.5679618120193481,-0.005412271711975336,0.39132222533226013,0.5377810597419739,-0.0066916849464178085,0.39909860491752625,0.5169357061386108,-0.007173041347414255,0.3785339891910553,0.5322675108909607,0.0009664943208917975,0.38369035720825195,0.5070784091949463,-0.008345669135451317,0.3767836093902588,0.52942955493927,-0.013933110050857067,0.3719783425331116,0.5488463640213013,-0.016005953773856163,0.36555612087249756,0.5241518020629883,-9.433209925191477e-05,0.37014061212539673,0.5005184412002563,-0.010953384451568127,0.363949179649353,0.5308449864387512,-0.014692740514874458,0.35975098609924316,0.5516111254692078,-0.014595911838114262,0.352643758058548,0.5206124782562256,-0.0026645439211279154,0.356627881526947,0.4997052252292633,-0.013982915319502354,0.3519509434700012,0.5312057733535767,-0.012503902427852154,0.34876322746276855,0.5513288974761963,-0.008321584202349186,0.3388125002384186,0.519408643245697,-0.00555736618116498,0.34283703565597534,0.5027746558189392,-0.013282562606036663,0.34111231565475464,0.5255416035652161,-0.011400477960705757,0.3398645520210266,0.5422801971435547,-0.007757877465337515,0.606891393661499,0.6191400289535522,-1.6002302061224327e-07,0.5836669206619263,0.5962329506874084,-0.0012443598825484514,0.5684266686439514,0.559556782245636,-0.001572312437929213,0.5611024498939514,0.5283561944961548,-0.00392915541306138,0.5534284710884094,0.5071331262588501,-0.005834653042256832,0.5800424814224243,0.5344418883323669,0.007805014029145241,0.5752526521682739,0.5080515146255493,-0.000990281580016017,0.5779216885566711,0.5323669910430908,-0.00780102564021945,0.5811708569526672,0.5566838979721069,-0.010624884627759457,0.5927816033363342,0.5331146717071533,0.004769765306264162,0.5879428386688232,0.5063222646713257,-0.004499025177210569,0.5905765295028687,0.5364203453063965,-0.009394044056534767,0.5933578014373779,0.5616210103034973,-0.010140187107026577,0.6071868538856506,0.5345587134361267,0.00018932728562504053,0.6019403338432312,0.5096386671066284,-0.008167420513927937,0.6024230718612671,0.5418716669082642,-0.007612703833729029,0.6036490797996521,0.5668864250183105,-0.004621285945177078,0.622382402420044,0.5395352840423584,-0.004757484421133995,0.6161251664161682,0.516902506351471,-0.009650936350226402,0.6138107180595398,0.5381482839584351,-0.0073691364377737045,0.6140977740287781,0.5565306544303894,-0.0039896126836538315
14,0.3342237174510956,0.5927764773368835,-8.746233959300298e-08,0.3586793839931488,0.5915880799293518,-0.005407996941357851,0.3795969486236572,0.5702975392341614,-0.00641299644485116,0.3900899589061737,0.538109302520752,-0.007844767533242702,0.3984464704990387,0.5159270167350769,-0.008270320482552052,0.3777310848236084,0.5316184163093567,0.0015328028239309788,0.3825726807117462,0.507057249546051,-0.007935397326946259,0.3755100965499878,0.528960645198822,-0.013722645118832588,0.3705460727214813,0.5480870008468628,-0.01586316153407097,0.36475035548210144,0.5240341424942017,0.0008410734008066356,0.36975979804992676,0.5004582405090332,-0.010065027512609959,0.36336442828178406,0.5306947231292725,-0.013892204500734806,0.35909003019332886,0.5513888001441956,-0.013823537155985832,0.35200372338294983,0.5204979181289673,-0.0014916050713509321,0.3561994135379791,0.4990551769733429,-0.013172097504138947,0.351506769657135,0.5310582518577576,-0.011639662086963654,0.34834906458854675,0.5516096353530884,-0.007262610364705324,0.33813008666038513,0.5192172527313232,-0.004225437063723803,0.34315627813339233,0.5017974972724915,-0.012320348061621189,0.3410255014896393,0.5252941846847534,-0.010418295860290527,0.33930501341819763,0.54190993309021,-0.006613716017454863,0.6074106097221375,0.6203992962837219,-1.6584328932367498e-07,0.5826625823974609,0.5938696265220642,-0.0021451502107083797,0.5672818422317505,0.5582228899002075,-0.0026756373699754477,0.5594857931137085,0.5271477103233337,-0.005282913334667683,0.5511077642440796,0.5069677233695984,-0.007247215136885643,0.5794292092323303,0.5356589555740356,0.008614353835582733,0.5754737257957458,0.5083548426628113,-0.00023377947218250483,0.5782366394996643,0.531949520111084,-0.007139880675822496,0.5809859037399292,0.5557082295417786,-0.01003321073949337,0.5929015874862671,0.5339197516441345,0.0058838012628257275,0.5887137055397034,0.5059157609939575,-0.0036307501140981913,0.5909585952758789,0.535193681716919,-0.008815393783152103,0.5931616425514221,0.5612809062004089,-0.009732079692184925,0.6074705123901367,0.5351366996765137,0.0013913079164922237,0.6029146313667297,0.5093685388565063,-0.0070399935357272625,0.6030460000038147,0.5401852130889893,-0.006776649970561266,0.6038856506347656,0.5662098526954651,-0.003875148016959429,0.6226639747619629,0.5405917167663574,-0.0036281447391957045,0.6169798374176025,0.5186354517936707,-0.008231905288994312,0.6147118806838989,0.5376074910163879,-0.006259013898670673,0.6148286461830139,0.5558606386184692,-0.003148601856082678
15,0.3342237174510956,0.5927764773368835,-8.746233959300298e-08,0.3586793839931488,0.5915880799293518,-0.005407996941357851,0.3795969486236572,0.5702975392341614,-0.00641299644485116,0.3900899589061737,0.538109302520752,-0.007844767533242702,0.3984464704990387,0.5159270167350769,-0.008270320482552052,0.3777310848236084,0.5316184163093567,0.0015328028239309788,0.3825726807117462,0.507057249546051,-0.007935397326946259,0.3755100965499878,0.528960645198822,-0.013722645118832588,0.3705460727214813,0.5480870008468628,-0.01586316153407097,0.36475035548210144,0.5240341424942017,0.0008410734008066356,0.36975979804992676,0.5004582405090332,-0.010065027512609959,0.36336442828178406,0.5306947231292725,-0.013892204500734806,0.35909003019332886,0.5513888001441956,-0.013823537155985832,0.35200372338294983,0.5204979181289673,-0.0014916050713509321,0.3561994135379791,0.4990551769733429,-0.013172097504138947,0.351506769657135,0.5310582518577576,-0.011639662086963654,0.34834906458854675,0.5516096353530884,-0.007262610364705324,0.33813008666038513,0.5192172527313232,-0.004225437063723803,0.34315627813339233,0.5017974972724915,-0.012320348061621189,0.3410255014896393,0.5252941846847534,-0.010418295860290527,0.33930501341819763,0.54190993309021,-0.006613716017454863,0.6074106097221375,0.6203992962837219,-1.6584328932367498e-07,0.5826625823974609,0.5938696265220642,-0.0021451502107083797,0.5672818422317505,0.5582228899002075,-0.0026756373699754477,0.5594857931137085,0.5271477103233337,-0.005282913334667683,0.5511077642440796,0.5069677233695984,-0.007247215136885643,0.5794292092323303,0.5356589555740356,0.008614353835582733,0.5754737257957458,0.5083548426628113,-0.00023377947218250483,0.5782366394996643,0.531949520111084,-0.007139880675822496,0.5809859037399292,0.5557082295417786,-0.01003321073949337,0.5929015874862671,0.5339197516441345,0.0058838012628257275,0.5887137055397034,0.5059157609939575,-0.0036307501140981913,0.5909585952758789,0.535193681716919,-0.008815393783152103,0.5931616425514221,0.5612809062004089,-0.009732079692184925,0.6074705123901367,0.5351366996765137,0.0013913079164922237,0.6029146313667297,0.5093685388565063,-0.0070399935357272625,0.6030460000038147,0.5401852130889893,-0.006776649970561266,0.6038856506347656,0.5662098526954651,-0.003875148016959429,0.6226639747619629,0.5405917167663574,-0.0036281447391957045,0.6169798374176025,0.5186354517936707,-0.008231905288994312,0.6147118806838989,0.5376074910163879,-0.006259013898670673,0.6148286461830139,0.5558606386184692,-0.003148601856082678
16,0.33572691679000854,0.5917192697525024,-6.596644652745454e-08,0.36074045300483704,0.5912153720855713,-0.004910028073936701,0.3799399435520172,0.5706007480621338,-0.0062185609713196754,0.39029690623283386,0.5394529104232788,-0.008225123398005962,0.3987729251384735,0.5179418325424194,-0.009460393339395523,0.3786489963531494,0.5337268710136414,0.001147413975559175,0.3836963474750519,0.5079448223114014,-0.008863816037774086,0.37684568762779236,0.5288198590278625,-0.01542636752128601,0.3714235723018646,0.5482221245765686,-0.018124299123883247,0.365127295255661,0.5255500078201294,-2.9596722015412524e-05,0.3705063760280609,0.5006768107414246,-0.011525697074830532,0.3640645146369934,0.5299766063690186,-0.015980197116732597,0.3592667877674103,0.5512366890907288,-0.0164067093282938,0.351742148399353,0.5218487977981567,-0.002777929650619626,0.3565760552883148,0.49965134263038635,-0.014528246596455574,0.3519769310951233,0.530296266078949,-0.013285818509757519,0.3484671413898468,0.5510022640228271,-0.009182898327708244,0.3374864459037781,0.5205568671226501,-0.005918743088841438,0.34288543462753296,0.5026028156280518,-0.013819904066622257,0.3413814306259155,0.5247312188148499,-0.01203055027872324,0.3397952616214752,0.5413134098052979,-0.008455395698547363,0.6073105931282043,0.6197556853294373,-1.716606590207448e-07,0.5824166536331177,0.5966281294822693,-0.002115849172696471,0.5669008493423462,0.5611010193824768,-0.002922582207247615,0.5593395233154297,0.5286033749580383,-0.005695865489542484,0.5518659353256226,0.506293773651123,-0.007920580916106701,0.5809096097946167,0.5334771871566772,0.007140105590224266,0.5757184028625488,0.5061353445053101,-0.0013586615677922964,0.5776744484901428,0.5314802527427673,-0.00765411788597703,0.5807476043701172,0.5561915040016174,-0.01028189156204462,0.5938500165939331,0.532514750957489,0.004537058528512716,0.5885146856307983,0.5044731497764587,-0.0047296276316046715,0.5900760889053345,0.5362961292266846,-0.009166085161268711,0.5926353931427002,0.5619083642959595,-0.009751035831868649,0.6082808375358582,0.5343247652053833,0.00027722978848032653,0.6024333238601685,0.50641930103302,-0.007871764712035656,0.602165699005127,0.5396141409873962,-0.00702908867970109,0.6036624312400818,0.5656675696372986,-0.00407751789316535,0.623559296131134,0.5406151413917542,-0.004541439935564995,0.6163906455039978,0.5176284909248352,-0.00952098798006773,0.6139459609985352,0.5388087034225464,-0.007808296475559473,0.6149116158485413,0.557319700717926,-0.004989576991647482
17,0.33572691679000854,0.5917192697525024,-6.596644652745454e-08,0.36074045300483704,0.5912153720855713,-0.004910028073936701,0.3799399435520172,0.5706007480621338,-0.0062185609713196754,0.39029690623283386,0.5394529104232788,-0.008225123398005962,0.3987729251384735,0.5179418325424194,-0.009460393339395523,0.3786489963531494,0.5337268710136414,0.001147413975559175,0.3836963474750519,0.5079448223114014,-0.008863816037774086,0.37684568762779236,0.5288198590278625,-0.01542636752128601,0.3714235723018646,0.5482221245765686,-0.018124299123883247,0.365127295255661,0.5255500078201294,-2.9596722015412524e-05,0.3705063760280609,0.5006768107414246,-0.011525697074830532,0.3640645146369934,0.5299766063690186,-0.015980197116732597,0.3592667877674103,0.5512366890907288,-0.0164067093282938,0.351742148399353,0.5218487977981567,-0.002777929650619626,0.3565760552883148,0.49965134263038635,-0.014528246596455574,0.3519769310951233,0.530296266078949,-0.013285818509757519,0.3484671413898468,0.5510022640228271,-0.009182898327708244,0.3374864459037781,0.5205568671226501,-0.005918743088841438,0.34288543462753296,0.5026028156280518,-0.013819904066622257,0.3413814306259155,0.5247312188148499,-0.01203055027872324,0.3397952616214752,0.5413134098052979,-0.008455395698547363,0.6073105931282043,0.6197556853294373,-1.716606590207448e-07,0.5824166536331177,0.5966281294822693,-0.002115849172696471,0.5669008493423462,0.5611010193824768,-0.002922582207247615,0.5593395233154297,0.5286033749580383,-0.005695865489542484,0.5518659353256226,0.506293773651123,-0.007920580916106701,0.5809096097946167,0.5334771871566772,0.007140105590224266,0.5757184028625488,0.5061353445053101,-0.0013586615677922964,0.5776744484901428,0.5314802527427673,-0.00765411788597703,0.5807476043701172,0.5561915040016174,-0.01028189156204462,0.5938500165939331,0.532514750957489,0.004537058528512716,0.5885146856307983,0.5044731497764587,-0.0047296276316046715,0.5900760889053345,0.5362961292266846,-0.009166085161268711,0.5926353931427002,0.5619083642959595,-0.009751035831868649,0.6082808375358582,0.5343247652053833,0.00027722978848032653,0.6024333238601685,0.50641930103302,-0.007871764712035656,0.602165699005127,0.5396141409873962,-0.00702908867970109,0.6036624312400818,0.5656675696372986,-0.00407751789316535,0.623559296131134,0.5406151413917542,-0.004541439935564995,0.6163906455039978,0.5176284909248352,-0.00952098798006773,0.6139459609985352,0.5388087034225464,-0.007808296475559473,0.6149116158485413,0.557319700717926,-0.004989576991647482
18,0.3360336422920227,0.5909460783004761,-5.390175061847913e-08,0.3609625995159149,0.5911641716957092,-0.005104475189000368,0.3802025020122528,0.5698243975639343,-0.0061814794316887856,0.39015790820121765,0.5388621091842651,-0.007887747138738632,0.39803242683410645,0.5171049237251282,-0.008865762501955032,0.3786192238330841,0.5339319109916687,0.0013698864495381713,0.3833555579185486,0.5080353617668152,-0.008308331482112408,0.3770284056663513,0.5284405946731567,-0.014465196058154106,0.37240129709243774,0.5476759076118469,-0.016869274899363518,0.36529871821403503,0.5253696441650391,0.00042663351632654667,0.36988145112991333,0.5015906095504761,-0.010795391164720058,0.3639320135116577,0.5304320454597473,-0.015000969171524048,0.36002999544143677,0.5513791441917419,-0.01514953188598156,0.35206085443496704,0.5208601355552673,-0.00212862784974277,0.35608842968940735,0.5000699162483215,-0.013811775483191013,0.35140207409858704,0.5302460193634033,-0.012569446116685867,0.3483400046825409,0.5500795841217041,-0.008385845459997654,0.33778753876686096,0.5187796354293823,-0.005071229767054319,0.342464417219162,0.5014685988426208,-0.012960586696863174,0.34041187167167664,0.524000883102417,-0.011053956113755703,0.3389851152896881,0.5406087636947632,-0.007283345330506563,0.605609118938446,0.6172910928726196,-1.4831928751846135e-07,0.5823916792869568,0.5965944528579712,-0.0028567754197865725,0.5675587058067322,0.560073733329773,-0.0037381378933787346,0.5602860450744629,0.5281330347061157,-0.006307194475084543,0.5517364740371704,0.5070609450340271,-0.008294173516333103,0.5792111158370972,0.5356791615486145,0.006175600457936525,0.5750851035118103,0.5088566541671753,-0.002810803474858403,0.5783774852752686,0.5333407521247864,-0.009687332436442375,0.5820831656455994,0.5576725006103516,-0.012586437165737152,0.5921300053596497,0.533890426158905,0.003851255401968956,0.5881028175354004,0.5060247778892517,-0.005544249899685383,0.5910793542861938,0.5368894338607788,-0.010233289562165737,0.5937208533287048,0.5631080865859985,-0.010817794129252434,0.6065014600753784,0.5354332327842712,-0.00011127026664325967,0.6022663712501526,0.5087887644767761,-0.008449511602520943,0.6027014851570129,0.5413241386413574,-0.0074935127049684525,0.6036151051521301,0.5671020746231079,-0.004259954206645489,0.6217830181121826,0.5405667424201965,-0.004632541444152594,0.6165226697921753,0.5180176496505737,-0.009588094428181648,0.6146389842033386,0.5384159684181213,-0.0072984397411346436,0.6147352457046509,0.5562211871147156,-0.003955034539103508
19,0.33575311303138733,0.5924785137176514,-6.951464825988296e-08,0.3594312071800232,0.5919853448867798,-0.005161185748875141,0.37892770767211914,0.5688791275024414,-0.006335589103400707,0.3891191780567169,0.5373671650886536,-0.008057234808802605,0.39786678552627563,0.5171375870704651,-0.008924107998609543,0.37820836901664734,0.5340573191642761,0.0007035429589450359,0.38351547718048096,0.5080454349517822,-0.009450956247746944,0.3765483796596527,0.5285556316375732,-0.015871649608016014,0.3709501028060913,0.5487693548202515,-0.018363988026976585,0.36502307653427124,0.5255590081214905,-0.00028020780882798135,0.3701721131801605,0.5011205673217773,-0.011699991300702095,0.36343812942504883,0.5292993783950806,-0.015882620587944984,0.35896843671798706,0.5509359836578369,-0.016065556555986404,0.3519430160522461,0.5212664604187012,-0.0028931857086718082,0.3559931218624115,0.49990618228912354,-0.014607629738748074,0.35115164518356323,0.5293670892715454,-0.013528881594538689,0.34820112586021423,0.5501356720924377,-0.009521354921162128,0.33812692761421204,0.5194867253303528,-0.0059157973155379295,0.3425780236721039,0.5015519857406616,-0.013780130073428154,0.34069862961769104,0.5231368541717529,-0.012207696214318275,0.3393957018852234,0.5399852395057678,-0.008782579563558102,0.6058809161186218,0.6189559102058411,-1.2820088102216687e-07,0.5832741856575012,0.59507817029953,-0.002737994771450758,0.5686355829238892,0.558853030204773,-0.0032981960102915764,0.5615028142929077,0.527866005897522,-0.005631321109831333,0.5532046556472778,0.5075124502182007,-0.007244580425322056,0.580019474029541,0.5328706502914429,0.00881141982972622,0.575169026851654,0.5081381797790527,4.787340003531426e-05,0.5783143043518066,0.5306440591812134,-0.006859555374830961,0.5819762945175171,0.5531325936317444,-0.009597936645150185,0.5928065180778503,0.5321626663208008,0.006634063553065062,0.58791184425354,0.5075807571411133,-0.0027827611193060875,0.5903018712997437,0.5363063216209412,-0.007850080728530884,0.5928334593772888,0.5621610879898071,-0.00836307741701603,0.6069119572639465,0.5348181128501892,0.002595821162685752,0.6024609208106995,0.5109871625900269,-0.006174587178975344,0.6024209260940552,0.5411239862442017,-0.006047829985618591,0.6031447052955627,0.5666512250900269,-0.00279158353805542,0.622119128704071,0.5406894087791443,-0.0019445517100393772,0.6163285970687866,0.5190897583961487,-0.007093329913914204,0.6138355731964111,0.5379970669746399,-0.005285115446895361,0.6138296127319336,0.5565027594566345,-0.0018899677088484168
20,0.3361126780509949,0.5931960940361023,-4.8381764372606995e-08,0.36051782965660095,0.5921582579612732,-0.005565440747886896,0.37937724590301514,0.5695778131484985,-0.007241607643663883,0.3897397816181183,0.5394698977470398,-0.00944558810442686,0.39756518602371216,0.5172113180160522,-0.010853959247469902,0.3777677118778229,0.53378826379776,-0.0003984557988587767,0.38302555680274963,0.5084459781646729,-0.010593574494123459,0.37595945596694946,0.5301386117935181,-0.016908861696720123,0.37035122513771057,0.5510196089744568,-0.019304178655147552,0.3643021285533905,0.5249736905097961,-0.0014228465734049678,0.36936748027801514,0.5012810230255127,-0.013044185936450958,0.36342859268188477,0.52998948097229,-0.017349889501929283,0.35883402824401855,0.552207350730896,-0.017552778124809265,0.35073673725128174,0.5207502841949463,-0.004020317457616329,0.354898065328598,0.5005824565887451,-0.015586241148412228,0.35090214014053345,0.5305103063583374,-0.014432264491915703,0.3478183448314667,0.5516535043716431,-0.010425214655697346,0.3364414572715759,0.5193938612937927,-0.00706248776987195,0.3411332964897156,0.5028701424598694,-0.014732140116393566,0.33993980288505554,0.524838387966156,-0.012916164472699165,0.33876773715019226,0.542044997215271,-0.009323461912572384,0.6054952144622803,0.621067464351654,-1.2151210171396087e-07,0.5828441381454468,0.5965405106544495,-0.0030167775694280863,0.5681408643722534,0.5607275366783142,-0.0037798648700118065,0.5604791641235352,0.52961665391922,-0.006318627391010523,0.552203357219696,0.5084731578826904,-0.008181877434253693,0.5804290771484375,0.5352784991264343,0.008649819530546665,0.5758596658706665,0.5101144313812256,-0.00023887971474323422,0.5788660049438477,0.5329433083534241,-0.007643052842468023,0.5828697681427002,0.5565125346183777,-0.010915575549006462,0.5930957198143005,0.534334659576416,0.0064787957817316055,0.5882693529129028,0.5077430009841919,-0.0030863138381391764,0.5905415415763855,0.5363852977752686,-0.008688156493008137,0.5934803485870361,0.5628412365913391,-0.009753376245498657,0.6074783205986023,0.5364124774932861,0.002434335881844163,0.602922260761261,0.5099522471427917,-0.006324241403490305,0.6029052734375,0.5401796102523804,-0.0064063910394907,0.6041120290756226,0.5661722421646118,-0.003501401748508215,0.6229888200759888,0.5419864058494568,-0.0022051751147955656,0.6175050139427185,0.5193038582801819,-0.007592484354972839,0.6147084832191467,0.5387800931930542,-0.006017682608217001,0.6146364212036133,0.5578180551528931,-0.0029138089157640934
21,0.33585354685783386,0.5930216312408447,-5.279294512661181e-08,0.3595300018787384,0.5932657122612,-0.004761334042996168,0.3786959946155548,0.572157084941864,-0.005746754817664623,0.38901016116142273,0.5425047874450684,-0.0073189521208405495,0.39783594012260437,0.5221312046051025,-0.008148575201630592,0.3777559995651245,0.5350146293640137,0.0009807345923036337,0.3830229938030243,0.5099665522575378,-0.00817690696567297,0.3767145574092865,0.5305582284927368,-0.013816946186125278,0.3719985783100128,0.5500584840774536,-0.01586713269352913,0.3647764325141907,0.526757538318634,2.0526591470115818e-05,0.3696759343147278,0.5033485293388367,-0.010228656232357025,0.3637661039829254,0.531631350517273,-0.013721456751227379,0.3599575459957123,0.5523551106452942,-0.0135161392390728,0.35167422890663147,0.5227971076965332,-0.002475355053320527,0.35624638199806213,0.5026174783706665,-0.013168113306164742,0.3516225516796112,0.5318753123283386,-0.011642425321042538,0.34839552640914917,0.5512515902519226,-0.007490380667150021,0.33750855922698975,0.521486759185791,-0.00534104136750102,0.3428182303905487,0.5044524073600769,-0.01258421503007412,0.3411175608634949,0.5260099768638611,-0.01056111790239811,0.3395438492298126,0.5421522855758667,-0.006798201240599155,0.6062338948249817,0.6199378967285156,-1.576099606381831e-07,0.5831021666526794,0.5969547629356384,-0.0030400995165109634,0.5680942535400391,0.5601106882095337,-0.003968884702771902,0.5603916645050049,0.5280768275260925,-0.006692837458103895,0.5524677634239197,0.5060172080993652,-0.008801656775176525,0.5810089111328125,0.5347929000854492,0.00680494261905551,0.5762149095535278,0.5085835456848145,-0.002378020901232958,0.5786763429641724,0.5332346558570862,-0.00930811371654272,0.5820356011390686,0.5564980506896973,-0.012295180931687355,0.5937164425849915,0.5343174934387207,0.004489137325435877,0.5885338187217712,0.5071761012077332,-0.005290507804602385,0.5912656784057617,0.5380155444145203,-0.010158599354326725,0.5943029522895813,0.5627166628837585,-0.010945308953523636,0.6082992553710938,0.5366737246513367,0.00037202046951279044,0.602733850479126,0.5092481374740601,-0.00855058804154396,0.6033362150192261,0.5422304272651672,-0.008017797954380512,0.6049344539642334,0.5678259134292603,-0.005004441365599632,0.6237969398498535,0.5430244207382202,-0.004327956587076187,0.6170259118080139,0.518790602684021,-0.009746944531798363,0.6148124933242798,0.5394027829170227,-0.007994000799953938,0.615548849105835,0.5576645135879517,-0.005007946398109198
22,0.33585354685783386,0.5930216312408447,-5.279294512661181e-08,0.3595300018787384,0.5932657122612,-0.004761334042996168,0.3786959946155548,0.572157084941864,-0.005746754817664623,0.38901016116142273,0.5425047874450684,-0.0073189521208405495,0.39783594012260437,0.5221312046051025,-0.008148575201630592,0.3777559995651245,0.5350146293640137,0.0009807345923036337,0.3830229938030243,0.5099665522575378,-0.00817690696567297,0.3767145574092865,0.5305582284927368,-0.013816946186125278,0.3719985783100128,0.5500584840774536,-0.01586713269352913,0.3647764325141907,0.526757538318634,2.0526591470115818e-05,0.3696759343147278,0.5033485293388367,-0.010228656232357025,0.3637661039829254,0.531631350517273,-0.013721456751227379,0.3599575459957123,0.5523551106452942,-0.0135161392390728,0.35167422890663147,0.5227971076965332,-0.002475355053320527,0.35624638199806213,0.5026174783706665,-0.013168113306164742,0.3516225516796112,0.5318753123283386,-0.011642425321042538,0.34839552640914917,0.5512515902519226,-0.007490380667150021,0.33750855922698975,0.521486759185791,-0.00534104136750102,0.3428182303905487,0.5044524073600769,-0.01258421503007412,0.3411175608634949,0.5260099768638611,-0.01056111790239811,0.3395438492298126,0.5421522855758667,-0.006798201240599155,0.6062338948249817,0.6199378967285156,-1.576099606381831e-07,0.5831021666526794,0.5969547629356384,-0.0030400995165109634,0.5680942535400391,0.5601106882095337,-0.003968884702771902,0.5603916645050049,0.5280768275260925,-0.006692837458103895,0.5524677634239197,0.5060172080993652,-0.008801656775176525,0.5810089111328125,0.5347929000854492,0.00680494261905551,0.5762149095535278,0.5085835456848145,-0.002378020901232958,0.5786763429641724,0.5332346558570862,-0.00930811371654272,0.5820356011390686,0.5564980506896973,-0.012295180931687355,0.5937164425849915,0.5343174934387207,0.004489137325435877,0.5885338187217712,0.5071761012077332,-0.005290507804602385,0.5912656784057617,0.5380155444145203,-0.010158599354326725,0.5943029522895813,0.5627166628837585,-0.010945308953523636,0.6082992553710938,0.5366737246513367,0.00037202046951279044,0.602733850479126,0.5092481374740601,-0.00855058804154396,0.6033362150192261,0.5422304272651672,-0.008017797954380512,0.6049344539642334,0.5678259134292603,-0.005004441365599632,0.6237969398498535,0.5430244207382202,-0.004327956587076187,0.6170259118080139,0.518790602684021,-0.009746944531798363,0.6148124933242798,0.5394027829170227,-0.007994000799953938,0.615548849105835,0.5576645135879517,-0.005007946398109198
23,0.33537203073501587,0.5923645496368408,-3.952290583697504e-08,0.36003944277763367,0.5918465852737427,-0.004857135936617851,0.37893638014793396,0.569865345954895,-0.005931247491389513,0.38967767357826233,0.5392364859580994,-0.00770048750564456,0.3990481197834015,0.5180326104164124,-0.008914349600672722,0.3770780563354492,0.53425133228302,0.0007165912538766861,0.38304615020751953,0.5099507570266724,-0.008709622547030449,0.37696361541748047,0.5307918787002563,-0.014832434244453907,0.37166377902030945,0.5513420701026917,-0.017299596220254898,0.36398792266845703,0.5256686210632324,-0.00044555580825544894,0.37031644582748413,0.5023385286331177,-0.011079579591751099,0.36410611867904663,0.5305488109588623,-0.015048712491989136,0.35937371850013733,0.5525158047676086,-0.015224361792206764,0.35081177949905396,0.5218908786773682,-0.0031382255256175995,0.356863796710968,0.4998653531074524,-0.013865252956748009,0.35223716497421265,0.5289430618286133,-0.012442068196833134,0.3483006954193115,0.5496423244476318,-0.008457943797111511,0.336570143699646,0.5209340453147888,-0.006272521335631609,0.34213802218437195,0.5032951235771179,-0.013689725659787655,0.34114736318588257,0.5239993333816528,-0.011932195164263248,0.3396014869213104,0.540701150894165,-0.008435549214482307,0.6064689755439758,0.6199838519096375,-1.4806894910179835e-07,0.5829946398735046,0.5977901816368103,-0.0030136597342789173,0.5678989291191101,0.5611413717269897,-0.003889616811648011,0.560512900352478,0.5299385190010071,-0.006418305449187756,0.5529189109802246,0.5089115500450134,-0.008321675471961498,0.5805038213729858,0.5349048972129822,0.006512429565191269,0.5762129426002502,0.5087392926216125,-0.0022659485694020987,0.5791267156600952,0.5325897932052612,-0.00906074047088623,0.5823341012001038,0.5562084317207336,-0.011926230043172836,0.5933620929718018,0.5334851145744324,0.004293287172913551,0.5888639688491821,0.5056235194206238,-0.005046743433922529,0.591554582118988,0.5351242423057556,-0.009940305724740028,0.5940250158309937,0.560998260974884,-0.010645258240401745,0.607646107673645,0.5352272391319275,0.00038384500658139586,0.603360116481781,0.509480357170105,-0.008080829866230488,0.6036022901535034,0.5414833426475525,-0.00758415786549449,0.6042505502700806,0.567359447479248,-0.004543098155409098,0.6226341128349304,0.5406134128570557,-0.00409060949459672,0.6172538995742798,0.5184192657470703,-0.0090561518445611,0.61485755443573,0.5383946895599365,-0.007033892907202244,0.6145819425582886,0.556410551071167,-0.003835332579910755
24,0.336409330368042,0.5901919007301331,-5.576810480079075e-08,0.3597162663936615,0.5927292704582214,-0.005189294461160898,0.37962964177131653,0.5711578726768494,-0.006171040236949921,0.3902517855167389,0.5395129323005676,-0.0076562948524951935,0.3995365500450134,0.5186915397644043,-0.008475091308355331,0.37861090898513794,0.5342876315116882,0.0006252453895285726,0.3840504586696625,0.5097622871398926,-0.009107500314712524,0.37665030360221863,0.5297568440437317,-0.0149857047945261,0.37124258279800415,0.5494025945663452,-0.017144501209259033,0.3653157651424408,0.5255675315856934,-0.00020573784422595054,0.36965426802635193,0.5029322504997253,-0.011424152180552483,0.3627016842365265,0.5314793586730957,-0.015247853472828865,0.3586532473564148,0.5530723929405212,-0.01508070807904005,0.3522849380970001,0.5217621922492981,-0.002647439483553171,0.3561556041240692,0.5010865926742554,-0.014292968437075615,0.3507641851902008,0.5304645895957947,-0.012964265421032906,0.3476686179637909,0.5507723689079285,-0.008782705292105675,0.3384557366371155,0.5203616619110107,-0.005450492724776268,0.34226104617118835,0.5038266181945801,-0.01341821439564228,0.33985915780067444,0.5254130959510803,-0.011758126318454742,0.3386465013027191,0.542283296585083,-0.008162768557667732,0.6061136722564697,0.6205940246582031,-1.632957804531543e-07,0.5826802849769592,0.5979262590408325,-0.002680042525753379,0.567836582660675,0.5603603720664978,-0.003533541690558195,0.5605769157409668,0.5279948115348816,-0.006197432056069374,0.5525920987129211,0.5059179067611694,-0.008235720917582512,0.5811370611190796,0.5342441201210022,0.006797168403863907,0.5764408707618713,0.5084577798843384,-0.0022460301406681538,0.5788644552230835,0.5328475832939148,-0.009054402820765972,0.5820780396461487,0.5563934445381165,-0.011960064992308617,0.5940811634063721,0.5330947041511536,0.0044135041534900665,0.5891388058662415,0.5067198276519775,-0.005226786248385906,0.5913582444190979,0.537643313407898,-0.010030258446931839,0.5939997434616089,0.5628332495689392,-0.010807088576257229,0.6086089611053467,0.534946858882904,0.00028148340061306953,0.6035069823265076,0.5092902779579163,-0.008395333774387836,0.6038234233856201,0.5419842600822449,-0.008079533465206623,0.6052746772766113,0.5677898526191711,-0.005300263408571482,0.6238032579421997,0.5409255027770996,-0.004405747167766094,0.6178644299507141,0.5189442038536072,-0.009604270569980145,0.6155474185943604,0.5389644503593445,-0.008195498958230019,0.6161603927612305,0.5566938519477844,-0.005547452252358198
25,0.3359508514404297,0.5910531878471375,-4.0988975769096214e-08,0.3604688346385956,0.590914249420166,-0.004918843973428011,0.3795167803764343,0.5692009329795837,-0.006080773193389177,0.3894038200378418,0.5387288928031921,-0.007775979582220316,0.3986036777496338,0.518538236618042,-0.008817914873361588,0.3775537610054016,0.5346165299415588,0.001315892906859517,0.383158802986145,0.5100986361503601,-0.008261604234576225,0.37610289454460144,0.5299302339553833,-0.014342661947011948,0.3707459270954132,0.5500710606575012,-0.016578299924731255,0.36459818482398987,0.526303231716156,0.0004656320670619607,0.36948826909065247,0.5033659934997559,-0.01015241164714098,0.36238256096839905,0.5305219292640686,-0.013997524976730347,0.3580668866634369,0.5525370240211487,-0.013921529054641724,0.3519006371498108,0.5225040316581726,-0.00199070549570024,0.3560684323310852,0.5022070407867432,-0.012912939302623272,0.35059458017349243,0.5304543375968933,-0.0114680714905262,0.3472159504890442,0.5511454343795776,-0.007253142073750496,0.3385671079158783,0.5213911533355713,-0.004803589079529047,0.3426235318183899,0.5039596557617188,-0.012310454621911049,0.3402021825313568,0.5251092910766602,-0.010304643772542477,0.33869102597236633,0.5424213409423828,-0.006412787362933159,0.6062533259391785,0.6195994019508362,-1.7839801103036734e-07,0.583189845085144,0.5962164402008057,-0.002405247651040554,0.5679101347923279,0.5619154572486877,-0.003912334330379963,0.5605425238609314,0.5301711559295654,-0.007446402683854103,0.5542206168174744,0.5067896246910095,-0.010536491870880127,0.5825954079627991,0.5330092310905457,0.006585284136235714,0.5782099962234497,0.5064667463302612,-0.002796549815684557,0.579307496547699,0.5306575894355774,-0.01045021042227745,0.581925094127655,0.5556141138076782,-0.014065496623516083,0.5959442257881165,0.5330016016960144,0.0038228181656450033,0.5908411145210266,0.5060455203056335,-0.006108429748564959,0.5917905569076538,0.5368014574050903,-0.011599943973124027,0.5939313769340515,0.5632477402687073,-0.013051760382950306,0.6105116605758667,0.5350082516670227,-0.0006966264336369932,0.6054058074951172,0.5089958906173706,-0.009580790996551514,0.604663074016571,0.5402777194976807,-0.00990071427077055,0.605380654335022,0.56693035364151,-0.007701538037508726,0.6258101463317871,0.5411201119422913,-0.0057954913936555386,0.6204088926315308,0.5186829566955566,-0.011109460145235062,0.6167018413543701,0.5388023853302002,-0.009813385084271431,0.6160294413566589,0.5582836866378784,-0.007327686995267868
26,0.3354250490665436,0.5940525531768799,-3.9441953703089894e-08,0.3596067726612091,0.5946312546730042,-0.004616099875420332,0.3792402744293213,0.5708237290382385,-0.005505441688001156,0.3895808458328247,0.5387200713157654,-0.007051109801977873,0.3990837335586548,0.5169917941093445,-0.008080615662038326,0.3779506981372833,0.5354416370391846,0.001602203818038106,0.3833005428314209,0.51029372215271,-0.008124752901494503,0.37640252709388733,0.5315700769424438,-0.014446296729147434,0.3705735504627228,0.5526121258735657,-0.01684103161096573,0.36484295129776,0.5266377925872803,0.0005193124525249004,0.36978718638420105,0.5036677122116089,-0.009857580065727234,0.36325761675834656,0.5316432118415833,-0.013959267176687717,0.3583798110485077,0.553197979927063,-0.014234939590096474,0.3519213795661926,0.5233408212661743,-0.0021617731545120478,0.3563939332962036,0.5011638402938843,-0.012700640596449375,0.3511766791343689,0.5300447344779968,-0.01149019319564104,0.3473811447620392,0.5507248640060425,-0.0076334066689014435,0.3381992280483246,0.5229986310005188,-0.005226763430982828,0.3423722982406616,0.5046341419219971,-0.012551975436508656,0.34021371603012085,0.5253611207008362,-0.010855424217879772,0.33865976333618164,0.5420816540718079,-0.007321055047214031,0.6068267822265625,0.619539737701416,-1.6508936084846937e-07,0.5836884379386902,0.5954248309135437,-0.0022547028493136168,0.5688217878341675,0.559573233127594,-0.0035396432504057884,0.5617067217826843,0.5268607139587402,-0.006693445611745119,0.5549952387809753,0.5037918090820312,-0.0095523064956069,0.5833374261856079,0.5330309271812439,0.005520249716937542,0.579452633857727,0.5073866844177246,-0.00356983277015388,0.5811024904251099,0.5303950905799866,-0.010982905514538288,0.5835570096969604,0.5544230341911316,-0.014563729986548424,0.5970116853713989,0.5331668257713318,0.0028362968005239964,0.5929751992225647,0.505702018737793,-0.006914012134075165,0.5939967632293701,0.5359392166137695,-0.01246176939457655,0.5955942869186401,0.5629659295082092,-0.014061971567571163,0.6116400957107544,0.5355724096298218,-0.0013663170393556356,0.6075152158737183,0.5093398690223694,-0.010200029239058495,0.6062907576560974,0.5405217409133911,-0.01060465071350336,0.6061912775039673,0.567544162273407,-0.008538519963622093,0.6266247034072876,0.5417858958244324,-0.0060821096412837505,0.6214812994003296,0.5209894180297852,-0.011892217211425304,0.6178426146507263,0.5409538149833679,-0.01093898806720972,0.6167590618133545,0.5606411099433899,-0.008640986867249012
27,0.33482640981674194,0.5923238396644592,-5.0589012090540564e-08,0.35870417952537537,0.5935038924217224,-0.005350673571228981,0.37896978855133057,0.5713056921958923,-0.00616086320951581,0.3896857500076294,0.5406992435455322,-0.0074403113685548306,0.3989669978618622,0.5198951959609985,-0.008072154596447945,0.3769233524799347,0.5347477793693542,0.0009716178174130619,0.38272997736930847,0.5105709433555603,-0.008614415302872658,0.37560611963272095,0.5305423140525818,-0.0145343616604805,0.3703727424144745,0.5505016446113586,-0.016667461022734642,0.3638484477996826,0.5263327360153198,0.00024498935090377927,0.3698941469192505,0.5033242702484131,-0.01075926423072815,0.3624627888202667,0.5310561656951904,-0.014458238147199154,0.3579553961753845,0.5534334778785706,-0.014019890688359737,0.35091733932495117,0.5223270058631897,-0.002151874592527747,0.3559086322784424,0.5017881989479065,-0.013516443781554699,0.3503822982311249,0.5305779576301575,-0.01210926752537489,0.3470250070095062,0.5514487028121948,-0.007685211952775717,0.33715304732322693,0.5210086703300476,-0.004960136488080025,0.34237775206565857,0.5035327672958374,-0.012693008407950401,0.3401055932044983,0.5250275135040283,-0.010793006047606468,0.3384033739566803,0.5423989295959473,-0.006921026855707169,0.6082623600959778,0.621978223323822,-1.4005085802182293e-07,0.5855348110198975,0.5977298617362976,-0.003910725936293602,0.570375382900238,0.559847354888916,-0.005435504484921694,0.5622016787528992,0.5275508165359497,-0.00856168195605278,0.5544541478157043,0.5050051808357239,-0.010901172645390034,0.5829439759254456,0.5334258675575256,0.0056395079009234905,0.5795015096664429,0.5077326893806458,-0.004072100855410099,0.5822976231575012,0.5319578051567078,-0.011301719583570957,0.5851202011108398,0.5555030703544617,-0.014400799758732319,0.5959717035293579,0.5329921841621399,0.003573886351659894,0.5920348167419434,0.5065609812736511,-0.006666132248938084,0.5949156284332275,0.5370258092880249,-0.011695724911987782,0.5973691940307617,0.561967670917511,-0.01252486277371645,0.6104607582092285,0.5355426073074341,-0.00035432138247415423,0.6063134670257568,0.510425329208374,-0.009638186544179916,0.6069394946098328,0.5432854890823364,-0.00915608648210764,0.6076226830482483,0.5684203505516052,-0.006089833565056324,0.6253775954246521,0.5421216487884521,-0.004936311859637499,0.6200897097587585,0.5202570557594299,-0.010407316498458385,0.6187124252319336,0.5404874682426453,-0.008619332686066628,0.6193041801452637,0.5577242374420166,-0.005573969800025225
28,0.33482640981674194,0.5923238396644592,-5.0589012090540564e-08,0.35870417952537537,0.5935038924217224,-0.005350673571228981,0.37896978855133057,0.5713056921958923,-0.00616086320951581,0.3896857500076294,0.5406992435455322,-0.0074403113685548306,0.3989669978618622,0.5198951959609985,-0.008072154596447945,0.3769233524799347,0.5347477793693542,0.0009716178174130619,0.38272997736930847,0.5105709433555603,-0.008614415302872658,0.37560611963272095,0.5305423140525818,-0.0145343616604805,0.3703727424144745,0.5505016446113586,-0.016667461022734642,0.3638484477996826,0.5263327360153198,0.00024498935090377927,0.3698941469192505,0.5033242702484131,-0.01075926423072815,0.3624627888202667,0.5310561656951904,-0.014458238147199154,0.3579553961753845,0.5534334778785706,-0.014019890688359737,0.35091733932495117,0.5223270058631897,-0.002151874592527747,0.3559086322784424,0.5017881989479065,-0.013516443781554699,0.3503822982311249,0.5305779576301575,-0.01210926752537489,0.3470250070095062,0.5514487028121948,-0.007685211952775717,0.33715304732322693,0.5210086703300476,-0.004960136488080025,0.34237775206565857,0.5035327672958374,-0.012693008407950401,0.3401055932044983,0.5250275135040283,-0.010793006047606468,0.3384033739566803,0.5423989295959473,-0.006921026855707169,0.6082623600959778,0.621978223323822,-1.4005085802182293e-07,0.5855348110198975,0.5977298617362976,-0.003910725936293602,0.570375382900238,0.559847354888916,-0.005435504484921694,0.5622016787528992,0.5275508165359497,-0.00856168195605278,0.5544541478157043,0.5050051808357239,-0.010901172645390034,0.5829439759254456,0.5334258675575256,0.0056395079009234905,0.5795015096664429,0.5077326893806458,-0.004072100855410099,0.5822976231575012,0.5319578051567078,-0.011301719583570957,0.5851202011108398,0.5555030703544617,-0.014400799758732319,0.5959717035293579,0.5329921841621399,0.003573886351659894,0.5920348167419434,0.5065609812736511,-0.006666132248938084,0.5949156284332275,0.5370258092880249,-0.011695724911987782,0.5973691940307617,0.561967670917511,-0.01252486277371645,0.6104607582092285,0.5355426073074341,-0.00035432138247415423,0.6063134670257568,0.510425329208374,-0.009638186544179916,0.6069394946098328,0.5432854890823364,-0.00915608648210764,0.6076226830482483,0.5684203505516052,-0.006089833565056324,0.6253775954246521,0.5421216487884521,-0.004936311859637499,0.6200897097587585,0.5202570557594299,-0.010407316498458385,0.6187124252319336,0.5404874682426453,-0.008619332686066628,0.6193041801452637,0.5577242374420166,-0.005573969800025225
29,0.3359334468841553,0.5920631289482117,-4.363967676113134e-08,0.3591873049736023,0.5949333906173706,-0.004673430230468512,0.3788312077522278,0.5726770162582397,-0.005316996015608311,0.3895977735519409,0.5421096682548523,-0.0066008372232317924,0.3976728916168213,0.5206950902938843,-0.0073145655915141106,0.3779755234718323,0.536156415939331,0.0010850736871361732,0.38283008337020874,0.5111948847770691,-0.008416932076215744,0.3754236400127411,0.530696451663971,-0.014425287023186684,0.3703243136405945,0.5504701137542725,-0.016861986368894577,0.36499202251434326,0.527273952960968,-8.345964306499809e-05,0.3691331148147583,0.5043948292732239,-0.011231223121285439,0.3620363175868988,0.5320414900779724,-0.015423479489982128,0.3575699031352997,0.5537827014923096,-0.015650702640414238,0.35223668813705444,0.5232726335525513,-0.002791836392134428,0.3559197187423706,0.501883864402771,-0.014105919748544693,0.350237101316452,0.5302352905273438,-0.013232452794909477,0.34671199321746826,0.5507000088691711,-0.009525998495519161,0.3387088179588318,0.5214197039604187,-0.005887996405363083,0.3417780101299286,0.505224347114563,-0.01372683048248291,0.33917662501335144,0.5255945324897766,-0.012571755796670914,0.33795198798179626,0.5420853495597839,-0.009496606886386871,0.6079602241516113,0.6188756823539734,-1.383673406962771e-07,0.5854547619819641,0.596235454082489,-0.0019331899238750339,0.5710165500640869,0.5600101351737976,-0.002299597254022956,0.5635288953781128,0.5298174023628235,-0.004315578378736973,0.5555146932601929,0.5101417899131775,-0.005826794076710939,0.5825090408325195,0.5348809957504272,0.006377217825502157,0.5794236660003662,0.5111984014511108,-0.002005303045734763,0.5828548669815063,0.5339420437812805,-0.008859877474606037,0.5861968398094177,0.5577643513679504,-0.012051081284880638,0.5957763195037842,0.5337134003639221,0.00390876829624176,0.5922418236732483,0.5086971521377563,-0.004757812712341547,0.595161497592926,0.5370270013809204,-0.009675654582679272,0.5975105166435242,0.5621483325958252,-0.010873406194150448,0.610281229019165,0.5357024669647217,-3.621491850935854e-05,0.606593132019043,0.5111202597618103,-0.007746675983071327,0.6071297526359558,0.5413768887519836,-0.007278410252183676,0.6078192591667175,0.5663685202598572,-0.004762744065374136,0.625109076499939,0.5416249632835388,-0.004480421077460051,0.6200947761535645,0.5218814611434937,-0.009309730492532253,0.6183664202690125,0.5411628484725952,-0.007619516924023628,0.6185796856880188,0.55833899974823,-0.004920790903270245
30,0.3359334468841553,0.5920631289482117,-4.363967676113134e-08,0.3591873049736023,0.5949333906173706,-0.004673430230468512,0.3788312077522278,0.5726770162582397,-0.005316996015608311,0.3895977735519409,0.5421096682548523,-0.0066008372232317924,0.3976728916168213,0.5206950902938843,-0.0073145655915141106,0.3779755234718323,0.536156415939331,0.0010850736871361732,0.38283008337020874,0.5111948847770691,-0.008416932076215744,0.3754236400127411,0.530696451663971,-0.014425287023186684,0.3703243136405945,0.5504701137542725,-0.016861986368894577,0.36499202251434326,0.527273952960968,-8.345964306499809e-05,0.3691331148147583,0.5043948292732239,-0.011231223121285439,0.3620363175868988,0.5320414900779724,-0.015423479489982128,0.3575699031352997,0.5537827014923096,-0.015650702640414238,0.35223668813705444,0.5232726335525513,-0.002791836392134428,0.3559197187423706,0.501883864402771,-0.014105919748544693,0.350237101316452,0.5302352905273438,-0.013232452794909477,0.34671199321746826,0.5507000088691711,-0.009525998495519161,0.3387088179588318,0.5214197039604187,-0.005887996405363083,0.3417780101299286,0.505224347114563,-0.01372683048248291,0.33917662501335144,0.5255945324897766,-0.012571755796670914,0.33795198798179626,0.5420853495597839,-0.009496606886386871,0.6079602241516113,0.6188756823539734,-1.383673406962771e-07,0.5854547619819641,0.596235454082489,-0.0019331899238750339,0.5710165500640869,0.5600101351737976,-0.002299597254022956,0.5635288953781128,0.5298174023628235,-0.004315578378736973,0.5555146932601929,0.5101417899131775,-0.005826794076710939,0.5825090408325195,0.5348809957504272,0.006377217825502157,0.5794236660003662,0.5111984014511108,-0.002005303045734763,0.5828548669815063,0.5339420437812805,-0.008859877474606037,0.5861968398094177,0.5577643513679504,-0.012051081284880638,0.5957763195037842,0.5337134003639221,0.00390876829624176,0.5922418236732483,0.5086971521377563,-0.004757812712341547,0.595161497592926,0.5370270013809204,-0.009675654582679272,0.5975105166435242,0.5621483325958252,-0.010873406194150448,0.610281229019165,0.5357024669647217,-3.621491850935854e-05,0.606593132019043,0.5111202597618103,-0.007746675983071327,0.6071297526359558,0.5413768887519836,-0.007278410252183676,0.6078192591667175,0.5663685202598572,-0.004762744065374136,0.625109076499939,0.5416249632835388,-0.004480421077460051,0.6200947761535645,0.5218814611434937,-0.009309730492532253,0.6183664202690125,0.5411628484725952,-0.007619516924023628,0.6185796856880188,0.55833899974823,-0.004920790903270245
31,0.33575132489204407,0.59200519323349,-3.904475676108632e-08,0.3600779175758362,0.5918986797332764,-0.004494269844144583,0.37918102741241455,0.5695747137069702,-0.005484377965331078,0.38952967524528503,0.5389670133590698,-0.007318621501326561,0.3992134928703308,0.5183427929878235,-0.008595261722803116,0.3779446482658386,0.5334657430648804,0.002835568506270647,0.3835430145263672,0.5099618434906006,-0.006621467415243387,0.3770543336868286,0.5302320718765259,-0.013186127878725529,0.3712860643863678,0.5504144430160522,-0.01590510457754135,0.36482682824134827,0.5250958800315857,0.0015861219726502895,0.36976999044418335,0.5042144060134888,-0.009002023376524448,0.36305660009384155,0.5322822332382202,-0.013365435414016247,0.35814914107322693,0.5538492798805237,-0.013746635988354683,0.35170799493789673,0.5211634039878845,-0.0013136151246726513,0.3563959002494812,0.5017204284667969,-0.01221026573330164,0.35130569338798523,0.5304429531097412,-0.011151595041155815,0.34755954146385193,0.5505098104476929,-0.0073023648001253605,0.3377706706523895,0.5200631022453308,-0.0045874095521867275,0.34260305762290955,0.5040685534477234,-0.011967763304710388,0.34055647253990173,0.5250917673110962,-0.01012037880718708,0.33889198303222656,0.5413920283317566,-0.006477599497884512,0.6086578965187073,0.6222419738769531,-1.260808772940436e-07,0.5855095982551575,0.5994390249252319,-0.004966803826391697,0.570985734462738,0.5623713731765747,-0.007031400687992573,0.5627188682556152,0.5298873782157898,-0.010385360568761826,0.5539770722389221,0.5072478652000427,-0.013062764890491962,0.5828874111175537,0.5358747243881226,0.004592601675540209,0.5792360305786133,0.5109379291534424,-0.00490095280110836,0.5822168588638306,0.5343062877655029,-0.012081978842616081,0.5857319831848145,0.5583423972129822,-0.015231494791805744,0.5960190892219543,0.5342727899551392,0.0030128697399049997,0.5922009348869324,0.5065996646881104,-0.007295132149010897,0.594937801361084,0.53609299659729,-0.012455613352358341,0.5975455641746521,0.562984049320221,-0.013220023363828659,0.6104141473770142,0.5361849069595337,-0.0004039232153445482,0.6066529154777527,0.5107649564743042,-0.009667525999248028,0.607008159160614,0.5424635410308838,-0.009240858256816864,0.6078065037727356,0.5685005784034729,-0.006119979545474052,0.6255866289138794,0.5420846343040466,-0.004544669762253761,0.6201785206794739,0.5211942195892334,-0.010026095435023308,0.6181226968765259,0.5409742593765259,-0.008219103328883648,0.618053138256073,0.5585338473320007,-0.00513709569349885
32,0.3354753255844116,0.5907282829284668,-4.6689791588505614e-08,0.35868579149246216,0.5915310382843018,-0.005403854418545961,0.3787950575351715,0.5695157051086426,-0.0063395751640200615,0.3895871937274933,0.5402399897575378,-0.007674044463783503,0.39826807379722595,0.5189226865768433,-0.008341294713318348,0.37743738293647766,0.5325709581375122,0.0008797096088528633,0.3833763599395752,0.5097363591194153,-0.0082057174295187,0.37630265951156616,0.5292530059814453,-0.013997174799442291,0.3707209527492523,0.5489163398742676,-0.016103599220514297,0.3644009232521057,0.5247303247451782,0.00035490450682118535,0.3702353835105896,0.5031728148460388,-0.009521286003291607,0.3635694980621338,0.5298367142677307,-0.012891220860183239,0.35912612080574036,0.5514219999313354,-0.012626809068024158,0.35110509395599365,0.520811915397644,-0.0018123886547982693,0.3561406135559082,0.5020425915718079,-0.012313800863921642,0.35118070244789124,0.5305798053741455,-0.01080141682177782,0.34763094782829285,0.5509766936302185,-0.006678162608295679,0.3370833992958069,0.5194249153137207,-0.004400306381285191,0.3424837589263916,0.5035524964332581,-0.011716527864336967,0.34026476740837097,0.5247127413749695,-0.00967141892760992,0.3380398452281952,0.5412726998329163,-0.00587413739413023,0.6076714396476746,0.619480311870575,-1.4246106161408534e-07,0.5851196646690369,0.5977573394775391,-0.004185808356851339,0.5700953602790833,0.5596072673797607,-0.005432790145277977,0.5622672438621521,0.5285966396331787,-0.008045756258070469,0.5536434650421143,0.5080742239952087,-0.009940741583704948,0.5825508236885071,0.5347230434417725,0.005123076494783163,0.5789071321487427,0.5107384324073792,-0.004131510853767395,0.5824900269508362,0.5350164175033569,-0.011169487610459328,0.586199164390564,0.5585061311721802,-0.014245336875319481,0.5956467986106873,0.5334417819976807,0.0033280495554208755,0.59166020154953,0.5087199211120605,-0.006461086682975292,0.595000147819519,0.5386676788330078,-0.011403709650039673,0.5979037284851074,0.5644075870513916,-0.012223083525896072,0.6099452972412109,0.5356168150901794,-0.0002448361774440855,0.6061431765556335,0.5115606784820557,-0.009045387618243694,0.6072309017181396,0.5432878136634827,-0.008507304824888706,0.6083253622055054,0.5688120722770691,-0.005531226750463247,0.6247981786727905,0.5417062640190125,-0.004488839302212,0.6200593709945679,0.5203049182891846,-0.009756023995578289,0.6186057329177856,0.5397904515266418,-0.007874203845858574,0.618904173374176,0.557065486907959,-0.004827136639505625
33,0.3354753255844116,0.5907282829284668,-4.6689791588505614e-08,0.35868579149246216,0.5915310382843018,-0.005403854418545961,0.3787950575351715,0.5695157051086426,-0.0063395751640200615,0.3895871937274933,0.5402399897575378,-0.007674044463783503,0.39826807379722595,0.5189226865768433,-0.008341294713318348,0.37743738293647766,0.5325709581375122,0.0008797096088528633,0.3833763599395752,0.5097363591194153,-0.0082057174295187,0.37630265951156616,0.5292530059814453,-0.013997174799442291,0.3707209527492523,0.5489163398742676,-0.016103599220514297,0.3644009232521057,0.5247303247451782,0.00035490450682118535,0.3702353835105896,0.5031728148460388,-0.009521286003291607,0.3635694980621338,0.5298367142677307,-0.012891220860183239,0.35912612080574036,0.5514219999313354,-0.012626809068024158,0.35110509395599365,0.520811915397644,-0.0018123886547982693,0.3561406135559082,0.5020425915718079,-0.012313800863921642,0.35118070244789124,0.5305798053741455,-0.01080141682177782,0.34763094782829285,0.5509766936302185,-0.006678162608295679,0.3370833992958069,0.5194249153137207,-0.004400306381285191,0.3424837589263916,0.5035524964332581,-0.011716527864336967,0.34026476740837097,0.5247127413749695,-0.00967141892760992,0.3380398452281952,0.5412726998329163,-0.00587413739413023,0.6076714396476746,0.619480311870575,-1.4246106161408534e-07,0.5851196646690369,0.5977573394775391,-0.004185808356851339,0.5700953602790833,0.5596072673797607,-0.005432790145277977,0.5622672438621521,0.5285966396331787,-0.008045756258070469,0.5536434650421143,0.5080742239952087,-0.009940741583704948,0.5825508236885071,0.5347230434417725,0.005123076494783163,0.5789071321487427,0.5107384324073792,-0.004131510853767395,0.5824900269508362,0.5350164175033569,-0.011169487610459328,0.586199164390564,0.5585061311721802,-0.014245336875319481,0.5956467986106873,0.5334417819976807,0.0033280495554208755,0.59166020154953,0.5087199211120605,-0.006461086682975292,0.595000147819519,0.5386676788330078,-0.011403709650039673,0.5979037284851074,0.5644075870513916,-0.012223083525896072,0.6099452972412109,0.5356168150901794,-0.0002448361774440855,0.6061431765556335,0.5115606784820557,-0.009045387618243694,0.6072309017181396,0.5432878136634827,-0.008507304824888706,0.6083253622055054,0.5688120722770691,-0.005531226750463247,0.6247981786727905,0.5417062640190125,-0.004488839302212,0.6200593709945679,0.5203049182891846,-0.009756023995578289,0.6186057329177856,0.5397904515266418,-0.007874203845858574,0.618904173374176,0.557065486907959,-0.004827136639505625
34,0.3352414071559906,0.5942238569259644,-3.865681463821602e-08,0.35952287912368774,0.5924891829490662,-0.004365443252027035,0.37864428758621216,0.5696902275085449,-0.0054047792218625546,0.3893212080001831,0.5404486656188965,-0.00732824020087719,0.39835572242736816,0.5186651945114136,-0.008717278949916363,0.37715667486190796,0.5339425802230835,0.0019349317299202085,0.3829975128173828,0.5099420547485352,-0.007737232372164726,0.37610918283462524,0.5305101275444031,-0.014181258156895638,0.37034183740615845,0.5510792136192322,-0.01669219136238098,0.3641499876976013,0.5255840420722961,0.0004889545380137861,0.3703575134277344,0.5035887360572815,-0.010102232918143272,0.36349809169769287,0.5307608842849731,-0.014232936315238476,0.3585958778858185,0.5522208213806152,-0.014378814026713371,0.35087263584136963,0.5219065546989441,-0.0025499281473457813,0.35647115111351013,0.5013091564178467,-0.013215611688792706,0.35134539008140564,0.529540479183197,-0.011957886628806591,0.3475145101547241,0.5497849583625793,-0.007961221039295197,0.33662769198417664,0.5211406946182251,-0.005976391956210136,0.3419671356678009,0.503939688205719,-0.01301797665655613,0.3404442071914673,0.5246987342834473,-0.010987259447574615,0.3388940691947937,0.5413727164268494,-0.007239807862788439,0.6088831424713135,0.6228950023651123,-1.1205541738945612e-07,0.5855906009674072,0.6006253361701965,-0.0038951640017330647,0.5707328915596008,0.5650070905685425,-0.004993095062673092,0.563930094242096,0.5321865081787109,-0.00768083892762661,0.5560040473937988,0.5100075602531433,-0.0095030153170228,0.5820984840393066,0.536891520023346,0.007734363432973623,0.5783793926239014,0.5099785923957825,-0.0015300702070817351,0.582027018070221,0.5324969291687012,-0.00887258443981409,0.5864135026931763,0.5560500621795654,-0.01197934988886118,0.5953498482704163,0.5351606011390686,0.006010524928569794,0.5914549231529236,0.508906900882721,-0.0036925370804965496,0.5943522453308105,0.5378183722496033,-0.008905643597245216,0.597598671913147,0.5634393095970154,-0.009687836281955242,0.6097909212112427,0.5371183156967163,0.0022905669175088406,0.6060795783996582,0.5114464163780212,-0.006521223112940788,0.6065235137939453,0.5415853261947632,-0.006146943662315607,0.6079204678535461,0.5666674375534058,-0.0029528432060033083,0.6252365112304688,0.5428431034088135,-0.0021207674872130156,0.6204409599304199,0.5212745666503906,-0.007354573346674442,0.6185421347618103,0.5400792956352234,-0.0056359777227044106,0.619158148765564,0.5577983856201172,-0.0024492430966347456
35,0.33521339297294617,0.5926875472068787,-7.043082916879939e-08,0.35853832960128784,0.592254638671875,-0.006441080942749977,0.3786814510822296,0.5703727602958679,-0.008274407126009464,0.39000722765922546,0.5398601293563843,-0.010383541695773602,0.3998274505138397,0.5189056396484375,-0.01160520501434803,0.3784812390804291,0.5348522067070007,-0.0003239705110900104,0.3836209177970886,0.5091692209243774,-0.010873409919440746,0.37562066316604614,0.5284297466278076,-0.017049985006451607,0.37004053592681885,0.5480377674102783,-0.019199952483177185,0.36492592096328735,0.5261220335960388,-0.000815838691778481,0.37019363045692444,0.5016418099403381,-0.012755918316543102,0.3621748387813568,0.530051052570343,-0.016200868412852287,0.35772544145584106,0.5518203973770142,-0.015455846674740314,0.3515426516532898,0.5219388008117676,-0.003133556339889765,0.3556559681892395,0.5005204081535339,-0.01547317299991846,0.3500645160675049,0.5305445790290833,-0.01364052202552557,0.3472270965576172,0.5508540272712708,-0.008775521069765091,0.3374285101890564,0.5206666588783264,-0.005926153622567654,0.34138453006744385,0.502194344997406,-0.014274477027356625,0.33929863572120667,0.5246136784553528,-0.012243256904184818,0.3383861482143402,0.5411838293075562,-0.00818836223334074,0.6089810729026794,0.6228634119033813,-1.4636327705375152e-07,0.5857757329940796,0.5976559519767761,-0.003165114438161254,0.5708282589912415,0.5616860389709473,-0.004636622965335846,0.5625371932983398,0.5299926400184631,-0.007941137999296188,0.5542442202568054,0.5079724192619324,-0.01078076008707285,0.5840039849281311,0.5341667532920837,0.006462240591645241,0.5805955529212952,0.509780764579773,-0.0022798976860940456,0.5829238891601562,0.5323906540870667,-0.009403128176927567,0.5854586958885193,0.5562856197357178,-0.012657673098146915,0.5977988243103027,0.5331495404243469,0.004237458109855652,0.5939862132072449,0.5086363554000854,-0.005153740290552378,0.5956318974494934,0.537883460521698,-0.010500430129468441,0.5973606109619141,0.5643175840377808,-0.011810299009084702,0.6125531792640686,0.535419762134552,0.0002872538170777261,0.6083885431289673,0.5121077299118042,-0.008069808594882488,0.6082178950309753,0.5424603223800659,-0.0085294209420681,0.6085237264633179,0.568885087966919,-0.0063616931438446045,0.6275671720504761,0.5422702431678772,-0.004292899277061224,0.6225134134292603,0.52252197265625,-0.009205327369272709,0.6198386549949646,0.5410310626029968,-0.008049451746046543,0.619147539138794,0.5593147873878479,-0.005632774438709021
36,0.33539119362831116,0.5911991000175476,-4.269028508474548e-08,0.3592754602432251,0.5895046591758728,-0.004480836447328329,0.3792441487312317,0.5688413977622986,-0.00537467934191227,0.3901011347770691,0.5400588512420654,-0.006902013439685106,0.39932700991630554,0.5206988453865051,-0.007853415794670582,0.3774418234825134,0.5329572558403015,0.0023207443300634623,0.3831348121166229,0.5106148719787598,-0.006802132353186607,0.3767319321632385,0.5304463505744934,-0.01294004824012518,0.3709748089313507,0.5502997040748596,-0.015210523270070553,0.36443883180618286,0.5246007442474365,0.0013627096777781844,0.37083324790000916,0.5023417472839355,-0.008626552298665047,0.36390623450279236,0.5299285054206848,-0.01243853010237217,0.35856103897094727,0.5519652962684631,-0.012307265773415565,0.35130006074905396,0.5205844640731812,-0.0011228822404518723,0.3568751811981201,0.500967264175415,-0.011403026059269905,0.35149261355400085,0.5298557281494141,-0.009739818051457405,0.34744322299957275,0.5501179099082947,-0.005394603591412306,0.3371218144893646,0.5190455317497253,-0.0039618657901883125,0.3427240550518036,0.5025960206985474,-0.010881190188229084,0.3407161831855774,0.5239981412887573,-0.008489533327519894,0.33866140246391296,0.5403474569320679,-0.004367973655462265,0.6084840297698975,0.625017523765564,-1.5547246334790543e-07,0.585587739944458,0.5996545553207397,-0.0021153497509658337,0.571033775806427,0.5629174709320068,-0.002940825652331114,0.5631764531135559,0.5317817330360413,-0.005718957167118788,0.5545766353607178,0.5101457834243774,-0.007956056855618954,0.5844202637672424,0.5346083641052246,0.007561889011412859,0.5801416039466858,0.5097664594650269,-0.0012269581202417612,0.5829138159751892,0.5338801741600037,-0.008358439430594444,0.5860185027122498,0.5585803985595703,-0.011618012562394142,0.5975473523139954,0.5330936312675476,0.004928896203637123,0.5926052331924438,0.5077199935913086,-0.004375889431685209,0.5948745012283325,0.538404643535614,-0.00951232761144638,0.5974723100662231,0.5649684071540833,-0.010638400912284851,0.6121290326118469,0.5352540016174316,0.0006189101841300726,0.6069737076759338,0.5098446011543274,-0.007672835607081652,0.6074337363243103,0.5419398546218872,-0.00778935756534338,0.6088573336601257,0.5687913298606873,-0.005403405986726284,0.6272419691085815,0.5423749089241028,-0.004248212557286024,0.6210431456565857,0.5232439637184143,-0.009303624741733074,0.6184945106506348,0.5426568984985352,-0.00816317368298769,0.6187136769294739,0.5605840086936951,-0.0057004098780453205
37,0.3356579840183258,0.5902522802352905,-5.868032815214974e-08,0.3591485917568207,0.5914746522903442,-0.00523236533626914,0.37888622283935547,0.5697002410888672,-0.006096764001995325,0.3899189531803131,0.5391442179679871,-0.007414952386170626,0.39900708198547363,0.5187844038009644,-0.007846000604331493,0.376785010099411,0.5335826277732849,0.0014157755067571998,0.3825319707393646,0.5088886022567749,-0.008112197741866112,0.37563106417655945,0.5311058163642883,-0.013413507491350174,0.370749294757843,0.5504713654518127,-0.015009243041276932,0.36401134729385376,0.5255891680717468,0.0007692817598581314,0.3700992465019226,0.5020240545272827,-0.010076724924147129,0.3630627393722534,0.5322936773300171,-0.013139539398252964,0.3585951328277588,0.5530024170875549,-0.01223660446703434,0.35116299986839294,0.5214041471481323,-0.0015720496885478497,0.3566431701183319,0.5008963346481323,-0.013186749070882797,0.3511957824230194,0.5323987603187561,-0.011089365929365158,0.34761714935302734,0.5521210432052612,-0.006092927418649197,0.33729472756385803,0.5196787118911743,-0.004268175922334194,0.3427472710609436,0.5021818280220032,-0.0122384587302804,0.34082043170928955,0.5253757238388062,-0.010060373693704605,0.33914583921432495,0.5420738458633423,-0.005877376534044743,0.6084006428718567,0.6244032979011536,-1.5329615621340054e-07,0.5852678418159485,0.6014147996902466,-0.0034775559324771166,0.5705992579460144,0.5648617148399353,-0.004974445793777704,0.5635672807693481,0.5322943329811096,-0.00810331292450428,0.5555576086044312,0.5097829103469849,-0.010538742877542973,0.5827397704124451,0.5361631512641907,0.005834318231791258,0.5790632367134094,0.5085036158561707,-0.0035648434422910213,0.5822502970695496,0.5327550172805786,-0.01057758554816246,0.5855481028556824,0.5574506521224976,-0.013557408936321735,0.59620201587677,0.534601092338562,0.0035347607918083668,0.5919468402862549,0.5067472457885742,-0.006597151979804039,0.5948810577392578,0.5375537872314453,-0.011919212527573109,0.597470223903656,0.5644382238388062,-0.012864475138485432,0.6109703183174133,0.5366793870925903,-0.0005189569783397019,0.6062656044960022,0.5108156800270081,-0.010076753795146942,0.6071208119392395,0.5436376929283142,-0.010322066023945808,0.6082791090011597,0.5706047415733337,-0.007579561322927475,0.6263837218284607,0.543157696723938,-0.005143492948263884,0.6209139227867126,0.5206860899925232,-0.011448229663074017,0.6184651255607605,0.5413346290588379,-0.010278604924678802,0.6180547475814819,0.560690701007843,-0.0074454499408602715
38,0.3356579840183258,0.5902522802352905,-5.868032815214974e-08,0.3591485917568207,0.5914746522903442,-0.00523236533626914,0.37888622283935547,0.5697002410888672,-0.006096764001995325,0.3899189531803131,0.5391442179679871,-0.007414952386170626,0.39900708198547363,0.5187844038009644,-0.007846000604331493,0.376785010099411,0.5335826277732849,0.0014157755067571998,0.3825319707393646,0.5088886022567749,-0.008112197741866112,0.37563106417655945,0.5311058163642883,-0.013413507491350174,0.370749294757843,0.5504713654518127,-0.015009243041276932,0.36401134729385376,0.5255891680717468,0.0007692817598581314,0.3700992465019226,0.5020240545272827,-0.010076724924147129,0.3630627393722534,0.5322936773300171,-0.013139539398252964,0.3585951328277588,0.5530024170875549,-0.01223660446703434,0.35116299986839294,0.5214041471481323,-0.0015720496885478497,0.3566431701183319,0.5008963346481323,-0.013186749070882797,0.3511957824230194,0.5323987603187561,-0.011089365929365158,0.34761714935302734,0.5521210432052612,-0.006092927418649197,0.33729472756385803,0.5196787118911743,-0.004268175922334194,0.3427472710609436,0.5021818280220032,-0.0122384587302804,0.34082043170928955,0.5253757238388062,-0.010060373693704605,0.33914583921432495,0.5420738458633423,-0.005877376534044743,0.6084006428718567,0.6244032979011536,-1.5329615621340054e-07,0.5852678418159485,0.6014147996902466,-0.0034775559324771166,0.5705992579460144,0.5648617148399353,-0.004974445793777704,0.5635672807693481,0.5322943329811096,-0.00810331292450428,0.5555576086044312,0.5097829103469849,-0.010538742877542973,0.5827397704124451,0.5361631512641907,0.005834318231791258,0.5790632367134094,0.5085036158561707,-0.0035648434422910213,0.5822502970695496,0.5327550172805786,-0.01057758554816246,0.5855481028556824,0.5574506521224976,-0.013557408936321735,0.59620201587677,0.534601092338562,0.0035347607918083668,0.5919468402862549,0.5067472457885742,-0.006597151979804039,0.5948810577392578,0.5375537872314453,-0.011919212527573109,0.597470223903656,0.5644382238388062,-0.012864475138485432,0.6109703183174133,0.5366793870925903,-0.0005189569783397019,0.6062656044960022,0.5108156800270081,-0.010076753795146942,0.6071208119392395,0.5436376929283142,-0.010322066023945808,0.6082791090011597,0.5706047415733337,-0.007579561322927475,0.6263837218284607,0.543157696723938,-0.005143492948263884,0.6209139227867126,0.5206860899925232,-0.011448229663074017,0.6184651255607605,0.5413346290588379,-0.010278604924678802,0.6180547475814819,0.560690701007843,-0.0074454499408602715
39,0.33411166071891785,0.5937016010284424,-4.0627245567748105e-08,0.3584221303462982,0.592613935470581,-0.00510650547221303,0.3781917691230774,0.5712266564369202,-0.00605917489156127,0.38936352729797363,0.5401389598846436,-0.007498936727643013,0.398904025554657,0.5188265442848206,-0.008079701103270054,0.37655192613601685,0.5337003469467163,0.0027705987449735403,0.3817707896232605,0.5096322298049927,-0.006673894822597504,0.3754519820213318,0.5319296717643738,-0.012617013417184353,0.37032872438430786,0.5515516400337219,-0.014645173214375973,0.3639192283153534,0.5259107947349548,0.002256579464301467,0.3695306181907654,0.503071665763855,-0.007904992438852787,0.36274170875549316,0.5333495140075684,-0.011438927613198757,0.35799551010131836,0.5535776615142822,-0.01109403744339943,0.3510645925998688,0.5224343538284302,3.37776291416958e-05,0.3562738597393036,0.5006486177444458,-0.010719016194343567,0.35105276107788086,0.5318005084991455,-0.0086638443171978,0.3473302721977234,0.5512244701385498,-0.00396091490983963,0.3368193805217743,0.521216094493866,-0.002591932425275445,0.34193259477615356,0.503800630569458,-0.010153603740036488,0.34042495489120483,0.5264449715614319,-0.007971289567649364,0.33890092372894287,0.5424158573150635,-0.0038536221254616976,0.608214259147644,0.6185165643692017,-1.4578523632735596e-07,0.5847828388214111,0.6012053489685059,-0.004175432026386261,0.5699611902236938,0.5668812990188599,-0.0059471456333994865,0.5637587308883667,0.533804714679718,-0.00905093178153038,0.555914044380188,0.5114882588386536,-0.011463319882750511,0.58189457654953,0.5361221432685852,0.004123055376112461,0.5781571269035339,0.5097182989120483,-0.0047334590926766396,0.581279993057251,0.5336316227912903,-0.011135419830679893,0.5847766995429993,0.5577354431152344,-0.013807111419737339,0.5955172181129456,0.5344040393829346,0.002290976233780384,0.591518759727478,0.5072287321090698,-0.007171782199293375,0.5943930149078369,0.5383829474449158,-0.01156742125749588,0.596831202507019,0.5642130970954895,-0.011964314617216587,0.6099027991294861,0.5363413095474243,-0.001189166447147727,0.6059636473655701,0.5107859969139099,-0.010183693841099739,0.6065954566001892,0.5431129932403564,-0.009103781543672085,0.607456624507904,0.56822669506073,-0.005682351533323526,0.6250062584877014,0.5420576333999634,-0.005236521828919649,0.6195601224899292,0.5208828449249268,-0.010896062478423119,0.6178935170173645,0.5413790345191956,-0.008711878210306168,0.6179031729698181,0.5588265061378479,-0.005322080571204424
40,0.3356432318687439,0.5942172408103943,-5.1127912570336775e-08,0.35933664441108704,0.5956133008003235,-0.004349675960838795,0.3794884979724884,0.5710954070091248,-0.004761061165481806,0.39022067189216614,0.5392166376113892,-0.005839047487825155,0.3995380401611328,0.5197110176086426,-0.006157492287456989,0.3778976500034332,0.5341708064079285,0.002257501007989049,0.38279634714126587,0.5094605684280396,-0.007119505666196346,0.3758748173713684,0.5316081047058105,-0.012934357859194279,0.3707267940044403,0.5513745546340942,-0.015124515630304813,0.36458060145378113,0.5257384181022644,0.0010182682890444994,0.36966651678085327,0.502587616443634,-0.009653727523982525,0.3630897104740143,0.5329678058624268,-0.013448761776089668,0.3588118553161621,0.553493857383728,-0.013390193693339825,0.3515820801258087,0.5223813652992249,-0.0018099830485880375,0.3563474714756012,0.500730574131012,-0.01274515688419342,0.3514725863933563,0.5313956141471863,-0.01140915509313345,0.3481663465499878,0.5504326224327087,-0.007413334213197231,0.33775967359542847,0.5217872262001038,-0.004985657054930925,0.34196555614471436,0.5047959685325623,-0.012454523704946041,0.3401377499103546,0.5267393589019775,-0.010890201665461063,0.33906131982803345,0.5423985123634338,-0.007515280973166227,0.6083125472068787,0.6225717067718506,-1.5073329961978743e-07,0.5838173031806946,0.5977107286453247,-0.0031281474512070417,0.5691045522689819,0.5615202784538269,-0.004402398597449064,0.5621681213378906,0.5290609002113342,-0.0075137922540307045,0.5539963245391846,0.5063027739524841,-0.010149838402867317,0.5832347273826599,0.5361063480377197,0.006327824667096138,0.5792268514633179,0.5098764300346375,-0.002879061736166477,0.5819347500801086,0.5333435535430908,-0.009961769916117191,0.5852903723716736,0.5576521754264832,-0.01294757891446352,0.5966442227363586,0.5352636575698853,0.003918369300663471,0.5924090147018433,0.5078530311584473,-0.005935234483331442,0.5948300361633301,0.5379664301872253,-0.01116079930216074,0.5975378155708313,0.5647329092025757,-0.01210701186209917,0.6112980246543884,0.5373997688293457,-0.00019897129095625132,0.6063975691795349,0.5108294486999512,-0.008946962654590607,0.6064815521240234,0.5431594848632812,-0.008645572699606419,0.6078963875770569,0.57050621509552,-0.005736140534281731,0.6266939043998718,0.5435194373130798,-0.004909382201731205,0.6204918622970581,0.5202005505561829,-0.009933988563716412,0.6177791953086853,0.5393412113189697,-0.007972415536642075,0.6178342700004578,0.5579244494438171,-0.004828083794564009
