frame,feature_0,feature_1,feature_2,feature_3,feature_4,feature_5,feature_6,feature_7,feature_8,feature_9,feature_10,feature_11,feature_12,feature_13,feature_14,feature_15,feature_16,feature_17,feature_18,feature_19,feature_20,feature_21,feature_22,feature_23,feature_24,feature_25,feature_26,feature_27,feature_28,feature_29,feature_30,feature_31,feature_32,feature_33,feature_34,feature_35,feature_36,feature_37,feature_38,feature_39,feature_40,feature_41,feature_42,feature_43,feature_44,feature_45,feature_46,feature_47,feature_48,feature_49,feature_50,feature_51,feature_52,feature_53,feature_54,feature_55,feature_56,feature_57,feature_58,feature_59,feature_60,feature_61,feature_62,feature_63,feature_64,feature_65,feature_66,feature_67,feature_68,feature_69,feature_70,feature_71,feature_72,feature_73,feature_74,feature_75,feature_76,feature_77,feature_78,feature_79,feature_80,feature_81,feature_82,feature_83,feature_84,feature_85,feature_86,feature_87,feature_88,feature_89,feature_90,feature_91,feature_92,feature_93,feature_94,feature_95,feature_96,feature_97,feature_98,feature_99,feature_100,feature_101,feature_102,feature_103,feature_104,feature_105,feature_106,feature_107,feature_108,feature_109,feature_110,feature_111,feature_112,feature_113,feature_114,feature_115,feature_116,feature_117,feature_118,feature_119,feature_120,feature_121,feature_122,feature_123,feature_124,feature_125
1,0.28521475195884705,0.5716392993927002,-8.815680985208019e-08,0.31559818983078003,0.542917788028717,-0.00646650604903698,0.3348906338214874,0.4972899556159973,-0.008124981075525284,0.3462902307510376,0.45510807633399963,-0.010869364254176617,0.35551711916923523,0.4209743142127991,-0.012809604406356812,0.31914612650871277,0.4627000093460083,0.001868653460405767,0.32460853457450867,0.4351537823677063,-0.009500013664364815,0.3212909698486328,0.46932584047317505,-0.01656174287199974,0.3172309100627899,0.5006920695304871,-0.018705133348703384,0.3019065260887146,0.46298283338546753,0.001000621123239398,0.30764248967170715,0.4326932728290558,-0.011211167089641094,0.3059369921684265,0.4757658839225769,-0.01478964276611805,0.3031979501247406,0.5100111365318298,-0.013867003843188286,0.28412726521492004,0.4678950011730194,-0.0020668962970376015,0.290255069732666,0.4391920268535614,-0.014342696405947208,0.2924453318119049,0.48042505979537964,-0.011664100922644138,0.29156866669654846,0.5123357772827148,-0.005817010998725891,0.26565122604370117,0.4767926037311554,-0.005743225105106831,0.2722497284412384,0.44673866033554077,-0.013571243733167648,0.2777256965637207,0.47362589836120605,-0.010048099793493748,0.27868005633354187,0.49890390038490295,-0.004730721469968557,0.6037896275520325,0.5681815147399902,-1.7899647275498864e-07,0.576278030872345,0.5400604605674744,-0.0077390605583786964,0.5564957857131958,0.4863109290599823,-0.009886719286441803,0.5441864728927612,0.44647860527038574,-0.013229157775640488,0.5308464765548706,0.422777384519577,-0.015306682325899601,0.5745489597320557,0.459028422832489,0.005420142784714699,0.5709897875785828,0.43169379234313965,-0.007553089875727892,0.5771826505661011,0.46454131603240967,-0.017123820260167122,0.5829639434814453,0.49333277344703674,-0.021335404366254807,0.5917871594429016,0.45942866802215576,0.0041503082029521465,0.5881844758987427,0.42835235595703125,-0.009367997758090496,0.5915930271148682,0.4691701829433441,-0.015227516181766987,0.5949642062187195,0.5010532736778259,-0.015558034181594849,0.6095774173736572,0.4653114974498749,0.00024736588238738477,0.6069096326828003,0.43381935358047485,-0.01264970377087593,0.6059423089027405,0.4739137291908264,-0.01124044694006443,0.6061280965805054,0.5059265494346619,-0.006164115853607655,0.6272990703582764,0.47613412141799927,-0.004582511261105537,0.6237473487854004,0.45038431882858276,-0.012130518443882465,0.6196571588516235,0.4760935604572296,-0.009276044555008411,0.6186071038246155,0.49891984462738037,-0.004692878108471632
2,0.28929704427719116,0.5728703737258911,-9.226370423220942e-08,0.3204439580440521,0.5437418818473816,-0.005472961813211441,0.3397883474826813,0.49777752161026,-0.006655941251665354,0.34940987825393677,0.4544372260570526,-0.009023857302963734,0.3587507903575897,0.42130452394485474,-0.010873565450310707,0.32468265295028687,0.46640545129776,0.0015374574577435851,0.3297402858734131,0.4390867352485657,-0.009629853069782257,0.32653307914733887,0.4721071124076843,-0.01664849929511547,0.3223680555820465,0.5029839277267456,-0.018784325569868088,0.3071536421775818,0.4658586382865906,0.0005103150033392012,0.3126803934574127,0.43773096799850464,-0.011115996167063713,0.3106893301010132,0.47965019941329956,-0.014707503840327263,0.3072088658809662,0.5130414962768555,-0.014089464209973812,0.2894691228866577,0.46934762597084045,-0.0024547469802200794,0.29469388723373413,0.44246894121170044,-0.014222083613276482,0.29639121890068054,0.483981192111969,-0.011493753641843796,0.2952834963798523,0.5153664350509644,-0.005925313103944063,0.27070921659469604,0.47676169872283936,-0.005893238820135593,0.2760488986968994,0.44717738032341003,-0.013431515544652939,0.2811870276927948,0.4754410684108734,-0.00970044918358326,0.2820972502231598,0.5008705258369446,-0.0043609957210719585,0.6046360731124878,0.5763916969299316,-2.0580985449214495e-07,0.577593982219696,0.549934446811676,-0.007349805440753698,0.5603227019309998,0.49128443002700806,-0.00855185091495514,0.551739513874054,0.44855132699012756,-0.010680348612368107,0.5387722253799438,0.4233357012271881,-0.011763286776840687,0.577151894569397,0.46667832136154175,0.004357725847512484,0.5756469368934631,0.43999531865119934,-0.00860666111111641,0.5810232162475586,0.4729858636856079,-0.017558379098773003,0.58478182554245,0.5019682049751282,-0.021122651174664497,0.5945399403572083,0.46683788299560547,0.0031304105650633574,0.593107283115387,0.4384218156337738,-0.010220617055892944,0.5953626036643982,0.48265430331230164,-0.015440622344613075,0.5968536734580994,0.5142720341682434,-0.015041367150843143,0.6120501756668091,0.4721575677394867,-0.0005526199820451438,0.6106794476509094,0.44387197494506836,-0.014483345672488213,0.6089602708816528,0.4882690906524658,-0.012569545768201351,0.6082519292831421,0.5200408697128296,-0.006661568768322468,0.6291269063949585,0.4813922047615051,-0.00485775712877512,0.6261196732521057,0.4532516598701477,-0.013419827446341515,0.6215475797653198,0.48196306824684143,-0.009662270545959473,0.6200071573257446,0.5050912499427795,-0.0040148356929421425
3,0.28929704427719116,0.5728703737258911,-9.226370423220942e-08,0.3204439580440521,0.5437418818473816,-0.005472961813211441,0.3397883474826813,0.49777752161026,-0.006655941251665354,0.34940987825393677,0.4544372260570526,-0.009023857302963734,0.3587507903575897,0.42130452394485474,-0.010873565450310707,0.32468265295028687,0.46640545129776,0.0015374574577435851,0.3297402858734131,0.4390867352485657,-0.009629853069782257,0.32653307914733887,0.4721071124076843,-0.01664849929511547,0.3223680555820465,0.5029839277267456,-0.018784325569868088,0.3071536421775818,0.4658586382865906,0.0005103150033392012,0.3126803934574127,0.43773096799850464,-0.011115996167063713,0.3106893301010132,0.47965019941329956,-0.014707503840327263,0.3072088658809662,0.5130414962768555,-0.014089464209973812,0.2894691228866577,0.46934762597084045,-0.0024547469802200794,0.29469388723373413,0.44246894121170044,-0.014222083613276482,0.29639121890068054,0.483981192111969,-0.011493753641843796,0.2952834963798523,0.5153664350509644,-0.005925313103944063,0.27070921659469604,0.47676169872283936,-0.005893238820135593,0.2760488986968994,0.44717738032341003,-0.013431515544652939,0.2811870276927948,0.4754410684108734,-0.00970044918358326,0.2820972502231598,0.5008705258369446,-0.0043609957210719585,0.6046360731124878,0.5763916969299316,-2.0580985449214495e-07,0.577593982219696,0.549934446811676,-0.007349805440753698,0.5603227019309998,0.49128443002700806,-0.00855185091495514,0.551739513874054,0.44855132699012756,-0.010680348612368107,0.5387722253799438,0.4233357012271881,-0.011763286776840687,0.577151894569397,0.46667832136154175,0.004357725847512484,0.5756469368934631,0.43999531865119934,-0.00860666111111641,0.5810232162475586,0.4729858636856079,-0.017558379098773003,0.58478182554245,0.5019682049751282,-0.021122651174664497,0.5945399403572083,0.46683788299560547,0.0031304105650633574,0.593107283115387,0.4384218156337738,-0.010220617055892944,0.5953626036643982,0.48265430331230164,-0.015440622344613075,0.5968536734580994,0.5142720341682434,-0.015041367150843143,0.6120501756668091,0.4721575677394867,-0.0005526199820451438,0.6106794476509094,0.44387197494506836,-0.014483345672488213,0.6089602708816528,0.4882690906524658,-0.012569545768201351,0.6082519292831421,0.5200408697128296,-0.006661568768322468,0.6291269063949585,0.4813922047615051,-0.00485775712877512,0.6261196732521057,0.4532516598701477,-0.013419827446341515,0.6215475797653198,0.48196306824684143,-0.009662270545959473,0.6200071573257446,0.5050912499427795,-0.0040148356929421425
4,0.2918940782546997,0.5803784132003784,-8.342760793311754e-08,0.3246145248413086,0.5531784296035767,-0.006461844779551029,0.3433752655982971,0.5052961707115173,-0.008107392117381096,0.35193002223968506,0.45857664942741394,-0.010983718559145927,0.3641909956932068,0.4289248585700989,-0.012964414432644844,0.3300141394138336,0.4750404357910156,0.004099576268345118,0.3338485062122345,0.4514005780220032,-0.008366870693862438,0.3293026089668274,0.48515796661376953,-0.01737905852496624,0.3253193795681,0.5154715776443481,-0.021149655804038048,0.3111998736858368,0.4747362434864044,0.002905577654018998,0.3148755133152008,0.45037081837654114,-0.011004914529621601,0.3134140372276306,0.4932057857513428,-0.016984257847070694,0.3108258843421936,0.5270709991455078,-0.0178963765501976,0.293571412563324,0.478240966796875,-0.0005920046241953969,0.29597508907318115,0.4558899700641632,-0.01417350023984909,0.29790180921554565,0.4972725212574005,-0.013324430212378502,0.29785671830177307,0.5287113785743713,-0.008809000253677368,0.2759421467781067,0.4851857125759125,-0.004726957995444536,0.27864590287208557,0.462314248085022,-0.013161998242139816,0.28319987654685974,0.4904636740684509,-0.010999896563589573,0.2855164110660553,0.5146985650062561,-0.006882327143102884,0.6108553409576416,0.5912339091300964,-2.24487877176216e-07,0.5836501717567444,0.5565117597579956,-0.004006176721304655,0.5670969486236572,0.5020900964736938,-0.0040149567648768425,0.5590277314186096,0.4599485695362091,-0.006152262445539236,0.5479925870895386,0.4334038197994232,-0.00740737933665514,0.5839728713035583,0.47633296251296997,0.011550278402864933,0.5798883438110352,0.45266351103782654,-0.0009789479663595557,0.584758460521698,0.4858328402042389,-0.011114479973912239,0.5896745920181274,0.5157998204231262,-0.015595396049320698,0.5998086333274841,0.47663185000419617,0.008855462074279785,0.5958701372146606,0.44952812790870667,-0.004560123663395643,0.5984839200973511,0.49065154790878296,-0.011553044430911541,0.6020969748497009,0.5239757895469666,-0.012471937574446201,0.6173102259635925,0.48035433888435364,0.0036413080524653196,0.6129789352416992,0.45259779691696167,-0.008703957311809063,0.6118640899658203,0.4938912093639374,-0.008119088597595692,0.6130778789520264,0.526789665222168,-0.0035748700611293316,0.6358237266540527,0.4883959889411926,-0.002286916831508279,0.6297850608825684,0.46278607845306396,-0.008965243585407734,0.6251899003982544,0.4894927144050598,-0.005863529164344072,0.6251692771911621,0.5127012729644775,-0.0010517493356019258
5,0.2918940782546997,0.5803784132003784,-8.342760793311754e-08,0.3246145248413086,0.5531784296035767,-0.006461844779551029,0.3433752655982971,0.5052961707115173,-0.008107392117381096,0.35193002223968506,0.45857664942741394,-0.010983718559145927,0.3641909956932068,0.4289248585700989,-0.012964414432644844,0.3300141394138336,0.4750404357910156,0.004099576268345118,0.3338485062122345,0.4514005780220032,-0.008366870693862438,0.3293026089668274,0.48515796661376953,-0.01737905852496624,0.3253193795681,0.5154715776443481,-0.021149655804038048,0.3111998736858368,0.4747362434864044,0.002905577654018998,0.3148755133152008,0.45037081837654114,-0.011004914529621601,0.3134140372276306,0.4932057857513428,-0.016984257847070694,0.3108258843421936,0.5270709991455078,-0.0178963765501976,0.293571412563324,0.478240966796875,-0.0005920046241953969,0.29597508907318115,0.4558899700641632,-0.01417350023984909,0.29790180921554565,0.4972725212574005,-0.013324430212378502,0.29785671830177307,0.5287113785743713,-0.008809000253677368,0.2759421467781067,0.4851857125759125,-0.004726957995444536,0.27864590287208557,0.462314248085022,-0.013161998242139816,0.28319987654685974,0.4904636740684509,-0.010999896563589573,0.2855164110660553,0.5146985650062561,-0.006882327143102884,0.6108553409576416,0.5912339091300964,-2.24487877176216e-07,0.5836501717567444,0.5565117597579956,-0.004006176721304655,0.5670969486236572,0.5020900964736938,-0.0040149567648768425,0.5590277314186096,0.4599485695362091,-0.006152262445539236,0.5479925870895386,0.4334038197994232,-0.00740737933665514,0.5839728713035583,0.47633296251296997,0.011550278402864933,0.5798883438110352,0.45266351103782654,-0.0009789479663595557,0.584758460521698,0.4858328402042389,-0.011114479973912239,0.5896745920181274,0.5157998204231262,-0.015595396049320698,0.5998086333274841,0.47663185000419617,0.008855462074279785,0.5958701372146606,0.44952812790870667,-0.004560123663395643,0.5984839200973511,0.49065154790878296,-0.011553044430911541,0.6020969748497009,0.5239757895469666,-0.012471937574446201,0.6173102259635925,0.48035433888435364,0.0036413080524653196,0.6129789352416992,0.45259779691696167,-0.008703957311809063,0.6118640899658203,0.4938912093639374,-0.008119088597595692,0.6130778789520264,0.526789665222168,-0.0035748700611293316,0.6358237266540527,0.4883959889411926,-0.002286916831508279,0.6297850608825684,0.46278607845306396,-0.008965243585407734,0.6251899003982544,0.4894927144050598,-0.005863529164344072,0.6251692771911621,0.5127012729644775,-0.0010517493356019258
6,0.29273271560668945,0.588973343372345,-1.0602730071695987e-07,0.32645896077156067,0.5581697225570679,-0.006005168426781893,0.34497010707855225,0.5089911818504333,-0.007749506272375584,0.35303759574890137,0.46230348944664,-0.011040949262678623,0.36472296714782715,0.4333339333534241,-0.013429589569568634,0.3340541124343872,0.4771806001663208,0.005760168191045523,0.3368169963359833,0.45594075322151184,-0.007916660979390144,0.33086660504341125,0.4880996644496918,-0.01802600361406803,0.3266107141971588,0.5185679793357849,-0.022375065833330154,0.31478720903396606,0.4776720106601715,0.00412048539146781,0.3176382780075073,0.45634010434150696,-0.011797205545008183,0.3154434561729431,0.4984045922756195,-0.018689900636672974,0.31302154064178467,0.5343976020812988,-0.019813060760498047,0.29693955183029175,0.48211050033569336,-6.911256059538573e-05,0.29924529790878296,0.4623071849346161,-0.0148678719997406,0.3006150722503662,0.5019596219062805,-0.014547901228070259,0.3006282150745392,0.534063994884491,-0.010102725587785244,0.2792135775089264,0.48973917961120605,-0.004935083910822868,0.2820809483528137,0.4703308641910553,-0.013840734958648682,0.28506702184677124,0.4979555308818817,-0.012100838124752045,0.2866971492767334,0.5214511752128601,-0.008171195164322853,0.6182535290718079,0.6061160564422607,-2.1603366917588573e-07,0.5920762419700623,0.5716328620910645,-0.004247472621500492,0.5762853622436523,0.5158543586730957,-0.0048131453804671764,0.567525327205658,0.47284621000289917,-0.007516409736126661,0.5549148321151733,0.4472447633743286,-0.00933517049998045,0.5912858247756958,0.4948121905326843,0.009318321011960506,0.5887345671653748,0.46999412775039673,-0.0035017558839172125,0.5946201086044312,0.5016761422157288,-0.013210066594183445,0.5996509790420532,0.5298643112182617,-0.017401445657014847,0.6074701547622681,0.4947071969509125,0.006492906250059605,0.6052000522613525,0.46825477480888367,-0.007044989615678787,0.6085938811302185,0.5097949504852295,-0.013352612033486366,0.6116235852241516,0.5416136384010315,-0.013993706554174423,0.62516188621521,0.4985136091709137,0.0011789442505687475,0.6225610971450806,0.47221922874450684,-0.01089639961719513,0.6221870183944702,0.5134947896003723,-0.009635871276259422,0.6229753494262695,0.5441209077835083,-0.0048921117559075356,0.643502414226532,0.5069547891616821,-0.004903784487396479,0.6398757100105286,0.480884850025177,-0.01021669153124094,0.6361920237541199,0.505622923374176,-0.006397433113306761,0.6360084414482117,0.5255714058876038,-0.0016271158820018172
7,0.29273271560668945,0.588973343372345,-1.0602730071695987e-07,0.32645896077156067,0.5581697225570679,-0.006005168426781893,0.34497010707855225,0.5089911818504333,-0.007749506272375584,0.35303759574890137,0.46230348944664,-0.011040949262678623,0.36472296714782715,0.4333339333534241,-0.013429589569568634,0.3340541124343872,0.4771806001663208,0.005760168191045523,0.3368169963359833,0.45594075322151184,-0.007916660979390144,0.33086660504341125,0.4880996644496918,-0.01802600361406803,0.3266107141971588,0.5185679793357849,-0.022375065833330154,0.31478720903396606,0.4776720106601715,0.00412048539146781,0.3176382780075073,0.45634010434150696,-0.011797205545008183,0.3154434561729431,0.4984045922756195,-0.018689900636672974,0.31302154064178467,0.5343976020812988,-0.019813060760498047,0.29693955183029175,0.48211050033569336,-6.911256059538573e-05,0.29924529790878296,0.4623071849346161,-0.0148678719997406,0.3006150722503662,0.5019596219062805,-0.014547901228070259,0.3006282150745392,0.534063994884491,-0.010102725587785244,0.2792135775089264,0.48973917961120605,-0.004935083910822868,0.2820809483528137,0.4703308641910553,-0.013840734958648682,0.28506702184677124,0.4979555308818817,-0.012100838124752045,0.2866971492767334,0.5214511752128601,-0.008171195164322853,0.6182535290718079,0.6061160564422607,-2.1603366917588573e-07,0.5920762419700623,0.5716328620910645,-0.004247472621500492,0.5762853622436523,0.5158543586730957,-0.0048131453804671764,0.567525327205658,0.47284621000289917,-0.007516409736126661,0.5549148321151733,0.4472447633743286,-0.00933517049998045,0.5912858247756958,0.4948121905326843,0.009318321011960506,0.5887345671653748,0.46999412775039673,-0.0035017558839172125,0.5946201086044312,0.5016761422157288,-0.013210066594183445,0.5996509790420532,0.5298643112182617,-0.017401445657014847,0.6074701547622681,0.4947071969509125,0.006492906250059605,0.6052000522613525,0.46825477480888367,-0.007044989615678787,0.6085938811302185,0.5097949504852295,-0.013352612033486366,0.6116235852241516,0.5416136384010315,-0.013993706554174423,0.62516188621521,0.4985136091709137,0.0011789442505687475,0.6225610971450806,0.47221922874450684,-0.01089639961719513,0.6221870183944702,0.5134947896003723,-0.009635871276259422,0.6229753494262695,0.5441209077835083,-0.0048921117559075356,0.643502414226532,0.5069547891616821,-0.004903784487396479,0.6398757100105286,0.480884850025177,-0.01021669153124094,0.6361920237541199,0.505622923374176,-0.006397433113306761,0.6360084414482117,0.5255714058876038,-0.0016271158820018172
8,0.2977508306503296,0.5959852337837219,-1.3975770229990303e-07,0.3324441909790039,0.5646309852600098,-0.005145949311554432,0.35058286786079407,0.5165266990661621,-0.006927705369889736,0.35855260491371155,0.46747636795043945,-0.010262356139719486,0.36872929334640503,0.4350854754447937,-0.012615904211997986,0.3411213159561157,0.49134474992752075,0.0026681008748710155,0.3427777588367462,0.4577811062335968,-0.01048826240003109,0.3390349745750427,0.4933764636516571,-0.019464485347270966,0.33614683151245117,0.5235861539840698,-0.023552997037768364,0.32161158323287964,0.49143773317337036,-0.0001691179786575958,0.32387202978134155,0.4575086534023285,-0.015563956461846828,0.32278192043304443,0.5026113390922546,-0.02174326777458191,0.3205694854259491,0.5364158749580383,-0.02310585230588913,0.30341655015945435,0.4951191246509552,-0.005030968692153692,0.30490320920944214,0.46633464097976685,-0.019914332777261734,0.3062750995159149,0.5091508626937866,-0.018170220777392387,0.3057878613471985,0.5387656092643738,-0.013243542984127998,0.28506630659103394,0.501891016960144,-0.01046957541257143,0.28675752878189087,0.475285142660141,-0.019796503707766533,0.290416419506073,0.5036380290985107,-0.017086893320083618,0.2921617031097412,0.5262092351913452,-0.012776930816471577,0.6238069534301758,0.6157844662666321,-2.541894161822711e-07,0.5983279943466187,0.5821075439453125,-0.004015600308775902,0.5828572511672974,0.5269107818603516,-0.0049882992170751095,0.574406623840332,0.48427608609199524,-0.008883679285645485,0.5627610683441162,0.4577329754829407,-0.012045740149915218,0.599003791809082,0.5029054880142212,0.009116633795201778,0.5957106351852417,0.47955521941185,-0.0033356407657265663,0.5994336605072021,0.511789083480835,-0.011697474867105484,0.6038035750389099,0.5409820079803467,-0.014173565432429314,0.6162684559822083,0.5031872391700745,0.0056609902530908585,0.6133012175559998,0.479682594537735,-0.008701912127435207,0.6154717206954956,0.5208720564842224,-0.014938602223992348,0.6179265379905701,0.552453339099884,-0.01491114404052496,0.6342095732688904,0.5069082975387573,-0.00033659287146292627,0.6317638158798218,0.4813481867313385,-0.01336420327425003,0.631165087223053,0.5210320949554443,-0.013335924595594406,0.6316449046134949,0.5523807406425476,-0.008308770135045052,0.6521258354187012,0.5140895843505859,-0.0070422557182610035,0.6551638841629028,0.4742785096168518,-0.009729367680847645,0.6559908390045166,0.465567022562027,-0.0059691607020795345,0.6564955115318298,0.4587019085884094,-0.0016048195539042354
9,0.2977508306503296,0.5959852337837219,-1.3975770229990303e-07,0.3324441909790039,0.5646309852600098,-0.005145949311554432,0.35058286786079407,0.5165266990661621,-0.006927705369889736,0.35855260491371155,0.46747636795043945,-0.010262356139719486,0.36872929334640503,0.4350854754447937,-0.012615904211997986,0.3411213159561157,0.49134474992752075,0.0026681008748710155,0.3427777588367462,0.4577811062335968,-0.01048826240003109,0.3390349745750427,0.4933764636516571,-0.019464485347270966,0.33614683151245117,0.5235861539840698,-0.023552997037768364,0.32161158323287964,0.49143773317337036,-0.0001691179786575958,0.32387202978134155,0.4575086534023285,-0.015563956461846828,0.32278192043304443,0.5026113390922546,-0.02174326777458191,0.3205694854259491,0.5364158749580383,-0.02310585230588913,0.30341655015945435,0.4951191246509552,-0.005030968692153692,0.30490320920944214,0.46633464097976685,-0.019914332777261734,0.3062750995159149,0.5091508626937866,-0.018170220777392387,0.3057878613471985,0.5387656092643738,-0.013243542984127998,0.28506630659103394,0.501891016960144,-0.01046957541257143,0.28675752878189087,0.475285142660141,-0.019796503707766533,0.290416419506073,0.5036380290985107,-0.017086893320083618,0.2921617031097412,0.5262092351913452,-0.012776930816471577,0.6238069534301758,0.6157844662666321,-2.541894161822711e-07,0.5983279943466187,0.5821075439453125,-0.004015600308775902,0.5828572511672974,0.5269107818603516,-0.0049882992170751095,0.574406623840332,0.48427608609199524,-0.008883679285645485,0.5627610683441162,0.4577329754829407,-0.012045740149915218,0.599003791809082,0.5029054880142212,0.009116633795201778,0.5957106351852417,0.47955521941185,-0.0033356407657265663,0.5994336605072021,0.511789083480835,-0.011697474867105484,0.6038035750389099,0.5409820079803467,-0.014173565432429314,0.6162684559822083,0.5031872391700745,0.0056609902530908585,0.6133012175559998,0.479682594537735,-0.008701912127435207,0.6154717206954956,0.5208720564842224,-0.014938602223992348,0.6179265379905701,0.552453339099884,-0.01491114404052496,0.6342095732688904,0.5069082975387573,-0.00033659287146292627,0.6317638158798218,0.4813481867313385,-0.01336420327425003,0.631165087223053,0.5210320949554443,-0.013335924595594406,0.6316449046134949,0.5523807406425476,-0.008308770135045052,0.6521258354187012,0.5140895843505859,-0.0070422557182610035,0.6551638841629028,0.4742785096168518,-0.009729367680847645,0.6559908390045166,0.465567022562027,-0.0059691607020795345,0.6564955115318298,0.4587019085884094,-0.0016048195539042354
10,0.3012999892234802,0.5962687134742737,-1.1910311314977662e-07,0.3352552354335785,0.5662398338317871,-0.004684217274188995,0.35403910279273987,0.5230728387832642,-0.00675990991294384,0.36261186003685,0.4774281680583954,-0.010741298086941242,0.37098777294158936,0.4446641504764557,-0.014073776081204414,0.34390541911125183,0.4938381314277649,0.0027293418534100056,0.34682098031044006,0.4638839662075043,-0.010746926069259644,0.3428656756877899,0.49675750732421875,-0.020431583747267723,0.339414119720459,0.5269129872322083,-0.02488781325519085,0.3252854645252228,0.4928969740867615,-0.0003467918431852013,0.3278566300868988,0.46375805139541626,-0.0150821004062891,0.3263562023639679,0.5052340030670166,-0.021448571234941483,0.3236328363418579,0.5389388799667358,-0.023201387375593185,0.30749258399009705,0.49545660614967346,-0.0055183954536914825,0.3102240562438965,0.467419296503067,-0.01951216161251068,0.31087008118629456,0.5076725482940674,-0.018322637304663658,0.3095928430557251,0.5392293334007263,-0.014100796543061733,0.2890189588069916,0.5012723803520203,-0.01133309118449688,0.2908566892147064,0.4748343825340271,-0.020327845588326454,0.29461973905563354,0.5013453364372253,-0.018311306834220886,0.2965330481529236,0.5257052779197693,-0.014595371671020985,0.6324653625488281,0.6272144913673401,-2.5070144715755305e-07,0.6043523550033569,0.5917955040931702,-0.005673964042216539,0.5880290865898132,0.5335417985916138,-0.007624784950166941,0.5792310237884521,0.48901209235191345,-0.01142151653766632,0.5662270188331604,0.46196869015693665,-0.014433164149522781,0.6044025421142578,0.510857105255127,0.006171958986669779,0.6023698449134827,0.4854803681373596,-0.006341838277876377,0.6066072583198547,0.5187546014785767,-0.015341702848672867,0.6110311150550842,0.5484134554862976,-0.019264904782176018,0.6216710805892944,0.5111984610557556,0.003636759240180254,0.6197359561920166,0.4837658405303955,-0.009602870792150497,0.6221243739128113,0.5263637900352478,-0.01502162590622902,0.6243258118629456,0.5588703155517578,-0.015291738323867321,0.6396026015281677,0.5161349773406982,-0.0013181879185140133,0.6369566321372986,0.4888812005519867,-0.013406493701040745,0.6355833411216736,0.5312050580978394,-0.011454692110419273,0.635112464427948,0.5623838305473328,-0.006453613750636578,0.6576666831970215,0.5271986722946167,-0.007160785607993603,0.6536394357681274,0.49865561723709106,-0.012990892864763737,0.6489553451538086,0.5265690684318542,-0.008960331790149212,0.6471455693244934,0.5494570732116699,-0.004115335643291473
11,0.3029017746448517,0.5969672203063965,-1.1911320996205177e-07,0.337302029132843,0.5670531988143921,-0.005141276400536299,0.3572843670845032,0.5250566005706787,-0.007529918570071459,0.3665428161621094,0.47941169142723083,-0.01154004130512476,0.37596532702445984,0.4480721056461334,-0.014811200089752674,0.3466987609863281,0.4919794499874115,0.0009824605658650398,0.34858059883117676,0.4667423963546753,-0.012243041768670082,0.3444540500640869,0.500263512134552,-0.02123965509235859,0.3410463035106659,0.5298547744750977,-0.025390928611159325,0.327639639377594,0.4915752410888672,-0.0019812292885035276,0.33021873235702515,0.4643770158290863,-0.017616545781493187,0.3285744786262512,0.5065301060676575,-0.023887572810053825,0.32548007369041443,0.540855348110199,-0.025317024439573288,0.30992284417152405,0.4949999749660492,-0.0068541658110916615,0.3119240999221802,0.468982458114624,-0.021825622767210007,0.3131217062473297,0.510056734085083,-0.020660266280174255,0.3121677041053772,0.5420868992805481,-0.016195736825466156,0.29183632135391235,0.5018543601036072,-0.012312478385865688,0.29384952783584595,0.47802045941352844,-0.022212721407413483,0.29779478907585144,0.5054370164871216,-0.020352134481072426,0.29998546838760376,0.5295934081077576,-0.016552599146962166,0.6342324018478394,0.6255661249160767,-2.71496247705727e-07,0.606075644493103,0.5899733901023865,-0.004328127950429916,0.5898978114128113,0.5338475108146667,-0.005304951686412096,0.5802664756774902,0.49011456966400146,-0.00865262746810913,0.5664772391319275,0.4650615155696869,-0.011462561786174774,0.6071637272834778,0.5123910307884216,0.007922443561255932,0.6039334535598755,0.4876999855041504,-0.004242759197950363,0.6088007688522339,0.5195291638374329,-0.012839335016906261,0.6137698888778687,0.5490406155586243,-0.016354234889149666,0.6244311928749084,0.5120851993560791,0.005013406742364168,0.6215553283691406,0.4856415092945099,-0.008306105621159077,0.6241098046302795,0.5273807644844055,-0.013583860360085964,0.6263958215713501,0.5591237545013428,-0.013615082949399948,0.6421249508857727,0.5158136487007141,-0.0002950818161480129,0.6387096047401428,0.49086329340934753,-0.012961956672370434,0.6376979351043701,0.5316022634506226,-0.011892812326550484,0.637415885925293,0.5620565414428711,-0.007060480769723654,0.6595202684402466,0.5246594548225403,-0.006289426237344742,0.6561888456344604,0.49684345722198486,-0.01205471158027649,0.6526103615760803,0.5212811231613159,-0.00856300350278616,0.6511058807373047,0.5425428152084351,-0.004018000327050686
12,0.3085843622684479,0.5983947515487671,-1.045920328124339e-07,0.3427942395210266,0.5697173476219177,-0.005406190175563097,0.3618350327014923,0.52649986743927,-0.007776951417326927,0.370745450258255,0.48230987787246704,-0.011856898665428162,0.38050055503845215,0.4500579237937927,-0.015138315036892891,0.35173851251602173,0.4940975308418274,0.0022778089623898268,0.35574448108673096,0.47173234820365906,-0.011299009434878826,0.3505241870880127,0.5051754117012024,-0.020629659295082092,0.34599363803863525,0.5350216627120972,-0.024759603664278984,0.3332817554473877,0.4927555024623871,-0.000566525908652693,0.3380720615386963,0.4698435962200165,-0.01626124046742916,0.33527833223342896,0.511053204536438,-0.022687887772917747,0.3309312164783478,0.5450565218925476,-0.023939184844493866,0.31525155901908875,0.4952053725719452,-0.0055974386632442474,0.3193807899951935,0.4730742871761322,-0.02062377892434597,0.31965553760528564,0.5138313174247742,-0.019712353125214577,0.3177027106285095,0.5462697148323059,-0.015178894624114037,0.2964690923690796,0.501427173614502,-0.011250490322709084,0.3000689744949341,0.4791627526283264,-0.021004436537623405,0.3039987087249756,0.5062271356582642,-0.01927604340016842,0.3059273660182953,0.5307667851448059,-0.015466651879251003,0.6382258534431458,0.6246331334114075,-2.5778621193239815e-07,0.6100078225135803,0.5894477367401123,-0.005978650879114866,0.594184935092926,0.5368929505348206,-0.00894053466618061,0.5846393704414368,0.4931660592556,-0.013924559578299522,0.5718494653701782,0.4643884003162384,-0.01848927140235901,0.6107406616210938,0.5114496350288391,0.005435774568468332,0.6081392168998718,0.48966726660728455,-0.007162096910178661,0.6117807030677795,0.5221102833747864,-0.016652043908834457,0.6158884763717651,0.549963653087616,-0.021177221089601517,0.628329873085022,0.5111098289489746,0.0025627645663917065,0.6257129311561584,0.4866027534008026,-0.010778761468827724,0.6273966431617737,0.5289956331253052,-0.016707919538021088,0.6297497749328613,0.5601454377174377,-0.01770888641476631,0.6466427445411682,0.515448272228241,-0.0026405323296785355,0.6437087655067444,0.4893866181373596,-0.015639718621969223,0.6416633129119873,0.5327907800674438,-0.014060278423130512,0.6411838531494141,0.5643323659896851,-0.009364715777337551,0.6647666096687317,0.5256093144416809,-0.00868238415569067,0.6600786447525024,0.49976441264152527,-0.015563658438622952,0.655683159828186,0.5280624628067017,-0.011650062166154385,0.6545791029930115,0.5506536960601807,-0.006796739064157009
13,0.3085843622684479,0.5983947515487671,-1.045920328124339e-07,0.3427942395210266,0.5697173476219177,-0.005406190175563097,0.3618350327014923,0.52649986743927,-0.007776951417326927,0.370745450258255,0.48230987787246704,-0.011856898665428162,0.38050055503845215,0.4500579237937927,-0.015138315036892891,0.35173851251602173,0.4940975308418274,0.0022778089623898268,0.35574448108673096,0.47173234820365906,-0.011299009434878826,0.3505241870880127,0.5051754117012024,-0.020629659295082092,0.34599363803863525,0.5350216627120972,-0.024759603664278984,0.3332817554473877,0.4927555024623871,-0.000566525908652693,0.3380720615386963,0.4698435962200165,-0.01626124046742916,0.33527833223342896,0.511053204536438,-0.022687887772917747,0.3309312164783478,0.5450565218925476,-0.023939184844493866,0.31525155901908875,0.4952053725719452,-0.0055974386632442474,0.3193807899951935,0.4730742871761322,-0.02062377892434597,0.31965553760528564,0.5138313174247742,-0.019712353125214577,0.3177027106285095,0.5462697148323059,-0.015178894624114037,0.2964690923690796,0.501427173614502,-0.011250490322709084,0.3000689744949341,0.4791627526283264,-0.021004436537623405,0.3039987087249756,0.5062271356582642,-0.01927604340016842,0.3059273660182953,0.5307667851448059,-0.015466651879251003,0.6382258534431458,0.6246331334114075,-2.5778621193239815e-07,0.6100078225135803,0.5894477367401123,-0.005978650879114866,0.594184935092926,0.5368929505348206,-0.00894053466618061,0.5846393704414368,0.4931660592556,-0.013924559578299522,0.5718494653701782,0.4643884003162384,-0.01848927140235901,0.6107406616210938,0.5114496350288391,0.005435774568468332,0.6081392168998718,0.48966726660728455,-0.007162096910178661,0.6117807030677795,0.5221102833747864,-0.016652043908834457,0.6158884763717651,0.549963653087616,-0.021177221089601517,0.628329873085022,0.5111098289489746,0.0025627645663917065,0.6257129311561584,0.4866027534008026,-0.010778761468827724,0.6273966431617737,0.5289956331253052,-0.016707919538021088,0.6297497749328613,0.5601454377174377,-0.01770888641476631,0.6466427445411682,0.515448272228241,-0.0026405323296785355,0.6437087655067444,0.4893866181373596,-0.015639718621969223,0.6416633129119873,0.5327907800674438,-0.014060278423130512,0.6411838531494141,0.5643323659896851,-0.009364715777337551,0.6647666096687317,0.5256093144416809,-0.00868238415569067,0.6600786447525024,0.49976441264152527,-0.015563658438622952,0.655683159828186,0.5280624628067017,-0.011650062166154385,0.6545791029930115,0.5506536960601807,-0.006796739064157009
14,0.3121136426925659,0.5997728109359741,-1.0892382107385856e-07,0.345721960067749,0.5713965892791748,-0.0045172241516411304,0.36472398042678833,0.5258211493492126,-0.006124495062977076,0.37241753935813904,0.48164400458335876,-0.009584066458046436,0.38215234875679016,0.4533745050430298,-0.01225496269762516,0.3547746241092682,0.49096643924713135,0.0033799121156334877,0.3591086268424988,0.47153788805007935,-0.010088642127811909,0.35265517234802246,0.5047587156295776,-0.019162259995937347,0.3476004898548126,0.5355308055877686,-0.022820089012384415,0.33644384145736694,0.4893549084663391,0.0007154493359848857,0.34079408645629883,0.4709940254688263,-0.014506172388792038,0.33732324838638306,0.5108321309089661,-0.019968857988715172,0.3334316909313202,0.5449267625808716,-0.020207922905683517,0.3184601068496704,0.49222850799560547,-0.004168742336332798,0.32242387533187866,0.47326645255088806,-0.018545063212513924,0.3226737380027771,0.5126568078994751,-0.017006762325763702,0.32132795453071594,0.5448972582817078,-0.011859608814120293,0.29970240592956543,0.49917072057724,-0.00960750412195921,0.303859144449234,0.4799908697605133,-0.018908187747001648,0.3070705831050873,0.5080559253692627,-0.01675475761294365,0.30827006697654724,0.5322542190551758,-0.012363757938146591,0.6405573487281799,0.6284979581832886,-2.8722496381305973e-07,0.6121163368225098,0.5952509045600891,-0.005138943437486887,0.5966948866844177,0.5422725677490234,-0.007217725273221731,0.5880506634712219,0.4981456398963928,-0.011585044674575329,0.5748745203018188,0.4703481197357178,-0.015453658066689968,0.6138361096382141,0.5167527198791504,0.00720256706699729,0.6114474534988403,0.49403247237205505,-0.005713323596864939,0.6154384016990662,0.5269437432289124,-0.015046083368360996,0.6197104454040527,0.5562143325805664,-0.01911861263215542,0.631147027015686,0.5169640183448792,0.004108819644898176,0.6282602548599243,0.4911383092403412,-0.009814164601266384,0.6304845213890076,0.5354597568511963,-0.015441501513123512,0.6332389116287231,0.5668283700942993,-0.015759732574224472,0.6490505337715149,0.5207942128181458,-0.0014310808619484305,0.6454795002937317,0.4937984049320221,-0.01514085941016674,0.6442800760269165,0.538225531578064,-0.013496771454811096,0.6444307565689087,0.5692886114120483,-0.008275752887129784,0.6668258905410767,0.5297297835350037,-0.007693388033658266,0.6617159247398376,0.5025942921638489,-0.01458780374377966,0.6573471426963806,0.5310289263725281,-0.010588039644062519,0.6561949849128723,0.5531545877456665,-0.005552139598876238
15,0.3125747740268707,0.6035711765289307,-9.316806881543016e-08,0.34539926052093506,0.5744157433509827,-0.0038084983825683594,0.36389920115470886,0.5304391980171204,-0.005535462871193886,0.37069281935691833,0.487419068813324,-0.009202738292515278,0.38071203231811523,0.4595065712928772,-0.012228242121636868,0.35405319929122925,0.4928181767463684,0.004028561525046825,0.3586829602718353,0.4727785885334015,-0.008522874675691128,0.3533342778682709,0.50392746925354,-0.017217928543686867,0.3483082950115204,0.5341570973396301,-0.020769543945789337,0.33597955107688904,0.4909529685974121,0.000946493586525321,0.3415929973125458,0.47021204233169556,-0.013472978956997395,0.3386532664299011,0.5097423195838928,-0.01915295235812664,0.3340599536895752,0.5445319414138794,-0.019603682681918144,0.3183661103248596,0.494020938873291,-0.004155917093157768,0.3233831226825714,0.4719371795654297,-0.017909342423081398,0.32395485043525696,0.5123320817947388,-0.016648102551698685,0.3219549059867859,0.5459566712379456,-0.011813740245997906,0.2998221218585968,0.501734733581543,-0.00971928983926773,0.3047749996185303,0.4780071973800659,-0.018805790692567825,0.3081493675708771,0.5051965713500977,-0.01661202497780323,0.30874407291412354,0.5301014184951782,-0.012249438092112541,0.6411711573600769,0.6300384998321533,-2.769254763279605e-07,0.6137412786483765,0.5987348556518555,-0.006412704009562731,0.5979099273681641,0.5437444448471069,-0.008918102830648422,0.5890998244285583,0.49941328167915344,-0.013202154077589512,0.5753293633460999,0.47268909215927124,-0.01672159507870674,0.6144303679466248,0.5195135474205017,0.004657938610762358,0.6123955845832825,0.49570444226264954,-0.009137453511357307,0.6164437532424927,0.5302014946937561,-0.018226921558380127,0.6200869679450989,0.5583418607711792,-0.022022545337677002,0.6317720413208008,0.5194528698921204,0.0021309328731149435,0.6297898888587952,0.49269619584083557,-0.012627044692635536,0.6315718293190002,0.5383868217468262,-0.017896011471748352,0.6339887380599976,0.5669317245483398,-0.01775248721241951,0.6501299142837524,0.5239763855934143,-0.0028763774316757917,0.6475898623466492,0.4968857169151306,-0.01707928627729416,0.6457264423370361,0.5418646931648254,-0.014566386118531227,0.6458414793014526,0.5692352652549744,-0.008701760321855545,0.6683496236801147,0.5338923335075378,-0.008654198609292507,0.6645288467407227,0.5076262950897217,-0.015410013496875763,0.6600455045700073,0.5366774797439575,-0.010821664705872536,0.6596225500106812,0.5557135939598083,-0.005410515703260899
16,0.3125747740268707,0.6035711765289307,-9.316806881543016e-08,0.34539926052093506,0.5744157433509827,-0.0038084983825683594,0.36389920115470886,0.5304391980171204,-0.005535462871193886,0.37069281935691833,0.487419068813324,-0.009202738292515278,0.38071203231811523,0.4595065712928772,-0.012228242121636868,0.35405319929122925,0.4928181767463684,0.004028561525046825,0.3586829602718353,0.4727785885334015,-0.008522874675691128,0.3533342778682709,0.50392746925354,-0.017217928543686867,0.3483082950115204,0.5341570973396301,-0.020769543945789337,0.33597955107688904,0.4909529685974121,0.000946493586525321,0.3415929973125458,0.47021204233169556,-0.013472978956997395,0.3386532664299011,0.5097423195838928,-0.01915295235812664,0.3340599536895752,0.5445319414138794,-0.019603682681918144,0.3183661103248596,0.494020938873291,-0.004155917093157768,0.3233831226825714,0.4719371795654297,-0.017909342423081398,0.32395485043525696,0.5123320817947388,-0.016648102551698685,0.3219549059867859,0.5459566712379456,-0.011813740245997906,0.2998221218585968,0.501734733581543,-0.00971928983926773,0.3047749996185303,0.4780071973800659,-0.018805790692567825,0.3081493675708771,0.5051965713500977,-0.01661202497780323,0.30874407291412354,0.5301014184951782,-0.012249438092112541,0.6411711573600769,0.6300384998321533,-2.769254763279605e-07,0.6137412786483765,0.5987348556518555,-0.006412704009562731,0.5979099273681641,0.5437444448471069,-0.008918102830648422,0.5890998244285583,0.49941328167915344,-0.013202154077589512,0.5753293633460999,0.47268909215927124,-0.01672159507870674,0.6144303679466248,0.5195135474205017,0.004657938610762358,0.6123955845832825,0.49570444226264954,-0.009137453511357307,0.6164437532424927,0.5302014946937561,-0.018226921558380127,0.6200869679450989,0.5583418607711792,-0.022022545337677002,0.6317720413208008,0.5194528698921204,0.0021309328731149435,0.6297898888587952,0.49269619584083557,-0.012627044692635536,0.6315718293190002,0.5383868217468262,-0.017896011471748352,0.6339887380599976,0.5669317245483398,-0.01775248721241951,0.6501299142837524,0.5239763855934143,-0.0028763774316757917,0.6475898623466492,0.4968857169151306,-0.01707928627729416,0.6457264423370361,0.5418646931648254,-0.014566386118531227,0.6458414793014526,0.5692352652549744,-0.008701760321855545,0.6683496236801147,0.5338923335075378,-0.008654198609292507,0.6645288467407227,0.5076262950897217,-0.015410013496875763,0.6600455045700073,0.5366774797439575,-0.010821664705872536,0.6596225500106812,0.5557135939598083,-0.005410515703260899
17,0.3147599995136261,0.6016620397567749,-1.0334952094126493e-07,0.3469856381416321,0.5750997066497803,-0.005147561430931091,0.3666037917137146,0.5310481190681458,-0.007136606611311436,0.3743056058883667,0.4861986041069031,-0.010657361708581448,0.38502439856529236,0.4546244740486145,-0.013354810886085033,0.3563808500766754,0.4942816197872162,0.0016462678322568536,0.3620227575302124,0.4730767011642456,-0.011119149625301361,0.35589906573295593,0.5067369341850281,-0.0193277969956398,0.34949713945388794,0.5377647876739502,-0.02232571691274643,0.33810874819755554,0.4928295910358429,-0.0005818601930513978,0.3433449864387512,0.4712304472923279,-0.014738461002707481,0.33981800079345703,0.5129913687705994,-0.019759129732847214,0.33464568853378296,0.5474808216094971,-0.019916709512472153,0.3203163743019104,0.49558505415916443,-0.004846637137234211,0.32451409101486206,0.47276443243026733,-0.018498845398426056,0.3244398832321167,0.5150396823883057,-0.016613829880952835,0.32199960947036743,0.5486332774162292,-0.011459493078291416,0.30143845081329346,0.5020952820777893,-0.009639977477490902,0.3060312867164612,0.47896963357925415,-0.01877082884311676,0.3099111318588257,0.5072017908096313,-0.01636383682489395,0.3108268678188324,0.5319086313247681,-0.011879542842507362,0.6452152132987976,0.6430639028549194,-2.57674997783397e-07,0.6165378093719482,0.6084237694740295,-0.006968924310058355,0.6013118028640747,0.549163281917572,-0.009500190615653992,0.5947275757789612,0.5029182434082031,-0.013642404228448868,0.5822882652282715,0.4732898771762848,-0.016861924901604652,0.6187231540679932,0.5243293046951294,0.0045387027785182,0.6165654063224792,0.497814804315567,-0.008939757943153381,0.6202831864356995,0.5329622626304626,-0.018141796812415123,0.6246787905693054,0.5635213851928711,-0.022036699578166008,0.6360399127006531,0.5267736315727234,0.00210645142942667,0.6339331865310669,0.4992862343788147,-0.012287992984056473,0.6358816623687744,0.5432813167572021,-0.017775187268853188,0.6383200287818909,0.5754252672195435,-0.01784570701420307,0.6536685824394226,0.5336515307426453,-0.0029202133882790804,0.6504684090614319,0.5054041743278503,-0.016711417585611343,0.6491580009460449,0.549011766910553,-0.014572118408977985,0.6492449641227722,0.580634355545044,-0.00902570877224207,0.6713622808456421,0.5452998280525208,-0.008872744627296925,0.6668993830680847,0.5151823163032532,-0.01656266301870346,0.6624916791915894,0.5441117286682129,-0.01267868373543024,0.661365270614624,0.5681366920471191,-0.007472608704119921
18,0.3168363571166992,0.6027637720108032,-1.0734522248867506e-07,0.34949246048927307,0.5742397308349609,-0.004754394758492708,0.3692123591899872,0.528933584690094,-0.0065427860245108604,0.37664175033569336,0.484366774559021,-0.010056963190436363,0.3870445489883423,0.4543866217136383,-0.012801717966794968,0.3577069044113159,0.4930850863456726,0.0028973750304430723,0.3635783791542053,0.4741137623786926,-0.010483445599675179,0.3565909266471863,0.5083263516426086,-0.019298600032925606,0.350841224193573,0.538650393486023,-0.022549744695425034,0.33935678005218506,0.49204710125923157,0.00045082889846526086,0.34580689668655396,0.4716346859931946,-0.01459338329732418,0.3418516516685486,0.5123683214187622,-0.01998947747051716,0.33717283606529236,0.5469589829444885,-0.019944457337260246,0.3216063380241394,0.49502792954444885,-0.004158577416092157,0.3265400826931,0.4748310446739197,-0.018251433968544006,0.3266851305961609,0.5157113671302795,-0.016792649403214455,0.3248690366744995,0.5487518310546875,-0.011500662192702293,0.30298423767089844,0.501609742641449,-0.009267743676900864,0.3083547055721283,0.4789409935474396,-0.0178657416254282,0.3124709129333496,0.5064212679862976,-0.015352650545537472,0.31375211477279663,0.5309380292892456,-0.010694595985114574,0.6460910439491272,0.6462576389312744,-2.7365157961867226e-07,0.6190434694290161,0.6128606200218201,-0.007046530023217201,0.6044865846633911,0.5575135946273804,-0.010813829489052296,0.5964950323104858,0.513329267501831,-0.016124302521348,0.5828561186790466,0.4848807752132416,-0.020098235458135605,0.6188190579414368,0.5262008309364319,0.002759851049631834,0.6152612566947937,0.49824440479278564,-0.012992084957659245,0.618288516998291,0.5373691320419312,-0.02260435000061989,0.621667742729187,0.5673064589500427,-0.0263002160936594,0.6362113952636719,0.5278208255767822,1.5293495380319655e-05,0.632215142250061,0.4989434778690338,-0.015960095450282097,0.6337657570838928,0.548207700252533,-0.0202021487057209,0.6366886496543884,0.5763617157936096,-0.018961690366268158,0.6544428467750549,0.5354856252670288,-0.005501952487975359,0.6492600440979004,0.5072314143180847,-0.020542550832033157,0.6471711993217468,0.554901659488678,-0.01621600054204464,0.6481262445449829,0.5815308690071106,-0.008881011977791786,0.6722439527511597,0.5492057800292969,-0.01195233128964901,0.6659496426582336,0.5221565961837769,-0.019338594749569893,0.6606045961380005,0.552723228931427,-0.014068646356463432,0.6602503657341003,0.5719667673110962,-0.00786180142313242
19,0.3165072798728943,0.6036427617073059,-1.1138273947608468e-07,0.35034632682800293,0.5751582980155945,-0.004362720996141434,0.3701056241989136,0.5294978022575378,-0.005909068509936333,0.3778170645236969,0.48446738719940186,-0.009226402267813683,0.3890078067779541,0.45469751954078674,-0.011885112151503563,0.3582661747932434,0.4938802719116211,0.0032939636148512363,0.36390554904937744,0.4751444160938263,-0.009505515918135643,0.35712215304374695,0.508550226688385,-0.018164703622460365,0.35151249170303345,0.5383024215698242,-0.02157990075647831,0.3399936854839325,0.4925301969051361,0.0007217817474156618,0.3460847735404968,0.47235792875289917,-0.013904603198170662,0.3422675132751465,0.5122625231742859,-0.019364383071660995,0.3374747931957245,0.5469938516616821,-0.01958089880645275,0.32223501801490784,0.4953187108039856,-0.00392876798287034,0.32683658599853516,0.47474536299705505,-0.017639879137277603,0.32719671726226807,0.5152173042297363,-0.016180874779820442,0.3255235254764557,0.548660159111023,-0.011127485893666744,0.30348625779151917,0.5019432902336121,-0.009066172875463963,0.30848175287246704,0.48023268580436707,-0.017685379832983017,0.31246644258499146,0.5077381730079651,-0.015310743823647499,0.3137647807598114,0.531868577003479,-0.010881772264838219,0.6474992036819458,0.6453830003738403,-2.862211374576873e-07,0.6201202273368835,0.6119744777679443,-0.005872688721865416,0.6053881049156189,0.5580640435218811,-0.009217181243002415,0.5971037745475769,0.5148034691810608,-0.014367259107530117,0.5833858251571655,0.4874108135700226,-0.01835395209491253,0.6204662919044495,0.5267783999443054,0.0034871730022132397,0.6154165863990784,0.498460054397583,-0.011879630386829376,0.6175007224082947,0.5374056696891785,-0.021436985582113266,0.6202422976493835,0.5672931671142578,-0.02514355257153511,0.6375294327735901,0.5288800001144409,0.00027623120695352554,0.6320608258247375,0.498943030834198,-0.01555024366825819,0.6331454515457153,0.5489978194236755,-0.01990552246570587,0.6362379789352417,0.5783892273902893,-0.01874048262834549,0.6555739045143127,0.5364551544189453,-0.005535467993468046,0.6489079594612122,0.5073398947715759,-0.02046939916908741,0.6466498374938965,0.556276261806488,-0.016263611614704132,0.6480337381362915,0.5844990611076355,-0.0089944526553154,0.6731287240982056,0.5498086810112,-0.0121583491563797,0.6657017469406128,0.5218847393989563,-0.01947149448096752,0.660167396068573,0.5524667501449585,-0.014138368889689445,0.6602449417114258,0.5723704695701599,-0.007890941575169563
20,0.31787109375,0.60107421875,-7.18799668675274e-08,0.35028165578842163,0.5761667490005493,-0.005329901352524757,0.3704260289669037,0.5308155417442322,-0.006956798490136862,0.3788188695907593,0.48779287934303284,-0.009768730029463768,0.38923192024230957,0.45721378922462463,-0.011691293679177761,0.3579241931438446,0.49294888973236084,0.0007152945036068559,0.3649762272834778,0.4766004979610443,-0.011658080853521824,0.3585195541381836,0.5114535689353943,-0.019057614728808403,0.35218778252601624,0.5415240526199341,-0.02155362069606781,0.33987775444984436,0.4918658435344696,-0.001342274947091937,0.34731170535087585,0.4734591543674469,-0.01498627383261919,0.3432508111000061,0.5162844061851501,-0.019252879545092583,0.3382725417613983,0.5494565367698669,-0.018983520567417145,0.32233157753944397,0.49582403898239136,-0.005318686831742525,0.32880061864852905,0.4761916399002075,-0.018832048401236534,0.3285001516342163,0.5189409852027893,-0.01635376363992691,0.3254980444908142,0.550899863243103,-0.010832186788320541,0.30409571528434753,0.5032871961593628,-0.009758534841239452,0.3104619085788727,0.4819488823413849,-0.018636764958500862,0.3135278522968292,0.5104960799217224,-0.015572478994727135,0.3134572505950928,0.5345200300216675,-0.010615784674882889,0.6478819847106934,0.6490013003349304,-2.61762892250772e-07,0.6219441294670105,0.6159766912460327,-0.0064614322036504745,0.6071348190307617,0.5621167421340942,-0.009637944400310516,0.598766028881073,0.5179781913757324,-0.014422072097659111,0.5857442021369934,0.4901280999183655,-0.01779986545443535,0.6221278309822083,0.531121551990509,0.003950435668230057,0.6188564896583557,0.4982041120529175,-0.011212155222892761,0.620694637298584,0.5332311391830444,-0.020582957193255424,0.6229634284973145,0.5625653266906738,-0.024067576974630356,0.6390738487243652,0.5341027975082397,0.0014538982650265098,0.6347719430923462,0.5049642324447632,-0.013721911236643791,0.6350236535072327,0.5520954132080078,-0.0181049183011055,0.6380118131637573,0.5797443389892578,-0.017129210755228996,0.6567284464836121,0.5420536398887634,-0.003811589442193508,0.6517796516418457,0.5119245648384094,-0.01768653281033039,0.6485386490821838,0.5565391778945923,-0.013583061285316944,0.6497719287872314,0.5831578969955444,-0.006632619071751833,0.6742217540740967,0.5553280711174011,-0.009980598464608192,0.6685863733291626,0.5267036557197571,-0.016629405319690704,0.6626880764961243,0.5539783835411072,-0.011616088449954987,0.6627821326255798,0.5724092721939087,-0.00562835531309247
21,0.31911641359329224,0.6016929149627686,-8.705281828724765e-08,0.35157692432403564,0.5762263536453247,-0.005130394361913204,0.3711584806442261,0.530591607093811,-0.006767049431800842,0.3792019784450531,0.486842542886734,-0.009738104417920113,0.3896980881690979,0.45534950494766235,-0.011906358413398266,0.35980749130249023,0.4930868148803711,0.002000738400965929,0.3659074902534485,0.4762767553329468,-0.010265082120895386,0.35946524143218994,0.5103870034217834,-0.018042897805571556,0.3535900413990021,0.540399432182312,-0.020930776372551918,0.34170836210250854,0.49146267771720886,-0.00016556013724766672,0.3483288884162903,0.4738001823425293,-0.013591460883617401,0.34448760747909546,0.5156514048576355,-0.018177835270762444,0.33986398577690125,0.5484175682067871,-0.018177557736635208,0.3239166736602783,0.49536609649658203,-0.004333851393312216,0.32933372259140015,0.4756118059158325,-0.01750008761882782,0.32939451932907104,0.5174785852432251,-0.015375392511487007,0.3271501958370209,0.5492246150970459,-0.010195507667958736,0.30534982681274414,0.5036296844482422,-0.008993926458060741,0.3103315234184265,0.48239871859550476,-0.017907340079545975,0.31413140892982483,0.5107499957084656,-0.015312790870666504,0.31516242027282715,0.534813642501831,-0.010697292163968086,0.6512326598167419,0.6501455307006836,-2.4821150645948364e-07,0.6266897916793823,0.6190800666809082,-0.007725380826741457,0.61109459400177,0.5649440884590149,-0.011521351523697376,0.6026051640510559,0.521887481212616,-0.016479527577757835,0.5908454656600952,0.4933648705482483,-0.019906427711248398,0.6229579448699951,0.5311480760574341,0.0017566714668646455,0.6199864149093628,0.49913209676742554,-0.013807819224894047,0.6222777366638184,0.5358385443687439,-0.022584281861782074,0.6246424913406372,0.564294695854187,-0.025602469220757484,0.6400119662284851,0.5331923961639404,-0.0003951187536586076,0.6367495059967041,0.5018402338027954,-0.017167309299111366,0.6370899677276611,0.5530334711074829,-0.021134965121746063,0.6390867829322815,0.5827518105506897,-0.01909775100648403,0.6578863859176636,0.5411452054977417,-0.00532061280682683,0.6531413197517395,0.5130050182342529,-0.02092304266989231,0.6500406861305237,0.5617746710777283,-0.016683217138051987,0.6502776741981506,0.589727520942688,-0.008930579759180546,0.6761635541915894,0.5543044209480286,-0.011141479946672916,0.6689987182617188,0.5287452936172485,-0.01925159990787506,0.6640287041664124,0.5594292283058167,-0.01441956963390112,0.6641011238098145,0.5778828263282776,-0.008108582347631454
22,0.32042545080184937,0.6005398631095886,-9.403605361057998e-08,0.3518826961517334,0.5773151516914368,-0.005157827865332365,0.37185853719711304,0.5317795872688293,-0.006958504673093557,0.38034969568252563,0.4875147044658661,-0.010026093572378159,0.3908403515815735,0.45699042081832886,-0.01225481741130352,0.36139145493507385,0.4935847520828247,0.00043282550177536905,0.3674521744251251,0.473952978849411,-0.011785549111664295,0.36053240299224854,0.5081016421318054,-0.019080648198723793,0.354692667722702,0.5368452668190002,-0.021682724356651306,0.3430353105068207,0.4917965233325958,-0.0018330801976844668,0.3497883975505829,0.47336190938949585,-0.015553050674498081,0.34528040885925293,0.5162578821182251,-0.019909029826521873,0.34006446599960327,0.5483466386795044,-0.019770601764321327,0.3251139521598816,0.49527326226234436,-0.005971468985080719,0.33014920353889465,0.47491779923439026,-0.01942787505686283,0.33028489351272583,0.5177008509635925,-0.017346730455756187,0.32806625962257385,0.5493163466453552,-0.012225845828652382,0.3065432012081146,0.5029404163360596,-0.010545163415372372,0.3113803267478943,0.4800957143306732,-0.019451292231678963,0.31545937061309814,0.5084853172302246,-0.016875939443707466,0.31662923097610474,0.5327816605567932,-0.012420041486620903,0.6512836217880249,0.6518002152442932,-2.6008021336565434e-07,0.6263889670372009,0.6160075664520264,-0.0051431311294436455,0.61249178647995,0.5623983144760132,-0.008236462250351906,0.6055681109428406,0.52125084400177,-0.012822412885725498,0.5946270227432251,0.4942026138305664,-0.015981227159500122,0.6253998875617981,0.5314987301826477,0.001219888566993177,0.6204547882080078,0.49964094161987305,-0.013305077329277992,0.6225173473358154,0.5376995205879211,-0.020820897072553635,0.6248754858970642,0.5662433505058289,-0.022991281002759933,0.6417010426521301,0.5361112952232361,-0.002091138157993555,0.6368355751037598,0.501994788646698,-0.017108149826526642,0.6364153027534485,0.5511865019798279,-0.019968301057815552,0.6384588479995728,0.5795146226882935,-0.017763134092092514,0.6593931913375854,0.5460746884346008,-0.007689150515943766,0.654057502746582,0.5145025253295898,-0.021339785307645798,0.6500377058982849,0.5610705614089966,-0.016407296061515808,0.6500861048698425,0.5881637930870056,-0.008832615800201893,0.677568256855011,0.561204195022583,-0.013971783220767975,0.6708194017410278,0.5304867029190063,-0.02021254412829876,0.6650199890136719,0.5576059222221375,-0.014526702463626862,0.6644226312637329,0.5761719346046448,-0.008085350506007671
23,0.3188474476337433,0.5983940362930298,-1.1973324376413075e-07,0.35276171565055847,0.5739622116088867,-0.005724651273339987,0.37354564666748047,0.5313098430633545,-0.007625463884323835,0.38217517733573914,0.4861064851284027,-0.010936873033642769,0.3921385109424591,0.4565468728542328,-0.013265264220535755,0.3630773425102234,0.4951723515987396,0.0015749488957226276,0.3687778413295746,0.4746602177619934,-0.011202288791537285,0.3611329197883606,0.5086731314659119,-0.01903647556900978,0.35565924644470215,0.5382336974143982,-0.02202334627509117,0.3447970151901245,0.49308982491493225,-0.00038811308331787586,0.3503951132297516,0.4737243950366974,-0.015847206115722656,0.3457595407962799,0.5144369006156921,-0.02084139734506607,0.34101027250289917,0.548252522945404,-0.020714979618787766,0.3271467685699463,0.49475565552711487,-0.00451964745298028,0.3318139314651489,0.4750419855117798,-0.01921086199581623,0.3308372497558594,0.5154252052307129,-0.017505239695310593,0.3284245431423187,0.54793381690979,-0.012189333327114582,0.3088379204273224,0.49993011355400085,-0.00922673661261797,0.3133540749549866,0.4802757501602173,-0.018622711300849915,0.31575313210487366,0.5081433057785034,-0.016545720398426056,0.3164733648300171,0.5319269895553589,-0.012270782142877579,0.6502105593681335,0.647739052772522,-2.69702013611095e-07,0.6255520582199097,0.6171432733535767,-0.008026795461773872,0.6110843420028687,0.5635833144187927,-0.012516525574028492,0.6036328077316284,0.5191532969474792,-0.018212171271443367,0.5923025608062744,0.48959195613861084,-0.022401608526706696,0.6251499056816101,0.5313420295715332,-0.0001647764875087887,0.6222400665283203,0.49862661957740784,-0.015672532841563225,0.623181939125061,0.5355533361434937,-0.02394956909120083,0.6243290305137634,0.5645464658737183,-0.026586851105093956,0.642646074295044,0.5345154404640198,-0.002273588441312313,0.6399336457252502,0.5032134652137756,-0.01847338117659092,0.6389523148536682,0.5529527068138123,-0.021905018016695976,0.6397519111633301,0.5817314386367798,-0.01991492137312889,0.6609997153282166,0.5430571436882019,-0.0070612747222185135,0.6566285490989685,0.514753520488739,-0.02168446220457554,0.6523798704147339,0.561103880405426,-0.017214130610227585,0.6520047783851624,0.5871450304985046,-0.00981171615421772,0.6795666217803955,0.5563980340957642,-0.012826482765376568,0.6732965707778931,0.529492974281311,-0.019614970311522484,0.6672447323799133,0.5569923520088196,-0.014465655200183392,0.6665374040603638,0.5740898847579956,-0.008404861204326153
24,0.3188474476337433,0.5983940362930298,-1.1973324376413075e-07,0.35276171565055847,0.5739622116088867,-0.005724651273339987,0.37354564666748047,0.5313098430633545,-0.007625463884323835,0.38217517733573914,0.4861064851284027,-0.010936873033642769,0.3921385109424591,0.4565468728542328,-0.013265264220535755,0.3630773425102234,0.4951723515987396,0.0015749488957226276,0.3687778413295746,0.4746602177619934,-0.011202288791537285,0.3611329197883606,0.5086731314659119,-0.01903647556900978,0.35565924644470215,0.5382336974143982,-0.02202334627509117,0.3447970151901245,0.49308982491493225,-0.00038811308331787586,0.3503951132297516,0.4737243950366974,-0.015847206115722656,0.3457595407962799,0.5144369006156921,-0.02084139734506607,0.34101027250289917,0.548252522945404,-0.020714979618787766,0.3271467685699463,0.49475565552711487,-0.00451964745298028,0.3318139314651489,0.4750419855117798,-0.01921086199581623,0.3308372497558594,0.5154252052307129,-0.017505239695310593,0.3284245431423187,0.54793381690979,-0.012189333327114582,0.3088379204273224,0.49993011355400085,-0.00922673661261797,0.3133540749549866,0.4802757501602173,-0.018622711300849915,0.31575313210487366,0.5081433057785034,-0.016545720398426056,0.3164733648300171,0.5319269895553589,-0.012270782142877579,0.6502105593681335,0.647739052772522,-2.69702013611095e-07,0.6255520582199097,0.6171432733535767,-0.008026795461773872,0.6110843420028687,0.5635833144187927,-0.012516525574028492,0.6036328077316284,0.5191532969474792,-0.018212171271443367,0.5923025608062744,0.48959195613861084,-0.022401608526706696,0.6251499056816101,0.5313420295715332,-0.0001647764875087887,0.6222400665283203,0.49862661957740784,-0.015672532841563225,0.623181939125061,0.5355533361434937,-0.02394956909120083,0.6243290305137634,0.5645464658737183,-0.026586851105093956,0.642646074295044,0.5345154404640198,-0.002273588441312313,0.6399336457252502,0.5032134652137756,-0.01847338117659092,0.6389523148536682,0.5529527068138123,-0.021905018016695976,0.6397519111633301,0.5817314386367798,-0.01991492137312889,0.6609997153282166,0.5430571436882019,-0.0070612747222185135,0.6566285490989685,0.514753520488739,-0.02168446220457554,0.6523798704147339,0.561103880405426,-0.017214130610227585,0.6520047783851624,0.5871450304985046,-0.00981171615421772,0.6795666217803955,0.5563980340957642,-0.012826482765376568,0.6732965707778931,0.529492974281311,-0.019614970311522484,0.6672447323799133,0.5569923520088196,-0.014465655200183392,0.6665374040603638,0.5740898847579956,-0.008404861204326153
25,0.3206026554107666,0.6021314263343811,-9.222006269737903e-08,0.35384050011634827,0.5790152549743652,-0.005785144399851561,0.3741234242916107,0.5343866944313049,-0.007835209369659424,0.3821190893650055,0.48893094062805176,-0.011122130788862705,0.3928036093711853,0.4591865539550781,-0.013604200445115566,0.36273568868637085,0.49660930037498474,0.0008983069565147161,0.36822035908699036,0.476787805557251,-0.011459462344646454,0.36141857504844666,0.5097465515136719,-0.019286738708615303,0.3555503189563751,0.538618266582489,-0.022315239533782005,0.3442450761795044,0.494559109210968,-0.0010410036193206906,0.3507051467895508,0.47406864166259766,-0.015231380239129066,0.34620463848114014,0.5161144137382507,-0.020412534475326538,0.34054043889045715,0.5495967268943787,-0.020771397277712822,0.32649925351142883,0.49722743034362793,-0.004941348917782307,0.33160343766212463,0.47538891434669495,-0.018751684576272964,0.331331342458725,0.5182696580886841,-0.017259877175092697,0.32860252261161804,0.5512748956680298,-0.012391339987516403,0.3080828785896301,0.5039953589439392,-0.009356677532196045,0.31289103627204895,0.4794732928276062,-0.01848778873682022,0.31676092743873596,0.507846474647522,-0.01628555729985237,0.3176947236061096,0.5329596996307373,-0.012082552537322044,0.6530976891517639,0.6541199088096619,-2.6018210519396234e-07,0.6286047101020813,0.6192313432693481,-0.0061487252824008465,0.6155275106430054,0.5641181468963623,-0.009623007848858833,0.6077905893325806,0.5208653807640076,-0.01450410671532154,0.5955721735954285,0.49169936776161194,-0.018063286319375038,0.6291158199310303,0.5299075245857239,0.0018561527831479907,0.6248889565467834,0.5026607513427734,-0.01306482870131731,0.6271498799324036,0.5405821204185486,-0.02177535369992256,0.6297507882118225,0.5692619681358337,-0.024896854534745216,0.6456699967384338,0.5323228240013123,-0.0008228030637837946,0.6423112750053406,0.5055907368659973,-0.01594313234090805,0.6424930095672607,0.5558525919914246,-0.019500022754073143,0.6438918709754944,0.5843112468719482,-0.017930107191205025,0.6636120080947876,0.5401829481124878,-0.0059433975256979465,0.6594589948654175,0.5162701606750488,-0.019668754190206528,0.655711829662323,0.563826858997345,-0.015366384759545326,0.6548954248428345,0.5899118185043335,-0.008348901756107807,0.6814721822738647,0.5532557964324951,-0.011908039450645447,0.675999641418457,0.529725968837738,-0.018091076985001564,0.6696342825889587,0.5592218041419983,-0.012710761278867722,0.6678225994110107,0.5766942501068115,-0.006586281582713127
26,0.32004743814468384,0.6024323105812073,-7.01542290926227e-08,0.35323092341423035,0.5805873870849609,-0.005294667556881905,0.37335604429244995,0.5372258424758911,-0.007139831781387329,0.3813493251800537,0.49358686804771423,-0.010300232097506523,0.39162904024124146,0.46320563554763794,-0.012743966653943062,0.36127665638923645,0.500560462474823,0.0009107818477787077,0.3667449951171875,0.47781577706336975,-0.011156359687447548,0.36115866899490356,0.5106474161148071,-0.018760697916150093,0.35591185092926025,0.5402613878250122,-0.02163466438651085,0.3433285653591156,0.49875032901763916,-0.0012605543015524745,0.3503125309944153,0.4756866693496704,-0.014592936262488365,0.346459299325943,0.5164713859558105,-0.01960420422255993,0.3413454592227936,0.549243152141571,-0.02013438008725643,0.3259337842464447,0.501037061214447,-0.005311711225658655,0.33197852969169617,0.47756510972976685,-0.018614571541547775,0.3314918279647827,0.5192992687225342,-0.016930436715483665,0.3285430073738098,0.5518025159835815,-0.012156130746006966,0.3078172206878662,0.5073497891426086,-0.009846976958215237,0.31359291076660156,0.4813694953918457,-0.018869474530220032,0.3172209858894348,0.5090211629867554,-0.01649906486272812,0.3177875876426697,0.5345552563667297,-0.012248433195054531,0.6549093127250671,0.6558519601821899,-2.484232766164496e-07,0.6297775506973267,0.6185214519500732,-0.004912922158837318,0.6168248057365417,0.5626072883605957,-0.007237473037093878,0.6098741292953491,0.5203985571861267,-0.010949107818305492,0.5989146828651428,0.4924938380718231,-0.013227766379714012,0.6292011141777039,0.5308527946472168,0.001990876393392682,0.6253352165222168,0.5051804780960083,-0.011733581312000751,0.6286811828613281,0.5426364541053772,-0.01920841634273529,0.6319431066513062,0.5709676742553711,-0.021586932241916656,0.6460384130477905,0.5334256291389465,-0.0010094866156578064,0.6429572701454163,0.5066837072372437,-0.015587075613439083,0.6438528895378113,0.5559765100479126,-0.018861785531044006,0.6453226804733276,0.5840185284614563,-0.017128387466073036,0.6643700003623962,0.5407463908195496,-0.006127041298896074,0.6605440378189087,0.5168559551239014,-0.01935410499572754,0.6573670506477356,0.5643748044967651,-0.015100291930139065,0.6562169194221497,0.5907738208770752,-0.008180019445717335,0.682574450969696,0.5529873967170715,-0.011950002983212471,0.6784691214561462,0.5277578830718994,-0.017890946939587593,0.6722862124443054,0.5566573143005371,-0.012413367629051208,0.66985023021698,0.574144184589386,-0.006238073110580444
27,0.32123494148254395,0.6079983711242676,-7.546874059016773e-08,0.35476335883140564,0.5835667252540588,-0.005303690675646067,0.37525615096092224,0.5374811291694641,-0.007216110359877348,0.3836056888103485,0.49384060502052307,-0.010636752471327782,0.39335787296295166,0.46395382285118103,-0.013373908586800098,0.36316826939582825,0.5010114312171936,0.001483195461332798,0.3686889111995697,0.4827217757701874,-0.011673744767904282,0.36180442571640015,0.5157926082611084,-0.0203333031386137,0.35558271408081055,0.5453462600708008,-0.023651842027902603,0.3446331322193146,0.4984382688999176,-0.0009189340053126216,0.3510078191757202,0.4800899624824524,-0.015705032274127007,0.3470280170440674,0.5218223333358765,-0.021700743585824966,0.3416450321674347,0.5556138157844543,-0.022463560104370117,0.32675033807754517,0.5014227032661438,-0.005337137263268232,0.332190603017807,0.48087289929389954,-0.01895180717110634,0.33219340443611145,0.5224664211273193,-0.018256492912769318,0.32961171865463257,0.5553985238075256,-0.013958822004497051,0.3084464371204376,0.5089499950408936,-0.010294278152287006,0.3129803240299225,0.4845525920391083,-0.018767893314361572,0.317122220993042,0.5109642148017883,-0.016991233453154564,0.3183753490447998,0.5359414219856262,-0.013208795338869095,0.6519410014152527,0.6507302522659302,-2.701094672374893e-07,0.6261475682258606,0.6170586347579956,-0.00669561792165041,0.6114209294319153,0.5582866668701172,-0.008820348419249058,0.6034811735153198,0.5135451555252075,-0.012560761533677578,0.5911948084831238,0.48607054352760315,-0.015093998052179813,0.6279946565628052,0.5328364968299866,0.00511820986866951,0.6264118552207947,0.5071278810501099,-0.009227907285094261,0.6289833784103394,0.5436010956764221,-0.018287066370248795,0.631274938583374,0.5722712278366089,-0.02183639630675316,0.6453757286071777,0.534876823425293,0.0025745141319930553,0.6438887119293213,0.5077598094940186,-0.012399923987686634,0.6443804502487183,0.5562641024589539,-0.01694313995540142,0.6459139585494995,0.5860132575035095,-0.0159800723195076,0.6638261079788208,0.5420389771461487,-0.0027219941839575768,0.6616326570510864,0.5163075923919678,-0.01655503921210766,0.6578536629676819,0.5631543397903442,-0.0128158088773489,0.6567885279655457,0.5906586050987244,-0.00604290934279561,0.6822591423988342,0.5546531677246094,-0.008979015052318573,0.6792954206466675,0.5295857787132263,-0.01488714013248682,0.6730731129646301,0.5582988262176514,-0.009435043670237064,0.6712420582771301,0.5757414698600769,-0.0033879936672747135
28,0.32123494148254395,0.6079983711242676,-7.546874059016773e-08,0.35476335883140564,0.5835667252540588,-0.005303690675646067,0.37525615096092224,0.5374811291694641,-0.007216110359877348,0.3836056888103485,0.49384060502052307,-0.010636752471327782,0.39335787296295166,0.46395382285118103,-0.013373908586800098,0.36316826939582825,0.5010114312171936,0.001483195461332798,0.3686889111995697,0.4827217757701874,-0.011673744767904282,0.36180442571640015,0.5157926082611084,-0.0203333031386137,0.35558271408081055,0.5453462600708008,-0.023651842027902603,0.3446331322193146,0.4984382688999176,-0.0009189340053126216,0.3510078191757202,0.4800899624824524,-0.015705032274127007,0.3470280170440674,0.5218223333358765,-0.021700743585824966,0.3416450321674347,0.5556138157844543,-0.022463560104370117,0.32675033807754517,0.5014227032661438,-0.005337137263268232,0.332190603017807,0.48087289929389954,-0.01895180717110634,0.33219340443611145,0.5224664211273193,-0.018256492912769318,0.32961171865463257,0.5553985238075256,-0.013958822004497051,0.3084464371204376,0.5089499950408936,-0.010294278152287006,0.3129803240299225,0.4845525920391083,-0.018767893314361572,0.317122220993042,0.5109642148017883,-0.016991233453154564,0.3183753490447998,0.5359414219856262,-0.013208795338869095,0.6519410014152527,0.6507302522659302,-2.701094672374893e-07,0.6261475682258606,0.6170586347579956,-0.00669561792165041,0.6114209294319153,0.5582866668701172,-0.008820348419249058,0.6034811735153198,0.5135451555252075,-0.012560761533677578,0.5911948084831238,0.48607054352760315,-0.015093998052179813,0.6279946565628052,0.5328364968299866,0.00511820986866951,0.6264118552207947,0.5071278810501099,-0.009227907285094261,0.6289833784103394,0.5436010956764221,-0.018287066370248795,0.631274938583374,0.5722712278366089,-0.02183639630675316,0.6453757286071777,0.534876823425293,0.0025745141319930553,0.6438887119293213,0.5077598094940186,-0.012399923987686634,0.6443804502487183,0.5562641024589539,-0.01694313995540142,0.6459139585494995,0.5860132575035095,-0.0159800723195076,0.6638261079788208,0.5420389771461487,-0.0027219941839575768,0.6616326570510864,0.5163075923919678,-0.01655503921210766,0.6578536629676819,0.5631543397903442,-0.0128158088773489,0.6567885279655457,0.5906586050987244,-0.00604290934279561,0.6822591423988342,0.5546531677246094,-0.008979015052318573,0.6792954206466675,0.5295857787132263,-0.01488714013248682,0.6730731129646301,0.5582988262176514,-0.009435043670237064,0.6712420582771301,0.5757414698600769,-0.0033879936672747135
29,0.32045793533325195,0.6059383749961853,-9.015647606247512e-08,0.353908509016037,0.5826336741447449,-0.005539546720683575,0.37447383999824524,0.5391060709953308,-0.007612550165504217,0.3816729187965393,0.4936455190181732,-0.011162607930600643,0.3902655839920044,0.4649740159511566,-0.013849505223333836,0.3631313741207123,0.5016065239906311,0.0017508213641121984,0.36904725432395935,0.48101773858070374,-0.011928197927772999,0.3622349202632904,0.513523519039154,-0.020793931558728218,0.3559191823005676,0.5423272252082825,-0.024293003603816032,0.34457942843437195,0.4989356994628906,-0.0007116940687410533,0.3510816693305969,0.4775131940841675,-0.016371503472328186,0.34686750173568726,0.5197286605834961,-0.02231200784444809,0.3413485884666443,0.5537917017936707,-0.0228835791349411,0.32681983709335327,0.5013282299041748,-0.005302354693412781,0.3322693705558777,0.47908899188041687,-0.020066533237695694,0.33167001605033875,0.5211651921272278,-0.018877094611525536,0.3285207748413086,0.5536054372787476,-0.013964892365038395,0.3083568215370178,0.5075872540473938,-0.010449318215250969,0.3139059543609619,0.4847705662250519,-0.019711492583155632,0.31719106435775757,0.5124578475952148,-0.017611445859074593,0.3175806701183319,0.5364784598350525,-0.013492862693965435,0.6526705026626587,0.6503897309303284,-2.744323523984349e-07,0.6266553997993469,0.614071786403656,-0.006851995829492807,0.6120305061340332,0.5578510165214539,-0.009746482595801353,0.6042394638061523,0.5132926106452942,-0.014318829402327538,0.5916363000869751,0.4849655330181122,-0.017668673768639565,0.6285555958747864,0.5347136855125427,0.0039034432265907526,0.6256957054138184,0.5089433789253235,-0.011000310070812702,0.6287643909454346,0.5469152331352234,-0.02024242654442787,0.6314811110496521,0.5767384171485901,-0.02380811609327793,0.6462950706481934,0.537416398525238,0.001268862746655941,0.6433064341545105,0.5104526877403259,-0.01457870751619339,0.6442127823829651,0.5589720606803894,-0.019457900896668434,0.6461977362632751,0.5893837213516235,-0.018819058313965797,0.6651011109352112,0.5444451570510864,-0.004066627472639084,0.6614936590194702,0.5181235671043396,-0.01846451126039028,0.6583334803581238,0.5644425749778748,-0.014942759647965431,0.6581093072891235,0.5931475162506104,-0.008353957906365395,0.6836116313934326,0.5564199686050415,-0.010398001410067081,0.6789268255233765,0.53208988904953,-0.01675497181713581,0.6729954481124878,0.5603479146957397,-0.011642967350780964,0.6720234751701355,0.5787754058837891,-0.005850448738783598
30,0.3206043839454651,0.607143223285675,-9.413164292482179e-08,0.3541722595691681,0.5829309821128845,-0.005762265529483557,0.37475505471229553,0.5387442111968994,-0.007634338457137346,0.38191086053848267,0.4927924871444702,-0.011026425287127495,0.39130038022994995,0.4638444185256958,-0.013445374555885792,0.3628254234790802,0.5012367367744446,0.003357584122568369,0.36866670846939087,0.4805453419685364,-0.01047410350292921,0.36219310760498047,0.5132684707641602,-0.019538408145308495,0.35650134086608887,0.5422070622444153,-0.023093773052096367,0.34464260935783386,0.4988290071487427,0.0010384336346760392,0.35114964842796326,0.4772445559501648,-0.015072397887706757,0.3470618426799774,0.5196099877357483,-0.02134900726377964,0.34182208776474,0.5537906885147095,-0.021886704489588737,0.3272474408149719,0.5013784170150757,-0.0035987328737974167,0.3325326144695282,0.4785478115081787,-0.018898358568549156,0.3319237232208252,0.5211242437362671,-0.01792966015636921,0.32905179262161255,0.5539368391036987,-0.012873467057943344,0.30899471044540405,0.507655680179596,-0.008840925991535187,0.31419655680656433,0.48458850383758545,-0.018497202545404434,0.31746426224708557,0.5124441981315613,-0.01668129675090313,0.31815680861473083,0.5364366769790649,-0.01259759534150362,0.652614176273346,0.6514546871185303,-2.627941739774542e-07,0.6263059973716736,0.6170517802238464,-0.007859200239181519,0.6116864681243896,0.5636965036392212,-0.012018311768770218,0.6048092246055603,0.5184541940689087,-0.017693018540740013,0.5931600332260132,0.4884275496006012,-0.02212260477244854,0.6281507015228271,0.5360769033432007,0.0015082620084285736,0.6259064674377441,0.5082262754440308,-0.013800591230392456,0.6286911964416504,0.5459656119346619,-0.02295057103037834,0.6316233277320862,0.576327919960022,-0.02637946605682373,0.6463900804519653,0.5389225482940674,-0.0008641256135888398,0.6439398527145386,0.5098490715026855,-0.016880478709936142,0.6445949077606201,0.5585933327674866,-0.021502362564206123,0.6464923620223999,0.5898751020431519,-0.020747538655996323,0.6654121279716492,0.5463401675224304,-0.005899597425013781,0.6619755029678345,0.5182743072509766,-0.020449871197342873,0.6582179665565491,0.5646119713783264,-0.016700489446520805,0.657463788986206,0.5939602851867676,-0.009967176243662834,0.6842513084411621,0.5590795278549194,-0.01201315876096487,0.6802639365196228,0.5325363278388977,-0.01875409297645092,0.6736419200897217,0.5600335597991943,-0.013682120479643345,0.6714959740638733,0.5793663263320923,-0.007834105752408504
31,0.3206043839454651,0.607143223285675,-9.413164292482179e-08,0.3541722595691681,0.5829309821128845,-0.005762265529483557,0.37475505471229553,0.5387442111968994,-0.007634338457137346,0.38191086053848267,0.4927924871444702,-0.011026425287127495,0.39130038022994995,0.4638444185256958,-0.013445374555885792,0.3628254234790802,0.5012367367744446,0.003357584122568369,0.36866670846939087,0.4805453419685364,-0.01047410350292921,0.36219310760498047,0.5132684707641602,-0.019538408145308495,0.35650134086608887,0.5422070622444153,-0.023093773052096367,0.34464260935783386,0.4988290071487427,0.0010384336346760392,0.35114964842796326,0.4772445559501648,-0.015072397887706757,0.3470618426799774,0.5196099877357483,-0.02134900726377964,0.34182208776474,0.5537906885147095,-0.021886704489588737,0.3272474408149719,0.5013784170150757,-0.0035987328737974167,0.3325326144695282,0.4785478115081787,-0.018898358568549156,0.3319237232208252,0.5211242437362671,-0.01792966015636921,0.32905179262161255,0.5539368391036987,-0.012873467057943344,0.30899471044540405,0.507655680179596,-0.008840925991535187,0.31419655680656433,0.48458850383758545,-0.018497202545404434,0.31746426224708557,0.5124441981315613,-0.01668129675090313,0.31815680861473083,0.5364366769790649,-0.01259759534150362,0.652614176273346,0.6514546871185303,-2.627941739774542e-07,0.6263059973716736,0.6170517802238464,-0.007859200239181519,0.6116864681243896,0.5636965036392212,-0.012018311768770218,0.6048092246055603,0.5184541940689087,-0.017693018540740013,0.5931600332260132,0.4884275496006012,-0.02212260477244854,0.6281507015228271,0.5360769033432007,0.0015082620084285736,0.6259064674377441,0.5082262754440308,-0.013800591230392456,0.6286911964416504,0.5459656119346619,-0.02295057103037834,0.6316233277320862,0.576327919960022,-0.02637946605682373,0.6463900804519653,0.5389225482940674,-0.0008641256135888398,0.6439398527145386,0.5098490715026855,-0.016880478709936142,0.6445949077606201,0.5585933327674866,-0.021502362564206123,0.6464923620223999,0.5898751020431519,-0.020747538655996323,0.6654121279716492,0.5463401675224304,-0.005899597425013781,0.6619755029678345,0.5182743072509766,-0.020449871197342873,0.6582179665565491,0.5646119713783264,-0.016700489446520805,0.657463788986206,0.5939602851867676,-0.009967176243662834,0.6842513084411621,0.5590795278549194,-0.01201315876096487,0.6802639365196228,0.5325363278388977,-0.01875409297645092,0.6736419200897217,0.5600335597991943,-0.013682120479643345,0.6714959740638733,0.5793663263320923,-0.007834105752408504
32,0.32185494899749756,0.606049120426178,-5.583368789530141e-08,0.35412973165512085,0.5870493054389954,-0.0051717390306293964,0.37533167004585266,0.5451750755310059,-0.006449825130403042,0.38382527232170105,0.5030919313430786,-0.009021773934364319,0.3900964856147766,0.47218000888824463,-0.010671690106391907,0.3637494444847107,0.5085484385490417,0.002034414792433381,0.37121808528900146,0.4848085045814514,-0.010366850532591343,0.36378705501556396,0.5164576768875122,-0.017988525331020355,0.35666587948799133,0.5450538396835327,-0.020524853840470314,0.3462786376476288,0.5045308470726013,-0.00018540788732934743,0.35496780276298523,0.4798618257045746,-0.013816962018609047,0.34945785999298096,0.5196252465248108,-0.018808096647262573,0.34327417612075806,0.5513259172439575,-0.01882997155189514,0.3287557363510132,0.5044885873794556,-0.004440650809556246,0.33623000979423523,0.48155272006988525,-0.017993923276662827,0.3341674208641052,0.5233393907546997,-0.016630083322525024,0.3304259479045868,0.5545262694358826,-0.011694730259478092,0.31015586853027344,0.5084447860717773,-0.009143201634287834,0.317043274641037,0.48498350381851196,-0.01771809719502926,0.3197460174560547,0.5129833817481995,-0.015338949859142303,0.3198738396167755,0.5376899838447571,-0.011032899841666222,0.6530848741531372,0.6524542570114136,-2.767267517356231e-07,0.6272855401039124,0.6170015931129456,-0.006941676139831543,0.6122404336929321,0.5593704581260681,-0.0096604498103261,0.6045310497283936,0.5149384140968323,-0.013877781108021736,0.5920215845108032,0.4870131015777588,-0.01693132147192955,0.6293911337852478,0.5363301634788513,0.0033733979798853397,0.626917839050293,0.5103427767753601,-0.011185734532773495,0.629918098449707,0.5477795004844666,-0.020253723487257957,0.6325865983963013,0.5776011943817139,-0.023771042004227638,0.6471406817436218,0.5394253134727478,0.0009303331607952714,0.6445964574813843,0.5129483342170715,-0.01456857193261385,0.6454331874847412,0.5610129237174988,-0.01939232461154461,0.6470697522163391,0.5913330912590027,-0.01874730736017227,0.6656926870346069,0.5466912984848022,-0.004102115985006094,0.6629169583320618,0.5198907852172852,-0.018269702792167664,0.6595413088798523,0.5658029913902283,-0.014647859148681164,0.6585747599601746,0.5942599773406982,-0.008041346445679665,0.6837980151176453,0.5587413907051086,-0.01007264293730259,0.6802935600280762,0.532724916934967,-0.016562698408961296,0.6740627884864807,0.5618865489959717,-0.011276666074991226,0.672299861907959,0.5811253190040588,-0.005288108251988888
33,0.3236629366874695,0.6068382263183594,-6.281197784119286e-08,0.3542015254497528,0.5880524516105652,-0.006752319168299437,0.3757546544075012,0.5442885756492615,-0.009147949516773224,0.3847806453704834,0.5003854632377625,-0.012354545295238495,0.3942594528198242,0.46845632791519165,-0.014706903137266636,0.36555686593055725,0.5082317590713501,-0.001288160914555192,0.3721628785133362,0.48803675174713135,-0.014781733974814415,0.36483362317085266,0.5199828743934631,-0.022925902158021927,0.35823386907577515,0.5496771335601807,-0.0258554108440876,0.3473328649997711,0.5042203664779663,-0.003110865829512477,0.3556413948535919,0.48347237706184387,-0.018466906622052193,0.3501480221748352,0.5251632332801819,-0.02389497496187687,0.3436205983161926,0.5585106015205383,-0.0241079144179821,0.32940149307250977,0.505101203918457,-0.006915541365742683,0.3365287780761719,0.4827772378921509,-0.021772362291812897,0.33483269810676575,0.5255506634712219,-0.020212285220623016,0.33099034428596497,0.5577903985977173,-0.015102886594831944,0.31074145436286926,0.5094721913337708,-0.011219494044780731,0.31767088174819946,0.4890963137149811,-0.021139049902558327,0.31971073150634766,0.5182430148124695,-0.01890711672604084,0.3191038966178894,0.5419656038284302,-0.01456691138446331,0.6540627479553223,0.6537198424339294,-2.7838112259814807e-07,0.6283053755760193,0.6176093220710754,-0.0074488022364676,0.6132668852806091,0.5607032179832458,-0.010664353147149086,0.6052488684654236,0.515679657459259,-0.015329313464462757,0.5925110578536987,0.4870738387107849,-0.01884874701499939,0.6298925876617432,0.5362253189086914,0.002907044952735305,0.6274207830429077,0.511309802532196,-0.011488926596939564,0.6303265690803528,0.5486590266227722,-0.020553475245833397,0.6328333020210266,0.5791311860084534,-0.024190086871385574,0.6480307579040527,0.5390225648880005,0.000641899649053812,0.6451684832572937,0.514265775680542,-0.014708895236253738,0.6457811594009399,0.5620147585868835,-0.01970583200454712,0.6472963094711304,0.5932075381278992,-0.01938728801906109,0.6669985055923462,0.5464582443237305,-0.004198763053864241,0.6640270352363586,0.5208145976066589,-0.01840096525847912,0.6603327989578247,0.5665328502655029,-0.014923181384801865,0.6590430736541748,0.5961970090866089,-0.008550186641514301,0.6856218576431274,0.5590590238571167,-0.01004580408334732,0.6815055012702942,0.5354654788970947,-0.01691635139286518,0.6748192310333252,0.5647216439247131,-0.0119497524574399,0.672683596611023,0.5845562815666199,-0.006210400722920895
34,0.3245508670806885,0.6079937815666199,-7.246731570376141e-08,0.3541768491268158,0.5898498892784119,-0.007083418779075146,0.37630343437194824,0.5445841550827026,-0.00920335203409195,0.38603702187538147,0.5012584328651428,-0.01202412135899067,0.39558225870132446,0.4699346125125885,-0.013871503993868828,0.3660341501235962,0.507706880569458,-0.0013329512439668179,0.3733581006526947,0.487612247467041,-0.014820332638919353,0.3658374547958374,0.5194879770278931,-0.022767946124076843,0.35924777388572693,0.5487202405929565,-0.025509534403681755,0.34747013449668884,0.5037721395492554,-0.0028884883504360914,0.35551461577415466,0.4832623302936554,-0.018441613763570786,0.35030078887939453,0.5258454084396362,-0.02336590364575386,0.3443194031715393,0.5598695278167725,-0.02300049364566803,0.329252153635025,0.5048094987869263,-0.0065436894074082375,0.3360452651977539,0.48459377884864807,-0.021350767463445663,0.33482059836387634,0.5273767709732056,-0.019379861652851105,0.3316248953342438,0.5589743256568909,-0.013915413059294224,0.31060245633125305,0.5096136331558228,-0.010767144151031971,0.31765347719192505,0.4910207986831665,-0.020394200459122658,0.31969064474105835,0.5203766822814941,-0.017882581800222397,0.31911373138427734,0.5433998703956604,-0.013337019830942154,0.6548352837562561,0.6530429124832153,-2.8168170729259145e-07,0.628635823726654,0.620121419429779,-0.008169940672814846,0.6129339933395386,0.5615167021751404,-0.011217845603823662,0.6048073768615723,0.5158060789108276,-0.015514114871621132,0.5916549563407898,0.4880819022655487,-0.01850227266550064,0.629731297492981,0.5376228094100952,0.002454281086102128,0.6271708607673645,0.5109367370605469,-0.012330166064202785,0.6305829882621765,0.5492802262306213,-0.021364277228713036,0.6333286762237549,0.5800892114639282,-0.024834685027599335,0.6482959389686584,0.53961580991745,0.0005744780646637082,0.6454038619995117,0.5135213136672974,-0.015153611078858376,0.6465193033218384,0.5622732043266296,-0.019861217588186264,0.6481587290763855,0.5928505659103394,-0.01906292699277401,0.667137622833252,0.5463021993637085,-0.004021338652819395,0.6641319990158081,0.5207191705703735,-0.018396912142634392,0.6608569622039795,0.567486047744751,-0.014524087309837341,0.6598546504974365,0.5958926677703857,-0.007708444260060787,0.6854760050773621,0.5580388903617859,-0.009688671678304672,0.681333065032959,0.5348420739173889,-0.01639420911669731,0.6751341223716736,0.5649738907814026,-0.01126073207706213,0.6735035181045532,0.5836480855941772,-0.005393230356276035
35,0.3245508670806885,0.6079937815666199,-7.246731570376141e-08,0.3541768491268158,0.5898498892784119,-0.007083418779075146,0.37630343437194824,0.5445841550827026,-0.00920335203409195,0.38603702187538147,0.5012584328651428,-0.01202412135899067,0.39558225870132446,0.4699346125125885,-0.013871503993868828,0.3660341501235962,0.507706880569458,-0.0013329512439668179,0.3733581006526947,0.487612247467041,-0.014820332638919353,0.3658374547958374,0.5194879770278931,-0.022767946124076843,0.35924777388572693,0.5487202405929565,-0.025509534403681755,0.34747013449668884,0.5037721395492554,-0.0028884883504360914,0.35551461577415466,0.4832623302936554,-0.018441613763570786,0.35030078887939453,0.5258454084396362,-0.02336590364575386,0.3443194031715393,0.5598695278167725,-0.02300049364566803,0.329252153635025,0.5048094987869263,-0.0065436894074082375,0.3360452651977539,0.48459377884864807,-0.021350767463445663,0.33482059836387634,0.5273767709732056,-0.019379861652851105,0.3316248953342438,0.5589743256568909,-0.013915413059294224,0.31060245633125305,0.5096136331558228,-0.010767144151031971,0.31765347719192505,0.4910207986831665,-0.020394200459122658,0.31969064474105835,0.5203766822814941,-0.017882581800222397,0.31911373138427734,0.5433998703956604,-0.013337019830942154,0.6548352837562561,0.6530429124832153,-2.8168170729259145e-07,0.628635823726654,0.620121419429779,-0.008169940672814846,0.6129339933395386,0.5615167021751404,-0.011217845603823662,0.6048073768615723,0.5158060789108276,-0.015514114871621132,0.5916549563407898,0.4880819022655487,-0.01850227266550064,0.629731297492981,0.5376228094100952,0.002454281086102128,0.6271708607673645,0.5109367370605469,-0.012330166064202785,0.6305829882621765,0.5492802262306213,-0.021364277228713036,0.6333286762237549,0.5800892114639282,-0.024834685027599335,0.6482959389686584,0.53961580991745,0.0005744780646637082,0.6454038619995117,0.5135213136672974,-0.015153611078858376,0.6465193033218384,0.5622732043266296,-0.019861217588186264,0.6481587290763855,0.5928505659103394,-0.01906292699277401,0.667137622833252,0.5463021993637085,-0.004021338652819395,0.6641319990158081,0.5207191705703735,-0.018396912142634392,0.6608569622039795,0.567486047744751,-0.014524087309837341,0.6598546504974365,0.5958926677703857,-0.007708444260060787,0.6854760050773621,0.5580388903617859,-0.009688671678304672,0.681333065032959,0.5348420739173889,-0.01639420911669731,0.6751341223716736,0.5649738907814026,-0.01126073207706213,0.6735035181045532,0.5836480855941772,-0.005393230356276035
36,0.3225545585155487,0.6111117005348206,-1.0997371902021769e-07,0.35528630018234253,0.5886433720588684,-0.007449336815625429,0.37676894664764404,0.5427719354629517,-0.009986985474824905,0.3863738477230072,0.4967265725135803,-0.013566943816840649,0.3974788784980774,0.4665939211845398,-0.015931425616145134,0.3666495382785797,0.5102280378341675,-0.0009480821900069714,0.37388890981674194,0.4866044223308563,-0.01488534640520811,0.36586543917655945,0.5203940868377686,-0.022672170773148537,0.35935840010643005,0.5503098368644714,-0.025364497676491737,0.34821075201034546,0.5065810680389404,-0.002525437157601118,0.3555103838443756,0.48341578245162964,-0.019068408757448196,0.34972646832466125,0.5258546471595764,-0.023925891146063805,0.34387722611427307,0.5595436096191406,-0.023520704358816147,0.3300560712814331,0.5068949460983276,-0.006448413711041212,0.3365073502063751,0.48300737142562866,-0.022549213841557503,0.3348039388656616,0.5268424153327942,-0.020390929654240608,0.3315395712852478,0.5603888034820557,-0.01448854897171259,0.31094351410865784,0.5106415152549744,-0.011054444126784801,0.3172614276409149,0.4870872497558594,-0.021618084982037544,0.31983259320259094,0.5166274309158325,-0.01955055445432663,0.3200821280479431,0.5414476990699768,-0.015200267545878887,0.6550406813621521,0.6526010036468506,-3.0078587087700726e-07,0.6281899809837341,0.6171095371246338,-0.007231422234326601,0.6131113171577454,0.5611740946769714,-0.010730955749750137,0.6055904030799866,0.5159499049186707,-0.015757760033011436,0.5923404693603516,0.4877816438674927,-0.01970222033560276,0.6307260394096375,0.5352075695991516,0.0023864065296947956,0.6272472143173218,0.5112210512161255,-0.01300843432545662,0.6309274435043335,0.5497971773147583,-0.022936802357435226,0.6342948079109192,0.58269864320755,-0.026862677186727524,0.6495298147201538,0.538701593875885,-9.62365884333849e-05,0.6460040211677551,0.5142802000045776,-0.01575602777302265,0.6468180418014526,0.5622509121894836,-0.021010788157582283,0.6485865712165833,0.5939509868621826,-0.02086946927011013,0.6686322093009949,0.5467168092727661,-0.0051248339004814625,0.6652982831001282,0.5217772722244263,-0.019333042204380035,0.6616053581237793,0.5666931867599487,-0.015709273517131805,0.6603219509124756,0.5955376029014587,-0.009224960580468178,0.6870548725128174,0.5600540637969971,-0.011146140284836292,0.6826054453849792,0.535727322101593,-0.01763775199651718,0.6760833263397217,0.5648887753486633,-0.012286635115742683,0.674238383769989,0.5847558379173279,-0.006303028669208288
37,0.32024532556533813,0.6127973198890686,-1.1538786992559835e-07,0.35398223996162415,0.5914493203163147,-0.006782899610698223,0.37620434165000916,0.5450518727302551,-0.009376504458487034,0.3859330117702484,0.49957960844039917,-0.013100644573569298,0.39561593532562256,0.46712061762809753,-0.015673253685235977,0.367366760969162,0.5087840557098389,-0.0009766374714672565,0.37351080775260925,0.4884032905101776,-0.015185237862169743,0.3644126057624817,0.521369993686676,-0.023494858294725418,0.3572539985179901,0.5492439270019531,-0.026564234867691994,0.34860333800315857,0.5039305686950684,-0.003123506670817733,0.3549458682537079,0.4845004975795746,-0.01940394751727581,0.34842419624328613,0.5271067023277283,-0.02449321374297142,0.3420330286026001,0.5600619316101074,-0.024616248905658722,0.3301393687725067,0.5042504072189331,-0.007535979151725769,0.3363925814628601,0.4846487045288086,-0.023119628429412842,0.33415907621383667,0.527702271938324,-0.02169100008904934,0.33029231429100037,0.5604806542396545,-0.016703223809599876,0.31121471524238586,0.5086262226104736,-0.012580739334225655,0.317126989364624,0.48775869607925415,-0.022677235305309296,0.31892985105514526,0.5165016651153564,-0.021044619381427765,0.31877169013023376,0.5410752892494202,-0.017310068011283875,0.6552159786224365,0.6531463861465454,-3.03376339161332e-07,0.6283729076385498,0.6168086528778076,-0.006933560129255056,0.6133926510810852,0.5595568418502808,-0.0103981401771307,0.6056315898895264,0.5144294500350952,-0.015580778941512108,0.5929391384124756,0.48665598034858704,-0.019756775349378586,0.6303598284721375,0.5341538190841675,0.0026548325549811125,0.6273697018623352,0.5078133940696716,-0.012869412079453468,0.6315252184867859,0.5467503666877747,-0.023097828030586243,0.6354425549507141,0.580588698387146,-0.02714429795742035,0.6494843363761902,0.5375025868415833,6.263294199015945e-05,0.6465069651603699,0.5115725994110107,-0.01579953171312809,0.6481284499168396,0.5590018033981323,-0.02141042985022068,0.6501153111457825,0.5919305682182312,-0.02138982154428959,0.6685436964035034,0.5448825359344482,-0.00504240021109581,0.6649457216262817,0.5202971696853638,-0.019303098320961,0.6619778871536255,0.5644762516021729,-0.01632668450474739,0.661048412322998,0.5938835144042969,-0.010124413296580315,0.6869354248046875,0.556755006313324,-0.011112412437796593,0.6823040843009949,0.5317118763923645,-0.017503172159194946,0.6765177249908447,0.5605506300926208,-0.01241324096918106,0.6748243570327759,0.581681489944458,-0.006543657276779413
38,0.3194987177848816,0.6138385534286499,-9.013079704800475e-08,0.3539104163646698,0.5917011499404907,-0.006491435691714287,0.37616339325904846,0.5458316206932068,-0.008925816044211388,0.38538748025894165,0.5004608631134033,-0.012646637856960297,0.39423510432243347,0.4674411714076996,-0.015300326980650425,0.36582380533218384,0.5114572048187256,-0.00021694318274967372,0.37260448932647705,0.4870794117450714,-0.014485594816505909,0.3650217056274414,0.5194900631904602,-0.023255730047822,0.35854679346084595,0.547957181930542,-0.026605188846588135,0.3472231924533844,0.5071114301681519,-0.00244596553966403,0.35371333360671997,0.4849870204925537,-0.018254609778523445,0.34846892952919006,0.5266230702400208,-0.023934487253427505,0.342769980430603,0.5593792796134949,-0.0246177539229393,0.32891738414764404,0.5074129700660706,-0.006930262316018343,0.3351423442363739,0.48551857471466064,-0.02172383852303028,0.33398571610450745,0.5274305939674377,-0.020644962787628174,0.3307787775993347,0.5599196553230286,-0.016077175736427307,0.3101034164428711,0.5116774439811707,-0.01208939217031002,0.3160194158554077,0.4891205430030823,-0.021364562213420868,0.319091796875,0.5167693495750427,-0.019716618582606316,0.3194393813610077,0.5418519377708435,-0.016116585582494736,0.6555224061012268,0.6520869731903076,-2.8423838216440345e-07,0.6294276714324951,0.6169159412384033,-0.007771268952637911,0.6150047779083252,0.5602108240127563,-0.01187154185026884,0.6073567271232605,0.5145961046218872,-0.017415352165699005,0.5947317481040955,0.4843781292438507,-0.021920736879110336,0.6309471726417542,0.5324764847755432,0.0011284113861620426,0.6282051205635071,0.5091620683670044,-0.014453352428972721,0.632224440574646,0.5471113920211792,-0.024512503296136856,0.6361716389656067,0.5794410109519958,-0.028609110042452812,0.6502121090888977,0.5352545976638794,-0.0012497683055698872,0.6463472843170166,0.5103210210800171,-0.01740448549389839,0.6483126878738403,0.558275580406189,-0.022888625040650368,0.6512075662612915,0.5907307267189026,-0.022829024121165276,0.6696786284446716,0.5426656603813171,-0.006125790532678366,0.6653950810432434,0.5184362530708313,-0.021123385056853294,0.6627128720283508,0.5643149018287659,-0.018035169690847397,0.6622838973999023,0.5942640900611877,-0.011691120453178883,0.6882942914962769,0.554753303527832,-0.01199224404990673,0.6830700039863586,0.5299800038337708,-0.019278062507510185,0.6766492128372192,0.5608348846435547,-0.014280212111771107,0.6747722625732422,0.5826436877250671,-0.008378003723919392
39,0.3194987177848816,0.6138385534286499,-9.013079704800475e-08,0.3539104163646698,0.5917011499404907,-0.006491435691714287,0.37616339325904846,0.5458316206932068,-0.008925816044211388,0.38538748025894165,0.5004608631134033,-0.012646637856960297,0.39423510432243347,0.4674411714076996,-0.015300326980650425,0.36582380533218384,0.5114572048187256,-0.00021694318274967372,0.37260448932647705,0.4870794117450714,-0.014485594816505909,0.3650217056274414,0.5194900631904602,-0.023255730047822,0.35854679346084595,0.547957181930542,-0.026605188846588135,0.3472231924533844,0.5071114301681519,-0.00244596553966403,0.35371333360671997,0.4849870204925537,-0.018254609778523445,0.34846892952919006,0.5266230702400208,-0.023934487253427505,0.342769980430603,0.5593792796134949,-0.0246177539229393,0.32891738414764404,0.5074129700660706,-0.006930262316018343,0.3351423442363739,0.48551857471466064,-0.02172383852303028,0.33398571610450745,0.5274305939674377,-0.020644962787628174,0.3307787775993347,0.5599196553230286,-0.016077175736427307,0.3101034164428711,0.5116774439811707,-0.01208939217031002,0.3160194158554077,0.4891205430030823,-0.021364562213420868,0.319091796875,0.5167693495750427,-0.019716618582606316,0.3194393813610077,0.5418519377708435,-0.016116585582494736,0.6555224061012268,0.6520869731903076,-2.8423838216440345e-07,0.6294276714324951,0.6169159412384033,-0.007771268952637911,0.6150047779083252,0.5602108240127563,-0.01187154185026884,0.6073567271232605,0.5145961046218872,-0.017415352165699005,0.5947317481040955,0.4843781292438507,-0.021920736879110336,0.6309471726417542,0.5324764847755432,0.0011284113861620426,0.6282051205635071,0.5091620683670044,-0.014453352428972721,0.632224440574646,0.5471113920211792,-0.024512503296136856,0.6361716389656067,0.5794410109519958,-0.028609110042452812,0.6502121090888977,0.5352545976638794,-0.0012497683055698872,0.6463472843170166,0.5103210210800171,-0.01740448549389839,0.6483126878738403,0.558275580406189,-0.022888625040650368,0.6512075662612915,0.5907307267189026,-0.022829024121165276,0.6696786284446716,0.5426656603813171,-0.006125790532678366,0.6653950810432434,0.5184362530708313,-0.021123385056853294,0.6627128720283508,0.5643149018287659,-0.018035169690847397,0.6622838973999023,0.5942640900611877,-0.011691120453178883,0.6882942914962769,0.554753303527832,-0.01199224404990673,0.6830700039863586,0.5299800038337708,-0.019278062507510185,0.6766492128372192,0.5608348846435547,-0.014280212111771107,0.6747722625732422,0.5826436877250671,-0.008378003723919392
40,0.3218829929828644,0.6168086528778076,-6.448826894711601e-08,0.35544314980506897,0.5979312062263489,-0.007334876339882612,0.3774077892303467,0.5501814484596252,-0.009984090924263,0.38592851161956787,0.503345787525177,-0.013536712154746056,0.39633119106292725,0.47159382700920105,-0.015871653333306313,0.3666641116142273,0.5127657651901245,-0.000739230599720031,0.3740736246109009,0.48888513445854187,-0.015245307236909866,0.36526748538017273,0.5235453248023987,-0.02390539087355137,0.35628798604011536,0.5532394647598267,-0.026787804439663887,0.3478177487850189,0.508240282535553,-0.0024844175204634666,0.3555586338043213,0.4851972162723541,-0.017899522557854652,0.3500331938266754,0.5284100770950317,-0.023352205753326416,0.3435627222061157,0.5612080097198486,-0.023565657436847687,0.3294691741466522,0.509027361869812,-0.006505592260509729,0.33693233132362366,0.48583537340164185,-0.021355466917157173,0.3348737955093384,0.5294374227523804,-0.019678203389048576,0.3307965397834778,0.5608791708946228,-0.014395203441381454,0.310625821352005,0.514104425907135,-0.011145451106131077,0.31769201159477234,0.4930433928966522,-0.020719870924949646,0.31964001059532166,0.5235050320625305,-0.018180780112743378,0.3188994824886322,0.547727644443512,-0.01353373471647501,0.6549113988876343,0.6515626907348633,-3.0367385761564947e-07,0.6279864311218262,0.6147323846817017,-0.006759289652109146,0.6136493682861328,0.5573040246963501,-0.010239844210445881,0.6059474945068359,0.5115697383880615,-0.015332181006669998,0.5922173261642456,0.48551225662231445,-0.019420543685555458,0.6305241584777832,0.5341317653656006,0.002089115558192134,0.6274325847625732,0.5096476674079895,-0.013321219943463802,0.6317486763000488,0.5481566786766052,-0.02317788451910019,0.6359879970550537,0.5804260969161987,-0.027124783024191856,0.6495985388755798,0.5379472374916077,-0.000642989354673773,0.6458430290222168,0.510762631893158,-0.01657293364405632,0.6479754447937012,0.558639645576477,-0.021826036274433136,0.6508468389511108,0.5900264382362366,-0.02167963609099388,0.6689978241920471,0.5454334020614624,-0.005803306587040424,0.6646229028701782,0.5193939208984375,-0.02004317380487919,0.6621718406677246,0.5644101500511169,-0.016433503478765488,0.6619343161582947,0.5922991037368774,-0.009960559196770191,0.6876858472824097,0.5573952794075012,-0.011907417327165604,0.6824480295181274,0.5307105779647827,-0.017875274643301964,0.6769475340843201,0.5601518154144287,-0.012292692437767982,0.6758905053138733,0.5796579122543335,-0.006345287896692753
