frame,feature_0,feature_1,feature_2,feature_3,feature_4,feature_5,feature_6,feature_7,feature_8,feature_9,feature_10,feature_11,feature_12,feature_13,feature_14,feature_15,feature_16,feature_17,feature_18,feature_19,feature_20,feature_21,feature_22,feature_23,feature_24,feature_25,feature_26,feature_27,feature_28,feature_29,feature_30,feature_31,feature_32,feature_33,feature_34,feature_35,feature_36,feature_37,feature_38,feature_39,feature_40,feature_41,feature_42,feature_43,feature_44,feature_45,feature_46,feature_47,feature_48,feature_49,feature_50,feature_51,feature_52,feature_53,feature_54,feature_55,feature_56,feature_57,feature_58,feature_59,feature_60,feature_61,feature_62,feature_63,feature_64,feature_65,feature_66,feature_67,feature_68,feature_69,feature_70,feature_71,feature_72,feature_73,feature_74,feature_75,feature_76,feature_77,feature_78,feature_79,feature_80,feature_81,feature_82,feature_83,feature_84,feature_85,feature_86,feature_87,feature_88,feature_89,feature_90,feature_91,feature_92,feature_93,feature_94,feature_95,feature_96,feature_97,feature_98,feature_99,feature_100,feature_101,feature_102,feature_103,feature_104,feature_105,feature_106,feature_107,feature_108,feature_109,feature_110,feature_111,feature_112,feature_113,feature_114,feature_115,feature_116,feature_117,feature_118,feature_119,feature_120,feature_121,feature_122,feature_123,feature_124,feature_125
1,0.29545408487319946,0.448728084564209,-1.0890553880926745e-07,0.30949079990386963,0.42462146282196045,-0.005958674009889364,0.3169337511062622,0.3928128480911255,-0.008643153123557568,0.31999146938323975,0.3653978705406189,-0.011013106442987919,0.32520079612731934,0.34533995389938354,-0.012806667946279049,0.30446338653564453,0.37750014662742615,-0.003947594668716192,0.3043147623538971,0.36754199862480164,-0.011942056007683277,0.3036862313747406,0.3905031085014343,-0.01672319881618023,0.3033878803253174,0.41016271710395813,-0.018324576318264008,0.29271772503852844,0.3791135251522064,-0.003247335087507963,0.29158321022987366,0.3668299615383148,-0.010942849330604076,0.2933462858200073,0.3930387496948242,-0.012361857108771801,0.29509082436561584,0.4125669002532959,-0.011438792571425438,0.2820091247558594,0.38361966609954834,-0.003756111254915595,0.2804758548736572,0.36912840604782104,-0.01121093425899744,0.2843223512172699,0.3932162821292877,-0.008818132802844048,0.2869134545326233,0.4110672175884247,-0.005027589853852987,0.2717607021331787,0.3915599584579468,-0.004736798815429211,0.26948222517967224,0.37564316391944885,-0.009565336629748344,0.2742062211036682,0.39154037833213806,-0.006946571171283722,0.2774382531642914,0.40446072816848755,-0.003343679243698716,0.6772937178611755,0.8111467361450195,9.443400728059714e-08,0.6632906198501587,0.8401810526847839,-0.002939642872661352,0.6623711585998535,0.8658588528633118,-0.00444098562002182,0.6671096086502075,0.8903180956840515,-0.005525851622223854,0.6698637008666992,0.909518837928772,-0.005938410758972168,0.6810603737831116,0.878009557723999,-0.002172970212996006,0.6789727807044983,0.9147201180458069,-0.004352534655481577,0.6715772151947021,0.924672544002533,-0.005664454307407141,0.6657996773719788,0.9269731640815735,-0.00598905747756362,0.6906227469444275,0.8748980760574341,-0.0009839662816375494,0.6867972612380981,0.9109712839126587,-0.0027560796588659286,0.6791011691093445,0.9150639772415161,-0.003511148737743497,0.673507809638977,0.9097765684127808,-0.003933523315936327,0.6963036060333252,0.8706672787666321,-2.5905332222464494e-05,0.691103994846344,0.90421062707901,-0.0007184617570601404,0.6848416328430176,0.90760338306427,0.00021289041615091264,0.6808712482452393,0.9017578363418579,0.0009693906176835299,0.6986685395240784,0.8674222230911255,0.0006189281120896339,0.6954032182693481,0.895355761051178,0.0009258129284717143,0.689304769039154,0.9008031487464905,0.00225455267354846,0.6848034262657166,0.8979682922363281,0.0034149070270359516
2,0.29593586921691895,0.4495834410190582,-1.1077935369030456e-07,0.3094395697116852,0.4257473647594452,-0.006007417105138302,0.3171517848968506,0.3929857015609741,-0.008593618869781494,0.32019343972206116,0.3650487959384918,-0.010845298878848553,0.32562416791915894,0.3449985384941101,-0.012497926130890846,0.3048456609249115,0.3784826695919037,-0.0036963887978345156,0.304587721824646,0.36778485774993896,-0.011546443216502666,0.30382513999938965,0.39007389545440674,-0.01620391197502613,0.30353522300720215,0.4094041585922241,-0.017760783433914185,0.29298099875450134,0.38015735149383545,-0.0030150306411087513,0.29202088713645935,0.3664214015007019,-0.010752697475254536,0.29361531138420105,0.393280565738678,-0.012233695946633816,0.2953889071941376,0.4130003750324249,-0.01130028534680605,0.2821239233016968,0.38471877574920654,-0.0035521769896149635,0.28031691908836365,0.36924365162849426,-0.011103333905339241,0.28387635946273804,0.39344388246536255,-0.008836214430630207,0.28638944029808044,0.41093719005584717,-0.005078477784991264,0.2716279923915863,0.39279159903526306,-0.004539217799901962,0.2697734534740448,0.37625500559806824,-0.009232277981936932,0.2741948664188385,0.3915497362613678,-0.0065826973877847195,0.27704548835754395,0.40361642837524414,-0.0030285611283034086,0.6773327589035034,0.8097935318946838,7.672656465729233e-08,0.6633025407791138,0.8392972946166992,-0.0027626357041299343,0.6624652147293091,0.8653936386108398,-0.003982021007686853,0.6673125624656677,0.8908354043960571,-0.0048674619756639,0.6698154211044312,0.9106162786483765,-0.005058301612734795,0.6813930869102478,0.8787437677383423,-0.0009258422069251537,0.6797699332237244,0.9152702689170837,-0.0025735446251928806,0.672555148601532,0.9229472279548645,-0.0036891158670186996,0.6673389077186584,0.9227322340011597,-0.003967286087572575,0.6908896565437317,0.8754513263702393,0.00027100081206299365,0.6873254776000977,0.9108665585517883,-0.0008849931764416397,0.6800006031990051,0.9129694104194641,-0.0016685707960277796,0.6754195094108582,0.9063114523887634,-0.002263508038595319,0.6967796683311462,0.8708471059799194,0.001194988377392292,0.6921753883361816,0.9044318199157715,0.0008677883888594806,0.6862606406211853,0.9063752889633179,0.0016643642447888851,0.6830909848213196,0.8993232846260071,0.0021991231478750706,0.6995658278465271,0.8673645853996277,0.0018366974545642734,0.6966583132743835,0.8957001566886902,0.002284555695950985,0.6910130977630615,0.8996251821517944,0.003591713961213827,0.6873525381088257,0.8951358795166016,0.004675811156630516
3,0.2961415946483612,0.4493557810783386,-1.0876297551476455e-07,0.31040433049201965,0.4241572320461273,-0.005193309858441353,0.31783372163772583,0.3908598721027374,-0.007195489946752787,0.32091987133026123,0.36424538493156433,-0.009192339144647121,0.3259017765522003,0.3451043963432312,-0.0106826052069664,0.3048917353153229,0.37809327244758606,-0.002422902500256896,0.3055610656738281,0.36843037605285645,-0.010147479362785816,0.3051762580871582,0.39135146141052246,-0.01487333420664072,0.3049583435058594,0.4112105071544647,-0.016416311264038086,0.2930304706096649,0.3800957202911377,-0.002095511881634593,0.2928689420223236,0.36645379662513733,-0.009825006127357483,0.2946368455886841,0.3927461504936218,-0.011556350626051426,0.2963927686214447,0.4134681522846222,-0.010720464400947094,0.282083660364151,0.384885311126709,-0.002988792723044753,0.2810293734073639,0.3702514171600342,-0.01042930968105793,0.28507858514785767,0.39440101385116577,-0.008510936051607132,0.2880106270313263,0.4128904342651367,-0.004900581669062376,0.27151021361351013,0.39311686158180237,-0.004292083904147148,0.2700171172618866,0.3764472007751465,-0.00882349256426096,0.2744411528110504,0.3913353383541107,-0.006393339019268751,0.27750393748283386,0.4041753113269806,-0.0029900982044637203,0.6775152087211609,0.8118050694465637,8.294257725083298e-08,0.663512110710144,0.8405575752258301,-0.0032925165724009275,0.6627001166343689,0.8659690618515015,-0.004749382846057415,0.6673294901847839,0.8908874988555908,-0.005708601791411638,0.6695829629898071,0.9104641675949097,-0.005994718987494707,0.681387722492218,0.8786324262619019,-0.0019957299809902906,0.679036021232605,0.9151674509048462,-0.003669834230095148,0.671732485294342,0.9239528775215149,-0.004794430453330278,0.6663954854011536,0.9252904057502747,-0.005115026608109474,0.6905385255813599,0.8756676912307739,-0.00047160903341136873,0.6864908337593079,0.9109210968017578,-0.0017382113728672266,0.6793019771575928,0.9130439162254333,-0.0025441169273108244,0.6748271584510803,0.9062276482582092,-0.0031526535749435425,0.6959636211395264,0.8715802431106567,0.0008090820629149675,0.69090735912323,0.904742956161499,0.0004989228909835219,0.6852098703384399,0.9066929221153259,0.0012041328009217978,0.682237446308136,0.8994485139846802,0.001650814083404839,0.6982502341270447,0.8687079548835754,0.001766844536177814,0.6951416730880737,0.896323025226593,0.002118153963238001,0.6894398927688599,0.900259792804718,0.0031884803902357817,0.6857011318206787,0.8957295417785645,0.004094049334526062
4,0.0,0.0,0.0,0.0,0.0,0.0,0.0,0.0,0.0,0.0,0.0,0.0,0.0,0.0,0.0,0.0,0.0,0.0,0.0,0.0,0.0,0.0,0.0,0.0,0.0,0.0,0.0,0.0,0.0,0.0,0.0,0.0,0.0,0.0,0.0,0.0,0.0,0.0,0.0,0.0,0.0,0.0,0.0,0.0,0.0,0.0,0.0,0.0,0.0,0.0,0.0,0.0,0.0,0.0,0.0,0.0,0.0,0.0,0.0,0.0,0.0,0.0,0.0,0.6774755120277405,0.8120012283325195,8.2890856845097e-08,0.663263201713562,0.8411128520965576,-0.003142828354611993,0.6630301475524902,0.8660778999328613,-0.004568719770759344,0.6677194833755493,0.8909294605255127,-0.005522873718291521,0.6695942282676697,0.9107221364974976,-0.005714789032936096,0.6820728182792664,0.8781657218933105,-0.0016667883610352874,0.6798218488693237,0.9135546684265137,-0.00312003493309021,0.6724410057067871,0.9217408299446106,-0.003966197371482849,0.6673261523246765,0.9228128790855408,-0.004127094522118568,0.691260576248169,0.8753104209899902,-0.0001870790438260883,0.6871146559715271,0.9101412296295166,-0.0013015379663556814,0.6798489093780518,0.9127412438392639,-0.0019249807810410857,0.675395131111145,0.9067299365997314,-0.002437555929645896,0.6965876221656799,0.8715152740478516,0.0010487268446013331,0.6914222240447998,0.9040641784667969,0.0007509361603297293,0.6856569051742554,0.906213104724884,0.00160510023124516,0.6827318072319031,0.8996992111206055,0.002157690702006221,0.6987581849098206,0.8690694570541382,0.001973894191905856,0.6954717636108398,0.896489679813385,0.0023954773787409067,0.6899436116218567,0.9009197950363159,0.0035440800711512566,0.6863811612129211,0.8972627520561218,0.004487709142267704
5,0.2975384593009949,0.45322224497795105,-1.1494491047869815e-07,0.311303049325943,0.42717698216438293,-0.004853053949773312,0.3193065822124481,0.3941231369972229,-0.006616688799113035,0.3217771053314209,0.3669147193431854,-0.008320008404552937,0.326221764087677,0.34760528802871704,-0.009485023096203804,0.30679959058761597,0.38113754987716675,-0.002626972971484065,0.3055073618888855,0.3695940673351288,-0.010191051289439201,0.30516278743743896,0.39209067821502686,-0.014629025012254715,0.30505406856536865,0.4109496474266052,-0.015955233946442604,0.2949340045452118,0.38270607590675354,-0.002371951239183545,0.2933337092399597,0.36851242184638977,-0.009884539060294628,0.2950623631477356,0.39494162797927856,-0.011443771421909332,0.2966194152832031,0.4149846136569977,-0.010494064539670944,0.28421053290367126,0.3866238594055176,-0.003253581468015909,0.2819370627403259,0.37240567803382874,-0.010350569151341915,0.28592896461486816,0.39676767587661743,-0.008340118452906609,0.28886109590530396,0.4150087237358093,-0.00475613446906209,0.2738268971443176,0.39396920800209045,-0.004544936586171389,0.27151280641555786,0.37864071130752563,-0.008915271610021591,0.2762139141559601,0.39396533370018005,-0.0065416693687438965,0.27955207228660583,0.4065694212913513,-0.00318578677251935,0.6777822375297546,0.8101232051849365,7.584906569491068e-08,0.6628195643424988,0.8406417369842529,-0.0025954439770430326,0.6626506447792053,0.867092490196228,-0.0033865610603243113,0.6674489378929138,0.8927149176597595,-0.0038411009591072798,0.6692706346511841,0.9121142029762268,-0.0035007812548428774,0.6826090216636658,0.8783315420150757,0.00027719850186258554,0.6806414723396301,0.9134554266929626,-0.0007907089311629534,0.673160970211029,0.9198082685470581,-0.0016091498546302319,0.667942464351654,0.9185971617698669,-0.001793988631106913,0.6922547221183777,0.8755490183830261,0.001631312770769,0.6880527138710022,0.9102524518966675,0.0010272134095430374,0.6808260083198547,0.9124283790588379,0.0002401557139819488,0.6763408780097961,0.9062626361846924,-0.00046439594007097185,0.6979649662971497,0.8718375563621521,0.002673281356692314,0.6927260160446167,0.9047247767448425,0.002799453679472208,0.6868726015090942,0.906822919845581,0.0033826089929789305,0.6837733387947083,0.9002445340156555,0.0036659252364188433,0.7002777457237244,0.8694198131561279,0.00342838978394866,0.6969444751739502,0.8970515131950378,0.004183471202850342,0.691497802734375,0.9016918540000916,0.005281405057758093,0.6880137920379639,0.8983024954795837,0.006130506284534931
6,0.2975384593009949,0.45322224497795105,-1.1494491047869815e-07,0.311303049325943,0.42717698216438293,-0.004853053949773312,0.3193065822124481,0.3941231369972229,-0.006616688799113035,0.3217771053314209,0.3669147193431854,-0.008320008404552937,0.326221764087677,0.34760528802871704,-0.009485023096203804,0.30679959058761597,0.38113754987716675,-0.002626972971484065,0.3055073618888855,0.3695940673351288,-0.010191051289439201,0.30516278743743896,0.39209067821502686,-0.014629025012254715,0.30505406856536865,0.4109496474266052,-0.015955233946442604,0.2949340045452118,0.38270607590675354,-0.002371951239183545,0.2933337092399597,0.36851242184638977,-0.009884539060294628,0.2950623631477356,0.39494162797927856,-0.011443771421909332,0.2966194152832031,0.4149846136569977,-0.010494064539670944,0.28421053290367126,0.3866238594055176,-0.003253581468015909,0.2819370627403259,0.37240567803382874,-0.010350569151341915,0.28592896461486816,0.39676767587661743,-0.008340118452906609,0.28886109590530396,0.4150087237358093,-0.00475613446906209,0.2738268971443176,0.39396920800209045,-0.004544936586171389,0.27151280641555786,0.37864071130752563,-0.008915271610021591,0.2762139141559601,0.39396533370018005,-0.0065416693687438965,0.27955207228660583,0.4065694212913513,-0.00318578677251935,0.6777822375297546,0.8101232051849365,7.584906569491068e-08,0.6628195643424988,0.8406417369842529,-0.0025954439770430326,0.6626506447792053,0.867092490196228,-0.0033865610603243113,0.6674489378929138,0.8927149176597595,-0.0038411009591072798,0.6692706346511841,0.9121142029762268,-0.0035007812548428774,0.6826090216636658,0.8783315420150757,0.00027719850186258554,0.6806414723396301,0.9134554266929626,-0.0007907089311629534,0.673160970211029,0.9198082685470581,-0.0016091498546302319,0.667942464351654,0.9185971617698669,-0.001793988631106913,0.6922547221183777,0.8755490183830261,0.001631312770769,0.6880527138710022,0.9102524518966675,0.0010272134095430374,0.6808260083198547,0.9124283790588379,0.0002401557139819488,0.6763408780097961,0.9062626361846924,-0.00046439594007097185,0.6979649662971497,0.8718375563621521,0.002673281356692314,0.6927260160446167,0.9047247767448425,0.002799453679472208,0.6868726015090942,0.906822919845581,0.0033826089929789305,0.6837733387947083,0.9002445340156555,0.0036659252364188433,0.7002777457237244,0.8694198131561279,0.00342838978394866,0.6969444751739502,0.8970515131950378,0.004183471202850342,0.691497802734375,0.9016918540000916,0.005281405057758093,0.6880137920379639,0.8983024954795837,0.006130506284534931
7,0.2988226115703583,0.45372632145881653,-1.1445722236658185e-07,0.3120846152305603,0.4269358515739441,-0.004648109897971153,0.31976693868637085,0.39420410990715027,-0.006468868348747492,0.32240504026412964,0.3671889901161194,-0.008350478485226631,0.3276578187942505,0.3479105532169342,-0.009757893159985542,0.30692002177238464,0.38053375482559204,-0.001966597978025675,0.3065560460090637,0.3697652816772461,-0.009383403696119785,0.30626749992370605,0.39206764101982117,-0.014091716147959232,0.3062054514884949,0.41128742694854736,-0.015657862648367882,0.2950189411640167,0.3822912573814392,-0.0017772478749975562,0.29442885518074036,0.36957699060440063,-0.008863389492034912,0.29627054929733276,0.3960515856742859,-0.010567177087068558,0.29802024364471436,0.41627174615859985,-0.009869375266134739,0.2842307984828949,0.3865979015827179,-0.0027505559846758842,0.2830841839313507,0.3730062246322632,-0.009525639936327934,0.28665775060653687,0.3962385952472687,-0.00787243153899908,0.28932395577430725,0.41431641578674316,-0.004642522893846035,0.27375057339668274,0.39425235986709595,-0.004120311234146357,0.2722177505493164,0.37850362062454224,-0.008292276412248611,0.2769147455692291,0.393317848443985,-0.005997109692543745,0.2800830900669098,0.40646782517433167,-0.002749347360804677,0.6773296594619751,0.810505747795105,8.169959642145841e-08,0.6627499461174011,0.8401569128036499,-0.00293632410466671,0.6625264286994934,0.8667689561843872,-0.003917080350220203,0.6671144366264343,0.8922784328460693,-0.0044050058349967,0.6690557599067688,0.9121488332748413,-0.004144920967519283,0.6818304061889648,0.8789144158363342,-0.0007825577049516141,0.6795055866241455,0.9137812256813049,-0.0017469963058829308,0.6721988320350647,0.9218469858169556,-0.0024185327347368,0.6671028137207031,0.9229311943054199,-0.0025490811094641685,0.691480278968811,0.8757479190826416,0.0007363242912106216,0.6869708895683289,0.9104638695716858,0.0001734799734549597,0.6799120903015137,0.912848174571991,-0.0003111294936388731,0.675747811794281,0.9069258570671082,-0.0008060854743234813,0.6972526907920837,0.87149578332901,0.0019884963985532522,0.6917800307273865,0.9044548273086548,0.002093987539410591,0.6861807107925415,0.9065633416175842,0.002886737696826458,0.6834264993667603,0.9004009962081909,0.0033039695117622614,0.6996793746948242,0.868769109249115,0.0029487046413123608,0.6960670351982117,0.8965275883674622,0.0036319324281066656,0.6908023357391357,0.9003803730010986,0.004799393936991692,0.687597393989563,0.8965604901313782,0.005681553855538368
8,0.29792889952659607,0.4534923732280731,-1.1096673091515186e-07,0.31216180324554443,0.4272971749305725,-0.00490737846121192,0.3208965063095093,0.39488866925239563,-0.006739873439073563,0.32276642322540283,0.367067813873291,-0.008524032309651375,0.3275384306907654,0.34686756134033203,-0.009664530865848064,0.3080892860889435,0.3790540099143982,-0.0017428137362003326,0.3078383207321167,0.3682972490787506,-0.009347507730126381,0.3073502779006958,0.39145752787590027,-0.014324266463518143,0.3071410059928894,0.41093751788139343,-0.016109265387058258,0.2961631715297699,0.3799048662185669,-0.0015268846182152629,0.2957076132297516,0.3673829734325409,-0.009061843156814575,0.2968461215496063,0.39409339427948,-0.011099692434072495,0.297966867685318,0.41467607021331787,-0.010547857731580734,0.28549832105636597,0.383654922246933,-0.002517356537282467,0.2837696969509125,0.37033146619796753,-0.009397648274898529,0.28689900040626526,0.3941282331943512,-0.007479934021830559,0.28936803340911865,0.4124375283718109,-0.004076345823705196,0.27519989013671875,0.39105361700057983,-0.003961279522627592,0.27352821826934814,0.3765699863433838,-0.008207795210182667,0.2774810492992401,0.3927214443683624,-0.00572493951767683,0.28026628494262695,0.40605342388153076,-0.002300750697031617,0.6776894330978394,0.8133506178855896,7.45226955700673e-08,0.663459062576294,0.8431784510612488,-0.0027799939271062613,0.6627588272094727,0.8685278296470642,-0.004019626881927252,0.6676552295684814,0.8931761384010315,-0.004896892234683037,0.6701499223709106,0.9118311405181885,-0.0050341603346168995,0.683178186416626,0.8807973861694336,-0.0010010122787207365,0.6808863282203674,0.9151706099510193,-0.002474635373800993,0.6732006072998047,0.9210302829742432,-0.00353665417060256,0.6677989959716797,0.9195280075073242,-0.003874183865264058,0.6924146413803101,0.877619206905365,0.00024597725132480264,0.6881170868873596,0.9125238656997681,-0.0008239569724537432,0.6807335019111633,0.9150336980819702,-0.0016892609419301152,0.6762263774871826,0.9090285897254944,-0.0024513283278793097,0.6978617310523987,0.8735193610191345,0.0012443228624761105,0.6928133368492126,0.9069611430168152,0.0008442435646429658,0.6866909265518188,0.9095469117164612,0.0014081975677981973,0.6834238171577454,0.9029937982559204,0.0017499817768111825,0.7001708149909973,0.870802104473114,0.001991948578506708,0.6969828605651855,0.8990103006362915,0.002278550062328577,0.6911228895187378,0.9037761092185974,0.0033648961689323187,0.6873353719711304,0.8997020125389099,0.004278878681361675
9,0.29771268367767334,0.45219501852989197,-1.100500170991836e-07,0.3126497268676758,0.42696234583854675,-0.005657435394823551,0.3206294775009155,0.39322420954704285,-0.007427147123962641,0.32193997502326965,0.3643333315849304,-0.0090107973664999,0.32675930857658386,0.34439438581466675,-0.009906014427542686,0.3083380162715912,0.37887513637542725,-0.002842912683263421,0.307138592004776,0.3677006959915161,-0.010885375551879406,0.306476354598999,0.39107608795166016,-0.015556582249701023,0.30655932426452637,0.4100208282470703,-0.017051562666893005,0.2963787913322449,0.38026702404022217,-0.0023147223982959986,0.29492759704589844,0.3670082688331604,-0.010752578265964985,0.2964421212673187,0.3940812945365906,-0.012712305411696434,0.29820239543914795,0.41407302021980286,-0.011901479214429855,0.28584328293800354,0.3841593265533447,-0.0030736529733985662,0.2837398946285248,0.37169188261032104,-0.011411700397729874,0.2875920832157135,0.3969888985157013,-0.009681375697255135,0.29073041677474976,0.4149506688117981,-0.006006003823131323,0.27553531527519226,0.391380250453949,-0.004282538779079914,0.2734299898147583,0.3762493431568146,-0.009587174281477928,0.27748212218284607,0.39267849922180176,-0.007611593697220087,0.28063490986824036,0.40569382905960083,-0.0044038849882781506,0.6777186989784241,0.8140509724617004,7.064339513362938e-08,0.6630280613899231,0.8433196544647217,-0.003144699614495039,0.6631870269775391,0.8683898448944092,-0.004490979947149754,0.6680616736412048,0.8934339880943298,-0.005459705367684364,0.6695592403411865,0.9131013751029968,-0.005627941340208054,0.6825624704360962,0.8792569041252136,-0.0008905247086659074,0.6806274652481079,0.9133739471435547,-0.002433134475722909,0.6732667684555054,0.9176663756370544,-0.0035068164579570293,0.6685119867324829,0.9148502349853516,-0.0037937669549137354,0.6918830871582031,0.8761134147644043,0.0005192284006625414,0.6879128217697144,0.9108521938323975,-0.0003453745739534497,0.6808856725692749,0.9124467372894287,-0.0011288084788247943,0.6770012974739075,0.9055770635604858,-0.0018779417732730508,0.6974326968193054,0.8721707463264465,0.0015876202378422022,0.6924811601638794,0.9051523208618164,0.0012804497964680195,0.6868764758110046,0.9066213965415955,0.0019161856034770608,0.6843302249908447,0.8994215726852417,0.002266450086608529,0.6998019218444824,0.8697742819786072,0.00235615368001163,0.6964674592018127,0.8974324464797974,0.0026729796081781387,0.6911924481391907,0.900705873966217,0.0037737644743174314,0.6882372498512268,0.895846426486969,0.004655384458601475
10,0.29771268367767334,0.45219501852989197,-1.100500170991836e-07,0.3126497268676758,0.42696234583854675,-0.005657435394823551,0.3206294775009155,0.39322420954704285,-0.007427147123962641,0.32193997502326965,0.3643333315849304,-0.0090107973664999,0.32675930857658386,0.34439438581466675,-0.009906014427542686,0.3083380162715912,0.37887513637542725,-0.002842912683263421,0.307138592004776,0.3677006959915161,-0.010885375551879406,0.306476354598999,0.39107608795166016,-0.015556582249701023,0.30655932426452637,0.4100208282470703,-0.017051562666893005,0.2963787913322449,0.38026702404022217,-0.0023147223982959986,0.29492759704589844,0.3670082688331604,-0.010752578265964985,0.2964421212673187,0.3940812945365906,-0.012712305411696434,0.29820239543914795,0.41407302021980286,-0.011901479214429855,0.28584328293800354,0.3841593265533447,-0.0030736529733985662,0.2837398946285248,0.37169188261032104,-0.011411700397729874,0.2875920832157135,0.3969888985157013,-0.009681375697255135,0.29073041677474976,0.4149506688117981,-0.006006003823131323,0.27553531527519226,0.391380250453949,-0.004282538779079914,0.2734299898147583,0.3762493431568146,-0.009587174281477928,0.27748212218284607,0.39267849922180176,-0.007611593697220087,0.28063490986824036,0.40569382905960083,-0.0044038849882781506,0.6777186989784241,0.8140509724617004,7.064339513362938e-08,0.6630280613899231,0.8433196544647217,-0.003144699614495039,0.6631870269775391,0.8683898448944092,-0.004490979947149754,0.6680616736412048,0.8934339880943298,-0.005459705367684364,0.6695592403411865,0.9131013751029968,-0.005627941340208054,0.6825624704360962,0.8792569041252136,-0.0008905247086659074,0.6806274652481079,0.9133739471435547,-0.002433134475722909,0.6732667684555054,0.9176663756370544,-0.0035068164579570293,0.6685119867324829,0.9148502349853516,-0.0037937669549137354,0.6918830871582031,0.8761134147644043,0.0005192284006625414,0.6879128217697144,0.9108521938323975,-0.0003453745739534497,0.6808856725692749,0.9124467372894287,-0.0011288084788247943,0.6770012974739075,0.9055770635604858,-0.0018779417732730508,0.6974326968193054,0.8721707463264465,0.0015876202378422022,0.6924811601638794,0.9051523208618164,0.0012804497964680195,0.6868764758110046,0.9066213965415955,0.0019161856034770608,0.6843302249908447,0.8994215726852417,0.002266450086608529,0.6998019218444824,0.8697742819786072,0.00235615368001163,0.6964674592018127,0.8974324464797974,0.0026729796081781387,0.6911924481391907,0.900705873966217,0.0037737644743174314,0.6882372498512268,0.895846426486969,0.004655384458601475
11,0.2978849411010742,0.4516160488128662,-1.174040065166082e-07,0.31234103441238403,0.42620426416397095,-0.0053835539147257805,0.32034531235694885,0.3930670917034149,-0.007245756220072508,0.32275834679603577,0.36512255668640137,-0.008932165801525116,0.3275022506713867,0.34465381503105164,-0.01010640524327755,0.30866506695747375,0.3798390328884125,-0.0031783627346158028,0.30767494440078735,0.36805376410484314,-0.01074699591845274,0.3065365254878998,0.39022472500801086,-0.015239297412335873,0.3060215711593628,0.4085564613342285,-0.01679530367255211,0.29680877923965454,0.3811056315898895,-0.002767027821391821,0.29537346959114075,0.36715734004974365,-0.01041426695883274,0.2965244650840759,0.3937576711177826,-0.012160380370914936,0.29797136783599854,0.41365885734558105,-0.011486677452921867,0.2862204909324646,0.38488253951072693,-0.0035392730496823788,0.2840102016925812,0.3707839846611023,-0.010970964096486568,0.28760331869125366,0.3949732780456543,-0.009137820452451706,0.2905142605304718,0.412641316652298,-0.005760652013123035,0.27590450644493103,0.39206451177597046,-0.004756767302751541,0.2734464108943939,0.3762767016887665,-0.009597192518413067,0.27773910760879517,0.3922368288040161,-0.007507728412747383,0.2809126377105713,0.4052082598209381,-0.004425998777151108,0.6775570511817932,0.8156916499137878,7.621586917139211e-08,0.6632533073425293,0.8442893624305725,-0.0031116800382733345,0.6624463200569153,0.8687001466751099,-0.004721339792013168,0.6670770645141602,0.8928473591804504,-0.005909900646656752,0.6689858436584473,0.9118844866752625,-0.0063760713674128056,0.681630551815033,0.8794186115264893,-0.002132734749466181,0.6801133155822754,0.914277970790863,-0.003991768695414066,0.6728215217590332,0.9207561016082764,-0.005076871253550053,0.6678925156593323,0.9194995164871216,-0.005329294595867395,0.6912640333175659,0.8764199614524841,-0.0008489139145240188,0.6874324679374695,0.9106898307800293,-0.001980609493330121,0.680498480796814,0.9121575951576233,-0.0026143270079046488,0.6766957640647888,0.904867947101593,-0.0032432337757200003,0.6971738934516907,0.8726896643638611,0.00018024074961431324,0.6923598051071167,0.9051060080528259,-0.0001306252961512655,0.686871349811554,0.9061998128890991,0.0007882649078965187,0.6843582987785339,0.8984279036521912,0.001273549860343337,0.700018584728241,0.8704830408096313,0.0009052309906110168,0.6965482831001282,0.8976256847381592,0.0012497190618887544,0.6913038492202759,0.9008630514144897,0.002442973665893078,0.6884085536003113,0.8959994316101074,0.00336041790433228
12,0.2982743978500366,0.45207226276397705,-1.1186322268486038e-07,0.3127232491970062,0.4258463382720947,-0.005549909546971321,0.32068291306495667,0.3931035101413727,-0.007488028146326542,0.32294008135795593,0.3645617663860321,-0.009290353395044804,0.3271317481994629,0.3433629870414734,-0.010515306144952774,0.3079494833946228,0.3788881301879883,-0.002504540840163827,0.30755680799484253,0.36729222536087036,-0.010206690989434719,0.30682069063186646,0.3903515040874481,-0.015053892508149147,0.30584022402763367,0.40944066643714905,-0.016788996756076813,0.2961808443069458,0.38051357865333557,-0.002007590141147375,0.29492947459220886,0.36642706394195557,-0.009800976142287254,0.29673394560813904,0.3932318389415741,-0.011943511664867401,0.29820767045021057,0.4133538603782654,-0.011512462049722672,0.2858022451400757,0.3846198618412018,-0.002739315154030919,0.28388839960098267,0.36977604031562805,-0.010293378494679928,0.2877800464630127,0.3942766487598419,-0.008509892970323563,0.29043033719062805,0.41249608993530273,-0.005086724646389484,0.2756166458129883,0.3920413851737976,-0.003940379247069359,0.2734074890613556,0.37631770968437195,-0.008754034526646137,0.2778176963329315,0.39230969548225403,-0.0065462226048111916,0.28085047006607056,0.40531209111213684,-0.0033243962097913027,0.6782795190811157,0.8126881122589111,5.1484811081081716e-08,0.6635221838951111,0.8422661423683167,-0.002428879262879491,0.6618359684944153,0.8678775429725647,-0.0038218575064092875,0.6656867861747742,0.8936133980751038,-0.004846583120524883,0.6679120659828186,0.9128934144973755,-0.005010629538446665,0.6820155382156372,0.8805233836174011,-0.0022144897375255823,0.6808814406394958,0.9146837592124939,-0.003872182220220566,0.6732689738273621,0.9129590392112732,-0.0047652460634708405,0.6692053079605103,0.9046987295150757,-0.004758982919156551,0.6915663480758667,0.8775641322135925,-0.0011723836651071906,0.6878194212913513,0.9117859601974487,-0.0017095986986532807,0.680286705493927,0.9104415774345398,-0.002249612007290125,0.6771789193153381,0.9002832770347595,-0.0029909699223935604,0.6972829699516296,0.8735644221305847,-0.0002578160783741623,0.6925908923149109,0.9054653644561768,-5.380723450798541e-05,0.686474621295929,0.9045740962028503,0.0006519877351820469,0.6842370629310608,0.8945765495300293,0.0008178745629265904,0.7000138759613037,0.8708618879318237,0.000456365873105824,0.6967246532440186,0.89779132604599,0.0009550937102176249,0.6912184357643127,0.8986887335777283,0.0021521919406950474,0.6885957717895508,0.8907366394996643,0.0030467386823147535
13,0.2982743978500366,0.45207226276397705,-1.1186322268486038e-07,0.3127232491970062,0.4258463382720947,-0.005549909546971321,0.32068291306495667,0.3931035101413727,-0.007488028146326542,0.32294008135795593,0.3645617663860321,-0.009290353395044804,0.3271317481994629,0.3433629870414734,-0.010515306144952774,0.3079494833946228,0.3788881301879883,-0.002504540840163827,0.30755680799484253,0.36729222536087036,-0.010206690989434719,0.30682069063186646,0.3903515040874481,-0.015053892508149147,0.30584022402763367,0.40944066643714905,-0.016788996756076813,0.2961808443069458,0.38051357865333557,-0.002007590141147375,0.29492947459220886,0.36642706394195557,-0.009800976142287254,0.29673394560813904,0.3932318389415741,-0.011943511664867401,0.29820767045021057,0.4133538603782654,-0.011512462049722672,0.2858022451400757,0.3846198618412018,-0.002739315154030919,0.28388839960098267,0.36977604031562805,-0.010293378494679928,0.2877800464630127,0.3942766487598419,-0.008509892970323563,0.29043033719062805,0.41249608993530273,-0.005086724646389484,0.2756166458129883,0.3920413851737976,-0.003940379247069359,0.2734074890613556,0.37631770968437195,-0.008754034526646137,0.2778176963329315,0.39230969548225403,-0.0065462226048111916,0.28085047006607056,0.40531209111213684,-0.0033243962097913027,0.6782795190811157,0.8126881122589111,5.1484811081081716e-08,0.6635221838951111,0.8422661423683167,-0.002428879262879491,0.6618359684944153,0.8678775429725647,-0.0038218575064092875,0.6656867861747742,0.8936133980751038,-0.004846583120524883,0.6679120659828186,0.9128934144973755,-0.005010629538446665,0.6820155382156372,0.8805233836174011,-0.0022144897375255823,0.6808814406394958,0.9146837592124939,-0.003872182220220566,0.6732689738273621,0.9129590392112732,-0.0047652460634708405,0.6692053079605103,0.9046987295150757,-0.004758982919156551,0.6915663480758667,0.8775641322135925,-0.0011723836651071906,0.6878194212913513,0.9117859601974487,-0.0017095986986532807,0.680286705493927,0.9104415774345398,-0.002249612007290125,0.6771789193153381,0.9002832770347595,-0.0029909699223935604,0.6972829699516296,0.8735644221305847,-0.0002578160783741623,0.6925908923149109,0.9054653644561768,-5.380723450798541e-05,0.686474621295929,0.9045740962028503,0.0006519877351820469,0.6842370629310608,0.8945765495300293,0.0008178745629265904,0.7000138759613037,0.8708618879318237,0.000456365873105824,0.6967246532440186,0.89779132604599,0.0009550937102176249,0.6912184357643127,0.8986887335777283,0.0021521919406950474,0.6885957717895508,0.8907366394996643,0.0030467386823147535
14,0.299237996339798,0.4516112208366394,-1.0949701589879623e-07,0.31273162364959717,0.42560216784477234,-0.004827692173421383,0.3211331367492676,0.39325079321861267,-0.006719342432916164,0.32381710410118103,0.3653597831726074,-0.008656376972794533,0.32788121700286865,0.3447027802467346,-0.010091153904795647,0.3091621696949005,0.38018715381622314,-0.001962089678272605,0.30826613306999207,0.36720341444015503,-0.0096816997975111,0.30727389454841614,0.3888389468193054,-0.014484584331512451,0.3068426549434662,0.40778848528862,-0.016141332685947418,0.29705965518951416,0.3818683624267578,-0.0018851057393476367,0.2955660820007324,0.36585116386413574,-0.00970608089119196,0.2971799373626709,0.3913396894931793,-0.011807083152234554,0.2989562749862671,0.41131386160850525,-0.011275527067482471,0.28612565994262695,0.38559579849243164,-0.002982528880238533,0.28373315930366516,0.36879172921180725,-0.010531606152653694,0.2874211370944977,0.3928071856498718,-0.0086826765909791,0.2902505099773407,0.411078542470932,-0.00517085799947381,0.2755197286605835,0.3921082317829132,-0.004468859173357487,0.27331170439720154,0.37543123960494995,-0.009254070930182934,0.2774907946586609,0.3915124833583832,-0.00682450644671917,0.28035885095596313,0.40474796295166016,-0.003388763405382633,0.6766922473907471,0.8154709935188293,5.3713446135361664e-08,0.662566065788269,0.8464245200157166,-0.001650822232477367,0.6613733768463135,0.8701062202453613,-0.002903085434809327,0.6654061079025269,0.8936335444450378,-0.004033347591757774,0.6672877669334412,0.9107404351234436,-0.004439641255885363,0.6813832521438599,0.8815602660179138,-0.0011528237955644727,0.6810200214385986,0.9131404161453247,-0.0028315894305706024,0.6737194657325745,0.9122568368911743,-0.0040693567134439945,0.669434130191803,0.905343770980835,-0.004367553163319826,0.6908504366874695,0.8777604699134827,-0.0004465583770070225,0.6887000799179077,0.9093084931373596,-0.0008179487194865942,0.6815928816795349,0.908392608165741,-0.0014750839909538627,0.6780700087547302,0.8994143605232239,-0.0024167168885469437,0.6964699029922485,0.8737796545028687,0.00016009506362024695,0.6933301687240601,0.9032925367355347,0.00069380400236696,0.6877040266990662,0.902786135673523,0.001571011496707797,0.685110330581665,0.8936324119567871,0.0017419462092220783,0.6990108489990234,0.8712032437324524,0.0005746901733800769,0.6975737810134888,0.8964158892631531,0.0016098101623356342,0.6925981044769287,0.8980157375335693,0.003190828487277031,0.6898592114448547,0.8910008668899536,0.004274966660887003
15,0.29847514629364014,0.45086348056793213,-1.1092914320443015e-07,0.31311914324760437,0.4255894422531128,-0.0053152539767324924,0.3213183879852295,0.39347630739212036,-0.007197139784693718,0.3236567974090576,0.3651900589466095,-0.008985575288534164,0.3282996714115143,0.3449205458164215,-0.010203166864812374,0.3095930814743042,0.3798825144767761,-0.0025389280635863543,0.30858567357063293,0.3668614625930786,-0.010260747745633125,0.30719494819641113,0.38900226354599,-0.015078555792570114,0.3063620328903198,0.4070773720741272,-0.016823170706629753,0.29763153195381165,0.38059180974960327,-0.0022114224266260862,0.2957659065723419,0.3658216893672943,-0.010007972829043865,0.2970048189163208,0.3914455473423004,-0.012121557258069515,0.29831668734550476,0.4111955165863037,-0.011653628200292587,0.28702008724212646,0.3836587071418762,-0.003085820935666561,0.2841508984565735,0.3690195381641388,-0.010509003885090351,0.2878500521183014,0.3933252692222595,-0.008732258342206478,0.29084324836730957,0.4116077721118927,-0.005364176817238331,0.27689364552497864,0.3901095986366272,-0.004427582491189241,0.27430590987205505,0.37520894408226013,-0.009297240525484085,0.2784738540649414,0.39154475927352905,-0.007172017358243465,0.28163063526153564,0.40495818853378296,-0.003999095410108566,0.6769176721572876,0.8177499771118164,6.122512274941982e-08,0.6628875732421875,0.8469486236572266,-0.0016679925611242652,0.6612356305122375,0.8702041506767273,-0.0033125129994004965,0.6655334830284119,0.8938815593719482,-0.004778631497174501,0.6678413152694702,0.9114765524864197,-0.005643466487526894,0.6807716488838196,0.8812870979309082,-0.0029899824876338243,0.6806968450546265,0.9149360656738281,-0.005374267231673002,0.6733108758926392,0.9171926975250244,-0.006667227018624544,0.6689382791519165,0.912276029586792,-0.006853173952549696,0.6906251907348633,0.8780812621116638,-0.0025264641735702753,0.6887227296829224,0.9121758937835693,-0.0036985415499657393,0.6814432144165039,0.9121187925338745,-0.00419023260474205,0.6779919862747192,0.9034481048583984,-0.004855021834373474,0.6967543363571167,0.8750025033950806,-0.002064699539914727,0.6939484477043152,0.9072303175926208,-0.002200507326051593,0.6879674196243286,0.9075697064399719,-0.0010333170648664236,0.6853776574134827,0.898653507232666,-0.0005225705681368709,0.6998776197433472,0.8733296394348145,-0.001753676333464682,0.6987747550010681,0.9011816382408142,-0.0011661818716675043,0.6935943961143494,0.9035618901252747,0.0005501032574102283,0.6908135414123535,0.8969088196754456,0.001786986831575632
16,0.2994176149368286,0.4499359428882599,-1.108728753251853e-07,0.31343162059783936,0.42402559518814087,-0.005194318480789661,0.3216416537761688,0.3922160267829895,-0.007199013605713844,0.3237648606300354,0.3646793067455292,-0.009223470464348793,0.3283703327178955,0.3444354236125946,-0.010756968520581722,0.30919143557548523,0.37856125831604004,-0.0018783462001010776,0.308994859457016,0.3664052188396454,-0.009701663628220558,0.3080824315547943,0.38855457305908203,-0.014674655161798,0.30754899978637695,0.4079435467720032,-0.01639007218182087,0.2973169982433319,0.3806418776512146,-0.0015429387567564845,0.29627126455307007,0.36564701795578003,-0.00951098371297121,0.2982458770275116,0.39169105887413025,-0.01181321032345295,0.3002016544342041,0.41219666600227356,-0.011346965096890926,0.2865448594093323,0.3848792612552643,-0.0024302692618221045,0.2848391532897949,0.3685890734195709,-0.01007759664207697,0.2887534201145172,0.39279094338417053,-0.008498160168528557,0.2916896641254425,0.411800354719162,-0.005089446436613798,0.2760448157787323,0.39218562841415405,-0.0037386815529316664,0.2742421329021454,0.3754526972770691,-0.008526784367859364,0.2787235975265503,0.39065536856651306,-0.0063498904928565025,0.28186163306236267,0.40391987562179565,-0.0030783736146986485,0.6764618158340454,0.8175820708274841,6.829528587104505e-08,0.6626623272895813,0.846247136592865,-0.0028854168485850096,0.661138117313385,0.8697682619094849,-0.004816427826881409,0.6651637554168701,0.8933948278427124,-0.0062651438638567924,0.6673144698143005,0.9111878275871277,-0.007069163490086794,0.680598258972168,0.8796260356903076,-0.00419294647872448,0.6793681383132935,0.9150688052177429,-0.006404581479728222,0.6722930073738098,0.9211310148239136,-0.007396351080387831,0.6679238677024841,0.9196963310241699,-0.007496558595448732,0.6902844309806824,0.8769010305404663,-0.003080580150708556,0.6870683431625366,0.9121925234794617,-0.004452004097402096,0.6801943182945251,0.9137006402015686,-0.004753664135932922,0.6765891313552856,0.9064464569091797,-0.005250104703009129,0.6963167786598206,0.8743050694465637,-0.0020383773371577263,0.6920678615570068,0.9075652956962585,-0.002443240722641349,0.6865012049674988,0.9086344838142395,-0.001224310020916164,0.6839748024940491,0.9007105827331543,-0.0006608037510886788,0.6992946863174438,0.8732413649559021,-0.0012499081203714013,0.6969764828681946,0.900976836681366,-0.0009661545627750456,0.691527247428894,0.904500424861908,0.0004126770654693246,0.6883293986320496,0.8996368050575256,0.0013884203508496284
17,0.2994176149368286,0.4499359428882599,-1.108728753251853e-07,0.31343162059783936,0.42402559518814087,-0.005194318480789661,0.3216416537761688,0.3922160267829895,-0.007199013605713844,0.3237648606300354,0.3646793067455292,-0.009223470464348793,0.3283703327178955,0.3444354236125946,-0.010756968520581722,0.30919143557548523,0.37856125831604004,-0.0018783462001010776,0.308994859457016,0.3664052188396454,-0.009701663628220558,0.3080824315547943,0.38855457305908203,-0.014674655161798,0.30754899978637695,0.4079435467720032,-0.01639007218182087,0.2973169982433319,0.3806418776512146,-0.0015429387567564845,0.29627126455307007,0.36564701795578003,-0.00951098371297121,0.2982458770275116,0.39169105887413025,-0.01181321032345295,0.3002016544342041,0.41219666600227356,-0.011346965096890926,0.2865448594093323,0.3848792612552643,-0.0024302692618221045,0.2848391532897949,0.3685890734195709,-0.01007759664207697,0.2887534201145172,0.39279094338417053,-0.008498160168528557,0.2916896641254425,0.411800354719162,-0.005089446436613798,0.2760448157787323,0.39218562841415405,-0.0037386815529316664,0.2742421329021454,0.3754526972770691,-0.008526784367859364,0.2787235975265503,0.39065536856651306,-0.0063498904928565025,0.28186163306236267,0.40391987562179565,-0.0030783736146986485,0.6764618158340454,0.8175820708274841,6.829528587104505e-08,0.6626623272895813,0.846247136592865,-0.0028854168485850096,0.661138117313385,0.8697682619094849,-0.004816427826881409,0.6651637554168701,0.8933948278427124,-0.0062651438638567924,0.6673144698143005,0.9111878275871277,-0.007069163490086794,0.680598258972168,0.8796260356903076,-0.00419294647872448,0.6793681383132935,0.9150688052177429,-0.006404581479728222,0.6722930073738098,0.9211310148239136,-0.007396351080387831,0.6679238677024841,0.9196963310241699,-0.007496558595448732,0.6902844309806824,0.8769010305404663,-0.003080580150708556,0.6870683431625366,0.9121925234794617,-0.004452004097402096,0.6801943182945251,0.9137006402015686,-0.004753664135932922,0.6765891313552856,0.9064464569091797,-0.005250104703009129,0.6963167786598206,0.8743050694465637,-0.0020383773371577263,0.6920678615570068,0.9075652956962585,-0.002443240722641349,0.6865012049674988,0.9086344838142395,-0.001224310020916164,0.6839748024940491,0.9007105827331543,-0.0006608037510886788,0.6992946863174438,0.8732413649559021,-0.0012499081203714013,0.6969764828681946,0.900976836681366,-0.0009661545627750456,0.691527247428894,0.904500424861908,0.0004126770654693246,0.6883293986320496,0.8996368050575256,0.0013884203508496284
18,0.2993694543838501,0.4499477744102478,-1.2185448383661424e-07,0.3136652410030365,0.4241184592247009,-0.004705359693616629,0.32169318199157715,0.3915803134441376,-0.006449990440160036,0.32409435510635376,0.36442410945892334,-0.008188888430595398,0.3286174535751343,0.3446924686431885,-0.009439826011657715,0.3093926012516022,0.37825801968574524,-0.0026966792065650225,0.3087545931339264,0.3665444850921631,-0.010313880629837513,0.3075506389141083,0.3892914652824402,-0.014964578673243523,0.3065248429775238,0.4092230498790741,-0.016508769243955612,0.2975786328315735,0.38006117939949036,-0.0025083073414862156,0.29591336846351624,0.3658468425273895,-0.010143487714231014,0.29752904176712036,0.3921283185482025,-0.012063850648701191,0.29934439063072205,0.41236576437950134,-0.011478996835649014,0.2869274318218231,0.3839716911315918,-0.0033811978064477444,0.28492897748947144,0.36882591247558594,-0.010653011500835419,0.2884865999221802,0.39322420954704285,-0.008702973835170269,0.29114067554473877,0.41161367297172546,-0.005229204427450895,0.2764853835105896,0.39088475704193115,-0.004628950264304876,0.2747868299484253,0.37530186772346497,-0.00915804784744978,0.2789965867996216,0.39153724908828735,-0.006681528408080339,0.28172624111175537,0.40460672974586487,-0.003296098904684186,0.6774563193321228,0.8177474141120911,6.236233218714915e-08,0.6630938649177551,0.8466954827308655,-0.002608404029160738,0.6612660884857178,0.8703610897064209,-0.004785371478646994,0.6656258702278137,0.8947365283966064,-0.006609023083001375,0.6676555275917053,0.9129309058189392,-0.007832412607967854,0.6805179715156555,0.8803431391716003,-0.004638893995434046,0.6800984144210815,0.915601909160614,-0.007566005457192659,0.6726628541946411,0.9187079071998596,-0.009034664370119572,0.6683531403541565,0.9140232801437378,-0.00932361837476492,0.6906086206436157,0.8775045871734619,-0.0039609516970813274,0.688090980052948,0.9133992195129395,-0.005673280917108059,0.6806994676589966,0.9148638248443604,-0.006175349000841379,0.6769564747810364,0.9069107174873352,-0.006877644453197718,0.6971526741981506,0.8748165369033813,-0.0033540462609380484,0.6935873627662659,0.9089303612709045,-0.004035382065922022,0.6874555945396423,0.9104128479957581,-0.0028563051018863916,0.6846132874488831,0.9021556377410889,-0.0023213073145598173,0.7007038593292236,0.8734166026115417,-0.0029745346400886774,0.6990082859992981,0.9027595520019531,-0.0028152624145150185,0.6932670474052429,0.9065449833869934,-0.0012786330189555883,0.6898249983787537,0.9009066224098206,-0.00019864844216499478
19,0.2995845079421997,0.44995564222335815,-1.2316029085468472e-07,0.31341552734375,0.4250418543815613,-0.005733904894441366,0.3216070532798767,0.3929066061973572,-0.008056879043579102,0.32401299476623535,0.36548179388046265,-0.010199782438576221,0.32905691862106323,0.3455088138580322,-0.011742760427296162,0.3087919056415558,0.37796956300735474,-0.0033998340368270874,0.3087896704673767,0.36603692173957825,-0.011462187394499779,0.3079544007778168,0.3893667757511139,-0.016218844801187515,0.3070276975631714,0.40994518995285034,-0.01771165430545807,0.2972443699836731,0.3799610137939453,-0.0028478652238845825,0.2963734567165375,0.3655474781990051,-0.011110729537904263,0.29812484979629517,0.3926719129085541,-0.013118359260261059,0.2996538579463959,0.4132212996482849,-0.012346094474196434,0.28669917583465576,0.38428640365600586,-0.0034806604962795973,0.28502988815307617,0.369082510471344,-0.011325196363031864,0.28914204239845276,0.39403292536735535,-0.009428548626601696,0.2918872535228729,0.41268908977508545,-0.005745869129896164,0.2762700319290161,0.39185237884521484,-0.004563238937407732,0.2746322751045227,0.3754785656929016,-0.009377439506351948,0.2792704999446869,0.3909158706665039,-0.006971281487494707,0.282137930393219,0.4036872088909149,-0.00349925784394145,0.6774241924285889,0.8173434138298035,6.057516088731063e-08,0.662719190120697,0.8459590673446655,-0.0026340018957853317,0.661381721496582,0.8699359893798828,-0.0045137484557926655,0.6657161116600037,0.8942723870277405,-0.006023936439305544,0.6676663160324097,0.9117380380630493,-0.006825659424066544,0.6806634068489075,0.8799989223480225,-0.0038970066234469414,0.679559588432312,0.9145452380180359,-0.006436445284634829,0.6721658706665039,0.9162744283676147,-0.007667788304388523,0.6679389476776123,0.9109668731689453,-0.007846340537071228,0.6904054880142212,0.8773366212844849,-0.00298527954146266,0.6870776414871216,0.911857545375824,-0.004402033984661102,0.6797052621841431,0.9126206636428833,-0.004794159438461065,0.6760033965110779,0.9046708941459656,-0.005406536627560854,0.696295976638794,0.8747313022613525,-0.0021912858355790377,0.691730260848999,0.9072806239128113,-0.002766564954072237,0.6856743693351746,0.9079602956771851,-0.0016747897025197744,0.6828922033309937,0.8998925685882568,-0.0011587472399696708,0.6989918351173401,0.8734279870986938,-0.001630453858524561,0.6961515545845032,0.9009750485420227,-0.0014925629366189241,0.6903770565986633,0.9037766456604004,-0.00010370922973379493,0.6869972348213196,0.8981086015701294,0.0009100962779484689
20,0.3012228310108185,0.45157840847969055,-1.2947292304943403e-07,0.3145122826099396,0.4238434433937073,-0.003966870252043009,0.3219829499721527,0.3920148015022278,-0.005702772177755833,0.32486972212791443,0.3654099702835083,-0.0076951221562922,0.32958003878593445,0.3454245924949646,-0.009260807186365128,0.30988776683807373,0.38094595074653625,-0.001538142911158502,0.3095254600048065,0.3676724135875702,-0.00880580022931099,0.30857962369918823,0.3899500370025635,-0.0134841063991189,0.30758601427078247,0.4105961322784424,-0.015109926462173462,0.2981472611427307,0.38208332657814026,-0.0016985200345516205,0.29661858081817627,0.36684882640838623,-0.008724449202418327,0.29808786511421204,0.39202940464019775,-0.010683996602892876,0.2993958592414856,0.41275104880332947,-0.010284127667546272,0.2872370183467865,0.3856833279132843,-0.0029096193611621857,0.2847108840942383,0.369064599275589,-0.009408676065504551,0.2887994647026062,0.39206597208976746,-0.007756499573588371,0.29167070984840393,0.41085439920425415,-0.00469959108158946,0.276740700006485,0.3923521339893341,-0.004462540149688721,0.2740400731563568,0.37535229325294495,-0.00845677126199007,0.2787822484970093,0.3896649181842804,-0.006085983011871576,0.28199464082717896,0.40255263447761536,-0.0029413907323032618,0.6776704788208008,0.817727267742157,7.093757403708878e-08,0.6629922389984131,0.8458892703056335,-0.002639241050928831,0.6612460017204285,0.8700922131538391,-0.004626557230949402,0.6658591032028198,0.8947267532348633,-0.006231853272765875,0.6676560044288635,0.9127528667449951,-0.007214532233774662,0.6803224086761475,0.8799012303352356,-0.004293136298656464,0.6792188882827759,0.9147304892539978,-0.006876309867948294,0.6715052723884583,0.9186243414878845,-0.00808110460639,0.6668338179588318,0.9150968790054321,-0.008285433053970337,0.6902157068252563,0.8772051930427551,-0.003529083449393511,0.686693549156189,0.9125566482543945,-0.005091487430036068,0.6791390776634216,0.9141988158226013,-0.005498286336660385,0.6752792596817017,0.9066923260688782,-0.006111199036240578,0.6963258385658264,0.8743968605995178,-0.0028416868299245834,0.6916118860244751,0.9078702330589294,-0.0034452888648957014,0.6854327321052551,0.9091167449951172,-0.0022493472788482904,0.6825544834136963,0.9012739658355713,-0.001683180220425129,0.6993412971496582,0.8726845383644104,-0.002383219078183174,0.6962785720825195,0.9008529782295227,-0.002222048584371805,0.6903682947158813,0.904204249382019,-0.0007461663917638361,0.6869348287582397,0.8988072872161865,0.0002997885749209672
21,0.3012228310108185,0.45157840847969055,-1.2947292304943403e-07,0.3145122826099396,0.4238434433937073,-0.003966870252043009,0.3219829499721527,0.3920148015022278,-0.005702772177755833,0.32486972212791443,0.3654099702835083,-0.0076951221562922,0.32958003878593445,0.3454245924949646,-0.009260807186365128,0.30988776683807373,0.38094595074653625,-0.001538142911158502,0.3095254600048065,0.3676724135875702,-0.00880580022931099,0.30857962369918823,0.3899500370025635,-0.0134841063991189,0.30758601427078247,0.4105961322784424,-0.015109926462173462,0.2981472611427307,0.38208332657814026,-0.0016985200345516205,0.29661858081817627,0.36684882640838623,-0.008724449202418327,0.29808786511421204,0.39202940464019775,-0.010683996602892876,0.2993958592414856,0.41275104880332947,-0.010284127667546272,0.2872370183467865,0.3856833279132843,-0.0029096193611621857,0.2847108840942383,0.369064599275589,-0.009408676065504551,0.2887994647026062,0.39206597208976746,-0.007756499573588371,0.29167070984840393,0.41085439920425415,-0.00469959108158946,0.276740700006485,0.3923521339893341,-0.004462540149688721,0.2740400731563568,0.37535229325294495,-0.00845677126199007,0.2787822484970093,0.3896649181842804,-0.006085983011871576,0.28199464082717896,0.40255263447761536,-0.0029413907323032618,0.6776704788208008,0.817727267742157,7.093757403708878e-08,0.6629922389984131,0.8458892703056335,-0.002639241050928831,0.6612460017204285,0.8700922131538391,-0.004626557230949402,0.6658591032028198,0.8947267532348633,-0.006231853272765875,0.6676560044288635,0.9127528667449951,-0.007214532233774662,0.6803224086761475,0.8799012303352356,-0.004293136298656464,0.6792188882827759,0.9147304892539978,-0.006876309867948294,0.6715052723884583,0.9186243414878845,-0.00808110460639,0.6668338179588318,0.9150968790054321,-0.008285433053970337,0.6902157068252563,0.8772051930427551,-0.003529083449393511,0.686693549156189,0.9125566482543945,-0.005091487430036068,0.6791390776634216,0.9141988158226013,-0.005498286336660385,0.6752792596817017,0.9066923260688782,-0.006111199036240578,0.6963258385658264,0.8743968605995178,-0.0028416868299245834,0.6916118860244751,0.9078702330589294,-0.0034452888648957014,0.6854327321052551,0.9091167449951172,-0.0022493472788482904,0.6825544834136963,0.9012739658355713,-0.001683180220425129,0.6993412971496582,0.8726845383644104,-0.002383219078183174,0.6962785720825195,0.9008529782295227,-0.002222048584371805,0.6903682947158813,0.904204249382019,-0.0007461663917638361,0.6869348287582397,0.8988072872161865,0.0002997885749209672
22,0.30140161514282227,0.4492338299751282,-1.2007912175704405e-07,0.3153401017189026,0.42292413115501404,-0.0037363721057772636,0.3232399523258209,0.3922489583492279,-0.005240348167717457,0.32536131143569946,0.3662838339805603,-0.0071372040547430515,0.32975664734840393,0.346565306186676,-0.008696964010596275,0.31075528264045715,0.38071009516716003,-0.0010247745085507631,0.3101392388343811,0.3672758936882019,-0.008431178517639637,0.3088003993034363,0.3874736726284027,-0.013139264658093452,0.3078666031360626,0.40673521161079407,-0.014704062603414059,0.29909220337867737,0.3821163773536682,-0.0014184758765622973,0.29795020818710327,0.36556994915008545,-0.008908901363611221,0.2988079786300659,0.39096754789352417,-0.010810193605720997,0.29994305968284607,0.41213616728782654,-0.010091863572597504,0.28823938965797424,0.38595107197761536,-0.0029049478471279144,0.2869279086589813,0.368853896856308,-0.009971403516829014,0.2901321351528168,0.39290159940719604,-0.008030680008232594,0.29244115948677063,0.41185131669044495,-0.004441131837666035,0.2777858376502991,0.3926291763782501,-0.00471141142770648,0.27598804235458374,0.37434694170951843,-0.008732828311622143,0.2796916961669922,0.38872936367988586,-0.006015687715262175,0.28215712308883667,0.40136951208114624,-0.002532897749915719,0.677482545375824,0.817668616771698,6.636321359110298e-08,0.6632966995239258,0.8453670144081116,-0.0028760472778230906,0.6618474125862122,0.8698315024375916,-0.0050178705714643,0.6662911772727966,0.8947837948799133,-0.006706940475851297,0.6678974032402039,0.9132992029190063,-0.007708147633820772,0.6807546019554138,0.8801223039627075,-0.0047501083463430405,0.6797893643379211,0.9159639477729797,-0.007505452260375023,0.6722093224525452,0.9188238978385925,-0.008723150007426739,0.6678628921508789,0.9138588309288025,-0.008847052231431007,0.6904528141021729,0.8776559233665466,-0.0038527960423380136,0.6872538328170776,0.9140810370445251,-0.00550164096057415,0.6797098517417908,0.9158315658569336,-0.0059331380762159824,0.6758597493171692,0.9081881046295166,-0.006541116628795862,0.696532130241394,0.8753212094306946,-0.003048208076506853,0.6922803521156311,0.909817636013031,-0.0037556556053459644,0.6859420537948608,0.9115566611289978,-0.0027105449698865414,0.682966947555542,0.9039038419723511,-0.0022143307141959667,0.6995424628257751,0.8742930889129639,-0.0024654369335621595,0.69712233543396,0.9036877155303955,-0.0023754690773785114,0.6911207437515259,0.9075479507446289,-0.0010011913254857063,0.6875176429748535,0.9023388624191284,-1.5201863789116032e-05
23,0.300260990858078,0.45153993368148804,-1.1686510248409832e-07,0.31506258249282837,0.4255906045436859,-0.004982735030353069,0.3233509063720703,0.39339810609817505,-0.0067138089798390865,0.3251190185546875,0.36511319875717163,-0.008498559705913067,0.32953527569770813,0.34456899762153625,-0.009707950055599213,0.31120532751083374,0.378574401140213,-0.002265180926769972,0.31003278493881226,0.3663358688354492,-0.01002862025052309,0.30917632579803467,0.3891926109790802,-0.014503628015518188,0.30895373225212097,0.4085301458835602,-0.015906278043985367,0.2993541657924652,0.3803194761276245,-0.0021454785019159317,0.29778820276260376,0.364932119846344,-0.010811361484229565,0.2991871237754822,0.39166462421417236,-0.012999305501580238,0.30078187584877014,0.41250964999198914,-0.012221181765198708,0.28853631019592285,0.3839372396469116,-0.0031876382417976856,0.2861208915710449,0.3684302866458893,-0.011496967636048794,0.2900530993938446,0.39394816756248474,-0.00973587203770876,0.29319971799850464,0.413127601146698,-0.005982390139251947,0.2776956856250763,0.3904380798339844,-0.004609936848282814,0.27551916241645813,0.37460124492645264,-0.00984265562146902,0.2798119783401489,0.39059674739837646,-0.007689179852604866,0.2829933166503906,0.403447687625885,-0.004322649911046028,0.6777352690696716,0.8165494203567505,7.626387343862007e-08,0.6634947061538696,0.8449374437332153,-0.002377368276938796,0.6621828675270081,0.870190441608429,-0.004206962417811155,0.6668154001235962,0.8955622315406799,-0.005616109352558851,0.6677207350730896,0.9138041734695435,-0.00639257812872529,0.6806889176368713,0.881115734577179,-0.004089163150638342,0.679108202457428,0.9164193272590637,-0.006405859254300594,0.6715537905693054,0.9213974475860596,-0.007382622454315424,0.6669164299964905,0.9189193844795227,-0.007438870146870613,0.6905111074447632,0.8781871795654297,-0.003223889274522662,0.6866867542266846,0.9138118624687195,-0.00459459749981761,0.679167628288269,0.9163597226142883,-0.004833568353205919,0.6750461459159851,0.9098179340362549,-0.005304878577589989,0.6965311765670776,0.8752861618995667,-0.0023686762433499098,0.6916032433509827,0.9088869690895081,-0.0027359474916011095,0.6853703856468201,0.9112414717674255,-0.0014999195700511336,0.6822615265846252,0.9044622182846069,-0.000896153855137527,0.6994107365608215,0.8735575675964355,-0.0016959939384832978,0.6964156031608582,0.9022101759910583,-0.0012409385526552796,0.6904467940330505,0.9066371917724609,0.0003150245756842196,0.6867644190788269,0.9022689461708069,0.0014274411369115114
24,0.3001067042350769,0.4511828124523163,-1.1577568415077621e-07,0.31510621309280396,0.42508840560913086,-0.004970360081642866,0.3235378563404083,0.39315858483314514,-0.006769002880901098,0.3252650201320648,0.36471742391586304,-0.008540636859834194,0.32965555787086487,0.34405046701431274,-0.009769685566425323,0.3114181458950043,0.3792227804660797,-0.0025986810214817524,0.3098386228084564,0.36690130829811096,-0.010210344567894936,0.3085958659648895,0.38900846242904663,-0.01461633387953043,0.3082054853439331,0.40790295600891113,-0.01603974774479866,0.29941079020500183,0.3805898129940033,-0.0023968226741999388,0.2972124218940735,0.3650839030742645,-0.010565584525465965,0.29853135347366333,0.3906860649585724,-0.012584784999489784,0.30032020807266235,0.41065409779548645,-0.01192331314086914,0.28862935304641724,0.3839239776134491,-0.003319363109767437,0.28564751148223877,0.36749860644340515,-0.011180945672094822,0.28935471177101135,0.3920241594314575,-0.009371078573167324,0.29254451394081116,0.41061335802078247,-0.00581896398216486,0.2780691683292389,0.390502393245697,-0.0046202694065868855,0.2754877507686615,0.37405017018318176,-0.009800517931580544,0.27954426407814026,0.39021217823028564,-0.007716834079474211,0.28272292017936707,0.4034141004085541,-0.004478458780795336,0.678379237651825,0.8155542016029358,7.682881175696821e-08,0.6635735034942627,0.8447092175483704,-0.002588655101135373,0.661771297454834,0.8697007894515991,-0.004460915457457304,0.6663200259208679,0.8945258855819702,-0.006000591441988945,0.6679931879043579,0.9121237993240356,-0.006905349902808666,0.6802529096603394,0.8813191652297974,-0.003285975195467472,0.6792831420898438,0.9159566760063171,-0.005752841010689735,0.671524167060852,0.9200252294540405,-0.007113280706107616,0.6664723753929138,0.9162039160728455,-0.007411593105643988,0.6903434991836548,0.8780614137649536,-0.0024836722295731306,0.6872188448905945,0.9124815464019775,-0.0041197375394403934,0.6796579360961914,0.9137822985649109,-0.004879838787019253,0.6754189729690552,0.9055773019790649,-0.005603322759270668,0.6963054537773132,0.8744287490844727,-0.00177350256126374,0.6918632984161377,0.9065470695495605,-0.0022433835547417402,0.6858304142951965,0.907818078994751,-0.0012480393052101135,0.6826852560043335,0.8996833562850952,-0.0007503783563151956,0.699041485786438,0.8716272115707397,-0.0013328701024875045,0.6960307359695435,0.8978196382522583,-0.0009998248424381018,0.6902073621749878,0.9009013175964355,0.0004043752560392022,0.6866474747657776,0.8956299424171448,0.0014577216934412718
25,0.3001067042350769,0.4511828124523163,-1.1577568415077621e-07,0.31510621309280396,0.42508840560913086,-0.004970360081642866,0.3235378563404083,0.39315858483314514,-0.006769002880901098,0.3252650201320648,0.36471742391586304,-0.008540636859834194,0.32965555787086487,0.34405046701431274,-0.009769685566425323,0.3114181458950043,0.3792227804660797,-0.0025986810214817524,0.3098386228084564,0.36690130829811096,-0.010210344567894936,0.3085958659648895,0.38900846242904663,-0.01461633387953043,0.3082054853439331,0.40790295600891113,-0.01603974774479866,0.29941079020500183,0.3805898129940033,-0.0023968226741999388,0.2972124218940735,0.3650839030742645,-0.010565584525465965,0.29853135347366333,0.3906860649585724,-0.012584784999489784,0.30032020807266235,0.41065409779548645,-0.01192331314086914,0.28862935304641724,0.3839239776134491,-0.003319363109767437,0.28564751148223877,0.36749860644340515,-0.011180945672094822,0.28935471177101135,0.3920241594314575,-0.009371078573167324,0.29254451394081116,0.41061335802078247,-0.00581896398216486,0.2780691683292389,0.390502393245697,-0.0046202694065868855,0.2754877507686615,0.37405017018318176,-0.009800517931580544,0.27954426407814026,0.39021217823028564,-0.007716834079474211,0.28272292017936707,0.4034141004085541,-0.004478458780795336,0.678379237651825,0.8155542016029358,7.682881175696821e-08,0.6635735034942627,0.8447092175483704,-0.002588655101135373,0.661771297454834,0.8697007894515991,-0.004460915457457304,0.6663200259208679,0.8945258855819702,-0.006000591441988945,0.6679931879043579,0.9121237993240356,-0.006905349902808666,0.6802529096603394,0.8813191652297974,-0.003285975195467472,0.6792831420898438,0.9159566760063171,-0.005752841010689735,0.671524167060852,0.9200252294540405,-0.007113280706107616,0.6664723753929138,0.9162039160728455,-0.007411593105643988,0.6903434991836548,0.8780614137649536,-0.0024836722295731306,0.6872188448905945,0.9124815464019775,-0.0041197375394403934,0.6796579360961914,0.9137822985649109,-0.004879838787019253,0.6754189729690552,0.9055773019790649,-0.005603322759270668,0.6963054537773132,0.8744287490844727,-0.00177350256126374,0.6918632984161377,0.9065470695495605,-0.0022433835547417402,0.6858304142951965,0.907818078994751,-0.0012480393052101135,0.6826852560043335,0.8996833562850952,-0.0007503783563151956,0.699041485786438,0.8716272115707397,-0.0013328701024875045,0.6960307359695435,0.8978196382522583,-0.0009998248424381018,0.6902073621749878,0.9009013175964355,0.0004043752560392022,0.6866474747657776,0.8956299424171448,0.0014577216934412718
26,0.30035048723220825,0.4509757161140442,-1.1381301590063231e-07,0.3154042959213257,0.4245278835296631,-0.004341874271631241,0.3236926794052124,0.3931424021720886,-0.005965241231024265,0.3252031207084656,0.36503875255584717,-0.007822791114449501,0.3294545114040375,0.3439924716949463,-0.009235233999788761,0.3118271231651306,0.3777994215488434,-0.001079369685612619,0.31063923239707947,0.36575138568878174,-0.008499249815940857,0.3097641170024872,0.3876514136791229,-0.013172449544072151,0.3094656765460968,0.40710315108299255,-0.014745663851499557,0.3000105917453766,0.3789185583591461,-0.0011687366059049964,0.29852062463760376,0.3646339178085327,-0.009016795083880424,0.2999328672885895,0.39033156633377075,-0.011334809474647045,0.30148693919181824,0.4111231565475464,-0.01086688693612814,0.28908059000968933,0.38245949149131775,-0.0023808120749890804,0.2870505750179291,0.36692845821380615,-0.009938296861946583,0.2907787263393402,0.3917764723300934,-0.00828589778393507,0.2937569320201874,0.411268025636673,-0.00482065649703145,0.2781761586666107,0.38941627740859985,-0.003936589229851961,0.27637234330177307,0.3732743263244629,-0.008813335560262203,0.2807934880256653,0.38905560970306396,-0.0065680695697665215,0.2840782701969147,0.40253520011901855,-0.00319124897941947,0.6770939826965332,0.817542552947998,6.32067340688991e-08,0.6633957624435425,0.8453548550605774,-0.002766053192317486,0.6625925302505493,0.870042622089386,-0.00467945821583271,0.6671295166015625,0.8940512537956238,-0.006236115470528603,0.6691582798957825,0.9118728637695312,-0.007106469944119453,0.6807695627212524,0.8799757957458496,-0.0038385309744626284,0.6797086596488953,0.9146703481674194,-0.006621398031711578,0.6722548604011536,0.9179261922836304,-0.00804858934134245,0.6675975918769836,0.9138287901878357,-0.008334490470588207,0.6899585723876953,0.8775657415390015,-0.0029274632688611746,0.6868103742599487,0.9124307632446289,-0.004611561540514231,0.6796479821205139,0.9139204621315002,-0.005175453145056963,0.6756481528282166,0.9067893028259277,-0.005799971520900726,0.6956751942634583,0.8751051425933838,-0.0021618492901325226,0.6913107633590698,0.9081401824951172,-0.002881900640204549,0.685387134552002,0.909558892250061,-0.001824536477215588,0.6824137568473816,0.9021322131156921,-0.0012367261806502938,0.6982561349868774,0.8738515377044678,-0.001646500313654542,0.6952430009841919,0.9017460942268372,-0.001516092335805297,0.6893205046653748,0.9056165218353271,-0.00013179518282413483,0.6857553124427795,0.9010438919067383,0.0009198901825584471
27,0.30103230476379395,0.4507763385772705,-1.0675412198679624e-07,0.31610292196273804,0.4232817590236664,-0.004133099690079689,0.3239593505859375,0.39131733775138855,-0.005583812016993761,0.3257525861263275,0.36367136240005493,-0.007372809574007988,0.33018770813941956,0.34347352385520935,-0.008703777566552162,0.3110171854496002,0.3770136833190918,-0.0006216297624632716,0.3105962574481964,0.36461320519447327,-0.00797408539801836,0.30967220664024353,0.38710078597068787,-0.012752118520438671,0.30902713537216187,0.4068944752216339,-0.01439021434634924,0.2992936968803406,0.37858152389526367,-0.0007390336249954998,0.29823359847068787,0.3641383945941925,-0.008478443138301373,0.2999650537967682,0.3897911608219147,-0.010849088430404663,0.3016815185546875,0.4106900691986084,-0.010415456257760525,0.28869396448135376,0.38254493474960327,-0.0019929532427340746,0.28683754801750183,0.3672384023666382,-0.009193729609251022,0.2907821238040924,0.39102986454963684,-0.007596240844577551,0.293855220079422,0.41011741757392883,-0.0042358445934951305,0.27815961837768555,0.3897946774959564,-0.0036224843934178352,0.2764686644077301,0.37323734164237976,-0.008032753132283688,0.28111016750335693,0.38797488808631897,-0.005774826742708683,0.2846278250217438,0.4010547697544098,-0.0024878159165382385,0.6779261827468872,0.8187479972839355,5.343388309597685e-08,0.6639086604118347,0.8451843857765198,-0.0027555287815630436,0.662449836730957,0.8696533441543579,-0.0048137204721570015,0.6668869853019714,0.8938838243484497,-0.0065521118231117725,0.6691889762878418,0.9119315147399902,-0.007602268364280462,0.6803176999092102,0.8804436326026917,-0.004436654504388571,0.6801608800888062,0.9160889387130737,-0.00761085469275713,0.6729796528816223,0.9182071089744568,-0.009216155856847763,0.6685948967933655,0.9122541546821594,-0.00952121801674366,0.6898902654647827,0.8785843253135681,-0.003680070396512747,0.6874425411224365,0.913850724697113,-0.005641602445393801,0.6803511381149292,0.9143680930137634,-0.006276518106460571,0.6766897439956665,0.905973494052887,-0.006905234418809414,0.6961381435394287,0.8764298558235168,-0.0030399637762457132,0.6922411918640137,0.9096298217773438,-0.003944036550819874,0.6864033937454224,0.9101713299751282,-0.0028041533660143614,0.6837736368179321,0.9017970561981201,-0.0021437513642013073,0.6993592381477356,0.8753311038017273,-0.002642983803525567,0.6966844201087952,0.903728187084198,-0.0026147549506276846,0.6909769177436829,0.9063205122947693,-0.0010814248817041516,0.6877800226211548,0.9002707004547119,9.083635814022273e-05
28,0.2998790144920349,0.4487653374671936,-1.0946472173145594e-07,0.315214604139328,0.4254877269268036,-0.005814082454890013,0.32396620512008667,0.39427146315574646,-0.007806695066392422,0.32491451501846313,0.36551737785339355,-0.00971473939716816,0.32874611020088196,0.34439849853515625,-0.010972063057124615,0.3108851909637451,0.3773551881313324,-0.002899695187807083,0.31037774682044983,0.3632167875766754,-0.010887469165027142,0.30934250354766846,0.38651254773139954,-0.01546764001250267,0.30904367566108704,0.40602925419807434,-0.016893383115530014,0.2989445924758911,0.37859219312667847,-0.0024274324532598257,0.2977212071418762,0.36309388279914856,-0.010873057879507542,0.2993967533111572,0.38978853821754456,-0.012966325506567955,0.3012404441833496,0.4099721312522888,-0.012294072657823563,0.2883453369140625,0.38189736008644104,-0.0032326774671673775,0.28639718890190125,0.3662160038948059,-0.011713101528584957,0.29039672017097473,0.3915645182132721,-0.01005153451114893,0.29357045888900757,0.4106878638267517,-0.006409462541341782,0.27800601720809937,0.38824325799942017,-0.004489281214773655,0.2759647071361542,0.37065714597702026,-0.010091382078826427,0.2802295386791229,0.3870543837547302,-0.008131004869937897,0.2835753262042999,0.40130406618118286,-0.004888143856078386,0.6782131791114807,0.8176767826080322,6.206112601603309e-08,0.6636694669723511,0.8447393178939819,-0.002025182591751218,0.6622661352157593,0.8697072267532349,-0.0036632963456213474,0.6669453978538513,0.8939744830131531,-0.004979541525244713,0.6692265868186951,0.9109708070755005,-0.005701589398086071,0.6805614233016968,0.88080894947052,-0.004141856450587511,0.6794790029525757,0.9162561893463135,-0.006701670121401548,0.6719591021537781,0.920154333114624,-0.007846345193684101,0.6673740148544312,0.9162405133247375,-0.00794908031821251,0.6903489232063293,0.8784908056259155,-0.003533726092427969,0.6867812871932983,0.9138591289520264,-0.005096728913486004,0.6794807314872742,0.914398729801178,-0.005337434355169535,0.6758744120597839,0.9062321782112122,-0.005728746764361858,0.6963672637939453,0.8758772015571594,-0.0029060591477900743,0.6914905905723572,0.9091536998748779,-0.003448963165283203,0.6854894757270813,0.9094110727310181,-0.002096458338201046,0.6829753518104553,0.900952160358429,-0.0013532682787626982,0.6992132067680359,0.87410968542099,-0.0024455327074974775,0.6959096789360046,0.9024159908294678,-0.0021701024379581213,0.6901515126228333,0.9046154022216797,-0.0005113526713103056,0.6871206164360046,0.8983898758888245,0.0007067196420393884
29,0.2998790144920349,0.4487653374671936,-1.0946472173145594e-07,0.315214604139328,0.4254877269268036,-0.005814082454890013,0.32396620512008667,0.39427146315574646,-0.007806695066392422,0.32491451501846313,0.36551737785339355,-0.00971473939716816,0.32874611020088196,0.34439849853515625,-0.010972063057124615,0.3108851909637451,0.3773551881313324,-0.002899695187807083,0.31037774682044983,0.3632167875766754,-0.010887469165027142,0.30934250354766846,0.38651254773139954,-0.01546764001250267,0.30904367566108704,0.40602925419807434,-0.016893383115530014,0.2989445924758911,0.37859219312667847,-0.0024274324532598257,0.2977212071418762,0.36309388279914856,-0.010873057879507542,0.2993967533111572,0.38978853821754456,-0.012966325506567955,0.3012404441833496,0.4099721312522888,-0.012294072657823563,0.2883453369140625,0.38189736008644104,-0.0032326774671673775,0.28639718890190125,0.3662160038948059,-0.011713101528584957,0.29039672017097473,0.3915645182132721,-0.01005153451114893,0.29357045888900757,0.4106878638267517,-0.006409462541341782,0.27800601720809937,0.38824325799942017,-0.004489281214773655,0.2759647071361542,0.37065714597702026,-0.010091382078826427,0.2802295386791229,0.3870543837547302,-0.008131004869937897,0.2835753262042999,0.40130406618118286,-0.004888143856078386,0.6782131791114807,0.8176767826080322,6.206112601603309e-08,0.6636694669723511,0.8447393178939819,-0.002025182591751218,0.6622661352157593,0.8697072267532349,-0.0036632963456213474,0.6669453978538513,0.8939744830131531,-0.004979541525244713,0.6692265868186951,0.9109708070755005,-0.005701589398086071,0.6805614233016968,0.88080894947052,-0.004141856450587511,0.6794790029525757,0.9162561893463135,-0.006701670121401548,0.6719591021537781,0.920154333114624,-0.007846345193684101,0.6673740148544312,0.9162405133247375,-0.00794908031821251,0.6903489232063293,0.8784908056259155,-0.003533726092427969,0.6867812871932983,0.9138591289520264,-0.005096728913486004,0.6794807314872742,0.914398729801178,-0.005337434355169535,0.6758744120597839,0.9062321782112122,-0.005728746764361858,0.6963672637939453,0.8758772015571594,-0.0029060591477900743,0.6914905905723572,0.9091536998748779,-0.003448963165283203,0.6854894757270813,0.9094110727310181,-0.002096458338201046,0.6829753518104553,0.900952160358429,-0.0013532682787626982,0.6992132067680359,0.87410968542099,-0.0024455327074974775,0.6959096789360046,0.9024159908294678,-0.0021701024379581213,0.6901515126228333,0.9046154022216797,-0.0005113526713103056,0.6871206164360046,0.8983898758888245,0.0007067196420393884
30,0.2998392581939697,0.4469170570373535,-1.0787918114374406e-07,0.3150534927845001,0.4238470494747162,-0.005607512779533863,0.3236256539821625,0.39267122745513916,-0.007440488785505295,0.3253801465034485,0.3638705611228943,-0.009130665101110935,0.3287830948829651,0.342894583940506,-0.010135804302990437,0.31176260113716125,0.37641167640686035,-0.0026382235810160637,0.31082528829574585,0.36251336336135864,-0.010491047985851765,0.3093768358230591,0.38601529598236084,-0.015151847153902054,0.3087127208709717,0.40513870120048523,-0.01668107509613037,0.2995625436306,0.37736260890960693,-0.002120980527251959,0.29777657985687256,0.3616251051425934,-0.010139064863324165,0.2991097569465637,0.38831833004951477,-0.012061466462910175,0.3007638156414032,0.4080120027065277,-0.011394307017326355,0.2889384329319,0.3806646168231964,-0.0028579465579241514,0.28651514649391174,0.3651049733161926,-0.010692520067095757,0.2900620400905609,0.38970571756362915,-0.008756063878536224,0.2929406464099884,0.40757063031196594,-0.005167917348444462,0.2787604033946991,0.38682785630226135,-0.004054962191730738,0.2761382460594177,0.3703870177268982,-0.009070716798305511,0.2800636887550354,0.3867776691913605,-0.0068389615043997765,0.28327909111976624,0.3999181091785431,-0.003561844117939472,0.6777400374412537,0.81941819190979,7.394061896093262e-08,0.6638843417167664,0.8453386425971985,-0.0030028405599296093,0.6619638800621033,0.8692492842674255,-0.005063085351139307,0.6667168736457825,0.8931463956832886,-0.00650067301467061,0.6687501072883606,0.9104717969894409,-0.007284296210855246,0.6804614067077637,0.8806278705596924,-0.005704646464437246,0.6794562935829163,0.9168102145195007,-0.008257618173956871,0.672098696231842,0.9222225546836853,-0.009262925013899803,0.6674423813819885,0.9199457764625549,-0.009300067089498043,0.6902890205383301,0.8783267736434937,-0.004531603306531906,0.6868376135826111,0.9142156839370728,-0.005955430679023266,0.6794077754020691,0.9170162677764893,-0.0060960534028708935,0.6750603914260864,0.9107974767684937,-0.006553111132234335,0.6961422562599182,0.8760302662849426,-0.0033235999289900064,0.6914686560630798,0.9095264673233032,-0.003726191585883498,0.6854544878005981,0.9118385314941406,-0.0024626473896205425,0.682238757610321,0.9053261280059814,-0.001926366239786148,0.6988425850868225,0.8747752904891968,-0.0023533469066023827,0.6956498026847839,0.902504563331604,-0.0021036171820014715,0.6896957755088806,0.9064440727233887,-0.0006592798163183033,0.6859182715415955,0.9022278189659119,0.0003395321255084127
31,0.2991173565387726,0.4446505010128021,-1.1439070135565998e-07,0.31465813517570496,0.4213022291660309,-0.0047081043012440205,0.3233487010002136,0.3897281289100647,-0.0061725350096821785,0.32503756880760193,0.3621620535850525,-0.007772283628582954,0.3286746144294739,0.34167683124542236,-0.008822747506201267,0.3106379210948944,0.37333711981773376,-0.0026155964005738497,0.3105078935623169,0.36124905943870544,-0.010550023056566715,0.3093949854373932,0.38405004143714905,-0.015010092407464981,0.3087347447872162,0.40384650230407715,-0.01639588177204132,0.29884815216064453,0.374849796295166,-0.0027937483973801136,0.2977669835090637,0.3615414500236511,-0.011525560170412064,0.2994382083415985,0.3882059156894684,-0.013650331646203995,0.30109018087387085,0.40878960490226746,-0.013020406477153301,0.2883603572845459,0.37885531783103943,-0.004131498746573925,0.28611165285110474,0.36557191610336304,-0.0128335477784276,0.29042279720306396,0.3913405239582062,-0.011114107444882393,0.29367905855178833,0.41008123755455017,-0.0075119235552847385,0.27815812826156616,0.3861766755580902,-0.005805000197142363,0.27556049823760986,0.37040185928344727,-0.01142572145909071,0.27984610199928284,0.3870488703250885,-0.009332513436675072,0.2831687331199646,0.40038830041885376,-0.00610504811629653,0.6777104139328003,0.8175155520439148,7.83184574970619e-08,0.6635206341743469,0.8457781672477722,-0.002562988316640258,0.6621087789535522,0.870151162147522,-0.004504782613366842,0.666892409324646,0.8939056992530823,-0.0059927175752818584,0.6693730354309082,0.9113597869873047,-0.006910006515681744,0.681139349937439,0.8807392120361328,-0.004847563337534666,0.6794131994247437,0.9160157442092896,-0.007326292339712381,0.6715317368507385,0.9217855930328369,-0.008445056155323982,0.6666542887687683,0.9201947450637817,-0.008597384206950665,0.691041886806488,0.877791702747345,-0.00400254363194108,0.6869282722473145,0.9138295650482178,-0.005529844667762518,0.6792474389076233,0.9155726432800293,-0.0057737575843930244,0.6754115223884583,0.9079878926277161,-0.006216258276253939,0.6970016360282898,0.8748458027839661,-0.0031396595295518637,0.6919980645179749,0.9090611338615417,-0.003570116590708494,0.6856790781021118,0.9104690551757812,-0.002262780675664544,0.6828712224960327,0.9023941159248352,-0.0016240496188402176,0.6997764706611633,0.8730623722076416,-0.0024930834770202637,0.6967851519584656,0.901841938495636,-0.002188711194321513,0.6908746957778931,0.9050710201263428,-0.0006439838907681406,0.6875613927841187,0.8994185924530029,0.00043649395229294896
32,0.2991173565387726,0.4446505010128021,-1.1439070135565998e-07,0.31465813517570496,0.4213022291660309,-0.0047081043012440205,0.3233487010002136,0.3897281289100647,-0.0061725350096821785,0.32503756880760193,0.3621620535850525,-0.007772283628582954,0.3286746144294739,0.34167683124542236,-0.008822747506201267,0.3106379210948944,0.37333711981773376,-0.0026155964005738497,0.3105078935623169,0.36124905943870544,-0.010550023056566715,0.3093949854373932,0.38405004143714905,-0.015010092407464981,0.3087347447872162,0.40384650230407715,-0.01639588177204132,0.29884815216064453,0.374849796295166,-0.0027937483973801136,0.2977669835090637,0.3615414500236511,-0.011525560170412064,0.2994382083415985,0.3882059156894684,-0.013650331646203995,0.30109018087387085,0.40878960490226746,-0.013020406477153301,0.2883603572845459,0.37885531783103943,-0.004131498746573925,0.28611165285110474,0.36557191610336304,-0.0128335477784276,0.29042279720306396,0.3913405239582062,-0.011114107444882393,0.29367905855178833,0.41008123755455017,-0.0075119235552847385,0.27815812826156616,0.3861766755580902,-0.005805000197142363,0.27556049823760986,0.37040185928344727,-0.01142572145909071,0.27984610199928284,0.3870488703250885,-0.009332513436675072,0.2831687331199646,0.40038830041885376,-0.00610504811629653,0.6777104139328003,0.8175155520439148,7.83184574970619e-08,0.6635206341743469,0.8457781672477722,-0.002562988316640258,0.6621087789535522,0.870151162147522,-0.004504782613366842,0.666892409324646,0.8939056992530823,-0.0059927175752818584,0.6693730354309082,0.9113597869873047,-0.006910006515681744,0.681139349937439,0.8807392120361328,-0.004847563337534666,0.6794131994247437,0.9160157442092896,-0.007326292339712381,0.6715317368507385,0.9217855930328369,-0.008445056155323982,0.6666542887687683,0.9201947450637817,-0.008597384206950665,0.691041886806488,0.877791702747345,-0.00400254363194108,0.6869282722473145,0.9138295650482178,-0.005529844667762518,0.6792474389076233,0.9155726432800293,-0.0057737575843930244,0.6754115223884583,0.9079878926277161,-0.006216258276253939,0.6970016360282898,0.8748458027839661,-0.0031396595295518637,0.6919980645179749,0.9090611338615417,-0.003570116590708494,0.6856790781021118,0.9104690551757812,-0.002262780675664544,0.6828712224960327,0.9023941159248352,-0.0016240496188402176,0.6997764706611633,0.8730623722076416,-0.0024930834770202637,0.6967851519584656,0.901841938495636,-0.002188711194321513,0.6908746957778931,0.9050710201263428,-0.0006439838907681406,0.6875613927841187,0.8994185924530029,0.00043649395229294896
33,0.29936012625694275,0.4438978433609009,-1.1210276085193982e-07,0.3150472939014435,0.42021605372428894,-0.00500890426337719,0.323456734418869,0.38972511887550354,-0.006681680213660002,0.32489657402038574,0.3628871738910675,-0.008463391102850437,0.3283972144126892,0.3427750766277313,-0.009597287513315678,0.31033799052238464,0.3737683594226837,-0.002579753054305911,0.3106451630592346,0.3614324927330017,-0.010884302668273449,0.30958741903305054,0.3849232792854309,-0.015495301224291325,0.3089987635612488,0.40415239334106445,-0.01687544770538807,0.29866015911102295,0.3750521242618561,-0.0026123893912881613,0.29801318049430847,0.36206552386283875,-0.011603371240198612,0.29954659938812256,0.3894469141960144,-0.013647116720676422,0.3010031282901764,0.4093109965324402,-0.0128279197961092,0.28825005888938904,0.3787914514541626,-0.0039026299491524696,0.28644871711730957,0.3656962215900421,-0.012914667837321758,0.2906862497329712,0.3921903669834137,-0.011023864150047302,0.29379045963287354,0.41057270765304565,-0.007121788337826729,0.2781251072883606,0.3859034478664398,-0.005552013870328665,0.27587878704071045,0.3702939450740814,-0.011284205131232738,0.28047630190849304,0.38745465874671936,-0.00909384898841381,0.2839519679546356,0.4007190763950348,-0.005676220171153545,0.6780469417572021,0.8178486227989197,7.893007136772212e-08,0.6635339260101318,0.846146285533905,-0.0024771152529865503,0.6617907881736755,0.8702288866043091,-0.004366320092231035,0.6666211485862732,0.8936082720756531,-0.005858150310814381,0.6689893007278442,0.9104096293449402,-0.006789480336010456,0.6809353232383728,0.8811418414115906,-0.0041507394053041935,0.67916339635849,0.9156509637832642,-0.006615763530135155,0.6715551018714905,0.9211487174034119,-0.00794965773820877,0.6667672395706177,0.9193310737609863,-0.008275813423097134,0.6908212304115295,0.8777289986610413,-0.003411591285839677,0.6866946816444397,0.9126304388046265,-0.004905608482658863,0.6793123483657837,0.9142257571220398,-0.005291190464049578,0.6755605340003967,0.9066928029060364,-0.005839546676725149,0.6966705322265625,0.8742274641990662,-0.0027103039901703596,0.6914640069007874,0.9073172807693481,-0.0031655800994485617,0.6855562329292297,0.9084016680717468,-0.0018579517491161823,0.6829681992530823,0.9005846977233887,-0.0011911666952073574,0.6993292570114136,0.8718240857124329,-0.0022436275612562895,0.6959993839263916,0.8994847536087036,-0.0018943410832434893,0.690284252166748,0.9025159478187561,-0.0002874807978514582,0.687078058719635,0.8972750902175903,0.0008407030836679041
34,0.29936739802360535,0.44483280181884766,-1.0886923007547011e-07,0.3150528371334076,0.4204046428203583,-0.004468383267521858,0.323360800743103,0.3894166648387909,-0.005878519732505083,0.32473650574684143,0.3625571131706238,-0.007513198535889387,0.32870006561279297,0.3423343300819397,-0.008588955737650394,0.3099130690097809,0.374121755361557,-0.0017097622621804476,0.310698926448822,0.3620322346687317,-0.009498107247054577,0.30984726548194885,0.38511958718299866,-0.014003689400851727,0.3091350197792053,0.40449708700180054,-0.015419354662299156,0.2983990013599396,0.37532976269721985,-0.0019199767848476768,0.2983192205429077,0.3619402348995209,-0.01032247208058834,0.2997487187385559,0.3891071379184723,-0.012389415875077248,0.30094602704048157,0.4093483090400696,-0.011694127693772316,0.28801429271698,0.37924742698669434,-0.0033292188309133053,0.2868326008319855,0.36591067910194397,-0.011843965388834476,0.29095369577407837,0.39239731431007385,-0.01000944059342146,0.29378461837768555,0.4112626314163208,-0.006257138680666685,0.27792537212371826,0.3865780234336853,-0.0050628348253667355,0.2761610448360443,0.37070533633232117,-0.010477716103196144,0.2806146442890167,0.3874191343784332,-0.008225922472774982,0.2837904095649719,0.4007292687892914,-0.0048492043279111385,0.6776953935623169,0.8187918066978455,8.685113073170214e-08,0.6636438965797424,0.8458519577980042,-0.0032045836560428143,0.6617903709411621,0.8690796494483948,-0.005639810115098953,0.6662762761116028,0.8928559422492981,-0.007493667770177126,0.6690350770950317,0.9107151031494141,-0.008789450861513615,0.681500256061554,0.880311906337738,-0.006059331353753805,0.6793410181999207,0.9163818359375,-0.00898120179772377,0.671632707118988,0.9232945442199707,-0.010304590687155724,0.6667580008506775,0.9227280616760254,-0.010549157857894897,0.6913513541221619,0.877822756767273,-0.004993503913283348,0.6868484616279602,0.9144799113273621,-0.006894296500831842,0.6791826486587524,0.9171706438064575,-0.007140366360545158,0.6752372980117798,0.9104433655738831,-0.007551783695816994,0.6971989274024963,0.8753358125686646,-0.003936496563255787,0.6919523477554321,0.9100422859191895,-0.004711973015218973,0.6855875253677368,0.9125472903251648,-0.0033556255511939526,0.6826303601264954,0.9053799510002136,-0.0026426762342453003,0.6999528408050537,0.8739547729492188,-0.003136503743007779,0.6970834136009216,0.9033607840538025,-0.003120609326288104,0.6910107135772705,0.9079856872558594,-0.0016453834250569344,0.6873708963394165,0.9034873843193054,-0.0005766027607023716
35,0.2989896535873413,0.44618526101112366,-1.0833140606791858e-07,0.31479495763778687,0.4226504862308502,-0.004731876775622368,0.32323113083839417,0.39155223965644836,-0.006201801355928183,0.32478636503219604,0.36387720704078674,-0.007836594246327877,0.32815662026405334,0.3430045247077942,-0.00893243495374918,0.31041088700294495,0.37561163306236267,-0.0021342558320611715,0.3101238012313843,0.36193546652793884,-0.009954818524420261,0.30931559205055237,0.38491371273994446,-0.014569830149412155,0.30898910760879517,0.4048992991447449,-0.016025375574827194,0.29877784848213196,0.37702950835227966,-0.002137900097295642,0.2975670397281647,0.3629467189311981,-0.01045322883874178,0.2993219792842865,0.3890632092952728,-0.012634624727070332,0.30090466141700745,0.40936893224716187,-0.012119241058826447,0.2882617712020874,0.38058924674987793,-0.0033281028736382723,0.28622880578041077,0.36558014154434204,-0.011531723663210869,0.2902055084705353,0.3910695016384125,-0.009795066900551319,0.29311123490333557,0.410251259803772,-0.006263986229896545,0.2780376374721527,0.38718539476394653,-0.004892805591225624,0.2758316993713379,0.370347797870636,-0.010260109789669514,0.2797224223613739,0.387070894241333,-0.008155491203069687,0.2826058268547058,0.4011908769607544,-0.004905764013528824,0.6772409677505493,0.8175016045570374,7.647378197361832e-08,0.6633014678955078,0.844039797782898,-0.002814373467117548,0.6617259979248047,0.8681281805038452,-0.0047951373271644115,0.665719211101532,0.8921387791633606,-0.006245323456823826,0.6685701608657837,0.9101985096931458,-0.007128206547349691,0.680601954460144,0.8790992498397827,-0.005232742987573147,0.6792734861373901,0.9157030582427979,-0.008078929036855698,0.672263503074646,0.9224462509155273,-0.009396148845553398,0.6678919792175293,0.9214746952056885,-0.009560223668813705,0.6903589963912964,0.8766306638717651,-0.004139256197959185,0.6866852641105652,0.9128110408782959,-0.005900228396058083,0.6797464489936829,0.9145941138267517,-0.006180944852530956,0.6761595606803894,0.9075407385826111,-0.006536852102726698,0.6965736150741577,0.8741002678871155,-0.0030460073612630367,0.6916798949241638,0.9083120822906494,-0.0036783667746931314,0.6860319375991821,0.9096304178237915,-0.0022174313198775053,0.6836970448493958,0.9019650220870972,-0.0013743180315941572,0.6999294757843018,0.8725824952125549,-0.0021638101898133755,0.6966488361358643,0.9017111659049988,-0.0019558912608772516,0.6911965012550354,0.9048380255699158,-0.0002880371466744691,0.6883405447006226,0.8996699452400208,0.0009727216092869639
36,0.2989896535873413,0.44618526101112366,-1.0833140606791858e-07,0.31479495763778687,0.4226504862308502,-0.004731876775622368,0.32323113083839417,0.39155223965644836,-0.006201801355928183,0.32478636503219604,0.36387720704078674,-0.007836594246327877,0.32815662026405334,0.3430045247077942,-0.00893243495374918,0.31041088700294495,0.37561163306236267,-0.0021342558320611715,0.3101238012313843,0.36193546652793884,-0.009954818524420261,0.30931559205055237,0.38491371273994446,-0.014569830149412155,0.30898910760879517,0.4048992991447449,-0.016025375574827194,0.29877784848213196,0.37702950835227966,-0.002137900097295642,0.2975670397281647,0.3629467189311981,-0.01045322883874178,0.2993219792842865,0.3890632092952728,-0.012634624727070332,0.30090466141700745,0.40936893224716187,-0.012119241058826447,0.2882617712020874,0.38058924674987793,-0.0033281028736382723,0.28622880578041077,0.36558014154434204,-0.011531723663210869,0.2902055084705353,0.3910695016384125,-0.009795066900551319,0.29311123490333557,0.410251259803772,-0.006263986229896545,0.2780376374721527,0.38718539476394653,-0.004892805591225624,0.2758316993713379,0.370347797870636,-0.010260109789669514,0.2797224223613739,0.387070894241333,-0.008155491203069687,0.2826058268547058,0.4011908769607544,-0.004905764013528824,0.6772409677505493,0.8175016045570374,7.647378197361832e-08,0.6633014678955078,0.844039797782898,-0.002814373467117548,0.6617259979248047,0.8681281805038452,-0.0047951373271644115,0.665719211101532,0.8921387791633606,-0.006245323456823826,0.6685701608657837,0.9101985096931458,-0.007128206547349691,0.680601954460144,0.8790992498397827,-0.005232742987573147,0.6792734861373901,0.9157030582427979,-0.008078929036855698,0.672263503074646,0.9224462509155273,-0.009396148845553398,0.6678919792175293,0.9214746952056885,-0.009560223668813705,0.6903589963912964,0.8766306638717651,-0.004139256197959185,0.6866852641105652,0.9128110408782959,-0.005900228396058083,0.6797464489936829,0.9145941138267517,-0.006180944852530956,0.6761595606803894,0.9075407385826111,-0.006536852102726698,0.6965736150741577,0.8741002678871155,-0.0030460073612630367,0.6916798949241638,0.9083120822906494,-0.0036783667746931314,0.6860319375991821,0.9096304178237915,-0.0022174313198775053,0.6836970448493958,0.9019650220870972,-0.0013743180315941572,0.6999294757843018,0.8725824952125549,-0.0021638101898133755,0.6966488361358643,0.9017111659049988,-0.0019558912608772516,0.6911965012550354,0.9048380255699158,-0.0002880371466744691,0.6883405447006226,0.8996699452400208,0.0009727216092869639
37,0.2994806170463562,0.44646787643432617,-1.0548164652846026e-07,0.31470024585723877,0.4234110116958618,-0.005796442739665508,0.3228582739830017,0.3923649489879608,-0.007812256924808025,0.3242892622947693,0.36439377069473267,-0.009610949084162712,0.32806161046028137,0.3438127040863037,-0.010693198069930077,0.3103463053703308,0.3780643045902252,-0.0036921158898621798,0.3101825416088104,0.36376631259918213,-0.011696181260049343,0.30897605419158936,0.3870460093021393,-0.01604168303310871,0.308332234621048,0.40619152784347534,-0.017345111817121506,0.2986217439174652,0.379303902387619,-0.003191681345924735,0.2974039614200592,0.36328113079071045,-0.011590599082410336,0.29880788922309875,0.39028242230415344,-0.013340670615434647,0.30031895637512207,0.4094666838645935,-0.012535862624645233,0.2880633771419525,0.3825155794620514,-0.0039140693843364716,0.2859640121459961,0.3653485178947449,-0.012245754711329937,0.2895648181438446,0.39094841480255127,-0.009961431846022606,0.29218384623527527,0.4086712896823883,-0.006080752704292536,0.2777455449104309,0.3887767493724823,-0.005078213755041361,0.27566367387771606,0.37082380056381226,-0.010458174161612988,0.2795473039150238,0.3878556787967682,-0.008008303120732307,0.2822760045528412,0.40130582451820374,-0.004547166638076305,0.6775001883506775,0.8194804787635803,7.538914559290788e-08,0.6636296510696411,0.8471293449401855,-0.003169332630932331,0.6623786687850952,0.8707056045532227,-0.005479545798152685,0.666773796081543,0.8940568566322327,-0.007242972031235695,0.6691178679466248,0.9113734364509583,-0.008441920392215252,0.6814358234405518,0.8821632266044617,-0.005870105233043432,0.6796207427978516,0.916960597038269,-0.008931378833949566,0.6719590425491333,0.9219953417778015,-0.01051187515258789,0.6672264337539673,0.9197914600372314,-0.010897201485931873,0.6908727884292603,0.8790127038955688,-0.00474943732842803,0.6867719888687134,0.9142050743103027,-0.006690970156341791,0.6793018579483032,0.9155420064926147,-0.0070494296960532665,0.6755896806716919,0.9077371954917908,-0.00755424564704299,0.6963845491409302,0.8758382201194763,-0.0036608767695724964,0.6912922859191895,0.9090582728385925,-0.004498465918004513,0.6853111386299133,0.910017728805542,-0.0032466549891978502,0.6827589869499207,0.9017024040222168,-0.002568486612290144,0.698826014995575,0.8739854097366333,-0.002834836719557643,0.6958506107330322,0.9022900462150574,-0.002872379729524255,0.6900904178619385,0.9052883386611938,-0.0014648601645603776,0.686837375164032,0.8993481397628784,-0.0004191195184830576
38,0.29965680837631226,0.44607189297676086,-1.0535771366448898e-07,0.3145681321620941,0.4234403371810913,-0.005852425005286932,0.3225368559360504,0.3916725814342499,-0.007748248055577278,0.32395124435424805,0.36363908648490906,-0.00944885890930891,0.3275812566280365,0.3430526852607727,-0.01042293943464756,0.3102869689464569,0.37643757462501526,-0.0032603242434561253,0.31010863184928894,0.363006591796875,-0.011276936158537865,0.30910560488700867,0.38696569204330444,-0.015678534284234047,0.3088035583496094,0.40645110607147217,-0.016976550221443176,0.2984534502029419,0.37799471616744995,-0.0026908174622803926,0.29754000902175903,0.36362412571907043,-0.01111479103565216,0.2990504205226898,0.39102861285209656,-0.012886364944279194,0.3007557988166809,0.4103908836841583,-0.012041648849844933,0.28783297538757324,0.38164612650871277,-0.003415564773604274,0.28613027930259705,0.3662613332271576,-0.011833706870675087,0.2898089587688446,0.3918473422527313,-0.009732314385473728,0.29254165291786194,0.40961724519729614,-0.005913416389375925,0.2775309085845947,0.388223260641098,-0.00458507239818573,0.2756865620613098,0.3710639178752899,-0.010045301169157028,0.27956926822662354,0.38797372579574585,-0.007760890759527683,0.28229448199272156,0.4014543890953064,-0.004359221551567316,0.676974356174469,0.8187463283538818,6.522149220700157e-08,0.6632342338562012,0.846979558467865,-0.0023396469186991453,0.6621906161308289,0.8708522915840149,-0.004226376302540302,0.6666744947433472,0.8939815163612366,-0.005787689238786697,0.6686191558837891,0.910581648349762,-0.006742741912603378,0.6804735064506531,0.8822184205055237,-0.0042473808862268925,0.6793900728225708,0.9169914126396179,-0.007049952633678913,0.6720986366271973,0.9206418395042419,-0.008540987968444824,0.6678191423416138,0.9169021844863892,-0.008878301829099655,0.6898810267448425,0.8787627220153809,-0.0035350576508790255,0.6865741610527039,0.9138913154602051,-0.005208196118474007,0.6793368458747864,0.9152812957763672,-0.005613815970718861,0.6755579113960266,0.9076521992683411,-0.006195843685418367,0.695586621761322,0.8754463791847229,-0.002877921564504504,0.6910967230796814,0.9087405204772949,-0.003611502470448613,0.6853272318840027,0.9097611904144287,-0.002433169400319457,0.6827252507209778,0.9017866253852844,-0.0018205606611445546,0.6983776688575745,0.8733479976654053,-0.0024271865841001272,0.6953908205032349,0.9014567732810974,-0.002330169780179858,0.689911425113678,0.903935432434082,-0.0008081412524916232,0.6868910193443298,0.8979771733283997,0.0002952179638668895
39,0.29965680837631226,0.44607189297676086,-1.0535771366448898e-07,0.3145681321620941,0.4234403371810913,-0.005852425005286932,0.3225368559360504,0.3916725814342499,-0.007748248055577278,0.32395124435424805,0.36363908648490906,-0.00944885890930891,0.3275812566280365,0.3430526852607727,-0.01042293943464756,0.3102869689464569,0.37643757462501526,-0.0032603242434561253,0.31010863184928894,0.363006591796875,-0.011276936158537865,0.30910560488700867,0.38696569204330444,-0.015678534284234047,0.3088035583496094,0.40645110607147217,-0.016976550221443176,0.2984534502029419,0.37799471616744995,-0.0026908174622803926,0.29754000902175903,0.36362412571907043,-0.01111479103565216,0.2990504205226898,0.39102861285209656,-0.012886364944279194,0.3007557988166809,0.4103908836841583,-0.012041648849844933,0.28783297538757324,0.38164612650871277,-0.003415564773604274,0.28613027930259705,0.3662613332271576,-0.011833706870675087,0.2898089587688446,0.3918473422527313,-0.009732314385473728,0.29254165291786194,0.40961724519729614,-0.005913416389375925,0.2775309085845947,0.388223260641098,-0.00458507239818573,0.2756865620613098,0.3710639178752899,-0.010045301169157028,0.27956926822662354,0.38797372579574585,-0.007760890759527683,0.28229448199272156,0.4014543890953064,-0.004359221551567316,0.676974356174469,0.8187463283538818,6.522149220700157e-08,0.6632342338562012,0.846979558467865,-0.0023396469186991453,0.6621906161308289,0.8708522915840149,-0.004226376302540302,0.6666744947433472,0.8939815163612366,-0.005787689238786697,0.6686191558837891,0.910581648349762,-0.006742741912603378,0.6804735064506531,0.8822184205055237,-0.0042473808862268925,0.6793900728225708,0.9169914126396179,-0.007049952633678913,0.6720986366271973,0.9206418395042419,-0.008540987968444824,0.6678191423416138,0.9169021844863892,-0.008878301829099655,0.6898810267448425,0.8787627220153809,-0.0035350576508790255,0.6865741610527039,0.9138913154602051,-0.005208196118474007,0.6793368458747864,0.9152812957763672,-0.005613815970718861,0.6755579113960266,0.9076521992683411,-0.006195843685418367,0.695586621761322,0.8754463791847229,-0.002877921564504504,0.6910967230796814,0.9087405204772949,-0.003611502470448613,0.6853272318840027,0.9097611904144287,-0.002433169400319457,0.6827252507209778,0.9017866253852844,-0.0018205606611445546,0.6983776688575745,0.8733479976654053,-0.0024271865841001272,0.6953908205032349,0.9014567732810974,-0.002330169780179858,0.689911425113678,0.903935432434082,-0.0008081412524916232,0.6868910193443298,0.8979771733283997,0.0002952179638668895
40,0.2997160255908966,0.44801461696624756,-1.0713436893183825e-07,0.31441259384155273,0.42458799481391907,-0.0056588188745081425,0.32235783338546753,0.3918740749359131,-0.007656453177332878,0.3238678574562073,0.36340609192848206,-0.009561542421579361,0.3281937837600708,0.34289005398750305,-0.010718394070863724,0.3103717863559723,0.3764459192752838,-0.0029566779267042875,0.3103107810020447,0.3643525540828705,-0.011241297237575054,0.3091598451137543,0.388284832239151,-0.015991248190402985,0.30828893184661865,0.4076831042766571,-0.017529336735606194,0.29851076006889343,0.377932071685791,-0.0026362871285527945,0.29753825068473816,0.36380600929260254,-0.011460719630122185,0.29902660846710205,0.39096540212631226,-0.013592471368610859,0.3003959059715271,0.4109155833721161,-0.012921789661049843,0.2878888249397278,0.3815704584121704,-0.003601055359467864,0.285826176404953,0.36716413497924805,-0.01219424419105053,0.2897661328315735,0.3925226032733917,-0.010284307412803173,0.2926025092601776,0.4103969633579254,-0.006547032855451107,0.27729883790016174,0.3881301283836365,-0.005014828406274319,0.27525004744529724,0.37210792303085327,-0.010538837872445583,0.27979591488838196,0.3888457715511322,-0.008343776687979698,0.28314918279647827,0.40209776163101196,-0.005006514023989439,0.6785116195678711,0.8176382184028625,7.95849288692807e-08,0.6638089418411255,0.8443145751953125,-0.0022706377785652876,0.6624032258987427,0.869846761226654,-0.003785280743613839,0.6669564843177795,0.8945032954216003,-0.0049515096470713615,0.6686634421348572,0.9119120240211487,-0.005542293190956116,0.6808494329452515,0.8804526329040527,-0.0032475334592163563,0.6793385148048401,0.9166333675384521,-0.005805338267236948,0.6724635362625122,0.9227284789085388,-0.007301395758986473,0.6680380702018738,0.9208911061286926,-0.00767352432012558,0.6911378502845764,0.8779223561286926,-0.0024501411244273186,0.6875184178352356,0.9137232899665833,-0.0037509342655539513,0.6804102063179016,0.9178969860076904,-0.004248664248734713,0.6759282350540161,0.9127793312072754,-0.004892495460808277,0.6975149512290955,0.8755810856819153,-0.0017442076932638884,0.6925270557403564,0.9096463918685913,-0.0021723294630646706,0.6866159439086914,0.9135653376579285,-0.001112537458539009,0.6834061741828918,0.9085630178451538,-0.0005941329291090369,0.700474202632904,0.8745535016059875,-0.0012473630486056209,0.696980893611908,0.9035605192184448,-0.0009215156314894557,0.6913246512413025,0.9092860817909241,0.0005865900893695652,0.687818706035614,0.9072263836860657,0.0016711328644305468
