frame,feature_0,feature_1,feature_2,feature_3,feature_4,feature_5,feature_6,feature_7,feature_8,feature_9,feature_10,feature_11,feature_12,feature_13,feature_14,feature_15,feature_16,feature_17,feature_18,feature_19,feature_20,feature_21,feature_22,feature_23,feature_24,feature_25,feature_26,feature_27,feature_28,feature_29,feature_30,feature_31,feature_32,feature_33,feature_34,feature_35,feature_36,feature_37,feature_38,feature_39,feature_40,feature_41,feature_42,feature_43,feature_44,feature_45,feature_46,feature_47,feature_48,feature_49,feature_50,feature_51,feature_52,feature_53,feature_54,feature_55,feature_56,feature_57,feature_58,feature_59,feature_60,feature_61,feature_62,feature_63,feature_64,feature_65,feature_66,feature_67,feature_68,feature_69,feature_70,feature_71,feature_72,feature_73,feature_74,feature_75,feature_76,feature_77,feature_78,feature_79,feature_80,feature_81,feature_82,feature_83,feature_84,feature_85,feature_86,feature_87,feature_88,feature_89,feature_90,feature_91,feature_92,feature_93,feature_94,feature_95,feature_96,feature_97,feature_98,feature_99,feature_100,feature_101,feature_102,feature_103,feature_104,feature_105,feature_106,feature_107,feature_108,feature_109,feature_110,feature_111,feature_112,feature_113,feature_114,feature_115,feature_116,feature_117,feature_118,feature_119,feature_120,feature_121,feature_122,feature_123,feature_124,feature_125
1,0.48463550209999084,0.47515106201171875,3.68211274803798e-08,0.504581868648529,0.47043436765670776,-0.0049371845088899136,0.5160135626792908,0.4471532702445984,-0.0072661698795855045,0.5129848718643188,0.4187859892845154,-0.009714907966554165,0.5019047856330872,0.40198713541030884,-0.013202622532844543,0.5174722671508789,0.3998095691204071,-0.002482851268723607,0.5189204216003418,0.3640866279602051,-0.0072319237515330315,0.5184509754180908,0.3416987359523773,-0.012941326014697552,0.5175143480300903,0.32204464077949524,-0.017308177426457405,0.5085536241531372,0.3952055871486664,-0.004251355305314064,0.5101330876350403,0.3562423288822174,-0.0077635799534618855,0.5103302001953125,0.33124783635139465,-0.013822123408317566,0.5092449188232422,0.31067323684692383,-0.018890928477048874,0.4990697503089905,0.39808371663093567,-0.006704838015139103,0.4994009733200073,0.3601819574832916,-0.011014501564204693,0.5002031326293945,0.33532077074050903,-0.016418730840086937,0.5000519156455994,0.3164544105529785,-0.0203077495098114,0.48767736554145813,0.40511173009872437,-0.009635868482291698,0.4874919354915619,0.3738487958908081,-0.013789843767881393,0.48825547099113464,0.3531656861305237,-0.016138825565576553,0.4888596832752228,0.3359057605266571,-0.01796487718820572,0.642086923122406,0.5095765590667725,1.9945041174196376e-08,0.6394039392471313,0.4739750325679779,-0.004746878053992987,0.6359947323799133,0.4352869689464569,-0.004510536789894104,0.6374739408493042,0.40523406863212585,-0.004769918043166399,0.641318678855896,0.3873952329158783,-0.004614272620528936,0.6315574049949646,0.4076822102069855,0.00647576991468668,0.6269453763961792,0.37250781059265137,0.002862954279407859,0.6253771185874939,0.3494923710823059,-0.001994314370676875,0.6246017813682556,0.3288305997848511,-0.005715274717658758,0.6379583477973938,0.4043383300304413,0.005962849594652653,0.6349918842315674,0.3663158416748047,0.002718808827921748,0.6335031390190125,0.34148064255714417,-0.0017253643600270152,0.631679356098175,0.3202683627605438,-0.004799962043762207,0.6445915699005127,0.40758517384529114,0.003807768691331148,0.6427873373031616,0.3716609477996826,-0.00024146305804606527,0.6412377953529358,0.3496081829071045,-0.0033821992110460997,0.6387248635292053,0.33101779222488403,-0.004851084668189287,0.6517861485481262,0.4174712300300598,0.0008473556372337043,0.6533921957015991,0.38873252272605896,-0.002006933558732271,0.6530663967132568,0.3694736659526825,-0.002584679052233696,0.6517041325569153,0.352629154920578,-0.0025442696642130613
2,0.48778295516967773,0.4842679500579834,6.310273903409325e-08,0.5049299597740173,0.47502070665359497,-0.00512465788051486,0.5163745284080505,0.44687241315841675,-0.006580894347280264,0.5133880376815796,0.41700971126556396,-0.00785249937325716,0.5025568008422852,0.4002712368965149,-0.009959436021745205,0.5158877372741699,0.4020014703273773,-0.0014460845850408077,0.5165994167327881,0.36661434173583984,-0.004673028364777565,0.5162376761436462,0.34281086921691895,-0.009379583410918713,0.515083372592926,0.3219216465950012,-0.013247092254459858,0.5070298910140991,0.3985825777053833,-0.0027381025720387697,0.5082745552062988,0.3603721559047699,-0.00481138052418828,0.5089638829231262,0.3336856961250305,-0.010289994068443775,0.5076125860214233,0.31011679768562317,-0.014990347437560558,0.49805113673210144,0.40238210558891296,-0.004680005833506584,0.4977499544620514,0.3659569025039673,-0.008126788772642612,0.4984506666660309,0.34071680903434753,-0.013275879435241222,0.4976396858692169,0.32004913687705994,-0.016951095312833786,0.48680824041366577,0.41037261486053467,-0.00713320542126894,0.4863891303539276,0.37960147857666016,-0.010912060737609863,0.4869266152381897,0.3590291738510132,-0.013230139389634132,0.4867568612098694,0.34120988845825195,-0.014965249225497246,0.6367784738540649,0.508193850517273,-5.2454606630503164e-11,0.6419894099235535,0.4742143154144287,-0.0016634146450087428,0.6414324641227722,0.4373830258846283,-0.0013197405496612191,0.6387263536453247,0.4068637192249298,-0.0019393268739804626,0.6373662352561951,0.3864073157310486,-0.0026858756318688393,0.6374516487121582,0.408640593290329,0.005256520584225655,0.6330968141555786,0.37038302421569824,0.0012312635080888867,0.6305428147315979,0.3456827700138092,-0.003727531526237726,0.6282708048820496,0.32450342178344727,-0.007324519567191601,0.6366538405418396,0.40563473105430603,0.0030609704554080963,0.6335805654525757,0.364043653011322,-0.0006821727147325873,0.631849467754364,0.33654317259788513,-0.0051249233074486256,0.6294556260108948,0.3145999312400818,-0.008212585933506489,0.6361876130104065,0.408284068107605,-0.0002544414019212127,0.6341602206230164,0.36782124638557434,-0.004222108982503414,0.6335271000862122,0.34241983294487,-0.007247181609272957,0.6316030025482178,0.3229050636291504,-0.008777841925621033,0.6361899375915527,0.41723573207855225,-0.0040040817111730576,0.6375771164894104,0.384269118309021,-0.007330473978072405,0.6379569172859192,0.36210328340530396,-0.008282299153506756,0.637423574924469,0.34329354763031006,-0.008513527922332287
3,0.48778295516967773,0.4842679500579834,6.310273903409325e-08,0.5049299597740173,0.47502070665359497,-0.00512465788051486,0.5163745284080505,0.44687241315841675,-0.006580894347280264,0.5133880376815796,0.41700971126556396,-0.00785249937325716,0.5025568008422852,0.4002712368965149,-0.009959436021745205,0.5158877372741699,0.4020014703273773,-0.0014460845850408077,0.5165994167327881,0.36661434173583984,-0.004673028364777565,0.5162376761436462,0.34281086921691895,-0.009379583410918713,0.515083372592926,0.3219216465950012,-0.013247092254459858,0.5070298910140991,0.3985825777053833,-0.0027381025720387697,0.5082745552062988,0.3603721559047699,-0.00481138052418828,0.5089638829231262,0.3336856961250305,-0.010289994068443775,0.5076125860214233,0.31011679768562317,-0.014990347437560558,0.49805113673210144,0.40238210558891296,-0.004680005833506584,0.4977499544620514,0.3659569025039673,-0.008126788772642612,0.4984506666660309,0.34071680903434753,-0.013275879435241222,0.4976396858692169,0.32004913687705994,-0.016951095312833786,0.48680824041366577,0.41037261486053467,-0.00713320542126894,0.4863891303539276,0.37960147857666016,-0.010912060737609863,0.4869266152381897,0.3590291738510132,-0.013230139389634132,0.4867568612098694,0.34120988845825195,-0.014965249225497246,0.6367784738540649,0.508193850517273,-5.2454606630503164e-11,0.6419894099235535,0.4742143154144287,-0.0016634146450087428,0.6414324641227722,0.4373830258846283,-0.0013197405496612191,0.6387263536453247,0.4068637192249298,-0.0019393268739804626,0.6373662352561951,0.3864073157310486,-0.0026858756318688393,0.6374516487121582,0.408640593290329,0.005256520584225655,0.6330968141555786,0.37038302421569824,0.0012312635080888867,0.6305428147315979,0.3456827700138092,-0.003727531526237726,0.6282708048820496,0.32450342178344727,-0.007324519567191601,0.6366538405418396,0.40563473105430603,0.0030609704554080963,0.6335805654525757,0.364043653011322,-0.0006821727147325873,0.631849467754364,0.33654317259788513,-0.0051249233074486256,0.6294556260108948,0.3145999312400818,-0.008212585933506489,0.6361876130104065,0.408284068107605,-0.0002544414019212127,0.6341602206230164,0.36782124638557434,-0.004222108982503414,0.6335271000862122,0.34241983294487,-0.007247181609272957,0.6316030025482178,0.3229050636291504,-0.008777841925621033,0.6361899375915527,0.41723573207855225,-0.0040040817111730576,0.6375771164894104,0.384269118309021,-0.007330473978072405,0.6379569172859192,0.36210328340530396,-0.008282299153506756,0.637423574924469,0.34329354763031006,-0.008513527922332287
4,0.4839733839035034,0.5176525115966797,2.304248347684279e-08,0.5006208419799805,0.5076287984848022,-0.006107985973358154,0.5113457441329956,0.4754503667354584,-0.007382618263363838,0.5091189742088318,0.4454343914985657,-0.008495884016156197,0.5006715655326843,0.42707788944244385,-0.009737392887473106,0.5121103525161743,0.432608038187027,-0.001377589302137494,0.5149665474891663,0.39473843574523926,-0.005965788848698139,0.5146529078483582,0.3706592917442322,-0.011164963245391846,0.5130207538604736,0.3504253625869751,-0.015005606226623058,0.5020533800125122,0.4248864948749542,-0.0021025685127824545,0.504141092300415,0.3826141357421875,-0.0056542158126831055,0.5044524669647217,0.3542519509792328,-0.010803944431245327,0.5032209157943726,0.33152875304222107,-0.014725843444466591,0.49191898107528687,0.4250144958496094,-0.003929825033992529,0.49415016174316406,0.3857719898223877,-0.007847671397030354,0.49464380741119385,0.36111676692962646,-0.012534469366073608,0.4937106966972351,0.34089934825897217,-0.015700366348028183,0.48089566826820374,0.4321252703666687,-0.006446593441069126,0.482101708650589,0.4014345109462738,-0.010131465271115303,0.4828851521015167,0.38333022594451904,-0.01244280394166708,0.4829339385032654,0.36802613735198975,-0.014001136645674706,0.6374287605285645,0.5213030576705933,-2.3355881673126078e-09,0.6236496567726135,0.493203341960907,-0.008336524479091167,0.618455708026886,0.45618686079978943,-0.010114322416484356,0.6255351305007935,0.42434656620025635,-0.011464842595160007,0.635377824306488,0.40818890929222107,-0.012256409041583538,0.6198089718818665,0.4181414544582367,-0.0005684508359991014,0.6152617335319519,0.37596574425697327,-0.004719781689345837,0.6141546964645386,0.349704384803772,-0.008943446911871433,0.6140277981758118,0.3274586796760559,-0.012479988858103752,0.6300657987594604,0.4123110771179199,0.00023292211699299514,0.6265219449996948,0.3663291931152344,-0.003322351723909378,0.6245301365852356,0.3373444080352783,-0.0074612353928387165,0.6221519708633423,0.31362229585647583,-0.010619687847793102,0.6399707198143005,0.41453486680984497,-0.0005141248693689704,0.6361068487167358,0.3722383677959442,-0.004871984012424946,0.6334813833236694,0.3460496962070465,-0.008917384780943394,0.630637526512146,0.32421794533729553,-0.011681152507662773,0.6497994661331177,0.42405378818511963,-0.002277768449857831,0.6487160921096802,0.3934195041656494,-0.006094242446124554,0.6468287706375122,0.3748301863670349,-0.00811112392693758,0.644675612449646,0.35957932472229004,-0.009502191096544266
5,0.4839733839035034,0.5176525115966797,2.304248347684279e-08,0.5006208419799805,0.5076287984848022,-0.006107985973358154,0.5113457441329956,0.4754503667354584,-0.007382618263363838,0.5091189742088318,0.4454343914985657,-0.008495884016156197,0.5006715655326843,0.42707788944244385,-0.009737392887473106,0.5121103525161743,0.432608038187027,-0.001377589302137494,0.5149665474891663,0.39473843574523926,-0.005965788848698139,0.5146529078483582,0.3706592917442322,-0.011164963245391846,0.5130207538604736,0.3504253625869751,-0.015005606226623058,0.5020533800125122,0.4248864948749542,-0.0021025685127824545,0.504141092300415,0.3826141357421875,-0.0056542158126831055,0.5044524669647217,0.3542519509792328,-0.010803944431245327,0.5032209157943726,0.33152875304222107,-0.014725843444466591,0.49191898107528687,0.4250144958496094,-0.003929825033992529,0.49415016174316406,0.3857719898223877,-0.007847671397030354,0.49464380741119385,0.36111676692962646,-0.012534469366073608,0.4937106966972351,0.34089934825897217,-0.015700366348028183,0.48089566826820374,0.4321252703666687,-0.006446593441069126,0.482101708650589,0.4014345109462738,-0.010131465271115303,0.4828851521015167,0.38333022594451904,-0.01244280394166708,0.4829339385032654,0.36802613735198975,-0.014001136645674706,0.6374287605285645,0.5213030576705933,-2.3355881673126078e-09,0.6236496567726135,0.493203341960907,-0.008336524479091167,0.618455708026886,0.45618686079978943,-0.010114322416484356,0.6255351305007935,0.42434656620025635,-0.011464842595160007,0.635377824306488,0.40818890929222107,-0.012256409041583538,0.6198089718818665,0.4181414544582367,-0.0005684508359991014,0.6152617335319519,0.37596574425697327,-0.004719781689345837,0.6141546964645386,0.349704384803772,-0.008943446911871433,0.6140277981758118,0.3274586796760559,-0.012479988858103752,0.6300657987594604,0.4123110771179199,0.00023292211699299514,0.6265219449996948,0.3663291931152344,-0.003322351723909378,0.6245301365852356,0.3373444080352783,-0.0074612353928387165,0.6221519708633423,0.31362229585647583,-0.010619687847793102,0.6399707198143005,0.41453486680984497,-0.0005141248693689704,0.6361068487167358,0.3722383677959442,-0.004871984012424946,0.6334813833236694,0.3460496962070465,-0.008917384780943394,0.630637526512146,0.32421794533729553,-0.011681152507662773,0.6497994661331177,0.42405378818511963,-0.002277768449857831,0.6487160921096802,0.3934195041656494,-0.006094242446124554,0.6468287706375122,0.3748301863670349,-0.00811112392693758,0.644675612449646,0.35957932472229004,-0.009502191096544266
6,0.4742487072944641,0.5117510557174683,3.177295582190709e-08,0.49177873134613037,0.503203809261322,-0.007283044047653675,0.5037891268730164,0.47192126512527466,-0.009784831665456295,0.49916407465934753,0.4403824806213379,-0.01181763969361782,0.48729944229125977,0.42280665040016174,-0.014045742340385914,0.5045918226242065,0.4273010194301605,-0.005549779627472162,0.5092088580131531,0.38559427857398987,-0.0114662516862154,0.5091341137886047,0.3597376346588135,-0.016971629112958908,0.5066751837730408,0.3387691378593445,-0.020763350650668144,0.4935956299304962,0.41748520731925964,-0.006044041831046343,0.497717946767807,0.37175339460372925,-0.010576426982879639,0.49766504764556885,0.3419792652130127,-0.015553812496364117,0.49553531408309937,0.318543940782547,-0.019102612510323524,0.48260876536369324,0.4166897237300873,-0.0074618165381252766,0.4858437478542328,0.3741614818572998,-0.011256351135671139,0.48651576042175293,0.34862032532691956,-0.015075715258717537,0.485716313123703,0.3278384208679199,-0.017730051651597023,0.47052475810050964,0.4232587516307831,-0.00968022271990776,0.47235360741615295,0.3921853005886078,-0.013035332784056664,0.4732682406902313,0.372557133436203,-0.014577374793589115,0.473378449678421,0.3562120795249939,-0.015513766556978226,0.6301419734954834,0.5333686470985413,2.7170576899493426e-08,0.6147420406341553,0.5006152987480164,-0.006326836999505758,0.6085264086723328,0.46234840154647827,-0.007670488208532333,0.6177451610565186,0.43427616357803345,-0.009177201427519321,0.6304032802581787,0.42370137572288513,-0.010082487016916275,0.6078328490257263,0.4244544804096222,0.002145482925698161,0.6050941348075867,0.38207054138183594,-0.0020551225170493126,0.6053182482719421,0.35645347833633423,-0.006552755832672119,0.6059386730194092,0.33496779203414917,-0.01016125176101923,0.619200587272644,0.4197896420955658,0.001585229067131877,0.6173930168151855,0.37391000986099243,-0.0018887262558564544,0.6169120669364929,0.3435477316379547,-0.006172908004373312,0.6160613894462585,0.3184814453125,-0.009363021701574326,0.6304345726966858,0.42371734976768494,-0.0005597114795818925,0.6288782358169556,0.3815290331840515,-0.004404474049806595,0.6278350949287415,0.35462045669555664,-0.008327782154083252,0.626321017742157,0.3320651054382324,-0.011034658178687096,0.6419704556465149,0.43549036979675293,-0.0036460126284509897,0.6423290967941284,0.4052850008010864,-0.006812698673456907,0.6413138508796692,0.3848596513271332,-0.008521254174411297,0.6400558352470398,0.36761221289634705,-0.009701780043542385
7,0.4742487072944641,0.5117510557174683,3.177295582190709e-08,0.49177873134613037,0.503203809261322,-0.007283044047653675,0.5037891268730164,0.47192126512527466,-0.009784831665456295,0.49916407465934753,0.4403824806213379,-0.01181763969361782,0.48729944229125977,0.42280665040016174,-0.014045742340385914,0.5045918226242065,0.4273010194301605,-0.005549779627472162,0.5092088580131531,0.38559427857398987,-0.0114662516862154,0.5091341137886047,0.3597376346588135,-0.016971629112958908,0.5066751837730408,0.3387691378593445,-0.020763350650668144,0.4935956299304962,0.41748520731925964,-0.006044041831046343,0.497717946767807,0.37175339460372925,-0.010576426982879639,0.49766504764556885,0.3419792652130127,-0.015553812496364117,0.49553531408309937,0.318543940782547,-0.019102612510323524,0.48260876536369324,0.4166897237300873,-0.0074618165381252766,0.4858437478542328,0.3741614818572998,-0.011256351135671139,0.48651576042175293,0.34862032532691956,-0.015075715258717537,0.485716313123703,0.3278384208679199,-0.017730051651597023,0.47052475810050964,0.4232587516307831,-0.00968022271990776,0.47235360741615295,0.3921853005886078,-0.013035332784056664,0.4732682406902313,0.372557133436203,-0.014577374793589115,0.473378449678421,0.3562120795249939,-0.015513766556978226,0.6301419734954834,0.5333686470985413,2.7170576899493426e-08,0.6147420406341553,0.5006152987480164,-0.006326836999505758,0.6085264086723328,0.46234840154647827,-0.007670488208532333,0.6177451610565186,0.43427616357803345,-0.009177201427519321,0.6304032802581787,0.42370137572288513,-0.010082487016916275,0.6078328490257263,0.4244544804096222,0.002145482925698161,0.6050941348075867,0.38207054138183594,-0.0020551225170493126,0.6053182482719421,0.35645347833633423,-0.006552755832672119,0.6059386730194092,0.33496779203414917,-0.01016125176101923,0.619200587272644,0.4197896420955658,0.001585229067131877,0.6173930168151855,0.37391000986099243,-0.0018887262558564544,0.6169120669364929,0.3435477316379547,-0.006172908004373312,0.6160613894462585,0.3184814453125,-0.009363021701574326,0.6304345726966858,0.42371734976768494,-0.0005597114795818925,0.6288782358169556,0.3815290331840515,-0.004404474049806595,0.6278350949287415,0.35462045669555664,-0.008327782154083252,0.626321017742157,0.3320651054382324,-0.011034658178687096,0.6419704556465149,0.43549036979675293,-0.0036460126284509897,0.6423290967941284,0.4052850008010864,-0.006812698673456907,0.6413138508796692,0.3848596513271332,-0.008521254174411297,0.6400558352470398,0.36761221289634705,-0.009701780043542385
8,0.4661477208137512,0.5001624822616577,1.119604764454607e-08,0.4829062819480896,0.49100345373153687,-0.007499623112380505,0.4926827549934387,0.4582517445087433,-0.009774943813681602,0.48599866032600403,0.4275219142436981,-0.01152728870511055,0.4732126295566559,0.41372931003570557,-0.013534782454371452,0.4935995638370514,0.4093676209449768,-0.004891207441687584,0.49732035398483276,0.37021374702453613,-0.009863724000751972,0.4966110587120056,0.3492797315120697,-0.014760843478143215,0.49496951699256897,0.33155035972595215,-0.018438080325722694,0.48179376125335693,0.40017783641815186,-0.005833139177411795,0.48524975776672363,0.35643061995506287,-0.009494230151176453,0.48505955934524536,0.33005213737487793,-0.014026748947799206,0.4840719997882843,0.3098079264163971,-0.01753704436123371,0.46970894932746887,0.40111857652664185,-0.00784703902900219,0.47305142879486084,0.35867074131965637,-0.011809936724603176,0.4733749032020569,0.3342679440975189,-0.016048137098550797,0.4732156991958618,0.31445279717445374,-0.019096000120043755,0.45615819096565247,0.4103233516216278,-0.010606001131236553,0.457339346408844,0.37940284609794617,-0.01450384221971035,0.45852479338645935,0.36094215512275696,-0.01622425578534603,0.4601885676383972,0.3451613187789917,-0.01738637499511242,0.620762050151825,0.5263274312019348,5.673566150221632e-08,0.6040347218513489,0.49781227111816406,-0.0059663536958396435,0.5980449914932251,0.4595518410205841,-0.00853599701076746,0.6086891889572144,0.4309009313583374,-0.011131246574223042,0.6225862503051758,0.4229532480239868,-0.013235170394182205,0.5991761684417725,0.41889688372612,-0.0020035787019878626,0.5972956418991089,0.3748144209384918,-0.007240990176796913,0.5976407527923584,0.347695529460907,-0.011978446505963802,0.5985945463180542,0.3249366283416748,-0.015713170170783997,0.6115036606788635,0.4158342480659485,-0.003424613969400525,0.6102111339569092,0.36840903759002686,-0.0077652703039348125,0.6098580360412598,0.3369492292404175,-0.01226006355136633,0.6095675230026245,0.3102937340736389,-0.015580535866320133,0.6234119534492493,0.4211474657058716,-0.006001581437885761,0.6229259967803955,0.3782132863998413,-0.010160664096474648,0.6215146780014038,0.35084837675094604,-0.01408050674945116,0.6195674538612366,0.328163743019104,-0.01680971309542656,0.6358786821365356,0.4336254298686981,-0.009420556016266346,0.6369359493255615,0.4020633101463318,-0.013129197061061859,0.6356279850006104,0.3803439140319824,-0.015107139945030212,0.6334273815155029,0.36208903789520264,-0.01634434051811695
9,0.4661477208137512,0.5001624822616577,1.119604764454607e-08,0.4829062819480896,0.49100345373153687,-0.007499623112380505,0.4926827549934387,0.4582517445087433,-0.009774943813681602,0.48599866032600403,0.4275219142436981,-0.01152728870511055,0.4732126295566559,0.41372931003570557,-0.013534782454371452,0.4935995638370514,0.4093676209449768,-0.004891207441687584,0.49732035398483276,0.37021374702453613,-0.009863724000751972,0.4966110587120056,0.3492797315120697,-0.014760843478143215,0.49496951699256897,0.33155035972595215,-0.018438080325722694,0.48179376125335693,0.40017783641815186,-0.005833139177411795,0.48524975776672363,0.35643061995506287,-0.009494230151176453,0.48505955934524536,0.33005213737487793,-0.014026748947799206,0.4840719997882843,0.3098079264163971,-0.01753704436123371,0.46970894932746887,0.40111857652664185,-0.00784703902900219,0.47305142879486084,0.35867074131965637,-0.011809936724603176,0.4733749032020569,0.3342679440975189,-0.016048137098550797,0.4732156991958618,0.31445279717445374,-0.019096000120043755,0.45615819096565247,0.4103233516216278,-0.010606001131236553,0.457339346408844,0.37940284609794617,-0.01450384221971035,0.45852479338645935,0.36094215512275696,-0.01622425578534603,0.4601885676383972,0.3451613187789917,-0.01738637499511242,0.620762050151825,0.5263274312019348,5.673566150221632e-08,0.6040347218513489,0.49781227111816406,-0.0059663536958396435,0.5980449914932251,0.4595518410205841,-0.00853599701076746,0.6086891889572144,0.4309009313583374,-0.011131246574223042,0.6225862503051758,0.4229532480239868,-0.013235170394182205,0.5991761684417725,0.41889688372612,-0.0020035787019878626,0.5972956418991089,0.3748144209384918,-0.007240990176796913,0.5976407527923584,0.347695529460907,-0.011978446505963802,0.5985945463180542,0.3249366283416748,-0.015713170170783997,0.6115036606788635,0.4158342480659485,-0.003424613969400525,0.6102111339569092,0.36840903759002686,-0.0077652703039348125,0.6098580360412598,0.3369492292404175,-0.01226006355136633,0.6095675230026245,0.3102937340736389,-0.015580535866320133,0.6234119534492493,0.4211474657058716,-0.006001581437885761,0.6229259967803955,0.3782132863998413,-0.010160664096474648,0.6215146780014038,0.35084837675094604,-0.01408050674945116,0.6195674538612366,0.328163743019104,-0.01680971309542656,0.6358786821365356,0.4336254298686981,-0.009420556016266346,0.6369359493255615,0.4020633101463318,-0.013129197061061859,0.6356279850006104,0.3803439140319824,-0.015107139945030212,0.6334273815155029,0.36208903789520264,-0.01634434051811695
10,0.4602593779563904,0.500175416469574,2.024749079510002e-08,0.47712963819503784,0.48884838819503784,-0.0073923952877521515,0.48638591170310974,0.456679105758667,-0.01069614291191101,0.47836312651634216,0.4283786416053772,-0.013583269901573658,0.4651324450969696,0.41379424929618835,-0.01664588414132595,0.4884011745452881,0.4082094728946686,-0.006931237410753965,0.4919103682041168,0.3637867271900177,-0.013085052371025085,0.4906891882419586,0.3407132625579834,-0.01818837970495224,0.4881059527397156,0.32244110107421875,-0.021587098017334938,0.475911021232605,0.40100762248039246,-0.007910290732979774,0.478333979845047,0.352706640958786,-0.012099258601665497,0.4774065315723419,0.3245929181575775,-0.016462860628962517,0.47543346881866455,0.3035889267921448,-0.019883517175912857,0.4637010395526886,0.40323588252067566,-0.00987391546368599,0.46556735038757324,0.3598906695842743,-0.013367623090744019,0.4656412899494171,0.3352930247783661,-0.016841258853673935,0.4650062322616577,0.31592363119125366,-0.019535308703780174,0.45075175166130066,0.4124918282032013,-0.012658192776143551,0.4520661234855652,0.3801649510860443,-0.015587354078888893,0.45346570014953613,0.36072298884391785,-0.016712356358766556,0.454784095287323,0.3444393277168274,-0.0175979882478714,0.6193265914916992,0.53201824426651,6.567951515989989e-08,0.6011054515838623,0.5026612281799316,-0.00734686991199851,0.5947838425636292,0.46126753091812134,-0.009909502230584621,0.6052848696708679,0.4288875162601471,-0.012274754233658314,0.6195652484893799,0.42158055305480957,-0.014001915231347084,0.5960416793823242,0.42101508378982544,-0.0017316150479018688,0.5943270325660706,0.3758072257041931,-0.006594155915081501,0.594365119934082,0.34744924306869507,-0.01149408146739006,0.5950961709022522,0.3236781358718872,-0.015592886134982109,0.6087887287139893,0.4171190857887268,-0.0026018701028078794,0.6078653335571289,0.3694615662097931,-0.0066754259169101715,0.6074488162994385,0.3359839916229248,-0.011626532301306725,0.6070989966392517,0.30781906843185425,-0.015420778654515743,0.6209322214126587,0.4221789538860321,-0.0048118107952177525,0.6209017634391785,0.3791966736316681,-0.00880291685461998,0.6199974417686462,0.3503928780555725,-0.01334775798022747,0.6182926893234253,0.3274006247520447,-0.016659008339047432,0.6332257986068726,0.4346460998058319,-0.00804966688156128,0.6344596743583679,0.402055025100708,-0.011630796827375889,0.633060097694397,0.37936538457870483,-0.013951039873063564,0.6307461261749268,0.36145317554473877,-0.01561262458562851
11,0.45825624465942383,0.5105194449424744,2.3762165568541604e-08,0.47324255108833313,0.49920642375946045,-0.00854085199534893,0.48291879892349243,0.46647703647613525,-0.012389946728944778,0.4743143320083618,0.4333694577217102,-0.015552591532468796,0.46085280179977417,0.41674065589904785,-0.018846718594431877,0.4854494333267212,0.4148666262626648,-0.008011323399841785,0.4890994727611542,0.36972999572753906,-0.014376123435795307,0.48767974972724915,0.345066100358963,-0.020047560334205627,0.48496881127357483,0.3250851035118103,-0.024048330262303352,0.4732080101966858,0.40586769580841064,-0.008762269280850887,0.47573143243789673,0.35624122619628906,-0.013200185261666775,0.4751347303390503,0.3276062309741974,-0.018018994480371475,0.4731547236442566,0.305181086063385,-0.021750420331954956,0.46136584877967834,0.40767914056777954,-0.010553531348705292,0.46311429142951965,0.36209216713905334,-0.014527486637234688,0.4639239013195038,0.33732426166534424,-0.018354181200265884,0.4634817838668823,0.3173300325870514,-0.021141227334737778,0.4484863877296448,0.41726958751678467,-0.013265909627079964,0.44949769973754883,0.3818371891975403,-0.016747809946537018,0.4512583017349243,0.36141330003738403,-0.01822938397526741,0.4527921974658966,0.34375467896461487,-0.019277501851320267,0.6140598654747009,0.5249781012535095,4.0715658400358734e-08,0.5975216627120972,0.4979921579360962,-0.007430765312165022,0.5919643044471741,0.4601311981678009,-0.010395555756986141,0.603182315826416,0.4303990602493286,-0.013265879824757576,0.6172176003456116,0.42353740334510803,-0.01567213423550129,0.5937737822532654,0.41988250613212585,-0.0033342260867357254,0.591419517993927,0.37504392862319946,-0.00935310684144497,0.5918458104133606,0.34715649485588074,-0.014446631073951721,0.5929510593414307,0.3243524730205536,-0.01846657134592533,0.6065542697906494,0.4164009690284729,-0.004403454251587391,0.6056464910507202,0.36781516671180725,-0.010021978989243507,0.6055927872657776,0.33474841713905334,-0.015397999435663223,0.6052717566490173,0.30746209621429443,-0.019179081544280052,0.6190566420555115,0.42163747549057007,-0.006754507310688496,0.6186171174049377,0.37729525566101074,-0.012242580763995647,0.6173692941665649,0.34799009561538696,-0.017312994226813316,0.6155828237533569,0.3237365186214447,-0.02066902443766594,0.631923496723175,0.43451768159866333,-0.010020489804446697,0.6323155760765076,0.40169134736061096,-0.014850692823529243,0.6309143304824829,0.37872394919395447,-0.01785467192530632,0.6289617419242859,0.3600260019302368,-0.019799744710326195
12,0.4570976793766022,0.5192300081253052,1.6330270469211428e-08,0.47415879368782043,0.5051661133766174,-0.008411314338445663,0.4856078028678894,0.47042134404182434,-0.011669293977320194,0.4783068597316742,0.43603450059890747,-0.014309822581708431,0.46404674649238586,0.4188902676105499,-0.017010817304253578,0.48653969168663025,0.4192533791065216,-0.006703638006001711,0.49136659502983093,0.37407079339027405,-0.012576746754348278,0.49063292145729065,0.349143922328949,-0.01812032237648964,0.4885253608226776,0.3280637264251709,-0.0222463421523571,0.4745263159275055,0.409866064786911,-0.007413481827825308,0.4777071177959442,0.3599817156791687,-0.011540863662958145,0.47748854756355286,0.33014076948165894,-0.016540924087166786,0.47568559646606445,0.30593204498291016,-0.020655691623687744,0.4627976417541504,0.4115144610404968,-0.009199630469083786,0.4652959704399109,0.3668000102043152,-0.012891419231891632,0.46628278493881226,0.3415306806564331,-0.017133081331849098,0.4656951427459717,0.3206026256084442,-0.020482325926423073,0.4501136541366577,0.42111027240753174,-0.011952171102166176,0.4512566328048706,0.38764476776123047,-0.01530806440860033,0.4531657099723816,0.36715900897979736,-0.017209017649292946,0.4542389214038849,0.34945154190063477,-0.01878935471177101,0.6130097508430481,0.531358003616333,-2.5233568123894656e-08,0.5971815586090088,0.5052871704101562,-0.008587315678596497,0.5911979079246521,0.4654138386249542,-0.010238336399197578,0.6030280590057373,0.43243521451950073,-0.011535901576280594,0.617316722869873,0.4236137270927429,-0.012337997555732727,0.5951364040374756,0.42247921228408813,-0.0006746691651642323,0.5919326543807983,0.37762340903282166,-0.004921428393572569,0.5917575359344482,0.3494996428489685,-0.00923325214534998,0.5925992131233215,0.3255624771118164,-0.013145972974598408,0.6076409220695496,0.41805267333984375,-0.0004120364901609719,0.6053676605224609,0.36740756034851074,-0.004568159580230713,0.6048397421836853,0.33539748191833496,-0.009181417524814606,0.6044066548347473,0.30897265672683716,-0.012736678123474121,0.6193204522132874,0.42320212721824646,-0.001791496411897242,0.6182474493980408,0.37859368324279785,-0.007320205681025982,0.6167867183685303,0.3502604365348816,-0.012708148919045925,0.615363597869873,0.3250979781150818,-0.01629602164030075,0.6311473846435547,0.43681126832962036,-0.004170215222984552,0.6316487193107605,0.40317362546920776,-0.00975409522652626,0.6309195756912231,0.3820357024669647,-0.013514243066310883,0.6300778985023499,0.3635931611061096,-0.016066141426563263
13,0.45830443501472473,0.5208762884140015,2.108939156642009e-08,0.4751977324485779,0.5072253942489624,-0.008108360692858696,0.48697203397750854,0.47256994247436523,-0.011263948865234852,0.479945570230484,0.4380894899368286,-0.0138432327657938,0.4658476412296295,0.4207490086555481,-0.016491791233420372,0.487891286611557,0.42072609066963196,-0.0066975378431379795,0.492800235748291,0.37597817182540894,-0.012429882772266865,0.49242544174194336,0.3508140444755554,-0.017858408391475677,0.49056878685951233,0.3294660449028015,-0.02189977653324604,0.4760133624076843,0.41129550337791443,-0.00754478108137846,0.47926706075668335,0.36147260665893555,-0.011540520936250687,0.4793812334537506,0.33207207918167114,-0.0162650179117918,0.47781839966773987,0.30847012996673584,-0.02008061110973358,0.4644775688648224,0.4127279222011566,-0.00941106490790844,0.4665300250053406,0.36761951446533203,-0.01285054162144661,0.4677742123603821,0.34233278036117554,-0.016697349026799202,0.46734702587127686,0.3217860162258148,-0.019697336480021477,0.45181983709335327,0.4222870171070099,-0.012241289019584656,0.4526849389076233,0.38763460516929626,-0.015222243033349514,0.45451033115386963,0.3665972352027893,-0.01671629399061203,0.4554702043533325,0.34895458817481995,-0.017955316230654716,0.6118360161781311,0.5325787663459778,-2.4874477588809896e-08,0.5970790386199951,0.5058247447013855,-0.008763469755649567,0.5911790132522583,0.466823011636734,-0.011293280869722366,0.6021523475646973,0.43436235189437866,-0.013489597477018833,0.6164634823799133,0.4238540530204773,-0.015220141038298607,0.5953136682510376,0.4246833324432373,-0.0019156025955453515,0.5921643376350403,0.37888064980506897,-0.006880334112793207,0.5919157266616821,0.35018065571784973,-0.0115197179839015,0.5929834842681885,0.3258388638496399,-0.015568526461720467,0.6076897978782654,0.42078742384910583,-0.0017552489880472422,0.6059783101081848,0.36952027678489685,-0.006481893826276064,0.6054696440696716,0.33668506145477295,-0.011341295205056667,0.6050024032592773,0.3102688193321228,-0.015013749711215496,0.619407057762146,0.42602989077568054,-0.0031566605903208256,0.6186842918395996,0.37979137897491455,-0.009186193346977234,0.6171488761901855,0.3508512079715729,-0.014564533717930317,0.6155453324317932,0.3263259530067444,-0.017994213849306107,0.6312295794487,0.43994975090026855,-0.00551346130669117,0.6316134929656982,0.4053146243095398,-0.011537966318428516,0.6303902268409729,0.38310715556144714,-0.015231125988066196,0.6289209723472595,0.3640531301498413,-0.01757105439901352
14,0.4600299298763275,0.5202317833900452,2.9361649112047417e-08,0.47679418325424194,0.5065874457359314,-0.008373676799237728,0.48805662989616394,0.4712614417076111,-0.011509731411933899,0.4805070161819458,0.43734386563301086,-0.013903995044529438,0.46713393926620483,0.4197707772254944,-0.0164115559309721,0.4888283312320709,0.4211273193359375,-0.007640916388481855,0.4925708472728729,0.3758368194103241,-0.01338385883718729,0.4918864071369171,0.34934890270233154,-0.01871303655207157,0.489896684885025,0.32723838090896606,-0.02266647294163704,0.4767058789730072,0.412150114774704,-0.008247406221926212,0.47930073738098145,0.3617804944515228,-0.012293078936636448,0.4792429208755493,0.3316962718963623,-0.016984695568680763,0.4777390956878662,0.30770593881607056,-0.020715486258268356,0.46497127413749695,0.41365480422973633,-0.009814446792006493,0.46688026189804077,0.367652028799057,-0.01339454110711813,0.4679006338119507,0.34240537881851196,-0.017352238297462463,0.4674989581108093,0.32173752784729004,-0.020335454493761063,0.4521033465862274,0.422960489988327,-0.012310818769037724,0.4527667462825775,0.38797351717948914,-0.015559116378426552,0.4542614221572876,0.3670503497123718,-0.017240010201931,0.4551038146018982,0.349539190530777,-0.018509412184357643,0.613249659538269,0.5325108170509338,3.211522159318747e-09,0.5968247056007385,0.5053983926773071,-0.008736864663660526,0.5899494290351868,0.4674859344959259,-0.011379008181393147,0.6009247303009033,0.4352990984916687,-0.01368399616330862,0.6153247952461243,0.42540910840034485,-0.015408413484692574,0.5943360924720764,0.424812376499176,-0.0020548435859382153,0.5919071435928345,0.37867364287376404,-0.0071827867068350315,0.592217206954956,0.3500685393810272,-0.011856378056108952,0.5934648513793945,0.326457679271698,-0.01578376069664955,0.6069285869598389,0.4209212362766266,-0.002039722865447402,0.6050800681114197,0.37170881032943726,-0.006932192947715521,0.6049336194992065,0.3393993675708771,-0.012119892984628677,0.6049574613571167,0.31301575899124146,-0.01594342105090618,0.6188558340072632,0.4263608455657959,-0.003604650730267167,0.6179026365280151,0.3821052014827728,-0.009327506646513939,0.6166626214981079,0.35288605093955994,-0.015022083185613155,0.6155378818511963,0.327637642621994,-0.01875072531402111,0.6310465931892395,0.4400477111339569,-0.006137229967862368,0.6310603022575378,0.40637046098709106,-0.01160955335944891,0.6297127604484558,0.38374897837638855,-0.015422629192471504,0.6282870173454285,0.3642854392528534,-0.017925763502717018
15,0.4606073498725891,0.5164316296577454,2.4872132797781887e-08,0.47764521837234497,0.5037627816200256,-0.008338539861142635,0.48811525106430054,0.46875256299972534,-0.011491796933114529,0.4794453978538513,0.4344398081302643,-0.01405284833163023,0.4652608633041382,0.41902855038642883,-0.016684286296367645,0.4889247417449951,0.4158170521259308,-0.00648833392187953,0.4933014512062073,0.37124383449554443,-0.012177486903965473,0.49262240529060364,0.3463093340396881,-0.01742779091000557,0.4903842806816101,0.3252870440483093,-0.021312233060598373,0.47666671872138977,0.40713343024253845,-0.007228309754282236,0.4795616865158081,0.3568093776702881,-0.011165529489517212,0.47969850897789,0.32781171798706055,-0.015681754797697067,0.47806382179260254,0.3052271604537964,-0.019286703318357468,0.4649621248245239,0.40949738025665283,-0.009079563431441784,0.4663235545158386,0.3643871545791626,-0.012727026827633381,0.46768632531166077,0.3387026786804199,-0.01657068356871605,0.4674312472343445,0.31835615634918213,-0.01943895034492016,0.4523544907569885,0.41982463002204895,-0.011902247555553913,0.4531834125518799,0.38395071029663086,-0.014969706535339355,0.4549732506275177,0.3631521761417389,-0.01634334959089756,0.455917626619339,0.34606969356536865,-0.017467886209487915,0.6131821870803833,0.533698558807373,-3.1726759885941647e-08,0.5957017540931702,0.5062158703804016,-0.007533388212323189,0.588977575302124,0.46773001551628113,-0.009357928298413754,0.5995784997940063,0.43475329875946045,-0.011125451885163784,0.6132727265357971,0.42312484979629517,-0.012242077849805355,0.5936598181724548,0.42415091395378113,0.0003405775350984186,0.5919000506401062,0.37701520323753357,-0.003710949094966054,0.5925856828689575,0.3506467342376709,-0.00790851004421711,0.5939380526542664,0.3278064727783203,-0.011541569605469704,0.6062883138656616,0.42020127177238464,2.2077347239246592e-05,0.605228066444397,0.3684637248516083,-0.0035879327915608883,0.6053794026374817,0.3370271325111389,-0.008172829635441303,0.6056081056594849,0.311107873916626,-0.01178327202796936,0.6181463003158569,0.42534440755844116,-0.0018606564262881875,0.6176576614379883,0.37948113679885864,-0.006541023496538401,0.6167053580284119,0.35161447525024414,-0.011514781974256039,0.615594744682312,0.3271034359931946,-0.014954324811697006,0.6305468082427979,0.43821361660957336,-0.004695947282016277,0.6315943598747253,0.40442296862602234,-0.009091594256460667,0.6303152441978455,0.3826460838317871,-0.01207310426980257,0.6287717819213867,0.36365407705307007,-0.01419663056731224
16,0.45812103152275085,0.518082320690155,2.2360472584637137e-08,0.47550851106643677,0.5054802298545837,-0.007135462015867233,0.4870704412460327,0.46957793831825256,-0.00918649323284626,0.48047810792922974,0.43606308102607727,-0.010779645293951035,0.4674607813358307,0.4182847738265991,-0.012468668632209301,0.4886360168457031,0.4177912175655365,-0.004412767011672258,0.4928230345249176,0.37151265144348145,-0.009300957433879375,0.4924132823944092,0.3447961211204529,-0.014272867701947689,0.4904271066188812,0.32364699244499207,-0.01795443519949913,0.4766315519809723,0.40908002853393555,-0.00523429736495018,0.47935616970062256,0.35892313718795776,-0.008425581268966198,0.4795868694782257,0.32906460762023926,-0.013074852526187897,0.47816625237464905,0.3055945634841919,-0.016893822699785233,0.46486926078796387,0.41014793515205383,-0.00711069954559207,0.46688389778137207,0.3643164336681366,-0.010316936299204826,0.46783462166786194,0.3383195102214813,-0.014625073410570621,0.4672596752643585,0.316768079996109,-0.017865484580397606,0.4519893527030945,0.4189073443412781,-0.009830365888774395,0.4528973400592804,0.38318300247192383,-0.012930638156831264,0.4545954465866089,0.36178773641586304,-0.014961935579776764,0.45578956604003906,0.343359112739563,-0.016542626544833183,0.609373927116394,0.5296697020530701,-5.087188625907402e-08,0.5950791835784912,0.5034924745559692,-0.009027542546391487,0.5898886919021606,0.4642634689807892,-0.01116800308227539,0.6005575060844421,0.43300366401672363,-0.012726645916700363,0.61374831199646,0.42215394973754883,-0.013806247152388096,0.5954684615135193,0.42325425148010254,-0.0026632912922650576,0.5917677879333496,0.3776072859764099,-0.007412036415189505,0.5914449095726013,0.3507026731967926,-0.011817253194749355,0.5924836993217468,0.3280583620071411,-0.01565946824848652,0.6071057915687561,0.41947221755981445,-0.0020997512619942427,0.6050904393196106,0.3677788972854614,-0.006588697899132967,0.6042823195457458,0.33579057455062866,-0.011158554814755917,0.6036347150802612,0.31073808670043945,-0.014669363386929035,0.6177470088005066,0.4246693253517151,-0.0030871557537466288,0.616740882396698,0.377859890460968,-0.00926278717815876,0.615338146686554,0.34917116165161133,-0.01478337962180376,0.6143065690994263,0.32456082105636597,-0.01835525594651699,0.6285547614097595,0.4384193420410156,-0.004989416338503361,0.6293421983718872,0.4046177864074707,-0.011361667886376381,0.6285752058029175,0.3835788071155548,-0.015360240824520588,0.6277292370796204,0.36498498916625977,-0.017971068620681763
17,0.45812103152275085,0.518082320690155,2.2360472584637137e-08,0.47550851106643677,0.5054802298545837,-0.007135462015867233,0.4870704412460327,0.46957793831825256,-0.00918649323284626,0.48047810792922974,0.43606308102607727,-0.010779645293951035,0.4674607813358307,0.4182847738265991,-0.012468668632209301,0.4886360168457031,0.4177912175655365,-0.004412767011672258,0.4928230345249176,0.37151265144348145,-0.009300957433879375,0.4924132823944092,0.3447961211204529,-0.014272867701947689,0.4904271066188812,0.32364699244499207,-0.01795443519949913,0.4766315519809723,0.40908002853393555,-0.00523429736495018,0.47935616970062256,0.35892313718795776,-0.008425581268966198,0.4795868694782257,0.32906460762023926,-0.013074852526187897,0.47816625237464905,0.3055945634841919,-0.016893822699785233,0.46486926078796387,0.41014793515205383,-0.00711069954559207,0.46688389778137207,0.3643164336681366,-0.010316936299204826,0.46783462166786194,0.3383195102214813,-0.014625073410570621,0.4672596752643585,0.316768079996109,-0.017865484580397606,0.4519893527030945,0.4189073443412781,-0.009830365888774395,0.4528973400592804,0.38318300247192383,-0.012930638156831264,0.4545954465866089,0.36178773641586304,-0.014961935579776764,0.45578956604003906,0.343359112739563,-0.016542626544833183,0.609373927116394,0.5296697020530701,-5.087188625907402e-08,0.5950791835784912,0.5034924745559692,-0.009027542546391487,0.5898886919021606,0.4642634689807892,-0.01116800308227539,0.6005575060844421,0.43300366401672363,-0.012726645916700363,0.61374831199646,0.42215394973754883,-0.013806247152388096,0.5954684615135193,0.42325425148010254,-0.0026632912922650576,0.5917677879333496,0.3776072859764099,-0.007412036415189505,0.5914449095726013,0.3507026731967926,-0.011817253194749355,0.5924836993217468,0.3280583620071411,-0.01565946824848652,0.6071057915687561,0.41947221755981445,-0.0020997512619942427,0.6050904393196106,0.3677788972854614,-0.006588697899132967,0.6042823195457458,0.33579057455062866,-0.011158554814755917,0.6036347150802612,0.31073808670043945,-0.014669363386929035,0.6177470088005066,0.4246693253517151,-0.0030871557537466288,0.616740882396698,0.377859890460968,-0.00926278717815876,0.615338146686554,0.34917116165161133,-0.01478337962180376,0.6143065690994263,0.32456082105636597,-0.01835525594651699,0.6285547614097595,0.4384193420410156,-0.004989416338503361,0.6293421983718872,0.4046177864074707,-0.011361667886376381,0.6285752058029175,0.3835788071155548,-0.015360240824520588,0.6277292370796204,0.36498498916625977,-0.017971068620681763
18,0.45702049136161804,0.5181276202201843,3.4041079288726905e-08,0.4738522469997406,0.5038442611694336,-0.008832447230815887,0.4849179983139038,0.46961525082588196,-0.012366238981485367,0.4778039753437042,0.4361814558506012,-0.015163282863795757,0.46402326226234436,0.4180169105529785,-0.01799860969185829,0.4866187274456024,0.41653114557266235,-0.007448951713740826,0.4902208149433136,0.369951069355011,-0.012981938198208809,0.4895596206188202,0.3430737853050232,-0.01826041378080845,0.4878790080547333,0.3204551339149475,-0.022295517846941948,0.4742174744606018,0.4076690375804901,-0.007947506383061409,0.4764380156993866,0.3565738797187805,-0.011943529359996319,0.4762001037597656,0.32612788677215576,-0.016789419576525688,0.4743816554546356,0.3020976185798645,-0.020743975415825844,0.46214672923088074,0.4095326364040375,-0.009482314810156822,0.4636228084564209,0.3636077642440796,-0.013122139498591423,0.46426722407341003,0.3376927673816681,-0.017400620505213737,0.4634440541267395,0.31654930114746094,-0.020684562623500824,0.4493573009967804,0.4192207455635071,-0.012007107026875019,0.4501171112060547,0.3842521905899048,-0.015494976192712784,0.4515843689441681,0.36262184381484985,-0.01762748882174492,0.45247894525527954,0.34414270520210266,-0.01926807314157486,0.6071023941040039,0.5390619039535522,-5.094197952359991e-09,0.5921743512153625,0.5078045129776001,-0.009982435964047909,0.5855801701545715,0.4667067527770996,-0.012839369475841522,0.5949726104736328,0.43343067169189453,-0.015235966071486473,0.6089571118354797,0.42091697454452515,-0.016958875581622124,0.5907710790634155,0.4246593713760376,-0.001888443250209093,0.587611973285675,0.37805497646331787,-0.0070419940166175365,0.5875449180603027,0.34887373447418213,-0.01201925240457058,0.5884933471679688,0.32386064529418945,-0.01633177138864994,0.6026687026023865,0.4205004572868347,-0.001222127117216587,0.6005042195320129,0.3696621060371399,-0.006245884578675032,0.6002181172370911,0.33623799681663513,-0.011647548526525497,0.5998521447181702,0.30925628542900085,-0.015893591567873955,0.6136588454246521,0.4252869784832001,-0.002358932513743639,0.6129070520401001,0.38054054975509644,-0.008428671397268772,0.6113383173942566,0.35113227367401123,-0.014376278035342693,0.6095846891403198,0.32669588923454285,-0.018425235524773598,0.6250755190849304,0.43801212310791016,-0.0046281530521810055,0.6253694891929626,0.405770868062973,-0.010521008633077145,0.6242507696151733,0.3839888572692871,-0.014730829745531082,0.6227260828018188,0.36591342091560364,-0.01765177585184574
19,0.45654910802841187,0.5126732587814331,4.749308857299184e-08,0.4728507399559021,0.5014111995697021,-0.008549414575099945,0.48341619968414307,0.46825435757637024,-0.011713205836713314,0.4765867292881012,0.435838520526886,-0.014067630283534527,0.4638815224170685,0.4178166389465332,-0.01645086519420147,0.484754353761673,0.41711053252220154,-0.007245251908898354,0.48806869983673096,0.372081458568573,-0.01275212038308382,0.48753640055656433,0.34499457478523254,-0.017957070842385292,0.48540133237838745,0.3225574791431427,-0.02179008163511753,0.47278279066085815,0.4076322317123413,-0.007474320009350777,0.4751165211200714,0.35863834619522095,-0.011287253350019455,0.4751076400279999,0.32827475666999817,-0.016043391078710556,0.47315892577171326,0.30414724349975586,-0.019773520529270172,0.4610636830329895,0.4083820879459381,-0.00868961215019226,0.4625813364982605,0.3642457127571106,-0.01213857438415289,0.4634285569190979,0.33820319175720215,-0.016482777893543243,0.4626525044441223,0.316379189491272,-0.01965278573334217,0.4483329653739929,0.4172653555870056,-0.010826253332197666,0.44928422570228577,0.3831932246685028,-0.014271569438278675,0.45089972019195557,0.3619700074195862,-0.016453897580504417,0.451781302690506,0.34380900859832764,-0.01796753890812397,0.606713056564331,0.5318238735198975,1.2957144690517453e-08,0.5906330347061157,0.5026538372039795,-0.008273242972791195,0.5841972827911377,0.46400880813598633,-0.010394783690571785,0.5951364636421204,0.4341229498386383,-0.012260911986231804,0.6089605689048767,0.42548203468322754,-0.013521995395421982,0.5873712301254272,0.4236602485179901,-0.0009544168133288622,0.5849043130874634,0.37864118814468384,-0.005530628841370344,0.5852277278900146,0.3507760465145111,-0.009891769848763943,0.5862339735031128,0.32770058512687683,-0.013608677312731743,0.5996841192245483,0.41985848546028137,-0.0009712703176774085,0.5982190370559692,0.37114396691322327,-0.005396752618253231,0.598356306552887,0.33873632550239563,-0.010397477075457573,0.5985140800476074,0.3121059536933899,-0.014162540435791016,0.6113336086273193,0.4252144396305084,-0.002561927540227771,0.6108160614967346,0.3820347487926483,-0.00772343622520566,0.6100860834121704,0.3524487316608429,-0.013409797102212906,0.6092203855514526,0.32702314853668213,-0.017318550497293472,0.6233127117156982,0.4386584162712097,-0.00511608412489295,0.6240190863609314,0.4074915647506714,-0.009912741370499134,0.6231856346130371,0.3851109445095062,-0.013583979569375515,0.6220049858093262,0.36575084924697876,-0.01618216745555401
20,0.45654910802841187,0.5126732587814331,4.749308857299184e-08,0.4728507399559021,0.5014111995697021,-0.008549414575099945,0.48341619968414307,0.46825435757637024,-0.011713205836713314,0.4765867292881012,0.435838520526886,-0.014067630283534527,0.4638815224170685,0.4178166389465332,-0.01645086519420147,0.484754353761673,0.41711053252220154,-0.007245251908898354,0.48806869983673096,0.372081458568573,-0.01275212038308382,0.48753640055656433,0.34499457478523254,-0.017957070842385292,0.48540133237838745,0.3225574791431427,-0.02179008163511753,0.47278279066085815,0.4076322317123413,-0.007474320009350777,0.4751165211200714,0.35863834619522095,-0.011287253350019455,0.4751076400279999,0.32827475666999817,-0.016043391078710556,0.47315892577171326,0.30414724349975586,-0.019773520529270172,0.4610636830329895,0.4083820879459381,-0.00868961215019226,0.4625813364982605,0.3642457127571106,-0.01213857438415289,0.4634285569190979,0.33820319175720215,-0.016482777893543243,0.4626525044441223,0.316379189491272,-0.01965278573334217,0.4483329653739929,0.4172653555870056,-0.010826253332197666,0.44928422570228577,0.3831932246685028,-0.014271569438278675,0.45089972019195557,0.3619700074195862,-0.016453897580504417,0.451781302690506,0.34380900859832764,-0.01796753890812397,0.606713056564331,0.5318238735198975,1.2957144690517453e-08,0.5906330347061157,0.5026538372039795,-0.008273242972791195,0.5841972827911377,0.46400880813598633,-0.010394783690571785,0.5951364636421204,0.4341229498386383,-0.012260911986231804,0.6089605689048767,0.42548203468322754,-0.013521995395421982,0.5873712301254272,0.4236602485179901,-0.0009544168133288622,0.5849043130874634,0.37864118814468384,-0.005530628841370344,0.5852277278900146,0.3507760465145111,-0.009891769848763943,0.5862339735031128,0.32770058512687683,-0.013608677312731743,0.5996841192245483,0.41985848546028137,-0.0009712703176774085,0.5982190370559692,0.37114396691322327,-0.005396752618253231,0.598356306552887,0.33873632550239563,-0.010397477075457573,0.5985140800476074,0.3121059536933899,-0.014162540435791016,0.6113336086273193,0.4252144396305084,-0.002561927540227771,0.6108160614967346,0.3820347487926483,-0.00772343622520566,0.6100860834121704,0.3524487316608429,-0.013409797102212906,0.6092203855514526,0.32702314853668213,-0.017318550497293472,0.6233127117156982,0.4386584162712097,-0.00511608412489295,0.6240190863609314,0.4074915647506714,-0.009912741370499134,0.6231856346130371,0.3851109445095062,-0.013583979569375515,0.6220049858093262,0.36575084924697876,-0.01618216745555401
21,0.44941776990890503,0.5171836614608765,2.9494367836946367e-08,0.4708649814128876,0.5040878653526306,-0.0068990918807685375,0.4837004244327545,0.4690874516963959,-0.009013059549033642,0.47701430320739746,0.433540403842926,-0.011148037388920784,0.46230703592300415,0.4152357280254364,-0.013666045852005482,0.4846210181713104,0.41417452692985535,-0.00042920198757201433,0.48767489194869995,0.36859411001205444,-0.005333319306373596,0.48616912961006165,0.3423973619937897,-0.011523107066750526,0.4837924838066101,0.3195752501487732,-0.01632237620651722,0.4723075032234192,0.4053289592266083,-0.001976839965209365,0.47492825984954834,0.35549429059028625,-0.0050924187526106834,0.47467565536499023,0.32614612579345703,-0.01123251486569643,0.4736493229866028,0.30219167470932007,-0.01650502160191536,0.46016526222229004,0.40712445974349976,-0.004903941415250301,0.46207231283187866,0.3610188663005829,-0.008821449242532253,0.46313780546188354,0.3336823582649231,-0.014534959569573402,0.4637150466442108,0.3116839826107025,-0.018777597695589066,0.44703158736228943,0.4171410799026489,-0.008742555044591427,0.4491060972213745,0.3814699053764343,-0.011905292980372906,0.450743168592453,0.3607194721698761,-0.01404794305562973,0.45235705375671387,0.3431650400161743,-0.016013551503419876,0.6054894924163818,0.5368849635124207,-2.43693509816012e-09,0.5904498100280762,0.5064472556114197,-0.008943942375481129,0.5836381912231445,0.466535747051239,-0.011510956101119518,0.5928452014923096,0.43384966254234314,-0.013723693788051605,0.6065101027488708,0.42233702540397644,-0.015353021211922169,0.5876911282539368,0.42528074979782104,-0.00213579717092216,0.5848628878593445,0.3782026171684265,-0.0072302380576729774,0.5847025513648987,0.3486866354942322,-0.011890009976923466,0.5855035185813904,0.3239852786064148,-0.01586705818772316,0.5998733639717102,0.42135438323020935,-0.0019418317824602127,0.5978323817253113,0.37049347162246704,-0.00689446646720171,0.5974430441856384,0.3366711735725403,-0.012147706001996994,0.596882700920105,0.30946865677833557,-0.016168558970093727,0.6112335324287415,0.4262261390686035,-0.0033551997039467096,0.6099240183830261,0.3815077841281891,-0.009386220946907997,0.608309805393219,0.35095131397247314,-0.015322455205023289,0.6063445806503296,0.32553088665008545,-0.019269494339823723,0.6228991150856018,0.439127653837204,-0.005730848293751478,0.6230850219726562,0.4060147702693939,-0.011478710919618607,0.6218700408935547,0.3836909532546997,-0.015449379570782185,0.6201441884040833,0.3652859926223755,-0.018146708607673645
22,0.4520251750946045,0.51468825340271,3.366159617712583e-08,0.4702998101711273,0.50270676612854,-0.007884832099080086,0.4807910919189453,0.46567001938819885,-0.010323555208742619,0.47272729873657227,0.4308404326438904,-0.012252558022737503,0.45728206634521484,0.41476795077323914,-0.014232585206627846,0.48271605372428894,0.4131509065628052,-0.004611256532371044,0.48565277457237244,0.3655030131340027,-0.009649100713431835,0.48465099930763245,0.3394578695297241,-0.014836899004876614,0.4824097454547882,0.31869998574256897,-0.018682926893234253,0.47017231583595276,0.4036526679992676,-0.005188161972910166,0.4721664488315582,0.3517979383468628,-0.008277546614408493,0.4721720516681671,0.32217100262641907,-0.01303170993924141,0.47043362259864807,0.29941055178642273,-0.016943151131272316,0.45795413851737976,0.40514758229255676,-0.006918666418641806,0.4591539204120636,0.35965996980667114,-0.010136033408343792,0.4600435197353363,0.33325284719467163,-0.014733844436705112,0.4594002068042755,0.3120802938938141,-0.018130674958229065,0.4451572000980377,0.41514402627944946,-0.00957800168544054,0.44650569558143616,0.3787856996059418,-0.012508104555308819,0.44797801971435547,0.35776931047439575,-0.014460466802120209,0.4485113024711609,0.34032368659973145,-0.01602029986679554,0.6026749610900879,0.537089467048645,-1.6884559528307364e-08,0.5879707336425781,0.5066421031951904,-0.009283233433961868,0.5822122097015381,0.4677269160747528,-0.01201356016099453,0.5913777947425842,0.43619847297668457,-0.014518129639327526,0.6040118932723999,0.4230046272277832,-0.016519254073500633,0.586672306060791,0.42509961128234863,-0.0011800804641097784,0.5829914212226868,0.3802582621574402,-0.006119781173765659,0.5822975635528564,0.3523540198802948,-0.0110155139118433,0.5831243395805359,0.3278958201408386,-0.015344391576945782,0.5987405180931091,0.4213525652885437,-0.0010100211948156357,0.5964299440383911,0.37029874324798584,-0.005844470113515854,0.5957342386245728,0.3387705087661743,-0.01130547747015953,0.5952643156051636,0.3123500347137451,-0.015592561103403568,0.6099859476089478,0.4265590310096741,-0.0025519253686070442,0.6080749034881592,0.3804226219654083,-0.008798003196716309,0.6061826348304749,0.3511088788509369,-0.014653144404292107,0.6045236587524414,0.3257560431957245,-0.018579808995127678,0.6216393113136292,0.4400677978992462,-0.005125623196363449,0.6212127208709717,0.40529704093933105,-0.011061695404350758,0.6194534301757812,0.38247817754745483,-0.014853507280349731,0.617313027381897,0.36199846863746643,-0.017492225393652916
23,0.4521683156490326,0.5149398446083069,3.3099400553737723e-08,0.46975797414779663,0.502151608467102,-0.008170020766556263,0.48047757148742676,0.4670960605144501,-0.011287427507340908,0.4725111424922943,0.43377000093460083,-0.013797594234347343,0.4580245614051819,0.41739794611930847,-0.016387810930609703,0.48197421431541443,0.4141184985637665,-0.006482924334704876,0.48541563749313354,0.3666279911994934,-0.012273707427084446,0.48461195826530457,0.339715838432312,-0.017788061872124672,0.48234036564826965,0.3179906904697418,-0.021803047508001328,0.4697735905647278,0.40512698888778687,-0.007198243867605925,0.47217437624931335,0.3546401560306549,-0.011072930879890919,0.47213616967201233,0.32456111907958984,-0.016039595007896423,0.4703355133533478,0.30120381712913513,-0.020034873858094215,0.4577861428260803,0.40675368905067444,-0.008998752571642399,0.4594574570655823,0.3614658713340759,-0.01263348013162613,0.4603170156478882,0.33490386605262756,-0.017194470390677452,0.4595986008644104,0.313308984041214,-0.020583398640155792,0.4450772702693939,0.4164971709251404,-0.01171385683119297,0.4462187886238098,0.38083261251449585,-0.01502070389688015,0.4477207660675049,0.3593807518482208,-0.01707429066300392,0.4483814537525177,0.3412584364414215,-0.018650393933057785,0.6019777655601501,0.5366562008857727,-1.4781720736323223e-08,0.5871420502662659,0.5082204341888428,-0.010479840449988842,0.581986129283905,0.4694426655769348,-0.01352094579488039,0.5915423631668091,0.4367842674255371,-0.016031866893172264,0.6042832732200623,0.42120161652565,-0.017987553030252457,0.5863016247749329,0.424624502658844,-0.002301025902852416,0.5826989412307739,0.37937676906585693,-0.007522475440055132,0.582190752029419,0.35144349932670593,-0.012527386657893658,0.5831087231636047,0.3270334005355835,-0.016826987266540527,0.5985996127128601,0.42105770111083984,-0.0014776615425944328,0.5960473418235779,0.36965876817703247,-0.006466716527938843,0.5952489972114563,0.3376619517803192,-0.01197137776762247,0.5947893857955933,0.3109155297279358,-0.016243090853095055,0.6098393797874451,0.4263772666454315,-0.00246232096105814,0.6075547337532043,0.3798484206199646,-0.008951624855399132,0.605475127696991,0.3500085771083832,-0.014880931936204433,0.6039023995399475,0.32390323281288147,-0.018776029348373413,0.621269166469574,0.43972086906433105,-0.0045508723706007,0.6206073760986328,0.4042136073112488,-0.01072494126856327,0.6190152764320374,0.3812061846256256,-0.014664681628346443,0.6173784136772156,0.3602222204208374,-0.017349230125546455
24,0.4521683156490326,0.5149398446083069,3.3099400553737723e-08,0.46975797414779663,0.502151608467102,-0.008170020766556263,0.48047757148742676,0.4670960605144501,-0.011287427507340908,0.4725111424922943,0.43377000093460083,-0.013797594234347343,0.4580245614051819,0.41739794611930847,-0.016387810930609703,0.48197421431541443,0.4141184985637665,-0.006482924334704876,0.48541563749313354,0.3666279911994934,-0.012273707427084446,0.48461195826530457,0.339715838432312,-0.017788061872124672,0.48234036564826965,0.3179906904697418,-0.021803047508001328,0.4697735905647278,0.40512698888778687,-0.007198243867605925,0.47217437624931335,0.3546401560306549,-0.011072930879890919,0.47213616967201233,0.32456111907958984,-0.016039595007896423,0.4703355133533478,0.30120381712913513,-0.020034873858094215,0.4577861428260803,0.40675368905067444,-0.008998752571642399,0.4594574570655823,0.3614658713340759,-0.01263348013162613,0.4603170156478882,0.33490386605262756,-0.017194470390677452,0.4595986008644104,0.313308984041214,-0.020583398640155792,0.4450772702693939,0.4164971709251404,-0.01171385683119297,0.4462187886238098,0.38083261251449585,-0.01502070389688015,0.4477207660675049,0.3593807518482208,-0.01707429066300392,0.4483814537525177,0.3412584364414215,-0.018650393933057785,0.6019777655601501,0.5366562008857727,-1.4781720736323223e-08,0.5871420502662659,0.5082204341888428,-0.010479840449988842,0.581986129283905,0.4694426655769348,-0.01352094579488039,0.5915423631668091,0.4367842674255371,-0.016031866893172264,0.6042832732200623,0.42120161652565,-0.017987553030252457,0.5863016247749329,0.424624502658844,-0.002301025902852416,0.5826989412307739,0.37937676906585693,-0.007522475440055132,0.582190752029419,0.35144349932670593,-0.012527386657893658,0.5831087231636047,0.3270334005355835,-0.016826987266540527,0.5985996127128601,0.42105770111083984,-0.0014776615425944328,0.5960473418235779,0.36965876817703247,-0.006466716527938843,0.5952489972114563,0.3376619517803192,-0.01197137776762247,0.5947893857955933,0.3109155297279358,-0.016243090853095055,0.6098393797874451,0.4263772666454315,-0.00246232096105814,0.6075547337532043,0.3798484206199646,-0.008951624855399132,0.605475127696991,0.3500085771083832,-0.014880931936204433,0.6039023995399475,0.32390323281288147,-0.018776029348373413,0.621269166469574,0.43972086906433105,-0.0045508723706007,0.6206073760986328,0.4042136073112488,-0.01072494126856327,0.6190152764320374,0.3812061846256256,-0.014664681628346443,0.6173784136772156,0.3602222204208374,-0.017349230125546455
25,0.4525575339794159,0.5136405229568481,4.218517446474834e-08,0.46962863206863403,0.5016105771064758,-0.008871386758983135,0.4805711805820465,0.4674134850502014,-0.012472557835280895,0.4727545976638794,0.4334845244884491,-0.015271015465259552,0.4578149914741516,0.4183281660079956,-0.018211757764220238,0.4821709990501404,0.41572868824005127,-0.008405033499002457,0.4855313003063202,0.3694794774055481,-0.014199024997651577,0.48492035269737244,0.3425288498401642,-0.01944671757519245,0.48309120535850525,0.32059746980667114,-0.023373568430542946,0.4699114263057709,0.4063473343849182,-0.00893164798617363,0.4722079634666443,0.35536837577819824,-0.013113421387970448,0.4722357392311096,0.3248331546783447,-0.01789182424545288,0.4705190360546112,0.30103665590286255,-0.021683717146515846,0.45797064900398254,0.40778809785842896,-0.010424861684441566,0.4593687653541565,0.36177858710289,-0.01420931052416563,0.4602656662464142,0.3354801535606384,-0.018539702519774437,0.45958489179611206,0.3145199418067932,-0.021755602210760117,0.44515129923820496,0.41740164160728455,-0.012869209982454777,0.4454917013645172,0.38193652033805847,-0.016300957649946213,0.4470018148422241,0.36060479283332825,-0.018293336033821106,0.4478450119495392,0.34315112233161926,-0.019801557064056396,0.6037070155143738,0.5401124954223633,-8.295986120288035e-09,0.5877909660339355,0.5111820697784424,-0.01012219488620758,0.5804803371429443,0.47005000710487366,-0.012874927371740341,0.5895240306854248,0.4349237084388733,-0.015264051966369152,0.6032737493515015,0.4221000671386719,-0.016987111419439316,0.5857225060462952,0.4258752465248108,-0.0004454322042874992,0.5823566317558289,0.38029444217681885,-0.005104966927319765,0.5820135474205017,0.35262197256088257,-0.009996527805924416,0.5830880403518677,0.32829171419143677,-0.014367171563208103,0.5977254509925842,0.4215517044067383,0.0002153925597667694,0.5951972603797913,0.3709585666656494,-0.00444712582975626,0.5946886539459229,0.3386763334274292,-0.010000756941735744,0.5944962501525879,0.31180983781814575,-0.014389624819159508,0.6089735627174377,0.4261834919452667,-0.00104054668918252,0.6076450347900391,0.38087862730026245,-0.007087817415595055,0.6057160496711731,0.3519883155822754,-0.013250241987407207,0.603775680065155,0.32736730575561523,-0.01741051860153675,0.6210153102874756,0.4388081133365631,-0.0034431645181030035,0.6207973957061768,0.40479302406311035,-0.00913415476679802,0.6195513606071472,0.38257578015327454,-0.013261808082461357,0.617987334728241,0.3632640838623047,-0.016190234571695328
26,0.4524141252040863,0.5157148838043213,3.4291737449620996e-08,0.4699288308620453,0.5019247531890869,-0.008055665530264378,0.48108720779418945,0.466442734003067,-0.011265764012932777,0.4727070927619934,0.43201586604118347,-0.013906197622418404,0.4567316770553589,0.4175744354724884,-0.016671301797032356,0.4813535511493683,0.41185036301612854,-0.006130503956228495,0.4845036566257477,0.3641449511051178,-0.011586780659854412,0.48349517583847046,0.33841702342033386,-0.01701396331191063,0.48132407665252686,0.31789058446884155,-0.02102045714855194,0.46897175908088684,0.40328824520111084,-0.006917376536875963,0.4711037576198578,0.3513822853565216,-0.01026996225118637,0.471223920583725,0.32186901569366455,-0.015128424391150475,0.469681054353714,0.2987850606441498,-0.019187763333320618,0.45715880393981934,0.40593191981315613,-0.008744152262806892,0.45819324254989624,0.36039063334465027,-0.0118680689483881,0.45922547578811646,0.33392658829689026,-0.01617436856031418,0.4588533937931061,0.31259971857070923,-0.019504008814692497,0.444654643535614,0.4168350100517273,-0.011514154262840748,0.44539183378219604,0.38039860129356384,-0.014243616722524166,0.44696998596191406,0.3587498366832733,-0.015837768092751503,0.4478704035282135,0.3403860330581665,-0.017211323603987694,0.6015885472297668,0.5394014120101929,-2.672667243075466e-08,0.5875051021575928,0.5130111575126648,-0.01094345934689045,0.5798948407173157,0.4729349613189697,-0.014345106668770313,0.5879403352737427,0.4373657703399658,-0.01708238385617733,0.601542055606842,0.42222070693969727,-0.019094260409474373,0.5857029557228088,0.4277687072753906,-0.002904456341639161,0.5810536742210388,0.38293981552124023,-0.007978357374668121,0.5800066590309143,0.3555646538734436,-0.012907574884593487,0.5807876586914062,0.3312181234359741,-0.01731249690055847,0.5978652238845825,0.42288559675216675,-0.0018875730456784368,0.5945646166801453,0.370929479598999,-0.006572469603270292,0.5933918952941895,0.3391006886959076,-0.011505561880767345,0.5924661159515381,0.3128701150417328,-0.015469322912395,0.6091392636299133,0.4273853003978729,-0.00274505652487278,0.6065509915351868,0.38039010763168335,-0.009400653652846813,0.6041451692581177,0.3514857888221741,-0.015190647915005684,0.6019999980926514,0.32659676671028137,-0.01892310567200184,0.6208449602127075,0.4405779540538788,-0.004752331878989935,0.6200270056724548,0.40499305725097656,-0.011317327618598938,0.6182734370231628,0.38223326206207275,-0.015547910705208778,0.6162076592445374,0.3622201383113861,-0.018400074914097786
27,0.45208948850631714,0.5163254141807556,3.9576214305725443e-08,0.46927133202552795,0.5031167268753052,-0.008373994380235672,0.47964146733283997,0.46660515666007996,-0.011468223296105862,0.47087496519088745,0.43247419595718384,-0.013879239559173584,0.4554835557937622,0.417299747467041,-0.016398632898926735,0.48085838556289673,0.41429659724235535,-0.007079896051436663,0.4835967719554901,0.36675480008125305,-0.012759832665324211,0.4827684760093689,0.3394419848918915,-0.01807604543864727,0.4807412922382355,0.31724175810813904,-0.0220358707010746,0.46842774748802185,0.4052080512046814,-0.007743023801594973,0.47020232677459717,0.3538471460342407,-0.01170036569237709,0.4701366722583771,0.32352590560913086,-0.01658601313829422,0.46848154067993164,0.3001852035522461,-0.020480232313275337,0.45637837052345276,0.4072384834289551,-0.009423498064279556,0.4574034512042999,0.3611065447330475,-0.013074391521513462,0.45824602246284485,0.33423808217048645,-0.017618753015995026,0.4575880169868469,0.31258857250213623,-0.020987479016184807,0.44364213943481445,0.41778072714805603,-0.012031175196170807,0.4444156587123871,0.3817722797393799,-0.015408792532980442,0.4457204341888428,0.3598770499229431,-0.017484791576862335,0.446165531873703,0.3414244055747986,-0.01906190812587738,0.6038251519203186,0.541995644569397,2.8126567741537656e-09,0.5871113538742065,0.5137044191360474,-0.01022392138838768,0.5792730450630188,0.4717579185962677,-0.012795648537576199,0.5877100229263306,0.43637123703956604,-0.014842967502772808,0.6011034250259399,0.4235236346721649,-0.01618576981127262,0.5844138264656067,0.4280301332473755,-0.0011024478590115905,0.5806699395179749,0.38120806217193604,-0.005659087095409632,0.5801964998245239,0.3524450361728668,-0.010202907957136631,0.5811788439750671,0.3278864026069641,-0.014302202500402927,0.5965930223464966,0.42366209626197815,-0.00026662094751372933,0.5934465527534485,0.37256383895874023,-0.004748264793306589,0.5926289558410645,0.3392955958843231,-0.009934564121067524,0.5922197699546814,0.3122538924217224,-0.014012220315635204,0.6079818606376648,0.4284000098705292,-0.0013162647373974323,0.6059376001358032,0.38252919912338257,-0.007202717009931803,0.6038525700569153,0.3518550992012024,-0.013209561817348003,0.6019773483276367,0.32607603073120117,-0.017287826165556908,0.6200242042541504,0.4412659704685211,-0.003508387366309762,0.6192671656608582,0.407656192779541,-0.009459244087338448,0.6178839802742004,0.3847636878490448,-0.01380782388150692,0.6164882183074951,0.3649097681045532,-0.016839178279042244
28,0.45208948850631714,0.5163254141807556,3.9576214305725443e-08,0.46927133202552795,0.5031167268753052,-0.008373994380235672,0.47964146733283997,0.46660515666007996,-0.011468223296105862,0.47087496519088745,0.43247419595718384,-0.013879239559173584,0.4554835557937622,0.417299747467041,-0.016398632898926735,0.48085838556289673,0.41429659724235535,-0.007079896051436663,0.4835967719554901,0.36675480008125305,-0.012759832665324211,0.4827684760093689,0.3394419848918915,-0.01807604543864727,0.4807412922382355,0.31724175810813904,-0.0220358707010746,0.46842774748802185,0.4052080512046814,-0.007743023801594973,0.47020232677459717,0.3538471460342407,-0.01170036569237709,0.4701366722583771,0.32352590560913086,-0.01658601313829422,0.46848154067993164,0.3001852035522461,-0.020480232313275337,0.45637837052345276,0.4072384834289551,-0.009423498064279556,0.4574034512042999,0.3611065447330475,-0.013074391521513462,0.45824602246284485,0.33423808217048645,-0.017618753015995026,0.4575880169868469,0.31258857250213623,-0.020987479016184807,0.44364213943481445,0.41778072714805603,-0.012031175196170807,0.4444156587123871,0.3817722797393799,-0.015408792532980442,0.4457204341888428,0.3598770499229431,-0.017484791576862335,0.446165531873703,0.3414244055747986,-0.01906190812587738,0.6038251519203186,0.541995644569397,2.8126567741537656e-09,0.5871113538742065,0.5137044191360474,-0.01022392138838768,0.5792730450630188,0.4717579185962677,-0.012795648537576199,0.5877100229263306,0.43637123703956604,-0.014842967502772808,0.6011034250259399,0.4235236346721649,-0.01618576981127262,0.5844138264656067,0.4280301332473755,-0.0011024478590115905,0.5806699395179749,0.38120806217193604,-0.005659087095409632,0.5801964998245239,0.3524450361728668,-0.010202907957136631,0.5811788439750671,0.3278864026069641,-0.014302202500402927,0.5965930223464966,0.42366209626197815,-0.00026662094751372933,0.5934465527534485,0.37256383895874023,-0.004748264793306589,0.5926289558410645,0.3392955958843231,-0.009934564121067524,0.5922197699546814,0.3122538924217224,-0.014012220315635204,0.6079818606376648,0.4284000098705292,-0.0013162647373974323,0.6059376001358032,0.38252919912338257,-0.007202717009931803,0.6038525700569153,0.3518550992012024,-0.013209561817348003,0.6019773483276367,0.32607603073120117,-0.017287826165556908,0.6200242042541504,0.4412659704685211,-0.003508387366309762,0.6192671656608582,0.407656192779541,-0.009459244087338448,0.6178839802742004,0.3847636878490448,-0.01380782388150692,0.6164882183074951,0.3649097681045532,-0.016839178279042244
29,0.4491083025932312,0.5177842378616333,3.162549333524112e-08,0.468024343252182,0.5045461058616638,-0.007661687210202217,0.47881463170051575,0.467134952545166,-0.00999875646084547,0.47129255533218384,0.4328738749027252,-0.011921598576009274,0.4561689794063568,0.417094886302948,-0.014001179486513138,0.4801146388053894,0.4140658974647522,-0.0038724166806787252,0.4823918342590332,0.3669131100177765,-0.009046199731528759,0.4810943901538849,0.3402242958545685,-0.014561807736754417,0.47848090529441833,0.31871870160102844,-0.01868724450469017,0.4675520956516266,0.4050845503807068,-0.004641179461032152,0.46901261806488037,0.3536372184753418,-0.008098073303699493,0.4685802161693573,0.32313257455825806,-0.013343682512640953,0.4662502110004425,0.2992233633995056,-0.01760435476899147,0.45537909865379333,0.4065892994403839,-0.006606466602534056,0.4561862349510193,0.3605130910873413,-0.010166710242629051,0.4565678536891937,0.33309897780418396,-0.015056044794619083,0.45542746782302856,0.31076356768608093,-0.018651185557246208,0.44263970851898193,0.4165823459625244,-0.009491912089288235,0.44406482577323914,0.38034725189208984,-0.012573040090501308,0.44557517766952515,0.3589717149734497,-0.01467626541852951,0.44629085063934326,0.340692400932312,-0.016423195600509644,0.6041510105133057,0.5398415327072144,-2.2821313727661163e-09,0.586987316608429,0.5126201510429382,-0.009633425623178482,0.5790197253227234,0.4704926013946533,-0.011695844121277332,0.5886291861534119,0.43572482466697693,-0.013405825011432171,0.6026959419250488,0.4249091148376465,-0.014452921226620674,0.582757294178009,0.4270903766155243,-0.00030714055174030364,0.5790626406669617,0.38099414110183716,-0.004717587493360043,0.5785351395606995,0.3524788022041321,-0.009343482553958893,0.579016923904419,0.3280574679374695,-0.013488312251865864,0.5950489640235901,0.4219091832637787,0.0001808880624594167,0.5920258164405823,0.37178248167037964,-0.004199307877570391,0.5911049246788025,0.3391999900341034,-0.009442555718123913,0.5903677940368652,0.3121480643749237,-0.013582268729805946,0.6065523624420166,0.4259074628353119,-0.001213599112816155,0.6050581932067871,0.3811021149158478,-0.006828514859080315,0.6027786135673523,0.35197022557258606,-0.01287324633449316,0.6004189848899841,0.32691484689712524,-0.01700478233397007,0.61860591173172,0.43788617849349976,-0.0037611182779073715,0.6180732250213623,0.4038049280643463,-0.009203295223414898,0.6162950992584229,0.3805478513240814,-0.013400563970208168,0.6142722964286804,0.36059150099754333,-0.016422845423221588
30,0.4507005512714386,0.5160735249519348,2.5170004747110397e-08,0.46821561455726624,0.5030202865600586,-0.008571128360927105,0.4790516197681427,0.466691792011261,-0.011871892027556896,0.4707408845424652,0.432522714138031,-0.014539731666445732,0.45536261796951294,0.4174875020980835,-0.017261309549212456,0.4802822768688202,0.4125019907951355,-0.006720155477523804,0.4829483926296234,0.3640884757041931,-0.01270177774131298,0.4813040494918823,0.33701348304748535,-0.018438654020428658,0.4784541428089142,0.3152504861354828,-0.022655783221125603,0.4679396152496338,0.4038878381252289,-0.007329570595175028,0.4695594906806946,0.3521612882614136,-0.011386824771761894,0.4687744975090027,0.3215826749801636,-0.016555916517972946,0.4664970636367798,0.2973439395427704,-0.020754944533109665,0.455894410610199,0.4062855541706085,-0.009051402099430561,0.4567383825778961,0.360246866941452,-0.012703767977654934,0.45700472593307495,0.3338017165660858,-0.01724749617278576,0.45584169030189514,0.3121786415576935,-0.02070191130042076,0.4431588053703308,0.41687098145484924,-0.01176981907337904,0.4436802864074707,0.3808636963367462,-0.014961146749556065,0.4449552297592163,0.35941529273986816,-0.016947539523243904,0.4455706477165222,0.34123989939689636,-0.01856681890785694,0.6049405932426453,0.5389374494552612,2.011098310106263e-08,0.5865235328674316,0.5121788382530212,-0.009995022788643837,0.5783214569091797,0.46989619731903076,-0.012174226343631744,0.5881773829460144,0.4344637393951416,-0.013783627189695835,0.6020680069923401,0.42379888892173767,-0.014651416800916195,0.5818556547164917,0.42866936326026917,-0.0006864690221846104,0.5784195065498352,0.3826596140861511,-0.0050802165642380714,0.5779330134391785,0.35423141717910767,-0.009590983390808105,0.5785960555076599,0.33016684651374817,-0.013583091087639332,0.5942566990852356,0.4233655631542206,9.731405589263886e-05,0.5912861824035645,0.37368980050086975,-0.004112240858376026,0.5904520750045776,0.3405597507953644,-0.00921919010579586,0.590158998966217,0.3127369284629822,-0.013149267993867397,0.6059726476669312,0.4272341728210449,-0.0009922845056280494,0.6043989062309265,0.3829830288887024,-0.0062357173301279545,0.602905809879303,0.3528288006782532,-0.012100243009626865,0.6015865802764893,0.32705581188201904,-0.016114037483930588,0.6182506680488586,0.4392293393611908,-0.003269495442509651,0.6175478100776672,0.4060259461402893,-0.008410635404288769,0.6160826683044434,0.38201218843460083,-0.01246726419776678,0.614779531955719,0.3610008955001831,-0.015349925495684147
31,0.4507005512714386,0.5160735249519348,2.5170004747110397e-08,0.46821561455726624,0.5030202865600586,-0.008571128360927105,0.4790516197681427,0.466691792011261,-0.011871892027556896,0.4707408845424652,0.432522714138031,-0.014539731666445732,0.45536261796951294,0.4174875020980835,-0.017261309549212456,0.4802822768688202,0.4125019907951355,-0.006720155477523804,0.4829483926296234,0.3640884757041931,-0.01270177774131298,0.4813040494918823,0.33701348304748535,-0.018438654020428658,0.4784541428089142,0.3152504861354828,-0.022655783221125603,0.4679396152496338,0.4038878381252289,-0.007329570595175028,0.4695594906806946,0.3521612882614136,-0.011386824771761894,0.4687744975090027,0.3215826749801636,-0.016555916517972946,0.4664970636367798,0.2973439395427704,-0.020754944533109665,0.455894410610199,0.4062855541706085,-0.009051402099430561,0.4567383825778961,0.360246866941452,-0.012703767977654934,0.45700472593307495,0.3338017165660858,-0.01724749617278576,0.45584169030189514,0.3121786415576935,-0.02070191130042076,0.4431588053703308,0.41687098145484924,-0.01176981907337904,0.4436802864074707,0.3808636963367462,-0.014961146749556065,0.4449552297592163,0.35941529273986816,-0.016947539523243904,0.4455706477165222,0.34123989939689636,-0.01856681890785694,0.6049405932426453,0.5389374494552612,2.011098310106263e-08,0.5865235328674316,0.5121788382530212,-0.009995022788643837,0.5783214569091797,0.46989619731903076,-0.012174226343631744,0.5881773829460144,0.4344637393951416,-0.013783627189695835,0.6020680069923401,0.42379888892173767,-0.014651416800916195,0.5818556547164917,0.42866936326026917,-0.0006864690221846104,0.5784195065498352,0.3826596140861511,-0.0050802165642380714,0.5779330134391785,0.35423141717910767,-0.009590983390808105,0.5785960555076599,0.33016684651374817,-0.013583091087639332,0.5942566990852356,0.4233655631542206,9.731405589263886e-05,0.5912861824035645,0.37368980050086975,-0.004112240858376026,0.5904520750045776,0.3405597507953644,-0.00921919010579586,0.590158998966217,0.3127369284629822,-0.013149267993867397,0.6059726476669312,0.4272341728210449,-0.0009922845056280494,0.6043989062309265,0.3829830288887024,-0.0062357173301279545,0.602905809879303,0.3528288006782532,-0.012100243009626865,0.6015865802764893,0.32705581188201904,-0.016114037483930588,0.6182506680488586,0.4392293393611908,-0.003269495442509651,0.6175478100776672,0.4060259461402893,-0.008410635404288769,0.6160826683044434,0.38201218843460083,-0.01246726419776678,0.614779531955719,0.3610008955001831,-0.015349925495684147
32,0.45167478919029236,0.5145211815834045,4.452490642847806e-08,0.4688342213630676,0.5006383061408997,-0.008828427642583847,0.47934627532958984,0.46464601159095764,-0.012490896508097649,0.46984732151031494,0.43079185485839844,-0.01546812616288662,0.4533998370170593,0.41794440150260925,-0.018553556874394417,0.47961026430130005,0.4115627408027649,-0.007351024076342583,0.4819144606590271,0.36392703652381897,-0.0133361229673028,0.48069143295288086,0.3378293812274933,-0.019059551879763603,0.478360652923584,0.31646406650543213,-0.02329542115330696,0.4670572876930237,0.4027130603790283,-0.007933695800602436,0.4684799015522003,0.3512474596500397,-0.012057274580001831,0.46787452697753906,0.3210080862045288,-0.017290009185671806,0.46574583649635315,0.29714035987854004,-0.021496569737792015,0.4551660716533661,0.4053829610347748,-0.009574332274496555,0.45611897110939026,0.36056777834892273,-0.013231375254690647,0.45644375681877136,0.33364221453666687,-0.0178874172270298,0.4554179012775421,0.3117580711841583,-0.02136552706360817,0.4427376389503479,0.41656017303466797,-0.012209365144371986,0.4435833692550659,0.38149020075798035,-0.0153213981539011,0.44471460580825806,0.36001309752464294,-0.017225641757249832,0.4448745548725128,0.3418349325656891,-0.018757298588752747,0.6012292504310608,0.5410021543502808,-1.2341502264590076e-09,0.5860267281532288,0.5125125646591187,-0.011018986813724041,0.5783236026763916,0.473062127828598,-0.01443568430840969,0.5859052538871765,0.4385073781013489,-0.017040463164448738,0.5989518165588379,0.4255237877368927,-0.018953092396259308,0.5833495855331421,0.43078112602233887,-0.003194616176187992,0.5786436796188354,0.3843430280685425,-0.008090686984360218,0.5773221850395203,0.35512882471084595,-0.01273826789110899,0.5777883529663086,0.33003777265548706,-0.016927069053053856,0.5952121615409851,0.4260239601135254,-0.0019610831514000893,0.5913381576538086,0.37364912033081055,-0.006740726064890623,0.589825451374054,0.3406382203102112,-0.011934511363506317,0.58875972032547,0.31361785531044006,-0.016092449426651,0.6062520742416382,0.4296015501022339,-0.002521058078855276,0.6030244827270508,0.38209447264671326,-0.009174481965601444,0.6004262566566467,0.35123884677886963,-0.015206312760710716,0.598240077495575,0.3253004848957062,-0.01912085898220539,0.6174750924110413,0.4412871301174164,-0.004199001006782055,0.616511344909668,0.40629976987838745,-0.010889919474720955,0.6148645281791687,0.3826422095298767,-0.015344008803367615,0.6129642128944397,0.3615694046020508,-0.018376316875219345
33,0.4501456618309021,0.515910267829895,2.9761093145452833e-08,0.4674094319343567,0.5027950406074524,-0.008694172836840153,0.4784679114818573,0.4667656421661377,-0.012219858355820179,0.46924424171447754,0.43270692229270935,-0.01512970868498087,0.45317474007606506,0.41835206747055054,-0.018114008009433746,0.4792250096797943,0.41232210397720337,-0.006993232760578394,0.4815780818462372,0.36246123909950256,-0.013124944642186165,0.4800640344619751,0.3353635370731354,-0.018849298357963562,0.4775097668170929,0.31382033228874207,-0.02302689664065838,0.46663492918014526,0.4033602178096771,-0.0076608783565461636,0.46808263659477234,0.3501509428024292,-0.011899332515895367,0.4673091471195221,0.3193921446800232,-0.01715070568025112,0.46525001525878906,0.2951987385749817,-0.021379033103585243,0.45472103357315063,0.40573450922966003,-0.009437083266675472,0.45575064420700073,0.3585682511329651,-0.013128724880516529,0.4559364318847656,0.3316134512424469,-0.017633231356739998,0.45494985580444336,0.3096260130405426,-0.02106647752225399,0.4423903226852417,0.4165060222148895,-0.012229392305016518,0.4428689181804657,0.38076329231262207,-0.01535716000944376,0.4439944624900818,0.35927683115005493,-0.01723834127187729,0.4445239007472992,0.340772807598114,-0.01879976876080036,0.5983431339263916,0.5413330793380737,-3.393104108795342e-08,0.5840865969657898,0.5126064419746399,-0.01055415440350771,0.5772184133529663,0.4731273651123047,-0.014158469624817371,0.5847396850585938,0.4386714994907379,-0.01726927049458027,0.5975929498672485,0.42313769459724426,-0.019727395847439766,0.5817844867706299,0.42988863587379456,-0.0029691699892282486,0.5767632722854614,0.3836125433444977,-0.008195346221327782,0.5751814842224121,0.3560452163219452,-0.013156486675143242,0.5756962895393372,0.3316282033920288,-0.01759103313088417,0.5937222242355347,0.4252665340900421,-0.002283262088894844,0.5897477865219116,0.3727028965950012,-0.00710353022441268,0.587878942489624,0.3405132293701172,-0.012409180402755737,0.5862792730331421,0.31398624181747437,-0.016869110986590385,0.604987621307373,0.42866384983062744,-0.003412924474105239,0.6020212173461914,0.3795884847640991,-0.010048428550362587,0.5987734794616699,0.34917229413986206,-0.01598632149398327,0.5955823659896851,0.3238249123096466,-0.02004234679043293,0.6167292594909668,0.4405558705329895,-0.00567127950489521,0.6155728101730347,0.40379270911216736,-0.012182077392935753,0.6131936311721802,0.379587322473526,-0.016508840024471283,0.6104755401611328,0.35801249742507935,-0.019648918882012367
34,0.45137131214141846,0.5130451917648315,3.830308870078625e-08,0.46853354573249817,0.5000961422920227,-0.008297514170408249,0.47874465584754944,0.46457919478416443,-0.01171985175460577,0.4694487750530243,0.43083229660987854,-0.014469108544290066,0.4528146982192993,0.4179069995880127,-0.017383361235260963,0.47851502895355225,0.4118292033672333,-0.007267932873219252,0.48073527216911316,0.3631211817264557,-0.012901253998279572,0.47925981879234314,0.3370956778526306,-0.018258748576045036,0.47690078616142273,0.315830260515213,-0.022221507504582405,0.4658535420894623,0.40279585123062134,-0.007755552418529987,0.466718465089798,0.3499613106250763,-0.011305969208478928,0.46601402759552,0.31997737288475037,-0.01618909277021885,0.4642288088798523,0.29619038105010986,-0.020216073840856552,0.45408767461776733,0.40527909994125366,-0.009153586812317371,0.4542637765407562,0.3600500524044037,-0.012019128538668156,0.4546232521533966,0.33316877484321594,-0.01615775376558304,0.45396971702575684,0.31110715866088867,-0.01944621466100216,0.4420498311519623,0.4163237512111664,-0.01150559727102518,0.4419843256473541,0.3817283511161804,-0.013868317939341068,0.4429282546043396,0.36083516478538513,-0.015173890627920628,0.4433276653289795,0.3430511951446533,-0.0163631159812212,0.5979804396629333,0.5398560166358948,-3.608264975696329e-08,0.5839248895645142,0.5109743475914001,-0.010392464697360992,0.5763123035430908,0.4709603190422058,-0.013767465017735958,0.5839102268218994,0.4358707368373871,-0.016660252586007118,0.5976182818412781,0.42035871744155884,-0.018887409940361977,0.5810128450393677,0.42731910943984985,-0.0023611898068338633,0.5757669806480408,0.3811522126197815,-0.007429888471961021,0.5748245716094971,0.35387399792671204,-0.012347361072897911,0.5758386850357056,0.32972460985183716,-0.01678577996790409,0.5930976867675781,0.4228067994117737,-0.0016409528907388449,0.5892602205276489,0.3704797029495239,-0.006500019691884518,0.5878193378448486,0.33934831619262695,-0.011540782637894154,0.5865840315818787,0.31394195556640625,-0.015698673203587532,0.6042219996452332,0.4267047643661499,-0.002778376219794154,0.6011583805084229,0.37871551513671875,-0.009553713724017143,0.5984420776367188,0.34949320554733276,-0.015267180278897285,0.5958938002586365,0.3250370919704437,-0.01908807083964348,0.6158055663108826,0.4390259087085724,-0.0050270133651793,0.6146930456161499,0.4037933647632599,-0.011593775823712349,0.6130679249763489,0.38113781809806824,-0.015863467007875443,0.6113430857658386,0.36138948798179626,-0.018902458250522614
35,0.45137131214141846,0.5130451917648315,3.830308870078625e-08,0.46853354573249817,0.5000961422920227,-0.008297514170408249,0.47874465584754944,0.46457919478416443,-0.01171985175460577,0.4694487750530243,0.43083229660987854,-0.014469108544290066,0.4528146982192993,0.4179069995880127,-0.017383361235260963,0.47851502895355225,0.4118292033672333,-0.007267932873219252,0.48073527216911316,0.3631211817264557,-0.012901253998279572,0.47925981879234314,0.3370956778526306,-0.018258748576045036,0.47690078616142273,0.315830260515213,-0.022221507504582405,0.4658535420894623,0.40279585123062134,-0.007755552418529987,0.466718465089798,0.3499613106250763,-0.011305969208478928,0.46601402759552,0.31997737288475037,-0.01618909277021885,0.4642288088798523,0.29619038105010986,-0.020216073840856552,0.45408767461776733,0.40527909994125366,-0.009153586812317371,0.4542637765407562,0.3600500524044037,-0.012019128538668156,0.4546232521533966,0.33316877484321594,-0.01615775376558304,0.45396971702575684,0.31110715866088867,-0.01944621466100216,0.4420498311519623,0.4163237512111664,-0.01150559727102518,0.4419843256473541,0.3817283511161804,-0.013868317939341068,0.4429282546043396,0.36083516478538513,-0.015173890627920628,0.4433276653289795,0.3430511951446533,-0.0163631159812212,0.5979804396629333,0.5398560166358948,-3.608264975696329e-08,0.5839248895645142,0.5109743475914001,-0.010392464697360992,0.5763123035430908,0.4709603190422058,-0.013767465017735958,0.5839102268218994,0.4358707368373871,-0.016660252586007118,0.5976182818412781,0.42035871744155884,-0.018887409940361977,0.5810128450393677,0.42731910943984985,-0.0023611898068338633,0.5757669806480408,0.3811522126197815,-0.007429888471961021,0.5748245716094971,0.35387399792671204,-0.012347361072897911,0.5758386850357056,0.32972460985183716,-0.01678577996790409,0.5930976867675781,0.4228067994117737,-0.0016409528907388449,0.5892602205276489,0.3704797029495239,-0.006500019691884518,0.5878193378448486,0.33934831619262695,-0.011540782637894154,0.5865840315818787,0.31394195556640625,-0.015698673203587532,0.6042219996452332,0.4267047643661499,-0.002778376219794154,0.6011583805084229,0.37871551513671875,-0.009553713724017143,0.5984420776367188,0.34949320554733276,-0.015267180278897285,0.5958938002586365,0.3250370919704437,-0.01908807083964348,0.6158055663108826,0.4390259087085724,-0.0050270133651793,0.6146930456161499,0.4037933647632599,-0.011593775823712349,0.6130679249763489,0.38113781809806824,-0.015863467007875443,0.6113430857658386,0.36138948798179626,-0.018902458250522614
36,0.4506101608276367,0.5112536549568176,3.127282255377395e-08,0.4677131772041321,0.49818557500839233,-0.008415400981903076,0.4782355725765228,0.4628630578517914,-0.011765585280954838,0.46826663613319397,0.4286746084690094,-0.014460083097219467,0.4519686996936798,0.4154255986213684,-0.017288189381361008,0.4780789911746979,0.41119733452796936,-0.006862863898277283,0.4802588224411011,0.36319300532341003,-0.012781558558344841,0.47836995124816895,0.336624413728714,-0.018455302342772484,0.47538140416145325,0.31503885984420776,-0.02259824052453041,0.4654265344142914,0.40233439207077026,-0.007426868192851543,0.4660729169845581,0.3502616286277771,-0.011134589090943336,0.46490177512168884,0.3202122449874878,-0.016217518597841263,0.4627087116241455,0.2968789339065552,-0.020383158698678017,0.45378535985946655,0.4047643840312958,-0.00901020411401987,0.45384371280670166,0.3592013120651245,-0.01226795744150877,0.4536421000957489,0.3326335549354553,-0.016592152416706085,0.45251452922821045,0.31143906712532043,-0.019893232733011246,0.44167184829711914,0.4155902862548828,-0.011568929068744183,0.441874235868454,0.38095515966415405,-0.01427923608571291,0.4424803555011749,0.3605589270591736,-0.015782969072461128,0.4424879848957062,0.3436630070209503,-0.01704011857509613,0.5980023741722107,0.5403082370758057,-3.6033085848430346e-08,0.5832960605621338,0.5121096968650818,-0.010166226886212826,0.5768089890480042,0.4722079038619995,-0.012929107062518597,0.584967851638794,0.437695175409317,-0.015295433811843395,0.5979394316673279,0.42384496331214905,-0.017056824639439583,0.5816952586174011,0.42970967292785645,-0.0010652040364220738,0.5764575600624084,0.3837135136127472,-0.005311191082000732,0.5747547745704651,0.3560234010219574,-0.00971316359937191,0.5751892924308777,0.3313242793083191,-0.013902098871767521,0.5936651229858398,0.4250810146331787,-0.000383323262212798,0.5894221663475037,0.37269800901412964,-0.00441835168749094,0.5872328281402588,0.3402461111545563,-0.009464173577725887,0.5854178667068481,0.31350237131118774,-0.013768800534307957,0.604871928691864,0.42845770716667175,-0.0015754884807392955,0.6019569635391235,0.37952959537506104,-0.007744998205453157,0.5984404683113098,0.34854942560195923,-0.01384681649506092,0.5953713059425354,0.32252293825149536,-0.018063204362988472,0.6163606643676758,0.44002097845077515,-0.003894977504387498,0.6151397228240967,0.4037160277366638,-0.010140554048120975,0.6128847002983093,0.37970757484436035,-0.014639130793511868,0.6105074286460876,0.3583000600337982,-0.01796901971101761
37,0.4488247036933899,0.5136935114860535,1.5272402009713915e-08,0.46713051199913025,0.49908334016799927,-0.00728041073307395,0.4785522222518921,0.46305200457572937,-0.01027950644493103,0.4691614806652069,0.4285227060317993,-0.012953925877809525,0.451890230178833,0.41562238335609436,-0.016006959602236748,0.4778628647327423,0.409728467464447,-0.005505980458110571,0.47953295707702637,0.3614436089992523,-0.01156026590615511,0.4775373637676239,0.33425724506378174,-0.017636673524975777,0.47445791959762573,0.31158727407455444,-0.02216273918747902,0.4652627408504486,0.4018245041370392,-0.006975182332098484,0.46634232997894287,0.34884053468704224,-0.010996919125318527,0.4653741121292114,0.3190096616744995,-0.016423558816313744,0.46304893493652344,0.29554152488708496,-0.02094435691833496,0.4533184766769409,0.4051673710346222,-0.009458648040890694,0.45399031043052673,0.358049213886261,-0.013345075771212578,0.4539349377155304,0.33044758439064026,-0.018100334331393242,0.4527668356895447,0.30803513526916504,-0.02171626314520836,0.44117021560668945,0.41668587923049927,-0.012799649499356747,0.44204282760620117,0.3810572028160095,-0.01591380313038826,0.4428732693195343,0.3603518605232239,-0.017548086121678352,0.4430081248283386,0.34267133474349976,-0.019032923504710197,0.6000536680221558,0.5415477156639099,-1.0168482944550306e-08,0.5844045281410217,0.5138470530509949,-0.009985765442252159,0.5768639445304871,0.4725070297718048,-0.012647692114114761,0.5848444700241089,0.4376724064350128,-0.01475103572010994,0.5977479219436646,0.42542922496795654,-0.01625395193696022,0.5811845660209656,0.43084022402763367,-0.002015623962506652,0.5766851305961609,0.38395947217941284,-0.006557822227478027,0.5757127404212952,0.355049729347229,-0.010961098596453667,0.5765129327774048,0.3301578164100647,-0.015045383013784885,0.5931930541992188,0.4261879324913025,-0.0013324881438165903,0.5899009108543396,0.3732031583786011,-0.005946110002696514,0.5885555744171143,0.3402511477470398,-0.011109914630651474,0.5877090096473694,0.3130102753639221,-0.01525158155709505,0.6043564677238464,0.43034112453460693,-0.0023764423094689846,0.6019686460494995,0.3827751874923706,-0.008725815452635288,0.5996508002281189,0.35141149163246155,-0.014958520419895649,0.5975895524024963,0.3247256875038147,-0.019169144332408905,0.6158638596534729,0.44251975417137146,-0.004454765934497118,0.6149209141731262,0.40695780515670776,-0.010944558307528496,0.6133888363838196,0.3826163411140442,-0.015568384900689125,0.6115973591804504,0.3609555661678314,-0.018844641745090485
38,0.44963598251342773,0.5125866532325745,1.582870901017941e-08,0.4672853648662567,0.498669296503067,-0.0077996631152927876,0.4776706099510193,0.4627281427383423,-0.011169240809977055,0.4682309627532959,0.42899417877197266,-0.014150377362966537,0.45126938819885254,0.41602015495300293,-0.0174016822129488,0.4770364761352539,0.4086800515651703,-0.006625555455684662,0.47918277978897095,0.36066460609436035,-0.012760528363287449,0.47709572315216064,0.33401504158973694,-0.018629973754286766,0.4742256700992584,0.3116326928138733,-0.023004282265901566,0.46437543630599976,0.401042103767395,-0.007784332614392042,0.4650881290435791,0.3475792706012726,-0.011849232017993927,0.4640923738479614,0.3176743984222412,-0.01704476960003376,0.4619714021682739,0.2938827574253082,-0.021404974162578583,0.45268961787223816,0.4046951234340668,-0.00993046909570694,0.4525856673717499,0.3578290045261383,-0.013583575375378132,0.45251843333244324,0.3306547701358795,-0.01778739131987095,0.4515977203845978,0.3084096312522888,-0.021110333502292633,0.4409106969833374,0.41631948947906494,-0.013034948147833347,0.4409574866294861,0.3799169659614563,-0.016024688258767128,0.4419330358505249,0.35849088430404663,-0.017516590654850006,0.4423898458480835,0.34013497829437256,-0.0189207773655653,0.6004112958908081,0.5420001745223999,-1.096703705627533e-08,0.5847869515419006,0.5149475336074829,-0.009876539930701256,0.5769426822662354,0.47297120094299316,-0.012186135165393353,0.5851150751113892,0.437257319688797,-0.01399946492165327,0.5983253717422485,0.42465007305145264,-0.015207646414637566,0.581207275390625,0.4311477243900299,-0.0012554011773318052,0.576812207698822,0.38435161113739014,-0.005628679879009724,0.5760841965675354,0.3553532063961029,-0.009992643259465694,0.576937198638916,0.330361545085907,-0.014065864495933056,0.5930981636047363,0.42576509714126587,-0.0005781723302789032,0.5895472168922424,0.3735812306404114,-0.0050815255381166935,0.5883002877235413,0.34024396538734436,-0.010148020461201668,0.5875754356384277,0.31298893690109253,-0.01416208315640688,0.6042397022247314,0.4293431043624878,-0.001690625911578536,0.6018759608268738,0.3819500803947449,-0.007908744737505913,0.5995020270347595,0.35081541538238525,-0.01400826033204794,0.5974565744400024,0.32451122999191284,-0.018077729269862175,0.6159053444862366,0.44104066491127014,-0.00387581717222929,0.6148789525032043,0.40567833185195923,-0.010290335863828659,0.6133899092674255,0.38190147280693054,-0.014860136434435844,0.6118026375770569,0.3613879382610321,-0.01802925392985344
39,0.44963598251342773,0.5125866532325745,1.582870901017941e-08,0.4672853648662567,0.498669296503067,-0.0077996631152927876,0.4776706099510193,0.4627281427383423,-0.011169240809977055,0.4682309627532959,0.42899417877197266,-0.014150377362966537,0.45126938819885254,0.41602015495300293,-0.0174016822129488,0.4770364761352539,0.4086800515651703,-0.006625555455684662,0.47918277978897095,0.36066460609436035,-0.012760528363287449,0.47709572315216064,0.33401504158973694,-0.018629973754286766,0.4742256700992584,0.3116326928138733,-0.023004282265901566,0.46437543630599976,0.401042103767395,-0.007784332614392042,0.4650881290435791,0.3475792706012726,-0.011849232017993927,0.4640923738479614,0.3176743984222412,-0.01704476960003376,0.4619714021682739,0.2938827574253082,-0.021404974162578583,0.45268961787223816,0.4046951234340668,-0.00993046909570694,0.4525856673717499,0.3578290045261383,-0.013583575375378132,0.45251843333244324,0.3306547701358795,-0.01778739131987095,0.4515977203845978,0.3084096312522888,-0.021110333502292633,0.4409106969833374,0.41631948947906494,-0.013034948147833347,0.4409574866294861,0.3799169659614563,-0.016024688258767128,0.4419330358505249,0.35849088430404663,-0.017516590654850006,0.4423898458480835,0.34013497829437256,-0.0189207773655653,0.6004112958908081,0.5420001745223999,-1.096703705627533e-08,0.5847869515419006,0.5149475336074829,-0.009876539930701256,0.5769426822662354,0.47297120094299316,-0.012186135165393353,0.5851150751113892,0.437257319688797,-0.01399946492165327,0.5983253717422485,0.42465007305145264,-0.015207646414637566,0.581207275390625,0.4311477243900299,-0.0012554011773318052,0.576812207698822,0.38435161113739014,-0.005628679879009724,0.5760841965675354,0.3553532063961029,-0.009992643259465694,0.576937198638916,0.330361545085907,-0.014065864495933056,0.5930981636047363,0.42576509714126587,-0.0005781723302789032,0.5895472168922424,0.3735812306404114,-0.0050815255381166935,0.5883002877235413,0.34024396538734436,-0.010148020461201668,0.5875754356384277,0.31298893690109253,-0.01416208315640688,0.6042397022247314,0.4293431043624878,-0.001690625911578536,0.6018759608268738,0.3819500803947449,-0.007908744737505913,0.5995020270347595,0.35081541538238525,-0.01400826033204794,0.5974565744400024,0.32451122999191284,-0.018077729269862175,0.6159053444862366,0.44104066491127014,-0.00387581717222929,0.6148789525032043,0.40567833185195923,-0.010290335863828659,0.6133899092674255,0.38190147280693054,-0.014860136434435844,0.6118026375770569,0.3613879382610321,-0.01802925392985344
40,0.45246490836143494,0.5080416202545166,2.576093827144632e-08,0.4681057035923004,0.49385058879852295,-0.008420494385063648,0.4769445061683655,0.45872023701667786,-0.012104753404855728,0.4662555456161499,0.42781463265419006,-0.015262794680893421,0.45046108961105347,0.4165571928024292,-0.018575778231024742,0.4771830141544342,0.40761831402778625,-0.007554927840828896,0.4796086251735687,0.35998761653900146,-0.013932322151958942,0.4775769114494324,0.3340977430343628,-0.019587956368923187,0.4747631549835205,0.3135206699371338,-0.02368844859302044,0.4645274579524994,0.39925262331962585,-0.008523693308234215,0.46598848700523376,0.34717807173728943,-0.013067237101495266,0.46501338481903076,0.31720301508903503,-0.018066050484776497,0.46306636929512024,0.2941431403160095,-0.02202746830880642,0.45290514826774597,0.40195536613464355,-0.010556663386523724,0.4541655480861664,0.3555206060409546,-0.014533303678035736,0.4544396698474884,0.3290056586265564,-0.01865982636809349,0.45368972420692444,0.3075728118419647,-0.0217840988188982,0.4411254823207855,0.4130859076976776,-0.0135742062702775,0.44180867075920105,0.37899741530418396,-0.016990309581160545,0.4427558183670044,0.35849374532699585,-0.018534386530518532,0.44313108921051025,0.34073606133461,-0.019789958372712135,0.5987204313278198,0.5386503338813782,-3.242855584062454e-08,0.5836712718009949,0.5124103426933289,-0.00967345479875803,0.5758030414581299,0.4724796712398529,-0.012604279443621635,0.5842215418815613,0.4374023675918579,-0.015225745737552643,0.5972660779953003,0.4230235517024994,-0.017243433743715286,0.5805111527442932,0.4264962673187256,-0.0017027866560965776,0.5756646990776062,0.3812054991722107,-0.006754840724170208,0.5748061537742615,0.35385382175445557,-0.011835397221148014,0.575458824634552,0.3299768269062042,-0.01634938456118107,0.5926217436790466,0.42135050892829895,-0.0014399515930563211,0.5892682075500488,0.368529736995697,-0.006376009900122881,0.5883363485336304,0.3366129398345947,-0.01165841892361641,0.5876367688179016,0.3108518719673157,-0.01589905098080635,0.6038438677787781,0.42510339617729187,-0.0029671562369912863,0.6014296412467957,0.37737059593200684,-0.00935837347060442,0.5994768142700195,0.34792977571487427,-0.01525582280009985,0.597446620464325,0.3234535753726959,-0.019276287406682968,0.6155966520309448,0.43704625964164734,-0.0055756475776433945,0.6142429709434509,0.4010408818721771,-0.011839496903121471,0.6126351952552795,0.3774673640727997,-0.016167696565389633,0.6108012795448303,0.35735782980918884,-0.019255103543400764
