frame,feature_0,feature_1,feature_2,feature_3,feature_4,feature_5,feature_6,feature_7,feature_8,feature_9,feature_10,feature_11,feature_12,feature_13,feature_14,feature_15,feature_16,feature_17,feature_18,feature_19,feature_20,feature_21,feature_22,feature_23,feature_24,feature_25,feature_26,feature_27,feature_28,feature_29,feature_30,feature_31,feature_32,feature_33,feature_34,feature_35,feature_36,feature_37,feature_38,feature_39,feature_40,feature_41,feature_42,feature_43,feature_44,feature_45,feature_46,feature_47,feature_48,feature_49,feature_50,feature_51,feature_52,feature_53,feature_54,feature_55,feature_56,feature_57,feature_58,feature_59,feature_60,feature_61,feature_62,feature_63,feature_64,feature_65,feature_66,feature_67,feature_68,feature_69,feature_70,feature_71,feature_72,feature_73,feature_74,feature_75,feature_76,feature_77,feature_78,feature_79,feature_80,feature_81,feature_82,feature_83,feature_84,feature_85,feature_86,feature_87,feature_88,feature_89,feature_90,feature_91,feature_92,feature_93,feature_94,feature_95,feature_96,feature_97,feature_98,feature_99,feature_100,feature_101,feature_102,feature_103,feature_104,feature_105,feature_106,feature_107,feature_108,feature_109,feature_110,feature_111,feature_112,feature_113,feature_114,feature_115,feature_116,feature_117,feature_118,feature_119,feature_120,feature_121,feature_122,feature_123,feature_124,feature_125
1,0.33104491233825684,0.750403642654419,1.5197363723018498e-07,0.35081717371940613,0.7342044711112976,-0.010971230454742908,0.3590625524520874,0.7029976844787598,-0.0195151437073946,0.3413832485675812,0.6778726577758789,-0.027538850903511047,0.32262933254241943,0.6647998094558716,-0.03679000213742256,0.3574388027191162,0.6408809423446655,-0.019450359046459198,0.35766738653182983,0.5790202617645264,-0.03171331062912941,0.3552139103412628,0.5419738292694092,-0.040595799684524536,0.351951539516449,0.5120636224746704,-0.04657062515616417,0.3390938341617584,0.6361384391784668,-0.02242148295044899,0.3392446041107178,0.5672882795333862,-0.0334056131541729,0.33726608753204346,0.5230703353881836,-0.04232654720544815,0.3356402516365051,0.4872256815433502,-0.048459023237228394,0.3220422863960266,0.6443594694137573,-0.026089539751410484,0.32186761498451233,0.5801659226417542,-0.0360359288752079,0.32084569334983826,0.5427030920982361,-0.04305638000369072,0.32036635279655457,0.5107336044311523,-0.04731364920735359,0.30542731285095215,0.6618688702583313,-0.030456136912107468,0.3029179871082306,0.6152245402336121,-0.03930331766605377,0.3012732267379761,0.5870299339294434,-0.04259324073791504,0.3003652095794678,0.5604095458984375,-0.04423511028289795,0.6020767092704773,0.7899495959281921,-7.516625516457154e-11,0.5760071277618408,0.7551693916320801,-0.013246136717498302,0.5682010054588318,0.6967300772666931,-0.01830948516726494,0.5871754288673401,0.6553286910057068,-0.02319926582276821,0.60616534948349,0.6435230374336243,-0.027408599853515625,0.5763139724731445,0.6178058981895447,-0.004411113448441029,0.5774702429771423,0.5515625476837158,-0.012364678084850311,0.5800771117210388,0.5125461220741272,-0.020120691508054733,0.5827991962432861,0.47898730635643005,-0.02678714692592621,0.596225917339325,0.6160411834716797,-0.005328572820872068,0.5990127921104431,0.5395490527153015,-0.012124784290790558,0.6013904213905334,0.4939591884613037,-0.01895809732377529,0.6025069952011108,0.4559093117713928,-0.02456975355744362,0.6141330599784851,0.628158688545227,-0.00864686444401741,0.6162747740745544,0.5601980686187744,-0.015907878056168556,0.6173055171966553,0.5194602608680725,-0.022039979696273804,0.61741042137146,0.4844213128089905,-0.026810092851519585,0.6322747468948364,0.652169942855835,-0.013765784911811352,0.6340629458427429,0.602241575717926,-0.020595068112015724,0.6337145566940308,0.5684914588928223,-0.02449195273220539,0.6329112648963928,0.5381307005882263,-0.027594568207859993
2,0.33104491233825684,0.750403642654419,1.5197363723018498e-07,0.35081717371940613,0.7342044711112976,-0.010971230454742908,0.3590625524520874,0.7029976844787598,-0.0195151437073946,0.3413832485675812,0.6778726577758789,-0.027538850903511047,0.32262933254241943,0.6647998094558716,-0.03679000213742256,0.3574388027191162,0.6408809423446655,-0.019450359046459198,0.35766738653182983,0.5790202617645264,-0.03171331062912941,0.3552139103412628,0.5419738292694092,-0.040595799684524536,0.351951539516449,0.5120636224746704,-0.04657062515616417,0.3390938341617584,0.6361384391784668,-0.02242148295044899,0.3392446041107178,0.5672882795333862,-0.0334056131541729,0.33726608753204346,0.5230703353881836,-0.04232654720544815,0.3356402516365051,0.4872256815433502,-0.048459023237228394,0.3220422863960266,0.6443594694137573,-0.026089539751410484,0.32186761498451233,0.5801659226417542,-0.0360359288752079,0.32084569334983826,0.5427030920982361,-0.04305638000369072,0.32036635279655457,0.5107336044311523,-0.04731364920735359,0.30542731285095215,0.6618688702583313,-0.030456136912107468,0.3029179871082306,0.6152245402336121,-0.03930331766605377,0.3012732267379761,0.5870299339294434,-0.04259324073791504,0.3003652095794678,0.5604095458984375,-0.04423511028289795,0.6020767092704773,0.7899495959281921,-7.516625516457154e-11,0.5760071277618408,0.7551693916320801,-0.013246136717498302,0.5682010054588318,0.6967300772666931,-0.01830948516726494,0.5871754288673401,0.6553286910057068,-0.02319926582276821,0.60616534948349,0.6435230374336243,-0.027408599853515625,0.5763139724731445,0.6178058981895447,-0.004411113448441029,0.5774702429771423,0.5515625476837158,-0.012364678084850311,0.5800771117210388,0.5125461220741272,-0.020120691508054733,0.5827991962432861,0.47898730635643005,-0.02678714692592621,0.596225917339325,0.6160411834716797,-0.005328572820872068,0.5990127921104431,0.5395490527153015,-0.012124784290790558,0.6013904213905334,0.4939591884613037,-0.01895809732377529,0.6025069952011108,0.4559093117713928,-0.02456975355744362,0.6141330599784851,0.628158688545227,-0.00864686444401741,0.6162747740745544,0.5601980686187744,-0.015907878056168556,0.6173055171966553,0.5194602608680725,-0.022039979696273804,0.61741042137146,0.4844213128089905,-0.026810092851519585,0.6322747468948364,0.652169942855835,-0.013765784911811352,0.6340629458427429,0.602241575717926,-0.020595068112015724,0.6337145566940308,0.5684914588928223,-0.02449195273220539,0.6329112648963928,0.5381307005882263,-0.027594568207859993
3,0.33099761605262756,0.7888809442520142,1.5200714642560342e-07,0.35185256600379944,0.7690987586975098,-0.012785712257027626,0.3608046770095825,0.7181835770606995,-0.017734935507178307,0.34169742465019226,0.6793574094772339,-0.021614260971546173,0.3189411759376526,0.6698606014251709,-0.02592971734702587,0.35864585638046265,0.6464930176734924,-0.010561653412878513,0.3590717613697052,0.5827093720436096,-0.018657922744750977,0.3570011854171753,0.5438318252563477,-0.0262109637260437,0.353386789560318,0.5130802989006042,-0.03195459395647049,0.3399009108543396,0.6378061771392822,-0.011714077554643154,0.3401954472064972,0.5691764950752258,-0.01808973401784897,0.3387262225151062,0.523193895816803,-0.025880951434373856,0.33575278520584106,0.48704075813293457,-0.031588345766067505,0.3225099444389343,0.6451261639595032,-0.014440692961215973,0.32255133986473083,0.579238772392273,-0.02135416679084301,0.32265740633010864,0.5415177941322327,-0.029148884117603302,0.3217373788356781,0.5095635056495667,-0.03410009667277336,0.30462801456451416,0.6657225489616394,-0.018413154408335686,0.3041301965713501,0.6157152056694031,-0.025524547323584557,0.3038995862007141,0.585604727268219,-0.029609235003590584,0.30330151319503784,0.5584194660186768,-0.03208231180906296,0.6026629209518433,0.7885145545005798,-6.971453636595015e-09,0.5772805213928223,0.75532066822052,-0.013309772126376629,0.5684430003166199,0.6979957222938538,-0.01858631893992424,0.5856960415840149,0.6560372114181519,-0.023630416020751,0.6038187146186829,0.6401360630989075,-0.0280761681497097,0.5761864185333252,0.6189744472503662,-0.005944254342466593,0.5769662261009216,0.5532324314117432,-0.014293871819972992,0.579528272151947,0.5143228769302368,-0.022055067121982574,0.5822881460189819,0.48060518503189087,-0.02869688905775547,0.5961610078811646,0.6164655685424805,-0.006834356114268303,0.5988029837608337,0.5395872592926025,-0.013955005444586277,0.6010793447494507,0.4943908751010895,-0.020760558545589447,0.6021774411201477,0.45657697319984436,-0.026380669325590134,0.6141694188117981,0.6286565661430359,-0.010018521919846535,0.6160995364189148,0.5608394145965576,-0.017702588811516762,0.6169965267181396,0.5203263163566589,-0.024042144417762756,0.6169953942298889,0.48490938544273376,-0.028980223461985588,0.6321263313293457,0.6528753042221069,-0.01492124330252409,0.633749783039093,0.6036126613616943,-0.02222144603729248,0.6331194043159485,0.5701631307601929,-0.026439042761921883,0.6319177746772766,0.5397363901138306,-0.029788242653012276
4,0.3337799310684204,0.7828906774520874,1.4127932956853329e-07,0.3542810082435608,0.7652393579483032,-0.013115018606185913,0.36251676082611084,0.7175074219703674,-0.018883755430579185,0.3437774181365967,0.6808102130889893,-0.023470383137464523,0.3217586278915405,0.6709331274032593,-0.02858978509902954,0.3603421449661255,0.6475255489349365,-0.013258944265544415,0.35979899764060974,0.5830579400062561,-0.022588705644011497,0.3571125566959381,0.5440322160720825,-0.030516956001520157,0.35300129652023315,0.5136178731918335,-0.036255382001399994,0.3417356312274933,0.6397125124931335,-0.014339685440063477,0.34133249521255493,0.5696640610694885,-0.021997185423970222,0.33925390243530273,0.5233629941940308,-0.029970631003379822,0.33627569675445557,0.4875723421573639,-0.035679224878549576,0.3244178593158722,0.6472318768501282,-0.016880929470062256,0.3246111571788788,0.5807555913925171,-0.024582618847489357,0.32416805624961853,0.5420976281166077,-0.03238411992788315,0.3230314254760742,0.5102768540382385,-0.037281278520822525,0.30699777603149414,0.6666616201400757,-0.02059885859489441,0.30621469020843506,0.6170143485069275,-0.02830866165459156,0.30539390444755554,0.5864804983139038,-0.03257450833916664,0.30445384979248047,0.559207022190094,-0.03510862588882446,0.6027325391769409,0.7897713780403137,-1.1385997922275237e-08,0.5778955221176147,0.7567015290260315,-0.01250519324094057,0.5685312151908875,0.6998159289360046,-0.01788301207125187,0.5837712287902832,0.6574832797050476,-0.023179061710834503,0.5996090173721313,0.637740969657898,-0.027932491153478622,0.5769186019897461,0.6196103096008301,-0.006222872994840145,0.5777618885040283,0.5537218451499939,-0.01490557286888361,0.580105721950531,0.5150669813156128,-0.022838424891233444,0.5825021862983704,0.4815062880516052,-0.029538728296756744,0.5963978171348572,0.6172643899917603,-0.00765195582062006,0.5989354848861694,0.5402781963348389,-0.01526892464607954,0.6011860370635986,0.4953002333641052,-0.02247619442641735,0.6023419499397278,0.4573230743408203,-0.028379149734973907,0.6141979098320007,0.6293249726295471,-0.01125325821340084,0.6160268783569336,0.5606091618537903,-0.01931915432214737,0.6170290112495422,0.520016610622406,-0.02589789219200611,0.6170878410339355,0.4845083951950073,-0.031006217002868652,0.6323003172874451,0.6533235907554626,-0.016442924737930298,0.634235143661499,0.6036250591278076,-0.024036955088377,0.6337141990661621,0.5701772570610046,-0.028414076194167137,0.6325302124023438,0.539617657661438,-0.03187132626771927
5,0.3351741433143616,0.7778084874153137,1.4666382242012332e-07,0.3555123805999756,0.7616454362869263,-0.013180081732571125,0.3646596670150757,0.7173771858215332,-0.019361458718776703,0.3483690023422241,0.6811057329177856,-0.0242539644241333,0.32773730158805847,0.6680166721343994,-0.029699809849262238,0.36181217432022095,0.6477324366569519,-0.014566423371434212,0.36118075251579285,0.5844032764434814,-0.024372734129428864,0.35806170105934143,0.5456242561340332,-0.03256924822926521,0.3536904752254486,0.5150026679039001,-0.03843905031681061,0.34336379170417786,0.6400495171546936,-0.015513801015913486,0.342405766248703,0.5715489387512207,-0.024161571636795998,0.340114027261734,0.525367259979248,-0.03288842365145683,0.33710867166519165,0.48899179697036743,-0.03897766396403313,0.3262850344181061,0.6474326848983765,-0.017718415707349777,0.3260154128074646,0.5823092460632324,-0.02626875974237919,0.3248422145843506,0.5432144999504089,-0.034320756793022156,0.32304105162620544,0.510782778263092,-0.03920929878950119,0.30904948711395264,0.6664860248565674,-0.0209775622934103,0.30787432193756104,0.6172014474868774,-0.02922833524644375,0.306954026222229,0.5867723226547241,-0.033600449562072754,0.30583733320236206,0.5594444274902344,-0.036046188324689865,0.604164183139801,0.7907307147979736,7.876297836162394e-09,0.5787370204925537,0.7588557600975037,-0.012779832817614079,0.5695137977600098,0.7007911801338196,-0.017695780843496323,0.5869194865226746,0.6595025062561035,-0.0224583949893713,0.6058622598648071,0.6458742022514343,-0.026593657210469246,0.5773252248764038,0.6195809841156006,-0.004607472103089094,0.5781241655349731,0.5545350909233093,-0.012643616646528244,0.580665111541748,0.5153275728225708,-0.020346583798527718,0.5833754539489746,0.48258519172668457,-0.026896914467215538,0.5967463850975037,0.6176645755767822,-0.005771798547357321,0.598785936832428,0.5423107147216797,-0.012755101546645164,0.6008390188217163,0.496396541595459,-0.019627591595053673,0.6018011569976807,0.45903393626213074,-0.02511584386229515,0.6144121885299683,0.6301168203353882,-0.009290496818721294,0.6161335706710815,0.5622596144676208,-0.01682230271399021,0.6169567108154297,0.5208483934402466,-0.023371299728751183,0.6170966029167175,0.4856380224227905,-0.028255905956029892,0.6320129632949829,0.6545208096504211,-0.014479204080998898,0.633402943611145,0.6044096350669861,-0.021812379360198975,0.6330724358558655,0.5699560046195984,-0.026237431913614273,0.6326329708099365,0.5390526056289673,-0.029557880014181137
6,0.33437350392341614,0.787109375,1.3368040185923746e-07,0.35585394501686096,0.7704156041145325,-0.012703601270914078,0.36686617136001587,0.7196329832077026,-0.01738577149808407,0.3491978347301483,0.6796979904174805,-0.020922429859638214,0.3264347314834595,0.6686070561408997,-0.02488602325320244,0.36368662118911743,0.6479089856147766,-0.01080518402159214,0.36243999004364014,0.5843862295150757,-0.019324637949466705,0.35909995436668396,0.5453006625175476,-0.026929449290037155,0.3543408215045929,0.5150532722473145,-0.03252237290143967,0.34469959139823914,0.639546811580658,-0.011855934746563435,0.34352901577949524,0.5708475112915039,-0.018921175971627235,0.34107017517089844,0.5249516367912292,-0.02672821842133999,0.33710160851478577,0.48905476927757263,-0.03219481185078621,0.327359676361084,0.6465923190116882,-0.014444442465901375,0.32656264305114746,0.5803098082542419,-0.021952010691165924,0.32569125294685364,0.5425586104393005,-0.029261231422424316,0.32342180609703064,0.5107789039611816,-0.03369918093085289,0.3095531761646271,0.6664038300514221,-0.01822802983224392,0.3087606430053711,0.6148175001144409,-0.02569720707833767,0.307712197303772,0.5845999717712402,-0.02939385548233986,0.3058006763458252,0.557030975818634,-0.031413666903972626,0.6040264368057251,0.7920585870742798,-3.721256636168846e-09,0.5794636011123657,0.7585722208023071,-0.012808486819267273,0.5703667998313904,0.7010564208030701,-0.018265221267938614,0.58524489402771,0.6579927206039429,-0.02361258678138256,0.6013000011444092,0.6403809189796448,-0.02832207828760147,0.5773923993110657,0.6207025051116943,-0.0057910894975066185,0.5785476565361023,0.5549241304397583,-0.014513629488646984,0.5810380578041077,0.516229510307312,-0.02254568040370941,0.5834964513778687,0.482723206281662,-0.02931911125779152,0.59679114818573,0.6185823678970337,-0.007090698927640915,0.599655270576477,0.5423405170440674,-0.014714973047375679,0.6021192073822021,0.49748265743255615,-0.02181972749531269,0.603419303894043,0.45953887701034546,-0.027583392336964607,0.6146224737167358,0.6308202147483826,-0.010646356269717216,0.6166307926177979,0.5627806186676025,-0.018730659037828445,0.61777263879776,0.5223610401153564,-0.025045985355973244,0.6179108619689941,0.4869946539402008,-0.029883787035942078,0.6327018141746521,0.6547835469245911,-0.015860816463828087,0.6348209381103516,0.6057544946670532,-0.02343687042593956,0.634692907333374,0.5724133253097534,-0.027610013261437416,0.6339484453201294,0.5419830083847046,-0.030848436057567596
7,0.33437350392341614,0.787109375,1.3368040185923746e-07,0.35585394501686096,0.7704156041145325,-0.012703601270914078,0.36686617136001587,0.7196329832077026,-0.01738577149808407,0.3491978347301483,0.6796979904174805,-0.020922429859638214,0.3264347314834595,0.6686070561408997,-0.02488602325320244,0.36368662118911743,0.6479089856147766,-0.01080518402159214,0.36243999004364014,0.5843862295150757,-0.019324637949466705,0.35909995436668396,0.5453006625175476,-0.026929449290037155,0.3543408215045929,0.5150532722473145,-0.03252237290143967,0.34469959139823914,0.639546811580658,-0.011855934746563435,0.34352901577949524,0.5708475112915039,-0.018921175971627235,0.34107017517089844,0.5249516367912292,-0.02672821842133999,0.33710160851478577,0.48905476927757263,-0.03219481185078621,0.327359676361084,0.6465923190116882,-0.014444442465901375,0.32656264305114746,0.5803098082542419,-0.021952010691165924,0.32569125294685364,0.5425586104393005,-0.029261231422424316,0.32342180609703064,0.5107789039611816,-0.03369918093085289,0.3095531761646271,0.6664038300514221,-0.01822802983224392,0.3087606430053711,0.6148175001144409,-0.02569720707833767,0.307712197303772,0.5845999717712402,-0.02939385548233986,0.3058006763458252,0.557030975818634,-0.031413666903972626,0.6040264368057251,0.7920585870742798,-3.721256636168846e-09,0.5794636011123657,0.7585722208023071,-0.012808486819267273,0.5703667998313904,0.7010564208030701,-0.018265221267938614,0.58524489402771,0.6579927206039429,-0.02361258678138256,0.6013000011444092,0.6403809189796448,-0.02832207828760147,0.5773923993110657,0.6207025051116943,-0.0057910894975066185,0.5785476565361023,0.5549241304397583,-0.014513629488646984,0.5810380578041077,0.516229510307312,-0.02254568040370941,0.5834964513778687,0.482723206281662,-0.02931911125779152,0.59679114818573,0.6185823678970337,-0.007090698927640915,0.599655270576477,0.5423405170440674,-0.014714973047375679,0.6021192073822021,0.49748265743255615,-0.02181972749531269,0.603419303894043,0.45953887701034546,-0.027583392336964607,0.6146224737167358,0.6308202147483826,-0.010646356269717216,0.6166307926177979,0.5627806186676025,-0.018730659037828445,0.61777263879776,0.5223610401153564,-0.025045985355973244,0.6179108619689941,0.4869946539402008,-0.029883787035942078,0.6327018141746521,0.6547835469245911,-0.015860816463828087,0.6348209381103516,0.6057544946670532,-0.02343687042593956,0.634692907333374,0.5724133253097534,-0.027610013261437416,0.6339484453201294,0.5419830083847046,-0.030848436057567596
8,0.33720993995666504,0.7850068211555481,1.4124211134003417e-07,0.3571775555610657,0.7652816772460938,-0.012882731854915619,0.36584192514419556,0.7162215709686279,-0.0184172410517931,0.34713008999824524,0.6794601678848267,-0.022874625399708748,0.3249894976615906,0.6687573790550232,-0.0277494378387928,0.36418598890304565,0.6469385623931885,-0.012031449005007744,0.3632902503013611,0.5831664800643921,-0.021304437890648842,0.3600441515445709,0.5446696281433105,-0.029337724670767784,0.3552827835083008,0.514885663986206,-0.035125669091939926,0.3452598750591278,0.638291597366333,-0.013307590037584305,0.34431686997413635,0.5691144466400146,-0.020953964442014694,0.34158751368522644,0.5230883955955505,-0.02911657840013504,0.33762848377227783,0.48698198795318604,-0.03483455255627632,0.32791000604629517,0.6451054215431213,-0.01611603982746601,0.32692909240722656,0.5784534811973572,-0.02378367818892002,0.32574453949928284,0.5402998328208923,-0.031338684260845184,0.3236548900604248,0.5082337856292725,-0.03598521277308464,0.3102058470249176,0.6647393107414246,-0.020135626196861267,0.3090534806251526,0.6146774291992188,-0.027448177337646484,0.3083893656730652,0.5843560099601746,-0.031295377761125565,0.3075123727321625,0.5568209886550903,-0.03351479768753052,0.6048064827919006,0.7894232273101807,6.428718890560958e-09,0.5786917209625244,0.756303071975708,-0.012609586119651794,0.569506049156189,0.6995731592178345,-0.017453176900744438,0.5861040949821472,0.6577434539794922,-0.022142140194773674,0.602132260799408,0.6401395201683044,-0.026194486767053604,0.5770991444587708,0.6194359064102173,-0.004455098882317543,0.5787546038627625,0.5535317063331604,-0.012333862483501434,0.5817936062812805,0.5148667693138123,-0.019881675019860268,0.5848469734191895,0.481825053691864,-0.026342520490288734,0.5970081686973572,0.6177565455436707,-0.005645709577947855,0.5998862981796265,0.5417640209197998,-0.012533131055533886,0.6024207472801208,0.4965522587299347,-0.019404208287596703,0.6036583781242371,0.45886990427970886,-0.025025749579072,0.6148954629898071,0.6300376057624817,-0.009148026816546917,0.6171468496322632,0.5622543692588806,-0.016703542321920395,0.6182193160057068,0.5220871567726135,-0.022932158783078194,0.6183203458786011,0.4874876141548157,-0.027695586904883385,0.633094072341919,0.6540442705154419,-0.014312460087239742,0.6349777579307556,0.6044186949729919,-0.02154209464788437,0.6348890662193298,0.5709664225578308,-0.025648217648267746,0.6343960165977478,0.5405260920524597,-0.028834426775574684
9,0.3375830352306366,0.7723175883293152,1.4076367449433747e-07,0.35694795846939087,0.7560849189758301,-0.013116744346916676,0.36559543013572693,0.7133934497833252,-0.01985606923699379,0.3491033613681793,0.6778010725975037,-0.025360463187098503,0.32900214195251465,0.6624804139137268,-0.03144199773669243,0.3643347918987274,0.6443151831626892,-0.01559415739029646,0.3633643686771393,0.5814999341964722,-0.025905540212988853,0.3598555326461792,0.543819785118103,-0.03412942588329315,0.35509100556373596,0.5147004127502441,-0.03986123949289322,0.3459632098674774,0.6363424062728882,-0.016715124249458313,0.34480205178260803,0.5683509707450867,-0.025803163647651672,0.3419495224952698,0.5234760046005249,-0.034305889159440994,0.3383263647556305,0.487715482711792,-0.040120452642440796,0.32883331179618835,0.6433442234992981,-0.019087951630353928,0.3278431296348572,0.578387975692749,-0.027752310037612915,0.3263857960700989,0.5405949354171753,-0.03531907498836517,0.32432085275650024,0.5084971785545349,-0.039955057203769684,0.31140583753585815,0.6620191335678101,-0.022485796362161636,0.3094821572303772,0.612467348575592,-0.0309256911277771,0.30845534801483154,0.5823872089385986,-0.03515930846333504,0.30769869685173035,0.5544729232788086,-0.03746364638209343,0.605342447757721,0.7859865427017212,1.606408162047046e-08,0.5801280736923218,0.7525942325592041,-0.012558409944176674,0.5727031230926514,0.6938377618789673,-0.016972556710243225,0.5911481976509094,0.6531000137329102,-0.021216213703155518,0.6102932691574097,0.6426329612731934,-0.024812407791614532,0.578567624092102,0.6195688843727112,-0.0044654132798314095,0.5790852308273315,0.5548073053359985,-0.012214350514113903,0.5814712643623352,0.5157332420349121,-0.019640907645225525,0.5842968225479126,0.4826742112636566,-0.02596484310925007,0.5978228449821472,0.6168009042739868,-0.0055587440729141235,0.5999428033828735,0.5425861477851868,-0.012339308857917786,0.6025314927101135,0.49658310413360596,-0.019044214859604836,0.6039177775382996,0.4589928686618805,-0.024291060864925385,0.6155089139938354,0.6277325749397278,-0.008892673999071121,0.6173549890518188,0.5611118078231812,-0.01611410267651081,0.6181840896606445,0.5213372111320496,-0.022166326642036438,0.6180476546287537,0.48769211769104004,-0.02656644396483898,0.6333661079406738,0.6502879858016968,-0.013938868418335915,0.6351667046546936,0.6002200841903687,-0.020746730268001556,0.635280430316925,0.5670815110206604,-0.024484923109412193,0.6348631978034973,0.538097083568573,-0.027215169742703438
10,0.3380655348300934,0.7723344564437866,1.4449217644596501e-07,0.35744380950927734,0.754096269607544,-0.012846642173826694,0.36561912298202515,0.710848867893219,-0.01947955973446369,0.348836213350296,0.6765694618225098,-0.02491530030965805,0.32853683829307556,0.6626478433609009,-0.030911466106772423,0.3642350435256958,0.6429947018623352,-0.015347689390182495,0.36363887786865234,0.5794622898101807,-0.02549940161406994,0.3604811728000641,0.5413889288902283,-0.03359130397439003,0.35616740584373474,0.5114269256591797,-0.03927702456712723,0.3458545506000519,0.635459840297699,-0.01663878932595253,0.34479737281799316,0.566406786441803,-0.02548431046307087,0.3421154022216797,0.521263062953949,-0.033761825412511826,0.3387754559516907,0.48585090041160583,-0.03941808640956879,0.32870790362358093,0.643114447593689,-0.0191646795719862,0.32807105779647827,0.5769504904747009,-0.02766590751707554,0.32699108123779297,0.5392111539840698,-0.035040538758039474,0.32550737261772156,0.5076249241828918,-0.03948071599006653,0.31162771582603455,0.6625320911407471,-0.02271447144448757,0.30975478887557983,0.6132417321205139,-0.030902201309800148,0.3089406490325928,0.5829578638076782,-0.034891463816165924,0.3084218502044678,0.5553280115127563,-0.03700670972466469,0.605803906917572,0.7877915501594543,1.550563411001349e-08,0.5798344612121582,0.7549344897270203,-0.012441256083548069,0.5716507434844971,0.694976806640625,-0.016874881461262703,0.5890166759490967,0.6529849767684937,-0.02113555371761322,0.6066914796829224,0.6416181325912476,-0.02468109503388405,0.578282356262207,0.6183435916900635,-0.004219963680952787,0.5797553062438965,0.5530207753181458,-0.011783047579228878,0.5822438597679138,0.5140426754951477,-0.01910613849759102,0.5848242044448853,0.48106420040130615,-0.025408677756786346,0.5977838635444641,0.6158931255340576,-0.005321432836353779,0.6003202199935913,0.5410555601119995,-0.01189060416072607,0.6028311252593994,0.4950239956378937,-0.018522484228014946,0.6039316654205322,0.457006573677063,-0.02379920333623886,0.6155508756637573,0.6271660327911377,-0.008676497265696526,0.6175030469894409,0.5599476099014282,-0.01567927934229374,0.6183147430419922,0.5201829671859741,-0.021696243435144424,0.6179295778274536,0.48629695177078247,-0.02617608942091465,0.6334461569786072,0.6500640511512756,-0.013732854276895523,0.6351172924041748,0.5999454259872437,-0.02035612054169178,0.6348735094070435,0.5667712688446045,-0.024110697209835052,0.634089469909668,0.5374932289123535,-0.02694230154156685
11,0.33820778131484985,0.7732186317443848,1.4245394197587302e-07,0.3574419319629669,0.7566871643066406,-0.013091560453176498,0.36652398109436035,0.711800217628479,-0.019339490681886673,0.34960854053497314,0.6764175295829773,-0.024291230365633965,0.3283502757549286,0.6636183857917786,-0.02974940650165081,0.36490708589553833,0.6425585746765137,-0.014637211337685585,0.36413443088531494,0.5793582797050476,-0.024498315528035164,0.3611181676387787,0.540645182132721,-0.032576315104961395,0.3566756248474121,0.5099073648452759,-0.03834895044565201,0.34641653299331665,0.6343985199928284,-0.01586144044995308,0.345550537109375,0.5651970505714417,-0.02424333058297634,0.34303489327430725,0.5197412967681885,-0.032402705401182175,0.3396419882774353,0.48375314474105835,-0.03802654147148132,0.3292049765586853,0.6417664289474487,-0.018394993618130684,0.3290894627571106,0.5756897330284119,-0.02656264416873455,0.32805129885673523,0.5374788641929626,-0.03395531326532364,0.3264329433441162,0.5054665803909302,-0.03847355768084526,0.3118198812007904,0.6611509919166565,-0.02202107012271881,0.31005045771598816,0.6117168068885803,-0.029840311035513878,0.30932676792144775,0.5819949507713318,-0.03360087797045708,0.30877816677093506,0.5549229383468628,-0.035654567182064056,0.605370283126831,0.788735032081604,-2.7849045292072105e-10,0.5803118348121643,0.7556872963905334,-0.011909564957022667,0.5716067552566528,0.6960680484771729,-0.016352586448192596,0.5878573656082153,0.6536368131637573,-0.02078273333609104,0.6048230528831482,0.6386903524398804,-0.024562858045101166,0.5774993300437927,0.6188015937805176,-0.004564780741930008,0.5786168575286865,0.5522472262382507,-0.012430193834006786,0.5814379453659058,0.5131068229675293,-0.019722310826182365,0.5843278765678406,0.4797647297382355,-0.025990236550569534,0.5970297455787659,0.6162979602813721,-0.006076662335544825,0.5995047688484192,0.5403587222099304,-0.013005724176764488,0.6019755005836487,0.49502670764923096,-0.019663015380501747,0.6030153036117554,0.45744580030441284,-0.02503824792802334,0.615093469619751,0.6277580857276917,-0.00978079717606306,0.6170212626457214,0.5599094033241272,-0.017277134582400322,0.6179053783416748,0.5200594067573547,-0.023435404524207115,0.6174278259277344,0.48587819933891296,-0.02807445079088211,0.6334144473075867,0.6508049964904785,-0.015088777057826519,0.6354602575302124,0.6007480621337891,-0.022229639813303947,0.6353922486305237,0.5673595070838928,-0.0263019148260355,0.6344378590583801,0.53753262758255,-0.02942327782511711
12,0.33914315700531006,0.7653606534004211,1.5468181402411574e-07,0.358060359954834,0.7493931651115417,-0.013380791060626507,0.3661785125732422,0.7088267803192139,-0.02087235264480114,0.3489387035369873,0.6762021780014038,-0.027090467512607574,0.3282996416091919,0.6633889079093933,-0.03400178626179695,0.36504262685775757,0.640652596950531,-0.01749463938176632,0.3640463054180145,0.5774552226066589,-0.028423359617590904,0.36078518629074097,0.5392391681671143,-0.036844462156295776,0.3565254211425781,0.5086446404457092,-0.04269718378782272,0.34658026695251465,0.6339871883392334,-0.01889333315193653,0.34580957889556885,0.5646883249282837,-0.02843271754682064,0.34317687153816223,0.5195239186286926,-0.03686928749084473,0.3401455283164978,0.48380720615386963,-0.0426422655582428,0.32921236753463745,0.6421049237251282,-0.02146385982632637,0.3290400505065918,0.5763746500015259,-0.030488409101963043,0.32803797721862793,0.5383126735687256,-0.037835992872714996,0.3267354965209961,0.5063961148262024,-0.042243193835020065,0.3119605779647827,0.6612970232963562,-0.02508552558720112,0.31071990728378296,0.6116434931755066,-0.03347219526767731,0.30998316407203674,0.5821011066436768,-0.03726091608405113,0.30936750769615173,0.5549806356430054,-0.039285603910684586,0.6052829623222351,0.7840057015419006,1.7317272948957907e-08,0.5804347991943359,0.7525001764297485,-0.012270480394363403,0.5723615288734436,0.6947901844978333,-0.016688121482729912,0.5892659425735474,0.6540924906730652,-0.020878992974758148,0.606478214263916,0.6406286954879761,-0.024453189224004745,0.5774394869804382,0.619037926197052,-0.005784906446933746,0.5788962841033936,0.5535799264907837,-0.013695540837943554,0.5816222429275513,0.5139089822769165,-0.020940331742167473,0.5844501852989197,0.48064255714416504,-0.027125125750899315,0.5970758199691772,0.6158650517463684,-0.007037723902612925,0.5990446209907532,0.5412516593933105,-0.014074040576815605,0.6013948321342468,0.4947710335254669,-0.02082795836031437,0.6024429202079773,0.4567226469516754,-0.02615770511329174,0.6149812936782837,0.6266591548919678,-0.010372619144618511,0.6170065402984619,0.5595625042915344,-0.017874356359243393,0.6176371574401855,0.5191132426261902,-0.02402784302830696,0.6169539093971252,0.48486918210983276,-0.028571700677275658,0.6326707601547241,0.6491246223449707,-0.015299458988010883,0.6345570683479309,0.5994564890861511,-0.022485127672553062,0.6344946622848511,0.5663068294525146,-0.026417948305606842,0.6335766911506653,0.5371677279472351,-0.02929365448653698
13,0.33914315700531006,0.7653606534004211,1.5468181402411574e-07,0.358060359954834,0.7493931651115417,-0.013380791060626507,0.3661785125732422,0.7088267803192139,-0.02087235264480114,0.3489387035369873,0.6762021780014038,-0.027090467512607574,0.3282996416091919,0.6633889079093933,-0.03400178626179695,0.36504262685775757,0.640652596950531,-0.01749463938176632,0.3640463054180145,0.5774552226066589,-0.028423359617590904,0.36078518629074097,0.5392391681671143,-0.036844462156295776,0.3565254211425781,0.5086446404457092,-0.04269718378782272,0.34658026695251465,0.6339871883392334,-0.01889333315193653,0.34580957889556885,0.5646883249282837,-0.02843271754682064,0.34317687153816223,0.5195239186286926,-0.03686928749084473,0.3401455283164978,0.48380720615386963,-0.0426422655582428,0.32921236753463745,0.6421049237251282,-0.02146385982632637,0.3290400505065918,0.5763746500015259,-0.030488409101963043,0.32803797721862793,0.5383126735687256,-0.037835992872714996,0.3267354965209961,0.5063961148262024,-0.042243193835020065,0.3119605779647827,0.6612970232963562,-0.02508552558720112,0.31071990728378296,0.6116434931755066,-0.03347219526767731,0.30998316407203674,0.5821011066436768,-0.03726091608405113,0.30936750769615173,0.5549806356430054,-0.039285603910684586,0.6052829623222351,0.7840057015419006,1.7317272948957907e-08,0.5804347991943359,0.7525001764297485,-0.012270480394363403,0.5723615288734436,0.6947901844978333,-0.016688121482729912,0.5892659425735474,0.6540924906730652,-0.020878992974758148,0.606478214263916,0.6406286954879761,-0.024453189224004745,0.5774394869804382,0.619037926197052,-0.005784906446933746,0.5788962841033936,0.5535799264907837,-0.013695540837943554,0.5816222429275513,0.5139089822769165,-0.020940331742167473,0.5844501852989197,0.48064255714416504,-0.027125125750899315,0.5970758199691772,0.6158650517463684,-0.007037723902612925,0.5990446209907532,0.5412516593933105,-0.014074040576815605,0.6013948321342468,0.4947710335254669,-0.02082795836031437,0.6024429202079773,0.4567226469516754,-0.02615770511329174,0.6149812936782837,0.6266591548919678,-0.010372619144618511,0.6170065402984619,0.5595625042915344,-0.017874356359243393,0.6176371574401855,0.5191132426261902,-0.02402784302830696,0.6169539093971252,0.48486918210983276,-0.028571700677275658,0.6326707601547241,0.6491246223449707,-0.015299458988010883,0.6345570683479309,0.5994564890861511,-0.022485127672553062,0.6344946622848511,0.5663068294525146,-0.026417948305606842,0.6335766911506653,0.5371677279472351,-0.02929365448653698
14,0.338813453912735,0.7691652774810791,1.3656070052547875e-07,0.3586060404777527,0.7534706592559814,-0.01266244426369667,0.36636409163475037,0.710665225982666,-0.019204359501600266,0.34894171357154846,0.6767523288726807,-0.024670803919434547,0.328350692987442,0.6638575792312622,-0.030812418088316917,0.36495229601860046,0.6431410908699036,-0.015629038214683533,0.364167183637619,0.5794428586959839,-0.025935644283890724,0.36109066009521484,0.541184663772583,-0.03407583013176918,0.35685643553733826,0.5108752250671387,-0.039852436631917953,0.3464334011077881,0.6353312730789185,-0.017129670828580856,0.3453589975833893,0.565809965133667,-0.026235179975628853,0.3426927328109741,0.5204014778137207,-0.034636422991752625,0.33956974744796753,0.484706312417984,-0.04045877233147621,0.3292050063610077,0.6424930691719055,-0.019834404811263084,0.32892975211143494,0.5764178037643433,-0.02860986441373825,0.32803234457969666,0.5387950539588928,-0.036159053444862366,0.3268643319606781,0.5072504878044128,-0.040772099047899246,0.3122122883796692,0.6611768007278442,-0.023550812155008316,0.3105926513671875,0.6123387217521667,-0.031957853585481644,0.3096594214439392,0.5830069780349731,-0.03605739027261734,0.30917513370513916,0.5561368465423584,-0.03834870830178261,0.6051269769668579,0.7861897945404053,1.4810086490513186e-08,0.5799849629402161,0.7541509866714478,-0.012392664328217506,0.5713751912117004,0.6964864134788513,-0.01718689315021038,0.5885725021362305,0.6555590629577637,-0.02180783450603485,0.606769323348999,0.6421543955802917,-0.02588830702006817,0.5771979689598083,0.6200040578842163,-0.005979627836495638,0.5778551697731018,0.5537234544754028,-0.014298547059297562,0.5803511142730713,0.5140729546546936,-0.02184782363474369,0.5832338333129883,0.4807526469230652,-0.028214795514941216,0.5967607498168945,0.617348313331604,-0.007323133759200573,0.5986392498016357,0.5415092706680298,-0.014654294587671757,0.6011749505996704,0.49499621987342834,-0.021531393751502037,0.6024348735809326,0.4574747085571289,-0.026954779401421547,0.6146165132522583,0.6288504004478455,-0.010822158306837082,0.616531252861023,0.5612866282463074,-0.018678365275263786,0.6174089312553406,0.52102130651474,-0.025136131793260574,0.6170493364334106,0.48705539107322693,-0.029848825186491013,0.6324629783630371,0.6519845724105835,-0.01590510830283165,0.6340264081954956,0.6017133593559265,-0.02351418137550354,0.6337946057319641,0.568021833896637,-0.027818333357572556,0.6328397393226624,0.5382246971130371,-0.030943268910050392
15,0.338813453912735,0.7691652774810791,1.3656070052547875e-07,0.3586060404777527,0.7534706592559814,-0.01266244426369667,0.36636409163475037,0.710665225982666,-0.019204359501600266,0.34894171357154846,0.6767523288726807,-0.024670803919434547,0.328350692987442,0.6638575792312622,-0.030812418088316917,0.36495229601860046,0.6431410908699036,-0.015629038214683533,0.364167183637619,0.5794428586959839,-0.025935644283890724,0.36109066009521484,0.541184663772583,-0.03407583013176918,0.35685643553733826,0.5108752250671387,-0.039852436631917953,0.3464334011077881,0.6353312730789185,-0.017129670828580856,0.3453589975833893,0.565809965133667,-0.026235179975628853,0.3426927328109741,0.5204014778137207,-0.034636422991752625,0.33956974744796753,0.484706312417984,-0.04045877233147621,0.3292050063610077,0.6424930691719055,-0.019834404811263084,0.32892975211143494,0.5764178037643433,-0.02860986441373825,0.32803234457969666,0.5387950539588928,-0.036159053444862366,0.3268643319606781,0.5072504878044128,-0.040772099047899246,0.3122122883796692,0.6611768007278442,-0.023550812155008316,0.3105926513671875,0.6123387217521667,-0.031957853585481644,0.3096594214439392,0.5830069780349731,-0.03605739027261734,0.30917513370513916,0.5561368465423584,-0.03834870830178261,0.6051269769668579,0.7861897945404053,1.4810086490513186e-08,0.5799849629402161,0.7541509866714478,-0.012392664328217506,0.5713751912117004,0.6964864134788513,-0.01718689315021038,0.5885725021362305,0.6555590629577637,-0.02180783450603485,0.606769323348999,0.6421543955802917,-0.02588830702006817,0.5771979689598083,0.6200040578842163,-0.005979627836495638,0.5778551697731018,0.5537234544754028,-0.014298547059297562,0.5803511142730713,0.5140729546546936,-0.02184782363474369,0.5832338333129883,0.4807526469230652,-0.028214795514941216,0.5967607498168945,0.617348313331604,-0.007323133759200573,0.5986392498016357,0.5415092706680298,-0.014654294587671757,0.6011749505996704,0.49499621987342834,-0.021531393751502037,0.6024348735809326,0.4574747085571289,-0.026954779401421547,0.6146165132522583,0.6288504004478455,-0.010822158306837082,0.616531252861023,0.5612866282463074,-0.018678365275263786,0.6174089312553406,0.52102130651474,-0.025136131793260574,0.6170493364334106,0.48705539107322693,-0.029848825186491013,0.6324629783630371,0.6519845724105835,-0.01590510830283165,0.6340264081954956,0.6017133593559265,-0.02351418137550354,0.6337946057319641,0.568021833896637,-0.027818333357572556,0.6328397393226624,0.5382246971130371,-0.030943268910050392
16,0.3381006121635437,0.7649402618408203,1.602329149363868e-07,0.3578278124332428,0.7515560388565063,-0.013323650695383549,0.3663545846939087,0.7097393870353699,-0.020646896213293076,0.3491951525211334,0.6760737299919128,-0.026667030528187752,0.3279643654823303,0.6644363403320312,-0.0335574597120285,0.3645462691783905,0.6423344016075134,-0.0180987399071455,0.3637685775756836,0.5808480381965637,-0.02931511215865612,0.36053401231765747,0.5425693988800049,-0.03800462186336517,0.3560233414173126,0.5122062563896179,-0.04415728151798248,0.3457707166671753,0.6352411508560181,-0.019737139344215393,0.34509655833244324,0.5670359134674072,-0.029963096603751183,0.342660516500473,0.5220798254013062,-0.039100926369428635,0.33958807587623596,0.48585906624794006,-0.04534105211496353,0.3283274173736572,0.6435600519180298,-0.02244163304567337,0.3284319043159485,0.5775254368782043,-0.03239480406045914,0.32695621252059937,0.5394986271858215,-0.04051313176751137,0.32499346137046814,0.507143497467041,-0.04536369815468788,0.3108387291431427,0.6634390950202942,-0.026070939376950264,0.3093585968017578,0.6140056848526001,-0.03560566529631615,0.30869442224502563,0.5842056274414062,-0.04021689295768738,0.3082134425640106,0.5562575459480286,-0.0427473783493042,0.6056580543518066,0.7859929203987122,1.0587621446234152e-08,0.5802760124206543,0.7549577355384827,-0.012049038894474506,0.5714644193649292,0.6970425844192505,-0.016472265124320984,0.588437020778656,0.6557092070579529,-0.020786548033356667,0.6065415143966675,0.6403977870941162,-0.024540914222598076,0.5780178308486938,0.6189674735069275,-0.004537796135991812,0.5784173011779785,0.5542877912521362,-0.012510763481259346,0.5808256268501282,0.5151122212409973,-0.01994696445763111,0.5833038091659546,0.4827403724193573,-0.026250949129462242,0.597392737865448,0.6168321371078491,-0.006019903346896172,0.5985832214355469,0.5423149466514587,-0.013476316817104816,0.6004864573478699,0.4955339729785919,-0.02059876173734665,0.6010503172874451,0.45770344138145447,-0.02605937048792839,0.6149498224258423,0.628826379776001,-0.0097395870834589,0.6159812808036804,0.5608885884284973,-0.017863590270280838,0.6165071129798889,0.5194430351257324,-0.024766970425844193,0.6161689758300781,0.484214186668396,-0.029674014076590538,0.6325362920761108,0.6523743271827698,-0.014962892979383469,0.6333839893341064,0.6017627716064453,-0.022875221446156502,0.6327582597732544,0.5674207210540771,-0.027553455904126167,0.6317635774612427,0.5369452238082886,-0.030876073986291885
17,0.3381006121635437,0.7649402618408203,1.602329149363868e-07,0.3578278124332428,0.7515560388565063,-0.013323650695383549,0.3663545846939087,0.7097393870353699,-0.020646896213293076,0.3491951525211334,0.6760737299919128,-0.026667030528187752,0.3279643654823303,0.6644363403320312,-0.0335574597120285,0.3645462691783905,0.6423344016075134,-0.0180987399071455,0.3637685775756836,0.5808480381965637,-0.02931511215865612,0.36053401231765747,0.5425693988800049,-0.03800462186336517,0.3560233414173126,0.5122062563896179,-0.04415728151798248,0.3457707166671753,0.6352411508560181,-0.019737139344215393,0.34509655833244324,0.5670359134674072,-0.029963096603751183,0.342660516500473,0.5220798254013062,-0.039100926369428635,0.33958807587623596,0.48585906624794006,-0.04534105211496353,0.3283274173736572,0.6435600519180298,-0.02244163304567337,0.3284319043159485,0.5775254368782043,-0.03239480406045914,0.32695621252059937,0.5394986271858215,-0.04051313176751137,0.32499346137046814,0.507143497467041,-0.04536369815468788,0.3108387291431427,0.6634390950202942,-0.026070939376950264,0.3093585968017578,0.6140056848526001,-0.03560566529631615,0.30869442224502563,0.5842056274414062,-0.04021689295768738,0.3082134425640106,0.5562575459480286,-0.0427473783493042,0.6056580543518066,0.7859929203987122,1.0587621446234152e-08,0.5802760124206543,0.7549577355384827,-0.012049038894474506,0.5714644193649292,0.6970425844192505,-0.016472265124320984,0.588437020778656,0.6557092070579529,-0.020786548033356667,0.6065415143966675,0.6403977870941162,-0.024540914222598076,0.5780178308486938,0.6189674735069275,-0.004537796135991812,0.5784173011779785,0.5542877912521362,-0.012510763481259346,0.5808256268501282,0.5151122212409973,-0.01994696445763111,0.5833038091659546,0.4827403724193573,-0.026250949129462242,0.597392737865448,0.6168321371078491,-0.006019903346896172,0.5985832214355469,0.5423149466514587,-0.013476316817104816,0.6004864573478699,0.4955339729785919,-0.02059876173734665,0.6010503172874451,0.45770344138145447,-0.02605937048792839,0.6149498224258423,0.628826379776001,-0.0097395870834589,0.6159812808036804,0.5608885884284973,-0.017863590270280838,0.6165071129798889,0.5194430351257324,-0.024766970425844193,0.6161689758300781,0.484214186668396,-0.029674014076590538,0.6325362920761108,0.6523743271827698,-0.014962892979383469,0.6333839893341064,0.6017627716064453,-0.022875221446156502,0.6327582597732544,0.5674207210540771,-0.027553455904126167,0.6317635774612427,0.5369452238082886,-0.030876073986291885
18,0.3380239009857178,0.7706729173660278,1.5936299746499571e-07,0.3577234745025635,0.7522059082984924,-0.012760521844029427,0.36621543765068054,0.7100928425788879,-0.019591636955738068,0.34919387102127075,0.6753470301628113,-0.025120241567492485,0.32798507809638977,0.6650183796882629,-0.031368087977170944,0.3642377257347107,0.6437546014785767,-0.01692252978682518,0.36343497037887573,0.58018559217453,-0.027172880247235298,0.3602081835269928,0.5413720607757568,-0.03539927676320076,0.3555861711502075,0.5092368721961975,-0.04133681580424309,0.3454439640045166,0.6365056037902832,-0.018448878079652786,0.34445953369140625,0.5674020051956177,-0.027230294421315193,0.3423733711242676,0.5221437215805054,-0.035577647387981415,0.33973973989486694,0.48501211404800415,-0.041421614587306976,0.3282283544540405,0.6443110108375549,-0.020999642089009285,0.3276606500148773,0.5785847306251526,-0.029262369498610497,0.3266708254814148,0.5403236150741577,-0.03661000728607178,0.32521581649780273,0.5074624419212341,-0.041139937937259674,0.31105831265449524,0.6642046570777893,-0.024568649008870125,0.30900031328201294,0.6137961149215698,-0.03232701122760773,0.30838263034820557,0.5834859609603882,-0.03593156486749649,0.3081776201725006,0.5555480718612671,-0.03791273012757301,0.6055229306221008,0.7860068082809448,1.0235246428180744e-08,0.5798316597938538,0.754496693611145,-0.012513576075434685,0.5713877081871033,0.6960287690162659,-0.016942080110311508,0.5892611145973206,0.6547660827636719,-0.021195771172642708,0.6079010963439941,0.6406164765357971,-0.024949965998530388,0.5776002407073975,0.6191584467887878,-0.0049716331996023655,0.577625572681427,0.5552128553390503,-0.012939328327775002,0.5796377658843994,0.5160452723503113,-0.02047806978225708,0.5819348096847534,0.48295146226882935,-0.026961617171764374,0.5971267223358154,0.6162458658218384,-0.0062783691100776196,0.5985366106033325,0.5421323180198669,-0.013557221740484238,0.6005919575691223,0.4960586726665497,-0.020492643117904663,0.6013880968093872,0.4584881663322449,-0.025930702686309814,0.6147300004959106,0.6277404427528381,-0.009847762063145638,0.6162928342819214,0.5609498023986816,-0.01777430810034275,0.616722822189331,0.5208734273910522,-0.02423836663365364,0.6163442730903625,0.4863937199115753,-0.028941242024302483,0.6322571635246277,0.6508367657661438,-0.015036391094326973,0.6334138512611389,0.6007083654403687,-0.022693948820233345,0.6330953240394592,0.567227840423584,-0.027028081938624382,0.6324687004089355,0.5373892784118652,-0.030192801728844643
19,0.3375471532344818,0.7602954506874084,1.594873140220443e-07,0.357193261384964,0.7454710006713867,-0.013699593022465706,0.3654783070087433,0.7083218097686768,-0.022061213850975037,0.34860414266586304,0.6780941486358643,-0.029079025611281395,0.3283179998397827,0.6658216118812561,-0.03703255578875542,0.36396393179893494,0.6426193714141846,-0.020436977967619896,0.3629201054573059,0.5806578993797302,-0.032358989119529724,0.359494149684906,0.5426696538925171,-0.04133937135338783,0.3550049960613251,0.5116041898727417,-0.04759260639548302,0.3453090786933899,0.6361937522888184,-0.02189166471362114,0.34421026706695557,0.5686063766479492,-0.032675378024578094,0.34135520458221436,0.5240964889526367,-0.04195910692214966,0.3383696973323822,0.48764413595199585,-0.04838113486766815,0.3280426859855652,0.6443184614181519,-0.024289829656481743,0.3276745080947876,0.5793151259422302,-0.03425370529294014,0.3257688581943512,0.5414068102836609,-0.04208267852663994,0.3237348794937134,0.5091596841812134,-0.04684414342045784,0.31115812063217163,0.663438618183136,-0.027636080980300903,0.3088085353374481,0.6139357089996338,-0.03686695173382759,0.30773669481277466,0.5839388966560364,-0.04113541543483734,0.3072364032268524,0.5563154220581055,-0.04347161948680878,0.6063498854637146,0.7846770286560059,2.9144574753559027e-08,0.5811188817024231,0.7545148134231567,-0.011888030916452408,0.5721911191940308,0.6949431300163269,-0.0159041378647089,0.5885631442070007,0.6539575457572937,-0.019649174064397812,0.6063066720962524,0.6423133611679077,-0.0228439811617136,0.5776040554046631,0.620153546333313,-0.005272968206554651,0.5774208903312683,0.5574971437454224,-0.012896299362182617,0.5796369314193726,0.518659234046936,-0.02001829631626606,0.5821776390075684,0.4862405061721802,-0.026295838877558708,0.596870481967926,0.6168863773345947,-0.0068092141300439835,0.5971188545227051,0.545814037322998,-0.01399847213178873,0.5993634462356567,0.4999464750289917,-0.021018413826823235,0.6007169485092163,0.4620927572250366,-0.02645595371723175,0.614474356174469,0.627951979637146,-0.010469391942024231,0.6150424480438232,0.5629551410675049,-0.018212374299764633,0.616051435470581,0.5213557481765747,-0.025351636111736298,0.6163937449455261,0.4856013059616089,-0.030613167211413383,0.6320093870162964,0.6502693891525269,-0.015622268430888653,0.6325564384460449,0.6013922691345215,-0.0235054399818182,0.6320784091949463,0.5679833292961121,-0.02844708412885666,0.6315557956695557,0.5384412407875061,-0.032046813517808914
20,0.3384457528591156,0.7617931365966797,1.5281696619240392e-07,0.3574380874633789,0.7458937168121338,-0.013614151626825333,0.3662084937095642,0.7076306939125061,-0.021518584340810776,0.3490838408470154,0.6766204237937927,-0.028147511184215546,0.32834362983703613,0.6649363040924072,-0.03553945943713188,0.36352404952049255,0.641207754611969,-0.018771598115563393,0.36271119117736816,0.5799338221549988,-0.030195295810699463,0.35940781235694885,0.5423058867454529,-0.039026372134685516,0.3551200330257416,0.5116925835609436,-0.045240823179483414,0.34517568349838257,0.6344307661056519,-0.020083293318748474,0.3438790440559387,0.5676442384719849,-0.03025006875395775,0.34104299545288086,0.5234856605529785,-0.03924268111586571,0.33816128969192505,0.48712319135665894,-0.045522917062044144,0.32836130261421204,0.6424829363822937,-0.02245301753282547,0.32741981744766235,0.5787724256515503,-0.031715571880340576,0.32589736580848694,0.541387140750885,-0.0391770638525486,0.3242289125919342,0.509509265422821,-0.04379832372069359,0.3117600679397583,0.6616280674934387,-0.025881385430693626,0.30929282307624817,0.6134812831878662,-0.034424178302288055,0.3080490827560425,0.5837693214416504,-0.0384068489074707,0.30732661485671997,0.5562523603439331,-0.040637969970703125,0.6035762429237366,0.7843686938285828,7.974081839279279e-09,0.5794965624809265,0.7517879009246826,-0.012151457369327545,0.5715171694755554,0.6926557421684265,-0.01663842797279358,0.5887337923049927,0.6518198847770691,-0.021065909415483475,0.6076939105987549,0.6436564326286316,-0.024945031851530075,0.577648401260376,0.616700291633606,-0.004965449683368206,0.5774040222167969,0.5540899634361267,-0.012859405018389225,0.5796276330947876,0.5153008699417114,-0.020349174737930298,0.582150936126709,0.4827907681465149,-0.026873908936977386,0.596682071685791,0.6138204336166382,-0.006564348470419645,0.5976241230964661,0.5421252846717834,-0.01384514756500721,0.5998449921607971,0.4960819482803345,-0.020777249708771706,0.60079425573349,0.45852458477020264,-0.026203345507383347,0.6143726706504822,0.6253635883331299,-0.010363928973674774,0.6151571273803711,0.5600639581680298,-0.018111765384674072,0.6158021688461304,0.5189095735549927,-0.024935713037848473,0.6155530214309692,0.48360419273376465,-0.02993960864841938,0.6317209601402283,0.6484954953193665,-0.015763744711875916,0.6324353218078613,0.5994405746459961,-0.02336319349706173,0.632054328918457,0.5660656690597534,-0.02797395922243595,0.6312780380249023,0.5372001528739929,-0.03136780858039856
21,0.34107622504234314,0.7600386142730713,1.5833967381695402e-07,0.3588113784790039,0.7431570291519165,-0.013309904374182224,0.36600515246391296,0.7061481475830078,-0.021697910502552986,0.348145067691803,0.6771085858345032,-0.028913257643580437,0.3279567062854767,0.6646616458892822,-0.03700245916843414,0.3641544580459595,0.641183078289032,-0.019655048847198486,0.36300426721572876,0.5804376602172852,-0.031450748443603516,0.3595021665096283,0.5434278249740601,-0.04031486064195633,0.3550638258457184,0.5137252807617188,-0.04648544266819954,0.34572333097457886,0.6348133683204651,-0.0214320607483387,0.3441295027732849,0.5674523115158081,-0.032163117080926895,0.34116652607917786,0.5234622955322266,-0.04131712764501572,0.33819422125816345,0.48773902654647827,-0.04762474074959755,0.3287550210952759,0.6432284712791443,-0.024188175797462463,0.3276109993457794,0.5786786079406738,-0.03411921486258507,0.325918972492218,0.5409603714942932,-0.04190355911850929,0.32419708371162415,0.5087968111038208,-0.04669743403792381,0.3122544288635254,0.6626846790313721,-0.02788393571972847,0.30959266424179077,0.6153529286384583,-0.03708243370056152,0.3081356883049011,0.5860846042633057,-0.04135527461767197,0.30723369121551514,0.5584867000579834,-0.04376068711280823,0.6038525700569153,0.7850376963615417,8.99887275807032e-09,0.5794738531112671,0.7527584433555603,-0.012381451204419136,0.5704689621925354,0.6960834264755249,-0.017377667129039764,0.5862246751785278,0.6540208458900452,-0.02222718670964241,0.6037085652351379,0.6391095519065857,-0.0264569241553545,0.5769585967063904,0.6181803941726685,-0.005776654463261366,0.5769315958023071,0.5535977482795715,-0.014130576513707638,0.5788846015930176,0.5142408609390259,-0.021671485155820847,0.5812029242515564,0.48133495450019836,-0.028072332963347435,0.5960506796836853,0.6150699257850647,-0.007196666207164526,0.597212553024292,0.541285514831543,-0.014918752945959568,0.5995012521743774,0.49563127756118774,-0.02190306968986988,0.6005116701126099,0.4589516520500183,-0.027295472100377083,0.6137300133705139,0.6261889338493347,-0.010778803378343582,0.6150379180908203,0.5597800612449646,-0.018887149170041084,0.6154516935348511,0.5196121335029602,-0.025438154116272926,0.6148595213890076,0.4854445159435272,-0.030168073251843452,0.6313232779502869,0.6488600373268127,-0.01592644862830639,0.6323011517524719,0.5992199778556824,-0.023709896951913834,0.6319805979728699,0.565690279006958,-0.028245991095900536,0.6310064792633057,0.53655606508255,-0.031494248658418655
22,0.34107622504234314,0.7600386142730713,1.5833967381695402e-07,0.3588113784790039,0.7431570291519165,-0.013309904374182224,0.36600515246391296,0.7061481475830078,-0.021697910502552986,0.348145067691803,0.6771085858345032,-0.028913257643580437,0.3279567062854767,0.6646616458892822,-0.03700245916843414,0.3641544580459595,0.641183078289032,-0.019655048847198486,0.36300426721572876,0.5804376602172852,-0.031450748443603516,0.3595021665096283,0.5434278249740601,-0.04031486064195633,0.3550638258457184,0.5137252807617188,-0.04648544266819954,0.34572333097457886,0.6348133683204651,-0.0214320607483387,0.3441295027732849,0.5674523115158081,-0.032163117080926895,0.34116652607917786,0.5234622955322266,-0.04131712764501572,0.33819422125816345,0.48773902654647827,-0.04762474074959755,0.3287550210952759,0.6432284712791443,-0.024188175797462463,0.3276109993457794,0.5786786079406738,-0.03411921486258507,0.325918972492218,0.5409603714942932,-0.04190355911850929,0.32419708371162415,0.5087968111038208,-0.04669743403792381,0.3122544288635254,0.6626846790313721,-0.02788393571972847,0.30959266424179077,0.6153529286384583,-0.03708243370056152,0.3081356883049011,0.5860846042633057,-0.04135527461767197,0.30723369121551514,0.5584867000579834,-0.04376068711280823,0.6038525700569153,0.7850376963615417,8.99887275807032e-09,0.5794738531112671,0.7527584433555603,-0.012381451204419136,0.5704689621925354,0.6960834264755249,-0.017377667129039764,0.5862246751785278,0.6540208458900452,-0.02222718670964241,0.6037085652351379,0.6391095519065857,-0.0264569241553545,0.5769585967063904,0.6181803941726685,-0.005776654463261366,0.5769315958023071,0.5535977482795715,-0.014130576513707638,0.5788846015930176,0.5142408609390259,-0.021671485155820847,0.5812029242515564,0.48133495450019836,-0.028072332963347435,0.5960506796836853,0.6150699257850647,-0.007196666207164526,0.597212553024292,0.541285514831543,-0.014918752945959568,0.5995012521743774,0.49563127756118774,-0.02190306968986988,0.6005116701126099,0.4589516520500183,-0.027295472100377083,0.6137300133705139,0.6261889338493347,-0.010778803378343582,0.6150379180908203,0.5597800612449646,-0.018887149170041084,0.6154516935348511,0.5196121335029602,-0.025438154116272926,0.6148595213890076,0.4854445159435272,-0.030168073251843452,0.6313232779502869,0.6488600373268127,-0.01592644862830639,0.6323011517524719,0.5992199778556824,-0.023709896951913834,0.6319805979728699,0.565690279006958,-0.028245991095900536,0.6310064792633057,0.53655606508255,-0.031494248658418655
23,0.33924198150634766,0.7600621581077576,1.4796680147810548e-07,0.3581444025039673,0.744606614112854,-0.012518337927758694,0.3662424683570862,0.7070836424827576,-0.02008575201034546,0.34986937046051025,0.6769589781761169,-0.02657710760831833,0.3297004699707031,0.6645838022232056,-0.033946435898542404,0.3640686571598053,0.6416301131248474,-0.01825038343667984,0.36334407329559326,0.5803466439247131,-0.02925978973507881,0.3598397374153137,0.5435537695884705,-0.03752991184592247,0.3552514314651489,0.5145760774612427,-0.04320250451564789,0.3455299437046051,0.6349035501480103,-0.02002609148621559,0.3440753221511841,0.567489743232727,-0.030015526339411736,0.3412232995033264,0.5234782695770264,-0.038796503096818924,0.33807528018951416,0.48839229345321655,-0.044827185571193695,0.328510046005249,0.6428248286247253,-0.022678317502141,0.32780343294143677,0.5785301923751831,-0.031870704144239426,0.3262993395328522,0.5410375595092773,-0.039218075573444366,0.3244122266769409,0.5098774433135986,-0.04368576779961586,0.31188467144966125,0.6617199778556824,-0.026209060102701187,0.3091064691543579,0.6130349040031433,-0.03467737138271332,0.3080008625984192,0.5839958190917969,-0.03841586783528328,0.3072393834590912,0.557454526424408,-0.040400657802820206,0.6047118902206421,0.7865053415298462,1.6887597098502738e-08,0.5793394446372986,0.7549481391906738,-0.012444154359400272,0.5707070231437683,0.697467029094696,-0.016818895936012268,0.5881195068359375,0.6570823192596436,-0.020959967747330666,0.6064778566360474,0.6410766839981079,-0.024481475353240967,0.5769419074058533,0.6187241077423096,-0.004755113739520311,0.5766604542732239,0.5552106499671936,-0.012718974612653255,0.5791599750518799,0.516346275806427,-0.020194558426737785,0.581977128982544,0.4841874837875366,-0.026479560881853104,0.5963512659072876,0.6157162189483643,-0.005867436993867159,0.5971671342849731,0.5427256226539612,-0.013144366443157196,0.5992422699928284,0.4962880611419678,-0.020047374069690704,0.6001612544059753,0.4588523209095001,-0.025304310023784637,0.6139832735061646,0.6269643902778625,-0.009256016463041306,0.6146703362464905,0.5602794289588928,-0.017107879742980003,0.6151862144470215,0.5192562937736511,-0.023746829479932785,0.6149827241897583,0.4843277633190155,-0.028409548103809357,0.6313944458961487,0.6501966118812561,-0.014211464673280716,0.632116436958313,0.6000566482543945,-0.02169721946120262,0.6314671039581299,0.566254734992981,-0.026026694104075432,0.6306045651435852,0.5367441177368164,-0.02905167266726494
24,0.33862608671188354,0.7722088098526001,1.4164265849103685e-07,0.3577611446380615,0.7535052299499512,-0.012310821563005447,0.3650786578655243,0.7096639275550842,-0.018980002030730247,0.3464204967021942,0.6768940687179565,-0.024649815633893013,0.32475486397743225,0.6667041778564453,-0.031061269342899323,0.36320021748542786,0.6429308652877808,-0.015311411581933498,0.3619906008243561,0.580655574798584,-0.025353610515594482,0.3587226867675781,0.5429773926734924,-0.03342778980731964,0.35417723655700684,0.5134273171424866,-0.0392133966088295,0.34449392557144165,0.6361514329910278,-0.01706656441092491,0.3431503176689148,0.5674365758895874,-0.025727005675435066,0.3403245210647583,0.5230007767677307,-0.033877257257699966,0.33675384521484375,0.48823222517967224,-0.03961072489619255,0.32719969749450684,0.6445927619934082,-0.019994616508483887,0.3264119625091553,0.5790731906890869,-0.028281044214963913,0.3255405128002167,0.541694700717926,-0.03563758730888367,0.3241539001464844,0.5107141137123108,-0.04022062569856644,0.3101699948310852,0.6644230484962463,-0.023927487432956696,0.30847057700157166,0.6153745055198669,-0.03179788589477539,0.3076683282852173,0.5854960680007935,-0.03564395755529404,0.307162880897522,0.5583375096321106,-0.03786970302462578,0.6035265922546387,0.783257007598877,1.8874704466043113e-08,0.5785427689552307,0.7524426579475403,-0.013032813556492329,0.5694846510887146,0.6932160258293152,-0.018023600801825523,0.5867531299591064,0.6525756120681763,-0.02264743112027645,0.6072321534156799,0.6455252766609192,-0.02670196443796158,0.5757203102111816,0.6187059283256531,-0.007216255646198988,0.5754972100257874,0.5570106506347656,-0.015412637032568455,0.5776284337043762,0.5184558629989624,-0.022929390892386436,0.5800819396972656,0.4858596920967102,-0.029513835906982422,0.5947782397270203,0.6149813532829285,-0.008399256505072117,0.5955675840377808,0.5437122583389282,-0.015971913933753967,0.5979063510894775,0.4978192448616028,-0.02281218208372593,0.5989610552787781,0.46002212166786194,-0.02818688005208969,0.6123830676078796,0.625767171382904,-0.01173474732786417,0.6129016876220703,0.5606840252876282,-0.019627299159765244,0.6138380169868469,0.5197471380233765,-0.026420267298817635,0.6138116121292114,0.48450320959091187,-0.03143260255455971,0.6297315359115601,0.6481153964996338,-0.01671047881245613,0.630602240562439,0.5987926721572876,-0.024535242468118668,0.630632221698761,0.5654177665710449,-0.029319897294044495,0.6303200125694275,0.5364071130752563,-0.032844360917806625
25,0.3373970687389374,0.768113374710083,1.5075109160989086e-07,0.3567802608013153,0.7508823871612549,-0.013467244803905487,0.36373037099838257,0.7085654735565186,-0.020555123686790466,0.34559911489486694,0.676791787147522,-0.026477312669157982,0.3248700499534607,0.6641635298728943,-0.03316083922982216,0.36182764172554016,0.6416876912117004,-0.01627781242132187,0.36077284812927246,0.5797194838523865,-0.026905089616775513,0.35778453946113586,0.542303204536438,-0.03537393733859062,0.3536044955253601,0.5126492977142334,-0.04137411341071129,0.34343278408050537,0.63503098487854,-0.017580216750502586,0.34238889813423157,0.5676279664039612,-0.026969391852617264,0.3396364748477936,0.5229613780975342,-0.03580710291862488,0.3362796902656555,0.4875885248184204,-0.041978850960731506,0.32613611221313477,0.6432921886444092,-0.020189180970191956,0.3255322575569153,0.5788964033126831,-0.029313694685697556,0.3244849145412445,0.5414729118347168,-0.03745880350470543,0.32320088148117065,0.509979784488678,-0.04250146821141243,0.3090081512928009,0.662856936454773,-0.02385088801383972,0.3074955344200134,0.6149230003356934,-0.032552771270275116,0.30668187141418457,0.5856372714042664,-0.037083424627780914,0.30634135007858276,0.558600902557373,-0.039736971259117126,0.6030555963516235,0.7810830473899841,9.782088028487124e-09,0.5780484676361084,0.7509469389915466,-0.012247329577803612,0.5681794285774231,0.6936973929405212,-0.016914939507842064,0.5834518671035767,0.6525980234146118,-0.021408529952168465,0.6009824872016907,0.6393868923187256,-0.02540276013314724,0.5744993090629578,0.6169095039367676,-0.006268327124416828,0.5738805532455444,0.554404616355896,-0.014465234242379665,0.5758662223815918,0.5153585076332092,-0.02202918939292431,0.5782947540283203,0.48235830664634705,-0.02859818935394287,0.5936596989631653,0.6132492423057556,-0.00784221664071083,0.5943746566772461,0.5418475270271301,-0.015383665449917316,0.5965865254402161,0.4959007501602173,-0.022552520036697388,0.5975877642631531,0.4582752287387848,-0.028251448646187782,0.6113130450248718,0.6241346597671509,-0.011538154445588589,0.6118955612182617,0.5592023730278015,-0.019443530589342117,0.612717866897583,0.5179084539413452,-0.026581350713968277,0.612449586391449,0.482589989900589,-0.03191825747489929,0.6287601590156555,0.6463996171951294,-0.016779934987425804,0.629539966583252,0.5968843698501587,-0.024664247408509254,0.6291503310203552,0.5633782744407654,-0.029636917635798454,0.6281655430793762,0.5342084169387817,-0.03336260840296745
26,0.3367471396923065,0.7696319818496704,1.4745673126981274e-07,0.3562670648097992,0.7540940046310425,-0.01352673675864935,0.3643605411052704,0.7116364240646362,-0.020485438406467438,0.34570813179016113,0.6788744926452637,-0.026210451498627663,0.32480818033218384,0.66584312915802,-0.032668862491846085,0.36257919669151306,0.643257737159729,-0.016342567279934883,0.36094287037849426,0.5803544521331787,-0.026745108887553215,0.3576402962207794,0.5426688194274902,-0.03491807356476784,0.3531743586063385,0.5135748982429504,-0.04063575342297554,0.3432950973510742,0.6366896033287048,-0.017461581155657768,0.34183618426322937,0.5679537653923035,-0.026616383343935013,0.3387505114078522,0.5233732461929321,-0.03519623726606369,0.33514297008514404,0.4888715147972107,-0.04113975539803505,0.3256572484970093,0.644943118095398,-0.01987197995185852,0.3249484598636627,0.5797719955444336,-0.028787169605493546,0.323764830827713,0.5423870086669922,-0.036710966378450394,0.32239434123039246,0.5111954212188721,-0.0415755920112133,0.30817872285842896,0.6640887260437012,-0.02332906797528267,0.30695170164108276,0.6153683662414551,-0.03187360242009163,0.30612093210220337,0.5861045122146606,-0.03626341000199318,0.30579647421836853,0.5591787099838257,-0.03879469260573387,0.6023926138877869,0.7818177342414856,1.3639178675362018e-08,0.5772702693939209,0.7518985271453857,-0.012114174664020538,0.5674200057983398,0.6931296586990356,-0.016509579494595528,0.5822415947914124,0.6512213349342346,-0.020756518468260765,0.5989035964012146,0.6402799487113953,-0.024523895233869553,0.5742459893226624,0.616447925567627,-0.0057648103684186935,0.5736793875694275,0.5543558597564697,-0.013650350272655487,0.5756378769874573,0.5153931975364685,-0.021034931764006615,0.5780289173126221,0.48250147700309753,-0.027592213824391365,0.5935259461402893,0.6129335165023804,-0.007452189456671476,0.5939440131187439,0.5419489145278931,-0.014858517795801163,0.5959427356719971,0.4958576261997223,-0.022022167220711708,0.5968677997589111,0.45770275592803955,-0.027727484703063965,0.6112266778945923,0.6242155432701111,-0.011274630203843117,0.6117101311683655,0.5593074560165405,-0.019218862056732178,0.6124736666679382,0.5178138613700867,-0.02655814215540886,0.6122767925262451,0.4821893572807312,-0.032057080417871475,0.6285780668258667,0.6467986106872559,-0.0166332870721817,0.6292726397514343,0.5978202819824219,-0.024602029472589493,0.6288924813270569,0.5646336674690247,-0.029757920652627945,0.6281008124351501,0.5354930758476257,-0.03366338834166527
27,0.33537957072257996,0.7751352787017822,1.3836879020345805e-07,0.3554615080356598,0.7588405609130859,-0.013519750908017159,0.364091157913208,0.7135515809059143,-0.019769882783293724,0.3450070321559906,0.6785837411880493,-0.02477760799229145,0.3226203918457031,0.6682842969894409,-0.030390890315175056,0.3617238402366638,0.6440249681472778,-0.01447970513254404,0.36028945446014404,0.5806100368499756,-0.023907596245408058,0.3570594787597656,0.5432423949241638,-0.03175751492381096,0.352498859167099,0.5139248371124268,-0.037479694932699203,0.3426310122013092,0.6365203857421875,-0.015370391309261322,0.3415236473083496,0.567587673664093,-0.02346394769847393,0.3388095498085022,0.5223734378814697,-0.03179202973842621,0.3353019654750824,0.48737967014312744,-0.03776830807328224,0.3252047896385193,0.6445040106773376,-0.017634108662605286,0.32484719157218933,0.5797532796859741,-0.0256337933242321,0.32423022389411926,0.5422404408454895,-0.03362972289323807,0.32310131192207336,0.5111600756645203,-0.038722679018974304,0.3078846335411072,0.664114773273468,-0.021036451682448387,0.3069562315940857,0.6155809164047241,-0.02883075922727585,0.30612650513648987,0.5865980386734009,-0.03308194503188133,0.3055410385131836,0.5605223774909973,-0.035672277212142944,0.6028842329978943,0.7816485166549683,1.4724161445656136e-08,0.5771642327308655,0.7503387928009033,-0.012325548566877842,0.5680698156356812,0.6917654275894165,-0.016538361087441444,0.5855066776275635,0.6522579193115234,-0.020563751459121704,0.6050668954849243,0.6441234350204468,-0.0240340419113636,0.5740434527397156,0.6151366829872131,-0.005016339477151632,0.5733327269554138,0.5536909699440002,-0.012685687281191349,0.57548987865448,0.5153466463088989,-0.020006483420729637,0.5778043866157532,0.48326364159584045,-0.026418769732117653,0.5935313105583191,0.6116309762001038,-0.006420083809643984,0.5940147042274475,0.5416808724403381,-0.013482038863003254,0.5955538749694824,0.4959235191345215,-0.020391346886754036,0.5958412289619446,0.4580477476119995,-0.025804664939641953,0.6113365292549133,0.6226407289505005,-0.010044864378869534,0.6116633415222168,0.5585857629776001,-0.01777176931500435,0.6119760870933533,0.5174884796142578,-0.0249806959182024,0.6115445494651794,0.482004314661026,-0.030216971412301064,0.6286364197731018,0.6454393267631531,-0.015242130495607853,0.6290396451950073,0.5970557928085327,-0.0228781308978796,0.6286460757255554,0.5637570023536682,-0.027745680883526802,0.6283133625984192,0.5346395373344421,-0.03132105991244316
28,0.33537957072257996,0.7751352787017822,1.3836879020345805e-07,0.3554615080356598,0.7588405609130859,-0.013519750908017159,0.364091157913208,0.7135515809059143,-0.019769882783293724,0.3450070321559906,0.6785837411880493,-0.02477760799229145,0.3226203918457031,0.6682842969894409,-0.030390890315175056,0.3617238402366638,0.6440249681472778,-0.01447970513254404,0.36028945446014404,0.5806100368499756,-0.023907596245408058,0.3570594787597656,0.5432423949241638,-0.03175751492381096,0.352498859167099,0.5139248371124268,-0.037479694932699203,0.3426310122013092,0.6365203857421875,-0.015370391309261322,0.3415236473083496,0.567587673664093,-0.02346394769847393,0.3388095498085022,0.5223734378814697,-0.03179202973842621,0.3353019654750824,0.48737967014312744,-0.03776830807328224,0.3252047896385193,0.6445040106773376,-0.017634108662605286,0.32484719157218933,0.5797532796859741,-0.0256337933242321,0.32423022389411926,0.5422404408454895,-0.03362972289323807,0.32310131192207336,0.5111600756645203,-0.038722679018974304,0.3078846335411072,0.664114773273468,-0.021036451682448387,0.3069562315940857,0.6155809164047241,-0.02883075922727585,0.30612650513648987,0.5865980386734009,-0.03308194503188133,0.3055410385131836,0.5605223774909973,-0.035672277212142944,0.6028842329978943,0.7816485166549683,1.4724161445656136e-08,0.5771642327308655,0.7503387928009033,-0.012325548566877842,0.5680698156356812,0.6917654275894165,-0.016538361087441444,0.5855066776275635,0.6522579193115234,-0.020563751459121704,0.6050668954849243,0.6441234350204468,-0.0240340419113636,0.5740434527397156,0.6151366829872131,-0.005016339477151632,0.5733327269554138,0.5536909699440002,-0.012685687281191349,0.57548987865448,0.5153466463088989,-0.020006483420729637,0.5778043866157532,0.48326364159584045,-0.026418769732117653,0.5935313105583191,0.6116309762001038,-0.006420083809643984,0.5940147042274475,0.5416808724403381,-0.013482038863003254,0.5955538749694824,0.4959235191345215,-0.020391346886754036,0.5958412289619446,0.4580477476119995,-0.025804664939641953,0.6113365292549133,0.6226407289505005,-0.010044864378869534,0.6116633415222168,0.5585857629776001,-0.01777176931500435,0.6119760870933533,0.5174884796142578,-0.0249806959182024,0.6115445494651794,0.482004314661026,-0.030216971412301064,0.6286364197731018,0.6454393267631531,-0.015242130495607853,0.6290396451950073,0.5970557928085327,-0.0228781308978796,0.6286460757255554,0.5637570023536682,-0.027745680883526802,0.6283133625984192,0.5346395373344421,-0.03132105991244316
29,0.33436354994773865,0.7814381122589111,1.3615040472814144e-07,0.3542969822883606,0.7637979984283447,-0.013510415330529213,0.36296266317367554,0.7157611846923828,-0.019243018701672554,0.34428927302360535,0.6785624027252197,-0.02369917742908001,0.3219016194343567,0.6684108376502991,-0.02862481400370598,0.36049723625183105,0.6452999114990234,-0.013203620910644531,0.35940322279930115,0.5817915797233582,-0.022235851734876633,0.35623347759246826,0.5437389612197876,-0.029961951076984406,0.35180193185806274,0.514222264289856,-0.03566618636250496,0.3417350947856903,0.6367660760879517,-0.014100234024226665,0.3407939672470093,0.567933201789856,-0.02151147462427616,0.33811843395233154,0.5227731466293335,-0.02937278524041176,0.33444109559059143,0.48808300495147705,-0.03503059595823288,0.32445406913757324,0.6441536545753479,-0.016534585505723953,0.32390499114990234,0.5786351561546326,-0.02404191344976425,0.3231712877750397,0.5418770909309387,-0.031815554946660995,0.3218177855014801,0.5114278793334961,-0.03678650036454201,0.3071210980415344,0.6640371084213257,-0.020189879462122917,0.30562248826026917,0.6149816513061523,-0.027688685804605484,0.3048786520957947,0.5857813954353333,-0.03196460381150246,0.3043400049209595,0.5594722032546997,-0.034590668976306915,0.6017878651618958,0.7790365219116211,1.604559685119966e-08,0.5771006345748901,0.7487947344779968,-0.0125214122235775,0.5678029656410217,0.6906547546386719,-0.016895705834031105,0.583999752998352,0.6505326628684998,-0.02091742679476738,0.6012812256813049,0.6395863890647888,-0.02447967790067196,0.5728457570075989,0.6142230033874512,-0.006212341133505106,0.5727235078811646,0.5524418950080872,-0.013857124373316765,0.5753128528594971,0.5145636796951294,-0.020895162597298622,0.578011691570282,0.48274147510528564,-0.02707142010331154,0.5924484133720398,0.6113360524177551,-0.007440877612680197,0.5929774641990662,0.5408852100372314,-0.014377351850271225,0.5946485996246338,0.49564212560653687,-0.02115442603826523,0.5952401161193848,0.45716387033462524,-0.026560235768556595,0.6104437708854675,0.6230752468109131,-0.010808123275637627,0.6106781363487244,0.5584083199501038,-0.018818501383066177,0.6111102104187012,0.5167286992073059,-0.026287639513611794,0.611000120639801,0.4797247052192688,-0.03172693029046059,0.6279420852661133,0.6463583111763,-0.015636751428246498,0.6280730366706848,0.5971949100494385,-0.023659905418753624,0.6277558207511902,0.5640592575073242,-0.02872536890208721,0.6276514530181885,0.5343472361564636,-0.032481733709573746
30,0.33436354994773865,0.7814381122589111,1.3615040472814144e-07,0.3542969822883606,0.7637979984283447,-0.013510415330529213,0.36296266317367554,0.7157611846923828,-0.019243018701672554,0.34428927302360535,0.6785624027252197,-0.02369917742908001,0.3219016194343567,0.6684108376502991,-0.02862481400370598,0.36049723625183105,0.6452999114990234,-0.013203620910644531,0.35940322279930115,0.5817915797233582,-0.022235851734876633,0.35623347759246826,0.5437389612197876,-0.029961951076984406,0.35180193185806274,0.514222264289856,-0.03566618636250496,0.3417350947856903,0.6367660760879517,-0.014100234024226665,0.3407939672470093,0.567933201789856,-0.02151147462427616,0.33811843395233154,0.5227731466293335,-0.02937278524041176,0.33444109559059143,0.48808300495147705,-0.03503059595823288,0.32445406913757324,0.6441536545753479,-0.016534585505723953,0.32390499114990234,0.5786351561546326,-0.02404191344976425,0.3231712877750397,0.5418770909309387,-0.031815554946660995,0.3218177855014801,0.5114278793334961,-0.03678650036454201,0.3071210980415344,0.6640371084213257,-0.020189879462122917,0.30562248826026917,0.6149816513061523,-0.027688685804605484,0.3048786520957947,0.5857813954353333,-0.03196460381150246,0.3043400049209595,0.5594722032546997,-0.034590668976306915,0.6017878651618958,0.7790365219116211,1.604559685119966e-08,0.5771006345748901,0.7487947344779968,-0.0125214122235775,0.5678029656410217,0.6906547546386719,-0.016895705834031105,0.583999752998352,0.6505326628684998,-0.02091742679476738,0.6012812256813049,0.6395863890647888,-0.02447967790067196,0.5728457570075989,0.6142230033874512,-0.006212341133505106,0.5727235078811646,0.5524418950080872,-0.013857124373316765,0.5753128528594971,0.5145636796951294,-0.020895162597298622,0.578011691570282,0.48274147510528564,-0.02707142010331154,0.5924484133720398,0.6113360524177551,-0.007440877612680197,0.5929774641990662,0.5408852100372314,-0.014377351850271225,0.5946485996246338,0.49564212560653687,-0.02115442603826523,0.5952401161193848,0.45716387033462524,-0.026560235768556595,0.6104437708854675,0.6230752468109131,-0.010808123275637627,0.6106781363487244,0.5584083199501038,-0.018818501383066177,0.6111102104187012,0.5167286992073059,-0.026287639513611794,0.611000120639801,0.4797247052192688,-0.03172693029046059,0.6279420852661133,0.6463583111763,-0.015636751428246498,0.6280730366706848,0.5971949100494385,-0.023659905418753624,0.6277558207511902,0.5640592575073242,-0.02872536890208721,0.6276514530181885,0.5343472361564636,-0.032481733709573746
31,0.33359307050704956,0.7877106666564941,1.2080865019470366e-07,0.3541358709335327,0.7699737548828125,-0.013813245110213757,0.3626701533794403,0.7186694741249084,-0.018827373161911964,0.3441968262195587,0.6786032319068909,-0.022441409528255463,0.32152286171913147,0.6680704951286316,-0.02636112831532955,0.3603237569332123,0.6452405452728271,-0.011900370009243488,0.35895636677742004,0.5814858675003052,-0.019999012351036072,0.3559059500694275,0.5437043905258179,-0.027316387742757797,0.3513886332511902,0.5142932534217834,-0.0328625924885273,0.3416386842727661,0.636500895023346,-0.012284987606108189,0.3406679332256317,0.567497193813324,-0.018572790548205376,0.3380375802516937,0.5225775241851807,-0.025848234072327614,0.3341522216796875,0.48802703619003296,-0.03124336153268814,0.3245134651660919,0.643541157245636,-0.014346792362630367,0.3240615427494049,0.5780149698257446,-0.02082649990916252,0.3234158456325531,0.5405697226524353,-0.028296224772930145,0.32181334495544434,0.5095136165618896,-0.033264633268117905,0.30720609426498413,0.6633066534996033,-0.017753200605511665,0.3053997755050659,0.6141411066055298,-0.0242557805031538,0.30475202202796936,0.5848467350006104,-0.028184223920106888,0.3041307330131531,0.5589500069618225,-0.030767124146223068,0.6021105647087097,0.7783960103988647,3.722945063344696e-09,0.5765262842178345,0.7488929033279419,-0.013131652027368546,0.5671358704566956,0.6894828081130981,-0.017263278365135193,0.5848788022994995,0.6490358114242554,-0.020965848118066788,0.6047065854072571,0.6372054815292358,-0.024113500490784645,0.5726662278175354,0.6132566928863525,-0.005849133245646954,0.5719891786575317,0.5524322986602783,-0.013187586329877377,0.5741420388221741,0.5153701305389404,-0.02010289579629898,0.5765151381492615,0.48368215560913086,-0.026280824095010757,0.592168390750885,0.6092272400856018,-0.006687115412205458,0.5925503373146057,0.5381914377212524,-0.013449539430439472,0.593948245048523,0.4931226968765259,-0.020010611042380333,0.5943296551704407,0.45513588190078735,-0.025246769189834595,0.6099775433540344,0.620251476764679,-0.009786774404346943,0.6101706027984619,0.5549569725990295,-0.01791907660663128,0.6105563640594482,0.5136274099349976,-0.025396782904863358,0.6105729937553406,0.47706538438796997,-0.03079928457736969,0.627315104007721,0.6434051990509033,-0.014424723573029041,0.6274165511131287,0.5946654677391052,-0.022627433761954308,0.62724769115448,0.5618652105331421,-0.027838772162795067,0.6274645924568176,0.5321643948554993,-0.03168343007564545
32,0.33359307050704956,0.7877106666564941,1.2080865019470366e-07,0.3541358709335327,0.7699737548828125,-0.013813245110213757,0.3626701533794403,0.7186694741249084,-0.018827373161911964,0.3441968262195587,0.6786032319068909,-0.022441409528255463,0.32152286171913147,0.6680704951286316,-0.02636112831532955,0.3603237569332123,0.6452405452728271,-0.011900370009243488,0.35895636677742004,0.5814858675003052,-0.019999012351036072,0.3559059500694275,0.5437043905258179,-0.027316387742757797,0.3513886332511902,0.5142932534217834,-0.0328625924885273,0.3416386842727661,0.636500895023346,-0.012284987606108189,0.3406679332256317,0.567497193813324,-0.018572790548205376,0.3380375802516937,0.5225775241851807,-0.025848234072327614,0.3341522216796875,0.48802703619003296,-0.03124336153268814,0.3245134651660919,0.643541157245636,-0.014346792362630367,0.3240615427494049,0.5780149698257446,-0.02082649990916252,0.3234158456325531,0.5405697226524353,-0.028296224772930145,0.32181334495544434,0.5095136165618896,-0.033264633268117905,0.30720609426498413,0.6633066534996033,-0.017753200605511665,0.3053997755050659,0.6141411066055298,-0.0242557805031538,0.30475202202796936,0.5848467350006104,-0.028184223920106888,0.3041307330131531,0.5589500069618225,-0.030767124146223068,0.6021105647087097,0.7783960103988647,3.722945063344696e-09,0.5765262842178345,0.7488929033279419,-0.013131652027368546,0.5671358704566956,0.6894828081130981,-0.017263278365135193,0.5848788022994995,0.6490358114242554,-0.020965848118066788,0.6047065854072571,0.6372054815292358,-0.024113500490784645,0.5726662278175354,0.6132566928863525,-0.005849133245646954,0.5719891786575317,0.5524322986602783,-0.013187586329877377,0.5741420388221741,0.5153701305389404,-0.02010289579629898,0.5765151381492615,0.48368215560913086,-0.026280824095010757,0.592168390750885,0.6092272400856018,-0.006687115412205458,0.5925503373146057,0.5381914377212524,-0.013449539430439472,0.593948245048523,0.4931226968765259,-0.020010611042380333,0.5943296551704407,0.45513588190078735,-0.025246769189834595,0.6099775433540344,0.620251476764679,-0.009786774404346943,0.6101706027984619,0.5549569725990295,-0.01791907660663128,0.6105563640594482,0.5136274099349976,-0.025396782904863358,0.6105729937553406,0.47706538438796997,-0.03079928457736969,0.627315104007721,0.6434051990509033,-0.014424723573029041,0.6274165511131287,0.5946654677391052,-0.022627433761954308,0.62724769115448,0.5618652105331421,-0.027838772162795067,0.6274645924568176,0.5321643948554993,-0.03168343007564545
33,0.3341885805130005,0.7818825840950012,1.2731587162306823e-07,0.35347679257392883,0.7625948190689087,-0.013395081274211407,0.3616708815097809,0.71502286195755,-0.01903674192726612,0.3427382707595825,0.6796841621398926,-0.023393480107188225,0.32050105929374695,0.6700939536094666,-0.02811051346361637,0.359062522649765,0.6452494263648987,-0.013236427679657936,0.35774093866348267,0.581972062587738,-0.022236434742808342,0.35481810569763184,0.5442091226577759,-0.0298457033932209,0.3507881760597229,0.5146352052688599,-0.03543728217482567,0.34049639105796814,0.6374678015708923,-0.014165233820676804,0.3388807773590088,0.568794310092926,-0.02145186811685562,0.3358997106552124,0.5238392949104309,-0.02904091589152813,0.33213430643081665,0.48938149213790894,-0.034543994814157486,0.32345157861709595,0.6453250050544739,-0.01663978211581707,0.32246649265289307,0.5798665285110474,-0.02394932694733143,0.32148870825767517,0.5425518155097961,-0.031410396099090576,0.31999003887176514,0.5115489959716797,-0.03624466061592102,0.30663394927978516,0.6656892895698547,-0.020365731790661812,0.30448946356773376,0.6172348260879517,-0.02761252038180828,0.3033391237258911,0.5874958634376526,-0.031671274453401566,0.3022506535053253,0.5604658126831055,-0.034207385033369064,0.6020106673240662,0.7762284874916077,1.3405863086290992e-08,0.5766607522964478,0.7469285726547241,-0.013536625541746616,0.5679998397827148,0.6873098015785217,-0.01764635555446148,0.586262047290802,0.6474069952964783,-0.021257728338241577,0.606179416179657,0.6369073987007141,-0.02428996004164219,0.5724448561668396,0.6118144989013672,-0.005912576336413622,0.572062611579895,0.5503796339035034,-0.01339825801551342,0.5746358036994934,0.5125207901000977,-0.02042023465037346,0.5773029923439026,0.48048776388168335,-0.026652337983250618,0.5920572280883789,0.6082402467727661,-0.0065273717045784,0.5922076106071472,0.538332998752594,-0.013431038707494736,0.5936785340309143,0.49315595626831055,-0.020158562809228897,0.5942452549934387,0.45489829778671265,-0.025520754978060722,0.6098474264144897,0.6191315650939941,-0.009480911307036877,0.6102052330970764,0.5548264980316162,-0.017501506954431534,0.6105454564094543,0.5133224129676819,-0.025064924731850624,0.6104957461357117,0.47644639015197754,-0.030575213953852654,0.6271364092826843,0.6414862275123596,-0.014054146595299244,0.627232015132904,0.5930849313735962,-0.022273702546954155,0.6270366907119751,0.5598434805870056,-0.02769111469388008,0.6273961067199707,0.5296880006790161,-0.03169479966163635
34,0.33275869488716125,0.7833295464515686,1.2651550207465334e-07,0.35316506028175354,0.7652380466461182,-0.013028948567807674,0.3620918393135071,0.7161386609077454,-0.018165962770581245,0.3441026508808136,0.6782528162002563,-0.02206583321094513,0.32197633385658264,0.6686065196990967,-0.026426369324326515,0.3591213822364807,0.6446165442466736,-0.012244421988725662,0.3578047752380371,0.5803999304771423,-0.020674407482147217,0.3548438549041748,0.5425564050674438,-0.028099536895751953,0.35050255060195923,0.5129653215408325,-0.03360897675156593,0.3403612971305847,0.637237012386322,-0.013013412244617939,0.33922338485717773,0.5684785842895508,-0.01968689076602459,0.33658456802368164,0.5235416889190674,-0.027064060792326927,0.33273714780807495,0.4890408515930176,-0.0324455127120018,0.3231934905052185,0.6452386975288391,-0.015314700081944466,0.3225972652435303,0.5800809860229492,-0.022139739245176315,0.32198724150657654,0.5426649451255798,-0.029593678191304207,0.3205021619796753,0.5117397308349609,-0.034396812319755554,0.3060190677642822,0.6653569340705872,-0.018843019381165504,0.30471092462539673,0.6158053278923035,-0.025801900774240494,0.30379191040992737,0.5863114595413208,-0.02979123964905739,0.30279025435447693,0.5600021481513977,-0.032244257628917694,0.6020556688308716,0.775505781173706,6.907741489925456e-09,0.5762227773666382,0.7462407946586609,-0.013289212249219418,0.5676083564758301,0.6871862411499023,-0.017281867563724518,0.5859954953193665,0.6475932002067566,-0.020764214918017387,0.6053834557533264,0.637403666973114,-0.023707175627350807,0.5731312036514282,0.6111098527908325,-0.005898334551602602,0.5725412368774414,0.5493826866149902,-0.01327465008944273,0.5748491883277893,0.5116419792175293,-0.02016030251979828,0.5773746967315674,0.47961345314979553,-0.02627941220998764,0.5929158926010132,0.6078809499740601,-0.006605695933103561,0.5930424928665161,0.5374665856361389,-0.013432243838906288,0.5942893624305725,0.4923413395881653,-0.0200100876390934,0.5947374105453491,0.4537949562072754,-0.025200124830007553,0.61061692237854,0.6190718412399292,-0.009602815844118595,0.6109684705734253,0.5545852780342102,-0.017767582088708878,0.611265242099762,0.513338029384613,-0.025278883054852486,0.6113756895065308,0.4764721095561981,-0.030647380277514458,0.6276367902755737,0.6419870853424072,-0.014162068255245686,0.6274623274803162,0.5937058329582214,-0.02242562547326088,0.6273670196533203,0.5607907176017761,-0.02772386372089386,0.6279863119125366,0.5307387709617615,-0.03159290552139282
35,0.33204442262649536,0.7853313684463501,1.304349837027985e-07,0.35256752371788025,0.7661227583885193,-0.012987500056624413,0.36127594113349915,0.7152242660522461,-0.01795380935072899,0.34311622381210327,0.6783508658409119,-0.02171969786286354,0.32030177116394043,0.6706728935241699,-0.02598714269697666,0.3589000999927521,0.6451541781425476,-0.012159067206084728,0.3578938841819763,0.5818172693252563,-0.020800743252038956,0.3550780713558197,0.5433518290519714,-0.028381191194057465,0.3508357107639313,0.5129624605178833,-0.03405342623591423,0.34038352966308594,0.6372786164283752,-0.013192539103329182,0.33945637941360474,0.5692768692970276,-0.020104601979255676,0.33677399158477783,0.5244016051292419,-0.027608530595898628,0.33302345871925354,0.48936861753463745,-0.03310177102684975,0.32300078868865967,0.6451709866523743,-0.015785355120897293,0.3226073086261749,0.5803508162498474,-0.02278159372508526,0.3219054043292999,0.5427780151367188,-0.030313611030578613,0.32029739022254944,0.5112851858139038,-0.03523537516593933,0.3053997755050659,0.6655124425888062,-0.019637402147054672,0.30404967069625854,0.6162265539169312,-0.026588881388306618,0.3033413290977478,0.5860762596130371,-0.030587272718548775,0.30241721868515015,0.5589333176612854,-0.03316117078065872,0.6020416021347046,0.7728835940361023,1.267098070911743e-08,0.5764848589897156,0.7438717484474182,-0.01329572033137083,0.5674545168876648,0.6869693398475647,-0.017362022772431374,0.5851849317550659,0.647243857383728,-0.02097250521183014,0.6041324138641357,0.6358411908149719,-0.024027058854699135,0.5726560354232788,0.6098242402076721,-0.005539808422327042,0.5719309449195862,0.5487563610076904,-0.012842017225921154,0.5741872191429138,0.5111048817634583,-0.019786370918154716,0.5766910314559937,0.4792477488517761,-0.02593797631561756,0.5922787189483643,0.606339156627655,-0.006086374167352915,0.5923228859901428,0.5364131331443787,-0.01284401211887598,0.5937002897262573,0.4910757541656494,-0.01957579143345356,0.5940683484077454,0.45298731327056885,-0.02496129833161831,0.6100877523422241,0.616987943649292,-0.008950469084084034,0.6102872490882874,0.5532010793685913,-0.01681073009967804,0.610632598400116,0.5116889476776123,-0.024539204314351082,0.6104826927185059,0.47500360012054443,-0.030179504305124283,0.6273829936981201,0.6387866735458374,-0.013399115763604641,0.6273306012153625,0.5907605290412903,-0.021392961964011192,0.6268829703330994,0.5576310753822327,-0.026909615844488144,0.6268054246902466,0.5277503132820129,-0.031039703637361526
36,0.33538416028022766,0.7815641164779663,1.333064290065522e-07,0.35482344031333923,0.7631600499153137,-0.013368433341383934,0.36308419704437256,0.7162190675735474,-0.01932479813694954,0.34479010105133057,0.680530309677124,-0.024021953344345093,0.32357990741729736,0.6691817045211792,-0.029291151091456413,0.36001142859458923,0.644417405128479,-0.01422888319939375,0.3583624064922333,0.5811036825180054,-0.02328406274318695,0.35540205240249634,0.5433642268180847,-0.030924314633011818,0.3511730432510376,0.5135271549224854,-0.03659312054514885,0.34129172563552856,0.6376500129699707,-0.015225550159811974,0.33994850516319275,0.5692235231399536,-0.022845635190606117,0.33712342381477356,0.5246928930282593,-0.030722055584192276,0.3333325684070587,0.4899795651435852,-0.0364399328827858,0.3241395950317383,0.6462025046348572,-0.017632825300097466,0.32352209091186523,0.5810772180557251,-0.02533382549881935,0.32269617915153503,0.5434492826461792,-0.03315261751413345,0.3211144506931305,0.5120947360992432,-0.03822258487343788,0.30692556500434875,0.6663737893104553,-0.02118651382625103,0.305147647857666,0.6169846653938293,-0.0288819782435894,0.30398979783058167,0.5876955389976501,-0.033161748200654984,0.30295997858047485,0.5612800121307373,-0.035809338092803955,0.6017904877662659,0.7732443809509277,2.0125513700008923e-08,0.576349675655365,0.7436773777008057,-0.013281265273690224,0.5678072571754456,0.6852879524230957,-0.017405135557055473,0.5853684544563293,0.6448088884353638,-0.02102818712592125,0.6044372320175171,0.6364812254905701,-0.02401217818260193,0.572441577911377,0.6100967526435852,-0.00573012325912714,0.5720149874687195,0.5492641925811768,-0.013007712550461292,0.5743804574012756,0.5115819573402405,-0.019934972748160362,0.5769895315170288,0.47999072074890137,-0.026094594970345497,0.5918652415275574,0.6063768267631531,-0.00631376076489687,0.5920073390007019,0.5369439721107483,-0.012905659154057503,0.5937818884849548,0.4916529059410095,-0.019370166584849358,0.5946657061576843,0.45354214310646057,-0.024544475600123405,0.6097551584243774,0.6169538497924805,-0.009194508194923401,0.6100576519966125,0.5535639524459839,-0.016624024137854576,0.6107058525085449,0.5121120810508728,-0.02382415533065796,0.6106906533241272,0.47570762038230896,-0.02917177602648735,0.6272687315940857,0.6387972831726074,-0.013721982017159462,0.6273822784423828,0.5909460783004761,-0.021286936476826668,0.6269582509994507,0.5581274032592773,-0.026312777772545815,0.6268154382705688,0.5287290811538696,-0.03010455332696438
37,0.33538416028022766,0.7815641164779663,1.333064290065522e-07,0.35482344031333923,0.7631600499153137,-0.013368433341383934,0.36308419704437256,0.7162190675735474,-0.01932479813694954,0.34479010105133057,0.680530309677124,-0.024021953344345093,0.32357990741729736,0.6691817045211792,-0.029291151091456413,0.36001142859458923,0.644417405128479,-0.01422888319939375,0.3583624064922333,0.5811036825180054,-0.02328406274318695,0.35540205240249634,0.5433642268180847,-0.030924314633011818,0.3511730432510376,0.5135271549224854,-0.03659312054514885,0.34129172563552856,0.6376500129699707,-0.015225550159811974,0.33994850516319275,0.5692235231399536,-0.022845635190606117,0.33712342381477356,0.5246928930282593,-0.030722055584192276,0.3333325684070587,0.4899795651435852,-0.0364399328827858,0.3241395950317383,0.6462025046348572,-0.017632825300097466,0.32352209091186523,0.5810772180557251,-0.02533382549881935,0.32269617915153503,0.5434492826461792,-0.03315261751413345,0.3211144506931305,0.5120947360992432,-0.03822258487343788,0.30692556500434875,0.6663737893104553,-0.02118651382625103,0.305147647857666,0.6169846653938293,-0.0288819782435894,0.30398979783058167,0.5876955389976501,-0.033161748200654984,0.30295997858047485,0.5612800121307373,-0.035809338092803955,0.6017904877662659,0.7732443809509277,2.0125513700008923e-08,0.576349675655365,0.7436773777008057,-0.013281265273690224,0.5678072571754456,0.6852879524230957,-0.017405135557055473,0.5853684544563293,0.6448088884353638,-0.02102818712592125,0.6044372320175171,0.6364812254905701,-0.02401217818260193,0.572441577911377,0.6100967526435852,-0.00573012325912714,0.5720149874687195,0.5492641925811768,-0.013007712550461292,0.5743804574012756,0.5115819573402405,-0.019934972748160362,0.5769895315170288,0.47999072074890137,-0.026094594970345497,0.5918652415275574,0.6063768267631531,-0.00631376076489687,0.5920073390007019,0.5369439721107483,-0.012905659154057503,0.5937818884849548,0.4916529059410095,-0.019370166584849358,0.5946657061576843,0.45354214310646057,-0.024544475600123405,0.6097551584243774,0.6169538497924805,-0.009194508194923401,0.6100576519966125,0.5535639524459839,-0.016624024137854576,0.6107058525085449,0.5121120810508728,-0.02382415533065796,0.6106906533241272,0.47570762038230896,-0.02917177602648735,0.6272687315940857,0.6387972831726074,-0.013721982017159462,0.6273822784423828,0.5909460783004761,-0.021286936476826668,0.6269582509994507,0.5581274032592773,-0.026312777772545815,0.6268154382705688,0.5287290811538696,-0.03010455332696438
38,0.33447331190109253,0.7839619517326355,1.3853410507636e-07,0.35398298501968384,0.7659227848052979,-0.013371654786169529,0.3625357151031494,0.7170462012290955,-0.019012093544006348,0.3433122932910919,0.6804459095001221,-0.023439621552824974,0.320532888174057,0.6711907386779785,-0.028376618400216103,0.35991373658180237,0.6448720693588257,-0.01287835743278265,0.35872724652290344,0.5817425847053528,-0.021526645869016647,0.35580798983573914,0.5437898635864258,-0.02914525754749775,0.35149824619293213,0.5140492916107178,-0.03491564840078354,0.34107816219329834,0.6370744705200195,-0.013825349509716034,0.34007662534713745,0.5689123272895813,-0.020860102027654648,0.33761832118034363,0.5237537622451782,-0.028645221143960953,0.3340841233730316,0.4888712763786316,-0.034389812499284744,0.3238004148006439,0.6454867124557495,-0.016300564631819725,0.3234044313430786,0.5811315178871155,-0.023556534200906754,0.3231602609157562,0.5438159108161926,-0.03141438961029053,0.3220576345920563,0.5126515030860901,-0.03656250610947609,0.3065066337585449,0.6662478446960449,-0.019996872171759605,0.3057282269001007,0.6178094744682312,-0.027397120371460915,0.3048137426376343,0.5884515643119812,-0.031668782234191895,0.3037618398666382,0.5621067881584167,-0.03437360003590584,0.6013904809951782,0.7738678455352783,1.339067345895728e-08,0.5754611492156982,0.7443714141845703,-0.012951992452144623,0.5669844746589661,0.6860659718513489,-0.016837645322084427,0.5841535329818726,0.6453539133071899,-0.020308833569288254,0.601931631565094,0.6336175203323364,-0.023191159591078758,0.5720928907394409,0.6098482608795166,-0.005095324013382196,0.5717201828956604,0.5496062636375427,-0.012295117601752281,0.5740190744400024,0.5122767686843872,-0.019307607784867287,0.5765277147293091,0.4805300831794739,-0.02554459497332573,0.5919193625450134,0.6062129139900208,-0.005868040025234222,0.5923710465431213,0.5368600487709045,-0.01242529135197401,0.5940513610839844,0.49155348539352417,-0.01907392404973507,0.5946826934814453,0.4530222415924072,-0.02443832904100418,0.6098796129226685,0.61687833070755,-0.008938622660934925,0.6103383302688599,0.5536373257637024,-0.016372425481677055,0.6109158396720886,0.5125308036804199,-0.023619506508111954,0.6107011437416077,0.4758319556713104,-0.029040781781077385,0.6273514032363892,0.6388866901397705,-0.01362643763422966,0.6275393962860107,0.5907998085021973,-0.0211445651948452,0.6269868612289429,0.5580218434333801,-0.0261019766330719,0.6265523433685303,0.5283805131912231,-0.0298922099173069
39,0.3356131911277771,0.7810853123664856,1.4561113914624002e-07,0.3550170660018921,0.7623224258422852,-0.013955584727227688,0.3624594211578369,0.7152954936027527,-0.020258286967873573,0.3432854115962982,0.6796206831932068,-0.025300931185483932,0.32058820128440857,0.6698114275932312,-0.03087749518454075,0.36005422472953796,0.6447253823280334,-0.014087239280343056,0.35877999663352966,0.5814031362533569,-0.023342104628682137,0.3557879626750946,0.5437809824943542,-0.03135589137673378,0.3515093922615051,0.5138402581214905,-0.03735027462244034,0.341440886259079,0.637101948261261,-0.014983520843088627,0.3402245342731476,0.5690609216690063,-0.022839579731225967,0.3376851975917816,0.5236402750015259,-0.031249897554516792,0.3342967629432678,0.4880705773830414,-0.03741708770394325,0.3242419958114624,0.6454378366470337,-0.01737414114177227,0.32357221841812134,0.5808157324790955,-0.025250352919101715,0.32314684987068176,0.5432015657424927,-0.03338434919714928,0.32216495275497437,0.5117809176445007,-0.03866429254412651,0.30703139305114746,0.6660329103469849,-0.02101113833487034,0.30569496750831604,0.6170791983604431,-0.02875223010778427,0.30485856533050537,0.5877891182899475,-0.03309683874249458,0.3043621778488159,0.561600923538208,-0.035849492996931076,0.6017891764640808,0.7742431163787842,1.3154743960797077e-09,0.5765568017959595,0.7450718879699707,-0.012595847249031067,0.5666131973266602,0.6874802708625793,-0.016773799434304237,0.5827305912971497,0.6464128494262695,-0.020704379305243492,0.6001331210136414,0.6313795447349548,-0.024029802531003952,0.5725292563438416,0.6086125373840332,-0.004969506058841944,0.5718556046485901,0.546904444694519,-0.012255702167749405,0.5742321610450745,0.5098583698272705,-0.019083788618445396,0.5767835378646851,0.47856587171554565,-0.025074182078242302,0.5921139121055603,0.6050035953521729,-0.005995763931423426,0.5927518010139465,0.533440351486206,-0.01256643608212471,0.5943194031715393,0.4888690710067749,-0.018909882754087448,0.5948460102081299,0.4518159031867981,-0.023956025019288063,0.6100133657455444,0.6162890195846558,-0.009284422732889652,0.6102260947227478,0.5508442521095276,-0.017098207026720047,0.610541582107544,0.5103212594985962,-0.02401350811123848,0.6104013323783875,0.4744557738304138,-0.02900478057563305,0.6274366974830627,0.6395851373672485,-0.014098756946623325,0.6275185346603394,0.590573787689209,-0.021751074120402336,0.6268942952156067,0.5577704906463623,-0.026379402726888657,0.6263901591300964,0.5281524658203125,-0.02981962449848652
40,0.33471786975860596,0.7813858389854431,1.4318500518584187e-07,0.35496801137924194,0.7639076709747314,-0.013705464079976082,0.3632839322090149,0.7155811190605164,-0.019530080258846283,0.3440612256526947,0.6794063448905945,-0.024047458544373512,0.3214687705039978,0.6695308089256287,-0.029088381677865982,0.36051350831985474,0.6450349688529968,-0.013303806073963642,0.35931944847106934,0.5828174352645874,-0.02220979705452919,0.35640615224838257,0.5451792478561401,-0.03014479950070381,0.3520969748497009,0.5152638554573059,-0.03614974021911621,0.3416743576526642,0.6371167302131653,-0.014086694456636906,0.3404691219329834,0.569610059261322,-0.02155437134206295,0.33796408772468567,0.5250151753425598,-0.029872626066207886,0.3345470726490021,0.48972421884536743,-0.036013081669807434,0.32436391711235046,0.6453502178192139,-0.016366295516490936,0.32355788350105286,0.5816250443458557,-0.023979688063263893,0.32284513115882874,0.5446186065673828,-0.03210624307394028,0.32141393423080444,0.5133404731750488,-0.037378761917352676,0.30683475732803345,0.6657712459564209,-0.0198670644313097,0.30559319257736206,0.6169461607933044,-0.027368832379579544,0.30493980646133423,0.5875238180160522,-0.03177652508020401,0.30447232723236084,0.560742199420929,-0.03461422398686409,0.6018941402435303,0.7742825746536255,1.273747329832986e-08,0.576780378818512,0.7438064217567444,-0.012419907376170158,0.5677515864372253,0.686276912689209,-0.016608094796538353,0.584578275680542,0.6465781927108765,-0.020592505112290382,0.6023591160774231,0.6360045671463013,-0.02405477501451969,0.5731974244117737,0.60892254114151,-0.005062362644821405,0.5724740624427795,0.5480203628540039,-0.012607332319021225,0.5747953653335571,0.510451078414917,-0.019795192405581474,0.5772716403007507,0.47866055369377136,-0.026113910600543022,0.5927655100822449,0.605372965335846,-0.006297733169049025,0.5932214856147766,0.5356312990188599,-0.013254069723188877,0.5948330163955688,0.490517795085907,-0.020047655329108238,0.5952082872390747,0.4527962803840637,-0.025417108088731766,0.6106688380241394,0.6165858507156372,-0.009761910885572433,0.6109120845794678,0.5528024435043335,-0.017521478235721588,0.6113486886024475,0.5122976899147034,-0.024656962603330612,0.611128568649292,0.47651827335357666,-0.029875189065933228,0.6281675696372986,0.6395567655563354,-0.01477829273790121,0.6283606886863708,0.5917948484420776,-0.022426940500736237,0.6278101205825806,0.5588887929916382,-0.027244431897997856,0.6274067759513855,0.5293657183647156,-0.030832262709736824
