frame,feature_0,feature_1,feature_2,feature_3,feature_4,feature_5,feature_6,feature_7,feature_8,feature_9,feature_10,feature_11,feature_12,feature_13,feature_14,feature_15,feature_16,feature_17,feature_18,feature_19,feature_20,feature_21,feature_22,feature_23,feature_24,feature_25,feature_26,feature_27,feature_28,feature_29,feature_30,feature_31,feature_32,feature_33,feature_34,feature_35,feature_36,feature_37,feature_38,feature_39,feature_40,feature_41,feature_42,feature_43,feature_44,feature_45,feature_46,feature_47,feature_48,feature_49,feature_50,feature_51,feature_52,feature_53,feature_54,feature_55,feature_56,feature_57,feature_58,feature_59,feature_60,feature_61,feature_62,feature_63,feature_64,feature_65,feature_66,feature_67,feature_68,feature_69,feature_70,feature_71,feature_72,feature_73,feature_74,feature_75,feature_76,feature_77,feature_78,feature_79,feature_80,feature_81,feature_82,feature_83,feature_84,feature_85,feature_86,feature_87,feature_88,feature_89,feature_90,feature_91,feature_92,feature_93,feature_94,feature_95,feature_96,feature_97,feature_98,feature_99,feature_100,feature_101,feature_102,feature_103,feature_104,feature_105,feature_106,feature_107,feature_108,feature_109,feature_110,feature_111,feature_112,feature_113,feature_114,feature_115,feature_116,feature_117,feature_118,feature_119,feature_120,feature_121,feature_122,feature_123,feature_124,feature_125
1,0.43282538652420044,0.5550870299339294,1.3730534931255534e-07,0.4550411105155945,0.5239630937576294,-0.013311718590557575,0.4695364236831665,0.4711654782295227,-0.01622798666357994,0.46036264300346375,0.4203314781188965,-0.01776079647243023,0.44209960103034973,0.39898592233657837,-0.01868513971567154,0.4654166102409363,0.41161686182022095,-0.0018461038125678897,0.4660385251045227,0.3531114161014557,-0.0061281234957277775,0.4632469117641449,0.31773754954338074,-0.012106304988265038,0.45977407693862915,0.28892046213150024,-0.01708659715950489,0.44845375418663025,0.4033115804195404,-0.00042576564010232687,0.44756338000297546,0.3385430872440338,-0.002958822064101696,0.4454664885997772,0.297466516494751,-0.00923446100205183,0.4423675835132599,0.2654217481613159,-0.014359495602548122,0.4331362247467041,0.40907251834869385,-0.0011202080640941858,0.43197980523109436,0.34936243295669556,-0.004892739001661539,0.4308832883834839,0.3132741451263428,-0.01159987598657608,0.4285118281841278,0.28378528356552124,-0.01653711125254631,0.4170534312725067,0.4255637526512146,-0.003332291729748249,0.4157480299472809,0.3804992139339447,-0.007469786796718836,0.41563117504119873,0.3527352809906006,-0.010985922068357468,0.4153594672679901,0.3279452919960022,-0.013680985197424889,0.6907840371131897,0.4765251576900482,1.6979953443296836e-07,0.6674399375915527,0.47596412897109985,-0.02084231562912464,0.6442310810089111,0.4492337703704834,-0.03511553630232811,0.6430615186691284,0.4152071177959442,-0.04724646359682083,0.6586238741874695,0.4005196988582611,-0.0591118223965168,0.6367303729057312,0.3689406216144562,-0.03144604340195656,0.6318579316139221,0.3063102662563324,-0.047538358718156815,0.6325293779373169,0.267104834318161,-0.058188989758491516,0.6354276537895203,0.23184755444526672,-0.06597486138343811,0.6554032564163208,0.35489457845687866,-0.03124951757490635,0.651471734046936,0.2777092456817627,-0.04523257166147232,0.6522901654243469,0.22786980867385864,-0.054014403373003006,0.6539711356163025,0.18447406589984894,-0.06035417690873146,0.674180805683136,0.3563714027404785,-0.03267279639840126,0.6705504655838013,0.28489166498184204,-0.04607657715678215,0.6708803176879883,0.23932664096355438,-0.05438422039151192,0.6707823276519775,0.2001297026872635,-0.05970912426710129,0.6937851905822754,0.36931630969047546,-0.035720646381378174,0.6918148398399353,0.31346434354782104,-0.04781153425574303,0.6917495727539062,0.27573177218437195,-0.05417567864060402,0.6915487051010132,0.24209310114383698,-0.05830907076597214
2,0.433912068605423,0.5556783676147461,1.441865862261693e-07,0.4561685025691986,0.5235587358474731,-0.013353823684155941,0.4697338342666626,0.4695632755756378,-0.016205186024308205,0.4596930742263794,0.41928377747535706,-0.017692066729068756,0.4410836398601532,0.399392306804657,-0.018471427261829376,0.4654102325439453,0.4094642996788025,-0.0011311309644952416,0.46568503975868225,0.3513934314250946,-0.00491972453892231,0.46291548013687134,0.31602245569229126,-0.010577601380646229,0.4597194194793701,0.28718486428260803,-0.01538358349353075,0.44820892810821533,0.40172848105430603,0.0004077540652360767,0.4472280442714691,0.3370943069458008,-0.001523845363408327,0.445259690284729,0.2966565191745758,-0.007255522068589926,0.4425946772098541,0.2648279070854187,-0.012042165733873844,0.43291252851486206,0.4079793095588684,-0.00022721861023455858,0.43138033151626587,0.34897616505622864,-0.0032943596597760916,0.4305434226989746,0.3132312595844269,-0.009421746246516705,0.42869383096694946,0.28405436873435974,-0.01404636912047863,0.4172513782978058,0.42491430044174194,-0.0024738244246691465,0.415825754404068,0.3802403211593628,-0.005776203237473965,0.41576871275901794,0.35278213024139404,-0.008711899630725384,0.4157135486602783,0.32851141691207886,-0.011094553396105766,0.6932045221328735,0.4770340621471405,1.9997787603642792e-07,0.6683480739593506,0.4758995771408081,-0.02017965354025364,0.6449176073074341,0.4492976665496826,-0.03397924453020096,0.6445982456207275,0.41368913650512695,-0.045758575201034546,0.6610299944877625,0.3977108597755432,-0.057311296463012695,0.6376336216926575,0.3713846802711487,-0.030203556641936302,0.633105993270874,0.3086452782154083,-0.04609571397304535,0.6339632272720337,0.2691688537597656,-0.056873779743909836,0.636975109577179,0.2327546775341034,-0.06470756232738495,0.6559038758277893,0.35672977566719055,-0.03041580133140087,0.6524367928504944,0.27958938479423523,-0.0441846065223217,0.6532480716705322,0.22797872126102448,-0.05324246361851692,0.6551402807235718,0.18219080567359924,-0.0598045215010643,0.6743014454841614,0.35762253403663635,-0.0322130024433136,0.6710621118545532,0.2851165235042572,-0.04547709971666336,0.6705412864685059,0.23863640427589417,-0.05400455743074417,0.6698219776153564,0.1981617957353592,-0.05952724814414978,0.6937487125396729,0.3696877360343933,-0.0356040857732296,0.6925287246704102,0.3138844072818756,-0.04744987189769745,0.6922497153282166,0.27619990706443787,-0.053709354251623154,0.691535472869873,0.24220971763134003,-0.05782010778784752
3,0.4346923828125,0.5564651489257812,1.477254585324772e-07,0.45684993267059326,0.5237582921981812,-0.013373350724577904,0.4706443250179291,0.4698627293109894,-0.016588563099503517,0.4610969126224518,0.4186643362045288,-0.018588071689009666,0.4415978193283081,0.3987865149974823,-0.019912075251340866,0.4656029939651489,0.409223347902298,-0.0008254137937910855,0.4659309685230255,0.3514366149902344,-0.004824544303119183,0.46309781074523926,0.31641530990600586,-0.010783063247799873,0.4596375823020935,0.28755342960357666,-0.015858611091971397,0.44822606444358826,0.40178245306015015,0.0004080968501511961,0.44717276096343994,0.3369922637939453,-0.0017338350880891085,0.4450421631336212,0.2967151701450348,-0.0077629005536437035,0.44217756390571594,0.2641279995441437,-0.012838935479521751,0.4328346252441406,0.40835168957710266,-0.000574250821955502,0.43146631121635437,0.3491477072238922,-0.0038689712528139353,0.4306620955467224,0.3132129907608032,-0.010089823044836521,0.42855677008628845,0.28372302651405334,-0.014835395850241184,0.41710519790649414,0.4254058599472046,-0.0031999237835407257,0.41574010252952576,0.38059306144714355,-0.006685504224151373,0.4157874286174774,0.3528910279273987,-0.009680467657744884,0.415708988904953,0.3283947706222534,-0.012159017845988274,0.6931625604629517,0.4752686619758606,2.135180920959101e-07,0.6686211228370667,0.4744144082069397,-0.020140551030635834,0.6455799341201782,0.44785234332084656,-0.03397807851433754,0.645090639591217,0.41309019923210144,-0.04574337601661682,0.6604235768318176,0.39662235975265503,-0.05754288658499718,0.6380664110183716,0.36974847316741943,-0.03067925199866295,0.6331719160079956,0.30817943811416626,-0.04683225601911545,0.633676290512085,0.2679368555545807,-0.057897478342056274,0.6365431547164917,0.23131400346755981,-0.06593984365463257,0.6565438508987427,0.3552817404270172,-0.03103458881378174,0.6537755727767944,0.2780582010746002,-0.04532625526189804,0.6545930504798889,0.2246558666229248,-0.055276576429605484,0.6562464237213135,0.17702887952327728,-0.062497835606336594,0.6749313473701477,0.3568296730518341,-0.03284577280282974,0.6721600294113159,0.2852998375892639,-0.04643155634403229,0.6720068454742432,0.23711279034614563,-0.05578320100903511,0.6715647578239441,0.19516462087631226,-0.06193447858095169,0.6940076351165771,0.36947280168533325,-0.03615230321884155,0.692794144153595,0.31395041942596436,-0.048372991383075714,0.6927282214164734,0.27607032656669617,-0.05500610172748566,0.6920788884162903,0.2419072687625885,-0.0594063475728035
4,0.43374359607696533,0.5531585216522217,1.44330158491357e-07,0.4549657106399536,0.522972583770752,-0.014888623729348183,0.4696362018585205,0.47054535150527954,-0.018528563901782036,0.46189749240875244,0.41974183917045593,-0.020432958379387856,0.44390320777893066,0.3971584439277649,-0.021641792729496956,0.465763658285141,0.4079931974411011,-0.003158258507028222,0.4665743410587311,0.3499458432197571,-0.007476711180061102,0.4637303948402405,0.31456395983695984,-0.013574151322245598,0.46029800176620483,0.2850251793861389,-0.01868254877626896,0.4487544000148773,0.3998296558856964,-0.0009247423149645329,0.4479990601539612,0.33597278594970703,-0.003396374639123678,0.4457783102989197,0.29475951194763184,-0.009655673988163471,0.44234374165534973,0.26215633749961853,-0.014829973690211773,0.4334096312522888,0.40578073263168335,-0.0008815632900223136,0.4322884678840637,0.34752321243286133,-0.004425287712365389,0.4314113259315491,0.31164661049842834,-0.010869905352592468,0.4291580319404602,0.28176453709602356,-0.01569925621151924,0.41780078411102295,0.42233532667160034,-0.0025395348202437162,0.41728001832962036,0.3780252933502197,-0.006397606339305639,0.41745004057884216,0.3506535589694977,-0.009564165957272053,0.41724488139152527,0.3262753486633301,-0.012022622860968113,0.6919943690299988,0.47434109449386597,2.0204187478611857e-07,0.6689145565032959,0.4745423197746277,-0.021002275869250298,0.6459963917732239,0.44710803031921387,-0.03474530205130577,0.6466574668884277,0.4135672450065613,-0.046183325350284576,0.6624699831008911,0.3964773416519165,-0.057434361428022385,0.6390426158905029,0.3695955276489258,-0.030233506113290787,0.6346155405044556,0.3077790439128876,-0.04621740058064461,0.6359149217605591,0.26736366748809814,-0.05698636546730995,0.6397264003753662,0.23202937841415405,-0.06474705040454865,0.6586257815361023,0.35533466935157776,-0.029781071469187737,0.6554034948348999,0.28002122044563293,-0.04414494335651398,0.6564626693725586,0.22721345722675323,-0.05403140187263489,0.6587393879890442,0.18030491471290588,-0.06093396618962288,0.6779430508613586,0.35692787170410156,-0.03100188449025154,0.6729155778884888,0.28594136238098145,-0.04508752375841141,0.6724005937576294,0.2366432547569275,-0.05496804788708687,0.6726279854774475,0.19403131306171417,-0.06116403266787529,0.6978543996810913,0.3697652220726013,-0.03376680985093117,0.6951484680175781,0.31500181555747986,-0.04668010398745537,0.6945599317550659,0.27642035484313965,-0.05404302477836609,0.6947210431098938,0.24199028313159943,-0.05868566781282425
5,0.43380284309387207,0.5516641736030579,1.5622563864781114e-07,0.45541220903396606,0.5219026207923889,-0.01584967039525509,0.4693773686885834,0.47022879123687744,-0.01988648623228073,0.4624747335910797,0.42023181915283203,-0.022185880690813065,0.4440842270851135,0.3975023627281189,-0.023677000775933266,0.46606937050819397,0.4062153697013855,-0.002766929566860199,0.4669286906719208,0.3483901023864746,-0.006842667702585459,0.4640839099884033,0.31313595175743103,-0.012712921015918255,0.4606453776359558,0.2842857241630554,-0.017492122948169708,0.44888919591903687,0.39796730875968933,-8.045384674915113e-06,0.44854819774627686,0.333688884973526,-0.0017029530135914683,0.44679033756256104,0.2932336926460266,-0.007166101597249508,0.4442936182022095,0.26176750659942627,-0.01168164610862732,0.43329480290412903,0.40379929542541504,0.0003100603062193841,0.4322356879711151,0.34554165601730347,-0.0029152557253837585,0.43165355920791626,0.30967438220977783,-0.009291846305131912,0.4299582540988922,0.2811429798603058,-0.013918248005211353,0.4181152582168579,0.42008665204048157,-0.0012200666824355721,0.41738200187683105,0.3756069540977478,-0.004674824886023998,0.41745924949645996,0.3489907681941986,-0.007735844701528549,0.4173835813999176,0.32681339979171753,-0.010093209333717823,0.6935821771621704,0.47395503520965576,1.8563662251835922e-07,0.6709665656089783,0.4750833213329315,-0.02397165261209011,0.646760106086731,0.447346568107605,-0.03955553472042084,0.6460981369018555,0.4135459363460541,-0.052303194999694824,0.6625017523765564,0.395729660987854,-0.06486254185438156,0.6398782730102539,0.3702387511730194,-0.03519664704799652,0.635621190071106,0.3092443645000458,-0.05271465331315994,0.6363593935966492,0.2695043385028839,-0.0642719641327858,0.6393498182296753,0.2336200475692749,-0.07277557253837585,0.6596542596817017,0.35533860325813293,-0.03392127901315689,0.6562365293502808,0.27908003330230713,-0.0497390516102314,0.6567400097846985,0.22702112793922424,-0.060012735426425934,0.6582199931144714,0.17948126792907715,-0.06739318370819092,0.6790708899497986,0.3566598892211914,-0.03446667641401291,0.6744492053985596,0.28730523586273193,-0.049919333308935165,0.6744932532310486,0.23994266986846924,-0.0599244050681591,0.6746387481689453,0.19819258153438568,-0.06633525341749191,0.6990491151809692,0.3691474199295044,-0.03679298236966133,0.6961262822151184,0.3151581287384033,-0.050754792988300323,0.6955528259277344,0.2777367830276489,-0.058383867144584656,0.6955922245979309,0.24418501555919647,-0.06341163069009781
6,0.4321909546852112,0.5490378737449646,1.0077993550794417e-07,0.4532383680343628,0.5194856524467468,-0.012671777978539467,0.4680626392364502,0.46667906641960144,-0.015024840831756592,0.4618428647518158,0.41714566946029663,-0.01624745875597,0.44456636905670166,0.3939882516860962,-0.01706373691558838,0.46449753642082214,0.4042206406593323,-0.001379228662699461,0.46585243940353394,0.346347451210022,-0.005827128421515226,0.4632084369659424,0.3109888434410095,-0.012194596230983734,0.45981013774871826,0.28042858839035034,-0.017600253224372864,0.4481435716152191,0.39614149928092957,-0.0003667954006232321,0.44845762848854065,0.33160921931266785,-0.0033663478679955006,0.4466205835342407,0.29071107506752014,-0.01040018629282713,0.4434480369091034,0.25777745246887207,-0.01623600907623768,0.4328460097312927,0.4017828106880188,-0.00138003914617002,0.4322780668735504,0.3433406352996826,-0.005663217976689339,0.43159720301628113,0.3074301481246948,-0.01296322699636221,0.42940276861190796,0.2777133882045746,-0.018370594829320908,0.4170238971710205,0.41800251603126526,-0.0038637591060250998,0.41647133231163025,0.37279605865478516,-0.008242988027632236,0.4168494939804077,0.34560278058052063,-0.011916507966816425,0.4170450270175934,0.3212879002094269,-0.01488073356449604,0.6937570571899414,0.47254353761672974,2.128443838955718e-07,0.6707661747932434,0.4743751287460327,-0.022780628874897957,0.6468836665153503,0.4491211771965027,-0.038193926215171814,0.645658552646637,0.41667771339416504,-0.050931960344314575,0.6605411171913147,0.3969486653804779,-0.0634702667593956,0.6384697556495667,0.36974677443504333,-0.03427194058895111,0.6335232257843018,0.3090636134147644,-0.051875170320272446,0.6343621611595154,0.2685447931289673,-0.06351418048143387,0.6375244855880737,0.23274923861026764,-0.07185447216033936,0.6584200263023376,0.3553113043308258,-0.0336601585149765,0.6543513536453247,0.27894023060798645,-0.04946930333971977,0.6546637415885925,0.22574511170387268,-0.059848904609680176,0.6560071706771851,0.17724309861660004,-0.0671273022890091,0.6783178448677063,0.3567168712615967,-0.0347437858581543,0.6728143095970154,0.2855067551136017,-0.050059497356414795,0.6722488403320312,0.23739856481552124,-0.05975600704550743,0.6722484827041626,0.19500257074832916,-0.06578825414180756,0.6988005638122559,0.3694841265678406,-0.03745853155851364,0.695157527923584,0.31504830718040466,-0.051281221210956573,0.694415271282196,0.2769624590873718,-0.058503407984972,0.6946091651916504,0.2421724647283554,-0.06299855560064316
7,0.4321909546852112,0.5490378737449646,1.0077993550794417e-07,0.4532383680343628,0.5194856524467468,-0.012671777978539467,0.4680626392364502,0.46667906641960144,-0.015024840831756592,0.4618428647518158,0.41714566946029663,-0.01624745875597,0.44456636905670166,0.3939882516860962,-0.01706373691558838,0.46449753642082214,0.4042206406593323,-0.001379228662699461,0.46585243940353394,0.346347451210022,-0.005827128421515226,0.4632084369659424,0.3109888434410095,-0.012194596230983734,0.45981013774871826,0.28042858839035034,-0.017600253224372864,0.4481435716152191,0.39614149928092957,-0.0003667954006232321,0.44845762848854065,0.33160921931266785,-0.0033663478679955006,0.4466205835342407,0.29071107506752014,-0.01040018629282713,0.4434480369091034,0.25777745246887207,-0.01623600907623768,0.4328460097312927,0.4017828106880188,-0.00138003914617002,0.4322780668735504,0.3433406352996826,-0.005663217976689339,0.43159720301628113,0.3074301481246948,-0.01296322699636221,0.42940276861190796,0.2777133882045746,-0.018370594829320908,0.4170238971710205,0.41800251603126526,-0.0038637591060250998,0.41647133231163025,0.37279605865478516,-0.008242988027632236,0.4168494939804077,0.34560278058052063,-0.011916507966816425,0.4170450270175934,0.3212879002094269,-0.01488073356449604,0.6937570571899414,0.47254353761672974,2.128443838955718e-07,0.6707661747932434,0.4743751287460327,-0.022780628874897957,0.6468836665153503,0.4491211771965027,-0.038193926215171814,0.645658552646637,0.41667771339416504,-0.050931960344314575,0.6605411171913147,0.3969486653804779,-0.0634702667593956,0.6384697556495667,0.36974677443504333,-0.03427194058895111,0.6335232257843018,0.3090636134147644,-0.051875170320272446,0.6343621611595154,0.2685447931289673,-0.06351418048143387,0.6375244855880737,0.23274923861026764,-0.07185447216033936,0.6584200263023376,0.3553113043308258,-0.0336601585149765,0.6543513536453247,0.27894023060798645,-0.04946930333971977,0.6546637415885925,0.22574511170387268,-0.059848904609680176,0.6560071706771851,0.17724309861660004,-0.0671273022890091,0.6783178448677063,0.3567168712615967,-0.0347437858581543,0.6728143095970154,0.2855067551136017,-0.050059497356414795,0.6722488403320312,0.23739856481552124,-0.05975600704550743,0.6722484827041626,0.19500257074832916,-0.06578825414180756,0.6988005638122559,0.3694841265678406,-0.03745853155851364,0.695157527923584,0.31504830718040466,-0.051281221210956573,0.694415271282196,0.2769624590873718,-0.058503407984972,0.6946091651916504,0.2421724647283554,-0.06299855560064316
8,0.43129074573516846,0.540850818157196,1.0862621024898544e-07,0.4535682201385498,0.5115140080451965,-0.011750846169888973,0.4676898121833801,0.45749661326408386,-0.013772588223218918,0.4598720371723175,0.41021066904067993,-0.014736354351043701,0.44127029180526733,0.3927084803581238,-0.015414858236908913,0.4635600447654724,0.3964446187019348,-0.0015143697382882237,0.46439823508262634,0.33834460377693176,-0.0058914232067763805,0.4616164267063141,0.303338885307312,-0.011998875066637993,0.4579230546951294,0.274104505777359,-0.017061389982700348,0.4471173584461212,0.38990524411201477,-0.000701935263350606,0.44667163491249084,0.3250836133956909,-0.003514886135235429,0.4445095956325531,0.28462255001068115,-0.01012121606618166,0.44089752435684204,0.25287801027297974,-0.015508385375142097,0.4319114089012146,0.3968024253845215,-0.001748209004290402,0.4302190840244293,0.3392249345779419,-0.005580561701208353,0.4292379915714264,0.3029850423336029,-0.012369581498205662,0.42674165964126587,0.27417343854904175,-0.017274420708417892,0.4163404703140259,0.41400498151779175,-0.00416542636230588,0.4159771502017975,0.3695467412471771,-0.007817293517291546,0.41596823930740356,0.342099666595459,-0.010740228928625584,0.4152601957321167,0.31838077306747437,-0.013072322122752666,0.6930080652236938,0.47413769364356995,1.5918305962259183e-07,0.671153724193573,0.47344762086868286,-0.02210288867354393,0.6477954387664795,0.44587287306785583,-0.036672934889793396,0.6463564038276672,0.41246911883354187,-0.04876110330224037,0.6624907851219177,0.39454710483551025,-0.06033353880047798,0.6400539875030518,0.3652568757534027,-0.03127080947160721,0.6352718472480774,0.3022150993347168,-0.04747612029314041,0.6358140110969543,0.2621019184589386,-0.058175768703222275,0.6386878490447998,0.22652366757392883,-0.06596986204385757,0.6592803001403809,0.35044950246810913,-0.030245797708630562,0.6550410389900208,0.27204468846321106,-0.044251129031181335,0.6554681062698364,0.22050674259662628,-0.05318809300661087,0.6568245887756348,0.17550575733184814,-0.05955862998962402,0.6784290671348572,0.3517288863658905,-0.030994024127721786,0.6739600300788879,0.2801826596260071,-0.044472720474004745,0.6745879054069519,0.23454034328460693,-0.05252791568636894,0.6749855279922485,0.19494357705116272,-0.057548411190509796,0.6982229948043823,0.3648391366004944,-0.03350166976451874,0.6954247951507568,0.31021732091903687,-0.045640937983989716,0.6952784657478333,0.2730341851711273,-0.05162326246500015,0.6955106854438782,0.23963426053524017,-0.05531620234251022
9,0.4327270984649658,0.5422495603561401,1.3208592974933708e-07,0.4541777968406677,0.5112409591674805,-0.012942411005496979,0.46859002113342285,0.4567994177341461,-0.015683770179748535,0.46091702580451965,0.40786468982696533,-0.01728670671582222,0.44178053736686707,0.3908897638320923,-0.018373358994722366,0.4650196135044098,0.39509403705596924,-0.0010570241138339043,0.4656781256198883,0.3385402262210846,-0.005527025554329157,0.4626540541648865,0.30460840463638306,-0.012012926861643791,0.45838281512260437,0.27521783113479614,-0.01743330992758274,0.44842153787612915,0.3877239525318146,-0.0002650264941621572,0.4478771388530731,0.32397931814193726,-0.003124554641544819,0.44575151801109314,0.28369641304016113,-0.009962225332856178,0.4418317973613739,0.2513417601585388,-0.015515529550611973,0.43288904428482056,0.39422670006752014,-0.0016236177179962397,0.43180206418037415,0.3369232416152954,-0.005969527177512646,0.43092405796051025,0.3006938397884369,-0.013394651003181934,0.4285343587398529,0.27053433656692505,-0.018667062744498253,0.4169047474861145,0.4111518859863281,-0.004502144176512957,0.4164191782474518,0.36636263132095337,-0.00867953710258007,0.4168623983860016,0.33910125494003296,-0.012200416065752506,0.4166390597820282,0.3149840235710144,-0.014999957755208015,0.6931003928184509,0.47058039903640747,1.4729091901699576e-07,0.6727181673049927,0.4684322476387024,-0.02109619230031967,0.6499811410903931,0.4409981071949005,-0.0350731685757637,0.6479980945587158,0.4091743230819702,-0.04681463912129402,0.6627122759819031,0.39060306549072266,-0.058072611689567566,0.6410175561904907,0.3633142113685608,-0.030007213354110718,0.6360765099525452,0.30114760994911194,-0.04553764685988426,0.636401891708374,0.26193875074386597,-0.05571025237441063,0.6394677758216858,0.22701942920684814,-0.06310085207223892,0.6596004962921143,0.3488196134567261,-0.029388627037405968,0.6550022959709167,0.2709938883781433,-0.043004393577575684,0.6549753546714783,0.21988609433174133,-0.0516410730779171,0.656521201133728,0.17661024630069733,-0.0578111968934536,0.6782792806625366,0.349673330783844,-0.030478734523057938,0.6744263768196106,0.2779354453086853,-0.04409818723797798,0.6745901703834534,0.23244911432266235,-0.052122604101896286,0.6747995018959045,0.19396984577178955,-0.05701446905732155,0.6978577375411987,0.36147797107696533,-0.03318771719932556,0.6964505910873413,0.3081498444080353,-0.04544500634074211,0.6965857148170471,0.27096277475357056,-0.05134960263967514,0.6970351934432983,0.23800411820411682,-0.05493086203932762
10,0.43237707018852234,0.5378742218017578,1.2535525684143067e-07,0.45583587884902954,0.5074946880340576,-0.010118369944393635,0.4693072438240051,0.44880884885787964,-0.010895906947553158,0.4595778286457062,0.4019347131252289,-0.010903103277087212,0.435970664024353,0.3945598602294922,-0.010800478979945183,0.4649515151977539,0.39438414573669434,0.0007188773015514016,0.4656747281551361,0.337874174118042,-0.0023507175501435995,0.4630676209926605,0.30284059047698975,-0.007699126377701759,0.45958444476127625,0.2740320861339569,-0.012538377195596695,0.44824928045272827,0.3867543041706085,0.0005856991047039628,0.4477998614311218,0.32293593883514404,-0.0010852719424292445,0.44600847363471985,0.28256070613861084,-0.007271008100360632,0.4427778422832489,0.25069665908813477,-0.012498636730015278,0.4326459765434265,0.3926159739494324,-0.001298045739531517,0.4310002326965332,0.33498966693878174,-0.004549985285848379,0.4302047789096832,0.298245906829834,-0.011777403764426708,0.4277467429637909,0.26929253339767456,-0.016948603093624115,0.41643115878105164,0.4093008041381836,-0.0044473023153841496,0.4162599742412567,0.36488077044487,-0.007327165920287371,0.41673049330711365,0.3374067544937134,-0.010153478011488914,0.4161738455295563,0.31471508741378784,-0.012617785483598709,0.6937465667724609,0.467781126499176,1.8446662863880192e-07,0.6740255355834961,0.46585631370544434,-0.021707691252231598,0.6510809659957886,0.439139723777771,-0.03661040961742401,0.6467594504356384,0.40615835785865784,-0.04919833317399025,0.6604735255241394,0.38755425810813904,-0.061453577131032944,0.6418047547340393,0.36033883690834045,-0.031757902354002,0.6362611651420593,0.29711002111434937,-0.04816154018044472,0.6364143490791321,0.25676429271698,-0.05876702442765236,0.6395492553710938,0.22183822095394135,-0.066314697265625,0.6603518128395081,0.34753894805908203,-0.031078701838850975,0.6555737257003784,0.26916253566741943,-0.04574966058135033,0.6557122468948364,0.21546977758407593,-0.05516109615564346,0.6573888063430786,0.16919654607772827,-0.06174072250723839,0.679220974445343,0.3493408262729645,-0.03210464492440224,0.6744385957717896,0.277660995721817,-0.04640631377696991,0.6748718619346619,0.2306421399116516,-0.055257879197597504,0.6754990816116333,0.19049032032489777,-0.060637883841991425,0.698701024055481,0.3614352345466614,-0.03471870720386505,0.6964234709739685,0.30732861161231995,-0.04755239933729172,0.6966995596885681,0.26986944675445557,-0.05411869287490845,0.6975866556167603,0.23624983429908752,-0.05811502784490585
11,0.4329884648323059,0.539929211139679,1.2543181071578147e-07,0.4546758532524109,0.5095418095588684,-0.011182216927409172,0.46830758452415466,0.45231127738952637,-0.01283084787428379,0.4593544602394104,0.40399762988090515,-0.01353327464312315,0.4380210041999817,0.3914583623409271,-0.01394337322562933,0.4651522636413574,0.39506733417510986,-0.0010726741747930646,0.46606847643852234,0.3385568857192993,-0.005202430300414562,0.4632105529308319,0.30355286598205566,-0.011241246946156025,0.4588635563850403,0.27339988946914673,-0.01645318977534771,0.4487101435661316,0.3868789076805115,-0.0009716587956063449,0.4482375383377075,0.32359904050827026,-0.003705437760800123,0.44626981019973755,0.2827520966529846,-0.010253154672682285,0.4423585832118988,0.2501656413078308,-0.015609829686582088,0.43313753604888916,0.39274919033050537,-0.0027168213855475187,0.4315263032913208,0.33503633737564087,-0.0067393421195447445,0.4308556914329529,0.2985782325267792,-0.01393040455877781,0.42840373516082764,0.26898080110549927,-0.019064469262957573,0.41698575019836426,0.409441202878952,-0.005805446766316891,0.41659513115882874,0.364558607339859,-0.009580233134329319,0.41713640093803406,0.33687445521354675,-0.012739875353872776,0.4165973663330078,0.31322935223579407,-0.015326336026191711,0.6938537955284119,0.46647846698760986,1.777673475089614e-07,0.6729599237442017,0.4655769467353821,-0.02126464620232582,0.6495900750160217,0.43796515464782715,-0.03552784025669098,0.6471126675605774,0.4045148491859436,-0.047471825033426285,0.6618925333023071,0.38615378737449646,-0.05908749997615814,0.6416937112808228,0.3608526289463043,-0.031069926917552948,0.6367487907409668,0.2982966899871826,-0.04703255742788315,0.636944591999054,0.25822874903678894,-0.05734551325440407,0.6399414539337158,0.22288742661476135,-0.06479429453611374,0.6604076623916626,0.34732234477996826,-0.030474558472633362,0.6563612818717957,0.26911282539367676,-0.04462198168039322,0.6568511128425598,0.2162523865699768,-0.05367283150553703,0.6587696671485901,0.17072488367557526,-0.0600658543407917,0.6792715191841125,0.34898102283477783,-0.031560514122247696,0.6748022437095642,0.27725750207901,-0.04552977904677391,0.6751896142959595,0.23027198016643524,-0.054236747324466705,0.6757634282112122,0.19027037918567657,-0.05962705984711647,0.6989002823829651,0.3614225387573242,-0.034222688525915146,0.696694552898407,0.307437926530838,-0.04693445935845375,0.6967372298240662,0.27010831236839294,-0.05347922816872597,0.6973140239715576,0.2368578016757965,-0.0575471855700016
12,0.4313860237598419,0.5368219614028931,9.803574840816509e-08,0.454811692237854,0.5065940022468567,-0.010217797942459583,0.46900907158851624,0.45054104924201965,-0.011460780166089535,0.46075108647346497,0.40291452407836914,-0.011921017430722713,0.4407377243041992,0.3877304792404175,-0.012253639288246632,0.4647485017776489,0.39382117986679077,-0.0005289149703457952,0.4657188951969147,0.3357708156108856,-0.004606264177709818,0.46311235427856445,0.30078595876693726,-0.01052038837224245,0.45959359407424927,0.2720164656639099,-0.015527529641985893,0.44838947057724,0.38645949959754944,-0.00043885051854886115,0.44804367423057556,0.32154780626296997,-0.003089374164119363,0.4459902048110962,0.2804853618144989,-0.009694472886621952,0.4426056742668152,0.24852639436721802,-0.015162731520831585,0.43315204977989197,0.3923301100730896,-0.0020701366011053324,0.43157070875167847,0.3344409763813019,-0.005713452119380236,0.4304899573326111,0.29725658893585205,-0.012929192744195461,0.4279499351978302,0.2680109739303589,-0.01824686862528324,0.41739988327026367,0.4087718725204468,-0.004913010634481907,0.41672182083129883,0.3655622601509094,-0.008163852617144585,0.4167685806751251,0.33809173107147217,-0.01119270920753479,0.41631245613098145,0.3144857585430145,-0.013790060766041279,0.6939913034439087,0.46730273962020874,1.925605914721018e-07,0.6737686395645142,0.4663502275943756,-0.021945856511592865,0.650728702545166,0.43892329931259155,-0.0368853434920311,0.6482109427452087,0.40622997283935547,-0.049404725432395935,0.6622159481048584,0.38673657178878784,-0.06165669858455658,0.6420884728431702,0.3610408306121826,-0.03278517350554466,0.6368697881698608,0.2985261380672455,-0.049758344888687134,0.6372137069702148,0.25798484683036804,-0.06074148043990135,0.6404048204421997,0.22270654141902924,-0.06854718178510666,0.6609503626823425,0.3477574288845062,-0.03219480440020561,0.6563297510147095,0.2703862488269806,-0.04758550226688385,0.6568750143051147,0.2166905403137207,-0.05732032656669617,0.6589076519012451,0.16981853544712067,-0.06401433795690536,0.6799669861793518,0.3498624563217163,-0.03330332785844803,0.6742932796478271,0.27838364243507385,-0.04837552458047867,0.6746724247932434,0.23027047514915466,-0.057463862001895905,0.6756492853164673,0.1890365481376648,-0.06292960047721863,0.6997994184494019,0.36259931325912476,-0.03598148003220558,0.6964321136474609,0.3084845542907715,-0.04946315288543701,0.69612056016922,0.2705501616001129,-0.05622240528464317,0.6970360279083252,0.2365734875202179,-0.06030280143022537
13,0.4346506595611572,0.5382543802261353,1.230721267120316e-07,0.45557859539985657,0.5052882432937622,-0.013229952193796635,0.4692177474498749,0.45245561003685,-0.016039274632930756,0.46108734607696533,0.4041924774646759,-0.01753109320998192,0.44276219606399536,0.3836740255355835,-0.01848369836807251,0.4666284918785095,0.3935953378677368,-0.0016940097557380795,0.4666902422904968,0.33583003282546997,-0.006217822898179293,0.4629691243171692,0.3008658289909363,-0.012651241384446621,0.4583739638328552,0.27064695954322815,-0.017905689775943756,0.4499126970767975,0.3860495984554291,-0.0002450683678034693,0.4493982791900635,0.3229585587978363,-0.003068783786147833,0.44664305448532104,0.2819952964782715,-0.009880931116640568,0.4424271285533905,0.24939964711666107,-0.01539516355842352,0.4343177378177643,0.3916950821876526,-0.0008614774560555816,0.43287593126296997,0.3346744477748871,-0.00468444311991334,0.4315892457962036,0.298951119184494,-0.011620743200182915,0.42890116572380066,0.26945003867149353,-0.016653897240757942,0.4184763431549072,0.40763047337532043,-0.0030140187591314316,0.41731199622154236,0.36330074071884155,-0.006721816956996918,0.4173245429992676,0.33612191677093506,-0.009809732437133789,0.41695767641067505,0.31241747736930847,-0.012237531132996082,0.6945163011550903,0.47016990184783936,1.6072748110218527e-07,0.6724911332130432,0.4663624167442322,-0.021040314808487892,0.6495559811592102,0.4379459023475647,-0.03515870124101639,0.6483545303344727,0.4044426381587982,-0.047130849212408066,0.6652382612228394,0.3894786834716797,-0.058701805770397186,0.6430109143257141,0.3590266704559326,-0.029163425788283348,0.6384031772613525,0.2955794334411621,-0.044762976467609406,0.6390042901039124,0.2558906078338623,-0.05514496564865112,0.6425073146820068,0.22058327496051788,-0.06270027905702591,0.6622200608253479,0.3456868529319763,-0.028916010633111,0.6576316952705383,0.26709869503974915,-0.042727284133434296,0.6580532193183899,0.21407443284988403,-0.05189254507422447,0.660121738910675,0.167805477976799,-0.05836987495422363,0.6814137101173401,0.3473023772239685,-0.030474932864308357,0.6769844889640808,0.27620264887809753,-0.04409237578511238,0.6773371696472168,0.22951814532279968,-0.05267854407429695,0.6779770255088806,0.18913239240646362,-0.0579102486371994,0.7013993263244629,0.3599371612071991,-0.03369860723614693,0.6986603736877441,0.30476656556129456,-0.045826781541109085,0.6986826062202454,0.2676794230937958,-0.0518512949347496,0.6993489265441895,0.23456630110740662,-0.055542487651109695
14,0.43541109561920166,0.5394961833953857,1.2256276704647462e-07,0.45638781785964966,0.5063225626945496,-0.01296179834753275,0.47008106112480164,0.45228341221809387,-0.015657812356948853,0.46225088834762573,0.40331870317459106,-0.017107222229242325,0.44337576627731323,0.3842741549015045,-0.01795835793018341,0.4670751392841339,0.3925880491733551,-0.0011974129592999816,0.4673319458961487,0.3348742127418518,-0.005569132044911385,0.4635857939720154,0.30017977952957153,-0.01197387371212244,0.45906734466552734,0.27061790227890015,-0.017251277342438698,0.4502633810043335,0.3848779797554016,4.461130083655007e-05,0.44952210783958435,0.32218432426452637,-0.002598528051748872,0.44680920243263245,0.2820649743080139,-0.009305007755756378,0.4425419270992279,0.25026005506515503,-0.014718668535351753,0.4346217215061188,0.3907232880592346,-0.0007693039369769394,0.4329981505870819,0.33350232243537903,-0.004455329850316048,0.43176451325416565,0.29786646366119385,-0.01127690076828003,0.4290638566017151,0.2686460614204407,-0.016229934990406036,0.41872259974479675,0.4072960317134857,-0.0031223695259541273,0.4173620641231537,0.3630378842353821,-0.006747992243617773,0.41742879152297974,0.33624255657196045,-0.009729637764394283,0.417019248008728,0.31318017840385437,-0.012069541029632092,0.6950444579124451,0.4679805040359497,1.6852855821980484e-07,0.6731812357902527,0.4637284278869629,-0.021114418283104897,0.6504821181297302,0.43556836247444153,-0.03535923734307289,0.6499091386795044,0.4036885201931,-0.04745965078473091,0.6659888029098511,0.3868016004562378,-0.05924887955188751,0.6442065834999084,0.35895997285842896,-0.029821204021573067,0.6393896341323853,0.29709044098854065,-0.0461566261947155,0.639987051486969,0.25691431760787964,-0.05699305236339569,0.6434116363525391,0.2214183211326599,-0.06485264748334885,0.6633396744728088,0.3452978730201721,-0.02975190058350563,0.6589718461036682,0.26895010471343994,-0.0445866696536541,0.6595406532287598,0.21553155779838562,-0.05449085682630539,0.6616302132606506,0.16806648671627045,-0.061365190893411636,0.682481586933136,0.3465760350227356,-0.03150073438882828,0.6771913766860962,0.27623435854911804,-0.04620937630534172,0.6777868866920471,0.22838853299617767,-0.05550871416926384,0.6790920495986938,0.18630900979042053,-0.06111031770706177,0.7023165225982666,0.3590337932109833,-0.03486303612589836,0.6989840269088745,0.30473753809928894,-0.047968730330467224,0.6986173987388611,0.2678404152393341,-0.05456783249974251,0.6994778513908386,0.23473599553108215,-0.05858086049556732
15,0.44009554386138916,0.5365933179855347,1.4973066697621107e-07,0.461393803358078,0.501664400100708,-0.012758596800267696,0.4731574058532715,0.4462916851043701,-0.015484717674553394,0.46152782440185547,0.3986792266368866,-0.016911018639802933,0.44129347801208496,0.3836839497089386,-0.017694657668471336,0.4687987267971039,0.3904171586036682,-0.0011606308398768306,0.46883782744407654,0.332769513130188,-0.004850058350712061,0.4653833210468292,0.29887455701828003,-0.010409084148705006,0.46135109663009644,0.27030515670776367,-0.015077674761414528,0.4515407383441925,0.3832240700721741,0.00018234524759463966,0.45031192898750305,0.3196165859699249,-0.0017345250817015767,0.447802871465683,0.2786352038383484,-0.007487965282052755,0.44398072361946106,0.24635665118694305,-0.012245729565620422,0.4360429048538208,0.3894541561603546,-0.0005322496290318668,0.43387743830680847,0.33168143033981323,-0.003475883509963751,0.43292951583862305,0.29594939947128296,-0.009823188185691833,0.4305238425731659,0.26684466004371643,-0.014490624889731407,0.42071762681007385,0.40594032406806946,-0.002765103941783309,0.41927415132522583,0.36183813214302063,-0.005700342357158661,0.4191688895225525,0.3342958390712738,-0.008445295505225658,0.4185757339000702,0.3106468617916107,-0.010675814934074879,0.6988940834999084,0.4642820358276367,1.8681535607356636e-07,0.6763375401496887,0.4632903039455414,-0.021454069763422012,0.6528119444847107,0.43568554520606995,-0.03578455001115799,0.6525879502296448,0.40187594294548035,-0.04781895875930786,0.6685571670532227,0.3838137090206146,-0.05958371236920357,0.646138072013855,0.3586287796497345,-0.030955255031585693,0.6409095525741577,0.2964847981929779,-0.04772711545228958,0.64161616563797,0.2553988993167877,-0.05876929685473442,0.6453133225440979,0.21928226947784424,-0.0667111799120903,0.66552734375,0.34444838762283325,-0.03072800301015377,0.6605170369148254,0.2668135464191437,-0.045945946127176285,0.6609771251678467,0.21239878237247467,-0.05585125833749771,0.6631984710693359,0.16356371343135834,-0.06270179897546768,0.6847511529922485,0.34528762102127075,-0.03230348601937294,0.6790145039558411,0.27434468269348145,-0.047376569360494614,0.679413378238678,0.22618496417999268,-0.05673753842711449,0.6805519461631775,0.18406438827514648,-0.06233310326933861,0.7048970460891724,0.35701125860214233,-0.03548058494925499,0.7007024884223938,0.30216628313064575,-0.048932984471321106,0.6998147368431091,0.26455411314964294,-0.05577005818486214,0.700209379196167,0.2302803248167038,-0.059911854565143585
16,0.4410325288772583,0.5391706228256226,1.5808682007900643e-07,0.46138787269592285,0.5067761540412903,-0.015598119236528873,0.4740130305290222,0.45285099744796753,-0.019540155306458473,0.4644947946071625,0.4034232795238495,-0.02171160653233528,0.4445861279964447,0.38586661219596863,-0.023115698248147964,0.4713349938392639,0.38978099822998047,-0.002597967628389597,0.47131025791168213,0.33232149481773376,-0.0065964218229055405,0.4676557779312134,0.29777291417121887,-0.012823204509913921,0.46349549293518066,0.2685169577598572,-0.018081123009324074,0.45391562581062317,0.3827482759952545,-0.00022512955183628947,0.45298925042152405,0.320083886384964,-0.0023608070332556963,0.45039650797843933,0.2796667814254761,-0.008816919289529324,0.44675546884536743,0.24734769761562347,-0.014137521386146545,0.4380698502063751,0.3896176815032959,-0.0001922558294609189,0.43640074133872986,0.33270978927612305,-0.003832995193079114,0.4353436827659607,0.2965634763240814,-0.011103087104856968,0.432806134223938,0.2675543427467346,-0.016334157437086105,0.4225929379463196,0.4070880711078644,-0.0019264583243057132,0.42153969407081604,0.36225080490112305,-0.005677514709532261,0.4214131534099579,0.33458951115608215,-0.009091568179428577,0.4208259582519531,0.3115081787109375,-0.011745496653020382,0.6984996795654297,0.4623373746871948,1.7991962408814288e-07,0.6765862703323364,0.4613420367240906,-0.022299712523818016,0.6540970206260681,0.4336779713630676,-0.03726471960544586,0.6542210578918457,0.40096646547317505,-0.04976616054773331,0.6707770228385925,0.38558030128479004,-0.06194280833005905,0.6471888422966003,0.35924166440963745,-0.03294048458337784,0.6424602270126343,0.2974742650985718,-0.049968622624874115,0.6431691646575928,0.25668492913246155,-0.06096929684281349,0.6469804644584656,0.22067108750343323,-0.06884577870368958,0.6666629910469055,0.3451416492462158,-0.03241700306534767,0.661894679069519,0.2656153738498688,-0.047953490167856216,0.662089467048645,0.2092212736606598,-0.057791199535131454,0.6641285419464111,0.15874746441841125,-0.06455930322408676,0.6861529350280762,0.3452913463115692,-0.03361664339900017,0.6807399988174438,0.27289655804634094,-0.049087099730968475,0.6807448267936707,0.2241167426109314,-0.058317363262176514,0.6814352869987488,0.18145042657852173,-0.06366806477308273,0.7065672874450684,0.3559495210647583,-0.03646327927708626,0.7030401825904846,0.30018123984336853,-0.04998110979795456,0.7024273872375488,0.2624710202217102,-0.05656149238348007,0.7027826905250549,0.22858011722564697,-0.06048346310853958
17,0.4400111138820648,0.5364984273910522,1.2889336176158395e-07,0.4621211290359497,0.5054505467414856,-0.01322890818119049,0.4753451645374298,0.4510752856731415,-0.0161735862493515,0.46500784158706665,0.40258166193962097,-0.01783600077033043,0.44321584701538086,0.390159547328949,-0.018902987241744995,0.47318243980407715,0.39175325632095337,-0.0006866721669211984,0.4727601408958435,0.334421843290329,-0.004586662165820599,0.46877995133399963,0.300201952457428,-0.010968705639243126,0.4641554057598114,0.2714516520500183,-0.01642063446342945,0.45604339241981506,0.3833371102809906,0.0004384973144624382,0.4544900357723236,0.32151103019714355,-0.001676856423728168,0.4517556130886078,0.2814306318759918,-0.008427904918789864,0.4475323557853699,0.2497190684080124,-0.01402344647794962,0.4399058222770691,0.38893523812294006,-0.0005565106403082609,0.43819043040275574,0.3318197429180145,-0.0040039303712546825,0.43709883093833923,0.2961174249649048,-0.011317068710923195,0.43448832631111145,0.26775696873664856,-0.016610678285360336,0.42344552278518677,0.405500590801239,-0.0031170030124485493,0.42231565713882446,0.361004114151001,-0.006518592592328787,0.42239129543304443,0.33425119519233704,-0.009601294994354248,0.42176997661590576,0.3125016689300537,-0.012085508555173874,0.6988219022750854,0.46121031045913696,1.537003413432103e-07,0.6779010891914368,0.46109074354171753,-0.022390495985746384,0.6553757190704346,0.4333414137363434,-0.0370572991669178,0.6550891995429993,0.39960432052612305,-0.049228571355342865,0.6714038848876953,0.38413578271865845,-0.06108684465289116,0.6486071348190308,0.35793039202690125,-0.03252732381224632,0.6435384750366211,0.29623180627822876,-0.0490613617002964,0.6442002654075623,0.2557188868522644,-0.05978323146700859,0.648047149181366,0.22001221776008606,-0.0675305426120758,0.6676456928253174,0.34317174553871155,-0.031492188572883606,0.6627517938613892,0.2649371922016144,-0.04667510464787483,0.662628173828125,0.21102097630500793,-0.05633636936545372,0.6645165085792542,0.1639542579650879,-0.0630030632019043,0.6867374181747437,0.3424374759197235,-0.032135456800460815,0.6816854476928711,0.27065712213516235,-0.047231532633304596,0.6818562150001526,0.2224665880203247,-0.05641080066561699,0.6826369166374207,0.18090301752090454,-0.06177977845072746,0.7064988017082214,0.35201507806777954,-0.03441648557782173,0.7035393714904785,0.2959297299385071,-0.04752018675208092,0.7033352255821228,0.2589777112007141,-0.0539567768573761,0.7040354013442993,0.22645428776741028,-0.057817962020635605
18,0.4415076673030853,0.5403711199760437,1.5279340459528612e-07,0.4627886414527893,0.5063374042510986,-0.014346671290695667,0.4749739170074463,0.4498506188392639,-0.01773342303931713,0.46396395564079285,0.4009491205215454,-0.01969255693256855,0.4406876862049103,0.38892698287963867,-0.020839424803853035,0.4737347364425659,0.39114269614219666,-0.0004378759185783565,0.4730261266231537,0.3334670066833496,-0.0036896374076604843,0.46925216913223267,0.2986268103122711,-0.009615331888198853,0.4651057720184326,0.2693989872932434,-0.01484413631260395,0.4562712013721466,0.38287651538848877,0.0011231061071157455,0.454852432012558,0.3208467960357666,8.488552703056484e-05,0.45233410596847534,0.281015545129776,-0.0057587288320064545,0.44874340295791626,0.24842527508735657,-0.010845668613910675,0.43978384137153625,0.3888190984725952,0.0003312273183837533,0.43797579407691956,0.3314898908138275,-0.0021711913868784904,0.43728548288345337,0.2965221405029297,-0.008883610367774963,0.434959352016449,0.2682695984840393,-0.013896044343709946,0.42309993505477905,0.4059228003025055,-0.0022818860597908497,0.42238548398017883,0.36174964904785156,-0.004831249359995127,0.4229329228401184,0.33477866649627686,-0.0074998424388468266,0.422603964805603,0.3129061460494995,-0.009838253259658813,0.6977742314338684,0.45355916023254395,2.049879270771271e-07,0.6766782402992249,0.4532735347747803,-0.021634569391608238,0.657447338104248,0.4283105134963989,-0.036751970648765564,0.6581956744194031,0.3982711732387543,-0.04966335743665695,0.6710480451583862,0.37550485134124756,-0.06285779178142548,0.6493157148361206,0.3529999852180481,-0.03369860723614693,0.6443440914154053,0.2916472554206848,-0.05238809809088707,0.6453479528427124,0.25132396817207336,-0.06465857475996017,0.6497732400894165,0.2159733772277832,-0.07293598353862762,0.6687116622924805,0.3400631844997406,-0.033749885857105255,0.6646595597267151,0.26094329357147217,-0.0506434366106987,0.6652011871337891,0.2046196460723877,-0.06230558082461357,0.6680790781974792,0.15407808125019073,-0.07023967057466507,0.6884190440177917,0.3410760760307312,-0.035409919917583466,0.6842638850212097,0.26756465435028076,-0.051888395100831985,0.6846539974212646,0.21849197149276733,-0.06255381554365158,0.6859703063964844,0.17472714185714722,-0.0687890499830246,0.7084048986434937,0.3518643379211426,-0.03843970224261284,0.7057899236679077,0.2967393100261688,-0.05281025171279907,0.705731213092804,0.2590150535106659,-0.059914153069257736,0.7068945169448853,0.22430729866027832,-0.06399784237146378
19,0.44068288803100586,0.537190318107605,1.3719596836381243e-07,0.46292585134506226,0.5056994557380676,-0.013493938371539116,0.4753926396369934,0.4492616355419159,-0.016099395230412483,0.46444642543792725,0.40164345502853394,-0.01731608249247074,0.44131994247436523,0.3900841176509857,-0.017888007685542107,0.47350454330444336,0.39118462800979614,-0.0007054540328681469,0.4725474715232849,0.3336995840072632,-0.004213910549879074,0.46888792514801025,0.299089252948761,-0.010194948874413967,0.46484285593032837,0.27001509070396423,-0.015395749360322952,0.45633405447006226,0.3831554055213928,0.0006274303887039423,0.4542233347892761,0.3211819529533386,-0.0009455534163862467,0.4516419470310211,0.2812056541442871,-0.007108555641025305,0.44776856899261475,0.2491019368171692,-0.012307711876928806,0.43983280658721924,0.38885778188705444,-0.00024695234606042504,0.4376752972602844,0.3317198157310486,-0.0033381874673068523,0.4367523491382599,0.29697126150131226,-0.010297388769686222,0.4342706799507141,0.2685930132865906,-0.015293646603822708,0.4228685796260834,0.4052686393260956,-0.0027728204149752855,0.4221912920475006,0.360633909702301,-0.005746698006987572,0.4228348135948181,0.33397480845451355,-0.008516565896570683,0.4224964678287506,0.3121577501296997,-0.010805592872202396,0.699220597743988,0.4533676505088806,1.7099483784477343e-07,0.6782719492912292,0.4533855617046356,-0.02328614704310894,0.657487690448761,0.4257986843585968,-0.03918956220149994,0.6575084328651428,0.39393478631973267,-0.052546653896570206,0.6725968718528748,0.37644898891448975,-0.06597498804330826,0.651812732219696,0.3514293134212494,-0.035988885909318924,0.6460528373718262,0.28852322697639465,-0.05386269837617874,0.6461448669433594,0.2484915852546692,-0.06523056328296661,0.64979088306427,0.21310968697071075,-0.07326154410839081,0.670631468296051,0.3381967842578888,-0.03514718636870384,0.6657438278198242,0.2581902742385864,-0.05177213251590729,0.6655429005622864,0.2041136920452118,-0.06240483745932579,0.6675360798835754,0.15722152590751648,-0.06979348510503769,0.6895735263824463,0.33935990929603577,-0.03594124689698219,0.6849908828735352,0.2654683589935303,-0.0521838441491127,0.6848124861717224,0.21773600578308105,-0.062161412090063095,0.6855306029319763,0.17663198709487915,-0.06808944791555405,0.7090086936950684,0.35013967752456665,-0.03830846771597862,0.7062599658966064,0.2933621108531952,-0.0524568073451519,0.7060917019844055,0.25539323687553406,-0.0597272664308548,0.7069821953773499,0.2215859740972519,-0.06424010545015335
20,0.441193163394928,0.5391406416893005,1.4987732299687195e-07,0.4625348448753357,0.5063965916633606,-0.014660101383924484,0.4742875397205353,0.44993147253990173,-0.017974423244595528,0.4641002118587494,0.4018248915672302,-0.01977347396314144,0.4418497383594513,0.38995087146759033,-0.020701806992292404,0.4736240804195404,0.3909614086151123,-0.0008570783538743854,0.4728454649448395,0.3335661292076111,-0.004160882905125618,0.46918389201164246,0.29899105429649353,-0.009991094470024109,0.46509572863578796,0.27018409967422485,-0.015098012052476406,0.4564238488674164,0.3824600279331207,0.0009240549989044666,0.454717218875885,0.32016831636428833,-0.00014210460358299315,0.45221638679504395,0.2804703712463379,-0.005821725353598595,0.44872233271598816,0.24806158244609833,-0.010725474916398525,0.4400225877761841,0.3880786895751953,0.000295877835014835,0.4377445876598358,0.3308829665184021,-0.0024289933498948812,0.4368242025375366,0.2961130738258362,-0.009264383465051651,0.4344612956047058,0.26791754364967346,-0.014263671822845936,0.42344987392425537,0.40483734011650085,-0.0021620849147439003,0.4222820997238159,0.3603246212005615,-0.004959428682923317,0.42257192730903625,0.3337317407131195,-0.00782796647399664,0.42207303643226624,0.3123358488082886,-0.010248071514070034,0.700631320476532,0.4550395607948303,1.7936976348664757e-07,0.678555965423584,0.4548954367637634,-0.02387366257607937,0.6573405861854553,0.42832204699516296,-0.04013083130121231,0.6565545797348022,0.39700818061828613,-0.053877539932727814,0.6713405847549438,0.3775328993797302,-0.06758257001638412,0.651946485042572,0.3514084815979004,-0.03559237718582153,0.6456395983695984,0.28903475403785706,-0.053994711488485336,0.6454569101333618,0.24934326112270355,-0.06587812304496765,0.6490122079849243,0.2142033874988556,-0.07413549721240997,0.6706613302230835,0.33821341395378113,-0.03460540249943733,0.6656342148780823,0.2587690055370331,-0.05134560912847519,0.6653562188148499,0.20459981262683868,-0.06202287599444389,0.6674348711967468,0.15803422033786774,-0.06934086978435516,0.689940869808197,0.33974385261535645,-0.035474732518196106,0.685076892375946,0.26589685678482056,-0.05187506973743439,0.6844255328178406,0.21771450340747833,-0.06180509552359581,0.6848931312561035,0.17678947746753693,-0.06760110706090927,0.7099282145500183,0.35129278898239136,-0.038033392280340195,0.7073375582695007,0.2950202226638794,-0.052353180944919586,0.7070688009262085,0.2572818398475647,-0.05963539704680443,0.7080079913139343,0.22382444143295288,-0.06402715295553207
21,0.44035768508911133,0.5349730253219604,1.4080430332796823e-07,0.46211862564086914,0.5039446949958801,-0.014310207217931747,0.4740622341632843,0.44862839579582214,-0.017271114513278008,0.4630177915096283,0.40099427103996277,-0.018620049580931664,0.44125527143478394,0.38747379183769226,-0.01923779770731926,0.47315943241119385,0.3904190957546234,-0.0015669146087020636,0.47243985533714294,0.33327919244766235,-0.005194389261305332,0.46857380867004395,0.2983744740486145,-0.011248800903558731,0.4641573131084442,0.2691054046154022,-0.0164013784378767,0.45594456791877747,0.38192808628082275,0.00033320975489914417,0.4542498290538788,0.3204672038555145,-0.0012094181729480624,0.4514591097831726,0.2805247902870178,-0.007291342597454786,0.4471467435359955,0.2491006851196289,-0.012382661923766136,0.43958282470703125,0.3871835768222809,-8.359584171557799e-06,0.4377326965332031,0.33138489723205566,-0.0029315988067537546,0.4365837872028351,0.2966662645339966,-0.009912095032632351,0.4337402284145355,0.268710732460022,-0.014902900904417038,0.4229806661605835,0.40347999334335327,-0.0020522901322692633,0.42199331521987915,0.35931316018104553,-0.0049279299564659595,0.4221709072589874,0.3326641321182251,-0.007774285972118378,0.4212786853313446,0.31118351221084595,-0.010067444294691086,0.6981706619262695,0.4464421272277832,2.2562652191027155e-07,0.6774451732635498,0.4470517635345459,-0.02408934384584427,0.6599223017692566,0.4271261394023895,-0.04171338304877281,0.6609042286872864,0.40457800030708313,-0.05659487843513489,0.671871542930603,0.38228312134742737,-0.07175123691558838,0.6498103141784668,0.3573930561542511,-0.04116933047771454,0.6429075598716736,0.298837274312973,-0.061872076243162155,0.6436107754707336,0.25879183411598206,-0.07489312440156937,0.647627592086792,0.22294199466705322,-0.08357150107622147,0.6698873043060303,0.3442321717739105,-0.04045499861240387,0.6648579835891724,0.2665064334869385,-0.059033993631601334,0.6646084785461426,0.21176570653915405,-0.07074283808469772,0.6661666631698608,0.16383294761180878,-0.07881490886211395,0.6900792121887207,0.34491604566574097,-0.041187185794115067,0.6849600672721863,0.27192339301109314,-0.058578912168741226,0.6851121783256531,0.2237979769706726,-0.06862589716911316,0.685752809047699,0.18223652243614197,-0.07458484172821045,0.7102965116500854,0.3538731634616852,-0.04337925836443901,0.7072771787643433,0.3000762164592743,-0.05807703360915184,0.7068919539451599,0.2629648447036743,-0.06477117538452148,0.7074907422065735,0.2298218011856079,-0.06866101920604706
22,0.44035768508911133,0.5349730253219604,1.4080430332796823e-07,0.46211862564086914,0.5039446949958801,-0.014310207217931747,0.4740622341632843,0.44862839579582214,-0.017271114513278008,0.4630177915096283,0.40099427103996277,-0.018620049580931664,0.44125527143478394,0.38747379183769226,-0.01923779770731926,0.47315943241119385,0.3904190957546234,-0.0015669146087020636,0.47243985533714294,0.33327919244766235,-0.005194389261305332,0.46857380867004395,0.2983744740486145,-0.011248800903558731,0.4641573131084442,0.2691054046154022,-0.0164013784378767,0.45594456791877747,0.38192808628082275,0.00033320975489914417,0.4542498290538788,0.3204672038555145,-0.0012094181729480624,0.4514591097831726,0.2805247902870178,-0.007291342597454786,0.4471467435359955,0.2491006851196289,-0.012382661923766136,0.43958282470703125,0.3871835768222809,-8.359584171557799e-06,0.4377326965332031,0.33138489723205566,-0.0029315988067537546,0.4365837872028351,0.2966662645339966,-0.009912095032632351,0.4337402284145355,0.268710732460022,-0.014902900904417038,0.4229806661605835,0.40347999334335327,-0.0020522901322692633,0.42199331521987915,0.35931316018104553,-0.0049279299564659595,0.4221709072589874,0.3326641321182251,-0.007774285972118378,0.4212786853313446,0.31118351221084595,-0.010067444294691086,0.6981706619262695,0.4464421272277832,2.2562652191027155e-07,0.6774451732635498,0.4470517635345459,-0.02408934384584427,0.6599223017692566,0.4271261394023895,-0.04171338304877281,0.6609042286872864,0.40457800030708313,-0.05659487843513489,0.671871542930603,0.38228312134742737,-0.07175123691558838,0.6498103141784668,0.3573930561542511,-0.04116933047771454,0.6429075598716736,0.298837274312973,-0.061872076243162155,0.6436107754707336,0.25879183411598206,-0.07489312440156937,0.647627592086792,0.22294199466705322,-0.08357150107622147,0.6698873043060303,0.3442321717739105,-0.04045499861240387,0.6648579835891724,0.2665064334869385,-0.059033993631601334,0.6646084785461426,0.21176570653915405,-0.07074283808469772,0.6661666631698608,0.16383294761180878,-0.07881490886211395,0.6900792121887207,0.34491604566574097,-0.041187185794115067,0.6849600672721863,0.27192339301109314,-0.058578912168741226,0.6851121783256531,0.2237979769706726,-0.06862589716911316,0.685752809047699,0.18223652243614197,-0.07458484172821045,0.7102965116500854,0.3538731634616852,-0.04337925836443901,0.7072771787643433,0.3000762164592743,-0.05807703360915184,0.7068919539451599,0.2629648447036743,-0.06477117538452148,0.7074907422065735,0.2298218011856079,-0.06866101920604706
23,0.4389769434928894,0.5414345860481262,1.2229412504893844e-07,0.4606800377368927,0.5077430605888367,-0.01296470407396555,0.4737420678138733,0.45097219944000244,-0.015541985630989075,0.46351438760757446,0.4017413556575775,-0.016922660171985626,0.4414106011390686,0.3875000774860382,-0.017726629972457886,0.4698182940483093,0.392952024936676,-0.0006753759807907045,0.4693158268928528,0.3353170156478882,-0.004557235632091761,0.4655165374279022,0.30078038573265076,-0.010733239352703094,0.4613388180732727,0.27130308747291565,-0.016113700345158577,0.45285487174987793,0.3847583532333374,0.0002983129525091499,0.4511012136936188,0.321438193321228,-0.0019278692780062556,0.4483148753643036,0.2812458276748657,-0.008603312075138092,0.44427013397216797,0.24908576905727386,-0.014233903959393501,0.43682748079299927,0.39062270522117615,-0.0008370260475203395,0.43447279930114746,0.33269086480140686,-0.004477125592529774,0.43332087993621826,0.29687947034835815,-0.011888307519257069,0.43041491508483887,0.26834428310394287,-0.017346298322081566,0.42031702399253845,0.40740036964416504,-0.0035168034955859184,0.4188128411769867,0.36244240403175354,-0.007050125394016504,0.4190567433834076,0.3353542685508728,-0.0103635024279356,0.4184742867946625,0.3128141462802887,-0.01315971277654171,0.7013148069381714,0.4518238306045532,1.9016864882814843e-07,0.681710958480835,0.45102810859680176,-0.023599447682499886,0.6631064414978027,0.42674896121025085,-0.04034992679953575,0.6624811887741089,0.4004865884780884,-0.05462535843253136,0.6733643412590027,0.3788226544857025,-0.06923872232437134,0.6532710194587708,0.3520553708076477,-0.038193944841623306,0.6449052095413208,0.29201576113700867,-0.05823817104101181,0.6452895402908325,0.2525624632835388,-0.07120759040117264,0.649418830871582,0.21799150109291077,-0.08002172410488129,0.6720907092094421,0.3395334482192993,-0.0377863347530365,0.6653726696968079,0.26115500926971436,-0.05595451220870018,0.6645227074623108,0.20795421302318573,-0.06758522987365723,0.665977418422699,0.1625460982322693,-0.07564859092235565,0.6911399960517883,0.34161660075187683,-0.03901567682623863,0.6853564977645874,0.2666592299938202,-0.05640061944723129,0.6850742101669312,0.2196890413761139,-0.06628383696079254,0.6857516765594482,0.179811030626297,-0.07214484363794327,0.7103224992752075,0.3529062867164612,-0.04176067188382149,0.7069209814071655,0.2982526123523712,-0.0566023588180542,0.706999659538269,0.2607389986515045,-0.06343043595552444,0.7084015011787415,0.22727751731872559,-0.06747207045555115
24,0.4389769434928894,0.5414345860481262,1.2229412504893844e-07,0.4606800377368927,0.5077430605888367,-0.01296470407396555,0.4737420678138733,0.45097219944000244,-0.015541985630989075,0.46351438760757446,0.4017413556575775,-0.016922660171985626,0.4414106011390686,0.3875000774860382,-0.017726629972457886,0.4698182940483093,0.392952024936676,-0.0006753759807907045,0.4693158268928528,0.3353170156478882,-0.004557235632091761,0.4655165374279022,0.30078038573265076,-0.010733239352703094,0.4613388180732727,0.27130308747291565,-0.016113700345158577,0.45285487174987793,0.3847583532333374,0.0002983129525091499,0.4511012136936188,0.321438193321228,-0.0019278692780062556,0.4483148753643036,0.2812458276748657,-0.008603312075138092,0.44427013397216797,0.24908576905727386,-0.014233903959393501,0.43682748079299927,0.39062270522117615,-0.0008370260475203395,0.43447279930114746,0.33269086480140686,-0.004477125592529774,0.43332087993621826,0.29687947034835815,-0.011888307519257069,0.43041491508483887,0.26834428310394287,-0.017346298322081566,0.42031702399253845,0.40740036964416504,-0.0035168034955859184,0.4188128411769867,0.36244240403175354,-0.007050125394016504,0.4190567433834076,0.3353542685508728,-0.0103635024279356,0.4184742867946625,0.3128141462802887,-0.01315971277654171,0.7013148069381714,0.4518238306045532,1.9016864882814843e-07,0.681710958480835,0.45102810859680176,-0.023599447682499886,0.6631064414978027,0.42674896121025085,-0.04034992679953575,0.6624811887741089,0.4004865884780884,-0.05462535843253136,0.6733643412590027,0.3788226544857025,-0.06923872232437134,0.6532710194587708,0.3520553708076477,-0.038193944841623306,0.6449052095413208,0.29201576113700867,-0.05823817104101181,0.6452895402908325,0.2525624632835388,-0.07120759040117264,0.649418830871582,0.21799150109291077,-0.08002172410488129,0.6720907092094421,0.3395334482192993,-0.0377863347530365,0.6653726696968079,0.26115500926971436,-0.05595451220870018,0.6645227074623108,0.20795421302318573,-0.06758522987365723,0.665977418422699,0.1625460982322693,-0.07564859092235565,0.6911399960517883,0.34161660075187683,-0.03901567682623863,0.6853564977645874,0.2666592299938202,-0.05640061944723129,0.6850742101669312,0.2196890413761139,-0.06628383696079254,0.6857516765594482,0.179811030626297,-0.07214484363794327,0.7103224992752075,0.3529062867164612,-0.04176067188382149,0.7069209814071655,0.2982526123523712,-0.0566023588180542,0.706999659538269,0.2607389986515045,-0.06343043595552444,0.7084015011787415,0.22727751731872559,-0.06747207045555115
25,0.4421614408493042,0.5482931733131409,1.482681000197772e-07,0.461896151304245,0.5133296847343445,-0.01499104592949152,0.4734606146812439,0.4587891399860382,-0.018633028492331505,0.46214982867240906,0.411300927400589,-0.020684676244854927,0.4419398009777069,0.3932916224002838,-0.022085143253207207,0.47084328532218933,0.3955727219581604,-0.002027820562943816,0.4696884751319885,0.33832135796546936,-0.006203144323080778,0.465709388256073,0.30354729294776917,-0.01279105618596077,0.4612452983856201,0.2735897898674011,-0.018330013379454613,0.45328930020332336,0.388500452041626,-5.6543227401562035e-05,0.4512464702129364,0.3257525563240051,-0.0022554423194378614,0.44845035672187805,0.2848471701145172,-0.008943541906774044,0.44459280371665955,0.25246167182922363,-0.01454833708703518,0.4372290372848511,0.3957294523715973,-0.0004386669024825096,0.434663861989975,0.3385131359100342,-0.00405229302123189,0.4335479140281677,0.3024154305458069,-0.011546936817467213,0.431134968996048,0.2733418643474579,-0.017047051340341568,0.42162418365478516,0.41398414969444275,-0.002569350879639387,0.42008155584335327,0.36902013421058655,-0.006338091101497412,0.41967642307281494,0.34146127104759216,-0.009804870001971722,0.4188205897808075,0.3183354437351227,-0.012571925297379494,0.6986101865768433,0.4473949670791626,2.3186746034298267e-07,0.6783050298690796,0.44329965114593506,-0.019778188318014145,0.6626017093658447,0.4222707450389862,-0.034696999937295914,0.66618412733078,0.4000156819820404,-0.0477374866604805,0.677311897277832,0.3797105550765991,-0.06111627817153931,0.6514419913291931,0.3526122570037842,-0.03322475403547287,0.6460196375846863,0.29394209384918213,-0.05078555643558502,0.6475036144256592,0.25449222326278687,-0.061963386833667755,0.6518409252166748,0.22052861750125885,-0.06958527117967606,0.6720431447029114,0.34045475721359253,-0.03423689305782318,0.669008195400238,0.2657199800014496,-0.0503547377884388,0.6692770719528198,0.21123725175857544,-0.061309993267059326,0.670846164226532,0.16288936138153076,-0.06890059262514114,0.6922839879989624,0.34254929423332214,-0.03656573221087456,0.6883570551872253,0.2708984613418579,-0.0522967167198658,0.6881234645843506,0.22188350558280945,-0.06257320940494537,0.6883096694946289,0.17920871078968048,-0.06883423030376434,0.7119122743606567,0.35347962379455566,-0.039990685880184174,0.7107844948768616,0.3031182885169983,-0.05353328213095665,0.7110922336578369,0.2652624547481537,-0.060177069157361984,0.7119630575180054,0.23098710179328918,-0.06416699290275574
26,0.4411994218826294,0.5496054291725159,1.8406102242352063e-07,0.46318504214286804,0.5150774717330933,-0.016249364241957664,0.4751516878604889,0.4591366946697235,-0.01988695189356804,0.46407637000083923,0.40943169593811035,-0.02159435674548149,0.4428313076496124,0.3942744731903076,-0.022370468825101852,0.47121384739875793,0.3975391089916229,-0.0013751041842624545,0.4709825813770294,0.3385828733444214,-0.004244853276759386,0.46717873215675354,0.3032674789428711,-0.009675674140453339,0.46324679255485535,0.2737823724746704,-0.014394957572221756,0.4531215727329254,0.39109551906585693,0.0017349784029647708,0.4518391191959381,0.32688355445861816,0.0012479067081585526,0.449716717004776,0.2855989336967468,-0.004031046759337187,0.4467284679412842,0.2530745267868042,-0.0086275739595294,0.4369412958621979,0.3989304304122925,0.002292582066729665,0.43494337797164917,0.34022051095962524,4.631426781998016e-05,0.43422001600265503,0.3034055233001709,-0.006614424753934145,0.43205761909484863,0.2742772102355957,-0.011540659703314304,0.421512246131897,0.4167732000350952,0.0009280235972255468,0.4202345013618469,0.3709215223789215,-0.0017344478983432055,0.4201197624206543,0.34253767132759094,-0.004723201505839825,0.41981038451194763,0.3190760612487793,-0.0071744234301149845,0.7010126709938049,0.4539097547531128,2.748508052263787e-07,0.6815060377120972,0.4501688778400421,-0.021564001217484474,0.6642045378684998,0.42718616127967834,-0.03757055476307869,0.6647574305534363,0.40210169553756714,-0.051242727786302567,0.6749323606491089,0.3802196979522705,-0.06551287323236465,0.6527566313743591,0.35905417799949646,-0.03677993267774582,0.6469421982765198,0.2986483871936798,-0.05598180368542671,0.6480203866958618,0.2573994994163513,-0.0684816986322403,0.6521230936050415,0.22206202149391174,-0.07687616348266602,0.6726524829864502,0.34793901443481445,-0.03721177950501442,0.6696547269821167,0.2732187509536743,-0.054793424904346466,0.6694954037666321,0.21752804517745972,-0.06691106408834457,0.6708186864852905,0.16839316487312317,-0.07527779787778854,0.6922702789306641,0.3502594828605652,-0.0389433279633522,0.6889280676841736,0.2780075967311859,-0.05552347004413605,0.6886430382728577,0.22635778784751892,-0.06676416099071503,0.68928062915802,0.18136169016361237,-0.07377997040748596,0.7106266021728516,0.3611513674259186,-0.04181831330060959,0.7094749212265015,0.3109706938266754,-0.05619123950600624,0.7107203602790833,0.27127188444137573,-0.06357449293136597,0.7132116556167603,0.23467706143856049,-0.0681031197309494
27,0.44466111063957214,0.5533975958824158,1.7760248738341033e-07,0.4649556279182434,0.5166714787483215,-0.015237672254443169,0.4761733412742615,0.4589754641056061,-0.018838468939065933,0.4638294279575348,0.4093773365020752,-0.020759889855980873,0.44181329011917114,0.3946526050567627,-0.021748924627900124,0.47209957242012024,0.39985746145248413,-0.0006876286934129894,0.47090089321136475,0.3411526679992676,-0.004137440584599972,0.46662601828575134,0.3062586486339569,-0.010244826786220074,0.4621833264827728,0.2769560217857361,-0.01546092052012682,0.4543023705482483,0.3933969736099243,0.0017229663208127022,0.45256876945495605,0.32916074991226196,0.0005010051536373794,0.4498852789402008,0.28789016604423523,-0.005554349161684513,0.44599732756614685,0.25525495409965515,-0.010700098238885403,0.4384576082229614,0.401429682970047,0.0016903916839510202,0.4359308183193207,0.34256044030189514,-0.0008592313970439136,0.43474099040031433,0.3064848780632019,-0.007669798098504543,0.4320695698261261,0.2776525616645813,-0.012745517306029797,0.4228716790676117,0.41944822669029236,-0.00017791039135772735,0.4208488464355469,0.37329748272895813,-0.002923966385424137,0.42026323080062866,0.3443930149078369,-0.005949275102466345,0.4194895029067993,0.3198148012161255,-0.00847407802939415,0.698233425617218,0.4429112672805786,2.661942630766134e-07,0.6880361437797546,0.4246455132961273,-0.021528372541069984,0.6781258583068848,0.394705206155777,-0.042421694844961166,0.6782635450363159,0.3707638382911682,-0.06085854023694992,0.6803709268569946,0.34154564142227173,-0.08075957745313644,0.658230185508728,0.3545153737068176,-0.0549614354968071,0.6488365530967712,0.29952627420425415,-0.08283757418394089,0.6496411561965942,0.2593088746070862,-0.09966752678155899,0.6527604460716248,0.22371014952659607,-0.11059732735157013,0.6731613278388977,0.35484805703163147,-0.058015190064907074,0.6684534549713135,0.27640584111213684,-0.08624771982431412,0.6689070463180542,0.21631398797035217,-0.10258856415748596,0.6690528392791748,0.16456447541713715,-0.11374248564243317,0.6893406510353088,0.3618805706501007,-0.06150546297430992,0.6855142116546631,0.28502368927001953,-0.08670272678136826,0.6871251463890076,0.22868135571479797,-0.10043938457965851,0.6887620091438293,0.1823234260082245,-0.1087503582239151,0.705034077167511,0.3716934323310852,-0.06558267027139664,0.7039526104927063,0.3181951642036438,-0.08565936237573624,0.7072458267211914,0.2738191485404968,-0.09603048115968704,0.7111901044845581,0.23423981666564941,-0.10312359780073166
28,0.44589725136756897,0.5537733435630798,2.0624875674002396e-07,0.46511998772621155,0.5162266492843628,-0.017406785860657692,0.4757212996482849,0.45982325077056885,-0.02210882306098938,0.4635258615016937,0.40889671444892883,-0.024547670036554337,0.4414616525173187,0.39678090810775757,-0.025832396000623703,0.47282129526138306,0.3996692895889282,-0.002809208584949374,0.47167548537254333,0.34011727571487427,-0.0062773022800683975,0.4669366478919983,0.3048974871635437,-0.012416885234415531,0.4621043801307678,0.27543962001800537,-0.01764117367565632,0.4551503360271454,0.3931716978549957,0.0007876760791987181,0.4529664218425751,0.3283698856830597,0.00021731304877903312,0.44989293813705444,0.28774088621139526,-0.005284063518047333,0.4458773136138916,0.2554094195365906,-0.01014991570264101,0.43917933106422424,0.40124958753585815,0.0018184671644121408,0.4363291561603546,0.34279265999794006,-2.324855449842289e-05,0.434959352016449,0.3074585199356079,-0.006398816127330065,0.4319523870944977,0.27967241406440735,-0.011284217238426208,0.4234756827354431,0.41949209570884705,0.0007806186331436038,0.42146778106689453,0.3743634819984436,-0.0012337758671492338,0.421478807926178,0.34650754928588867,-0.003887773957103491,0.42118337750434875,0.3232380747795105,-0.0062462142668664455,0.6967528462409973,0.44558921456336975,2.154078799776471e-07,0.682281494140625,0.43624329566955566,-0.021537959575653076,0.6692636013031006,0.40891173481941223,-0.03900390863418579,0.6685047745704651,0.38711613416671753,-0.05404262617230415,0.673268735408783,0.36535635590553284,-0.07013321667909622,0.6557198762893677,0.35425370931625366,-0.044340476393699646,0.6478501558303833,0.2962814271450043,-0.06656309962272644,0.6487689018249512,0.25707244873046875,-0.0802508220076561,0.6525420546531677,0.222483292222023,-0.08914880454540253,0.6735619902610779,0.34796980023384094,-0.045291509479284286,0.6680797338485718,0.2681589126586914,-0.0666326954960823,0.668545663356781,0.21251922845840454,-0.07961388677358627,0.6698418855667114,0.16447657346725464,-0.08831430226564407,0.6916543841362,0.3528149724006653,-0.047047633677721024,0.6864244341850281,0.27531981468200684,-0.06667868793010712,0.6873814463615417,0.22487415373325348,-0.07744615525007248,0.6883604526519775,0.18240775167942047,-0.08357885479927063,0.7092576026916504,0.3627234101295471,-0.04975779354572296,0.707030713558197,0.3071610927581787,-0.06552963703870773,0.7082162499427795,0.26706022024154663,-0.07264023274183273,0.7104423642158508,0.23203888535499573,-0.07690846920013428
29,0.44452598690986633,0.553826630115509,2.1237433145415707e-07,0.46451881527900696,0.5184485912322998,-0.01915295608341694,0.4756758213043213,0.4610680937767029,-0.023888912051916122,0.46523356437683105,0.4094301164150238,-0.026099583134055138,0.44308504462242126,0.39390042424201965,-0.02697947435081005,0.47297579050064087,0.3984599709510803,-0.0016742099542170763,0.4716210961341858,0.33995184302330017,-0.003606294747442007,0.46761438250541687,0.30415162444114685,-0.008527316153049469,0.46340101957321167,0.2759414613246918,-0.012833758257329464,0.45487770438194275,0.39214378595352173,0.0032167488243430853,0.4529612064361572,0.32772859930992126,0.00445966562256217,0.45031028985977173,0.28727489709854126,0.0005130170029588044,0.44672995805740356,0.255773663520813,-0.0030411076731979847,0.4390392303466797,0.4002906382083893,0.0051751467399299145,0.4368095099925995,0.3415335416793823,0.0044633615761995316,0.4358298182487488,0.30589282512664795,-0.001432931749150157,0.4332726299762726,0.2774631381034851,-0.005914654117077589,0.4241006672382355,0.41811075806617737,0.004822372458875179,0.4218224585056305,0.3733646273612976,0.003174137556925416,0.4211071729660034,0.3457186222076416,0.00043032539542764425,0.42038092017173767,0.322767972946167,-0.001862494507804513,0.6974920034408569,0.4487203061580658,2.548505335653317e-07,0.6840283274650574,0.43209609389305115,-0.018574528396129608,0.6708154082298279,0.40008580684661865,-0.034190669655799866,0.6698392629623413,0.3716582655906677,-0.047696709632873535,0.6727710962295532,0.3446236252784729,-0.06231012940406799,0.6536470651626587,0.35446101427078247,-0.04020531103014946,0.6464418768882751,0.2976991832256317,-0.061845261603593826,0.6480143070220947,0.2575683891773224,-0.07521768659353256,0.6518387198448181,0.22300933301448822,-0.08393949270248413,0.671463131904602,0.3514833152294159,-0.04250190034508705,0.6685841083526611,0.2753366529941559,-0.06335616111755371,0.6698342561721802,0.21793845295906067,-0.07575856894254684,0.6716607809066772,0.1679743379354477,-0.08405980467796326,0.6896654963493347,0.3596164286136627,-0.045667871832847595,0.6869109272956848,0.28352588415145874,-0.06532926112413406,0.6880865097045898,0.2284306436777115,-0.07654339075088501,0.6898316740989685,0.18172138929367065,-0.08310720324516296,0.706654965877533,0.3730551600456238,-0.04946557432413101,0.7057879567146301,0.3211773633956909,-0.06652713567018509,0.7086094617843628,0.2773415446281433,-0.07489288598299026,0.712531566619873,0.23738548159599304,-0.07994449138641357
30,0.44452598690986633,0.553826630115509,2.1237433145415707e-07,0.46451881527900696,0.5184485912322998,-0.01915295608341694,0.4756758213043213,0.4610680937767029,-0.023888912051916122,0.46523356437683105,0.4094301164150238,-0.026099583134055138,0.44308504462242126,0.39390042424201965,-0.02697947435081005,0.47297579050064087,0.3984599709510803,-0.0016742099542170763,0.4716210961341858,0.33995184302330017,-0.003606294747442007,0.46761438250541687,0.30415162444114685,-0.008527316153049469,0.46340101957321167,0.2759414613246918,-0.012833758257329464,0.45487770438194275,0.39214378595352173,0.0032167488243430853,0.4529612064361572,0.32772859930992126,0.00445966562256217,0.45031028985977173,0.28727489709854126,0.0005130170029588044,0.44672995805740356,0.255773663520813,-0.0030411076731979847,0.4390392303466797,0.4002906382083893,0.0051751467399299145,0.4368095099925995,0.3415335416793823,0.0044633615761995316,0.4358298182487488,0.30589282512664795,-0.001432931749150157,0.4332726299762726,0.2774631381034851,-0.005914654117077589,0.4241006672382355,0.41811075806617737,0.004822372458875179,0.4218224585056305,0.3733646273612976,0.003174137556925416,0.4211071729660034,0.3457186222076416,0.00043032539542764425,0.42038092017173767,0.322767972946167,-0.001862494507804513,0.6974920034408569,0.4487203061580658,2.548505335653317e-07,0.6840283274650574,0.43209609389305115,-0.018574528396129608,0.6708154082298279,0.40008580684661865,-0.034190669655799866,0.6698392629623413,0.3716582655906677,-0.047696709632873535,0.6727710962295532,0.3446236252784729,-0.06231012940406799,0.6536470651626587,0.35446101427078247,-0.04020531103014946,0.6464418768882751,0.2976991832256317,-0.061845261603593826,0.6480143070220947,0.2575683891773224,-0.07521768659353256,0.6518387198448181,0.22300933301448822,-0.08393949270248413,0.671463131904602,0.3514833152294159,-0.04250190034508705,0.6685841083526611,0.2753366529941559,-0.06335616111755371,0.6698342561721802,0.21793845295906067,-0.07575856894254684,0.6716607809066772,0.1679743379354477,-0.08405980467796326,0.6896654963493347,0.3596164286136627,-0.045667871832847595,0.6869109272956848,0.28352588415145874,-0.06532926112413406,0.6880865097045898,0.2284306436777115,-0.07654339075088501,0.6898316740989685,0.18172138929367065,-0.08310720324516296,0.706654965877533,0.3730551600456238,-0.04946557432413101,0.7057879567146301,0.3211773633956909,-0.06652713567018509,0.7086094617843628,0.2773415446281433,-0.07489288598299026,0.712531566619873,0.23738548159599304,-0.07994449138641357
31,0.44274771213531494,0.5451675057411194,1.662199480279014e-07,0.4632098376750946,0.5108252763748169,-0.015821613371372223,0.47404491901397705,0.45691901445388794,-0.01988941989839077,0.4636290371417999,0.4087007939815521,-0.02223319001495838,0.4438234865665436,0.3871583044528961,-0.0237842109054327,0.47180020809173584,0.39393141865730286,-0.0015605963999405503,0.4702290892601013,0.33607858419418335,-0.005300257354974747,0.46604123711586,0.3006162643432617,-0.011463414877653122,0.46137112379074097,0.2715170383453369,-0.01661105267703533,0.4539448320865631,0.3874037265777588,0.0009881994919851422,0.45158863067626953,0.3242715001106262,-0.0004253937804605812,0.44852304458618164,0.28308749198913574,-0.006408395245671272,0.4447682797908783,0.2507202625274658,-0.011445587500929832,0.43780115246772766,0.3952348530292511,0.0009724721312522888,0.43533027172088623,0.33724445104599,-0.0024113820400089025,0.4339255094528198,0.3010954260826111,-0.009630069136619568,0.43132132291793823,0.2720419764518738,-0.014834323897957802,0.4219990074634552,0.41353195905685425,-0.0008568415651097894,0.42027410864830017,0.3685515522956848,-0.004819392692297697,0.4194454848766327,0.3403764069080353,-0.008469761349260807,0.4186389744281769,0.3165200650691986,-0.01124675665050745,0.7022131681442261,0.45088857412338257,2.7730993679142557e-07,0.6820922493934631,0.4498549997806549,-0.022106371819972992,0.6639537215232849,0.4280593693256378,-0.03839367628097534,0.6644271612167358,0.4022263288497925,-0.05214285850524902,0.6753556132316589,0.37873393297195435,-0.06626774370670319,0.6518387794494629,0.35826364159584045,-0.03735291212797165,0.6465456485748291,0.30016565322875977,-0.05661008507013321,0.6478420495986938,0.25933361053466797,-0.06897827982902527,0.6518909335136414,0.22472462058067322,-0.0773375853896141,0.671643853187561,0.34484168887138367,-0.03735003620386124,0.6688148975372314,0.27039751410484314,-0.054942626506090164,0.6693287491798401,0.21727800369262695,-0.06647016108036041,0.6707549691200256,0.1707358956336975,-0.07435524463653564,0.6915639638900757,0.3458908200263977,-0.03871730715036392,0.6888722777366638,0.2733440399169922,-0.05535713583230972,0.6892679929733276,0.22515279054641724,-0.06572213768959045,0.6897569298744202,0.18358780443668365,-0.07199754565954208,0.711247980594635,0.35668089985847473,-0.04127759858965874,0.7102276086807251,0.3050580620765686,-0.055657558143138885,0.7110082507133484,0.26650771498680115,-0.06275393068790436,0.7121537327766418,0.2314949333667755,-0.06694331765174866
32,0.4434307813644409,0.5472121238708496,1.5688908661104506e-07,0.4634939134120941,0.5110100507736206,-0.015773722901940346,0.47470712661743164,0.45444709062576294,-0.019501671195030212,0.46317994594573975,0.40578141808509827,-0.021448727697134018,0.4406835436820984,0.3924139142036438,-0.02257220260798931,0.4721921384334564,0.39622506499290466,-0.0016144305700436234,0.47071123123168945,0.33836454153060913,-0.005295300856232643,0.46619442105293274,0.3031083941459656,-0.011652872897684574,0.4612365961074829,0.2734241783618927,-0.017054863274097443,0.4544687569141388,0.38922980427742004,0.0007484306115657091,0.45183703303337097,0.3260951638221741,-0.0006828584591858089,0.44851773977279663,0.28512853384017944,-0.006958001293241978,0.4441050589084625,0.253143310546875,-0.01230687741190195,0.4382484555244446,0.3961275815963745,0.0006264866096898913,0.43527692556381226,0.3385821580886841,-0.002346022753044963,0.4336932599544525,0.3024132251739502,-0.009759060107171535,0.4307994842529297,0.2739717364311218,-0.015198016539216042,0.42262211441993713,0.41394510865211487,-0.0013904625084251165,0.4205905795097351,0.36874884366989136,-0.004410413559526205,0.42010700702667236,0.34063830971717834,-0.007680997252464294,0.41895148158073425,0.3179769814014435,-0.010430384427309036,0.7029728889465332,0.45518213510513306,2.585131539944996e-07,0.6817194819450378,0.452204167842865,-0.021870436146855354,0.6640052795410156,0.43062976002693176,-0.03838116675615311,0.6667444109916687,0.405837744474411,-0.05247765779495239,0.6795511841773987,0.3841087520122528,-0.06678111106157303,0.6531601548194885,0.3600764870643616,-0.03736332058906555,0.6477752327919006,0.301389217376709,-0.057127535343170166,0.6491923332214355,0.2616853713989258,-0.06953616440296173,0.6530932784080505,0.22723418474197388,-0.07764889299869537,0.6727595925331116,0.3489648401737213,-0.03760012611746788,0.6698545217514038,0.27217742800712585,-0.055291395634412766,0.6713297963142395,0.21750664710998535,-0.06634575873613358,0.674271821975708,0.16890503466129303,-0.07373375445604324,0.6929746270179749,0.3513326644897461,-0.03934977203607559,0.6892249584197998,0.2792957127094269,-0.05615369230508804,0.6896659731864929,0.22985117137432098,-0.06626991927623749,0.6909953355789185,0.1871248483657837,-0.07212868332862854,0.7136469483375549,0.36243852972984314,-0.042406272143125534,0.7114383578300476,0.3089275062084198,-0.05677243694663048,0.7115170359611511,0.2700147032737732,-0.06381770223379135,0.7127022743225098,0.23443745076656342,-0.06784133613109589
33,0.4434307813644409,0.5472121238708496,1.5688908661104506e-07,0.4634939134120941,0.5110100507736206,-0.015773722901940346,0.47470712661743164,0.45444709062576294,-0.019501671195030212,0.46317994594573975,0.40578141808509827,-0.021448727697134018,0.4406835436820984,0.3924139142036438,-0.02257220260798931,0.4721921384334564,0.39622506499290466,-0.0016144305700436234,0.47071123123168945,0.33836454153060913,-0.005295300856232643,0.46619442105293274,0.3031083941459656,-0.011652872897684574,0.4612365961074829,0.2734241783618927,-0.017054863274097443,0.4544687569141388,0.38922980427742004,0.0007484306115657091,0.45183703303337097,0.3260951638221741,-0.0006828584591858089,0.44851773977279663,0.28512853384017944,-0.006958001293241978,0.4441050589084625,0.253143310546875,-0.01230687741190195,0.4382484555244446,0.3961275815963745,0.0006264866096898913,0.43527692556381226,0.3385821580886841,-0.002346022753044963,0.4336932599544525,0.3024132251739502,-0.009759060107171535,0.4307994842529297,0.2739717364311218,-0.015198016539216042,0.42262211441993713,0.41394510865211487,-0.0013904625084251165,0.4205905795097351,0.36874884366989136,-0.004410413559526205,0.42010700702667236,0.34063830971717834,-0.007680997252464294,0.41895148158073425,0.3179769814014435,-0.010430384427309036,0.7029728889465332,0.45518213510513306,2.585131539944996e-07,0.6817194819450378,0.452204167842865,-0.021870436146855354,0.6640052795410156,0.43062976002693176,-0.03838116675615311,0.6667444109916687,0.405837744474411,-0.05247765779495239,0.6795511841773987,0.3841087520122528,-0.06678111106157303,0.6531601548194885,0.3600764870643616,-0.03736332058906555,0.6477752327919006,0.301389217376709,-0.057127535343170166,0.6491923332214355,0.2616853713989258,-0.06953616440296173,0.6530932784080505,0.22723418474197388,-0.07764889299869537,0.6727595925331116,0.3489648401737213,-0.03760012611746788,0.6698545217514038,0.27217742800712585,-0.055291395634412766,0.6713297963142395,0.21750664710998535,-0.06634575873613358,0.674271821975708,0.16890503466129303,-0.07373375445604324,0.6929746270179749,0.3513326644897461,-0.03934977203607559,0.6892249584197998,0.2792957127094269,-0.05615369230508804,0.6896659731864929,0.22985117137432098,-0.06626991927623749,0.6909953355789185,0.1871248483657837,-0.07212868332862854,0.7136469483375549,0.36243852972984314,-0.042406272143125534,0.7114383578300476,0.3089275062084198,-0.05677243694663048,0.7115170359611511,0.2700147032737732,-0.06381770223379135,0.7127022743225098,0.23443745076656342,-0.06784133613109589
34,0.4426996409893036,0.5486666560173035,1.4979170259721286e-07,0.4634343087673187,0.5135762095451355,-0.016390817239880562,0.4745006859302521,0.4579654633998871,-0.02064400352537632,0.4642522633075714,0.4087989330291748,-0.02304873801767826,0.4431086778640747,0.3931512236595154,-0.024432377889752388,0.47343137860298157,0.39740753173828125,-0.00180320895742625,0.47198185324668884,0.33924779295921326,-0.005407088901847601,0.4675142168998718,0.30375054478645325,-0.011399404145777225,0.46270179748535156,0.27483299374580383,-0.01651008427143097,0.4556971490383148,0.3894411027431488,0.001034927787259221,0.4529306888580322,0.32563626766204834,8.330920536536723e-06,0.4493604898452759,0.28540289402008057,-0.005454389378428459,0.4453279674053192,0.2530517578125,-0.010157856158912182,0.4392949044704437,0.39572829008102417,0.0012579780304804444,0.4362196922302246,0.3374538719654083,-0.0014316675951704383,0.43479233980178833,0.30197492241859436,-0.008119320496916771,0.4320151209831238,0.27376288175582886,-0.01306995376944542,0.423137366771698,0.4134456217288971,-0.0005178743740543723,0.42075610160827637,0.3697609603404999,-0.0035008173435926437,0.4203979969024658,0.34261685609817505,-0.006612240802496672,0.4194769263267517,0.32068994641304016,-0.009168735705316067,0.70001220703125,0.44996482133865356,2.1669619343356317e-07,0.6828336119651794,0.43984663486480713,-0.0179587509483099,0.6695119738578796,0.4146175682544708,-0.03274424746632576,0.6709595918655396,0.3936638832092285,-0.04594765976071358,0.6788321137428284,0.37527281045913696,-0.05989385396242142,0.6569411158561707,0.35210856795310974,-0.033948417752981186,0.6513739824295044,0.2934024930000305,-0.05297349393367767,0.6523886322975159,0.25460463762283325,-0.06523013114929199,0.6558747887611389,0.22038105130195618,-0.07325013726949692,0.6740218997001648,0.3447115421295166,-0.0360514298081398,0.6705474853515625,0.26612335443496704,-0.053455427289009094,0.6717131733894348,0.21118800342082977,-0.06478999555110931,0.6739702820777893,0.16336794197559357,-0.07238356024026871,0.6919654011726379,0.3499981462955475,-0.039205800741910934,0.6894142031669617,0.27504003047943115,-0.0556035190820694,0.6912449598312378,0.22581344842910767,-0.06512866914272308,0.6930186152458191,0.18389824032783508,-0.07052036374807358,0.7101686596870422,0.36258697509765625,-0.043294332921504974,0.7100971937179565,0.3086458146572113,-0.05689994990825653,0.7121235728263855,0.2695361077785492,-0.06280219554901123,0.7147936224937439,0.23440107703208923,-0.06604310870170593
35,0.4417441189289093,0.5440719127655029,1.1878769612394535e-07,0.4636055827140808,0.5132741928100586,-0.015438511967658997,0.47500646114349365,0.45671433210372925,-0.01886645518243313,0.46521657705307007,0.40684786438941956,-0.020515557378530502,0.4451267123222351,0.38657301664352417,-0.021465394645929337,0.4729042649269104,0.3965042233467102,-0.003029306884855032,0.4713858962059021,0.33690309524536133,-0.007057186681777239,0.4672442376613617,0.3008264899253845,-0.013197740539908409,0.46247899532318115,0.2709310054779053,-0.018436847254633904,0.4558388292789459,0.3889366388320923,-0.0007404258358292282,0.45309361815452576,0.3239368796348572,-0.0025431355461478233,0.4499087929725647,0.2823227047920227,-0.008527928963303566,0.4455808997154236,0.2498600333929062,-0.013538873754441738,0.43962880969047546,0.3960711359977722,-0.000875733676366508,0.43686386942863464,0.3362107276916504,-0.004608491901308298,0.43534260988235474,0.2999022603034973,-0.01191494520753622,0.4324228763580322,0.2705228328704834,-0.017091574147343636,0.42311808466911316,0.4141690135002136,-0.0027712155133485794,0.4213144779205322,0.3684024512767792,-0.00703552458435297,0.42106300592422485,0.34058237075805664,-0.010795675218105316,0.42037633061408997,0.3174959719181061,-0.013614197261631489,0.7025541663169861,0.4543520212173462,2.1924063275946537e-07,0.6825001835823059,0.44952940940856934,-0.019782738760113716,0.6670424938201904,0.42426711320877075,-0.034099169075489044,0.6713228821754456,0.39897388219833374,-0.046504806727170944,0.6827698945999146,0.37879490852355957,-0.05922519043087959,0.6551741361618042,0.3554714322090149,-0.03210129588842392,0.6501461863517761,0.2970760464668274,-0.05039597302675247,0.6515955924987793,0.25753527879714966,-0.06245334446430206,0.6554864645004272,0.223626971244812,-0.07047685980796814,0.6747139692306519,0.34394508600234985,-0.032890982925891876,0.6715315580368042,0.26691734790802,-0.04907132685184479,0.6723582744598389,0.21247977018356323,-0.06008150056004524,0.6746608018875122,0.1648046225309372,-0.06750068068504333,0.6945869326591492,0.346366286277771,-0.035119861364364624,0.6906334757804871,0.2730056345462799,-0.05081816762685776,0.6910074949264526,0.22337043285369873,-0.06079950928688049,0.6920468211174011,0.18060056865215302,-0.06669473648071289,0.7142027616500854,0.3580779731273651,-0.038547541946172714,0.7126710414886475,0.306235671043396,-0.052143219858407974,0.7132978439331055,0.26891160011291504,-0.05863885581493378,0.715041995048523,0.235500767827034,-0.062318604439496994
36,0.44371697306632996,0.5473669767379761,1.5237100114973146e-07,0.4650413990020752,0.5113708972930908,-0.014947768300771713,0.47629794478416443,0.45392343401908875,-0.01845921017229557,0.46435797214508057,0.4048719108104706,-0.02044699527323246,0.4413638412952423,0.39377766847610474,-0.021563900634646416,0.4741133749485016,0.3924753665924072,-0.00044626888120546937,0.47263020277023315,0.3333224654197693,-0.0036964467726647854,0.46827375888824463,0.2980007231235504,-0.009601669386029243,0.4634496867656708,0.2688671350479126,-0.014718402177095413,0.4565331041812897,0.38543009757995605,0.0014835110632702708,0.4540426731109619,0.32141104340553284,0.0008364266250282526,0.4507102370262146,0.2807813882827759,-0.004790634382516146,0.4464806616306305,0.2478720098733902,-0.009723955765366554,0.44013991951942444,0.39257416129112244,0.0009168540127575397,0.4374924302101135,0.33473992347717285,-0.0013470625272020698,0.43633607029914856,0.29893311858177185,-0.008329438976943493,0.43360549211502075,0.27008289098739624,-0.013550727628171444,0.4237512946128845,0.4111140966415405,-0.0015358107630163431,0.42196980118751526,0.36662739515304565,-0.003951205871999264,0.4218645989894867,0.3390101194381714,-0.006849380210042,0.4210042357444763,0.3165457844734192,-0.009379892610013485,0.7049403786659241,0.45566466450691223,2.097347504559366e-07,0.684424102306366,0.4512803554534912,-0.019654784351587296,0.6679291725158691,0.42765021324157715,-0.03456674516201019,0.6706995964050293,0.40340322256088257,-0.047644972801208496,0.6825078129768372,0.3831520080566406,-0.06100734323263168,0.6566275358200073,0.35692140460014343,-0.03283333405852318,0.650903046131134,0.29684603214263916,-0.05060451477766037,0.6522796750068665,0.25792810320854187,-0.06212080270051956,0.6570358872413635,0.22336167097091675,-0.0699254646897316,0.6757270693778992,0.3447629511356354,-0.033784169703722,0.6714786887168884,0.26686474680900574,-0.049603261053562164,0.6715637445449829,0.21282164752483368,-0.06036623567342758,0.673927903175354,0.16584990918636322,-0.0678294226527214,0.6955958008766174,0.3475199341773987,-0.03603843227028847,0.6912201642990112,0.2726224362850189,-0.05141223967075348,0.6914837956428528,0.22474458813667297,-0.0610637329518795,0.6927515268325806,0.1833258867263794,-0.06683198362588882,0.7158524990081787,0.3599163889884949,-0.03944258391857147,0.7144522666931152,0.3061653971672058,-0.052903786301612854,0.715110719203949,0.2680441737174988,-0.059172533452510834,0.7168169021606445,0.23304054141044617,-0.0627199038863182
37,0.44445857405662537,0.547339677810669,1.467339103555787e-07,0.4656231105327606,0.5125531554222107,-0.015052273869514465,0.47705522179603577,0.4560500383377075,-0.018833890557289124,0.46600016951560974,0.4059241712093353,-0.021129945293068886,0.4439776837825775,0.3918425440788269,-0.022558022290468216,0.4742535948753357,0.3922514021396637,-0.0006992439739406109,0.4726119041442871,0.3331904411315918,-0.004296163097023964,0.46832484006881714,0.2979185879230499,-0.010384856723248959,0.4636424779891968,0.26900339126586914,-0.015605481341481209,0.4566546380519867,0.3849295377731323,0.0012343204580247402,0.4539850056171417,0.3207651972770691,0.0002491396153345704,0.45082342624664307,0.2805229425430298,-0.005465514492243528,0.44697314500808716,0.24767495691776276,-0.010443538427352905,0.4404693841934204,0.3921058475971222,0.0006584720686078072,0.4376203119754791,0.3337814509868622,-0.001978707266971469,0.4364772140979767,0.2980605661869049,-0.008861864916980267,0.43387383222579956,0.26928722858428955,-0.014023605734109879,0.42424285411834717,0.4108709394931793,-0.001800724770873785,0.42211681604385376,0.36620232462882996,-0.0047813523560762405,0.4218501150608063,0.3387763202190399,-0.007880291901528835,0.42097339034080505,0.3164527118206024,-0.010474181734025478,0.7086459398269653,0.4633111357688904,2.140228900771035e-07,0.6862460970878601,0.46423831582069397,-0.021041356027126312,0.6651172637939453,0.4384666383266449,-0.03561392426490784,0.6667570471763611,0.407334566116333,-0.04793214052915573,0.6809088587760925,0.38581109046936035,-0.06029588356614113,0.6570384502410889,0.3621363639831543,-0.032751504331827164,0.6522315144538879,0.30025503039360046,-0.04991237074136734,0.6529707908630371,0.260136216878891,-0.060873791575431824,0.6562817096710205,0.2251276671886444,-0.0684017539024353,0.6761212944984436,0.34806132316589355,-0.03262314200401306,0.6733253598213196,0.2701434791088104,-0.04783615469932556,0.6728484034538269,0.21664145588874817,-0.05753498896956444,0.6741252541542053,0.16941794753074646,-0.06406930834054947,0.6959923505783081,0.3494870066642761,-0.03410845994949341,0.6920496821403503,0.2747524678707123,-0.0486525259912014,0.6903091073036194,0.22571273148059845,-0.05785330384969711,0.6900597810745239,0.18325833976268768,-0.0633547306060791,0.716597318649292,0.3619749844074249,-0.03704914450645447,0.7147727608680725,0.3059716522693634,-0.05015529319643974,0.7147917747497559,0.2673325836658478,-0.05686340853571892,0.7162639498710632,0.23187732696533203,-0.060747358947992325
38,0.44445857405662537,0.547339677810669,1.467339103555787e-07,0.4656231105327606,0.5125531554222107,-0.015052273869514465,0.47705522179603577,0.4560500383377075,-0.018833890557289124,0.46600016951560974,0.4059241712093353,-0.021129945293068886,0.4439776837825775,0.3918425440788269,-0.022558022290468216,0.4742535948753357,0.3922514021396637,-0.0006992439739406109,0.4726119041442871,0.3331904411315918,-0.004296163097023964,0.46832484006881714,0.2979185879230499,-0.010384856723248959,0.4636424779891968,0.26900339126586914,-0.015605481341481209,0.4566546380519867,0.3849295377731323,0.0012343204580247402,0.4539850056171417,0.3207651972770691,0.0002491396153345704,0.45082342624664307,0.2805229425430298,-0.005465514492243528,0.44697314500808716,0.24767495691776276,-0.010443538427352905,0.4404693841934204,0.3921058475971222,0.0006584720686078072,0.4376203119754791,0.3337814509868622,-0.001978707266971469,0.4364772140979767,0.2980605661869049,-0.008861864916980267,0.43387383222579956,0.26928722858428955,-0.014023605734109879,0.42424285411834717,0.4108709394931793,-0.001800724770873785,0.42211681604385376,0.36620232462882996,-0.0047813523560762405,0.4218501150608063,0.3387763202190399,-0.007880291901528835,0.42097339034080505,0.3164527118206024,-0.010474181734025478,0.7086459398269653,0.4633111357688904,2.140228900771035e-07,0.6862460970878601,0.46423831582069397,-0.021041356027126312,0.6651172637939453,0.4384666383266449,-0.03561392426490784,0.6667570471763611,0.407334566116333,-0.04793214052915573,0.6809088587760925,0.38581109046936035,-0.06029588356614113,0.6570384502410889,0.3621363639831543,-0.032751504331827164,0.6522315144538879,0.30025503039360046,-0.04991237074136734,0.6529707908630371,0.260136216878891,-0.060873791575431824,0.6562817096710205,0.2251276671886444,-0.0684017539024353,0.6761212944984436,0.34806132316589355,-0.03262314200401306,0.6733253598213196,0.2701434791088104,-0.04783615469932556,0.6728484034538269,0.21664145588874817,-0.05753498896956444,0.6741252541542053,0.16941794753074646,-0.06406930834054947,0.6959923505783081,0.3494870066642761,-0.03410845994949341,0.6920496821403503,0.2747524678707123,-0.0486525259912014,0.6903091073036194,0.22571273148059845,-0.05785330384969711,0.6900597810745239,0.18325833976268768,-0.0633547306060791,0.716597318649292,0.3619749844074249,-0.03704914450645447,0.7147727608680725,0.3059716522693634,-0.05015529319643974,0.7147917747497559,0.2673325836658478,-0.05686340853571892,0.7162639498710632,0.23187732696533203,-0.060747358947992325
39,0.4444507658481598,0.5482550263404846,1.5547342968602607e-07,0.46493783593177795,0.5150849223136902,-0.01648997701704502,0.47781485319137573,0.45793914794921875,-0.02043207734823227,0.4657796323299408,0.4058494567871094,-0.022618897259235382,0.4439032971858978,0.3876425623893738,-0.023929640650749207,0.4739413559436798,0.3914393186569214,-0.0021129813976585865,0.47342613339424133,0.33141258358955383,-0.00654882425442338,0.46925026178359985,0.29655537009239197,-0.013275815173983574,0.4644095003604889,0.26686394214630127,-0.018879417330026627,0.4560816287994385,0.38480377197265625,0.0003817496181000024,0.4551578164100647,0.31966087222099304,-0.0016783729661256075,0.45252105593681335,0.2778920531272888,-0.00837375782430172,0.4487086236476898,0.24437734484672546,-0.014113505370914936,0.43981435894966125,0.39269018173217773,0.0002269548422191292,0.437694787979126,0.3328264355659485,-0.003075254848226905,0.4368772506713867,0.2956707179546356,-0.01058248896151781,0.434596449136734,0.2657402753829956,-0.016361678019165993,0.42389270663261414,0.41154855489730835,-0.0019341176375746727,0.4226435422897339,0.3655623495578766,-0.005311593413352966,0.4223341643810272,0.3371308445930481,-0.008942816406488419,0.42155081033706665,0.312463641166687,-0.012143341824412346,0.711065411567688,0.4669089913368225,1.9023870834189438e-07,0.687964677810669,0.46580106019973755,-0.021447759121656418,0.6653138399124146,0.43831172585487366,-0.0361979641020298,0.6659337282180786,0.40597301721572876,-0.048671502619981766,0.6812382340431213,0.3862914741039276,-0.060957666486501694,0.6582562923431396,0.35762208700180054,-0.032045841217041016,0.6540178060531616,0.2938421964645386,-0.048846956342458725,0.6547144651412964,0.2543562948703766,-0.05984577164053917,0.6582679748535156,0.21931219100952148,-0.06760258972644806,0.6775137782096863,0.3444782495498657,-0.031791385263204575,0.6747486591339111,0.26442575454711914,-0.04648253321647644,0.674720048904419,0.21154290437698364,-0.05618855357170105,0.6765511631965637,0.16501519083976746,-0.0629892572760582,0.697197437286377,0.34683945775032043,-0.03322835639119148,0.6943588256835938,0.27179741859436035,-0.04747360572218895,0.6939135789871216,0.22480642795562744,-0.05652983486652374,0.6943913698196411,0.18371175229549408,-0.06214560568332672,0.7177720069885254,0.36072906851768494,-0.036233898252248764,0.7168747186660767,0.3040808141231537,-0.049092408269643784,0.7179152369499207,0.2669355571269989,-0.05560837313532829,0.7196527719497681,0.23276250064373016,-0.05955798178911209
40,0.44531044363975525,0.5447807312011719,1.4335041953472683e-07,0.4665560722351074,0.5099678039550781,-0.015391410328447819,0.47806400060653687,0.4525361657142639,-0.018952397629618645,0.46671062707901,0.4018951654434204,-0.02082887664437294,0.4451564848423004,0.38862138986587524,-0.021834881976246834,0.47555097937583923,0.38847604393959045,-0.001248779590241611,0.47417619824409485,0.3292054533958435,-0.004836529493331909,0.46980583667755127,0.2941732704639435,-0.011022348888218403,0.46513235569000244,0.2647700905799866,-0.01639050990343094,0.45770370960235596,0.38146331906318665,0.0009058758150786161,0.4550306797027588,0.3171820044517517,-0.00025508980615995824,0.45199424028396606,0.276489794254303,-0.0062816208228468895,0.44808611273765564,0.24357780814170837,-0.01157996617257595,0.4412291944026947,0.38903528451919556,0.00056317268172279,0.4381643235683441,0.33066779375076294,-0.002282320288941264,0.43719160556793213,0.29462021589279175,-0.00951552577316761,0.43482130765914917,0.2656477987766266,-0.014966133050620556,0.42499881982803345,0.40810608863830566,-0.0016523394733667374,0.42278921604156494,0.36281871795654297,-0.0046760449185967445,0.42300549149513245,0.3353615701198578,-0.007977898232638836,0.4228271245956421,0.31273287534713745,-0.010820802301168442,0.7092710137367249,0.4556533992290497,2.3497838697039697e-07,0.6871169209480286,0.44992122054100037,-0.019453858956694603,0.6698266863822937,0.4263000190258026,-0.03445450961589813,0.6729450821876526,0.4009946882724762,-0.047635555267333984,0.6849913597106934,0.38029640913009644,-0.06112026423215866,0.6584861874580383,0.3554406762123108,-0.03316012769937515,0.6538219451904297,0.2932969927787781,-0.05112442001700401,0.6555932760238647,0.25369948148727417,-0.06265304237604141,0.6602026224136353,0.2188626229763031,-0.07037533074617386,0.6780505180358887,0.34350836277008057,-0.034320712089538574,0.6761776208877563,0.2642327547073364,-0.050523191690444946,0.6772106885910034,0.20938295125961304,-0.061387788504362106,0.6797765493392944,0.16068297624588013,-0.06877179443836212,0.6986831426620483,0.346382737159729,-0.03675653040409088,0.6959415078163147,0.2714260220527649,-0.052065592259168625,0.696437418460846,0.22241973876953125,-0.06166887655854225,0.6977588534355164,0.17943856120109558,-0.067445307970047,0.7199243903160095,0.3593842089176178,-0.04036606475710869,0.7187570929527283,0.3047144114971161,-0.0536419115960598,0.7196378707885742,0.2662449777126312,-0.059764258563518524,0.7213690280914307,0.23063603043556213,-0.06324618309736252
