frame,feature_0,feature_1,feature_2,feature_3,feature_4,feature_5,feature_6,feature_7,feature_8,feature_9,feature_10,feature_11,feature_12,feature_13,feature_14,feature_15,feature_16,feature_17,feature_18,feature_19,feature_20,feature_21,feature_22,feature_23,feature_24,feature_25,feature_26,feature_27,feature_28,feature_29,feature_30,feature_31,feature_32,feature_33,feature_34,feature_35,feature_36,feature_37,feature_38,feature_39,feature_40,feature_41,feature_42,feature_43,feature_44,feature_45,feature_46,feature_47,feature_48,feature_49,feature_50,feature_51,feature_52,feature_53,feature_54,feature_55,feature_56,feature_57,feature_58,feature_59,feature_60,feature_61,feature_62,feature_63,feature_64,feature_65,feature_66,feature_67,feature_68,feature_69,feature_70,feature_71,feature_72,feature_73,feature_74,feature_75,feature_76,feature_77,feature_78,feature_79,feature_80,feature_81,feature_82,feature_83,feature_84,feature_85,feature_86,feature_87,feature_88,feature_89,feature_90,feature_91,feature_92,feature_93,feature_94,feature_95,feature_96,feature_97,feature_98,feature_99,feature_100,feature_101,feature_102,feature_103,feature_104,feature_105,feature_106,feature_107,feature_108,feature_109,feature_110,feature_111,feature_112,feature_113,feature_114,feature_115,feature_116,feature_117,feature_118,feature_119,feature_120,feature_121,feature_122,feature_123,feature_124,feature_125
1,0.32611870765686035,0.5872839093208313,2.3296696838315256e-07,0.3549720048904419,0.5624261498451233,-0.010964672081172466,0.36943623423576355,0.5021344423294067,-0.01510416530072689,0.34992843866348267,0.4549248516559601,-0.0188283771276474,0.3211992681026459,0.4450474977493286,-0.023666568100452423,0.3649476170539856,0.4229559302330017,-0.009714603424072266,0.37076112627983093,0.3541015386581421,-0.018883947283029556,0.3729911744594574,0.30904635787010193,-0.02735995687544346,0.37290486693382263,0.26990455389022827,-0.03400130197405815,0.34413838386535645,0.41610363125801086,-0.013135729357600212,0.3515608608722687,0.3406035900115967,-0.020779022946953773,0.35521551966667175,0.28713279962539673,-0.029730811715126038,0.35608091950416565,0.2430860549211502,-0.03653635084629059,0.32382747530937195,0.42588746547698975,-0.017920706421136856,0.32936161756515503,0.3551824688911438,-0.02585197053849697,0.3337785005569458,0.3104167580604553,-0.034027718007564545,0.33598560094833374,0.2732415795326233,-0.039578624069690704,0.3019428849220276,0.44833168387413025,-0.023814154788851738,0.30626270174980164,0.3961623013019562,-0.03122195042669773,0.31084755063056946,0.3632291257381439,-0.03472970426082611,0.31484270095825195,0.3330651521682739,-0.0371902771294117,0.5274181962013245,0.6139682531356812,-6.18747364455885e-08,0.5025913119316101,0.5765293836593628,-0.013895206153392792,0.49820542335510254,0.5142399668693542,-0.01821918599307537,0.5242857336997986,0.47631022334098816,-0.021425260230898857,0.5484933853149414,0.46890637278556824,-0.023989718407392502,0.5065873861312866,0.4429815411567688,-0.006438310258090496,0.5038459897041321,0.371324360370636,-0.013638017699122429,0.5040644407272339,0.3272167146205902,-0.020127853378653526,0.505683422088623,0.29126980900764465,-0.026091672480106354,0.5284514427185059,0.4422556161880493,-0.005944887641817331,0.5253444910049438,0.3655337691307068,-0.013169853016734123,0.523410975933075,0.31810325384140015,-0.02021183632314205,0.5218113660812378,0.27753159403800964,-0.025736471638083458,0.5480636358261108,0.45416563749313354,-0.007564093451946974,0.5470646619796753,0.3849908113479614,-0.016826441511511803,0.5435086488723755,0.33968156576156616,-0.02452879399061203,0.5401402711868286,0.3008408546447754,-0.029608948156237602,0.5672705769538879,0.4793321490287781,-0.010582820512354374,0.5669738054275513,0.42484113574028015,-0.019429616630077362,0.5646830797195435,0.3900407552719116,-0.024369746446609497,0.5627145171165466,0.3591791093349457,-0.027621079236268997
2,0.32826730608940125,0.5872019529342651,2.5591688768145104e-07,0.35646167397499084,0.563949704170227,-0.012484592385590076,0.3698471188545227,0.5041263699531555,-0.01757974363863468,0.3495095670223236,0.45646873116493225,-0.02185295708477497,0.32114702463150024,0.4430064558982849,-0.027316229417920113,0.365802526473999,0.4254327714443207,-0.012645517475903034,0.3707466423511505,0.3563656210899353,-0.022881418466567993,0.3727952241897583,0.31070542335510254,-0.031970784068107605,0.3724686801433563,0.2714206278324127,-0.03876708820462227,0.34465187788009644,0.418448269367218,-0.015509726479649544,0.35143721103668213,0.34182560443878174,-0.02372927777469158,0.3550529479980469,0.28824400901794434,-0.0329861156642437,0.35606062412261963,0.24441121518611908,-0.0398215651512146,0.32397130131721497,0.4282333254814148,-0.01976921409368515,0.3291136622428894,0.3560752868652344,-0.02842666767537594,0.3331058919429779,0.3099164366722107,-0.037026144564151764,0.33534592390060425,0.27138540148735046,-0.04264845326542854,0.30132776498794556,0.45042356848716736,-0.025138063356280327,0.3052895665168762,0.39616477489471436,-0.03341791406273842,0.30960986018180847,0.36255237460136414,-0.0371980145573616,0.31351661682128906,0.3319029211997986,-0.03956354409456253,0.5268445014953613,0.6136856079101562,-5.8206662600923664e-08,0.5025447010993958,0.5737419724464417,-0.013399174436926842,0.49833905696868896,0.5103484392166138,-0.01736142486333847,0.5235973000526428,0.47386711835861206,-0.0204839576035738,0.5471343994140625,0.4683109223842621,-0.02313663251698017,0.5085520148277283,0.44106003642082214,-0.004949236288666725,0.5050376057624817,0.37169551849365234,-0.012042236514389515,0.5049580335617065,0.32769328355789185,-0.018522251397371292,0.5061613321304321,0.29278871417045593,-0.024468323215842247,0.5295339226722717,0.4405566155910492,-0.0048458268865942955,0.526249349117279,0.36495140194892883,-0.012056914158165455,0.5241774916648865,0.317374050617218,-0.01909462735056877,0.5221917033195496,0.27771854400634766,-0.024548690766096115,0.5486831068992615,0.45299625396728516,-0.006959829479455948,0.5474479794502258,0.38460803031921387,-0.01598578505218029,0.544061541557312,0.3393404483795166,-0.0236680805683136,0.5411595702171326,0.3011144995689392,-0.02876368537545204,0.567282497882843,0.47889119386672974,-0.010521058924496174,0.5666698813438416,0.4239543676376343,-0.019126741215586662,0.5643706321716309,0.38846278190612793,-0.02400301955640316,0.5626426935195923,0.3570308983325958,-0.027282441034913063
3,0.32826730608940125,0.5872019529342651,2.5591688768145104e-07,0.35646167397499084,0.563949704170227,-0.012484592385590076,0.3698471188545227,0.5041263699531555,-0.01757974363863468,0.3495095670223236,0.45646873116493225,-0.02185295708477497,0.32114702463150024,0.4430064558982849,-0.027316229417920113,0.365802526473999,0.4254327714443207,-0.012645517475903034,0.3707466423511505,0.3563656210899353,-0.022881418466567993,0.3727952241897583,0.31070542335510254,-0.031970784068107605,0.3724686801433563,0.2714206278324127,-0.03876708820462227,0.34465187788009644,0.418448269367218,-0.015509726479649544,0.35143721103668213,0.34182560443878174,-0.02372927777469158,0.3550529479980469,0.28824400901794434,-0.0329861156642437,0.35606062412261963,0.24441121518611908,-0.0398215651512146,0.32397130131721497,0.4282333254814148,-0.01976921409368515,0.3291136622428894,0.3560752868652344,-0.02842666767537594,0.3331058919429779,0.3099164366722107,-0.037026144564151764,0.33534592390060425,0.27138540148735046,-0.04264845326542854,0.30132776498794556,0.45042356848716736,-0.025138063356280327,0.3052895665168762,0.39616477489471436,-0.03341791406273842,0.30960986018180847,0.36255237460136414,-0.0371980145573616,0.31351661682128906,0.3319029211997986,-0.03956354409456253,0.5268445014953613,0.6136856079101562,-5.8206662600923664e-08,0.5025447010993958,0.5737419724464417,-0.013399174436926842,0.49833905696868896,0.5103484392166138,-0.01736142486333847,0.5235973000526428,0.47386711835861206,-0.0204839576035738,0.5471343994140625,0.4683109223842621,-0.02313663251698017,0.5085520148277283,0.44106003642082214,-0.004949236288666725,0.5050376057624817,0.37169551849365234,-0.012042236514389515,0.5049580335617065,0.32769328355789185,-0.018522251397371292,0.5061613321304321,0.29278871417045593,-0.024468323215842247,0.5295339226722717,0.4405566155910492,-0.0048458268865942955,0.526249349117279,0.36495140194892883,-0.012056914158165455,0.5241774916648865,0.317374050617218,-0.01909462735056877,0.5221917033195496,0.27771854400634766,-0.024548690766096115,0.5486831068992615,0.45299625396728516,-0.006959829479455948,0.5474479794502258,0.38460803031921387,-0.01598578505218029,0.544061541557312,0.3393404483795166,-0.0236680805683136,0.5411595702171326,0.3011144995689392,-0.02876368537545204,0.567282497882843,0.47889119386672974,-0.010521058924496174,0.5666698813438416,0.4239543676376343,-0.019126741215586662,0.5643706321716309,0.38846278190612793,-0.02400301955640316,0.5626426935195923,0.3570308983325958,-0.027282441034913063
4,0.3267799913883209,0.5893274545669556,2.6904373839897744e-07,0.35467520356178284,0.5654464364051819,-0.012296069413423538,0.36999282240867615,0.5054680705070496,-0.017237341031432152,0.35047024488449097,0.4553475081920624,-0.021479684859514236,0.3207179307937622,0.44562169909477234,-0.02680051513016224,0.3646150529384613,0.4229508340358734,-0.010929560288786888,0.37017232179641724,0.3557288944721222,-0.020446976646780968,0.37256643176078796,0.3108707666397095,-0.0294346921145916,0.3722074329853058,0.2718881368637085,-0.03636978566646576,0.3430933654308319,0.41679078340530396,-0.014106147922575474,0.3501277267932892,0.34124642610549927,-0.021733097732067108,0.3546794354915619,0.2886514663696289,-0.03107965551316738,0.35619065165519714,0.24537110328674316,-0.03813557326793671,0.3227134346961975,0.4272266924381256,-0.018721899017691612,0.3277558386325836,0.35685691237449646,-0.027341332286596298,0.3323117792606354,0.31044045090675354,-0.03631070628762245,0.33431652188301086,0.27214550971984863,-0.04218713566660881,0.30041739344596863,0.449817419052124,-0.024482637643814087,0.30492398142814636,0.39680755138397217,-0.03271513432264328,0.30955609679222107,0.3625388741493225,-0.03676416352391243,0.3127938508987427,0.3324181139469147,-0.03939085453748703,0.5274311304092407,0.6163328289985657,-5.7454737856232896e-08,0.5033135414123535,0.5748364329338074,-0.011621742509305477,0.4997865557670593,0.5099551677703857,-0.015016778372228146,0.5249393582344055,0.474078506231308,-0.01794208027422428,0.5481314659118652,0.47035300731658936,-0.0204705148935318,0.5084071159362793,0.443864643573761,-0.004568334203213453,0.5050393342971802,0.3737671971321106,-0.01152090448886156,0.5050031542778015,0.3297075033187866,-0.01773136295378208,0.5063091516494751,0.29399317502975464,-0.023428302258253098,0.5294123291969299,0.44371718168258667,-0.005278159864246845,0.5265968441963196,0.3678623139858246,-0.012299668975174427,0.5248864889144897,0.31977808475494385,-0.019055768847465515,0.5229081511497498,0.27939218282699585,-0.024299703538417816,0.548764169216156,0.4561225473880768,-0.007971977815032005,0.5474916100502014,0.38764381408691406,-0.01648440584540367,0.5441337823867798,0.3412439823150635,-0.023956073448061943,0.54074627161026,0.30218374729156494,-0.02901652455329895,0.5676669478416443,0.48064151406288147,-0.011964947916567326,0.5672618746757507,0.42672014236450195,-0.019756542518734932,0.5653374195098877,0.3911232650279999,-0.024312909692525864,0.5636168122291565,0.3600599765777588,-0.027505185455083847
5,0.3267799913883209,0.5893274545669556,2.6904373839897744e-07,0.35467520356178284,0.5654464364051819,-0.012296069413423538,0.36999282240867615,0.5054680705070496,-0.017237341031432152,0.35047024488449097,0.4553475081920624,-0.021479684859514236,0.3207179307937622,0.44562169909477234,-0.02680051513016224,0.3646150529384613,0.4229508340358734,-0.010929560288786888,0.37017232179641724,0.3557288944721222,-0.020446976646780968,0.37256643176078796,0.3108707666397095,-0.0294346921145916,0.3722074329853058,0.2718881368637085,-0.03636978566646576,0.3430933654308319,0.41679078340530396,-0.014106147922575474,0.3501277267932892,0.34124642610549927,-0.021733097732067108,0.3546794354915619,0.2886514663696289,-0.03107965551316738,0.35619065165519714,0.24537110328674316,-0.03813557326793671,0.3227134346961975,0.4272266924381256,-0.018721899017691612,0.3277558386325836,0.35685691237449646,-0.027341332286596298,0.3323117792606354,0.31044045090675354,-0.03631070628762245,0.33431652188301086,0.27214550971984863,-0.04218713566660881,0.30041739344596863,0.449817419052124,-0.024482637643814087,0.30492398142814636,0.39680755138397217,-0.03271513432264328,0.30955609679222107,0.3625388741493225,-0.03676416352391243,0.3127938508987427,0.3324181139469147,-0.03939085453748703,0.5274311304092407,0.6163328289985657,-5.7454737856232896e-08,0.5033135414123535,0.5748364329338074,-0.011621742509305477,0.4997865557670593,0.5099551677703857,-0.015016778372228146,0.5249393582344055,0.474078506231308,-0.01794208027422428,0.5481314659118652,0.47035300731658936,-0.0204705148935318,0.5084071159362793,0.443864643573761,-0.004568334203213453,0.5050393342971802,0.3737671971321106,-0.01152090448886156,0.5050031542778015,0.3297075033187866,-0.01773136295378208,0.5063091516494751,0.29399317502975464,-0.023428302258253098,0.5294123291969299,0.44371718168258667,-0.005278159864246845,0.5265968441963196,0.3678623139858246,-0.012299668975174427,0.5248864889144897,0.31977808475494385,-0.019055768847465515,0.5229081511497498,0.27939218282699585,-0.024299703538417816,0.548764169216156,0.4561225473880768,-0.007971977815032005,0.5474916100502014,0.38764381408691406,-0.01648440584540367,0.5441337823867798,0.3412439823150635,-0.023956073448061943,0.54074627161026,0.30218374729156494,-0.02901652455329895,0.5676669478416443,0.48064151406288147,-0.011964947916567326,0.5672618746757507,0.42672014236450195,-0.019756542518734932,0.5653374195098877,0.3911232650279999,-0.024312909692525864,0.5636168122291565,0.3600599765777588,-0.027505185455083847
6,0.3261173665523529,0.5944926738739014,2.171812809592666e-07,0.3544110357761383,0.5636938214302063,-0.010504703968763351,0.3712141215801239,0.5050644278526306,-0.015521434135735035,0.3514312207698822,0.4569537937641144,-0.020391765981912613,0.3213745057582855,0.4491288363933563,-0.0263853557407856,0.3655655086040497,0.42012107372283936,-0.009039602242410183,0.37166285514831543,0.3519662618637085,-0.018561145290732384,0.3736964762210846,0.30803418159484863,-0.027554089203476906,0.37349891662597656,0.27000701427459717,-0.034457821398973465,0.34450870752334595,0.41502076387405396,-0.013096190057694912,0.3517727851867676,0.33869504928588867,-0.02067244052886963,0.3554914891719818,0.2858622074127197,-0.029439132660627365,0.35611236095428467,0.24335142970085144,-0.036166269332170486,0.32445618510246277,0.4259881377220154,-0.01859322004020214,0.32907745242118835,0.352708637714386,-0.026012225076556206,0.3330409824848175,0.3080648183822632,-0.03336160257458687,0.33496466279029846,0.27212879061698914,-0.038481131196022034,0.3024182915687561,0.44930317997932434,-0.025290125980973244,0.3064510226249695,0.39597010612487793,-0.03159068897366524,0.3113859295845032,0.3631858825683594,-0.034204769879579544,0.3156437873840332,0.3334310054779053,-0.03617461770772934,0.5281932950019836,0.615493893623352,-3.8264328594550534e-08,0.5029026865959167,0.5753569602966309,-0.011932849884033203,0.49864208698272705,0.5117794871330261,-0.015332367271184921,0.5246089100837708,0.4755522608757019,-0.018027931451797485,0.5486464500427246,0.4711417853832245,-0.02013547159731388,0.5080607533454895,0.4426790475845337,-0.004255739971995354,0.5045384168624878,0.3726918697357178,-0.011089003644883633,0.5042608976364136,0.3286512494087219,-0.01729845069348812,0.5052354335784912,0.2930145859718323,-0.02296026423573494,0.5296860337257385,0.44280096888542175,-0.004675820004194975,0.5271040797233582,0.3674854040145874,-0.011714555323123932,0.525344967842102,0.3191673159599304,-0.018477562814950943,0.5232720971107483,0.27834516763687134,-0.023593224585056305,0.5488758683204651,0.4554169476032257,-0.007110239937901497,0.5473850965499878,0.3883870840072632,-0.015561718493700027,0.5438659191131592,0.34247058629989624,-0.022600021213293076,0.540740966796875,0.30373507738113403,-0.027250509709119797,0.5674672722816467,0.48108163475990295,-0.010889362543821335,0.567375659942627,0.4281521141529083,-0.018644418567419052,0.5657410025596619,0.392518550157547,-0.02295508421957493,0.5647132992744446,0.36087942123413086,-0.02583061158657074
7,0.3261173665523529,0.5944926738739014,2.171812809592666e-07,0.3544110357761383,0.5636938214302063,-0.010504703968763351,0.3712141215801239,0.5050644278526306,-0.015521434135735035,0.3514312207698822,0.4569537937641144,-0.020391765981912613,0.3213745057582855,0.4491288363933563,-0.0263853557407856,0.3655655086040497,0.42012107372283936,-0.009039602242410183,0.37166285514831543,0.3519662618637085,-0.018561145290732384,0.3736964762210846,0.30803418159484863,-0.027554089203476906,0.37349891662597656,0.27000701427459717,-0.034457821398973465,0.34450870752334595,0.41502076387405396,-0.013096190057694912,0.3517727851867676,0.33869504928588867,-0.02067244052886963,0.3554914891719818,0.2858622074127197,-0.029439132660627365,0.35611236095428467,0.24335142970085144,-0.036166269332170486,0.32445618510246277,0.4259881377220154,-0.01859322004020214,0.32907745242118835,0.352708637714386,-0.026012225076556206,0.3330409824848175,0.3080648183822632,-0.03336160257458687,0.33496466279029846,0.27212879061698914,-0.038481131196022034,0.3024182915687561,0.44930317997932434,-0.025290125980973244,0.3064510226249695,0.39597010612487793,-0.03159068897366524,0.3113859295845032,0.3631858825683594,-0.034204769879579544,0.3156437873840332,0.3334310054779053,-0.03617461770772934,0.5281932950019836,0.615493893623352,-3.8264328594550534e-08,0.5029026865959167,0.5753569602966309,-0.011932849884033203,0.49864208698272705,0.5117794871330261,-0.015332367271184921,0.5246089100837708,0.4755522608757019,-0.018027931451797485,0.5486464500427246,0.4711417853832245,-0.02013547159731388,0.5080607533454895,0.4426790475845337,-0.004255739971995354,0.5045384168624878,0.3726918697357178,-0.011089003644883633,0.5042608976364136,0.3286512494087219,-0.01729845069348812,0.5052354335784912,0.2930145859718323,-0.02296026423573494,0.5296860337257385,0.44280096888542175,-0.004675820004194975,0.5271040797233582,0.3674854040145874,-0.011714555323123932,0.525344967842102,0.3191673159599304,-0.018477562814950943,0.5232720971107483,0.27834516763687134,-0.023593224585056305,0.5488758683204651,0.4554169476032257,-0.007110239937901497,0.5473850965499878,0.3883870840072632,-0.015561718493700027,0.5438659191131592,0.34247058629989624,-0.022600021213293076,0.540740966796875,0.30373507738113403,-0.027250509709119797,0.5674672722816467,0.48108163475990295,-0.010889362543821335,0.567375659942627,0.4281521141529083,-0.018644418567419052,0.5657410025596619,0.392518550157547,-0.02295508421957493,0.5647132992744446,0.36087942123413086,-0.02583061158657074
8,0.326021671295166,0.5910654664039612,2.1719453968671587e-07,0.354236900806427,0.5639122128486633,-0.010776262730360031,0.37071746587753296,0.5053920149803162,-0.015281813219189644,0.350693017244339,0.45738062262535095,-0.01955140382051468,0.3207242786884308,0.44914454221725464,-0.024891462177038193,0.3664814829826355,0.4192448556423187,-0.008303537964820862,0.372202068567276,0.35117366909980774,-0.017361115664243698,0.3739068806171417,0.30737191438674927,-0.02604931965470314,0.3730374574661255,0.269595742225647,-0.032721225172281265,0.3452889621257782,0.41382309794425964,-0.012013295665383339,0.3527487814426422,0.3379766345024109,-0.01906469650566578,0.35629016160964966,0.28533002734184265,-0.02762945555150509,0.3567236661911011,0.24326947331428528,-0.03420975059270859,0.32489046454429626,0.4247077703475952,-0.017243606969714165,0.3298361897468567,0.35291141271591187,-0.02446206845343113,0.3339836597442627,0.30881571769714355,-0.03196623548865318,0.3358573019504547,0.27321672439575195,-0.03719042241573334,0.30235153436660767,0.4477987587451935,-0.023689089342951775,0.3062894642353058,0.39512166380882263,-0.030176211148500443,0.3105403184890747,0.362621545791626,-0.03295573219656944,0.31409573554992676,0.33294767141342163,-0.0349859781563282,0.5280402898788452,0.6163020133972168,-2.6617010817631126e-08,0.5029194951057434,0.5759028792381287,-0.011828350834548473,0.49923229217529297,0.5110201239585876,-0.015300976112484932,0.5253355503082275,0.4734891653060913,-0.018124036490917206,0.5496982336044312,0.467986524105072,-0.02030850015580654,0.5073820948600769,0.44241097569465637,-0.004976663738489151,0.5051736831665039,0.3719291388988495,-0.012029019184410572,0.5055187940597534,0.32840147614479065,-0.018173320218920708,0.5069553256034851,0.2930667996406555,-0.02364872582256794,0.529084324836731,0.442910760641098,-0.0053947786800563335,0.5270423293113708,0.3676432967185974,-0.012358325533568859,0.5257856249809265,0.31900638341903687,-0.01874946989119053,0.5245532393455505,0.27787116169929504,-0.0235405545681715,0.5488709807395935,0.45615631341934204,-0.00780015904456377,0.5477595329284668,0.388498991727829,-0.01576279103755951,0.5439978241920471,0.34310030937194824,-0.02235138602554798,0.5406506061553955,0.30504679679870605,-0.026761021465063095,0.5682201385498047,0.48113831877708435,-0.011599545367062092,0.5684641599655151,0.42975467443466187,-0.018878495320677757,0.5667673349380493,0.3944897949695587,-0.022973299026489258,0.5656059384346008,0.3636368215084076,-0.025710454210639
9,0.326021671295166,0.5910654664039612,2.1719453968671587e-07,0.354236900806427,0.5639122128486633,-0.010776262730360031,0.37071746587753296,0.5053920149803162,-0.015281813219189644,0.350693017244339,0.45738062262535095,-0.01955140382051468,0.3207242786884308,0.44914454221725464,-0.024891462177038193,0.3664814829826355,0.4192448556423187,-0.008303537964820862,0.372202068567276,0.35117366909980774,-0.017361115664243698,0.3739068806171417,0.30737191438674927,-0.02604931965470314,0.3730374574661255,0.269595742225647,-0.032721225172281265,0.3452889621257782,0.41382309794425964,-0.012013295665383339,0.3527487814426422,0.3379766345024109,-0.01906469650566578,0.35629016160964966,0.28533002734184265,-0.02762945555150509,0.3567236661911011,0.24326947331428528,-0.03420975059270859,0.32489046454429626,0.4247077703475952,-0.017243606969714165,0.3298361897468567,0.35291141271591187,-0.02446206845343113,0.3339836597442627,0.30881571769714355,-0.03196623548865318,0.3358573019504547,0.27321672439575195,-0.03719042241573334,0.30235153436660767,0.4477987587451935,-0.023689089342951775,0.3062894642353058,0.39512166380882263,-0.030176211148500443,0.3105403184890747,0.362621545791626,-0.03295573219656944,0.31409573554992676,0.33294767141342163,-0.0349859781563282,0.5280402898788452,0.6163020133972168,-2.6617010817631126e-08,0.5029194951057434,0.5759028792381287,-0.011828350834548473,0.49923229217529297,0.5110201239585876,-0.015300976112484932,0.5253355503082275,0.4734891653060913,-0.018124036490917206,0.5496982336044312,0.467986524105072,-0.02030850015580654,0.5073820948600769,0.44241097569465637,-0.004976663738489151,0.5051736831665039,0.3719291388988495,-0.012029019184410572,0.5055187940597534,0.32840147614479065,-0.018173320218920708,0.5069553256034851,0.2930667996406555,-0.02364872582256794,0.529084324836731,0.442910760641098,-0.0053947786800563335,0.5270423293113708,0.3676432967185974,-0.012358325533568859,0.5257856249809265,0.31900638341903687,-0.01874946989119053,0.5245532393455505,0.27787116169929504,-0.0235405545681715,0.5488709807395935,0.45615631341934204,-0.00780015904456377,0.5477595329284668,0.388498991727829,-0.01576279103755951,0.5439978241920471,0.34310030937194824,-0.02235138602554798,0.5406506061553955,0.30504679679870605,-0.026761021465063095,0.5682201385498047,0.48113831877708435,-0.011599545367062092,0.5684641599655151,0.42975467443466187,-0.018878495320677757,0.5667673349380493,0.3944897949695587,-0.022973299026489258,0.5656059384346008,0.3636368215084076,-0.025710454210639
10,0.32637378573417664,0.5932897329330444,2.1890819823511265e-07,0.3546602427959442,0.5653068423271179,-0.011664830148220062,0.36978185176849365,0.5069166421890259,-0.01692805625498295,0.34833502769470215,0.46001720428466797,-0.021845338866114616,0.31866908073425293,0.45008203387260437,-0.027799930423498154,0.36622682213783264,0.4206256866455078,-0.009586547501385212,0.3724956214427948,0.3516981303691864,-0.01945982687175274,0.37424108386039734,0.3074219226837158,-0.028784871101379395,0.37319204211235046,0.2693464159965515,-0.035826388746500015,0.3452143669128418,0.4148256182670593,-0.013072982430458069,0.35299190878868103,0.3396521210670471,-0.02062201127409935,0.35644733905792236,0.28729039430618286,-0.0295250304043293,0.35689327120780945,0.24414902925491333,-0.036339037120342255,0.3248146176338196,0.42574650049209595,-0.01816955767571926,0.3299919068813324,0.3544335663318634,-0.02545064501464367,0.3346244990825653,0.31056928634643555,-0.03294013813138008,0.33724111318588257,0.2741778790950775,-0.03820524364709854,0.3024763762950897,0.44931793212890625,-0.024597695097327232,0.3061440587043762,0.39615654945373535,-0.030959971249103546,0.31065917015075684,0.3632553219795227,-0.03356624022126198,0.3150373697280884,0.3331772983074188,-0.03548021987080574,0.5280356407165527,0.6168249845504761,-3.5964937694643595e-08,0.5028253197669983,0.5776137113571167,-0.012327034957706928,0.49918147921562195,0.5122041702270508,-0.015599981881678104,0.5256648063659668,0.4744453430175781,-0.018106285482645035,0.5502116084098816,0.4705136716365814,-0.019932929426431656,0.5075132250785828,0.4427315294742584,-0.004632994066923857,0.5056664347648621,0.3724631667137146,-0.011286028660833836,0.5061754584312439,0.32912683486938477,-0.017264345660805702,0.5078204870223999,0.2935836911201477,-0.022814814001321793,0.5293208360671997,0.4431954622268677,-0.004817806649953127,0.5272648334503174,0.36801081895828247,-0.011637753807008266,0.5261330008506775,0.31948649883270264,-0.018098197877407074,0.5251720547676086,0.2781221866607666,-0.02303275652229786,0.5489597916603088,0.4564286172389984,-0.007086963392794132,0.5478438138961792,0.388347327709198,-0.015413406305015087,0.5442276000976562,0.3424707353115082,-0.022488530725240707,0.5411391258239746,0.30375373363494873,-0.027208974584937096,0.5679903030395508,0.4817468523979187,-0.010764684528112411,0.567794919013977,0.42958864569664,-0.018540197983384132,0.5662416815757751,0.39422181248664856,-0.023138806223869324,0.5655985474586487,0.3631711006164551,-0.026272298768162727
11,0.32637378573417664,0.5932897329330444,2.1890819823511265e-07,0.3546602427959442,0.5653068423271179,-0.011664830148220062,0.36978185176849365,0.5069166421890259,-0.01692805625498295,0.34833502769470215,0.46001720428466797,-0.021845338866114616,0.31866908073425293,0.45008203387260437,-0.027799930423498154,0.36622682213783264,0.4206256866455078,-0.009586547501385212,0.3724956214427948,0.3516981303691864,-0.01945982687175274,0.37424108386039734,0.3074219226837158,-0.028784871101379395,0.37319204211235046,0.2693464159965515,-0.035826388746500015,0.3452143669128418,0.4148256182670593,-0.013072982430458069,0.35299190878868103,0.3396521210670471,-0.02062201127409935,0.35644733905792236,0.28729039430618286,-0.0295250304043293,0.35689327120780945,0.24414902925491333,-0.036339037120342255,0.3248146176338196,0.42574650049209595,-0.01816955767571926,0.3299919068813324,0.3544335663318634,-0.02545064501464367,0.3346244990825653,0.31056928634643555,-0.03294013813138008,0.33724111318588257,0.2741778790950775,-0.03820524364709854,0.3024763762950897,0.44931793212890625,-0.024597695097327232,0.3061440587043762,0.39615654945373535,-0.030959971249103546,0.31065917015075684,0.3632553219795227,-0.03356624022126198,0.3150373697280884,0.3331772983074188,-0.03548021987080574,0.5280356407165527,0.6168249845504761,-3.5964937694643595e-08,0.5028253197669983,0.5776137113571167,-0.012327034957706928,0.49918147921562195,0.5122041702270508,-0.015599981881678104,0.5256648063659668,0.4744453430175781,-0.018106285482645035,0.5502116084098816,0.4705136716365814,-0.019932929426431656,0.5075132250785828,0.4427315294742584,-0.004632994066923857,0.5056664347648621,0.3724631667137146,-0.011286028660833836,0.5061754584312439,0.32912683486938477,-0.017264345660805702,0.5078204870223999,0.2935836911201477,-0.022814814001321793,0.5293208360671997,0.4431954622268677,-0.004817806649953127,0.5272648334503174,0.36801081895828247,-0.011637753807008266,0.5261330008506775,0.31948649883270264,-0.018098197877407074,0.5251720547676086,0.2781221866607666,-0.02303275652229786,0.5489597916603088,0.4564286172389984,-0.007086963392794132,0.5478438138961792,0.388347327709198,-0.015413406305015087,0.5442276000976562,0.3424707353115082,-0.022488530725240707,0.5411391258239746,0.30375373363494873,-0.027208974584937096,0.5679903030395508,0.4817468523979187,-0.010764684528112411,0.567794919013977,0.42958864569664,-0.018540197983384132,0.5662416815757751,0.39422181248664856,-0.023138806223869324,0.5655985474586487,0.3631711006164551,-0.026272298768162727
12,0.32704636454582214,0.5914217829704285,2.222229511517071e-07,0.35560885071754456,0.5640073418617249,-0.011731077916920185,0.36989521980285645,0.5059562921524048,-0.016963502392172813,0.3478604853153229,0.4599745571613312,-0.021804511547088623,0.31914904713630676,0.44847559928894043,-0.027718953788280487,0.366792768239975,0.42182037234306335,-0.009958799928426743,0.37243977189064026,0.3524051606655121,-0.02012396976351738,0.37417176365852356,0.3073558211326599,-0.029442958533763885,0.37333428859710693,0.26892220973968506,-0.0364261232316494,0.34584295749664307,0.4159272015094757,-0.01340681966394186,0.3530704081058502,0.34001362323760986,-0.02157912775874138,0.35657522082328796,0.2865103483200073,-0.030815377831459045,0.35741811990737915,0.24304582178592682,-0.03773970156908035,0.3252909183502197,0.4268249273300171,-0.018476366996765137,0.33028095960617065,0.35432183742523193,-0.026597635820508003,0.3345637917518616,0.30947959423065186,-0.0345907062292099,0.3370975852012634,0.27279388904571533,-0.03999004140496254,0.3028537929058075,0.45034897327423096,-0.024796688929200172,0.30651432275772095,0.3970169425010681,-0.03199367597699165,0.31063440442085266,0.3635287284851074,-0.035149946808815,0.3147369623184204,0.3328058123588562,-0.03732425719499588,0.5280613303184509,0.612293004989624,-3.8784715883366516e-08,0.5022401809692383,0.5776265263557434,-0.012916929088532925,0.49851885437965393,0.5132912397384644,-0.01584744267165661,0.5249751806259155,0.4749521017074585,-0.017675895243883133,0.5489173531532288,0.4715251922607422,-0.018804283812642097,0.5071612000465393,0.44203129410743713,-0.004401618614792824,0.5042024850845337,0.37285494804382324,-0.010351888835430145,0.5042352080345154,0.3286302089691162,-0.015955468639731407,0.5055288076400757,0.2931576669216156,-0.0214570090174675,0.5292528867721558,0.4419478178024292,-0.004164193756878376,0.5268504023551941,0.3676290810108185,-0.010449539870023727,0.5252781510353088,0.31957685947418213,-0.01686871610581875,0.5237535834312439,0.2785457670688629,-0.021924026310443878,0.5487534403800964,0.45414841175079346,-0.006070882547646761,0.5472209453582764,0.38792333006858826,-0.014603089541196823,0.5437061190605164,0.342169851064682,-0.02220243401825428,0.5405927300453186,0.30312681198120117,-0.027243342250585556,0.5672281384468079,0.47953829169273376,-0.009363020770251751,0.5671007037162781,0.4266219735145569,-0.0177024994045496,0.565666913986206,0.39232438802719116,-0.02280055359005928,0.5650095343589783,0.36166900396347046,-0.02627100609242916
13,0.32704636454582214,0.5914217829704285,2.222229511517071e-07,0.35560885071754456,0.5640073418617249,-0.011731077916920185,0.36989521980285645,0.5059562921524048,-0.016963502392172813,0.3478604853153229,0.4599745571613312,-0.021804511547088623,0.31914904713630676,0.44847559928894043,-0.027718953788280487,0.366792768239975,0.42182037234306335,-0.009958799928426743,0.37243977189064026,0.3524051606655121,-0.02012396976351738,0.37417176365852356,0.3073558211326599,-0.029442958533763885,0.37333428859710693,0.26892220973968506,-0.0364261232316494,0.34584295749664307,0.4159272015094757,-0.01340681966394186,0.3530704081058502,0.34001362323760986,-0.02157912775874138,0.35657522082328796,0.2865103483200073,-0.030815377831459045,0.35741811990737915,0.24304582178592682,-0.03773970156908035,0.3252909183502197,0.4268249273300171,-0.018476366996765137,0.33028095960617065,0.35432183742523193,-0.026597635820508003,0.3345637917518616,0.30947959423065186,-0.0345907062292099,0.3370975852012634,0.27279388904571533,-0.03999004140496254,0.3028537929058075,0.45034897327423096,-0.024796688929200172,0.30651432275772095,0.3970169425010681,-0.03199367597699165,0.31063440442085266,0.3635287284851074,-0.035149946808815,0.3147369623184204,0.3328058123588562,-0.03732425719499588,0.5280613303184509,0.612293004989624,-3.8784715883366516e-08,0.5022401809692383,0.5776265263557434,-0.012916929088532925,0.49851885437965393,0.5132912397384644,-0.01584744267165661,0.5249751806259155,0.4749521017074585,-0.017675895243883133,0.5489173531532288,0.4715251922607422,-0.018804283812642097,0.5071612000465393,0.44203129410743713,-0.004401618614792824,0.5042024850845337,0.37285494804382324,-0.010351888835430145,0.5042352080345154,0.3286302089691162,-0.015955468639731407,0.5055288076400757,0.2931576669216156,-0.0214570090174675,0.5292528867721558,0.4419478178024292,-0.004164193756878376,0.5268504023551941,0.3676290810108185,-0.010449539870023727,0.5252781510353088,0.31957685947418213,-0.01686871610581875,0.5237535834312439,0.2785457670688629,-0.021924026310443878,0.5487534403800964,0.45414841175079346,-0.006070882547646761,0.5472209453582764,0.38792333006858826,-0.014603089541196823,0.5437061190605164,0.342169851064682,-0.02220243401825428,0.5405927300453186,0.30312681198120117,-0.027243342250585556,0.5672281384468079,0.47953829169273376,-0.009363020770251751,0.5671007037162781,0.4266219735145569,-0.0177024994045496,0.565666913986206,0.39232438802719116,-0.02280055359005928,0.5650095343589783,0.36166900396347046,-0.02627100609242916
14,0.32457032799720764,0.5922725200653076,2.2026634383109922e-07,0.35378268361091614,0.5645576119422913,-0.010717087425291538,0.3699173629283905,0.5054493546485901,-0.01536847185343504,0.34858769178390503,0.45816394686698914,-0.019837209954857826,0.3181084394454956,0.4497475028038025,-0.025446129962801933,0.3665854036808014,0.42282983660697937,-0.00852629542350769,0.3728063106536865,0.3538680374622345,-0.0179331973195076,0.3745579421520233,0.30927109718322754,-0.026800327003002167,0.37367263436317444,0.27111515402793884,-0.03352872654795647,0.34482091665267944,0.4164685308933258,-0.012319816276431084,0.3523572087287903,0.34037527441978455,-0.01973792165517807,0.35596412420272827,0.287028431892395,-0.0285194031894207,0.3566901385784149,0.2440250962972641,-0.03518104925751686,0.323896586894989,0.426709920167923,-0.017636394128203392,0.32922035455703735,0.35392242670059204,-0.025255076587200165,0.3335023522377014,0.30913639068603516,-0.03293989971280098,0.3357148766517639,0.27259138226509094,-0.03816833347082138,0.30133169889450073,0.4494361877441406,-0.024140359833836555,0.30585524439811707,0.39659857749938965,-0.030890220776200294,0.3102944493293762,0.3638700246810913,-0.03368615359067917,0.314222127199173,0.33396968245506287,-0.035663194954395294,0.5297703146934509,0.6115529537200928,-1.5864650038110995e-08,0.5055072903633118,0.5729712843894958,-0.01264522597193718,0.5021384954452515,0.511010468006134,-0.016655324026942253,0.5272839665412903,0.47473230957984924,-0.019743282347917557,0.5509876012802124,0.4673774242401123,-0.022182932123541832,0.5107990503311157,0.4404381513595581,-0.006286397110670805,0.5082516670227051,0.37143826484680176,-0.013952890411019325,0.5082480907440186,0.3273022770881653,-0.020631322637200356,0.5092235207557678,0.29178178310394287,-0.026403523981571198,0.5319937467575073,0.44111910462379456,-0.006481801625341177,0.5299122929573059,0.3669812083244324,-0.013918080367147923,0.528367817401886,0.3192165493965149,-0.02090076357126236,0.527151882648468,0.2786075174808502,-0.026044383645057678,0.5513094067573547,0.45436394214630127,-0.008622104302048683,0.5496956706047058,0.3864477574825287,-0.0170894842594862,0.5466727018356323,0.34031376242637634,-0.024114735424518585,0.5440585613250732,0.30097854137420654,-0.02877584844827652,0.5700928568840027,0.4794643521308899,-0.012096785008907318,0.5701491832733154,0.42890676856040955,-0.019662901759147644,0.5685409903526306,0.39547836780548096,-0.02349090203642845,0.5672734379768372,0.36664965748786926,-0.02590899169445038
15,0.32408666610717773,0.5910895466804504,1.9906140380498982e-07,0.35325887799263,0.5642673969268799,-0.011745655909180641,0.36840152740478516,0.5080311894416809,-0.016810698434710503,0.3467036187648773,0.4627724289894104,-0.0215008482336998,0.3185570240020752,0.4499054551124573,-0.027289986610412598,0.3660632073879242,0.42567178606987,-0.010059948079288006,0.3722133934497833,0.3551412522792816,-0.02029331959784031,0.37353742122650146,0.3093002438545227,-0.029857022687792778,0.37212058901786804,0.26979511976242065,-0.03700154274702072,0.3444676995277405,0.4189251661300659,-0.013258468359708786,0.3516346216201782,0.34344395995140076,-0.021531851962208748,0.3547506630420685,0.28989750146865845,-0.031266678124666214,0.35537973046302795,0.24511629343032837,-0.03863675147294998,0.323581337928772,0.42842426896095276,-0.01800577901303768,0.32853275537490845,0.35634464025497437,-0.0261545293033123,0.3322749435901642,0.31134405732154846,-0.0345267690718174,0.33419492840766907,0.2734209895133972,-0.04022827371954918,0.3011021614074707,0.4496993124485016,-0.024005908519029617,0.3058193325996399,0.39733779430389404,-0.031176378950476646,0.3100461959838867,0.3641400635242462,-0.03452187404036522,0.31418684124946594,0.33394455909729004,-0.03686244785785675,0.5320129990577698,0.5860192775726318,2.9272086976561695e-09,0.5094952583312988,0.556555449962616,-0.016198812052607536,0.5043349266052246,0.5070438385009766,-0.02357625588774681,0.5268123149871826,0.4760007858276367,-0.029376963153481483,0.5494919419288635,0.4657108187675476,-0.035094693303108215,0.5126466155052185,0.444518119096756,-0.014680459164083004,0.5091684460639954,0.3780449330806732,-0.024586442857980728,0.5086362361907959,0.33194154500961304,-0.03182949870824814,0.5089898109436035,0.2949526309967041,-0.03811879828572273,0.5328744053840637,0.4424697756767273,-0.013997197151184082,0.5303214192390442,0.3677122890949249,-0.024720434099435806,0.5277976989746094,0.3171427845954895,-0.033822011202573776,0.5255865454673767,0.2735151946544647,-0.040528856217861176,0.55185866355896,0.45335495471954346,-0.015081360004842281,0.5500304698944092,0.38369807600975037,-0.028281379491090775,0.5454210638999939,0.33802878856658936,-0.03786222264170647,0.5409116744995117,0.2990381419658661,-0.04354598745703697,0.5697838664054871,0.47396624088287354,-0.017321838065981865,0.5708882808685303,0.4245109260082245,-0.02936432510614395,0.5701465010643005,0.3912079930305481,-0.0360863134264946,0.5685083270072937,0.36039844155311584,-0.04027993232011795
16,0.3246932923793793,0.591570258140564,2.4955343747024017e-07,0.35329580307006836,0.5650936365127563,-0.012523104436695576,0.3675042986869812,0.507053554058075,-0.0178319551050663,0.3444843590259552,0.45974308252334595,-0.02254217118024826,0.31459471583366394,0.44958192110061646,-0.02824956178665161,0.36510634422302246,0.42498016357421875,-0.009822136722505093,0.3704114854335785,0.35626906156539917,-0.019312728196382523,0.3727076053619385,0.31069308519363403,-0.028233181685209274,0.3728275001049042,0.2722002863883972,-0.035127196460962296,0.3434717059135437,0.4175555408000946,-0.012829342857003212,0.3501328229904175,0.3416267931461334,-0.020499099045991898,0.3541046977043152,0.2888948917388916,-0.029542116448283195,0.356004923582077,0.24618494510650635,-0.03628465160727501,0.322546124458313,0.42758017778396606,-0.01748272031545639,0.3277660608291626,0.35525771975517273,-0.02568420022726059,0.3318270444869995,0.3102506995201111,-0.033957742154598236,0.3342250883579254,0.2734050750732422,-0.03939349204301834,0.2998381555080414,0.4509510397911072,-0.02340967394411564,0.30461451411247253,0.398845911026001,-0.030865464359521866,0.309081494808197,0.36667436361312866,-0.03411182016134262,0.3131026327610016,0.3373323082923889,-0.036221712827682495,0.5297806859016418,0.610536515712738,-3.905641676738014e-08,0.505808413028717,0.5735806822776794,-0.01228555291891098,0.5026279091835022,0.5118005871772766,-0.015640951693058014,0.5277296304702759,0.4754351079463959,-0.018114356324076653,0.5508824586868286,0.46868664026260376,-0.020000264048576355,0.5119069814682007,0.44120538234710693,-0.004738716408610344,0.5085057616233826,0.3718700110912323,-0.011538675986230373,0.5081612467765808,0.3269731402397156,-0.01763048954308033,0.5090215802192688,0.2910827398300171,-0.023172728717327118,0.5328444838523865,0.44202709197998047,-0.004901160020381212,0.5298707485198975,0.367048054933548,-0.011938010342419147,0.5280619859695435,0.31767982244491577,-0.018997039645910263,0.5266023278236389,0.2755963206291199,-0.024371065199375153,0.5517671704292297,0.4549983739852905,-0.0070412312634289265,0.5497568845748901,0.3866107761859894,-0.015870437026023865,0.5461897253990173,0.34024930000305176,-0.023388175293803215,0.5430955290794373,0.300880491733551,-0.028302917256951332,0.5699810981750488,0.4799230694770813,-0.010441181249916553,0.5695747137069702,0.4279658794403076,-0.018535101786255836,0.5681682825088501,0.3937925696372986,-0.022989939898252487,0.5674585700035095,0.3635011315345764,-0.02594577521085739
17,0.3237060010433197,0.5954066514968872,2.2954939993269363e-07,0.35332489013671875,0.5669922232627869,-0.011064118705689907,0.36857205629348755,0.5079522728919983,-0.015844110399484634,0.34771397709846497,0.4598928987979889,-0.02033792994916439,0.31853562593460083,0.4499158263206482,-0.025959890335798264,0.3654853105545044,0.42677146196365356,-0.009098094888031483,0.3710530400276184,0.3575146198272705,-0.01853242516517639,0.3733673393726349,0.31184834241867065,-0.02741515450179577,0.37358856201171875,0.27281463146209717,-0.03433698043227196,0.34364014863967896,0.4197600185871124,-0.012813554145395756,0.3506549596786499,0.3429929316043854,-0.020710745826363564,0.35508081316947937,0.2893637418746948,-0.029854582622647285,0.3568620979785919,0.2461359053850174,-0.036841463297605515,0.32254427671432495,0.4294608235359192,-0.018042584881186485,0.32774627208709717,0.3561224341392517,-0.026301637291908264,0.3317628502845764,0.3100905120372772,-0.034456875175237656,0.33383461833000183,0.27265405654907227,-0.03995383530855179,0.30005455017089844,0.4520129859447479,-0.024438844993710518,0.3047664761543274,0.3983479142189026,-0.031669143587350845,0.30975469946861267,0.365692675113678,-0.03494856879115105,0.314375638961792,0.3362983763217926,-0.03730599954724312,0.5304697155952454,0.6175308227539062,-4.6081517268703465e-08,0.5055233836174011,0.5750703811645508,-0.012065618298947811,0.5015115141868591,0.508050799369812,-0.015212710946798325,0.5271533131599426,0.4703965485095978,-0.017698295414447784,0.5518667697906494,0.4679948091506958,-0.019598573446273804,0.5109648108482361,0.44009077548980713,-0.004172487184405327,0.508296012878418,0.36985114216804504,-0.010591026395559311,0.5079534649848938,0.32661741971969604,-0.016574786975979805,0.5091283917427063,0.29094722867012024,-0.022148512303829193,0.5322740077972412,0.44026902318000793,-0.004196809604763985,0.5298678874969482,0.3651461899280548,-0.010141681879758835,0.5282015204429626,0.31740716099739075,-0.015947135165333748,0.5263686776161194,0.27682527899742126,-0.020604915916919708,0.5517511367797852,0.453239381313324,-0.006329697091132402,0.550434410572052,0.3847561478614807,-0.013581919483840466,0.5470494031906128,0.3401474356651306,-0.01995006762444973,0.5436784029006958,0.30206403136253357,-0.024431928992271423,0.5705505609512329,0.47833335399627686,-0.009949889965355396,0.5703355669975281,0.4268229007720947,-0.01679987646639347,0.5683485269546509,0.39341679215431213,-0.020709553733468056,0.5669241547584534,0.36398249864578247,-0.023495974019169807
18,0.3239572048187256,0.594880223274231,2.452027842991811e-07,0.3533654510974884,0.5679870247840881,-0.0116786640137434,0.3681073486804962,0.5093895792961121,-0.016807707026600838,0.34652993083000183,0.4609953761100769,-0.021513160318136215,0.3168976604938507,0.451469361782074,-0.027345411479473114,0.36497291922569275,0.4254900813102722,-0.00929404515773058,0.37067151069641113,0.3569395840167999,-0.01844123564660549,0.37324392795562744,0.311648964881897,-0.027206169441342354,0.37383121252059937,0.27321329712867737,-0.03412184491753578,0.34323111176490784,0.41873666644096375,-0.012781452387571335,0.3502953350543976,0.3427888751029968,-0.020337076857686043,0.3548073172569275,0.29005661606788635,-0.029408670961856842,0.35680997371673584,0.2478341907262802,-0.03630489110946655,0.3222666084766388,0.42933154106140137,-0.017835708335042,0.3277812898159027,0.3564090132713318,-0.026085752993822098,0.331959992647171,0.3115415573120117,-0.03436005860567093,0.3342415392398834,0.27507877349853516,-0.039854586124420166,0.2997906506061554,0.45341384410858154,-0.024077683687210083,0.30496183037757874,0.40026646852493286,-0.03160957619547844,0.30999237298965454,0.3681637942790985,-0.03498182073235512,0.31448450684547424,0.33894082903862,-0.03726907819509506,0.5305647850036621,0.6151691675186157,-3.17478665579074e-08,0.5062798857688904,0.575966477394104,-0.012311707250773907,0.5025042295455933,0.5109916925430298,-0.015387882478535175,0.5271514058113098,0.4734838902950287,-0.017550045624375343,0.5509433746337891,0.4699972867965698,-0.01897651143372059,0.5115833878517151,0.4412567913532257,-0.0041190991178154945,0.5087910294532776,0.372420996427536,-0.010624543763697147,0.5085226893424988,0.32860809564590454,-0.016695797443389893,0.5091034770011902,0.293353796005249,-0.02222604490816593,0.5326348543167114,0.4416953921318054,-0.004031242337077856,0.5303134322166443,0.3672248125076294,-0.010314803570508957,0.528527557849884,0.3197796642780304,-0.016504690051078796,0.5266445279121399,0.27918413281440735,-0.021197637543082237,0.5516871809959412,0.4543343484401703,-0.006000314839184284,0.5498501658439636,0.3864139914512634,-0.013511374592781067,0.5469460487365723,0.34141847491264343,-0.019947266206145287,0.5441380143165588,0.30327269434928894,-0.024304576218128204,0.5703943967819214,0.4795970916748047,-0.009412971325218678,0.5698240399360657,0.4282587766647339,-0.0162823423743248,0.5682161450386047,0.39457768201828003,-0.019893547520041466,0.5670650601387024,0.3647480905056,-0.02231525257229805
19,0.3246158957481384,0.5929664969444275,2.3935200488267583e-07,0.35319623351097107,0.5660212635993958,-0.012418815866112709,0.36704879999160767,0.5087911486625671,-0.01794893853366375,0.34478673338890076,0.46388283371925354,-0.022955216467380524,0.3169685900211334,0.4508255422115326,-0.029078535735607147,0.36502736806869507,0.426778644323349,-0.010885053314268589,0.3707902431488037,0.3574824333190918,-0.021309716627001762,0.3732456564903259,0.31158268451690674,-0.03073291853070259,0.37335479259490967,0.2727082371711731,-0.037887196987867355,0.34360426664352417,0.4198782444000244,-0.014242609031498432,0.35061776638031006,0.343774676322937,-0.023116610944271088,0.3545615077018738,0.2902003824710846,-0.03306601569056511,0.35652488470077515,0.24605894088745117,-0.04041731730103493,0.3226431608200073,0.4302566945552826,-0.019208403304219246,0.3282737731933594,0.3577865660190582,-0.028439566493034363,0.33230119943618774,0.3124133348464966,-0.03741941973567009,0.3348427414894104,0.27448904514312744,-0.043288830667734146,0.2997056841850281,0.4535343647003174,-0.02537066489458084,0.3043864071369171,0.401235431432724,-0.033821843564510345,0.3087735176086426,0.3681251108646393,-0.03779679909348488,0.3132800757884979,0.3374723196029663,-0.040369387716054916,0.5306929349899292,0.6152226328849792,-3.035876616763744e-08,0.5065719485282898,0.5765376091003418,-0.012151234783232212,0.5031112432479858,0.511388897895813,-0.015272113494575024,0.5280550122261047,0.47394976019859314,-0.017490586265921593,0.5517470836639404,0.46958068013191223,-0.019032716751098633,0.5116394758224487,0.4403412640094757,-0.004622482694685459,0.5088669061660767,0.3711581528186798,-0.01123457308858633,0.5088311433792114,0.32731300592422485,-0.01724533922970295,0.5095041990280151,0.29243212938308716,-0.02270393818616867,0.5331429243087769,0.44084692001342773,-0.0047277179546654224,0.530903697013855,0.3661637008190155,-0.011081354692578316,0.5290197730064392,0.31859874725341797,-0.017304955050349236,0.5268944501876831,0.27823692560195923,-0.02204335294663906,0.5525718331336975,0.453621506690979,-0.006848006509244442,0.5507922768592834,0.3858727216720581,-0.014448999427258968,0.547662079334259,0.34090662002563477,-0.021188903599977493,0.5446271896362305,0.30263856053352356,-0.025793561711907387,0.5709989666938782,0.4787840247154236,-0.01036262046545744,0.5705500245094299,0.4280869662761688,-0.017554910853505135,0.5690336227416992,0.39449846744537354,-0.02154807560145855,0.5679216384887695,0.364735871553421,-0.024220433086156845
20,0.3231695294380188,0.5970481634140015,2.2997821247372485e-07,0.352676123380661,0.568315327167511,-0.0116060059517622,0.36765387654304504,0.5094141364097595,-0.016726652160286903,0.3459441661834717,0.46179237961769104,-0.021512089297175407,0.31590190529823303,0.452961266040802,-0.02751944772899151,0.3651444613933563,0.428219199180603,-0.009197522886097431,0.37105393409729004,0.359030157327652,-0.018944747745990753,0.373124897480011,0.3136380612850189,-0.02828490361571312,0.37280896306037903,0.2744647264480591,-0.03548324108123779,0.3433819115161896,0.42111626267433167,-0.012749304063618183,0.3501167595386505,0.3444863557815552,-0.020880427211523056,0.35402417182922363,0.2902998924255371,-0.030524201691150665,0.35538360476493835,0.24617350101470947,-0.03789713606238365,0.32231056690216064,0.43046942353248596,-0.01789279282093048,0.3279021978378296,0.3576395511627197,-0.026230091229081154,0.33215129375457764,0.3110519051551819,-0.03478704392910004,0.33440056443214417,0.2726432681083679,-0.040566083043813705,0.29985591769218445,0.4526587128639221,-0.02426675520837307,0.3048480749130249,0.3990684151649475,-0.0314575657248497,0.30970168113708496,0.3660876452922821,-0.034757744520902634,0.3142310380935669,0.3359941244125366,-0.037147361785173416,0.530733585357666,0.6173007488250732,-4.914529938560008e-08,0.5069146752357483,0.5772221684455872,-0.011848089285194874,0.5034134387969971,0.5115336179733276,-0.014982924796640873,0.5282434225082397,0.4744337797164917,-0.017469622194767,0.5525314807891846,0.47025907039642334,-0.019331682473421097,0.5120923519134521,0.441367506980896,-0.003847113810479641,0.509229838848114,0.3719205856323242,-0.01059398241341114,0.509132981300354,0.32857704162597656,-0.01686083897948265,0.5100256204605103,0.2931687533855438,-0.02261294797062874,0.53334641456604,0.44186997413635254,-0.0042086075991392136,0.5306430459022522,0.36693060398101807,-0.01074487529695034,0.5289399027824402,0.31949859857559204,-0.017127159982919693,0.5270209312438965,0.2785453796386719,-0.022117041051387787,0.5527571439743042,0.4549541175365448,-0.006658182479441166,0.5509119033813477,0.3864617943763733,-0.014586519449949265,0.5476984977722168,0.3411967158317566,-0.021306145936250687,0.5444421768188477,0.3028292953968048,-0.025915425270795822,0.5716446042060852,0.48057854175567627,-0.010505970567464828,0.5708737373352051,0.4281531572341919,-0.017875760793685913,0.5690708756446838,0.3940936028957367,-0.02192099764943123,0.5676882863044739,0.36424151062965393,-0.024720339104533195
21,0.323943167924881,0.5930925011634827,2.2853907921671635e-07,0.3526926338672638,0.568440854549408,-0.012640736997127533,0.3665657639503479,0.5101518630981445,-0.017932819202542305,0.34308239817619324,0.46458548307418823,-0.022612640634179115,0.31472596526145935,0.4514411687850952,-0.02835061587393284,0.36590635776519775,0.42777639627456665,-0.011029292829334736,0.3709266185760498,0.3569006323814392,-0.02112426981329918,0.37273159623146057,0.3105822205543518,-0.030223075300455093,0.3722684979438782,0.2714390158653259,-0.03712143748998642,0.34426069259643555,0.4205755591392517,-0.014129825867712498,0.3511420488357544,0.34327805042266846,-0.02241235226392746,0.3548548221588135,0.2892824411392212,-0.0317997932434082,0.3564731180667877,0.2451605200767517,-0.03879617899656296,0.3230520486831665,0.43068525195121765,-0.018889686092734337,0.32816141843795776,0.35720786452293396,-0.027630221098661423,0.332570880651474,0.31201523542404175,-0.03621910884976387,0.33535274863243103,0.27453774213790894,-0.04187033697962761,0.3001367449760437,0.453123539686203,-0.024905329570174217,0.3046756088733673,0.39927154779434204,-0.03289332613348961,0.30894044041633606,0.36601024866104126,-0.03653109818696976,0.3132964074611664,0.3356616199016571,-0.03893740847706795,0.531043529510498,0.6166892051696777,-4.147167587120748e-08,0.5063027143478394,0.5759472250938416,-0.011874496005475521,0.5018638372421265,0.5097377896308899,-0.015212031081318855,0.5269464254379272,0.47238418459892273,-0.01801825314760208,0.551306962966919,0.4684399962425232,-0.020221689715981483,0.5112809538841248,0.4397774338722229,-0.004394370596855879,0.5089774131774902,0.3701912462711334,-0.011274047195911407,0.5090427398681641,0.32713520526885986,-0.01761406846344471,0.5102491974830627,0.2916049361228943,-0.02341412752866745,0.5328631401062012,0.4395318329334259,-0.0047880192287266254,0.5306043028831482,0.36490410566329956,-0.011197780258953571,0.5291718244552612,0.31773078441619873,-0.017328694462776184,0.5274844765663147,0.2772822380065918,-0.0221762266010046,0.5526866316795349,0.4522823691368103,-0.007254787255078554,0.5509648323059082,0.3842785358428955,-0.014753093011677265,0.5476117134094238,0.3403981328010559,-0.021053628996014595,0.5441122055053711,0.30298730731010437,-0.02546815387904644,0.5719305872917175,0.4771736264228821,-0.011201758868992329,0.5713414549827576,0.4255712628364563,-0.0181511752307415,0.5692351460456848,0.3921613097190857,-0.02191847749054432,0.567411482334137,0.362909197807312,-0.024558722972869873
22,0.323923259973526,0.5933116674423218,2.532580083425273e-07,0.35266199707984924,0.5670336484909058,-0.012688321992754936,0.36643654108047485,0.5088073015213013,-0.018060162663459778,0.343764066696167,0.462161660194397,-0.022811144590377808,0.3146325945854187,0.45013800263404846,-0.02857085131108761,0.36444905400276184,0.4274250268936157,-0.010802099481225014,0.3703496754169464,0.35774558782577515,-0.02065109834074974,0.3731747269630432,0.31134921312332153,-0.029627295210957527,0.37372705340385437,0.2721141576766968,-0.03657564893364906,0.34291911125183105,0.4199206233024597,-0.013906066305935383,0.3500806391239166,0.34343165159225464,-0.022234255447983742,0.3545522689819336,0.2898043990135193,-0.0317365825176239,0.35696545243263245,0.24627947807312012,-0.038757190108299255,0.3218931257724762,0.42999523878097534,-0.01862323097884655,0.32768726348876953,0.35683125257492065,-0.027545621618628502,0.332003116607666,0.31105339527130127,-0.03642495721578598,0.334714412689209,0.27319449186325073,-0.042202435433864594,0.29929065704345703,0.45337581634521484,-0.024554884061217308,0.30418699979782104,0.4007317125797272,-0.032863229513168335,0.3085630238056183,0.36770331859588623,-0.03675321489572525,0.312645822763443,0.33747410774230957,-0.03923887014389038,0.5305094122886658,0.6195284128189087,-5.084159937496224e-08,0.5066920518875122,0.5773620009422302,-0.011948627419769764,0.5024387836456299,0.5100243091583252,-0.015391577035188675,0.527331531047821,0.4714830815792084,-0.01833130419254303,0.5522396564483643,0.4673977494239807,-0.0206594318151474,0.511682391166687,0.44125306606292725,-0.004256888758391142,0.5096161365509033,0.3707401752471924,-0.010963428765535355,0.5097061395645142,0.3274252116680145,-0.017141027376055717,0.5112819075584412,0.29163694381713867,-0.022895585745573044,0.5326229929924011,0.4413885474205017,-0.004665755666792393,0.5304381847381592,0.3649492561817169,-0.010964158922433853,0.529120922088623,0.3167695701122284,-0.01705029420554638,0.5276399254798889,0.2762824296951294,-0.021945908665657043,0.5520811676979065,0.4546326994895935,-0.007180808112025261,0.5514048337936401,0.38504520058631897,-0.014748457819223404,0.5481225252151489,0.34050559997558594,-0.021230630576610565,0.544807493686676,0.302743524312973,-0.02579626999795437,0.5709661245346069,0.4802122414112091,-0.011175593361258507,0.570669412612915,0.42706382274627686,-0.018422521650791168,0.5684370398521423,0.3926735520362854,-0.022563282400369644,0.5668733716011047,0.36273372173309326,-0.025498870760202408
23,0.3232990503311157,0.5984444618225098,2.1303959840679454e-07,0.3538316786289215,0.5678420662879944,-0.011708001606166363,0.36928465962409973,0.5116675496101379,-0.01713908277451992,0.34751060605049133,0.46506744623184204,-0.022354401648044586,0.3191944360733032,0.45306506752967834,-0.028920594602823257,0.36562860012054443,0.4293265640735626,-0.009249838069081306,0.371378093957901,0.35909345746040344,-0.01949353702366352,0.37317851185798645,0.31434568762779236,-0.029272977262735367,0.37301260232925415,0.2755776643753052,-0.03670793026685715,0.343845009803772,0.423270046710968,-0.013004080392420292,0.3514155447483063,0.34639883041381836,-0.021755531430244446,0.35477158427238464,0.2926604747772217,-0.032096751034259796,0.3561364412307739,0.24819092452526093,-0.039910368621349335,0.32273855805397034,0.4334307909011841,-0.018386922776699066,0.32893094420433044,0.3604702651500702,-0.02725106105208397,0.33301955461502075,0.3141475021839142,-0.03612188994884491,0.3356987237930298,0.2754631042480469,-0.04201297461986542,0.3001491129398346,0.4560163915157318,-0.024991843849420547,0.3056075870990753,0.4025569260120392,-0.032537590712308884,0.31035369634628296,0.36830511689186096,-0.035949479788541794,0.31503501534461975,0.3369768559932709,-0.038316842168569565,0.5318048000335693,0.6128077507019043,-2.0717786597401755e-08,0.5073280334472656,0.5765049457550049,-0.012692135758697987,0.5036623477935791,0.5123386979103088,-0.01620182953774929,0.5285957455635071,0.4752069413661957,-0.018661949783563614,0.5523115992546082,0.47122833132743835,-0.020487593486905098,0.5129947066307068,0.44301772117614746,-0.0056546456180512905,0.5106379985809326,0.37214407324790955,-0.012358986772596836,0.5106493234634399,0.3263786733150482,-0.018184948712587357,0.5116074085235596,0.2902600169181824,-0.02355572208762169,0.5338805317878723,0.4434129595756531,-0.00552770122885704,0.5315876603126526,0.36790043115615845,-0.012417372316122055,0.5298508405685425,0.3180557191371918,-0.019218115136027336,0.5282717347145081,0.2761305868625641,-0.024334877729415894,0.5530411601066589,0.4560612142086029,-0.007357847411185503,0.5511096715927124,0.3871725797653198,-0.015836002305150032,0.5473275184631348,0.340829074382782,-0.023308437317609787,0.5440530180931091,0.3020523190498352,-0.02817978337407112,0.571367621421814,0.48084601759910583,-0.010506673716008663,0.5708555579185486,0.4289216101169586,-0.018570123240351677,0.5693928003311157,0.39445561170578003,-0.023198768496513367,0.5688127875328064,0.3643926978111267,-0.026203695684671402
24,0.3240829408168793,0.5984588265419006,2.1664334326487733e-07,0.354744553565979,0.5684882402420044,-0.011185683310031891,0.370198518037796,0.5106271505355835,-0.016599874943494797,0.34944993257522583,0.4639202356338501,-0.021805550903081894,0.3205617070198059,0.4527728259563446,-0.028482189401984215,0.3659170866012573,0.4293833374977112,-0.010140322148799896,0.37117674946784973,0.359794020652771,-0.020583095028996468,0.37310078740119934,0.3142794966697693,-0.030373787507414818,0.37338995933532715,0.2747741639614105,-0.037904080003499985,0.3439730703830719,0.42301833629608154,-0.014126136898994446,0.3508237302303314,0.3454236686229706,-0.023102005943655968,0.35461103916168213,0.29142022132873535,-0.03323492780327797,0.3562529683113098,0.2469996064901352,-0.041012078523635864,0.32274961471557617,0.43293896317481995,-0.019599180668592453,0.328689306974411,0.36019617319107056,-0.028563110157847404,0.3328399062156677,0.31354740262031555,-0.037205055356025696,0.3354256749153137,0.2744610607624054,-0.043053723871707916,0.3003637492656708,0.45528411865234375,-0.026226304471492767,0.30554941296577454,0.40164345502853394,-0.03369985520839691,0.31065890192985535,0.3678210377693176,-0.03706146031618118,0.31560274958610535,0.3361899256706238,-0.03955744951963425,0.5338104367256165,0.5977107286453247,-2.2122310650019017e-09,0.5092310309410095,0.5666388273239136,-0.015820296481251717,0.5040057301521301,0.5111578702926636,-0.021439118310809135,0.5277167558670044,0.47524985671043396,-0.025388969108462334,0.5499712824821472,0.46523478627204895,-0.028879204764962196,0.5124732851982117,0.44101646542549133,-0.011012335307896137,0.509077787399292,0.3709254264831543,-0.019422397017478943,0.5094517469406128,0.32531219720840454,-0.02617291547358036,0.5105957984924316,0.28866827487945557,-0.03215505927801132,0.5334757566452026,0.44094133377075195,-0.009974771179258823,0.5308818817138672,0.3663596212863922,-0.018667368218302727,0.5292426347732544,0.3167569041252136,-0.026867659762501717,0.5278115272521973,0.2739248275756836,-0.033085282891988754,0.5525314211845398,0.4536280930042267,-0.010940490290522575,0.5506131052970886,0.38583463430404663,-0.021961797028779984,0.5469316244125366,0.3400918245315552,-0.030979102477431297,0.5437924265861511,0.30037346482276917,-0.03669358044862747,0.5701408982276917,0.47721925377845764,-0.013235379010438919,0.5707386136054993,0.427334189414978,-0.023748798295855522,0.5697615742683411,0.39520153403282166,-0.02985333278775215,0.5688735246658325,0.3658900260925293,-0.03378302976489067
25,0.3229104280471802,0.6015139818191528,2.0265309785827412e-07,0.35429176688194275,0.5707151889801025,-0.011105025187134743,0.37012696266174316,0.5116246342658997,-0.016114672645926476,0.34876537322998047,0.4634800851345062,-0.02097461186349392,0.31928902864456177,0.45278045535087585,-0.027213450521230698,0.36646074056625366,0.42845848202705383,-0.008440873585641384,0.3718075156211853,0.35817858576774597,-0.018125036731362343,0.3734637498855591,0.3135172724723816,-0.027712270617485046,0.3735153377056122,0.2747369408607483,-0.03519188240170479,0.34441837668418884,0.4219837188720703,-0.012243857607245445,0.35138607025146484,0.34529685974121094,-0.02017476223409176,0.35479897260665894,0.2919972240924835,-0.0300486758351326,0.3559100031852722,0.24833688139915466,-0.037819985300302505,0.32319843769073486,0.4320297837257385,-0.017634766176342964,0.3291272222995758,0.35983705520629883,-0.02555987238883972,0.33332276344299316,0.313929945230484,-0.03407381847500801,0.3358434736728668,0.2757992148399353,-0.04003230854868889,0.3007783889770508,0.4550868570804596,-0.024286381900310516,0.3055862784385681,0.4014020562171936,-0.030932556837797165,0.31055748462677,0.3673620820045471,-0.03414814919233322,0.31558239459991455,0.33612948656082153,-0.03668282926082611,0.5334231853485107,0.6076221466064453,-1.552086792422358e-09,0.5078471302986145,0.5745601058006287,-0.013035106472671032,0.5042973756790161,0.5104546546936035,-0.016060510650277138,0.5296579003334045,0.47511398792266846,-0.017847208306193352,0.5530793070793152,0.4728829264640808,-0.018921002745628357,0.5126867890357971,0.44246506690979004,-0.00564610818400979,0.5104894638061523,0.37193039059638977,-0.01170489564538002,0.5106695294380188,0.32645928859710693,-0.01696021668612957,0.5116252303123474,0.29076600074768066,-0.021878723055124283,0.5334423184394836,0.44247615337371826,-0.004885502625256777,0.5323904156684875,0.3679789900779724,-0.011114020831882954,0.5307284593582153,0.3187652826309204,-0.01727931946516037,0.5291941165924072,0.27790239453315735,-0.021819496527314186,0.5523768067359924,0.4545450806617737,-0.006109311245381832,0.5510013699531555,0.38711896538734436,-0.01375874038785696,0.5478847026824951,0.34062832593917847,-0.020885542035102844,0.5450038313865662,0.30200356245040894,-0.025527143850922585,0.5707727074623108,0.4780692160129547,-0.008702685125172138,0.5707945227622986,0.42769378423690796,-0.015929006040096283,0.5693460702896118,0.39418765902519226,-0.020171258598566055,0.5685971975326538,0.365038126707077,-0.022929728031158447
26,0.3229077160358429,0.5974535346031189,2.2047073855446797e-07,0.3531319499015808,0.5664464831352234,-0.011805479414761066,0.368364542722702,0.5088450312614441,-0.017205601558089256,0.3453240394592285,0.4616031348705292,-0.022414766252040863,0.31557947397232056,0.45230746269226074,-0.0287464689463377,0.36619916558265686,0.4269053041934967,-0.007968205027282238,0.3719756603240967,0.3574819564819336,-0.017766891047358513,0.3738158047199249,0.3132864236831665,-0.02739778347313404,0.37375566363334656,0.2748630940914154,-0.03480483219027519,0.3443560004234314,0.4196774363517761,-0.011453577317297459,0.35196653008461,0.34486761689186096,-0.01933053880929947,0.35542070865631104,0.29221051931381226,-0.029016494750976562,0.35658499598503113,0.24854911863803864,-0.03654178977012634,0.3232933580875397,0.42907512187957764,-0.01670091040432453,0.32952621579170227,0.35890692472457886,-0.024500837549567223,0.3335871696472168,0.31405067443847656,-0.03275439515709877,0.3358769118785858,0.2765491008758545,-0.03844626992940903,0.30076950788497925,0.4513743221759796,-0.023338813334703445,0.3056899607181549,0.39989566802978516,-0.02975408360362053,0.31039145588874817,0.3669450879096985,-0.0326937697827816,0.31512314081192017,0.33632692694664,-0.034960564225912094,0.5326259136199951,0.6129758358001709,-1.8135906998395512e-08,0.5068954229354858,0.5760940313339233,-0.013402853161096573,0.5036482214927673,0.5110957622528076,-0.01724517159163952,0.5293751955032349,0.4744529724121094,-0.020010609179735184,0.5531527996063232,0.47002530097961426,-0.022161409258842468,0.5121016502380371,0.44354671239852905,-0.007075458765029907,0.5095937252044678,0.37232697010040283,-0.014253746718168259,0.5098913908004761,0.3277429938316345,-0.020403428003191948,0.5109326243400574,0.29170429706573486,-0.025857387110590935,0.533292293548584,0.44336023926734924,-0.006711543072015047,0.5316923260688782,0.3686280846595764,-0.01375019084662199,0.5304185152053833,0.3188930153846741,-0.0204312801361084,0.5288475751876831,0.27717962861061096,-0.025442874059081078,0.5528907775878906,0.4556310772895813,-0.008381977677345276,0.5514389276504517,0.38835763931274414,-0.016516635194420815,0.5481253862380981,0.34233298897743225,-0.02397293597459793,0.5446612238883972,0.3039740324020386,-0.02889961749315262,0.5716112852096558,0.47947725653648376,-0.011507646180689335,0.5717363357543945,0.4277719259262085,-0.01902228593826294,0.5700438022613525,0.3928306996822357,-0.02357260137796402,0.568795382976532,0.36286839842796326,-0.026588192209601402
27,0.3258901536464691,0.5954484343528748,2.5281616444772226e-07,0.3556893765926361,0.5670618414878845,-0.011757285334169865,0.37081730365753174,0.5097159147262573,-0.017647454515099525,0.3494793176651001,0.4627707600593567,-0.023143401369452477,0.3194948434829712,0.45249536633491516,-0.03019857034087181,0.36591967940330505,0.42975693941116333,-0.011915377341210842,0.3711613416671753,0.360963374376297,-0.022323857992887497,0.37344294786453247,0.3157391846179962,-0.03168174996972084,0.3739474415779114,0.27672678232192993,-0.038852594792842865,0.34435051679611206,0.4234757423400879,-0.01585382968187332,0.35080909729003906,0.34460848569869995,-0.024605125188827515,0.3547407388687134,0.29054293036460876,-0.03420393913984299,0.35659682750701904,0.24785341322422028,-0.04148285463452339,0.3232947587966919,0.43362483382225037,-0.021232329308986664,0.3289727568626404,0.3596295714378357,-0.030619315803050995,0.33274954557418823,0.31222283840179443,-0.0392313189804554,0.3354358673095703,0.2741429805755615,-0.044782500714063644,0.3005025088787079,0.4565314054489136,-0.02769041620194912,0.3053762912750244,0.40208548307418823,-0.035745617002248764,0.31008416414260864,0.36825767159461975,-0.03906033933162689,0.3145354688167572,0.33767157793045044,-0.04129881039261818,0.5304818153381348,0.6103234887123108,-4.8414637632276936e-08,0.5069554448127747,0.5760106444358826,-0.013507588766515255,0.5034402012825012,0.5111560821533203,-0.01719045266509056,0.5275636911392212,0.4728025794029236,-0.01979885995388031,0.5507168173789978,0.46628984808921814,-0.02191268652677536,0.513109028339386,0.4424661695957184,-0.005530322901904583,0.5102871060371399,0.37333226203918457,-0.01223943755030632,0.5101314783096313,0.3278142213821411,-0.018275372684001923,0.5106513500213623,0.2917667627334595,-0.02401013858616352,0.5340828895568848,0.4419543445110321,-0.00533320801332593,0.5315423607826233,0.3664822578430176,-0.01256927102804184,0.5291692018508911,0.3164924085140228,-0.01981513388454914,0.5263709425926208,0.2743082344532013,-0.02537466026842594,0.5533738732337952,0.45453405380249023,-0.0072457981295883656,0.5522857308387756,0.38535550236701965,-0.01702909730374813,0.5487525463104248,0.3398463726043701,-0.02514183707535267,0.5452156066894531,0.30128568410873413,-0.030241243541240692,0.5715471506118774,0.47999563813209534,-0.010493064299225807,0.5713304877281189,0.425313264131546,-0.020091978833079338,0.5694097876548767,0.3908610939979553,-0.02547621913254261,0.5681196451187134,0.36069685220718384,-0.028885558247566223
28,0.32595205307006836,0.5943995714187622,2.3237016932853294e-07,0.3556358814239502,0.5662026405334473,-0.011480342596769333,0.37115922570228577,0.5108946561813354,-0.017550978809595108,0.3499240279197693,0.46496397256851196,-0.02331979013979435,0.32112839818000793,0.4537622928619385,-0.030626710504293442,0.3661706745624542,0.4314236640930176,-0.01198840606957674,0.37123942375183105,0.361941397190094,-0.022945499047636986,0.3732764422893524,0.316791296005249,-0.03267981857061386,0.3735743463039398,0.2781558036804199,-0.04003589227795601,0.3446055054664612,0.42536380887031555,-0.01608344353735447,0.35078415274620056,0.3465695381164551,-0.02556668221950531,0.3545418977737427,0.29259997606277466,-0.035674143582582474,0.35629215836524963,0.24961836636066437,-0.04329033941030502,0.3237232267856598,0.4350956082344055,-0.021597858518362045,0.32932811975479126,0.3605569303035736,-0.03136066719889641,0.33320415019989014,0.313345730304718,-0.04003684222698212,0.33593663573265076,0.2753073275089264,-0.04570804536342621,0.30136021971702576,0.45673462748527527,-0.02816009521484375,0.3060832917690277,0.4016847014427185,-0.03644820302724838,0.31079691648483276,0.36814481019973755,-0.039881158620119095,0.3153283894062042,0.33785170316696167,-0.04223252460360527,0.5313295125961304,0.6139221787452698,-3.9921324912484124e-08,0.5069946646690369,0.5741970539093018,-0.011800223030149937,0.5032034516334534,0.509686291217804,-0.015190277248620987,0.52886962890625,0.4730388820171356,-0.017848508432507515,0.5533726811408997,0.46913766860961914,-0.019956275820732117,0.5118509531021118,0.4415123760700226,-0.004892109427601099,0.5097118020057678,0.37027403712272644,-0.011644870974123478,0.5098165273666382,0.3264283537864685,-0.017646506428718567,0.5110471844673157,0.2906404137611389,-0.023159749805927277,0.5328419208526611,0.4420102834701538,-0.005248306784778833,0.5307675004005432,0.3663731813430786,-0.011976627632975578,0.5291615724563599,0.31809428334236145,-0.018437804654240608,0.527511477470398,0.2772101163864136,-0.023453980684280396,0.5521292090415955,0.45488250255584717,-0.007592878304421902,0.5509200692176819,0.3853665888309479,-0.01569082960486412,0.5475691556930542,0.33950456976890564,-0.02278275042772293,0.544501543045044,0.3007481098175049,-0.02757708914577961,0.570871889591217,0.4797753393650055,-0.011269357055425644,0.5707802772521973,0.4260503649711609,-0.018990211188793182,0.5691518783569336,0.39081090688705444,-0.023580854758620262,0.5684559941291809,0.3600979447364807,-0.02671251818537712
29,0.32595205307006836,0.5943995714187622,2.3237016932853294e-07,0.3556358814239502,0.5662026405334473,-0.011480342596769333,0.37115922570228577,0.5108946561813354,-0.017550978809595108,0.3499240279197693,0.46496397256851196,-0.02331979013979435,0.32112839818000793,0.4537622928619385,-0.030626710504293442,0.3661706745624542,0.4314236640930176,-0.01198840606957674,0.37123942375183105,0.361941397190094,-0.022945499047636986,0.3732764422893524,0.316791296005249,-0.03267981857061386,0.3735743463039398,0.2781558036804199,-0.04003589227795601,0.3446055054664612,0.42536380887031555,-0.01608344353735447,0.35078415274620056,0.3465695381164551,-0.02556668221950531,0.3545418977737427,0.29259997606277466,-0.035674143582582474,0.35629215836524963,0.24961836636066437,-0.04329033941030502,0.3237232267856598,0.4350956082344055,-0.021597858518362045,0.32932811975479126,0.3605569303035736,-0.03136066719889641,0.33320415019989014,0.313345730304718,-0.04003684222698212,0.33593663573265076,0.2753073275089264,-0.04570804536342621,0.30136021971702576,0.45673462748527527,-0.02816009521484375,0.3060832917690277,0.4016847014427185,-0.03644820302724838,0.31079691648483276,0.36814481019973755,-0.039881158620119095,0.3153283894062042,0.33785170316696167,-0.04223252460360527,0.5313295125961304,0.6139221787452698,-3.9921324912484124e-08,0.5069946646690369,0.5741970539093018,-0.011800223030149937,0.5032034516334534,0.509686291217804,-0.015190277248620987,0.52886962890625,0.4730388820171356,-0.017848508432507515,0.5533726811408997,0.46913766860961914,-0.019956275820732117,0.5118509531021118,0.4415123760700226,-0.004892109427601099,0.5097118020057678,0.37027403712272644,-0.011644870974123478,0.5098165273666382,0.3264283537864685,-0.017646506428718567,0.5110471844673157,0.2906404137611389,-0.023159749805927277,0.5328419208526611,0.4420102834701538,-0.005248306784778833,0.5307675004005432,0.3663731813430786,-0.011976627632975578,0.5291615724563599,0.31809428334236145,-0.018437804654240608,0.527511477470398,0.2772101163864136,-0.023453980684280396,0.5521292090415955,0.45488250255584717,-0.007592878304421902,0.5509200692176819,0.3853665888309479,-0.01569082960486412,0.5475691556930542,0.33950456976890564,-0.02278275042772293,0.544501543045044,0.3007481098175049,-0.02757708914577961,0.570871889591217,0.4797753393650055,-0.011269357055425644,0.5707802772521973,0.4260503649711609,-0.018990211188793182,0.5691518783569336,0.39081090688705444,-0.023580854758620262,0.5684559941291809,0.3600979447364807,-0.02671251818537712
30,0.32607173919677734,0.5986016988754272,2.4552790023335547e-07,0.3564637303352356,0.5682131052017212,-0.0113654974848032,0.3712107241153717,0.5107390880584717,-0.017308464273810387,0.35075345635414124,0.46553781628608704,-0.02298858016729355,0.3216552138328552,0.45602917671203613,-0.030163783580064774,0.3657136559486389,0.4332813322544098,-0.012083955109119415,0.37118226289749146,0.36208510398864746,-0.023056769743561745,0.37358343601226807,0.3158143162727356,-0.03277766704559326,0.37405136227607727,0.27627813816070557,-0.04008494317531586,0.34432080388069153,0.42742258310317993,-0.016279080882668495,0.3505973219871521,0.3473341763019562,-0.025660589337348938,0.35477811098098755,0.2919243574142456,-0.03569077327847481,0.35673657059669495,0.24826285243034363,-0.043210022151470184,0.32339906692504883,0.43716031312942505,-0.02188340201973915,0.3290373980998993,0.36101940274238586,-0.03141799941658974,0.33298492431640625,0.312411367893219,-0.04027491807937622,0.33562034368515015,0.2735738754272461,-0.04601771757006645,0.30098655819892883,0.45909374952316284,-0.028540855273604393,0.30527517199516296,0.40277981758117676,-0.03668181970715523,0.3098785877227783,0.3679185211658478,-0.04025346413254738,0.3142373859882355,0.3365694284439087,-0.04264909401535988,0.5316827297210693,0.6162713170051575,-6.00294924879563e-08,0.5079143047332764,0.5761926770210266,-0.010820885188877583,0.5033522248268127,0.5078650712966919,-0.013412659987807274,0.5283573865890503,0.4684044420719147,-0.015740644186735153,0.5531113147735596,0.4648670554161072,-0.017595628276467323,0.5124983191490173,0.4384661912918091,-0.0026586211752146482,0.5098735690116882,0.36777403950691223,-0.008815675973892212,0.5098761320114136,0.3246062099933624,-0.014616090804338455,0.5115160346031189,0.2895592749118805,-0.020162591710686684,0.5331132411956787,0.4379989504814148,-0.003439301857724786,0.5307502746582031,0.36141905188560486,-0.009402144700288773,0.5295523405075073,0.31395745277404785,-0.015287216752767563,0.5280846953392029,0.27482283115386963,-0.02007663995027542,0.5525994300842285,0.4508039951324463,-0.006302937865257263,0.551527202129364,0.3816720247268677,-0.013984317891299725,0.5484512448310852,0.33756983280181885,-0.020581256598234177,0.5454370379447937,0.3008515238761902,-0.025195304304361343,0.5718687772750854,0.47608959674835205,-0.010540622286498547,0.571429431438446,0.4228608012199402,-0.018287640064954758,0.56929612159729,0.38885337114334106,-0.022795937955379486,0.5680487155914307,0.35912975668907166,-0.025960830971598625
31,0.3255985975265503,0.5964858531951904,2.5176720441777434e-07,0.35567572712898254,0.5675987601280212,-0.01170563418418169,0.37077000737190247,0.5096345543861389,-0.017673328518867493,0.34955915808677673,0.4633711576461792,-0.023361455649137497,0.3193519115447998,0.4552878141403198,-0.030536994338035583,0.36567291617393494,0.4300355613231659,-0.011704443022608757,0.37110182642936707,0.36046427488327026,-0.022373389452695847,0.37356340885162354,0.3150172829627991,-0.03197935223579407,0.37410134077072144,0.27628928422927856,-0.0393286868929863,0.34431222081184387,0.4242537319660187,-0.015785682946443558,0.3505658209323883,0.34558847546577454,-0.024868600070476532,0.35465505719184875,0.2911931872367859,-0.03475886583328247,0.3563908636569977,0.24834389984607697,-0.042218275368213654,0.32345080375671387,0.43464598059654236,-0.021351691335439682,0.3290137052536011,0.35988834500312805,-0.03094247728586197,0.3328617811203003,0.3117751479148865,-0.03990284353494644,0.3353518545627594,0.2729576826095581,-0.04573127254843712,0.30082011222839355,0.4574921727180481,-0.028012439608573914,0.30520403385162354,0.40286022424697876,-0.03642449527978897,0.30963629484176636,0.3686046600341797,-0.04017750546336174,0.3135729134082794,0.3373429775238037,-0.04272201284766197,0.5324605107307434,0.6158450841903687,-4.1220971525035566e-08,0.5073559284210205,0.5756407380104065,-0.011671306565403938,0.502691924571991,0.5069530606269836,-0.014620499685406685,0.5272659659385681,0.46864053606987,-0.016992079094052315,0.5512897372245789,0.4675750434398651,-0.018708519637584686,0.5119842290878296,0.4385169744491577,-0.004098799079656601,0.5095012784004211,0.3686215877532959,-0.010419612750411034,0.5093027353286743,0.3250545263290405,-0.016377437859773636,0.51020348072052,0.2894827425479889,-0.021977610886096954,0.5326088070869446,0.43783676624298096,-0.0043946197256445885,0.53022301197052,0.36350521445274353,-0.010514489375054836,0.528830349445343,0.3159646987915039,-0.01643948070704937,0.5270524621009827,0.2760239839553833,-0.021158793941140175,0.5519303679466248,0.45020928978919983,-0.006753504276275635,0.5504422783851624,0.38207879662513733,-0.013908312655985355,0.5479366183280945,0.33668601512908936,-0.02056930959224701,0.5447561144828796,0.29921379685401917,-0.025311635807156563,0.5711318254470825,0.47490042448043823,-0.010583240538835526,0.5711913108825684,0.42344796657562256,-0.01730915904045105,0.5696387887001038,0.38911354541778564,-0.021435635164380074,0.5681018829345703,0.3597418963909149,-0.024460967630147934
32,0.3255985975265503,0.5964858531951904,2.5176720441777434e-07,0.35567572712898254,0.5675987601280212,-0.01170563418418169,0.37077000737190247,0.5096345543861389,-0.017673328518867493,0.34955915808677673,0.4633711576461792,-0.023361455649137497,0.3193519115447998,0.4552878141403198,-0.030536994338035583,0.36567291617393494,0.4300355613231659,-0.011704443022608757,0.37110182642936707,0.36046427488327026,-0.022373389452695847,0.37356340885162354,0.3150172829627991,-0.03197935223579407,0.37410134077072144,0.27628928422927856,-0.0393286868929863,0.34431222081184387,0.4242537319660187,-0.015785682946443558,0.3505658209323883,0.34558847546577454,-0.024868600070476532,0.35465505719184875,0.2911931872367859,-0.03475886583328247,0.3563908636569977,0.24834389984607697,-0.042218275368213654,0.32345080375671387,0.43464598059654236,-0.021351691335439682,0.3290137052536011,0.35988834500312805,-0.03094247728586197,0.3328617811203003,0.3117751479148865,-0.03990284353494644,0.3353518545627594,0.2729576826095581,-0.04573127254843712,0.30082011222839355,0.4574921727180481,-0.028012439608573914,0.30520403385162354,0.40286022424697876,-0.03642449527978897,0.30963629484176636,0.3686046600341797,-0.04017750546336174,0.3135729134082794,0.3373429775238037,-0.04272201284766197,0.5324605107307434,0.6158450841903687,-4.1220971525035566e-08,0.5073559284210205,0.5756407380104065,-0.011671306565403938,0.502691924571991,0.5069530606269836,-0.014620499685406685,0.5272659659385681,0.46864053606987,-0.016992079094052315,0.5512897372245789,0.4675750434398651,-0.018708519637584686,0.5119842290878296,0.4385169744491577,-0.004098799079656601,0.5095012784004211,0.3686215877532959,-0.010419612750411034,0.5093027353286743,0.3250545263290405,-0.016377437859773636,0.51020348072052,0.2894827425479889,-0.021977610886096954,0.5326088070869446,0.43783676624298096,-0.0043946197256445885,0.53022301197052,0.36350521445274353,-0.010514489375054836,0.528830349445343,0.3159646987915039,-0.01643948070704937,0.5270524621009827,0.2760239839553833,-0.021158793941140175,0.5519303679466248,0.45020928978919983,-0.006753504276275635,0.5504422783851624,0.38207879662513733,-0.013908312655985355,0.5479366183280945,0.33668601512908936,-0.02056930959224701,0.5447561144828796,0.29921379685401917,-0.025311635807156563,0.5711318254470825,0.47490042448043823,-0.010583240538835526,0.5711913108825684,0.42344796657562256,-0.01730915904045105,0.5696387887001038,0.38911354541778564,-0.021435635164380074,0.5681018829345703,0.3597418963909149,-0.024460967630147934
33,0.32626745104789734,0.5940275192260742,2.7211970632379234e-07,0.3551538586616516,0.5695706605911255,-0.012569143436849117,0.3703368902206421,0.5120104551315308,-0.01828720048069954,0.3500162661075592,0.4637438654899597,-0.02333177998661995,0.32057327032089233,0.4545588493347168,-0.029742907732725143,0.36519888043403625,0.4318705201148987,-0.01323823444545269,0.37084323167800903,0.3625112473964691,-0.024018628522753716,0.37370535731315613,0.3168998956680298,-0.03333542123436928,0.37400203943252563,0.27746984362602234,-0.04033792018890381,0.3438585698604584,0.4256191849708557,-0.01665104739367962,0.3511325716972351,0.34809228777885437,-0.025948230177164078,0.35555529594421387,0.29340553283691406,-0.03595990315079689,0.35732460021972656,0.24920202791690826,-0.04326346516609192,0.32312846183776855,0.4352518916130066,-0.021489150822162628,0.3282889723777771,0.3623107671737671,-0.03151703253388405,0.3328421711921692,0.31309646368026733,-0.04126487299799919,0.33578699827194214,0.27274996042251587,-0.047395139932632446,0.30060386657714844,0.456659734249115,-0.02738676592707634,0.3056209981441498,0.4028042256832123,-0.036389078944921494,0.3104064464569092,0.36797869205474854,-0.040914446115493774,0.31433963775634766,0.33691394329071045,-0.043820105493068695,0.5315009355545044,0.615632176399231,-4.565688627167219e-08,0.5066015124320984,0.5736014246940613,-0.011552728712558746,0.5019525289535522,0.5054522156715393,-0.014951063320040703,0.5270591974258423,0.46756500005722046,-0.017902547493577003,0.5513315796852112,0.46500834822654724,-0.020253723487257957,0.5114219188690186,0.4387270510196686,-0.0052123297937214375,0.5092875957489014,0.36792296171188354,-0.012199473567306995,0.5094401240348816,0.32431232929229736,-0.018409112468361855,0.5109007358551025,0.2882385849952698,-0.02411799505352974,0.5325706005096436,0.4383002519607544,-0.005813851021230221,0.5307499766349792,0.36294084787368774,-0.012353944592177868,0.5297597646713257,0.3149135112762451,-0.01823442615568638,0.5286761522293091,0.27436304092407227,-0.022957567125558853,0.5520649552345276,0.45121148228645325,-0.008418209850788116,0.5515180826187134,0.38284653425216675,-0.015783393755555153,0.5482906699180603,0.33796191215515137,-0.02194778248667717,0.5450132489204407,0.3001062273979187,-0.026389949023723602,0.5713690519332886,0.4759451448917389,-0.012503168545663357,0.5715911388397217,0.4245751202106476,-0.019310714676976204,0.5696162581443787,0.38967984914779663,-0.02321118675172329,0.5680099129676819,0.3594789505004883,-0.02607688307762146
34,0.32448869943618774,0.594596803188324,2.690875362532097e-07,0.35441485047340393,0.5698983669281006,-0.012540185824036598,0.37005212903022766,0.5119990110397339,-0.01820301078259945,0.3493741452693939,0.46374404430389404,-0.023388933390378952,0.31938084959983826,0.4535299241542816,-0.029896395280957222,0.36484217643737793,0.4298926591873169,-0.011313104070723057,0.3700121343135834,0.3613017499446869,-0.02166113629937172,0.3727538287639618,0.3160213232040405,-0.031021276488900185,0.373701274394989,0.2768619954586029,-0.03827323019504547,0.34367072582244873,0.42316803336143494,-0.014952660538256168,0.35010048747062683,0.3451319634914398,-0.023914387449622154,0.35478684306144714,0.2910946011543274,-0.033938731998205185,0.3573281764984131,0.24803617596626282,-0.041399452835321426,0.3228594660758972,0.4328838288784027,-0.020201629027724266,0.32841482758522034,0.35898852348327637,-0.030520109459757805,0.3326599597930908,0.3105611205101013,-0.04032018780708313,0.33546996116638184,0.27104029059410095,-0.04643649235367775,0.29996877908706665,0.4554234445095062,-0.02654426172375679,0.30515581369400024,0.4018716812133789,-0.03584780916571617,0.30961233377456665,0.36809465289115906,-0.040278881788253784,0.31315121054649353,0.337435781955719,-0.04312874376773834,0.5318038463592529,0.6141268014907837,-5.446580075840757e-08,0.5066490769386292,0.5727102756500244,-0.012049030512571335,0.5020436644554138,0.5057134628295898,-0.015244605019688606,0.5276107788085938,0.46702858805656433,-0.017931153997778893,0.5520084500312805,0.46368882060050964,-0.020029723644256592,0.5120622515678406,0.4371975064277649,-0.004048526287078857,0.509297788143158,0.3667851984500885,-0.010567917488515377,0.5092272162437439,0.3236240744590759,-0.016643166542053223,0.5108463764190674,0.2880490720272064,-0.022362394258379936,0.5331957936286926,0.436376690864563,-0.004317456856369972,0.5309002995491028,0.36052244901657104,-0.010551219806075096,0.5296730995178223,0.31271666288375854,-0.01645676977932453,0.5284385681152344,0.272951602935791,-0.021237589418888092,0.5525098443031311,0.4490318298339844,-0.006744407117366791,0.552006185054779,0.3809674084186554,-0.014493302442133427,0.5484122037887573,0.3371579349040985,-0.021047942340373993,0.5448740124702454,0.3001432418823242,-0.02564626932144165,0.5713503956794739,0.4740917682647705,-0.010660923086106777,0.5713396072387695,0.42235317826271057,-0.01803664118051529,0.5691675543785095,0.38852906227111816,-0.022369492799043655,0.5675923824310303,0.35889071226119995,-0.02549341320991516
35,0.3246099054813385,0.5920349359512329,2.8183546874060994e-07,0.35401174426078796,0.5686101913452148,-0.012967549264431,0.3689062297344208,0.51058429479599,-0.018451198935508728,0.3475252687931061,0.46227043867111206,-0.02331966534256935,0.3175789713859558,0.45247700810432434,-0.029351986944675446,0.3647487461566925,0.4281505048274994,-0.010572467930614948,0.36995887756347656,0.36059683561325073,-0.020654693245887756,0.37298452854156494,0.315437376499176,-0.029843522235751152,0.3735617995262146,0.27677905559539795,-0.03698829188942909,0.3434236943721771,0.42118948698043823,-0.01385679841041565,0.34981268644332886,0.3457258343696594,-0.022478997707366943,0.35433799028396606,0.29280734062194824,-0.03239983692765236,0.3564666211605072,0.2507203221321106,-0.03976177051663399,0.3225541412830353,0.4310232698917389,-0.018899381160736084,0.32754436135292053,0.3596983551979065,-0.02908128686249256,0.3319372534751892,0.3124401569366455,-0.03913893178105354,0.33509472012519836,0.2733810842037201,-0.04541464149951935,0.2996211051940918,0.4538411498069763,-0.025089561939239502,0.3046981990337372,0.40233084559440613,-0.03448084741830826,0.309445858001709,0.368840754032135,-0.03938370198011398,0.313563734292984,0.33814916014671326,-0.042573895305395126,0.5305578708648682,0.6165696978569031,-6.79613663123746e-08,0.5066398978233337,0.5753341317176819,-0.010955472476780415,0.5030821561813354,0.5060675144195557,-0.01337849535048008,0.5281470417976379,0.4675951600074768,-0.015571651980280876,0.5523850321769714,0.4653298854827881,-0.017266567796468735,0.5124281048774719,0.43746039271354675,-0.002203581854701042,0.5097057223320007,0.36794739961624146,-0.008278516121208668,0.5095685720443726,0.3248561918735504,-0.014225328341126442,0.5109169483184814,0.28951168060302734,-0.01995428279042244,0.5330865383148193,0.4367891550064087,-0.0029455467592924833,0.5304893851280212,0.3612825572490692,-0.008651486597955227,0.5288373231887817,0.31391698122024536,-0.014385292306542397,0.5266927480697632,0.2743595838546753,-0.01913941092789173,0.5523773431777954,0.4495958387851715,-0.0058457693085074425,0.5514143109321594,0.38083434104919434,-0.013107444159686565,0.5483989715576172,0.33659180998802185,-0.019345879554748535,0.5451921820640564,0.2993674874305725,-0.0238508190959692,0.5713974833488464,0.47492972016334534,-0.010202992707490921,0.5713077187538147,0.4219665825366974,-0.017351342365145683,0.5692294239997864,0.3880418837070465,-0.021364081650972366,0.5677379369735718,0.358318030834198,-0.024296656250953674
36,0.3246099054813385,0.5920349359512329,2.8183546874060994e-07,0.35401174426078796,0.5686101913452148,-0.012967549264431,0.3689062297344208,0.51058429479599,-0.018451198935508728,0.3475252687931061,0.46227043867111206,-0.02331966534256935,0.3175789713859558,0.45247700810432434,-0.029351986944675446,0.3647487461566925,0.4281505048274994,-0.010572467930614948,0.36995887756347656,0.36059683561325073,-0.020654693245887756,0.37298452854156494,0.315437376499176,-0.029843522235751152,0.3735617995262146,0.27677905559539795,-0.03698829188942909,0.3434236943721771,0.42118948698043823,-0.01385679841041565,0.34981268644332886,0.3457258343696594,-0.022478997707366943,0.35433799028396606,0.29280734062194824,-0.03239983692765236,0.3564666211605072,0.2507203221321106,-0.03976177051663399,0.3225541412830353,0.4310232698917389,-0.018899381160736084,0.32754436135292053,0.3596983551979065,-0.02908128686249256,0.3319372534751892,0.3124401569366455,-0.03913893178105354,0.33509472012519836,0.2733810842037201,-0.04541464149951935,0.2996211051940918,0.4538411498069763,-0.025089561939239502,0.3046981990337372,0.40233084559440613,-0.03448084741830826,0.309445858001709,0.368840754032135,-0.03938370198011398,0.313563734292984,0.33814916014671326,-0.042573895305395126,0.5305578708648682,0.6165696978569031,-6.79613663123746e-08,0.5066398978233337,0.5753341317176819,-0.010955472476780415,0.5030821561813354,0.5060675144195557,-0.01337849535048008,0.5281470417976379,0.4675951600074768,-0.015571651980280876,0.5523850321769714,0.4653298854827881,-0.017266567796468735,0.5124281048774719,0.43746039271354675,-0.002203581854701042,0.5097057223320007,0.36794739961624146,-0.008278516121208668,0.5095685720443726,0.3248561918735504,-0.014225328341126442,0.5109169483184814,0.28951168060302734,-0.01995428279042244,0.5330865383148193,0.4367891550064087,-0.0029455467592924833,0.5304893851280212,0.3612825572490692,-0.008651486597955227,0.5288373231887817,0.31391698122024536,-0.014385292306542397,0.5266927480697632,0.2743595838546753,-0.01913941092789173,0.5523773431777954,0.4495958387851715,-0.0058457693085074425,0.5514143109321594,0.38083434104919434,-0.013107444159686565,0.5483989715576172,0.33659180998802185,-0.019345879554748535,0.5451921820640564,0.2993674874305725,-0.0238508190959692,0.5713974833488464,0.47492972016334534,-0.010202992707490921,0.5713077187538147,0.4219665825366974,-0.017351342365145683,0.5692294239997864,0.3880418837070465,-0.021364081650972366,0.5677379369735718,0.358318030834198,-0.024296656250953674
37,0.3222408890724182,0.5974343419075012,2.6137203690268507e-07,0.35286808013916016,0.5720278024673462,-0.012926846742630005,0.36884790658950806,0.512774646282196,-0.018143871799111366,0.3476908504962921,0.4617478549480438,-0.02278141677379608,0.3173270523548126,0.45178425312042236,-0.028535932302474976,0.3650487959384918,0.4286957383155823,-0.00952715054154396,0.37056460976600647,0.3607866168022156,-0.018779637292027473,0.37325891852378845,0.31598424911499023,-0.02764878049492836,0.3742613196372986,0.27705201506614685,-0.034720804542303085,0.3435412049293518,0.42145973443984985,-0.012620773166418076,0.35030999779701233,0.3443378210067749,-0.020440541207790375,0.3548473119735718,0.29129910469055176,-0.029907679185271263,0.3570820689201355,0.24924126267433167,-0.03712788596749306,0.3225409984588623,0.4313131868839264,-0.017470315098762512,0.3282783627510071,0.3594192564487457,-0.026787232607603073,0.3325432538986206,0.3123931288719177,-0.03607703000307083,0.335178405046463,0.27436691522598267,-0.04193602502346039,0.29954469203948975,0.4544137120246887,-0.023568062111735344,0.3048771619796753,0.4009263813495636,-0.031905416399240494,0.3092755079269409,0.3672578036785126,-0.03594106063246727,0.31269440054893494,0.3368547558784485,-0.03862965479493141,0.5297545790672302,0.6160740256309509,-5.1227434738621014e-08,0.5056368112564087,0.571632981300354,-0.011826058849692345,0.5012747645378113,0.5047820210456848,-0.015322194434702396,0.5265236496925354,0.46670961380004883,-0.01846555434167385,0.5512744784355164,0.46227341890335083,-0.020959416404366493,0.5116268396377563,0.4357151389122009,-0.003287523053586483,0.5093098282814026,0.36533719301223755,-0.009870131500065327,0.5095034837722778,0.32206419110298157,-0.016177881509065628,0.5113738775253296,0.28584128618240356,-0.02202337048947811,0.532663106918335,0.4360261857509613,-0.00379225704818964,0.5307205319404602,0.3605790138244629,-0.009981040842831135,0.5296439528465271,0.31251150369644165,-0.016075637191534042,0.528609573841095,0.27173542976379395,-0.02099447324872017,0.5520538687705994,0.44970712065696716,-0.006451751571148634,0.5516358017921448,0.3823646605014801,-0.013965876772999763,0.5482175946235657,0.33812981843948364,-0.02024451643228531,0.54496169090271,0.3003602623939514,-0.02464076317846775,0.5712786316871643,0.4755196273326874,-0.010626845061779022,0.5717464089393616,0.4237280488014221,-0.017450770363211632,0.5695689916610718,0.38969701528549194,-0.02109387144446373,0.5677140355110168,0.35997653007507324,-0.023693593218922615
38,0.32254260778427124,0.599687933921814,2.589618759429868e-07,0.3535425066947937,0.5722846984863281,-0.01285211369395256,0.3691146969795227,0.5127386450767517,-0.018234889954328537,0.34830060601234436,0.4623863697052002,-0.023119544610381126,0.3179831802845001,0.4527061879634857,-0.029182568192481995,0.3652104139328003,0.4287807047367096,-0.009257479570806026,0.3706364035606384,0.3603835999965668,-0.018876908347010612,0.37324586510658264,0.31569230556488037,-0.028162673115730286,0.3740037679672241,0.2770320773124695,-0.03550921753048897,0.3435143530368805,0.42226237058639526,-0.012531246989965439,0.3500233590602875,0.34506815671920776,-0.020762363448739052,0.3544464409351349,0.29183220863342285,-0.030643757432699203,0.35651639103889465,0.24958451092243195,-0.03818824887275696,0.32238098978996277,0.4327046871185303,-0.01763235405087471,0.3279380798339844,0.36058634519577026,-0.027274979278445244,0.3322000801563263,0.3134584128856659,-0.0369136743247509,0.33479708433151245,0.27544569969177246,-0.04303279519081116,0.299360454082489,0.4561653435230255,-0.023976262658834457,0.3046444356441498,0.40213099122047424,-0.03255363181233406,0.3093429505825043,0.36802366375923157,-0.03693180903792381,0.3133082985877991,0.33705949783325195,-0.03991549089550972,0.5313540697097778,0.6149855852127075,-3.626049149829669e-08,0.5061747431755066,0.5725827217102051,-0.012008425779640675,0.5016562938690186,0.5056521892547607,-0.01528154592961073,0.5273110866546631,0.4679245948791504,-0.01808016188442707,0.5515974164009094,0.4655586779117584,-0.020245986059308052,0.5115440487861633,0.43648916482925415,-0.00386831141076982,0.5093917846679688,0.36661264300346375,-0.010353379882872105,0.5094695687294006,0.32334768772125244,-0.016578173264861107,0.5109375715255737,0.2873764634132385,-0.022391527891159058,0.5326787829399109,0.43601635098457336,-0.004198989365249872,0.5308800339698792,0.36162084341049194,-0.010188804008066654,0.5299830436706543,0.31418725848197937,-0.016101961955428123,0.5288187265396118,0.27425822615623474,-0.0208910945802927,0.5521067976951599,0.4490007162094116,-0.0066617270931601524,0.5514749884605408,0.38192257285118103,-0.01365345623344183,0.5485485792160034,0.33865517377853394,-0.01974307931959629,0.5454077124595642,0.3020225763320923,-0.024131862446665764,0.5712896585464478,0.4739479720592499,-0.010700938291847706,0.5714902281761169,0.42297205328941345,-0.017253734171390533,0.5695489048957825,0.38936033844947815,-0.020916173234581947,0.5678892731666565,0.3602151870727539,-0.023582931607961655
39,0.32261842489242554,0.5976623892784119,2.7104377409159497e-07,0.3532821238040924,0.5722970366477966,-0.012845179066061974,0.3688323199748993,0.5128688812255859,-0.018136488273739815,0.34796491265296936,0.4626472592353821,-0.02284841611981392,0.3175874650478363,0.45393243432044983,-0.02875375933945179,0.36439719796180725,0.42881789803504944,-0.009855402633547783,0.3700547218322754,0.3607957065105438,-0.01922609843313694,0.3729780316352844,0.31571897864341736,-0.028161441907286644,0.3739863634109497,0.2765485644340515,-0.035252898931503296,0.3430982232093811,0.42216792702674866,-0.013101666234433651,0.3498547375202179,0.3445761501789093,-0.020917581394314766,0.3546445369720459,0.29119646549224854,-0.030375320464372635,0.3572237193584442,0.24854053556919098,-0.0375504232943058,0.32227006554603577,0.43247589468955994,-0.0180734284222126,0.32802557945251465,0.35976478457450867,-0.027436256408691406,0.3324945569038391,0.3120792508125305,-0.036821167916059494,0.3354659676551819,0.27315837144851685,-0.04269202798604965,0.2994171977043152,0.45612040162086487,-0.02426460012793541,0.3046391010284424,0.402140736579895,-0.03272860124707222,0.3091919422149658,0.3681108355522156,-0.036848314106464386,0.31281667947769165,0.3373030424118042,-0.03953386843204498,0.5311868190765381,0.6163938045501709,-4.5609997556539383e-08,0.5064254999160767,0.573154091835022,-0.011772447265684605,0.5021121501922607,0.5046201348304749,-0.014917096123099327,0.5274309515953064,0.4663453698158264,-0.01758062094449997,0.5516676306724548,0.46438634395599365,-0.019661331549286842,0.5108108520507812,0.4374130070209503,-0.004445661325007677,0.5089719295501709,0.36642205715179443,-0.010944281704723835,0.5093024969100952,0.3229391872882843,-0.017010536044836044,0.5109978318214417,0.2867623567581177,-0.022733071818947792,0.5321803092956543,0.43725821375846863,-0.004892271943390369,0.5305833220481873,0.36205393075942993,-0.011050648987293243,0.529617965221405,0.3138492703437805,-0.017042383551597595,0.5285522937774658,0.27300018072128296,-0.02192261628806591,0.551853358745575,0.4506480395793915,-0.007384258788079023,0.551420271396637,0.38259634375572205,-0.01468631997704506,0.5482310056686401,0.33782821893692017,-0.021220168098807335,0.5449951887130737,0.29999107122421265,-0.0259099081158638,0.5711489915847778,0.47608238458633423,-0.011359096504747868,0.5711989402770996,0.42397603392601013,-0.01826384663581848,0.56924968957901,0.38891562819480896,-0.022388068959116936,0.5677032470703125,0.35871195793151855,-0.025410247966647148
40,0.32261842489242554,0.5976623892784119,2.7104377409159497e-07,0.3532821238040924,0.5722970366477966,-0.012845179066061974,0.3688323199748993,0.5128688812255859,-0.018136488273739815,0.34796491265296936,0.4626472592353821,-0.02284841611981392,0.3175874650478363,0.45393243432044983,-0.02875375933945179,0.36439719796180725,0.42881789803504944,-0.009855402633547783,0.3700547218322754,0.3607957065105438,-0.01922609843313694,0.3729780316352844,0.31571897864341736,-0.028161441907286644,0.3739863634109497,0.2765485644340515,-0.035252898931503296,0.3430982232093811,0.42216792702674866,-0.013101666234433651,0.3498547375202179,0.3445761501789093,-0.020917581394314766,0.3546445369720459,0.29119646549224854,-0.030375320464372635,0.3572237193584442,0.24854053556919098,-0.0375504232943058,0.32227006554603577,0.43247589468955994,-0.0180734284222126,0.32802557945251465,0.35976478457450867,-0.027436256408691406,0.3324945569038391,0.3120792508125305,-0.036821167916059494,0.3354659676551819,0.27315837144851685,-0.04269202798604965,0.2994171977043152,0.45612040162086487,-0.02426460012793541,0.3046391010284424,0.402140736579895,-0.03272860124707222,0.3091919422149658,0.3681108355522156,-0.036848314106464386,0.31281667947769165,0.3373030424118042,-0.03953386843204498,0.5311868190765381,0.6163938045501709,-4.5609997556539383e-08,0.5064254999160767,0.573154091835022,-0.011772447265684605,0.5021121501922607,0.5046201348304749,-0.014917096123099327,0.5274309515953064,0.4663453698158264,-0.01758062094449997,0.5516676306724548,0.46438634395599365,-0.019661331549286842,0.5108108520507812,0.4374130070209503,-0.004445661325007677,0.5089719295501709,0.36642205715179443,-0.010944281704723835,0.5093024969100952,0.3229391872882843,-0.017010536044836044,0.5109978318214417,0.2867623567581177,-0.022733071818947792,0.5321803092956543,0.43725821375846863,-0.004892271943390369,0.5305833220481873,0.36205393075942993,-0.011050648987293243,0.529617965221405,0.3138492703437805,-0.017042383551597595,0.5285522937774658,0.27300018072128296,-0.02192261628806591,0.551853358745575,0.4506480395793915,-0.007384258788079023,0.551420271396637,0.38259634375572205,-0.01468631997704506,0.5482310056686401,0.33782821893692017,-0.021220168098807335,0.5449951887130737,0.29999107122421265,-0.0259099081158638,0.5711489915847778,0.47608238458633423,-0.011359096504747868,0.5711989402770996,0.42397603392601013,-0.01826384663581848,0.56924968957901,0.38891562819480896,-0.022388068959116936,0.5677032470703125,0.35871195793151855,-0.025410247966647148
