frame,feature_0,feature_1,feature_2,feature_3,feature_4,feature_5,feature_6,feature_7,feature_8,feature_9,feature_10,feature_11,feature_12,feature_13,feature_14,feature_15,feature_16,feature_17,feature_18,feature_19,feature_20,feature_21,feature_22,feature_23,feature_24,feature_25,feature_26,feature_27,feature_28,feature_29,feature_30,feature_31,feature_32,feature_33,feature_34,feature_35,feature_36,feature_37,feature_38,feature_39,feature_40,feature_41,feature_42,feature_43,feature_44,feature_45,feature_46,feature_47,feature_48,feature_49,feature_50,feature_51,feature_52,feature_53,feature_54,feature_55,feature_56,feature_57,feature_58,feature_59,feature_60,feature_61,feature_62,feature_63,feature_64,feature_65,feature_66,feature_67,feature_68,feature_69,feature_70,feature_71,feature_72,feature_73,feature_74,feature_75,feature_76,feature_77,feature_78,feature_79,feature_80,feature_81,feature_82,feature_83,feature_84,feature_85,feature_86,feature_87,feature_88,feature_89,feature_90,feature_91,feature_92,feature_93,feature_94,feature_95,feature_96,feature_97,feature_98,feature_99,feature_100,feature_101,feature_102,feature_103,feature_104,feature_105,feature_106,feature_107,feature_108,feature_109,feature_110,feature_111,feature_112,feature_113,feature_114,feature_115,feature_116,feature_117,feature_118,feature_119,feature_120,feature_121,feature_122,feature_123,feature_124,feature_125
1,0.41828620433807373,0.7524428367614746,5.519230583672652e-08,0.4431957006454468,0.7071752548217773,-0.005924807395786047,0.4488394856452942,0.645489513874054,-0.009811143390834332,0.4434700012207031,0.6024728417396545,-0.014976594597101212,0.4384019076824188,0.5732418894767761,-0.01978873647749424,0.4207400381565094,0.5930240154266357,-0.008355313912034035,0.4068213701248169,0.5336811542510986,-0.019342873245477676,0.4020199179649353,0.4950908422470093,-0.027107328176498413,0.39866161346435547,0.462770015001297,-0.03261542320251465,0.40628162026405334,0.6063727736473083,-0.01234632171690464,0.42226555943489075,0.5843786597251892,-0.02738664485514164,0.43702566623687744,0.6236404776573181,-0.03244762122631073,0.4410759508609772,0.6531512141227722,-0.03341727331280708,0.39474016427993774,0.6279895305633545,-0.017155516892671585,0.4151153266429901,0.6071332097053528,-0.03310594707727432,0.43000951409339905,0.6444491147994995,-0.03166211396455765,0.4322762191295624,0.6706207394599915,-0.027011575177311897,0.3846393823623657,0.6545447111129761,-0.022442445158958435,0.4032841622829437,0.6344085335731506,-0.033386021852493286,0.41707533597946167,0.6573289036750793,-0.030710851773619652,0.4194751977920532,0.6770733594894409,-0.02623259462416172,0.7814620733261108,0.7875708937644958,-3.406314590392867e-07,0.7725899815559387,0.7232773900032043,-0.012362351641058922,0.7736034393310547,0.6519308090209961,-0.022106142714619637,0.7841941714286804,0.6102843284606934,-0.032382696866989136,0.8015822172164917,0.600150465965271,-0.04181176796555519,0.8300323486328125,0.6277434825897217,-0.012188856489956379,0.8378440737724304,0.5626673698425293,-0.028153810650110245,0.8413127064704895,0.517708957195282,-0.039849549531936646,0.8449843525886536,0.4829927086830139,-0.04780760779976845,0.8470318913459778,0.656376838684082,-0.013340123929083347,0.814186155796051,0.619071900844574,-0.03261137008666992,0.7913568615913391,0.6543850302696228,-0.03887391835451126,0.7830225825309753,0.686226487159729,-0.03983280435204506,0.8547531366348267,0.6896827816963196,-0.016305556520819664,0.8155578970909119,0.6556664109230042,-0.031566545367240906,0.7973520159721375,0.6870605945587158,-0.027969326823949814,0.7913613319396973,0.7136681079864502,-0.022762665525078773,0.8561381101608276,0.7245604395866394,-0.021279608830809593,0.8240162134170532,0.6917815208435059,-0.03195662796497345,0.8068751692771912,0.7112333178520203,-0.02930435910820961,0.8016394376754761,0.7323611974716187,-0.02436821348965168
2,0.4180433750152588,0.7409273386001587,1.3703614243354423e-08,0.4436822831630707,0.69575035572052,-0.002748816506937146,0.4507637023925781,0.6369982361793518,-0.004752878565341234,0.44929397106170654,0.5939271450042725,-0.008746393024921417,0.4461694657802582,0.5648033618927002,-0.012693137861788273,0.4249730706214905,0.5854790806770325,-0.005439380649477243,0.4132629632949829,0.523489773273468,-0.015215263701975346,0.4093250036239624,0.48449212312698364,-0.02211260050535202,0.406791090965271,0.4524999260902405,-0.026928232982754707,0.4118190109729767,0.5954235792160034,-0.010798085480928421,0.42836225032806396,0.5732133388519287,-0.024908732622861862,0.4402652680873871,0.6104977130889893,-0.030088789761066437,0.44299811124801636,0.641364336013794,-0.031040558591485023,0.40161821246147156,0.6143231391906738,-0.016655288636684418,0.42086732387542725,0.5948590040206909,-0.03154318034648895,0.43464991450309753,0.6322337985038757,-0.03134549781680107,0.4381980299949646,0.6611112952232361,-0.027624616399407387,0.39287248253822327,0.6379055380821228,-0.022720545530319214,0.40925636887550354,0.6172252297401428,-0.032813623547554016,0.42226046323776245,0.6401426792144775,-0.030946627259254456,0.42603349685668945,0.6628885865211487,-0.027173619717359543,0.7783092856407166,0.7767800688743591,-3.4604380516611855e-07,0.7689120769500732,0.7103016972541809,-0.012388717383146286,0.7697697877883911,0.639865517616272,-0.021764462813735008,0.7808781862258911,0.5970908403396606,-0.03163331001996994,0.7986831665039062,0.5851514935493469,-0.04057931900024414,0.8268516659736633,0.615088164806366,-0.010779830627143383,0.8335921764373779,0.5484696626663208,-0.026851888746023178,0.8366705179214478,0.5043758153915405,-0.03850038722157478,0.8403451442718506,0.4694969654083252,-0.046555932611227036,0.8435479998588562,0.642711341381073,-0.012135149911046028,0.8111748695373535,0.6006409525871277,-0.03231059014797211,0.7880975604057312,0.6377331614494324,-0.03857755661010742,0.7797409892082214,0.6701775789260864,-0.03910011425614357,0.8511948585510254,0.6749063730239868,-0.015472600236535072,0.8111892938613892,0.6388832926750183,-0.03163068741559982,0.7929462790489197,0.6727504134178162,-0.02789229340851307,0.7874322533607483,0.6999648213386536,-0.02218349650502205,0.8518076539039612,0.7089511156082153,-0.020838014781475067,0.8181336522102356,0.6760516166687012,-0.032181039452552795,0.80096036195755,0.6964445114135742,-0.029916785657405853,0.7962248921394348,0.7170710563659668,-0.02505449950695038
3,0.4317081868648529,0.7418521046638489,4.1360891600561445e-08,0.4554581046104431,0.6953961849212646,-0.0069222645834088326,0.4602091908454895,0.6319646835327148,-0.011292878538370132,0.45493578910827637,0.5856005549430847,-0.016631316393613815,0.44669458270072937,0.5551942586898804,-0.021520458161830902,0.4289756417274475,0.5812647342681885,-0.009543387219309807,0.4189850986003876,0.5222597122192383,-0.020676393061876297,0.41620492935180664,0.4838186502456665,-0.027677437290549278,0.415366530418396,0.45086923241615295,-0.032742589712142944,0.4140205681324005,0.5928129553794861,-0.013341936282813549,0.4335165321826935,0.5721291303634644,-0.029900934547185898,0.44808298349380493,0.6137441396713257,-0.03412919491529465,0.4527619779109955,0.6446265578269958,-0.033882688730955124,0.4032817780971527,0.6136147379875183,-0.018075745552778244,0.42668893933296204,0.5982393026351929,-0.03542674705386162,0.44080495834350586,0.6388400793075562,-0.03317198529839516,0.44410470128059387,0.666826069355011,-0.027401549741625786,0.39622142910957336,0.6412091851234436,-0.02344808168709278,0.41595354676246643,0.6194145679473877,-0.035217177122831345,0.4299585521221161,0.6449611186981201,-0.03241468593478203,0.4340917766094208,0.668853759765625,-0.02754449099302292,0.7734380960464478,0.7699487805366516,-3.6966287098039174e-07,0.7647191882133484,0.7084959745407104,-0.01154361292719841,0.7668787837028503,0.6420690417289734,-0.020495211705565453,0.7767813205718994,0.5972427129745483,-0.030004382133483887,0.7942692041397095,0.5815257430076599,-0.03877867013216019,0.8224902153015137,0.6146345734596252,-0.010335702449083328,0.8285555839538574,0.5455073714256287,-0.02580060437321663,0.8308460116386414,0.5016450881958008,-0.0365312285721302,0.8341221213340759,0.46815556287765503,-0.044082120060920715,0.8390293717384338,0.6411531567573547,-0.012123927474021912,0.8071702122688293,0.5993053317070007,-0.0336400642991066,0.7835844159126282,0.6367928981781006,-0.03985067084431648,0.7747014164924622,0.6695667505264282,-0.03976980224251747,0.8466994762420654,0.6735044717788696,-0.01572715863585472,0.8078939318656921,0.6364468932151794,-0.033592600375413895,0.7892429828643799,0.6725605130195618,-0.029667342081665993,0.7835296988487244,0.701160192489624,-0.023117629811167717,0.8470804691314697,0.7084861397743225,-0.021102869883179665,0.8151689171791077,0.6733018755912781,-0.033814165741205215,0.7979098558425903,0.695320725440979,-0.03156191483139992,0.7927600741386414,0.7173652648925781,-0.026322392746806145
4,0.4281465411186218,0.7495493292808533,4.973686884568451e-08,0.45560622215270996,0.7026882767677307,-0.00588816637173295,0.46170926094055176,0.6394410729408264,-0.010002131573855877,0.45735156536102295,0.5931711196899414,-0.015126620419323444,0.45003342628479004,0.5618709921836853,-0.019745346158742905,0.4292360246181488,0.5888306498527527,-0.010038167238235474,0.41976356506347656,0.5293402075767517,-0.02208610437810421,0.4178634285926819,0.49181118607521057,-0.02968696504831314,0.41700342297554016,0.45965123176574707,-0.03502809628844261,0.41451606154441833,0.5994194149971008,-0.014774663373827934,0.4370099604129791,0.5766920447349548,-0.03062910959124565,0.4513760209083557,0.6188451051712036,-0.03451821953058243,0.45482438802719116,0.6489673256874084,-0.03444834426045418,0.4041730761528015,0.6193733215332031,-0.020450616255402565,0.43110671639442444,0.6012264490127563,-0.037474002689123154,0.4452873766422272,0.6437286138534546,-0.03482265770435333,0.44752994179725647,0.6699630618095398,-0.029130324721336365,0.39768093824386597,0.6468691825866699,-0.02667870931327343,0.42044007778167725,0.6268751621246338,-0.03810720518231392,0.43369442224502563,0.6535475254058838,-0.03477947786450386,0.4353330731391907,0.6754648685455322,-0.0297918189316988,0.7723703980445862,0.7697495222091675,-3.629532159266091e-07,0.7636476755142212,0.7096419930458069,-0.01262656133621931,0.7649508118629456,0.6432116031646729,-0.022308403626084328,0.7753289937973022,0.5998761057853699,-0.032274216413497925,0.7930980920791626,0.5836752653121948,-0.04141329601407051,0.8219781517982483,0.6163939237594604,-0.012586143799126148,0.8286561369895935,0.5487036108970642,-0.029554300010204315,0.8307834267616272,0.5059281587600708,-0.04129137098789215,0.8338334560394287,0.47166645526885986,-0.049440544098615646,0.8383224606513977,0.6434320211410522,-0.013954167254269123,0.805857241153717,0.5982680320739746,-0.035482991486787796,0.7815985679626465,0.6362684965133667,-0.04119197651743889,0.773239254951477,0.6683498024940491,-0.04109998419880867,0.8454336524009705,0.6755434274673462,-0.0173519067466259,0.8058498501777649,0.6361639499664307,-0.03560003638267517,0.7867549657821655,0.6731682419776917,-0.03122611902654171,0.7817394733428955,0.7016069889068604,-0.024610532447695732,0.8452010750770569,0.7101547122001648,-0.022635245695710182,0.8124896287918091,0.6740943789482117,-0.03629147633910179,0.7944051623344421,0.6961655616760254,-0.03417573496699333,0.7892312407493591,0.7176271080970764,-0.029038511216640472
5,0.43329477310180664,0.7483717203140259,5.26800114641901e-08,0.45858246088027954,0.6994757056236267,-0.005675285588949919,0.46287935972213745,0.6358968615531921,-0.010190834291279316,0.4570266008377075,0.5911850929260254,-0.015782689675688744,0.45181941986083984,0.5602160096168518,-0.020835723727941513,0.42915070056915283,0.584915816783905,-0.010178977623581886,0.4198744595050812,0.5268498063087463,-0.022059476003050804,0.41826173663139343,0.4891016185283661,-0.029857778921723366,0.4175436198711395,0.4571607708930969,-0.03523457050323486,0.4141692817211151,0.5970136523246765,-0.014676433056592941,0.43978381156921387,0.5764803886413574,-0.030304988846182823,0.4547097086906433,0.6173563003540039,-0.03419870883226395,0.4575112462043762,0.6469697952270508,-0.0340883694589138,0.4043925404548645,0.6186819672584534,-0.019983598962426186,0.4341650903224945,0.6012571454048157,-0.03644784539937973,0.4484134614467621,0.6427983641624451,-0.03314466401934624,0.4496484100818634,0.6698876619338989,-0.027014663442969322,0.39886587858200073,0.6473997235298157,-0.025859758257865906,0.4238288104534149,0.6268512010574341,-0.036686480045318604,0.4378797709941864,0.6530967950820923,-0.032600026577711105,0.43967267870903015,0.6755713820457458,-0.02698977291584015,0.7701897621154785,0.7632474303245544,-3.518786115819239e-07,0.7612431645393372,0.7017052173614502,-0.010923045687377453,0.7637888789176941,0.6358270049095154,-0.01912616938352585,0.7753426432609558,0.5913650393486023,-0.027861401438713074,0.7929678559303284,0.577359676361084,-0.03586766868829727,0.8187152743339539,0.6137464046478271,-0.00905840378254652,0.8260056376457214,0.5456759929656982,-0.023750662803649902,0.8291411399841309,0.5020691156387329,-0.034198738634586334,0.8329930305480957,0.4693927764892578,-0.04168207570910454,0.83479243516922,0.6399961113929749,-0.010667541064321995,0.8047010898590088,0.5962297916412354,-0.031040940433740616,0.7824897170066833,0.6309741735458374,-0.03697415068745613,0.773403525352478,0.6629650592803955,-0.0369703508913517,0.8422234058380127,0.6705583930015564,-0.014092591591179371,0.8047314882278442,0.6320157051086426,-0.031105047091841698,0.7866851091384888,0.6655775904655457,-0.027368364855647087,0.7795849442481995,0.694077730178833,-0.021097799763083458,0.8422835469245911,0.7034305334091187,-0.019284667447209358,0.8103879690170288,0.667885422706604,-0.03192201256752014,0.7931863069534302,0.6878013610839844,-0.03034183382987976,0.7865573763847351,0.7092027068138123,-0.025614986196160316
6,0.46263977885246277,0.7444438338279724,3.2224800605717974e-08,0.4804266393184662,0.6873427629470825,-0.006790378130972385,0.4778241515159607,0.6237545609474182,-0.012195686809718609,0.4696747660636902,0.5815960764884949,-0.018250932916998863,0.47153928875923157,0.5637180209159851,-0.023278478533029556,0.4382082521915436,0.5859607458114624,-0.011601828038692474,0.4316954016685486,0.5283451080322266,-0.024381402879953384,0.4300079047679901,0.4873265027999878,-0.03313231095671654,0.42926812171936035,0.45355284214019775,-0.039244428277015686,0.42727091908454895,0.5999535918235779,-0.015511301346123219,0.4594755172729492,0.578874945640564,-0.030591176822781563,0.4731314778327942,0.6125034093856812,-0.03329628333449364,0.4724962115287781,0.6374205350875854,-0.0331810861825943,0.42191898822784424,0.6219131946563721,-0.020407499745488167,0.45660457015037537,0.600559651851654,-0.03545590117573738,0.469270795583725,0.6311144828796387,-0.03024926222860813,0.4677277207374573,0.6535781621932983,-0.02383415959775448,0.41936948895454407,0.649402379989624,-0.026279279962182045,0.44980648159980774,0.6271277666091919,-0.035532426089048386,0.4626016318798065,0.6493465900421143,-0.030039330944418907,0.4613371789455414,0.6693617105484009,-0.02413586527109146,0.7500348687171936,0.7550606727600098,-3.1312151804741006e-07,0.7391013503074646,0.6986499428749084,-0.012372897937893867,0.7404303550720215,0.6314913630485535,-0.02033960074186325,0.7506444454193115,0.5904799699783325,-0.02840908244252205,0.7649828195571899,0.574265718460083,-0.03547130152583122,0.7986608743667603,0.5930444002151489,-0.011164200492203236,0.8121203780174255,0.5339545011520386,-0.025453131645917892,0.8172073364257812,0.49247199296951294,-0.035639435052871704,0.8217315673828125,0.46025753021240234,-0.04253404214978218,0.8140400648117065,0.6220828294754028,-0.012101862579584122,0.7891980409622192,0.5848935842514038,-0.028723135590553284,0.7654094696044922,0.6064793467521667,-0.03321565315127373,0.7552826404571533,0.6287801861763,-0.03327294439077377,0.8199561834335327,0.6563960909843445,-0.014996514655649662,0.7861074805259705,0.6267791986465454,-0.02865958958864212,0.7660045623779297,0.64696204662323,-0.02455206960439682,0.7578929662704468,0.6657406687736511,-0.019140539690852165,0.8195483088493347,0.6926782131195068,-0.019936801865696907,0.7906807661056519,0.6660480499267578,-0.02875676192343235,0.771687388420105,0.673766553401947,-0.025539129972457886,0.7630930542945862,0.6850714087486267,-0.02054593339562416
7,0.4886161983013153,0.7586644291877747,7.316076278129913e-08,0.5053606629371643,0.6954324245452881,-0.007945395074784756,0.5021437406539917,0.634046733379364,-0.01732790097594261,0.4946644902229309,0.5921924710273743,-0.02763519622385502,0.49210676550865173,0.5681490898132324,-0.036573637276887894,0.45291396975517273,0.5970471501350403,-0.015816420316696167,0.4503243565559387,0.5399407148361206,-0.03248133510351181,0.44948041439056396,0.4970913529396057,-0.043411098420619965,0.44884029030799866,0.46135711669921875,-0.05081576481461525,0.4419265389442444,0.6139526963233948,-0.020995134487748146,0.4863872230052948,0.5827296376228333,-0.041758231818675995,0.5014458894729614,0.619668185710907,-0.045057035982608795,0.499163419008255,0.6445674300193787,-0.04403432458639145,0.4397686719894409,0.6375342011451721,-0.027322202920913696,0.4861809313297272,0.6091086268424988,-0.046386078000068665,0.498911589384079,0.6402826309204102,-0.040000032633543015,0.4955240786075592,0.661091685295105,-0.03186578303575516,0.443621963262558,0.6654373407363892,-0.03485066443681717,0.48249581456184387,0.6375702023506165,-0.04590391367673874,0.49594274163246155,0.6598493456840515,-0.0398838184773922,0.49483829736709595,0.6787980198860168,-0.0331481397151947,0.7253227233886719,0.7853695154190063,-3.2934929095063126e-07,0.717399001121521,0.7046595811843872,-0.010535908862948418,0.7185936570167542,0.6352171897888184,-0.020794054493308067,0.7290823459625244,0.5908471941947937,-0.032965559512376785,0.7453993558883667,0.5767917633056641,-0.04391048103570938,0.7753328680992126,0.6019912958145142,-0.005954205058515072,0.787034809589386,0.5381453037261963,-0.021651534363627434,0.7896208763122559,0.49568915367126465,-0.03282858058810234,0.7920725345611572,0.4639592468738556,-0.040201008319854736,0.7898008823394775,0.6285313367843628,-0.010199787095189095,0.7574219703674316,0.5850842595100403,-0.030338985845446587,0.7345998883247375,0.6137703061103821,-0.03672674670815468,0.7283546328544617,0.6439257860183716,-0.037367019802331924,0.7947093844413757,0.6602696776390076,-0.016698097810149193,0.7538911700248718,0.6250556707382202,-0.033741991966962814,0.7337523698806763,0.6502000093460083,-0.029079962521791458,0.729367733001709,0.67435622215271,-0.02223801054060459,0.7932405471801758,0.6941272020339966,-0.025175489485263824,0.7602091431617737,0.6609391570091248,-0.033258695155382156,0.7421848773956299,0.6735150814056396,-0.027639836072921753,0.7365538477897644,0.6901654005050659,-0.020775211974978447
8,0.5461593866348267,0.7601313591003418,1.8232579179766617e-07,0.5671894550323486,0.6958647966384888,-0.004676781129091978,0.5667075514793396,0.6363147497177124,-0.015245693735778332,0.5642569065093994,0.5921814441680908,-0.02732463739812374,0.5658537745475769,0.5677765607833862,-0.03874286636710167,0.5192468166351318,0.5985811948776245,-0.01837754249572754,0.5240628123283386,0.5388848185539246,-0.03492400795221329,0.5282499194145203,0.49486130475997925,-0.04519467428326607,0.5310561060905457,0.46144038438796997,-0.05188794061541557,0.5142527222633362,0.6182259321212769,-0.02505270019173622,0.5635696649551392,0.5851362943649292,-0.04507369175553322,0.5761784911155701,0.6191651225090027,-0.04731985554099083,0.572775661945343,0.6399579048156738,-0.04546155780553818,0.5188389420509338,0.6456965804100037,-0.0320340059697628,0.5668973326683044,0.615879237651825,-0.05000331997871399,0.5772081613540649,0.6447144746780396,-0.04245868697762489,0.5718538165092468,0.6646012663841248,-0.03355251997709274,0.5278376340866089,0.6737524271011353,-0.03968692198395729,0.5654742121696472,0.6483747363090515,-0.04987310245633125,0.5773555636405945,0.6690868139266968,-0.04279491677880287,0.5761644840240479,0.6862576007843018,-0.03525928035378456,0.6600518226623535,0.7682526111602783,-2.23832316237349e-07,0.6441875696182251,0.6994794607162476,-0.008968302980065346,0.6442612409591675,0.641617476940155,-0.01879909820854664,0.6460140943527222,0.6004939079284668,-0.02871232107281685,0.6458673477172852,0.5752379894256592,-0.038407109677791595,0.7038228511810303,0.6112573742866516,-0.014797138050198555,0.6980978846549988,0.5445792078971863,-0.031915999948978424,0.6939970254898071,0.5012658834457397,-0.04495503008365631,0.6918982863426208,0.4662570357322693,-0.05407349392771721,0.7112634778022766,0.6330582499504089,-0.018559442833065987,0.6651746034622192,0.5840075016021729,-0.03217077627778053,0.647375762462616,0.6132277250289917,-0.033897776156663895,0.6506195664405823,0.6345267295837402,-0.034249331802129745,0.7044910788536072,0.6614116430282593,-0.02398880571126938,0.653618574142456,0.6184987425804138,-0.03515724837779999,0.6411939859390259,0.6457543969154358,-0.0287381149828434,0.6478974223136902,0.6623713970184326,-0.02407778799533844,0.6904410719871521,0.6899043321609497,-0.031003735959529877,0.6490265727043152,0.6554675698280334,-0.039143986999988556,0.6401655673980713,0.6750748753547668,-0.03411776199936867,0.6471322178840637,0.6918314695358276,-0.028943205252289772
9,0.5461593866348267,0.7601313591003418,1.8232579179766617e-07,0.5671894550323486,0.6958647966384888,-0.004676781129091978,0.5667075514793396,0.6363147497177124,-0.015245693735778332,0.5642569065093994,0.5921814441680908,-0.02732463739812374,0.5658537745475769,0.5677765607833862,-0.03874286636710167,0.5192468166351318,0.5985811948776245,-0.01837754249572754,0.5240628123283386,0.5388848185539246,-0.03492400795221329,0.5282499194145203,0.49486130475997925,-0.04519467428326607,0.5310561060905457,0.46144038438796997,-0.05188794061541557,0.5142527222633362,0.6182259321212769,-0.02505270019173622,0.5635696649551392,0.5851362943649292,-0.04507369175553322,0.5761784911155701,0.6191651225090027,-0.04731985554099083,0.572775661945343,0.6399579048156738,-0.04546155780553818,0.5188389420509338,0.6456965804100037,-0.0320340059697628,0.5668973326683044,0.615879237651825,-0.05000331997871399,0.5772081613540649,0.6447144746780396,-0.04245868697762489,0.5718538165092468,0.6646012663841248,-0.03355251997709274,0.5278376340866089,0.6737524271011353,-0.03968692198395729,0.5654742121696472,0.6483747363090515,-0.04987310245633125,0.5773555636405945,0.6690868139266968,-0.04279491677880287,0.5761644840240479,0.6862576007843018,-0.03525928035378456,0.6600518226623535,0.7682526111602783,-2.23832316237349e-07,0.6441875696182251,0.6994794607162476,-0.008968302980065346,0.6442612409591675,0.641617476940155,-0.01879909820854664,0.6460140943527222,0.6004939079284668,-0.02871232107281685,0.6458673477172852,0.5752379894256592,-0.038407109677791595,0.7038228511810303,0.6112573742866516,-0.014797138050198555,0.6980978846549988,0.5445792078971863,-0.031915999948978424,0.6939970254898071,0.5012658834457397,-0.04495503008365631,0.6918982863426208,0.4662570357322693,-0.05407349392771721,0.7112634778022766,0.6330582499504089,-0.018559442833065987,0.6651746034622192,0.5840075016021729,-0.03217077627778053,0.647375762462616,0.6132277250289917,-0.033897776156663895,0.6506195664405823,0.6345267295837402,-0.034249331802129745,0.7044910788536072,0.6614116430282593,-0.02398880571126938,0.653618574142456,0.6184987425804138,-0.03515724837779999,0.6411939859390259,0.6457543969154358,-0.0287381149828434,0.6478974223136902,0.6623713970184326,-0.02407778799533844,0.6904410719871521,0.6899043321609497,-0.031003735959529877,0.6490265727043152,0.6554675698280334,-0.039143986999988556,0.6401655673980713,0.6750748753547668,-0.03411776199936867,0.6471322178840637,0.6918314695358276,-0.028943205252289772
10,0.5725063681602478,0.7664758563041687,1.0206934319967331e-07,0.591393232345581,0.7087604999542236,-0.004063717555254698,0.5976556539535522,0.6495335102081299,-0.012551454827189445,0.6012646555900574,0.6097363233566284,-0.02136077731847763,0.6082867383956909,0.5845072269439697,-0.029634296894073486,0.5553579330444336,0.6125909090042114,-0.024794774129986763,0.5648272037506104,0.549809992313385,-0.04455601051449776,0.5700251460075378,0.5074683427810669,-0.056466858834028244,0.5729941129684448,0.4701334238052368,-0.0637446939945221,0.5485703349113464,0.6356713175773621,-0.03234552964568138,0.6016067266464233,0.5993370413780212,-0.05104996636509895,0.6057437062263489,0.6342154741287231,-0.05075522139668465,0.5936427116394043,0.6486132144927979,-0.048075951635837555,0.5516046285629272,0.6666611433029175,-0.04041050747036934,0.6031177043914795,0.6304669380187988,-0.05702795088291168,0.60505211353302,0.6608141660690308,-0.04772249236702919,0.5919401049613953,0.6708884239196777,-0.038663677871227264,0.5606210231781006,0.6994739770889282,-0.04893147945404053,0.5997635722160339,0.6674306988716125,-0.05541200190782547,0.6023118495941162,0.690936267375946,-0.044796038419008255,0.5908670425415039,0.7048523426055908,-0.03642205893993378,0.6410635709762573,0.7712624669075012,-1.749316282939617e-07,0.6341670751571655,0.7061047554016113,-0.0025851198006421328,0.6329318881034851,0.647448718547821,-0.009668932296335697,0.6244316697120667,0.604875922203064,-0.017609452828764915,0.6132792234420776,0.5755287408828735,-0.02568543143570423,0.6730268597602844,0.6166988611221313,-0.010532859712839127,0.6613814234733582,0.550599992275238,-0.021192913874983788,0.6557254791259766,0.5114474892616272,-0.029413338750600815,0.6526539325714111,0.48185646533966064,-0.03563811257481575,0.6762824058532715,0.6367165446281433,-0.01546567864716053,0.6277271509170532,0.5948531031608582,-0.022272244095802307,0.620421290397644,0.6208617091178894,-0.022616533562541008,0.6285202503204346,0.6376209259033203,-0.023773178458213806,0.6675838828086853,0.6652923822402954,-0.02087743766605854,0.6172744035720825,0.631589949131012,-0.025624210014939308,0.6172937154769897,0.6570714712142944,-0.02201327681541443,0.6294245719909668,0.6696006059646606,-0.021174296736717224,0.6540746092796326,0.6931368708610535,-0.0269525945186615,0.6160149574279785,0.6638836860656738,-0.03180985525250435,0.6166257262229919,0.6800784468650818,-0.02889447845518589,0.6284309029579163,0.6915196776390076,-0.026533594354987144
11,0.5699225664138794,0.7724931836128235,9.375841614200908e-08,0.5886460542678833,0.7116572856903076,-0.0024921989534050226,0.5957667231559753,0.6502143740653992,-0.010052794590592384,0.5997166037559509,0.6103387475013733,-0.01848026178777218,0.6079040169715881,0.5875915884971619,-0.026283515617251396,0.5543534159660339,0.6148730516433716,-0.020381301641464233,0.5621554851531982,0.5543272495269775,-0.0391605943441391,0.5666710734367371,0.5116876363754272,-0.0500040240585804,0.568790078163147,0.4748294949531555,-0.05632941797375679,0.548515260219574,0.6381263732910156,-0.028668666258454323,0.6011942028999329,0.6011685132980347,-0.04696670174598694,0.6043825745582581,0.634509265422821,-0.04631340876221657,0.5919250845909119,0.6482844352722168,-0.042813558131456375,0.5520355701446533,0.6693647503852844,-0.03754192590713501,0.6032689809799194,0.6340150237083435,-0.053671445697546005,0.604616641998291,0.6620210409164429,-0.044224124401807785,0.5915098190307617,0.6708588600158691,-0.034669432789087296,0.5612437725067139,0.703222393989563,-0.04682618007063866,0.6005902290344238,0.6703282594680786,-0.05228537321090698,0.6023777723312378,0.6925791501998901,-0.04131345450878143,0.590458333492279,0.70601487159729,-0.03260364755988121,0.6372054219245911,0.7799339294433594,-1.8392005074474582e-07,0.6299099922180176,0.7120648622512817,-0.001968514174222946,0.6294077634811401,0.6550464034080505,-0.008385063149034977,0.6237723231315613,0.6125255823135376,-0.015732556581497192,0.6171920299530029,0.5815597176551819,-0.023324869573116302,0.6728594303131104,0.6239985227584839,-0.009230143390595913,0.6613278985023499,0.5591216683387756,-0.01856948994100094,0.6560739874839783,0.5220410823822021,-0.02597251906991005,0.6534161567687988,0.49371084570884705,-0.03159920498728752,0.6761321425437927,0.6450430750846863,-0.014172269031405449,0.6298742294311523,0.5984562039375305,-0.0195018257945776,0.6223440170288086,0.623589813709259,-0.019991088658571243,0.6298172473907471,0.6420373916625977,-0.0214555524289608,0.6672741174697876,0.6740677952766418,-0.019445056095719337,0.6185176968574524,0.6335464119911194,-0.023489926010370255,0.6170447468757629,0.6585066318511963,-0.020236121490597725,0.6282751560211182,0.6731536388397217,-0.019668836146593094,0.653065025806427,0.7018327116966248,-0.025291455909609795,0.6156755089759827,0.667178750038147,-0.028890596702694893,0.6155986785888672,0.6844289898872375,-0.025512630119919777,0.6266024112701416,0.6987032294273376,-0.022976920008659363
12,0.5739708542823792,0.7755584716796875,1.1738929828197797e-07,0.5905489921569824,0.718173623085022,-0.005391744431108236,0.5952101349830627,0.6600967645645142,-0.015106208622455597,0.5979520082473755,0.6206464767456055,-0.024846384301781654,0.6033212542533875,0.597195565700531,-0.034075796604156494,0.5544261336326599,0.6261768937110901,-0.027467641979455948,0.5623407959938049,0.5633993148803711,-0.04757295176386833,0.566074550151825,0.5199816226959229,-0.05940720811486244,0.5675636529922485,0.4831625819206238,-0.0664147213101387,0.5479111075401306,0.6499816179275513,-0.03414270654320717,0.5989490151405334,0.6128596067428589,-0.051339223980903625,0.6039692759513855,0.645817756652832,-0.049313999712467194,0.5923700928688049,0.6594130396842957,-0.045964691787958145,0.5509630441665649,0.6820030212402344,-0.04138006269931793,0.6000006198883057,0.6446412801742554,-0.057236429303884506,0.6023383140563965,0.6727293729782104,-0.04719415679574013,0.589084804058075,0.6825131177902222,-0.03807394951581955,0.5596407055854797,0.7156069874763489,-0.04914185032248497,0.5966529250144958,0.68157559633255,-0.05502844974398613,0.5992923378944397,0.7032672166824341,-0.04370277747511864,0.5871217250823975,0.7170236110687256,-0.035078633576631546,0.6381176710128784,0.7894321084022522,-1.7621439951653883e-07,0.6316115260124207,0.7228754758834839,-0.0019896195735782385,0.6317501664161682,0.6616863012313843,-0.00821991078555584,0.6245046854019165,0.6183783411979675,-0.015041066333651543,0.6137368083000183,0.5894802212715149,-0.02211911417543888,0.6697978973388672,0.6331418752670288,-0.010666530579328537,0.656721830368042,0.5655742883682251,-0.02168704755604267,0.6507948637008667,0.5249847769737244,-0.030286651104688644,0.6473631858825684,0.4930677115917206,-0.036906395107507706,0.6735125780105591,0.6548238396644592,-0.015446704812347889,0.625632107257843,0.608174741268158,-0.02246977761387825,0.6180823445320129,0.6352124214172363,-0.022213352844119072,0.6256536245346069,0.6527316570281982,-0.022889096289873123,0.6645932197570801,0.6843679547309875,-0.020666245371103287,0.6148710250854492,0.6467745900154114,-0.0259234718978405,0.6148170232772827,0.6722283959388733,-0.02209322899580002,0.6274296045303345,0.6846314072608948,-0.02099565602838993,0.650866687297821,0.7129882574081421,-0.02630837820470333,0.6131047010421753,0.6802368760108948,-0.031322281807661057,0.613648533821106,0.697517454624176,-0.02817157283425331,0.6257791519165039,0.709563672542572,-0.025738995522260666
13,0.5710561871528625,0.7723000049591064,8.167370424416731e-08,0.5861268043518066,0.7150598168373108,-0.0026544055435806513,0.5932234525680542,0.6559953093528748,-0.010603806003928185,0.5990824699401855,0.6183437705039978,-0.018950205296278,0.6068494319915771,0.5985394716262817,-0.02695804461836815,0.5536386370658875,0.6208142042160034,-0.024870121851563454,0.5607656240463257,0.5586739778518677,-0.04366787150502205,0.5635555982589722,0.5161809921264648,-0.05473112314939499,0.56432044506073,0.47866588830947876,-0.061558254063129425,0.5475485324859619,0.6441962122917175,-0.033194661140441895,0.5994511246681213,0.6078659892082214,-0.05082608014345169,0.6024225354194641,0.6405123472213745,-0.04977269098162651,0.5897963643074036,0.6541029214859009,-0.046858254820108414,0.5509459376335144,0.6763291954994202,-0.041774243116378784,0.6013026833534241,0.6408639550209045,-0.05749662593007088,0.6018074750900269,0.6692832708358765,-0.047935694456100464,0.587969183921814,0.6773113012313843,-0.039076268672943115,0.5605425834655762,0.7104049921035767,-0.05065900459885597,0.5987662076950073,0.6775002479553223,-0.055999524891376495,0.5998418927192688,0.7000503540039062,-0.04466140642762184,0.5872898101806641,0.7129143476486206,-0.036170296370983124,0.6344795227050781,0.7909040451049805,-1.8869647533392708e-07,0.6282114386558533,0.7216725945472717,-0.0028268287423998117,0.6288410425186157,0.6603749394416809,-0.009371001273393631,0.6223910450935364,0.6144384145736694,-0.016620298847556114,0.6131032705307007,0.582355260848999,-0.02397836558520794,0.6712983250617981,0.6303090453147888,-0.0095262685790658,0.6585613489151001,0.5632507801055908,-0.019866643473505974,0.6519942283630371,0.523627758026123,-0.027819206938147545,0.6482989192008972,0.49295446276664734,-0.03370697796344757,0.67425537109375,0.6526609063148499,-0.013920912519097328,0.6266103386878967,0.6041975021362305,-0.01971798948943615,0.6185436844825745,0.630452573299408,-0.01949814148247242,0.6256780624389648,0.6487733721733093,-0.02025281824171543,0.664728581905365,0.6821481585502625,-0.018941303715109825,0.614575207233429,0.6427158117294312,-0.023461123928427696,0.6139965057373047,0.6685224771499634,-0.020112114027142525,0.6264830231666565,0.6818004250526428,-0.019313989207148552,0.6503636837005615,0.7098449468612671,-0.024548767134547234,0.6122815608978271,0.6769830584526062,-0.028635583817958832,0.6125468015670776,0.6941556334495544,-0.025527743622660637,0.6246612668037415,0.7066072225570679,-0.02310771681368351
14,0.569819986820221,0.771826982498169,7.477903096742011e-08,0.584723949432373,0.713986337184906,-0.0029205267783254385,0.5924236178398132,0.6548439264297485,-0.010754815302789211,0.5999572277069092,0.6175548434257507,-0.018853815272450447,0.6092100739479065,0.5983021855354309,-0.026500601321458817,0.5536385774612427,0.6195088028907776,-0.024737348780035973,0.561509907245636,0.557170569896698,-0.04322721064090729,0.564363956451416,0.5151975750923157,-0.05393150448799133,0.5649119019508362,0.4779776334762573,-0.060554422438144684,0.5479525923728943,0.642499566078186,-0.033103495836257935,0.5993287563323975,0.6060959100723267,-0.05033909156918526,0.6023000478744507,0.6383998990058899,-0.049461591988801956,0.5898246765136719,0.6510588526725769,-0.04676936939358711,0.5514734387397766,0.674054741859436,-0.04176831617951393,0.6014723181724548,0.639546275138855,-0.057170264422893524,0.6020086407661438,0.6682852506637573,-0.047878678888082504,0.588416337966919,0.6755664944648743,-0.039308760315179825,0.5609804391860962,0.7077637314796448,-0.05079014599323273,0.5986866354942322,0.6764727234840393,-0.05602257698774338,0.6001549363136292,0.6996480822563171,-0.04488725960254669,0.5883355736732483,0.7121461629867554,-0.03658325970172882,0.6332106590270996,0.7933740615844727,-1.9065950596086623e-07,0.6267821788787842,0.7211779356002808,-0.0020363463554531336,0.6278101205825806,0.6584744453430176,-0.008538348600268364,0.6221365928649902,0.613425612449646,-0.01598120480775833,0.613501250743866,0.5816354155540466,-0.023504652082920074,0.6716151833534241,0.6299728155136108,-0.009176203981041908,0.658122181892395,0.5614141821861267,-0.02017267607152462,0.6515880227088928,0.5214517712593079,-0.028653373941779137,0.6481906771659851,0.49041157960891724,-0.03486187756061554,0.6747563481330872,0.6520509123802185,-0.013949635438621044,0.6261533498764038,0.6032915115356445,-0.019954649731516838,0.6182190775871277,0.6302806735038757,-0.01952461712062359,0.6259072422981262,0.6485241055488586,-0.020194904878735542,0.6649960279464722,0.6814600229263306,-0.019390815868973732,0.6141268610954285,0.6413105130195618,-0.024084245786070824,0.6136313676834106,0.6678247451782227,-0.02048998326063156,0.6263251304626465,0.6815041303634644,-0.019525310024619102,0.6503191590309143,0.7094426155090332,-0.025362513959407806,0.6123596429824829,0.6757116913795471,-0.029653150588274002,0.6131633520126343,0.6928102374076843,-0.02657802775502205,0.6258823275566101,0.7053269147872925,-0.024161560460925102
15,0.568583071231842,0.76813805103302,1.7333059432189657e-08,0.5800291895866394,0.7137480974197388,-0.002849443582817912,0.5880250334739685,0.6571319103240967,-0.010114344768226147,0.5964179039001465,0.6180831789970398,-0.017218584194779396,0.604882001876831,0.6015709042549133,-0.024063102900981903,0.5558803677558899,0.6234687566757202,-0.026972712948918343,0.5642765760421753,0.5578670501708984,-0.04546671360731125,0.5670888423919678,0.5161902904510498,-0.05631601810455322,0.5681159496307373,0.4804452657699585,-0.06296966224908829,0.5531954169273376,0.6454298496246338,-0.03400282561779022,0.5968527793884277,0.6133064031600952,-0.0486263744533062,0.5967909097671509,0.6417829990386963,-0.047034524381160736,0.5854547023773193,0.6534846425056458,-0.04511252045631409,0.5566258430480957,0.6761497259140015,-0.04118271544575691,0.5991601943969727,0.6437712907791138,-0.05561620369553566,0.5968151688575745,0.6703963875770569,-0.046982474625110626,0.5862351059913635,0.67933189868927,-0.03938566893339157,0.5643070340156555,0.7094149589538574,-0.048360466957092285,0.5967065095901489,0.6783013939857483,-0.05319179221987724,0.5967236757278442,0.6986105442047119,-0.042530324310064316,0.5878223776817322,0.7117795348167419,-0.03495033457875252,0.6309120059013367,0.792829155921936,-1.9992447164440819e-07,0.6217584013938904,0.7185972332954407,-0.0019850670360028744,0.6229773163795471,0.658390998840332,-0.009872508235275745,0.6196275949478149,0.6165329813957214,-0.018909672275185585,0.615420401096344,0.5921186208724976,-0.027957161888480186,0.6704379320144653,0.633248507976532,-0.011215656995773315,0.6579372882843018,0.5609469413757324,-0.023730125278234482,0.6503008008003235,0.5193389654159546,-0.033235613256692886,0.6459018588066101,0.48625779151916504,-0.04028379172086716,0.6732143759727478,0.6550734043121338,-0.016821661964058876,0.6276772022247314,0.6063323616981506,-0.02382540889084339,0.618185818195343,0.6367541551589966,-0.023274479433894157,0.6264835000038147,0.6577393412590027,-0.02396184206008911,0.6635231375694275,0.6832386255264282,-0.023065943270921707,0.61478590965271,0.6430792212486267,-0.027954522520303726,0.6122303605079651,0.6711552143096924,-0.022712180390954018,0.624873697757721,0.6862868070602417,-0.020922530442476273,0.6484805941581726,0.7099964618682861,-0.029999636113643646,0.6112353801727295,0.6770584583282471,-0.03418336063623428,0.6104128360748291,0.696995735168457,-0.029722657054662704,0.6221883296966553,0.7116370797157288,-0.026458149775862694
16,0.5725445747375488,0.7724319100379944,1.0275049788788237e-07,0.5889062285423279,0.7130300402641296,-0.0037645548582077026,0.5942457914352417,0.6536209583282471,-0.012443820014595985,0.5980848670005798,0.6166804432868958,-0.021469082683324814,0.6044073104858398,0.5967748165130615,-0.030117318034172058,0.5529751181602478,0.6187276244163513,-0.02482941932976246,0.561618447303772,0.5570117235183716,-0.04366891086101532,0.5654638409614563,0.5152010321617126,-0.05506125092506409,0.567561149597168,0.47834670543670654,-0.06229734048247337,0.547163724899292,0.642453670501709,-0.03284503519535065,0.5992182493209839,0.6073272824287415,-0.050901319831609726,0.6031532287597656,0.6412779092788696,-0.05070711299777031,0.5913971662521362,0.6550477743148804,-0.04853586107492447,0.5508695840835571,0.6740096211433411,-0.04123585298657417,0.6012561321258545,0.6376309990882874,-0.056851666420698166,0.6028159856796265,0.6670520305633545,-0.04762911796569824,0.5901743769645691,0.6762354373931885,-0.039264727383852005,0.5602483153343201,0.7070097327232361,-0.05013006925582886,0.5977291464805603,0.6744430661201477,-0.055876173079013824,0.5997627973556519,0.6974616646766663,-0.045243341475725174,0.5885431170463562,0.7103060483932495,-0.03726848214864731,0.635188102722168,0.790436863899231,-1.9141148754897586e-07,0.6269012093544006,0.7199340462684631,-0.002018058206886053,0.6281070709228516,0.6574625372886658,-0.008321024477481842,0.6233830451965332,0.613531231880188,-0.015445330180227757,0.6142314672470093,0.5833237171173096,-0.022962532937526703,0.6701610088348389,0.6287623643875122,-0.009541619569063187,0.6575332880020142,0.561562180519104,-0.020613310858607292,0.6508835554122925,0.5220028758049011,-0.02907712012529373,0.6471653580665588,0.49108242988586426,-0.035443246364593506,0.6737522482872009,0.650749146938324,-0.014396880753338337,0.6266632080078125,0.6011434197425842,-0.020987745374441147,0.6175127029418945,0.6294937133789062,-0.020552657544612885,0.6249169111251831,0.6483533382415771,-0.020975781604647636,0.6645511984825134,0.6797551512718201,-0.01982143335044384,0.6149787306785583,0.6392248868942261,-0.025197122246026993,0.6129767298698425,0.6661902070045471,-0.021455135196447372,0.6253576874732971,0.6801323890686035,-0.0202427189797163,0.6501349210739136,0.7074201107025146,-0.025682685896754265,0.6120193004608154,0.6732098460197449,-0.030579742044210434,0.6113885641098022,0.6918519139289856,-0.027309201657772064,0.6232582926750183,0.7052827477455139,-0.02469852939248085
17,0.5670585036277771,0.7780339121818542,4.9043109129343065e-08,0.581657886505127,0.7186823487281799,-0.002236119005829096,0.5904331207275391,0.6610448956489563,-0.009382051415741444,0.597459077835083,0.6224721670150757,-0.016703050583600998,0.605016827583313,0.6036757826805115,-0.0234062522649765,0.55325847864151,0.6255154013633728,-0.023904064670205116,0.5616891384124756,0.5642670392990112,-0.042666956782341,0.5648367404937744,0.5221983194351196,-0.05344587191939354,0.566194474697113,0.4861137866973877,-0.059906426817178726,0.5494999885559082,0.6473425626754761,-0.03201760724186897,0.5979633331298828,0.6147185564041138,-0.04715784639120102,0.600330114364624,0.6460636258125305,-0.04522295296192169,0.5895304679870605,0.6576109528541565,-0.04248031601309776,0.5529364347457886,0.6776963472366333,-0.04051388427615166,0.6008182168006897,0.6472318768501282,-0.054908011108636856,0.5998561382293701,0.6759427785873413,-0.04535908252000809,0.5878320932388306,0.6833159327507019,-0.036947593092918396,0.5615888237953186,0.7118179798126221,-0.049249134957790375,0.5972442626953125,0.6834028363227844,-0.053866349160671234,0.597588062286377,0.7062220573425293,-0.04265221208333969,0.5870477557182312,0.718338131904602,-0.03448409214615822,0.6309307217597961,0.7953575849533081,-1.878719046999322e-07,0.6258080005645752,0.7237762212753296,-0.001219199737533927,0.6277127861976624,0.6634373068809509,-0.007630402687937021,0.6218714714050293,0.6195395588874817,-0.015298357233405113,0.6132768988609314,0.588839590549469,-0.023049084469676018,0.6711073517799377,0.6373103857040405,-0.008556828834116459,0.6587855815887451,0.5683860182762146,-0.01870744489133358,0.652755618095398,0.5287835597991943,-0.026396073400974274,0.6498136520385742,0.49787595868110657,-0.03201664984226227,0.6735299229621887,0.6593831181526184,-0.0138802295550704,0.6266281008720398,0.6116452217102051,-0.018994227051734924,0.6187552809715271,0.638569712638855,-0.018192695453763008,0.6262428760528564,0.6579294204711914,-0.018604030832648277,0.6635405421257019,0.6881632208824158,-0.01972409337759018,0.6143614053726196,0.6480663418769836,-0.023644860833883286,0.613357663154602,0.6738294363021851,-0.019776031374931335,0.6254169344902039,0.687869131565094,-0.018641702830791473,0.6488240361213684,0.7146773934364319,-0.02609199471771717,0.6116524934768677,0.6819055080413818,-0.029648473486304283,0.6116549372673035,0.6988652348518372,-0.026061153039336205,0.623185932636261,0.7120514512062073,-0.02325625903904438
18,0.5670585036277771,0.7780339121818542,4.9043109129343065e-08,0.581657886505127,0.7186823487281799,-0.002236119005829096,0.5904331207275391,0.6610448956489563,-0.009382051415741444,0.597459077835083,0.6224721670150757,-0.016703050583600998,0.605016827583313,0.6036757826805115,-0.0234062522649765,0.55325847864151,0.6255154013633728,-0.023904064670205116,0.5616891384124756,0.5642670392990112,-0.042666956782341,0.5648367404937744,0.5221983194351196,-0.05344587191939354,0.566194474697113,0.4861137866973877,-0.059906426817178726,0.5494999885559082,0.6473425626754761,-0.03201760724186897,0.5979633331298828,0.6147185564041138,-0.04715784639120102,0.600330114364624,0.6460636258125305,-0.04522295296192169,0.5895304679870605,0.6576109528541565,-0.04248031601309776,0.5529364347457886,0.6776963472366333,-0.04051388427615166,0.6008182168006897,0.6472318768501282,-0.054908011108636856,0.5998561382293701,0.6759427785873413,-0.04535908252000809,0.5878320932388306,0.6833159327507019,-0.036947593092918396,0.5615888237953186,0.7118179798126221,-0.049249134957790375,0.5972442626953125,0.6834028363227844,-0.053866349160671234,0.597588062286377,0.7062220573425293,-0.04265221208333969,0.5870477557182312,0.718338131904602,-0.03448409214615822,0.6309307217597961,0.7953575849533081,-1.878719046999322e-07,0.6258080005645752,0.7237762212753296,-0.001219199737533927,0.6277127861976624,0.6634373068809509,-0.007630402687937021,0.6218714714050293,0.6195395588874817,-0.015298357233405113,0.6132768988609314,0.588839590549469,-0.023049084469676018,0.6711073517799377,0.6373103857040405,-0.008556828834116459,0.6587855815887451,0.5683860182762146,-0.01870744489133358,0.652755618095398,0.5287835597991943,-0.026396073400974274,0.6498136520385742,0.49787595868110657,-0.03201664984226227,0.6735299229621887,0.6593831181526184,-0.0138802295550704,0.6266281008720398,0.6116452217102051,-0.018994227051734924,0.6187552809715271,0.638569712638855,-0.018192695453763008,0.6262428760528564,0.6579294204711914,-0.018604030832648277,0.6635405421257019,0.6881632208824158,-0.01972409337759018,0.6143614053726196,0.6480663418769836,-0.023644860833883286,0.613357663154602,0.6738294363021851,-0.019776031374931335,0.6254169344902039,0.687869131565094,-0.018641702830791473,0.6488240361213684,0.7146773934364319,-0.02609199471771717,0.6116524934768677,0.6819055080413818,-0.029648473486304283,0.6116549372673035,0.6988652348518372,-0.026061153039336205,0.623185932636261,0.7120514512062073,-0.02325625903904438
19,0.5668641328811646,0.7718133926391602,4.9408654945182207e-08,0.5805933475494385,0.7142935991287231,-0.0016807402716949582,0.5894890427589417,0.6577684283256531,-0.008793768472969532,0.5974701642990112,0.6198551058769226,-0.016272254288196564,0.6051841378211975,0.6047616600990295,-0.023465706035494804,0.5550382137298584,0.6244001984596252,-0.023660382255911827,0.5618051290512085,0.5613669753074646,-0.04206347465515137,0.5648504495620728,0.5196385383605957,-0.05288735404610634,0.5658310651779175,0.48426568508148193,-0.05937831848859787,0.5513051152229309,0.6458674669265747,-0.03143095597624779,0.5967941880226135,0.6150376200675964,-0.04588041827082634,0.5981813669204712,0.6440279483795166,-0.04393279552459717,0.5871738195419312,0.65495765209198,-0.041361890733242035,0.553929328918457,0.6764969825744629,-0.0394078828394413,0.5989818572998047,0.6467556953430176,-0.05343467742204666,0.5975650548934937,0.6740409135818481,-0.04415518790483475,0.5863072872161865,0.6821053624153137,-0.035902950912714005,0.5612965822219849,0.7099161744117737,-0.0474095344543457,0.5954657793045044,0.681614875793457,-0.05170883238315582,0.5955803394317627,0.7030930519104004,-0.04043666273355484,0.5859400629997253,0.7155611515045166,-0.03225386142730713,0.6308249235153198,0.7919986248016357,-1.918888301588595e-07,0.6258211135864258,0.7209581732749939,-0.0008445489802397788,0.6281134486198425,0.6603734493255615,-0.006488088984042406,0.6218862533569336,0.615936815738678,-0.013487645424902439,0.6129482984542847,0.5851299166679382,-0.02051098458468914,0.6711557507514954,0.6352133750915527,-0.006768655031919479,0.658912718296051,0.5688847303390503,-0.015615803189575672,0.652571976184845,0.5302212834358215,-0.022034388035535812,0.6497430801391602,0.499817818403244,-0.026849737390875816,0.6735994815826416,0.6573156118392944,-0.012310759164392948,0.6261276006698608,0.6099562048912048,-0.017012454569339752,0.6181303262710571,0.6363827586174011,-0.01628519780933857,0.6253129839897156,0.6554123163223267,-0.01657065935432911,0.6636515855789185,0.6860286593437195,-0.018322976306080818,0.6139583587646484,0.6457037925720215,-0.022151300683617592,0.612798810005188,0.6722157001495361,-0.018198203295469284,0.6245638132095337,0.686342716217041,-0.01680115982890129,0.6488872170448303,0.7121577262878418,-0.02485440857708454,0.6112039089202881,0.6796179413795471,-0.02853037603199482,0.6109086871147156,0.6973376274108887,-0.024994555860757828,0.6221347451210022,0.7108300924301147,-0.022002974525094032
20,0.5737291574478149,0.7828512191772461,1.239970259803158e-07,0.5948336124420166,0.7243639826774597,-0.006554841995239258,0.5976474285125732,0.6663572192192078,-0.01637129671871662,0.596442461013794,0.6255442500114441,-0.026452425867319107,0.5988671779632568,0.5993856191635132,-0.03571479395031929,0.5537970662117004,0.6280452609062195,-0.02401055209338665,0.5609480738639832,0.5666705965995789,-0.043521516025066376,0.5637413859367371,0.5234062671661377,-0.055128566920757294,0.5649263262748718,0.4869614243507385,-0.06204649433493614,0.5469971895217896,0.6505059599876404,-0.030279090628027916,0.5981188416481018,0.6159694194793701,-0.047655947506427765,0.6020095944404602,0.6480746865272522,-0.04616270959377289,0.5909560322761536,0.6606523990631104,-0.04286712408065796,0.5498714447021484,0.6812651753425598,-0.03755306452512741,0.5989949703216553,0.6464118957519531,-0.05338490009307861,0.6007383465766907,0.6739101409912109,-0.04361787810921669,0.5884344577789307,0.6840370297431946,-0.034509070217609406,0.5582343339920044,0.7143716812133789,-0.045670103281736374,0.5955436825752258,0.6834626793861389,-0.05162864550948143,0.5984963178634644,0.7044609189033508,-0.04081307724118233,0.5875656604766846,0.7180535793304443,-0.032361119985580444,0.6327667236328125,0.7934057712554932,-1.8288947956079937e-07,0.6275084018707275,0.7236873507499695,-0.0020649984944611788,0.6286467909812927,0.6643829941749573,-0.008601090870797634,0.6224156022071838,0.6210336089134216,-0.016099650412797928,0.6133034229278564,0.592292308807373,-0.02361806482076645,0.6708694696426392,0.6382971405982971,-0.009601413272321224,0.657931923866272,0.5706554651260376,-0.019983822479844093,0.6509608030319214,0.531855583190918,-0.02752108685672283,0.6474372744560242,0.5026142597198486,-0.03285529091954231,0.6729763150215149,0.6601882576942444,-0.01441345177590847,0.6256944537162781,0.613088071346283,-0.020268190652132034,0.618125319480896,0.6380726099014282,-0.019568700343370438,0.6254029273986816,0.655965268611908,-0.01977153867483139,0.6628552079200745,0.6886680126190186,-0.01977248676121235,0.6140058040618896,0.6492977738380432,-0.02444884181022644,0.6135609149932861,0.673988401889801,-0.02045719139277935,0.625485897064209,0.6871360540390015,-0.01886896789073944,0.6481022834777832,0.7152766585350037,-0.025664085522294044,0.6115027070045471,0.6827945113182068,-0.029921216890215874,0.6121991276741028,0.698790967464447,-0.026430901139974594,0.624068021774292,0.7110192179679871,-0.023386744782328606
21,0.5676262378692627,0.7610836029052734,2.9054662675775944e-08,0.5806874632835388,0.7068663239479065,-0.00216499506495893,0.5899855494499207,0.6522959470748901,-0.009848573245108128,0.5992879271507263,0.6158058643341064,-0.017205774784088135,0.6085150837898254,0.6001774072647095,-0.024336807429790497,0.5580621957778931,0.6195350289344788,-0.030055293813347816,0.5648224949836731,0.5538782477378845,-0.05035325139760971,0.5660791397094727,0.5115908980369568,-0.06222131848335266,0.5658251643180847,0.4755551815032959,-0.06918255984783173,0.5544725060462952,0.6423317790031433,-0.03713667765259743,0.5986735224723816,0.6095072031021118,-0.052191149443387985,0.597915768623352,0.6372289061546326,-0.04947100579738617,0.5867661237716675,0.6491259336471558,-0.04670821130275726,0.556646466255188,0.6738760471343994,-0.04424598813056946,0.5993950963020325,0.6416727304458618,-0.059226103127002716,0.5969178676605225,0.6669614911079407,-0.04990600049495697,0.5866786241531372,0.6759490370750427,-0.041692979633808136,0.5634604692459106,0.7072494029998779,-0.051141802221536636,0.5963318943977356,0.6782674193382263,-0.05602775886654854,0.5958078503608704,0.697582483291626,-0.04473361372947693,0.5865230560302734,0.7106883525848389,-0.03667663037776947,0.6292361617088318,0.7881364822387695,-1.9365126036063884e-07,0.6250742673873901,0.716022789478302,-0.0017857274506241083,0.6273358464241028,0.6568100452423096,-0.008311978541314602,0.6213012933731079,0.6141766905784607,-0.015984881669282913,0.6126364469528198,0.5833776593208313,-0.02361007034778595,0.6710848212242126,0.632826566696167,-0.008569841273128986,0.6595707535743713,0.5657404065132141,-0.01869061216711998,0.6536652445793152,0.5262908935546875,-0.026392903178930283,0.6504287719726562,0.4945782423019409,-0.03204123675823212,0.6733253002166748,0.6546800136566162,-0.013810446485877037,0.6267791390419006,0.6069228649139404,-0.0192350335419178,0.618983268737793,0.6330074667930603,-0.018935492262244225,0.6263440251350403,0.6517210602760315,-0.01968122273683548,0.6633928418159485,0.6828423142433167,-0.01962011307477951,0.6141657829284668,0.6423825025558472,-0.023572685196995735,0.613349199295044,0.6682062149047852,-0.019558638334274292,0.6252008676528931,0.6821078658103943,-0.01828552968800068,0.6486113667488098,0.7087397575378418,-0.026104124262928963,0.6117412447929382,0.6749750971794128,-0.02982739731669426,0.6118162274360657,0.6912256479263306,-0.026280738413333893,0.6233124732971191,0.7039089202880859,-0.023412274196743965
22,0.5821311473846436,0.7562823295593262,-7.238347876636908e-08,0.5888636708259583,0.7024930119514465,-0.0011693331180140376,0.5947322845458984,0.649516224861145,-0.006659732665866613,0.6013240814208984,0.6088072657585144,-0.011755523271858692,0.6083241105079651,0.5976505279541016,-0.01701667159795761,0.5751556158065796,0.6248778700828552,-0.023546256124973297,0.5734368562698364,0.5590323805809021,-0.04066028445959091,0.5716773867607117,0.5174870491027832,-0.05158393085002899,0.5697827935218811,0.4830694794654846,-0.058958910405635834,0.5771448612213135,0.6461735963821411,-0.029273269698023796,0.5953071117401123,0.6069689393043518,-0.041479095816612244,0.5922060608863831,0.6286445260047913,-0.04007449373602867,0.5856477618217468,0.6397537589073181,-0.03914665803313255,0.5803501605987549,0.6759158968925476,-0.03506128489971161,0.5973448157310486,0.6390789151191711,-0.04636683315038681,0.5927129983901978,0.6592737436294556,-0.03917589411139488,0.5870199203491211,0.6686546802520752,-0.03366946429014206,0.5857954621315002,0.708514392375946,-0.04070811718702316,0.5986695289611816,0.6761248111724854,-0.045998428016901016,0.5961777567863464,0.6885323524475098,-0.03903806209564209,0.5912061333656311,0.6988901495933533,-0.03426381200551987,0.6280460357666016,0.787743866443634,-1.8970564497067244e-07,0.6243295669555664,0.715084433555603,-0.0015868722693994641,0.6270654797554016,0.6564214825630188,-0.008159251883625984,0.6214929223060608,0.6139189600944519,-0.015966756269335747,0.6130108833312988,0.5828619003295898,-0.02363523468375206,0.6705623269081116,0.6334750056266785,-0.008309852331876755,0.6598178148269653,0.5665169954299927,-0.01840047724545002,0.6540352702140808,0.5271996259689331,-0.025782529264688492,0.6511145830154419,0.49592751264572144,-0.031062811613082886,0.6729795336723328,0.6555047035217285,-0.01366459485143423,0.6269192099571228,0.6071967482566833,-0.018738040700554848,0.618998646736145,0.6329681277275085,-0.017790013924241066,0.6259272694587708,0.6519333124160767,-0.017943235114216805,0.6629539728164673,0.6835822463035583,-0.01963789016008377,0.6139539480209351,0.6424481272697449,-0.023236360400915146,0.6131397485733032,0.6679666042327881,-0.018536502495408058,0.6246799826622009,0.6821027994155884,-0.016691051423549652,0.6480735540390015,0.708899974822998,-0.026320891454815865,0.611277163028717,0.6745209097862244,-0.02993691712617874,0.6115132570266724,0.6904179453849792,-0.026173148304224014,0.6228897571563721,0.7033984661102295,-0.022963931784033775
23,0.5704586505889893,0.7559483051300049,2.2445096448109325e-08,0.5819811224937439,0.7029325366020203,-0.0023464923724532127,0.5914643406867981,0.6501832604408264,-0.010661684907972813,0.6007171273231506,0.6139149069786072,-0.01857302337884903,0.6083706021308899,0.6018091440200806,-0.02665119245648384,0.5622342228889465,0.6225462555885315,-0.03127693012356758,0.5672174692153931,0.5554012060165405,-0.051297541707754135,0.5679892897605896,0.5119383335113525,-0.06325816363096237,0.5666112303733826,0.47546499967575073,-0.07063458114862442,0.5595036745071411,0.6447652578353882,-0.03799360617995262,0.5961920022964478,0.6105803847312927,-0.05184537172317505,0.5957056879997253,0.6364846229553223,-0.048610586673021317,0.5861470103263855,0.6470814943313599,-0.046204108744859695,0.5612587928771973,0.6762648820877075,-0.044656142592430115,0.597053587436676,0.6429831981658936,-0.05870821326971054,0.5946621298789978,0.6668928861618042,-0.04939842224121094,0.5859065651893616,0.6760721206665039,-0.04188079386949539,0.5673814415931702,0.7095894813537598,-0.05107667297124863,0.5943843722343445,0.6803015470504761,-0.056484293192625046,0.5938093066215515,0.6982239484786987,-0.04605815187096596,0.5863361954689026,0.7108279466629028,-0.038876838982105255,0.6292205452919006,0.7885629534721375,-1.9223607239382545e-07,0.6246800422668457,0.7182560563087463,-0.0012129895621910691,0.6271501779556274,0.6582797169685364,-0.00721326470375061,0.62171471118927,0.6145062446594238,-0.014451302587985992,0.6134077310562134,0.5842362642288208,-0.021554315462708473,0.6706948280334473,0.6328498721122742,-0.007867456413805485,0.658904492855072,0.5646497011184692,-0.01782853901386261,0.6529523134231567,0.5257095098495483,-0.025151435285806656,0.6501513719558716,0.4948624074459076,-0.030414080247282982,0.67283034324646,0.6543382406234741,-0.013222546316683292,0.6263670921325684,0.6066952347755432,-0.018477151170372963,0.6187858581542969,0.6335071325302124,-0.017628101631999016,0.6258891820907593,0.6525501608848572,-0.017786789685487747,0.6626889705657959,0.6825113296508789,-0.019159868359565735,0.6136161684989929,0.6425296664237976,-0.023259315639734268,0.6128913760185242,0.6689006686210632,-0.019012058153748512,0.6247614622116089,0.6828765869140625,-0.017335131764411926,0.6479408740997314,0.708702802658081,-0.025679249316453934,0.6111735105514526,0.6756751537322998,-0.029356559738516808,0.6114460825920105,0.6926501989364624,-0.0256979800760746,0.6229945421218872,0.7055357098579407,-0.02262248657643795
24,0.5664190053939819,0.7600162625312805,-1.3027819933952856e-09,0.5780066251754761,0.7065128684043884,-0.002137472154572606,0.5873531699180603,0.6529759764671326,-0.00970821175724268,0.5974220037460327,0.6171329021453857,-0.01684359274804592,0.6080843210220337,0.5972537398338318,-0.023779988288879395,0.5575255155563354,0.618297815322876,-0.03094199299812317,0.5647467970848083,0.55328768491745,-0.051243506371974945,0.5663623809814453,0.5116234421730042,-0.06312670558691025,0.5667767524719238,0.4760376811027527,-0.0701659768819809,0.5543621778488159,0.641281008720398,-0.038243260234594345,0.5978017449378967,0.611555814743042,-0.05312264710664749,0.5961914658546448,0.6391186714172363,-0.05062689259648323,0.5848799347877502,0.6507810950279236,-0.048301126807928085,0.5569323301315308,0.6735401153564453,-0.04556352272629738,0.5985310077667236,0.6431109309196472,-0.06040355935692787,0.5957527756690979,0.668681263923645,-0.051409877836704254,0.5858052372932434,0.6772176027297974,-0.043732110410928726,0.5641495585441589,0.7078607082366943,-0.05267145857214928,0.5956227779388428,0.6795920133590698,-0.05788646638393402,0.5955145955085754,0.6987276077270508,-0.04701697826385498,0.5870220065116882,0.7109972834587097,-0.03932461142539978,0.6297805905342102,0.790657103061676,-2.0142313417181867e-07,0.6239195466041565,0.7188020944595337,-0.001614394481293857,0.6260438561439514,0.6580148339271545,-0.00803856085985899,0.6210635900497437,0.613796055316925,-0.015674801543354988,0.613979697227478,0.5839320421218872,-0.02322477661073208,0.6713191866874695,0.6316130757331848,-0.00800833385437727,0.658738374710083,0.563323438167572,-0.018005507066845894,0.6523759961128235,0.5248473882675171,-0.025468695908784866,0.649294912815094,0.4939505457878113,-0.030957266688346863,0.6732415556907654,0.6534087061882019,-0.01332240179181099,0.6262837052345276,0.6052637696266174,-0.018610438331961632,0.6183988451957703,0.6331409215927124,-0.018098613247275352,0.625997006893158,0.6524235606193542,-0.018728671595454216,0.6630576848983765,0.6817731857299805,-0.019250167533755302,0.613666832447052,0.6413520574569702,-0.023226134479045868,0.6125431060791016,0.6682594418525696,-0.01933675818145275,0.6248045563697815,0.682163655757904,-0.018215563148260117,0.6480416059494019,0.7080609798431396,-0.025811804458498955,0.6109880805015564,0.6740357279777527,-0.029278233647346497,0.6109133958816528,0.6914851665496826,-0.025773752480745316,0.6225886940956116,0.704689085483551,-0.023084746673703194
25,0.5656944513320923,0.7589378356933594,8.995306721715224e-09,0.5781179070472717,0.7034721970558167,-0.001302615157328546,0.587668776512146,0.6497756838798523,-0.00899062491953373,0.5976570248603821,0.6140950918197632,-0.016210373491048813,0.6055914163589478,0.6007077693939209,-0.023324046283960342,0.5574347376823425,0.6197582483291626,-0.03184761106967926,0.5652154088020325,0.5552815794944763,-0.05269025266170502,0.5669499635696411,0.512890636920929,-0.0652952566742897,0.5666767358779907,0.4767972230911255,-0.07292553782463074,0.5545060634613037,0.6438093781471252,-0.039197977632284164,0.5972543358802795,0.6129629015922546,-0.053587406873703,0.5963181853294373,0.6406906843185425,-0.05046970024704933,0.585771918296814,0.6524748206138611,-0.0480361133813858,0.5570817589759827,0.6760538220405579,-0.04639947786927223,0.5985726714134216,0.6448027491569519,-0.06026546284556389,0.5959630608558655,0.6694744825363159,-0.05035990849137306,0.5864724516868591,0.6788743138313293,-0.042404498904943466,0.5643882155418396,0.7097967267036438,-0.05335220322012901,0.5961313843727112,0.6806772351264954,-0.05770048126578331,0.5953999757766724,0.6989768743515015,-0.04624571651220322,0.5869129300117493,0.7115662693977356,-0.038418084383010864,0.6293722987174988,0.7896657586097717,-1.9090199998572643e-07,0.6232554912567139,0.7177232503890991,-0.001837131567299366,0.6252010464668274,0.6582630276679993,-0.008795506320893764,0.6211197376251221,0.6158245801925659,-0.016960036009550095,0.6145079731941223,0.5872753262519836,-0.02487262338399887,0.6705701947212219,0.6324132680892944,-0.008793442510068417,0.6584750413894653,0.5639455914497375,-0.019990570843219757,0.6523058414459229,0.5242325067520142,-0.02819741517305374,0.6490367650985718,0.4930081367492676,-0.03391342610120773,0.6730732917785645,0.6538184285163879,-0.014112666249275208,0.6264865398406982,0.606969952583313,-0.020019659772515297,0.6188876032829285,0.6345202922821045,-0.01911168172955513,0.626231849193573,0.6536123156547546,-0.019053062424063683,0.6632652282714844,0.6820684671401978,-0.020162414759397507,0.6137694716453552,0.6430732607841492,-0.024498114362359047,0.612863302230835,0.6692375540733337,-0.019677577540278435,0.6248093247413635,0.6827836036682129,-0.017527008429169655,0.6485909819602966,0.70860356092453,-0.026932459324598312,0.6114090085029602,0.675788164138794,-0.030813930556178093,0.6118102073669434,0.6924040913581848,-0.026961512863636017,0.6235807538032532,0.7048974633216858,-0.02362113632261753
26,0.5673596858978271,0.7596816420555115,2.5884872911774437e-08,0.5807298421859741,0.7072179317474365,-0.0021427900064736605,0.5917336940765381,0.6537098288536072,-0.00952837709337473,0.6028270721435547,0.6167598962783813,-0.01670520380139351,0.613138735294342,0.5950086116790771,-0.023746902123093605,0.5582133531570435,0.6182188391685486,-0.029926253482699394,0.5644548535346985,0.5530960559844971,-0.04987902566790581,0.5665714740753174,0.5112597346305847,-0.06132069230079651,0.5670526623725891,0.47555989027023315,-0.06794491410255432,0.5538684725761414,0.6398345828056335,-0.03729777783155441,0.5986339449882507,0.6098183393478394,-0.05248017609119415,0.5983766317367554,0.6369483470916748,-0.049732502549886703,0.5872655510902405,0.64833664894104,-0.04691414162516594,0.5554659366607666,0.6713458895683289,-0.04474911093711853,0.5990548133850098,0.6414101719856262,-0.06043584272265434,0.5969069004058838,0.6678627133369446,-0.05131939426064491,0.5864511132240295,0.6766238212585449,-0.043089836835861206,0.5619633197784424,0.7050184607505798,-0.05196131765842438,0.5952136516571045,0.6773822903633118,-0.05763613060116768,0.5956743955612183,0.6969626545906067,-0.046693459153175354,0.5869181752204895,0.7096636295318604,-0.03874910622835159,0.6303640007972717,0.7920718193054199,-2.0038632442265225e-07,0.624218225479126,0.7184277176856995,-0.0019819745793938637,0.6267687082290649,0.6570404171943665,-0.00784112885594368,0.6212974786758423,0.6121127009391785,-0.014707800932228565,0.6134857535362244,0.5791594982147217,-0.021501999348402023,0.6725554466247559,0.6317198276519775,-0.0076957461424171925,0.6599022150039673,0.5642907619476318,-0.016982872039079666,0.6530584692955017,0.5257713794708252,-0.023819200694561005,0.649753212928772,0.4953429102897644,-0.028842980042099953,0.6743846535682678,0.6528072953224182,-0.012651799246668816,0.6269974708557129,0.6033653020858765,-0.017615029588341713,0.6186817288398743,0.6294266581535339,-0.01717294193804264,0.6257407665252686,0.6478351354598999,-0.017749840393662453,0.663891613483429,0.680611789226532,-0.018213974311947823,0.6140696406364441,0.639601469039917,-0.022244837135076523,0.6131332516670227,0.6659637093544006,-0.018658878281712532,0.6253708004951477,0.6795795559883118,-0.017592500895261765,0.6486334800720215,0.7058306932449341,-0.024408435449004173,0.6113633513450623,0.6726109981536865,-0.028157835826277733,0.6114324927330017,0.6897597312927246,-0.024980956688523293,0.6233063340187073,0.7022945880889893,-0.022369299083948135
27,0.5673596858978271,0.7596816420555115,2.5884872911774437e-08,0.5807298421859741,0.7072179317474365,-0.0021427900064736605,0.5917336940765381,0.6537098288536072,-0.00952837709337473,0.6028270721435547,0.6167598962783813,-0.01670520380139351,0.613138735294342,0.5950086116790771,-0.023746902123093605,0.5582133531570435,0.6182188391685486,-0.029926253482699394,0.5644548535346985,0.5530960559844971,-0.04987902566790581,0.5665714740753174,0.5112597346305847,-0.06132069230079651,0.5670526623725891,0.47555989027023315,-0.06794491410255432,0.5538684725761414,0.6398345828056335,-0.03729777783155441,0.5986339449882507,0.6098183393478394,-0.05248017609119415,0.5983766317367554,0.6369483470916748,-0.049732502549886703,0.5872655510902405,0.64833664894104,-0.04691414162516594,0.5554659366607666,0.6713458895683289,-0.04474911093711853,0.5990548133850098,0.6414101719856262,-0.06043584272265434,0.5969069004058838,0.6678627133369446,-0.05131939426064491,0.5864511132240295,0.6766238212585449,-0.043089836835861206,0.5619633197784424,0.7050184607505798,-0.05196131765842438,0.5952136516571045,0.6773822903633118,-0.05763613060116768,0.5956743955612183,0.6969626545906067,-0.046693459153175354,0.5869181752204895,0.7096636295318604,-0.03874910622835159,0.6303640007972717,0.7920718193054199,-2.0038632442265225e-07,0.624218225479126,0.7184277176856995,-0.0019819745793938637,0.6267687082290649,0.6570404171943665,-0.00784112885594368,0.6212974786758423,0.6121127009391785,-0.014707800932228565,0.6134857535362244,0.5791594982147217,-0.021501999348402023,0.6725554466247559,0.6317198276519775,-0.0076957461424171925,0.6599022150039673,0.5642907619476318,-0.016982872039079666,0.6530584692955017,0.5257713794708252,-0.023819200694561005,0.649753212928772,0.4953429102897644,-0.028842980042099953,0.6743846535682678,0.6528072953224182,-0.012651799246668816,0.6269974708557129,0.6033653020858765,-0.017615029588341713,0.6186817288398743,0.6294266581535339,-0.01717294193804264,0.6257407665252686,0.6478351354598999,-0.017749840393662453,0.663891613483429,0.680611789226532,-0.018213974311947823,0.6140696406364441,0.639601469039917,-0.022244837135076523,0.6131332516670227,0.6659637093544006,-0.018658878281712532,0.6253708004951477,0.6795795559883118,-0.017592500895261765,0.6486334800720215,0.7058306932449341,-0.024408435449004173,0.6113633513450623,0.6726109981536865,-0.028157835826277733,0.6114324927330017,0.6897597312927246,-0.024980956688523293,0.6233063340187073,0.7022945880889893,-0.022369299083948135
28,0.5654269456863403,0.764182448387146,2.7750507669566105e-08,0.5789932012557983,0.7107158899307251,-0.0021512142848223448,0.588754415512085,0.6553986072540283,-0.009208803065121174,0.5992351770401001,0.6170185804367065,-0.01635311357676983,0.6092414259910583,0.5981020331382751,-0.02325238101184368,0.554679811000824,0.6214215755462646,-0.02603251114487648,0.5627382397651672,0.5574727058410645,-0.04480163753032684,0.5657644271850586,0.5165097117424011,-0.055730510503053665,0.5668187737464905,0.48125410079956055,-0.06222157925367355,0.5510197281837463,0.6429152488708496,-0.03339356184005737,0.5973594784736633,0.6122177243232727,-0.04898940771818161,0.5972419381141663,0.6416086554527283,-0.04732023552060127,0.5853162407875061,0.6535719037055969,-0.04470653086900711,0.5536630749702454,0.6729976534843445,-0.04087914526462555,0.5985671281814575,0.643427312374115,-0.055783260613679886,0.5961453914642334,0.6713795065879822,-0.04658658057451248,0.5850235223770142,0.6808730363845825,-0.03812580183148384,0.5608129501342773,0.7054474949836731,-0.04836177080869675,0.5945783257484436,0.6771803498268127,-0.053357575088739395,0.5946054458618164,0.6976871490478516,-0.042463406920433044,0.5853918790817261,0.7104555368423462,-0.03440266102552414,0.6317598819732666,0.7933782339096069,-1.8977962668031978e-07,0.6268852949142456,0.7222856283187866,-0.002704695798456669,0.6290366649627686,0.6611210703849792,-0.009007849730551243,0.6229732632637024,0.616412878036499,-0.01610919088125229,0.6137889623641968,0.5854600667953491,-0.02308853343129158,0.672283411026001,0.6350504159927368,-0.008849479258060455,0.6592669486999512,0.5672314763069153,-0.018958987668156624,0.6521473526954651,0.5286157727241516,-0.026277625933289528,0.64859938621521,0.49905675649642944,-0.03150499239563942,0.6743850708007812,0.6568758487701416,-0.013296143151819706,0.6265947818756104,0.6081942915916443,-0.01893795095384121,0.6185441017150879,0.6336585879325867,-0.018269335851073265,0.6255439519882202,0.6513866782188416,-0.018474513664841652,0.6639814972877502,0.6849538087844849,-0.01845467835664749,0.6139583587646484,0.6448613405227661,-0.023034226149320602,0.613226056098938,0.6705039739608765,-0.019416270777583122,0.6255138516426086,0.6833141446113586,-0.01812414452433586,0.6490254402160645,0.710767388343811,-0.024236224591732025,0.61158287525177,0.6782549619674683,-0.02856626734137535,0.6120727062225342,0.6948988437652588,-0.025650452822446823,0.6243473887443542,0.706541895866394,-0.02307373844087124
29,0.5654269456863403,0.764182448387146,2.7750507669566105e-08,0.5789932012557983,0.7107158899307251,-0.0021512142848223448,0.588754415512085,0.6553986072540283,-0.009208803065121174,0.5992351770401001,0.6170185804367065,-0.01635311357676983,0.6092414259910583,0.5981020331382751,-0.02325238101184368,0.554679811000824,0.6214215755462646,-0.02603251114487648,0.5627382397651672,0.5574727058410645,-0.04480163753032684,0.5657644271850586,0.5165097117424011,-0.055730510503053665,0.5668187737464905,0.48125410079956055,-0.06222157925367355,0.5510197281837463,0.6429152488708496,-0.03339356184005737,0.5973594784736633,0.6122177243232727,-0.04898940771818161,0.5972419381141663,0.6416086554527283,-0.04732023552060127,0.5853162407875061,0.6535719037055969,-0.04470653086900711,0.5536630749702454,0.6729976534843445,-0.04087914526462555,0.5985671281814575,0.643427312374115,-0.055783260613679886,0.5961453914642334,0.6713795065879822,-0.04658658057451248,0.5850235223770142,0.6808730363845825,-0.03812580183148384,0.5608129501342773,0.7054474949836731,-0.04836177080869675,0.5945783257484436,0.6771803498268127,-0.053357575088739395,0.5946054458618164,0.6976871490478516,-0.042463406920433044,0.5853918790817261,0.7104555368423462,-0.03440266102552414,0.6317598819732666,0.7933782339096069,-1.8977962668031978e-07,0.6268852949142456,0.7222856283187866,-0.002704695798456669,0.6290366649627686,0.6611210703849792,-0.009007849730551243,0.6229732632637024,0.616412878036499,-0.01610919088125229,0.6137889623641968,0.5854600667953491,-0.02308853343129158,0.672283411026001,0.6350504159927368,-0.008849479258060455,0.6592669486999512,0.5672314763069153,-0.018958987668156624,0.6521473526954651,0.5286157727241516,-0.026277625933289528,0.64859938621521,0.49905675649642944,-0.03150499239563942,0.6743850708007812,0.6568758487701416,-0.013296143151819706,0.6265947818756104,0.6081942915916443,-0.01893795095384121,0.6185441017150879,0.6336585879325867,-0.018269335851073265,0.6255439519882202,0.6513866782188416,-0.018474513664841652,0.6639814972877502,0.6849538087844849,-0.01845467835664749,0.6139583587646484,0.6448613405227661,-0.023034226149320602,0.613226056098938,0.6705039739608765,-0.019416270777583122,0.6255138516426086,0.6833141446113586,-0.01812414452433586,0.6490254402160645,0.710767388343811,-0.024236224591732025,0.61158287525177,0.6782549619674683,-0.02856626734137535,0.6120727062225342,0.6948988437652588,-0.025650452822446823,0.6243473887443542,0.706541895866394,-0.02307373844087124
30,0.5728909373283386,0.7838243246078491,1.3713571433981997e-07,0.5948017239570618,0.7233330011367798,-0.0071420068852603436,0.5976753830909729,0.665310263633728,-0.017140140756964684,0.5961470603942871,0.6261991858482361,-0.027367936447262764,0.5974424481391907,0.6017693877220154,-0.036732979118824005,0.5520992279052734,0.6282164454460144,-0.023670010268688202,0.5596958994865417,0.5681830048561096,-0.04344078153371811,0.5626179575920105,0.525754451751709,-0.05545514449477196,0.5639677047729492,0.48929762840270996,-0.06266505271196365,0.5453376770019531,0.6517767310142517,-0.029931124299764633,0.5971012711524963,0.6175597310066223,-0.04772884026169777,0.6010714769363403,0.6499196887016296,-0.04673243314027786,0.5897701382637024,0.6631908416748047,-0.04375269636511803,0.5484597682952881,0.683062732219696,-0.03737784922122955,0.5979865789413452,0.6482014060020447,-0.05356375873088837,0.5999704599380493,0.6759863495826721,-0.04426036775112152,0.5874781012535095,0.686410665512085,-0.0354195199906826,0.5574525594711304,0.7165371775627136,-0.045780375599861145,0.5953845977783203,0.6853455305099487,-0.051710691303014755,0.5988839268684387,0.7056782245635986,-0.04112299904227257,0.587771475315094,0.7193618416786194,-0.03290295973420143,0.6319208741188049,0.7982822060585022,-1.8584886163353076e-07,0.6249328851699829,0.7283627390861511,-0.0023538758978247643,0.6263861060142517,0.6673882603645325,-0.00841911043971777,0.6206188797950745,0.6228699684143066,-0.015276283025741577,0.6118113994598389,0.5936933755874634,-0.0222847331315279,0.6696913242340088,0.6387732028961182,-0.008350688964128494,0.6567559838294983,0.5735823512077332,-0.017741279676556587,0.649915337562561,0.5362841486930847,-0.024916935712099075,0.6463760137557983,0.5078824758529663,-0.030293220654129982,0.6727662682533264,0.6614293456077576,-0.012809067033231258,0.6249223351478577,0.6141560673713684,-0.017914384603500366,0.6168645620346069,0.6395308971405029,-0.01764637976884842,0.6238136291503906,0.6573402285575867,-0.018429243937134743,0.6629539728164673,0.690777599811554,-0.017848964780569077,0.6131182909011841,0.6511291861534119,-0.022169234231114388,0.612071692943573,0.6764031052589417,-0.019237972795963287,0.6241613626480103,0.6896323561668396,-0.018654031679034233,0.6481938362121582,0.7177706956863403,-0.023388687521219254,0.610652506351471,0.6842517256736755,-0.027502385899424553,0.6107361912727356,0.7008715867996216,-0.02478015422821045,0.6226017475128174,0.7130251526832581,-0.022590508684515953
31,0.5704613924026489,0.7790217399597168,1.1925115472877224e-07,0.5891040563583374,0.7211012244224548,-0.0036885563749819994,0.5936934947967529,0.664120614528656,-0.011776870116591454,0.5936402082443237,0.6258348822593689,-0.020362047478556633,0.5973359942436218,0.6009348034858704,-0.028388895094394684,0.5516137480735779,0.6281787753105164,-0.022135058417916298,0.5594862699508667,0.5676013231277466,-0.04135378822684288,0.562889575958252,0.5244404077529907,-0.05319162458181381,0.5632842183113098,0.48636865615844727,-0.0602012537419796,0.5454056262969971,0.6510676145553589,-0.029314221814274788,0.5969604253768921,0.6162205338478088,-0.047073494642972946,0.601715624332428,0.6488685011863708,-0.04648894816637039,0.5894068479537964,0.6626723408699036,-0.04351549595594406,0.5487507581710815,0.6819182634353638,-0.03710104152560234,0.5982650518417358,0.6466623544692993,-0.05287551507353783,0.6007982492446899,0.6752669811248779,-0.04358518868684769,0.5877129435539246,0.6853587031364441,-0.03453744202852249,0.557354211807251,0.7146415710449219,-0.0453689768910408,0.594910204410553,0.6830896735191345,-0.05052513629198074,0.5977354645729065,0.704433798789978,-0.03939841687679291,0.5860185027122498,0.7182340025901794,-0.03074858896434307,0.6336871981620789,0.7962957620620728,-1.8634207776813128e-07,0.6252215504646301,0.7275952696800232,-0.0018492648378014565,0.6258088946342468,0.6683473587036133,-0.008448529057204723,0.6210998296737671,0.6249818801879883,-0.015831712633371353,0.6134260296821594,0.593686044216156,-0.02346402406692505,0.668784499168396,0.6388009190559387,-0.009498110972344875,0.6561510562896729,0.5748496651649475,-0.019630543887615204,0.649078905582428,0.5369346737861633,-0.027189960703253746,0.6451191902160645,0.5078206658363342,-0.03275590389966965,0.6722374558448792,0.6610816717147827,-0.014219623059034348,0.6250160932540894,0.6140634417533875,-0.01966232806444168,0.6169111132621765,0.6400386095046997,-0.01897420547902584,0.6239840984344482,0.6578142642974854,-0.019423989579081535,0.6626231670379639,0.6900809407234192,-0.019443172961473465,0.6133348345756531,0.6504923105239868,-0.02406739443540573,0.6118552684783936,0.676110565662384,-0.02067922241985798,0.6236310005187988,0.6893151998519897,-0.01982630230486393,0.6480908989906311,0.7168518304824829,-0.02505767159163952,0.6101574897766113,0.6830391883850098,-0.0294383242726326,0.6099333763122559,0.7002146244049072,-0.0265883170068264,0.6213535666465759,0.7125751376152039,-0.024358652532100677
32,0.5666555762290955,0.7745084762573242,3.898256295542524e-08,0.5799750089645386,0.7189075350761414,-0.001886440091766417,0.5885698199272156,0.6614111661911011,-0.00878826342523098,0.596510648727417,0.6223085522651672,-0.01581946387887001,0.6043776273727417,0.6046409606933594,-0.022457130253314972,0.5524442791938782,0.6275232434272766,-0.025398854166269302,0.560181200504303,0.564424991607666,-0.04463370144367218,0.563109278678894,0.5223094820976257,-0.055528655648231506,0.5642845034599304,0.4865795969963074,-0.06185709685087204,0.5485247373580933,0.6489291191101074,-0.03328710049390793,0.5956571698188782,0.615435004234314,-0.04856773093342781,0.5970728397369385,0.646681547164917,-0.04613039642572403,0.5859394669532776,0.6585803031921387,-0.04294435307383537,0.5515335202217102,0.6788573861122131,-0.04143994301557541,0.5980901122093201,0.6472510099411011,-0.05668210983276367,0.596297025680542,0.6765847206115723,-0.047340311110019684,0.5845432877540588,0.6844400763511658,-0.038731370121240616,0.5596975088119507,0.7118433713912964,-0.049580298364162445,0.5943673253059387,0.6825958490371704,-0.05460637807846069,0.5947023034095764,0.7050309777259827,-0.043360643088817596,0.5850256085395813,0.7176317572593689,-0.035081714391708374,0.6324255466461182,0.7965383529663086,-1.8170695170738327e-07,0.6259310245513916,0.7278513312339783,-0.0020324410870671272,0.6266553401947021,0.6676725149154663,-0.008614830672740936,0.6198761463165283,0.6226070523262024,-0.016116676852107048,0.6108785271644592,0.5930050611495972,-0.023763207718729973,0.6701246500015259,0.6388649344444275,-0.009155080653727055,0.6564894914627075,0.5718942880630493,-0.018670514225959778,0.6492134928703308,0.533555805683136,-0.025756612420082092,0.645608127117157,0.5048352479934692,-0.031002970412373543,0.6725572943687439,0.6603955626487732,-0.013875557109713554,0.6245996356010437,0.6128454208374023,-0.0188275333493948,0.617155134677887,0.6377620100975037,-0.018227556720376015,0.6243242025375366,0.655514121055603,-0.018831636756658554,0.6623308062553406,0.6889421939849854,-0.0190958920866251,0.6124894618988037,0.6493139266967773,-0.023025263100862503,0.6118243932723999,0.6743356585502625,-0.019754718989133835,0.6238703727722168,0.6875301599502563,-0.019067833200097084,0.647373616695404,0.7153473496437073,-0.0248205978423357,0.6097771525382996,0.6824811697006226,-0.028651194646954536,0.6102697253227234,0.6987953186035156,-0.02577171102166176,0.622151255607605,0.7108505368232727,-0.023510880768299103
33,0.5642088651657104,0.7745802402496338,5.5644029828272323e-08,0.578899085521698,0.7203951478004456,-0.002311148913577199,0.5873345136642456,0.6644445657730103,-0.009734617546200752,0.5958220958709717,0.625486433506012,-0.0173910204321146,0.6053777933120728,0.601985514163971,-0.02454952895641327,0.5516961216926575,0.6296162009239197,-0.02533899061381817,0.5594462156295776,0.5652152299880981,-0.04446566477417946,0.5625673532485962,0.523446798324585,-0.05533282086253166,0.5637474656105042,0.48829299211502075,-0.06152696907520294,0.5479900240898132,0.6511949896812439,-0.033064231276512146,0.5963417291641235,0.6187071800231934,-0.04897784814238548,0.5976438522338867,0.6486528515815735,-0.047189392149448395,0.5863584876060486,0.6609504818916321,-0.04418664053082466,0.5510863065719604,0.6809208989143372,-0.04106499254703522,0.5980470180511475,0.6494296789169312,-0.05622709169983864,0.5967845916748047,0.6780992746353149,-0.046753399074077606,0.5852310061454773,0.6878389120101929,-0.037923261523246765,0.5592358112335205,0.7128088474273682,-0.04916663095355034,0.5944914817810059,0.6843017935752869,-0.0543757863342762,0.595314621925354,0.7061266899108887,-0.04325491189956665,0.5856189727783203,0.7194272875785828,-0.0348268523812294,0.6309989094734192,0.7952110171318054,-1.7876766378321918e-07,0.6256240606307983,0.7239298820495605,-0.0013051944551989436,0.6272484064102173,0.6633670926094055,-0.0074745845049619675,0.6208413243293762,0.6198981404304504,-0.014858182519674301,0.6115841865539551,0.5917690396308899,-0.022172249853610992,0.669981062412262,0.637054443359375,-0.008183580823242664,0.656280517578125,0.569796085357666,-0.018085429444909096,0.6494345664978027,0.5313090085983276,-0.024872250854969025,0.6464283466339111,0.5017412900924683,-0.029552560299634933,0.6723842620849609,0.6596240997314453,-0.013302832841873169,0.6243072748184204,0.6132075190544128,-0.018143782392144203,0.6171767711639404,0.6395800113677979,-0.016352809965610504,0.6245234608650208,0.6579380035400391,-0.015701282769441605,0.6622148156166077,0.6889759302139282,-0.019077599048614502,0.612303614616394,0.6496433019638062,-0.0234038345515728,0.6120254397392273,0.6755490303039551,-0.018932001665234566,0.6239287853240967,0.6889958381652832,-0.016802363097667694,0.6474859118461609,0.7160427570343018,-0.025336124002933502,0.6103808879852295,0.6833522319793701,-0.029196439310908318,0.611243724822998,0.6993799209594727,-0.02552483230829239,0.6229656934738159,0.7113692164421082,-0.022258425131440163
34,0.5743811726570129,0.7855375409126282,1.2700280649369233e-07,0.5926421880722046,0.7275241613388062,-0.006412691902369261,0.594295084476471,0.6704161167144775,-0.016375325620174408,0.5920661687850952,0.6307500004768372,-0.02652340941131115,0.5929691195487976,0.6072733402252197,-0.03595518693327904,0.5516526699066162,0.6329227089881897,-0.024949969723820686,0.5588842034339905,0.5729770064353943,-0.04473477974534035,0.5616973042488098,0.5304824709892273,-0.05643123388290405,0.5627951622009277,0.49506381154060364,-0.06322554498910904,0.544933021068573,0.6562418937683105,-0.031209297478199005,0.5952150821685791,0.6180455088615417,-0.04793659597635269,0.6002788543701172,0.6504268646240234,-0.04570923373103142,0.5898995995521545,0.6644516587257385,-0.04206189140677452,0.5484265089035034,0.6873394846916199,-0.038415342569351196,0.5963702201843262,0.6493422985076904,-0.05384352430701256,0.5985210537910461,0.6774392127990723,-0.04372843727469444,0.5861403942108154,0.689165472984314,-0.034502025693655014,0.5577913522720337,0.7208843231201172,-0.046452365815639496,0.5946434736251831,0.6874526739120483,-0.05206598341464996,0.5976036190986633,0.7083770632743835,-0.04091207683086395,0.5859999656677246,0.7232932448387146,-0.03225492313504219,0.6332958936691284,0.7954204082489014,-1.6956819592905958e-07,0.6267715096473694,0.7262433767318726,-0.002154179383069277,0.6272397637367249,0.666795015335083,-0.008978025056421757,0.6214799284934998,0.6242282390594482,-0.01673673652112484,0.612116813659668,0.5972357988357544,-0.024673787876963615,0.6679722666740417,0.6396075487136841,-0.009527833200991154,0.6556155681610107,0.5743608474731445,-0.02015169896185398,0.6498653888702393,0.5360652208328247,-0.02821948006749153,0.6465548276901245,0.5069027543067932,-0.03413594886660576,0.6715416312217712,0.6621947884559631,-0.01447062473744154,0.624647319316864,0.6163544058799744,-0.020527007058262825,0.6168346405029297,0.6415537595748901,-0.020094964653253555,0.6239215731620789,0.6585570573806763,-0.02050328440964222,0.6626548171043396,0.6924384832382202,-0.01998797059059143,0.6132956147193909,0.6544105410575867,-0.024564506486058235,0.612549364566803,0.6785637140274048,-0.02088933438062668,0.6241668462753296,0.6914759874343872,-0.019678445532917976,0.6487883925437927,0.7213150858879089,-0.026036055758595467,0.6112679839134216,0.6877660155296326,-0.030092211440205574,0.6115397214889526,0.7030248641967773,-0.026693683117628098,0.6228762865066528,0.7149048447608948,-0.023971054702997208
35,0.5743811726570129,0.7855375409126282,1.2700280649369233e-07,0.5926421880722046,0.7275241613388062,-0.006412691902369261,0.594295084476471,0.6704161167144775,-0.016375325620174408,0.5920661687850952,0.6307500004768372,-0.02652340941131115,0.5929691195487976,0.6072733402252197,-0.03595518693327904,0.5516526699066162,0.6329227089881897,-0.024949969723820686,0.5588842034339905,0.5729770064353943,-0.04473477974534035,0.5616973042488098,0.5304824709892273,-0.05643123388290405,0.5627951622009277,0.49506381154060364,-0.06322554498910904,0.544933021068573,0.6562418937683105,-0.031209297478199005,0.5952150821685791,0.6180455088615417,-0.04793659597635269,0.6002788543701172,0.6504268646240234,-0.04570923373103142,0.5898995995521545,0.6644516587257385,-0.04206189140677452,0.5484265089035034,0.6873394846916199,-0.038415342569351196,0.5963702201843262,0.6493422985076904,-0.05384352430701256,0.5985210537910461,0.6774392127990723,-0.04372843727469444,0.5861403942108154,0.689165472984314,-0.034502025693655014,0.5577913522720337,0.7208843231201172,-0.046452365815639496,0.5946434736251831,0.6874526739120483,-0.05206598341464996,0.5976036190986633,0.7083770632743835,-0.04091207683086395,0.5859999656677246,0.7232932448387146,-0.03225492313504219,0.6332958936691284,0.7954204082489014,-1.6956819592905958e-07,0.6267715096473694,0.7262433767318726,-0.002154179383069277,0.6272397637367249,0.666795015335083,-0.008978025056421757,0.6214799284934998,0.6242282390594482,-0.01673673652112484,0.612116813659668,0.5972357988357544,-0.024673787876963615,0.6679722666740417,0.6396075487136841,-0.009527833200991154,0.6556155681610107,0.5743608474731445,-0.02015169896185398,0.6498653888702393,0.5360652208328247,-0.02821948006749153,0.6465548276901245,0.5069027543067932,-0.03413594886660576,0.6715416312217712,0.6621947884559631,-0.01447062473744154,0.624647319316864,0.6163544058799744,-0.020527007058262825,0.6168346405029297,0.6415537595748901,-0.020094964653253555,0.6239215731620789,0.6585570573806763,-0.02050328440964222,0.6626548171043396,0.6924384832382202,-0.01998797059059143,0.6132956147193909,0.6544105410575867,-0.024564506486058235,0.612549364566803,0.6785637140274048,-0.02088933438062668,0.6241668462753296,0.6914759874343872,-0.019678445532917976,0.6487883925437927,0.7213150858879089,-0.026036055758595467,0.6112679839134216,0.6877660155296326,-0.030092211440205574,0.6115397214889526,0.7030248641967773,-0.026693683117628098,0.6228762865066528,0.7149048447608948,-0.023971054702997208
36,0.5708093643188477,0.7873865365982056,1.1297445468017031e-07,0.5904351472854614,0.7289068698883057,-0.005915610119700432,0.5942063927650452,0.6687154769897461,-0.015478184446692467,0.5944253206253052,0.6269542574882507,-0.02520834095776081,0.5974711775779724,0.6035363674163818,-0.03414061293005943,0.5511018633842468,0.6329850554466248,-0.024877766147255898,0.557841956615448,0.5719598531723022,-0.04456605762243271,0.5603418946266174,0.5288090109825134,-0.05579359829425812,0.5611550211906433,0.4932195544242859,-0.062236275523900986,0.5441998243331909,0.6561723351478577,-0.031340550631284714,0.5958737730979919,0.6200514435768127,-0.04837855324149132,0.6000952124595642,0.6531609296798706,-0.046052202582359314,0.5891698002815247,0.6655045747756958,-0.042003851383924484,0.5473032593727112,0.6870042681694031,-0.038684893399477005,0.596950352191925,0.6502593159675598,-0.05462494492530823,0.5989842414855957,0.6794400215148926,-0.04446162283420563,0.586405873298645,0.6896116733551025,-0.03479808196425438,0.5562297105789185,0.7203036546707153,-0.04672941565513611,0.5941675901412964,0.6879611015319824,-0.052633434534072876,0.596958339214325,0.7100211977958679,-0.041425611823797226,0.5851677060127258,0.7243294715881348,-0.032553739845752716,0.6324199438095093,0.7994587421417236,-1.793644628378388e-07,0.6260665059089661,0.7303828597068787,-0.0023557227104902267,0.6270135045051575,0.6692483425140381,-0.008703377097845078,0.6208243370056152,0.6250421404838562,-0.016019636765122414,0.6115871071815491,0.5967077016830444,-0.023304829373955727,0.6699068546295166,0.6410297751426697,-0.008676528930664062,0.6567671895027161,0.5743269324302673,-0.018727188929915428,0.6501747965812683,0.536325991153717,-0.025992779061198235,0.6471497416496277,0.5072157382965088,-0.031275179237127304,0.6725301742553711,0.6631816625595093,-0.013520942069590092,0.6244293451309204,0.6170618534088135,-0.019183311611413956,0.6168112754821777,0.64310622215271,-0.01837916485965252,0.6243268847465515,0.6606159806251526,-0.018501432612538338,0.6627426743507385,0.6928869485855103,-0.019070599228143692,0.6125031113624573,0.6544551253318787,-0.023657653480768204,0.6116515398025513,0.6804749369621277,-0.01968454197049141,0.6236602067947388,0.6938756704330444,-0.018135810270905495,0.6481601595878601,0.7209194898605347,-0.02523677982389927,0.610338568687439,0.6878327131271362,-0.02949659898877144,0.6103906035423279,0.704491913318634,-0.026263078674674034,0.6219958662986755,0.7170712947845459,-0.023463323712348938
37,0.5736508369445801,0.7798764109611511,1.4235526180073066e-07,0.5890024900436401,0.7250884771347046,-0.005087194032967091,0.5913504958152771,0.6698428988456726,-0.015093489550054073,0.5923135280609131,0.6302599906921387,-0.025435108691453934,0.597427248954773,0.600567638874054,-0.0351654477417469,0.5512762069702148,0.6332485675811768,-0.025287337601184845,0.5574920177459717,0.5754276514053345,-0.04687017202377319,0.5593831539154053,0.5331646203994751,-0.05970217287540436,0.559520959854126,0.498032808303833,-0.06667524576187134,0.5455024242401123,0.6558181643486023,-0.03177331015467644,0.5958359837532043,0.6203435659408569,-0.04933307319879532,0.6006946563720703,0.6520112156867981,-0.04697468504309654,0.5894961953163147,0.6654314398765564,-0.042648304253816605,0.5491910576820374,0.6870003342628479,-0.03914417326450348,0.5960562825202942,0.6516698002815247,-0.055554941296577454,0.5989006161689758,0.6800193786621094,-0.04555210471153259,0.5859333872795105,0.690670371055603,-0.035857029259204865,0.5578223466873169,0.7199224829673767,-0.04705138877034187,0.5942735075950623,0.6906020641326904,-0.053445152938365936,0.5970809459686279,0.7118200659751892,-0.04227786883711815,0.584592878818512,0.7258663177490234,-0.033193498849868774,0.6369293332099915,0.7951720356941223,-1.5595578872762417e-07,0.6280731558799744,0.7295138239860535,-0.0020134926307946444,0.6268407106399536,0.6695886254310608,-0.00886012427508831,0.6215046644210815,0.6268341541290283,-0.016325585544109344,0.6135680675506592,0.5988287329673767,-0.023880118504166603,0.6666780710220337,0.6398284435272217,-0.010244306176900864,0.6526521444320679,0.5742306709289551,-0.021456824615597725,0.6467442512512207,0.5333472490310669,-0.029269486665725708,0.6433535218238831,0.50194251537323,-0.03517143428325653,0.670604407787323,0.6620657444000244,-0.015375211834907532,0.6229066848754883,0.616400957107544,-0.022733384743332863,0.615506649017334,0.6452598571777344,-0.021165961399674416,0.623588502407074,0.6625111103057861,-0.020519675686955452,0.6617625951766968,0.6920795440673828,-0.021184876561164856,0.6124066114425659,0.6555153131484985,-0.02742134965956211,0.6121730804443359,0.6822581887245178,-0.022630538791418076,0.6250274181365967,0.6939806938171387,-0.020475197583436966,0.6483040452003479,0.7216295599937439,-0.027347831055521965,0.6098429560661316,0.6878771185874939,-0.03297432139515877,0.6102347373962402,0.70511794090271,-0.02962619811296463,0.6224734783172607,0.7162373065948486,-0.026876017451286316
38,0.5729711055755615,0.7907320857048035,1.1315594150573816e-07,0.5900301933288574,0.7319896221160889,-0.004859043285250664,0.5925949215888977,0.6721377968788147,-0.013958410359919071,0.592863142490387,0.6306989789009094,-0.0233741607517004,0.5977548956871033,0.603705644607544,-0.032020021229982376,0.550712525844574,0.6368013024330139,-0.02416236139833927,0.5581169724464417,0.5775951743125916,-0.04497668892145157,0.5602018237113953,0.5358192324638367,-0.05745130032300949,0.5610747337341309,0.5005590915679932,-0.06453460454940796,0.5448733568191528,0.6606350541114807,-0.030968979001045227,0.5957188010215759,0.6216616630554199,-0.04825418442487717,0.6003469228744507,0.6537079811096191,-0.046493105590343475,0.5903287529945374,0.6685646772384644,-0.042874526232481,0.5487919449806213,0.6919618248939514,-0.03865090757608414,0.5967681407928467,0.6535033583641052,-0.05436886101961136,0.5984567999839783,0.6813522577285767,-0.04464348033070564,0.5863947868347168,0.692538857460022,-0.03542051091790199,0.5581835508346558,0.72514408826828,-0.046968668699264526,0.5954936146736145,0.692818820476532,-0.05261431634426117,0.5980459451675415,0.7133951187133789,-0.041610609740018845,0.5863812565803528,0.7275488376617432,-0.03293851390480995,0.6343240141868591,0.8047807216644287,-1.7333310609046748e-07,0.6278185248374939,0.7346599102020264,-0.001784512773156166,0.6282728314399719,0.6734004020690918,-0.007852490991353989,0.6217043399810791,0.6290906667709351,-0.014852691441774368,0.6118990182876587,0.6006702184677124,-0.022029699757695198,0.6693075895309448,0.642918050289154,-0.008257186971604824,0.6562651991844177,0.578020453453064,-0.017777031287550926,0.6502606868743896,0.5400872230529785,-0.02512720786035061,0.6473017930984497,0.5111269950866699,-0.03071550466120243,0.6728938817977905,0.6662637591362,-0.013151152990758419,0.6242979764938354,0.6204374432563782,-0.01830875501036644,0.6169593334197998,0.6458834409713745,-0.01791198179125786,0.624274492263794,0.6634427309036255,-0.018559977412223816,0.6634820699691772,0.6976497173309326,-0.018583033233880997,0.6128188371658325,0.6589874625205994,-0.022704366594552994,0.612318217754364,0.6836861968040466,-0.01947161741554737,0.6243264079093933,0.6966883540153503,-0.018671851605176926,0.6489277482032776,0.7270917892456055,-0.024503041058778763,0.6107730865478516,0.6936540603637695,-0.028628794476389885,0.6113417148590088,0.7095910310745239,-0.025778722018003464,0.623273491859436,0.7216603755950928,-0.023420939221978188
39,0.574713945388794,0.7934960126876831,1.1553800760566446e-07,0.5920694470405579,0.7339788675308228,-0.004888683091849089,0.5935462117195129,0.6741946339607239,-0.013968102633953094,0.5915175676345825,0.6326383948326111,-0.023555317893624306,0.5927091836929321,0.6097313165664673,-0.03246708959341049,0.5512234568595886,0.6399651169776917,-0.02284718118607998,0.5580581426620483,0.5800692439079285,-0.04232758656144142,0.5604077577590942,0.5382830500602722,-0.05354443937540054,0.5609831809997559,0.5035498142242432,-0.05986662581562996,0.5451173782348633,0.6635627150535583,-0.029743310064077377,0.594812273979187,0.6234638690948486,-0.046160873025655746,0.5997538566589355,0.6555320024490356,-0.043730590492486954,0.5897844433784485,0.6693840026855469,-0.039725858718156815,0.548905611038208,0.6952049732208252,-0.03751755878329277,0.5961839556694031,0.6550924777984619,-0.05268988013267517,0.5980731248855591,0.6826654076576233,-0.04256068915128708,0.5858319997787476,0.6939879655838013,-0.0331374891102314,0.5581952929496765,0.7293752431869507,-0.04598025232553482,0.5948274731636047,0.6948342323303223,-0.05114424228668213,0.5973032116889954,0.7151622772216797,-0.03983397036790848,0.5854150056838989,0.7300052046775818,-0.0310517605394125,0.6343770623207092,0.8032104969024658,-1.7266896179535252e-07,0.627332866191864,0.7340707778930664,-0.002314286772161722,0.6272632479667664,0.6741461753845215,-0.008981811814010143,0.620917797088623,0.6312678456306458,-0.01657896861433983,0.6119027137756348,0.6037910580635071,-0.02427668683230877,0.6694603562355042,0.6445446610450745,-0.008916095830500126,0.656600296497345,0.5809783935546875,-0.01888963393867016,0.6509034633636475,0.5440641045570374,-0.026393944397568703,0.6480847597122192,0.5158663392066956,-0.031963203102350235,0.6733345985412598,0.667803943157196,-0.013799477368593216,0.6238661408424377,0.6235062479972839,-0.01922096684575081,0.616828203201294,0.6489880681037903,-0.018734950572252274,0.6248676776885986,0.6659095883369446,-0.01923673413693905,0.6643093824386597,0.6988686919212341,-0.019287321716547012,0.6130475997924805,0.6611889600753784,-0.02357596904039383,0.6124120950698853,0.686633288860321,-0.019752001389861107,0.6241834759712219,0.6998342871665955,-0.01850173808634281,0.6499674320220947,0.7281786203384399,-0.025368094444274902,0.6108864545822144,0.6950030326843262,-0.029726656153798103,0.6112194657325745,0.7112850546836853,-0.02661186084151268,0.62278151512146,0.7235459685325623,-0.023951880633831024
40,0.5764436721801758,0.7907354235649109,1.3649142260874214e-07,0.5924941897392273,0.7327002882957458,-0.0048959688283503056,0.5941685438156128,0.6758987307548523,-0.014990122988820076,0.5937274098396301,0.6353293657302856,-0.02569444105029106,0.5971018075942993,0.61025470495224,-0.03580412641167641,0.5515956878662109,0.6420665383338928,-0.02348339930176735,0.5581016540527344,0.5834518074989319,-0.044440191239118576,0.5606625080108643,0.5408642292022705,-0.056750498712062836,0.5620661377906799,0.5063623785972595,-0.06356784701347351,0.5457262396812439,0.6654735803604126,-0.030480986461043358,0.5948868989944458,0.6254639029502869,-0.0488063283264637,0.6006520390510559,0.6580609083175659,-0.046899568289518356,0.5911089181900024,0.6736215949058533,-0.04265698790550232,0.5493581891059875,0.696686863899231,-0.0384051688015461,0.5955982208251953,0.6585285663604736,-0.055175043642520905,0.5977932810783386,0.6859296560287476,-0.04569557309150696,0.5858138799667358,0.6970826983451843,-0.036263637244701385,0.558592677116394,0.7297201156616211,-0.04691658169031143,0.5944744348526001,0.697785496711731,-0.053338464349508286,0.5970268249511719,0.718163013458252,-0.042712144553661346,0.585067868232727,0.7323904633522034,-0.0340651273727417,0.6363776922225952,0.8018535375595093,-1.7090688686494104e-07,0.6285905241966248,0.7357938885688782,-0.001887130318209529,0.627959668636322,0.6760666370391846,-0.008406656794250011,0.6219493746757507,0.6342514753341675,-0.01570490375161171,0.6129480004310608,0.6080414056777954,-0.02310784161090851,0.6676561832427979,0.6456432938575745,-0.009665950201451778,0.6553820967674255,0.5827885866165161,-0.02057933434844017,0.6490800976753235,0.5452399253845215,-0.028753923252224922,0.645037829875946,0.5165135264396667,-0.03470485657453537,0.6719832420349121,0.6683986783027649,-0.014569566585123539,0.623495876789093,0.6261805891990662,-0.020708398893475533,0.615984320640564,0.6528570055961609,-0.01988181471824646,0.6237398982048035,0.6693786978721619,-0.020029470324516296,0.6632704734802246,0.6994794607162476,-0.020068446174263954,0.6131964921951294,0.6644043922424316,-0.02497619017958641,0.6123925447463989,0.6895321607589722,-0.02107156440615654,0.6240523457527161,0.7018083333969116,-0.019694697111845016,0.6496436595916748,0.7296714782714844,-0.026003653183579445,0.6111351847648621,0.6976504921913147,-0.030648894608020782,0.6109128594398499,0.7137315273284912,-0.02748546004295349,0.6218905448913574,0.7253153324127197,-0.024855080991983414
