frame,feature_0,feature_1,feature_2,feature_3,feature_4,feature_5,feature_6,feature_7,feature_8,feature_9,feature_10,feature_11,feature_12,feature_13,feature_14,feature_15,feature_16,feature_17,feature_18,feature_19,feature_20,feature_21,feature_22,feature_23,feature_24,feature_25,feature_26,feature_27,feature_28,feature_29,feature_30,feature_31,feature_32,feature_33,feature_34,feature_35,feature_36,feature_37,feature_38,feature_39,feature_40,feature_41,feature_42,feature_43,feature_44,feature_45,feature_46,feature_47,feature_48,feature_49,feature_50,feature_51,feature_52,feature_53,feature_54,feature_55,feature_56,feature_57,feature_58,feature_59,feature_60,feature_61,feature_62,feature_63,feature_64,feature_65,feature_66,feature_67,feature_68,feature_69,feature_70,feature_71,feature_72,feature_73,feature_74,feature_75,feature_76,feature_77,feature_78,feature_79,feature_80,feature_81,feature_82,feature_83,feature_84,feature_85,feature_86,feature_87,feature_88,feature_89,feature_90,feature_91,feature_92,feature_93,feature_94,feature_95,feature_96,feature_97,feature_98,feature_99,feature_100,feature_101,feature_102,feature_103,feature_104,feature_105,feature_106,feature_107,feature_108,feature_109,feature_110,feature_111,feature_112,feature_113,feature_114,feature_115,feature_116,feature_117,feature_118,feature_119,feature_120,feature_121,feature_122,feature_123,feature_124,feature_125
1,0.39708569645881653,0.7904031872749329,7.771237875431325e-08,0.4168343245983124,0.7436478137969971,-0.0007120320806279778,0.41428327560424805,0.6802354454994202,-0.00474269175902009,0.4102790653705597,0.6357966661453247,-0.010251128114759922,0.4081483483314514,0.6041684150695801,-0.015505966730415821,0.37241315841674805,0.648810625076294,-0.016268573701381683,0.3617756962776184,0.5825104117393494,-0.031110651791095734,0.3610353469848633,0.5381283760070801,-0.03922156244516373,0.36009785532951355,0.5032393932342529,-0.0441630557179451,0.36483001708984375,0.6664400696754456,-0.02402820996940136,0.4041597545146942,0.6204031705856323,-0.04190767556428909,0.4201326370239258,0.6586868166923523,-0.042111728340387344,0.420062392950058,0.6869078874588013,-0.03816056624054909,0.3657146990299225,0.6926814317703247,-0.031770508736371994,0.40588706731796265,0.6505657434463501,-0.04906100407242775,0.4177241623401642,0.6875893473625183,-0.04023466259241104,0.4134271442890167,0.7097157835960388,-0.029712455347180367,0.37210068106651306,0.7218640446662903,-0.039496973156929016,0.40206292271614075,0.6826680302619934,-0.04823479428887367,0.4118235111236572,0.7049566507339478,-0.0386047288775444,0.4084269404411316,0.7265021800994873,-0.029212919995188713,0.7696336507797241,0.723289430141449,-3.3822007594608294e-07,0.7576373815536499,0.6668412685394287,-0.006245576310902834,0.7586674690246582,0.6042486429214478,-0.011781157925724983,0.7701374292373657,0.5622358918190002,-0.019429631531238556,0.7876731753349304,0.5407236814498901,-0.026754163205623627,0.7993137240409851,0.5831807851791382,-0.0011549816699698567,0.8076077699661255,0.5197798013687134,-0.014222919009625912,0.810348629951477,0.48167845606803894,-0.02263607829809189,0.8128660917282104,0.4515669047832489,-0.02819131314754486,0.8117733001708984,0.606290340423584,-0.005499492399394512,0.7982934713363647,0.5594679117202759,-0.028955984860658646,0.7807105779647827,0.5964760780334473,-0.03644170984625816,0.7713010311126709,0.6309935450553894,-0.03579722344875336,0.823503315448761,0.6310373544692993,-0.011503174901008606,0.8050205111503601,0.5885298848152161,-0.032811474055051804,0.7884013652801514,0.6287819147109985,-0.03044975735247135,0.78117436170578,0.6622250080108643,-0.02294835075736046,0.8332714438438416,0.6605590581893921,-0.018298892304301262,0.8170488476753235,0.6170367002487183,-0.031955864280462265,0.8019482493400574,0.6416743397712708,-0.029447870329022408,0.7963789105415344,0.6674934029579163,-0.023742176592350006
2,0.3868912160396576,0.7824621796607971,2.7208466590877833e-08,0.4002537131309509,0.7476108074188232,-0.0006883550668135285,0.40124642848968506,0.6874902248382568,-0.006260780151933432,0.40479788184165955,0.640940248966217,-0.01274527981877327,0.40805232524871826,0.6046895980834961,-0.01895441673696041,0.3710196018218994,0.648115336894989,-0.022051790729165077,0.36228182911872864,0.5760882496833801,-0.03784278407692909,0.36130866408348083,0.5323743224143982,-0.04628004506230354,0.35944122076034546,0.4998427629470825,-0.051306143403053284,0.36539527773857117,0.6634395122528076,-0.02886492758989334,0.40103405714035034,0.6180355548858643,-0.0452759824693203,0.4152379631996155,0.6552533507347107,-0.04494825378060341,0.4156123399734497,0.6847937107086182,-0.041720688343048096,0.36694973707199097,0.6887111067771912,-0.03514443337917328,0.405403733253479,0.6484665274620056,-0.05099479481577873,0.4139908254146576,0.6843227744102478,-0.042505551129579544,0.4110613763332367,0.7076693773269653,-0.03317245468497276,0.37421777844429016,0.7161592245101929,-0.04110293090343475,0.4030474126338959,0.6829943060874939,-0.050045743584632874,0.409925639629364,0.7057625651359558,-0.041482582688331604,0.40750858187675476,0.7271467447280884,-0.03317880630493164,0.7694516181945801,0.7232659459114075,-3.331646496462781e-07,0.7570235133171082,0.6670783162117004,-0.005447155795991421,0.7582475543022156,0.6033226847648621,-0.01030338741838932,0.7699485421180725,0.5615493655204773,-0.01734151318669319,0.7872506976127625,0.5405731797218323,-0.024100223556160927,0.7983520030975342,0.5814274549484253,-0.0006577358581125736,0.8065552115440369,0.5170806646347046,-0.013169514015316963,0.8096359968185425,0.4788414239883423,-0.021229466423392296,0.8125383257865906,0.4490708112716675,-0.02665575034916401,0.8108304142951965,0.6047828793525696,-0.005289382766932249,0.7977569103240967,0.5597903728485107,-0.028207628056406975,0.7807056307792664,0.5974447131156921,-0.035498276352882385,0.7717325091362,0.6320759057998657,-0.03485004976391792,0.8224721550941467,0.6302233934402466,-0.01146262139081955,0.8041975498199463,0.5890942215919495,-0.03220785781741142,0.7882440686225891,0.6293337941169739,-0.029842320829629898,0.781503438949585,0.6625112295150757,-0.022542202845215797,0.8320944309234619,0.6603723764419556,-0.01835477724671364,0.8164548277854919,0.6172527074813843,-0.0315672941505909,0.8018001914024353,0.6412721276283264,-0.028959017246961594,0.7965140342712402,0.6664323806762695,-0.023351125419139862
3,0.38662073016166687,0.7818323373794556,3.4190620112894976e-08,0.39907005429267883,0.7403040528297424,-0.0016859458992257714,0.4005786180496216,0.681969165802002,-0.006972716189920902,0.40225639939308167,0.6368736028671265,-0.012920275330543518,0.4047495126724243,0.6032237410545349,-0.01860189065337181,0.3672380745410919,0.6460853815078735,-0.021413158625364304,0.3599337339401245,0.578325092792511,-0.03692449629306793,0.3593394458293915,0.5355446934700012,-0.04523743316531181,0.3581201136112213,0.503280520439148,-0.05019475892186165,0.3630114197731018,0.663043200969696,-0.02800791524350643,0.3989159166812897,0.621829628944397,-0.04341805726289749,0.41356682777404785,0.6568692922592163,-0.042987287044525146,0.41437944769859314,0.6833743453025818,-0.040158532559871674,0.3648516833782196,0.6900326013565063,-0.034340228885412216,0.4036990702152252,0.6497793197631836,-0.04995131120085716,0.4132275879383087,0.684156060218811,-0.04179226979613304,0.41081589460372925,0.7065374851226807,-0.03295092657208443,0.37126150727272034,0.720363199710846,-0.04052463546395302,0.40058913826942444,0.684477686882019,-0.04942476749420166,0.40794894099235535,0.7063744068145752,-0.041011858731508255,0.4053594768047333,0.7283072471618652,-0.032997604459524155,0.7692109942436218,0.723028838634491,-3.3207359706466377e-07,0.7570822238922119,0.6686921715736389,-0.006962981540709734,0.7577634453773499,0.605122447013855,-0.012771965004503727,0.7688515782356262,0.5626448392868042,-0.020402099937200546,0.7864627838134766,0.5413666367530823,-0.02770352177321911,0.7979574799537659,0.5820218324661255,-0.0028199253138154745,0.8062354326248169,0.516597330570221,-0.015790024772286415,0.8091275095939636,0.4783298671245575,-0.024042945355176926,0.8121939301490784,0.4482192397117615,-0.029578426852822304,0.8107903003692627,0.605635941028595,-0.006569397170096636,0.7971752285957336,0.5593371391296387,-0.029457664117217064,0.779889702796936,0.5969939231872559,-0.03667575493454933,0.7709292769432068,0.6315202713012695,-0.03617620840668678,0.8225090503692627,0.6309130191802979,-0.011937347240746021,0.8038342595100403,0.5882446765899658,-0.032711781561374664,0.787376344203949,0.628705620765686,-0.030392110347747803,0.7803124189376831,0.6624860167503357,-0.023290062323212624,0.8319404125213623,0.6603299379348755,-0.018162213265895844,0.8154733180999756,0.6170901656150818,-0.03204821050167084,0.80022132396698,0.6417204141616821,-0.030036013573408127,0.7945489883422852,0.6675510406494141,-0.024814147502183914
4,0.39691799879074097,0.798210620880127,7.131856705200335e-08,0.41587939858436584,0.7447697520256042,-0.003554613096639514,0.41188880801200867,0.6816704273223877,-0.007952438667416573,0.40538516640663147,0.6384255886077881,-0.013466425240039825,0.40299955010414124,0.607883632183075,-0.018612923100590706,0.3669728934764862,0.6513413786888123,-0.016189804300665855,0.35679489374160767,0.5860158801078796,-0.0307304784655571,0.35562625527381897,0.5435963273048401,-0.039002757519483566,0.35482293367385864,0.5088680982589722,-0.044290073215961456,0.3580971956253052,0.6705623269081116,-0.023234348744153976,0.39729538559913635,0.6233388781547546,-0.04025467485189438,0.41602134704589844,0.6601260304450989,-0.04148341342806816,0.4179731607437134,0.6869744658470154,-0.03893309831619263,0.35804283618927,0.6973615288734436,-0.03073282539844513,0.39798372983932495,0.651158332824707,-0.04730086773633957,0.41351771354675293,0.6872524619102478,-0.03931662440299988,0.41115960478782654,0.7100251317024231,-0.030004967004060745,0.3636082112789154,0.7279980182647705,-0.03873137757182121,0.392444908618927,0.6831336617469788,-0.04784885048866272,0.40572622418403625,0.7048406004905701,-0.03913431987166405,0.40501999855041504,0.7280035614967346,-0.030563851818442345,0.7700465321540833,0.7253487706184387,-3.2889030876503966e-07,0.7578691244125366,0.6705331802368164,-0.007133296690881252,0.7586814165115356,0.6073528528213501,-0.013154489919543266,0.7701961994171143,0.5647413730621338,-0.021077990531921387,0.7884430885314941,0.5430390238761902,-0.028628192842006683,0.7983148694038391,0.5842415690422058,-0.00221428950317204,0.8068494200706482,0.5184195041656494,-0.015123053453862667,0.8098893165588379,0.4803222119808197,-0.023342303931713104,0.8128483891487122,0.45066744089126587,-0.028729096055030823,0.8110991716384888,0.6081504225730896,-0.006018129643052816,0.7977679371833801,0.5632289052009583,-0.029311105608940125,0.7806395292282104,0.6007307171821594,-0.03685012459754944,0.7715696096420288,0.6350224018096924,-0.036355603486299515,0.8228296041488647,0.633249044418335,-0.011486818082630634,0.8045945763587952,0.591056764125824,-0.032681968063116074,0.7883171439170837,0.6310007572174072,-0.0304678026586771,0.7810875773429871,0.6645373106002808,-0.023169729858636856,0.8325283527374268,0.6625255346298218,-0.01779707707464695,0.8167505860328674,0.618552565574646,-0.03164654225111008,0.8015743494033813,0.6430108547210693,-0.029329456388950348,0.7955033779144287,0.669174075126648,-0.023763557896018028
5,0.40175580978393555,0.7911032438278198,8.151540242806732e-08,0.4207034111022949,0.7401173710823059,-0.005047834478318691,0.4157331585884094,0.6779764294624329,-0.009777211584150791,0.407353937625885,0.6368184089660645,-0.01551871933043003,0.40315088629722595,0.6072946786880493,-0.020839840173721313,0.3695192039012909,0.6461097002029419,-0.015225200913846493,0.3580106496810913,0.5835089087486267,-0.029464153572916985,0.3556329607963562,0.5399913191795349,-0.03800284117460251,0.3538995087146759,0.5053071975708008,-0.043536365032196045,0.36015358567237854,0.6655282378196716,-0.02138454280793667,0.3974750339984894,0.6220604181289673,-0.038955505937337875,0.4160403907299042,0.658062219619751,-0.04095829650759697,0.4180355370044708,0.6848016977310181,-0.03884955495595932,0.3591110408306122,0.6917518973350525,-0.02819753624498844,0.3973484933376312,0.6484586596488953,-0.04556841775774956,0.41312530636787415,0.6841373443603516,-0.038594357669353485,0.4111385941505432,0.7076391577720642,-0.02980360947549343,0.3635893762111664,0.7213265895843506,-0.03563223406672478,0.3919146656990051,0.6785109639167786,-0.04581662639975548,0.4058001935482025,0.7007083892822266,-0.03803913667798042,0.40564441680908203,0.7243455052375793,-0.02991478145122528,0.7700881958007812,0.7264807820320129,-3.3666512422314554e-07,0.758257269859314,0.6695262789726257,-0.006529562640935183,0.7599664330482483,0.6064659953117371,-0.012283877469599247,0.7717553973197937,0.5644583702087402,-0.02015801891684532,0.7897347807884216,0.5446773767471313,-0.02768140658736229,0.7998220920562744,0.5851119160652161,-0.0013831318356096745,0.809865415096283,0.5202494263648987,-0.014560245908796787,0.8126784563064575,0.48154667019844055,-0.023005468770861626,0.8147839307785034,0.4512924551963806,-0.028399599716067314,0.8124040365219116,0.6097387075424194,-0.005446844734251499,0.7987948656082153,0.5648840069770813,-0.028712643310427666,0.7810177206993103,0.6012843251228333,-0.036271609365940094,0.7717018127441406,0.6348164677619934,-0.035787999629974365,0.8240038752555847,0.6351585984230042,-0.011220180429518223,0.8054942488670349,0.5926607847213745,-0.0323382169008255,0.7881337404251099,0.6310128569602966,-0.029983272776007652,0.7802276611328125,0.6635718941688538,-0.022551272064447403,0.8336114883422852,0.6646991968154907,-0.01782476156949997,0.8177857398986816,0.6208492517471313,-0.0314519964158535,0.8016209006309509,0.644252359867096,-0.028935493901371956,0.7949259281158447,0.6699020266532898,-0.023178495466709137
6,0.40175580978393555,0.7911032438278198,8.151540242806732e-08,0.4207034111022949,0.7401173710823059,-0.005047834478318691,0.4157331585884094,0.6779764294624329,-0.009777211584150791,0.407353937625885,0.6368184089660645,-0.01551871933043003,0.40315088629722595,0.6072946786880493,-0.020839840173721313,0.3695192039012909,0.6461097002029419,-0.015225200913846493,0.3580106496810913,0.5835089087486267,-0.029464153572916985,0.3556329607963562,0.5399913191795349,-0.03800284117460251,0.3538995087146759,0.5053071975708008,-0.043536365032196045,0.36015358567237854,0.6655282378196716,-0.02138454280793667,0.3974750339984894,0.6220604181289673,-0.038955505937337875,0.4160403907299042,0.658062219619751,-0.04095829650759697,0.4180355370044708,0.6848016977310181,-0.03884955495595932,0.3591110408306122,0.6917518973350525,-0.02819753624498844,0.3973484933376312,0.6484586596488953,-0.04556841775774956,0.41312530636787415,0.6841373443603516,-0.038594357669353485,0.4111385941505432,0.7076391577720642,-0.02980360947549343,0.3635893762111664,0.7213265895843506,-0.03563223406672478,0.3919146656990051,0.6785109639167786,-0.04581662639975548,0.4058001935482025,0.7007083892822266,-0.03803913667798042,0.40564441680908203,0.7243455052375793,-0.02991478145122528,0.7700881958007812,0.7264807820320129,-3.3666512422314554e-07,0.758257269859314,0.6695262789726257,-0.006529562640935183,0.7599664330482483,0.6064659953117371,-0.012283877469599247,0.7717553973197937,0.5644583702087402,-0.02015801891684532,0.7897347807884216,0.5446773767471313,-0.02768140658736229,0.7998220920562744,0.5851119160652161,-0.0013831318356096745,0.809865415096283,0.5202494263648987,-0.014560245908796787,0.8126784563064575,0.48154667019844055,-0.023005468770861626,0.8147839307785034,0.4512924551963806,-0.028399599716067314,0.8124040365219116,0.6097387075424194,-0.005446844734251499,0.7987948656082153,0.5648840069770813,-0.028712643310427666,0.7810177206993103,0.6012843251228333,-0.036271609365940094,0.7717018127441406,0.6348164677619934,-0.035787999629974365,0.8240038752555847,0.6351585984230042,-0.011220180429518223,0.8054942488670349,0.5926607847213745,-0.0323382169008255,0.7881337404251099,0.6310128569602966,-0.029983272776007652,0.7802276611328125,0.6635718941688538,-0.022551272064447403,0.8336114883422852,0.6646991968154907,-0.01782476156949997,0.8177857398986816,0.6208492517471313,-0.0314519964158535,0.8016209006309509,0.644252359867096,-0.028935493901371956,0.7949259281158447,0.6699020266532898,-0.023178495466709137
7,0.44978880882263184,0.7846216559410095,9.519209953623431e-08,0.45965397357940674,0.7133560180664062,-0.007991530932486057,0.44897302985191345,0.653257429599762,-0.015548748895525932,0.4375753700733185,0.6135218739509583,-0.02369445376098156,0.4346567988395691,0.5826455950737,-0.03028973378241062,0.40103140473365784,0.6299808025360107,-0.013782507739961147,0.39370810985565186,0.5709432363510132,-0.0297127366065979,0.39027485251426697,0.5267267227172852,-0.040433287620544434,0.38742125034332275,0.49006739258766174,-0.04741807281970978,0.39196982979774475,0.6500632166862488,-0.018508397042751312,0.42921578884124756,0.6052739024162292,-0.03635412082076073,0.44737905263900757,0.6328131556510925,-0.03990514203906059,0.4483056664466858,0.6555507779121399,-0.039746757596731186,0.39144235849380493,0.6746120452880859,-0.024565652012825012,0.4304922819137573,0.6291046142578125,-0.04171585664153099,0.44788631796836853,0.6534467935562134,-0.03601479157805443,0.44806623458862305,0.6758983731269836,-0.028575817123055458,0.39648890495300293,0.7028879523277283,-0.031843166798353195,0.4284203350543976,0.659735918045044,-0.042136300355196,0.44601789116859436,0.6731985807418823,-0.0361797958612442,0.44840168952941895,0.6934364438056946,-0.02939392440021038,0.7422007322311401,0.7449870705604553,-3.221818190013437e-07,0.7320223450660706,0.6869727373123169,-0.010237506590783596,0.7388803362846375,0.6160699129104614,-0.016090892255306244,0.755298912525177,0.5753474831581116,-0.022598454728722572,0.7728927731513977,0.5589042901992798,-0.028163334354758263,0.7892849445343018,0.5879161357879639,-0.006126986350864172,0.8053472638130188,0.5274906754493713,-0.019214194267988205,0.8094913363456726,0.4864705204963684,-0.02815925143659115,0.8122212886810303,0.45554476976394653,-0.03386176377534866,0.8032183051109314,0.61537766456604,-0.007308251224458218,0.7847650051116943,0.5762003660202026,-0.02417762763798237,0.7625972032546997,0.6032542586326599,-0.028958991169929504,0.7534059286117554,0.6293403506278992,-0.02887781523168087,0.811062753200531,0.6458383798599243,-0.010489500127732754,0.785388708114624,0.6132957339286804,-0.025113608688116074,0.7657009363174438,0.637859046459198,-0.02193881943821907,0.7575181126594543,0.660382091999054,-0.016746167093515396,0.8146281242370605,0.6787593960762024,-0.01534004881978035,0.7918626666069031,0.6483779549598694,-0.024843616411089897,0.7722057700157166,0.6603838801383972,-0.022388987243175507,0.763437807559967,0.6757368445396423,-0.018041711300611496
8,0.5099930167198181,0.7991551756858826,1.561395919225106e-07,0.528881311416626,0.7217925190925598,-0.006056554615497589,0.5223087668418884,0.654180645942688,-0.015195273794233799,0.5126639008522034,0.6079716086387634,-0.025615954771637917,0.5087525844573975,0.5794388651847839,-0.03492260351777077,0.4694069027900696,0.6276587247848511,-0.015583276748657227,0.4720233678817749,0.5625445246696472,-0.031557049602270126,0.47290921211242676,0.5166465640068054,-0.04162975400686264,0.47280412912368774,0.4779362082481384,-0.04869743809103966,0.46693339943885803,0.6465381383895874,-0.02166554518043995,0.514553427696228,0.598945677280426,-0.042725611478090286,0.5260558128356934,0.6280440092086792,-0.04697014018893242,0.5206270813941956,0.6470026969909668,-0.04681556671857834,0.473403662443161,0.6708620190620422,-0.028422929346561432,0.5211599469184875,0.6327089667320251,-0.04650671035051346,0.5287604331970215,0.6595485210418701,-0.04045339301228523,0.5213229060173035,0.6772135496139526,-0.03304599970579147,0.48469045758247375,0.6972907781600952,-0.03604625165462494,0.5221491456031799,0.6659638285636902,-0.04523852467536926,0.5309624075889587,0.6880709528923035,-0.03896747902035713,0.5255671739578247,0.7052270174026489,-0.03276922181248665,0.6747027039527893,0.805853009223938,-2.953081548184855e-07,0.6606191992759705,0.7264893651008606,-0.007992233149707317,0.6637235879898071,0.6578076481819153,-0.015620486810803413,0.6722413897514343,0.613315999507904,-0.024347178637981415,0.6825999021530151,0.5866173505783081,-0.032290831208229065,0.7225441932678223,0.6232312321662903,-0.007842276245355606,0.7219403982162476,0.5538069009780884,-0.023506872355937958,0.7209397554397583,0.509367048740387,-0.035023417323827744,0.7217767834663391,0.4730733335018158,-0.04334957152605057,0.7343307137489319,0.6467729210853577,-0.012982562184333801,0.6903532147407532,0.5987436175346375,-0.03126569464802742,0.6712685227394104,0.6334907412528992,-0.03524365648627281,0.6738496422767639,0.6627758145332336,-0.035640180110931396,0.7340825200080872,0.6774318218231201,-0.02010735124349594,0.6867011785507202,0.6384297609329224,-0.0347299762070179,0.6709927320480347,0.6696281433105469,-0.02751963585615158,0.6757720112800598,0.6915609240531921,-0.021026520058512688,0.7259339690208435,0.7116885781288147,-0.029161324724555016,0.6865638494491577,0.6795717477798462,-0.03807136416435242,0.6728848218917847,0.7004536390304565,-0.03269834443926811,0.6759456992149353,0.7184268832206726,-0.02687118388712406
9,0.5099930167198181,0.7991551756858826,1.561395919225106e-07,0.528881311416626,0.7217925190925598,-0.006056554615497589,0.5223087668418884,0.654180645942688,-0.015195273794233799,0.5126639008522034,0.6079716086387634,-0.025615954771637917,0.5087525844573975,0.5794388651847839,-0.03492260351777077,0.4694069027900696,0.6276587247848511,-0.015583276748657227,0.4720233678817749,0.5625445246696472,-0.031557049602270126,0.47290921211242676,0.5166465640068054,-0.04162975400686264,0.47280412912368774,0.4779362082481384,-0.04869743809103966,0.46693339943885803,0.6465381383895874,-0.02166554518043995,0.514553427696228,0.598945677280426,-0.042725611478090286,0.5260558128356934,0.6280440092086792,-0.04697014018893242,0.5206270813941956,0.6470026969909668,-0.04681556671857834,0.473403662443161,0.6708620190620422,-0.028422929346561432,0.5211599469184875,0.6327089667320251,-0.04650671035051346,0.5287604331970215,0.6595485210418701,-0.04045339301228523,0.5213229060173035,0.6772135496139526,-0.03304599970579147,0.48469045758247375,0.6972907781600952,-0.03604625165462494,0.5221491456031799,0.6659638285636902,-0.04523852467536926,0.5309624075889587,0.6880709528923035,-0.03896747902035713,0.5255671739578247,0.7052270174026489,-0.03276922181248665,0.6747027039527893,0.805853009223938,-2.953081548184855e-07,0.6606191992759705,0.7264893651008606,-0.007992233149707317,0.6637235879898071,0.6578076481819153,-0.015620486810803413,0.6722413897514343,0.613315999507904,-0.024347178637981415,0.6825999021530151,0.5866173505783081,-0.032290831208229065,0.7225441932678223,0.6232312321662903,-0.007842276245355606,0.7219403982162476,0.5538069009780884,-0.023506872355937958,0.7209397554397583,0.509367048740387,-0.035023417323827744,0.7217767834663391,0.4730733335018158,-0.04334957152605057,0.7343307137489319,0.6467729210853577,-0.012982562184333801,0.6903532147407532,0.5987436175346375,-0.03126569464802742,0.6712685227394104,0.6334907412528992,-0.03524365648627281,0.6738496422767639,0.6627758145332336,-0.035640180110931396,0.7340825200080872,0.6774318218231201,-0.02010735124349594,0.6867011785507202,0.6384297609329224,-0.0347299762070179,0.6709927320480347,0.6696281433105469,-0.02751963585615158,0.6757720112800598,0.6915609240531921,-0.021026520058512688,0.7259339690208435,0.7116885781288147,-0.029161324724555016,0.6865638494491577,0.6795717477798462,-0.03807136416435242,0.6728848218917847,0.7004536390304565,-0.03269834443926811,0.6759456992149353,0.7184268832206726,-0.02687118388712406
10,0.5519180297851562,0.7936890721321106,1.334299213340273e-07,0.5666862726211548,0.7214285135269165,-0.001592158921994269,0.565956711769104,0.6583491563796997,-0.010752846486866474,0.5636412501335144,0.6122907996177673,-0.021672505885362625,0.568662166595459,0.5898795127868652,-0.03184759244322777,0.5241076946258545,0.6267389059066772,-0.017737744376063347,0.5311834812164307,0.5636590719223022,-0.035356756299734116,0.5364943146705627,0.5211390256881714,-0.046307556331157684,0.5405411124229431,0.48467227816581726,-0.05352901294827461,0.5215858817100525,0.6484439969062805,-0.026079967617988586,0.5744296312332153,0.6131190061569214,-0.04435043781995773,0.5842911601066589,0.6454533934593201,-0.04497859254479408,0.5764309167861938,0.6619604229927063,-0.04315755143761635,0.5282422304153442,0.6788136959075928,-0.03477175906300545,0.5786409378051758,0.6466006636619568,-0.05017617717385292,0.5856471061706543,0.6743428707122803,-0.04049894958734512,0.575946033000946,0.6903136372566223,-0.03134755790233612,0.5384165644645691,0.7106422185897827,-0.04408569261431694,0.5772132277488708,0.680767834186554,-0.051061104983091354,0.5834202766418457,0.7025977969169617,-0.041910964995622635,0.5755447745323181,0.718723475933075,-0.0341498926281929,0.6383152008056641,0.815011739730835,-2.2554780798600405e-07,0.625640332698822,0.742857813835144,-0.005294347647577524,0.6262045502662659,0.6815340518951416,-0.01260543242096901,0.6273389458656311,0.6379207968711853,-0.020382164046168327,0.6265261173248291,0.6142032742500305,-0.027658114209771156,0.6727052330970764,0.6456928253173828,-0.011631414294242859,0.663947582244873,0.5754517912864685,-0.027641605585813522,0.6585756540298462,0.5280768871307373,-0.03926641121506691,0.6542117595672607,0.49051085114479065,-0.0477963387966156,0.6797881126403809,0.6684074401855469,-0.01677505113184452,0.6321215629577637,0.6207417249679565,-0.03102431260049343,0.6176115274429321,0.6555300951004028,-0.03194453567266464,0.6236734390258789,0.6791384816169739,-0.03151477500796318,0.6746827960014343,0.7001122832298279,-0.023256948217749596,0.6235882043838501,0.6663540005683899,-0.0342719741165638,0.61578369140625,0.6966339945793152,-0.02665289118885994,0.6261409521102905,0.7127411365509033,-0.021251549944281578,0.6630658507347107,0.7344401478767395,-0.030997389927506447,0.6209492087364197,0.7085078358650208,-0.038666367530822754,0.6157625913619995,0.7315278649330139,-0.03314955532550812,0.6261173486709595,0.7462296485900879,-0.027997782453894615
11,0.5626705288887024,0.7992974519729614,1.7001141827677202e-07,0.5873723030090332,0.730379045009613,-0.003796411445364356,0.587555468082428,0.6673410534858704,-0.01254553347826004,0.5821360945701599,0.621645987033844,-0.02270117774605751,0.5824018716812134,0.5968628525733948,-0.03204500302672386,0.538280189037323,0.6299034953117371,-0.016036557033658028,0.5444048643112183,0.5680442452430725,-0.03485654294490814,0.5514046549797058,0.5245828032493591,-0.04757552221417427,0.5559839010238647,0.48743048310279846,-0.0556379035115242,0.5327379107475281,0.6533306241035461,-0.023747587576508522,0.5848357677459717,0.6145825386047363,-0.042393021285533905,0.5936341881752014,0.6483462452888489,-0.04407572001218796,0.5824112892150879,0.6630553007125854,-0.04242245480418205,0.537940502166748,0.6858879327774048,-0.03234996274113655,0.5878232717514038,0.650217592716217,-0.048420049250125885,0.5937100648880005,0.6783638596534729,-0.040292348712682724,0.5803683996200562,0.6891673803329468,-0.03188213333487511,0.5476076602935791,0.7198039889335632,-0.04169115796685219,0.5864124894142151,0.6900919079780579,-0.047463688999414444,0.5914565324783325,0.7108433246612549,-0.03758504241704941,0.579784095287323,0.7229082584381104,-0.029591066762804985,0.6316570043563843,0.82444828748703,-2.3003447324754234e-07,0.6236488819122314,0.7513200044631958,-0.004630472045391798,0.6224909424781799,0.6879517436027527,-0.012303479015827179,0.6197944283485413,0.6427195072174072,-0.020416589453816414,0.6166443824768066,0.6147420406341553,-0.02811848558485508,0.6651214361190796,0.6530277132987976,-0.012467817403376102,0.6539800763130188,0.5814801454544067,-0.02798818051815033,0.6473382711410522,0.5365706086158752,-0.0396760031580925,0.6415435671806335,0.5002159476280212,-0.04807916656136513,0.6702833771705627,0.676241397857666,-0.01746785268187523,0.6198440790176392,0.6258960962295532,-0.0286432895809412,0.6084845066070557,0.6588372588157654,-0.02921876311302185,0.615714430809021,0.6815510392189026,-0.029702551662921906,0.6635108590126038,0.7097141742706299,-0.02358926646411419,0.6100420951843262,0.6726592779159546,-0.03193211182951927,0.6064070463180542,0.7019923329353333,-0.025561774149537086,0.618827760219574,0.7169602513313293,-0.022122077643871307,0.6514800786972046,0.7459872961044312,-0.03072555921971798,0.6088677644729614,0.7143669128417969,-0.037050511687994,0.6062230467796326,0.736022412776947,-0.03177404776215553,0.6177898049354553,0.7507342100143433,-0.027368608862161636
12,0.5658523440361023,0.7888259887695312,1.8380370647719246e-07,0.5813921093940735,0.7251490950584412,-0.00330200232565403,0.5850331783294678,0.6642454862594604,-0.012870097532868385,0.5861636400222778,0.6211967468261719,-0.023134617134928703,0.5917801856994629,0.6009706854820251,-0.03291264548897743,0.5442762970924377,0.6349963545799255,-0.02291344478726387,0.5538527369499207,0.5747754573822021,-0.043563034385442734,0.5605270862579346,0.5331758856773376,-0.05599866434931755,0.5644888281822205,0.4989665448665619,-0.06297677010297775,0.5406290888786316,0.6608539819717407,-0.030559111386537552,0.5917803049087524,0.6209088563919067,-0.04941290616989136,0.5980703830718994,0.6541808843612671,-0.04847779497504234,0.5868494510650635,0.6709257960319519,-0.04459112137556076,0.5455466508865356,0.6949955224990845,-0.03870295733213425,0.5930923223495483,0.6561660170555115,-0.05473289266228676,0.5960490107536316,0.6833404898643494,-0.044650960713624954,0.5827515721321106,0.6952641010284424,-0.03446768969297409,0.5543471574783325,0.7303054332733154,-0.04724294692277908,0.5917654037475586,0.6934517025947571,-0.05223634093999863,0.594582736492157,0.7119022607803345,-0.04053064063191414,0.5819746851921082,0.7249820232391357,-0.031058622524142265,0.6325893998146057,0.8411106467247009,-1.6227177468408627e-07,0.6252622604370117,0.765134871006012,-0.0035930764861404896,0.6250622272491455,0.6995888352394104,-0.009600795805454254,0.6201847195625305,0.6528515815734863,-0.01613202691078186,0.6119381785392761,0.6207283735275269,-0.02237256057560444,0.6663962006568909,0.6678917407989502,-0.009536951780319214,0.650532603263855,0.599643886089325,-0.020332131534814835,0.6442041993141174,0.5602518320083618,-0.027835333719849586,0.6408796310424805,0.5317990183830261,-0.033228132873773575,0.6705714464187622,0.691003143787384,-0.014073564670979977,0.6191052198410034,0.6411323547363281,-0.020948637276887894,0.6110140085220337,0.6703541874885559,-0.01938895508646965,0.619323194026947,0.6908004879951477,-0.018492547795176506,0.6616044640541077,0.7234834432601929,-0.019567636772990227,0.607790470123291,0.6833164691925049,-0.02608376555144787,0.6069120764732361,0.7112718224525452,-0.02094895951449871,0.619784951210022,0.7259475588798523,-0.017992453649640083,0.64805668592453,0.7564128637313843,-0.025754330679774284,0.6064586639404297,0.7222772836685181,-0.03187631815671921,0.6068969368934631,0.7408319711685181,-0.028367677703499794,0.619437038898468,0.7548608183860779,-0.02483603172004223
13,0.5684000253677368,0.7966647744178772,1.9645162296910712e-07,0.5859684348106384,0.7311771512031555,-0.00391989154741168,0.5890607833862305,0.6697803735733032,-0.013545750640332699,0.5872305035591125,0.6275809407234192,-0.024139922112226486,0.5919139385223389,0.6086758971214294,-0.03439190983772278,0.5459269285202026,0.6376792788505554,-0.021926848217844963,0.5555227994918823,0.5764657258987427,-0.04273519665002823,0.5639287233352661,0.5349413752555847,-0.05574848875403404,0.5695792436599731,0.4999837279319763,-0.06347882002592087,0.5413907766342163,0.6643126606941223,-0.029751060530543327,0.5935572981834412,0.6228574514389038,-0.050293177366256714,0.6002858877182007,0.6577333211898804,-0.0509503036737442,0.5885846018791199,0.6735858917236328,-0.04804011806845665,0.5467296838760376,0.699095606803894,-0.03817126527428627,0.5950532555580139,0.6595460772514343,-0.05526134744286537,0.5978889465332031,0.6880655288696289,-0.04532817006111145,0.5835762023925781,0.6991066336631775,-0.035122793167829514,0.5548990964889526,0.7344648241996765,-0.047173842787742615,0.5922991037368774,0.6983683705329895,-0.052969250828027725,0.5940880179405212,0.7176527976989746,-0.04148239642381668,0.5803858041763306,0.7298538684844971,-0.0320897214114666,0.6309090256690979,0.8394948840141296,-1.6023368232254143e-07,0.6188682317733765,0.7611837387084961,-0.003643568605184555,0.6190094947814941,0.69452965259552,-0.010879488661885262,0.6177866458892822,0.6495561599731445,-0.01870419830083847,0.613555908203125,0.6241517066955566,-0.02600008063018322,0.6630317568778992,0.664486825466156,-0.011129176244139671,0.6485767960548401,0.5914399027824402,-0.025052610784769058,0.6430105566978455,0.5475817918777466,-0.03535662963986397,0.6401374340057373,0.5115938186645508,-0.043315690010786057,0.6686033010482788,0.6881577372550964,-0.016370996832847595,0.6176813244819641,0.6411768794059753,-0.026210565119981766,0.6082022786140442,0.675171434879303,-0.024741634726524353,0.6180489659309387,0.694779634475708,-0.023791993036866188,0.6608952283859253,0.7217304110527039,-0.022774845361709595,0.6083687543869019,0.6854375004768372,-0.029493264853954315,0.6059759259223938,0.7144060730934143,-0.021853888407349586,0.6198488473892212,0.7281468510627747,-0.01778881438076496,0.6476829051971436,0.7564795613288879,-0.03027394786477089,0.6056288480758667,0.7257483601570129,-0.03649599105119705,0.6049583554267883,0.7468750476837158,-0.03189459815621376,0.6185519099235535,0.7615591287612915,-0.02790992148220539
14,0.5671165585517883,0.7917477488517761,1.1095292506979604e-07,0.5782191753387451,0.7263118028640747,-0.0009012894006446004,0.5854719877243042,0.6683529615402222,-0.008142698556184769,0.5937891006469727,0.6307174563407898,-0.014935726299881935,0.6000365614891052,0.619848906993866,-0.021846076473593712,0.5516871213912964,0.6432352066040039,-0.028280891478061676,0.5595595836639404,0.5758488774299622,-0.04689519852399826,0.5659224987030029,0.5332443714141846,-0.05833294615149498,0.5709820985794067,0.49929365515708923,-0.065601646900177,0.5518953204154968,0.669023871421814,-0.035303741693496704,0.5950693488121033,0.6307268142700195,-0.0496169850230217,0.5965372920036316,0.6574235558509827,-0.047475602477788925,0.586112916469574,0.6696264743804932,-0.04512199014425278,0.5568875670433044,0.7024024724960327,-0.042016297578811646,0.5979228019714355,0.6650331020355225,-0.05426068603992462,0.5958436131477356,0.6884236931800842,-0.04488956183195114,0.5859533548355103,0.6970769762992859,-0.0370180606842041,0.5647119879722595,0.7378802299499512,-0.04847653955221176,0.5956310629844666,0.7027407288551331,-0.051234107464551926,0.5953507423400879,0.7188355922698975,-0.04015976935625076,0.587266206741333,0.7297734022140503,-0.03244360163807869,0.6309424638748169,0.8471430540084839,-1.8433537718465232e-07,0.6233590841293335,0.7684885263442993,-0.004445198457688093,0.6243950128555298,0.701644241809845,-0.01031247153878212,0.6214903593063354,0.6542640328407288,-0.016468141227960587,0.6143003702163696,0.6214970946311951,-0.02238357998430729,0.6673821210861206,0.6709820032119751,-0.00999982375651598,0.6521965861320496,0.6040688157081604,-0.021038955077528954,0.6463109850883484,0.5670744180679321,-0.02902611531317234,0.6436890959739685,0.5376195907592773,-0.034863587468862534,0.672684371471405,0.6951335668563843,-0.013844827190041542,0.6196180582046509,0.6437323689460754,-0.020188022404909134,0.6106956005096436,0.6730999946594238,-0.01866840571165085,0.6189303994178772,0.6937013268470764,-0.018013540655374527,0.663785994052887,0.7282377481460571,-0.018777921795845032,0.6081025004386902,0.6873190999031067,-0.024977464228868484,0.60701984167099,0.7151039242744446,-0.020032837986946106,0.6201996207237244,0.7300643920898438,-0.01731090433895588,0.6494982838630676,0.7607317566871643,-0.02451755851507187,0.6069042086601257,0.7247087359428406,-0.03070199303328991,0.6070002317428589,0.7433879971504211,-0.027490844950079918,0.619716227054596,0.7579371333122253,-0.02421675994992256
15,0.5669597387313843,0.7977142333984375,1.7374661354097043e-07,0.5842627882957458,0.7314130067825317,-0.0023877269122749567,0.5865287184715271,0.6724244952201843,-0.011545511893928051,0.5842218399047852,0.6302652955055237,-0.02178395353257656,0.5864700078964233,0.6075142025947571,-0.03149358928203583,0.545589804649353,0.6403647065162659,-0.021341707557439804,0.5537135601043701,0.5806466341018677,-0.042123064398765564,0.5603331327438354,0.538937509059906,-0.0545794777572155,0.5642012357711792,0.5048822164535522,-0.061428796499967575,0.5412198901176453,0.6670382618904114,-0.029386555776000023,0.5920043587684631,0.6287230253219604,-0.048641398549079895,0.5981646180152893,0.6629409193992615,-0.04778209328651428,0.5868850946426392,0.6794444918632507,-0.043704841285943985,0.5459593534469604,0.7026350498199463,-0.03797358274459839,0.5939775109291077,0.664970874786377,-0.054969288408756256,0.5970988273620605,0.6928043365478516,-0.04495549574494362,0.5838112831115723,0.7047867178916931,-0.03430800139904022,0.5543251633644104,0.7392288446426392,-0.046797581017017365,0.5922138094902039,0.7027417421340942,-0.05204271525144577,0.5953870415687561,0.719813346862793,-0.04006564989686012,0.583343505859375,0.7324619293212891,-0.030114002525806427,0.6328902244567871,0.8431676030158997,-1.7959875719952834e-07,0.6216716170310974,0.7652745246887207,-0.0028550729621201754,0.620435893535614,0.7023758888244629,-0.008931782096624374,0.616841733455658,0.6568872928619385,-0.01577850989997387,0.6110995411872864,0.6223095655441284,-0.022594410926103592,0.665339469909668,0.6683131456375122,-0.009090511128306389,0.6511943340301514,0.604275643825531,-0.01959858275949955,0.6452380418777466,0.5660818219184875,-0.027293825522065163,0.6423031091690063,0.5369786024093628,-0.03291803598403931,0.6711500883102417,0.6899018287658691,-0.013720530085265636,0.6191291213035583,0.6436563730239868,-0.019611258059740067,0.609948456287384,0.6723452806472778,-0.01800699159502983,0.6178103685379028,0.6929483413696289,-0.017340488731861115,0.6630839109420776,0.7219799160957336,-0.019209016114473343,0.6089906096458435,0.6849147081375122,-0.02495788410305977,0.6074098348617554,0.7115858793258667,-0.019858259707689285,0.6197831630706787,0.72556471824646,-0.017193393781781197,0.6497408747673035,0.7537265419960022,-0.025384079664945602,0.6080008745193481,0.723107099533081,-0.03134085610508919,0.6077355146408081,0.7405635118484497,-0.02812243066728115,0.6199280619621277,0.7535185217857361,-0.024856634438037872
16,0.5651403665542603,0.8024954795837402,1.8303506976735662e-07,0.5858755111694336,0.7328054308891296,-0.0027049165219068527,0.5898116827011108,0.6727286577224731,-0.0120993098244071,0.5871861577033997,0.63053297996521,-0.022509917616844177,0.5867276787757874,0.6134738326072693,-0.03245048224925995,0.5451707243919373,0.6411089301109314,-0.020399702712893486,0.5515775680541992,0.582854688167572,-0.03979942575097084,0.5575289130210876,0.5428805947303772,-0.05147729814052582,0.5616070032119751,0.5095407366752625,-0.05848998576402664,0.5402196049690247,0.6681191325187683,-0.02905344031751156,0.591736376285553,0.6321558356285095,-0.048675935715436935,0.5967259407043457,0.6689974665641785,-0.04844149574637413,0.5853687524795532,0.6855194568634033,-0.04486565664410591,0.5442043542861938,0.7037813067436218,-0.03828807175159454,0.5930025577545166,0.6675630807876587,-0.054865527898073196,0.595675528049469,0.6971248388290405,-0.04450955241918564,0.5828278660774231,0.7088486552238464,-0.03392514958977699,0.5518940687179565,0.7409644722938538,-0.04801183193922043,0.5902102589607239,0.7060983180999756,-0.053329166024923325,0.5935235619544983,0.724139392375946,-0.041790444403886795,0.5823084712028503,0.73676997423172,-0.0323469303548336,0.6288712620735168,0.8369160890579224,-2.038212869592826e-07,0.6195760369300842,0.7609957456588745,-0.002674043644219637,0.6191166043281555,0.6985521912574768,-0.008571392856538296,0.6159939169883728,0.6534543037414551,-0.01534721814095974,0.6129338145256042,0.6224890947341919,-0.021634550765156746,0.6639264225959778,0.6649370193481445,-0.007760376203805208,0.6492353677749634,0.5984576940536499,-0.018435625359416008,0.6424495577812195,0.5612958669662476,-0.02601277455687523,0.6386330723762512,0.5326704978942871,-0.031286757439374924,0.6700612902641296,0.6880339980125427,-0.012376217171549797,0.6185545921325684,0.6440009474754333,-0.01778630167245865,0.6108636260032654,0.6728675961494446,-0.016374846920371056,0.6185513734817505,0.6929569840431213,-0.015942614525556564,0.6623767018318176,0.7214359045028687,-0.017978530377149582,0.608279287815094,0.6852977871894836,-0.023207543417811394,0.6075460314750671,0.7119149565696716,-0.01836054027080536,0.6199708580970764,0.7255831956863403,-0.0158280860632658,0.6491121053695679,0.7540121674537659,-0.02425236627459526,0.6078777313232422,0.7225027680397034,-0.029447171837091446,0.6081937551498413,0.7406577467918396,-0.02589135244488716,0.6205683946609497,0.7536008954048157,-0.02232920378446579
17,0.564850389957428,0.8072251081466675,1.8460016804056067e-07,0.587060809135437,0.737151026725769,-0.004062921740114689,0.5911051034927368,0.6789600849151611,-0.01413801871240139,0.5887006521224976,0.6382468342781067,-0.02515370585024357,0.5862917900085449,0.6174818277359009,-0.03562025725841522,0.5441502928733826,0.6466497778892517,-0.020964790135622025,0.5515547394752502,0.5903955698013306,-0.040046919137239456,0.5573708415031433,0.550453245639801,-0.051245156675577164,0.5609821677207947,0.5171464681625366,-0.05801016092300415,0.5383100509643555,0.6735607385635376,-0.029118413105607033,0.5901815295219421,0.637741208076477,-0.0485038086771965,0.5950210690498352,0.6735820770263672,-0.04774901270866394,0.5836482048034668,0.6885154247283936,-0.04410724714398384,0.5420986413955688,0.7087783813476562,-0.03810638189315796,0.5915330648422241,0.6735773086547852,-0.05430493503808975,0.5936968922615051,0.7021198272705078,-0.043530892580747604,0.5802483558654785,0.7129380702972412,-0.03318516165018082,0.5501241087913513,0.7461974024772644,-0.04786817356944084,0.5878494381904602,0.7126872539520264,-0.05325547978281975,0.5896705985069275,0.7311310768127441,-0.04206116870045662,0.5769593715667725,0.743095338344574,-0.033187706023454666,0.6265411972999573,0.832476019859314,-2.2607430594234756e-07,0.6166772246360779,0.7597643136978149,-0.003434557933360338,0.6157857775688171,0.698148787021637,-0.009407027624547482,0.6135104298591614,0.6526047587394714,-0.016211122274398804,0.6137452125549316,0.6228945255279541,-0.022340288385748863,0.6628206372261047,0.6641857624053955,-0.007661501411348581,0.6484576463699341,0.5965521335601807,-0.019057368859648705,0.6405105590820312,0.5572954416275024,-0.02724815346300602,0.6356814503669739,0.5272998809814453,-0.03277698531746864,0.6683072447776794,0.6862006187438965,-0.011848799884319305,0.6168199777603149,0.6430317163467407,-0.017806226387619972,0.6092134714126587,0.6722586154937744,-0.016898149624466896,0.616976261138916,0.6921910047531128,-0.01658199355006218,0.6608615517616272,0.7188974022865295,-0.01711941510438919,0.606130838394165,0.6853675246238708,-0.022590579465031624,0.6056519746780396,0.7126801609992981,-0.01744968257844448,0.6182243824005127,0.7262491583824158,-0.014506652019917965,0.6475648880004883,0.7510384321212769,-0.02325589209794998,0.6059000492095947,0.7226186990737915,-0.0286675076931715,0.6063646078109741,0.741150975227356,-0.024925220757722855,0.6188839673995972,0.7540258765220642,-0.02095380797982216
18,0.564850389957428,0.8072251081466675,1.8460016804056067e-07,0.587060809135437,0.737151026725769,-0.004062921740114689,0.5911051034927368,0.6789600849151611,-0.01413801871240139,0.5887006521224976,0.6382468342781067,-0.02515370585024357,0.5862917900085449,0.6174818277359009,-0.03562025725841522,0.5441502928733826,0.6466497778892517,-0.020964790135622025,0.5515547394752502,0.5903955698013306,-0.040046919137239456,0.5573708415031433,0.550453245639801,-0.051245156675577164,0.5609821677207947,0.5171464681625366,-0.05801016092300415,0.5383100509643555,0.6735607385635376,-0.029118413105607033,0.5901815295219421,0.637741208076477,-0.0485038086771965,0.5950210690498352,0.6735820770263672,-0.04774901270866394,0.5836482048034668,0.6885154247283936,-0.04410724714398384,0.5420986413955688,0.7087783813476562,-0.03810638189315796,0.5915330648422241,0.6735773086547852,-0.05430493503808975,0.5936968922615051,0.7021198272705078,-0.043530892580747604,0.5802483558654785,0.7129380702972412,-0.03318516165018082,0.5501241087913513,0.7461974024772644,-0.04786817356944084,0.5878494381904602,0.7126872539520264,-0.05325547978281975,0.5896705985069275,0.7311310768127441,-0.04206116870045662,0.5769593715667725,0.743095338344574,-0.033187706023454666,0.6265411972999573,0.832476019859314,-2.2607430594234756e-07,0.6166772246360779,0.7597643136978149,-0.003434557933360338,0.6157857775688171,0.698148787021637,-0.009407027624547482,0.6135104298591614,0.6526047587394714,-0.016211122274398804,0.6137452125549316,0.6228945255279541,-0.022340288385748863,0.6628206372261047,0.6641857624053955,-0.007661501411348581,0.6484576463699341,0.5965521335601807,-0.019057368859648705,0.6405105590820312,0.5572954416275024,-0.02724815346300602,0.6356814503669739,0.5272998809814453,-0.03277698531746864,0.6683072447776794,0.6862006187438965,-0.011848799884319305,0.6168199777603149,0.6430317163467407,-0.017806226387619972,0.6092134714126587,0.6722586154937744,-0.016898149624466896,0.616976261138916,0.6921910047531128,-0.01658199355006218,0.6608615517616272,0.7188974022865295,-0.01711941510438919,0.606130838394165,0.6853675246238708,-0.022590579465031624,0.6056519746780396,0.7126801609992981,-0.01744968257844448,0.6182243824005127,0.7262491583824158,-0.014506652019917965,0.6475648880004883,0.7510384321212769,-0.02325589209794998,0.6059000492095947,0.7226186990737915,-0.0286675076931715,0.6063646078109741,0.741150975227356,-0.024925220757722855,0.6188839673995972,0.7540258765220642,-0.02095380797982216
19,0.5636914968490601,0.8044641017913818,1.8085852104832156e-07,0.5828849077224731,0.7351285219192505,-0.0021511507220566273,0.5873963832855225,0.6766438484191895,-0.011628626845777035,0.5856799483299255,0.6359561085700989,-0.022494181990623474,0.5872411727905273,0.6200100183486938,-0.03299230337142944,0.544404149055481,0.6464236378669739,-0.019910968840122223,0.5507793426513672,0.5907630920410156,-0.03988945111632347,0.5578363537788391,0.5510597825050354,-0.05232689529657364,0.5623330473899841,0.518153190612793,-0.059863463044166565,0.5384777188301086,0.6733010411262512,-0.028691472485661507,0.5903580188751221,0.6378712058067322,-0.04888051375746727,0.5960642695426941,0.6735795140266418,-0.04919885843992233,0.5843424201011658,0.689034640789032,-0.04603608325123787,0.5426144599914551,0.7091059684753418,-0.03797117993235588,0.5913477540016174,0.673180341720581,-0.05441562458872795,0.5943734049797058,0.7016971707344055,-0.04381931945681572,0.5807077288627625,0.7130196690559387,-0.03319511190056801,0.5501636266708374,0.7452560067176819,-0.04777795448899269,0.5881417393684387,0.7122724652290344,-0.052899815142154694,0.5903723835945129,0.7291414737701416,-0.041345782577991486,0.5774849653244019,0.7403521537780762,-0.031945280730724335,0.6248263716697693,0.8309382796287537,-2.1645631420597056e-07,0.615426778793335,0.7569752335548401,-0.003355881432071328,0.615279495716095,0.6955529451370239,-0.009701013565063477,0.6140122413635254,0.651533305644989,-0.01687382161617279,0.613584041595459,0.6225530505180359,-0.023335015401244164,0.6618683934211731,0.664831817150116,-0.008282034657895565,0.6472375392913818,0.5965309739112854,-0.02007617987692356,0.6391788125038147,0.5570629835128784,-0.028463216498494148,0.6345882415771484,0.5268423557281494,-0.03407556563615799,0.6674334406852722,0.6869736313819885,-0.012455995194613934,0.6165210008621216,0.6437228322029114,-0.018639182671904564,0.6087402701377869,0.6730918884277344,-0.017307933419942856,0.6160170435905457,0.6932973265647888,-0.01661824993789196,0.6597145199775696,0.7185177803039551,-0.01774432696402073,0.6056700348854065,0.6848807334899902,-0.023357024416327477,0.6047431230545044,0.7118604183197021,-0.017881829291582108,0.6169420480728149,0.7253130674362183,-0.014666808769106865,0.6464215517044067,0.749222993850708,-0.02387816645205021,0.6051594018936157,0.7209579348564148,-0.029388349503278732,0.605310320854187,0.7388260364532471,-0.025721143931150436,0.6176651120185852,0.7512245178222656,-0.021808668971061707
20,0.5674551725387573,0.7999246120452881,1.8397464884856163e-07,0.5862289667129517,0.7321911454200745,-0.004390253219753504,0.589424729347229,0.6729812622070312,-0.01371382363140583,0.5876891016960144,0.6331559419631958,-0.02356185019016266,0.5897974371910095,0.6192073822021484,-0.0327141210436821,0.5456354022026062,0.6421875357627869,-0.023306574672460556,0.5511834025382996,0.5867986679077148,-0.04491252079606056,0.5572016835212708,0.5467702150344849,-0.05837968364357948,0.5616642236709595,0.5137860178947449,-0.06601215153932571,0.5391366481781006,0.6700093746185303,-0.030660856515169144,0.5895626544952393,0.632996678352356,-0.048753514885902405,0.5961059927940369,0.6665313243865967,-0.04691691696643829,0.5850638151168823,0.6817800998687744,-0.04284022003412247,0.5430775880813599,0.7069212794303894,-0.039021044969558716,0.5901807546615601,0.6708936095237732,-0.05582067742943764,0.5938994884490967,0.6979079246520996,-0.04602806270122528,0.5799987316131592,0.7085801362991333,-0.035893045365810394,0.5512359142303467,0.7456929683685303,-0.04793190211057663,0.5893954634666443,0.7108045220375061,-0.05298466607928276,0.5928884744644165,0.7263582944869995,-0.041095517575740814,0.5791977643966675,0.7397474646568298,-0.03152439743280411,0.6282474398612976,0.8355593085289001,-2.0882737317151623e-07,0.6151626706123352,0.7597975134849548,-0.003001599572598934,0.614075779914856,0.6963711977005005,-0.008812934160232544,0.6122156381607056,0.6510782241821289,-0.015427638776600361,0.6112874746322632,0.6204918026924133,-0.021580403670668602,0.6618639826774597,0.6634394526481628,-0.007890073582530022,0.6455829739570618,0.5956606864929199,-0.018581653013825417,0.6375041007995605,0.5577813386917114,-0.026345200836658478,0.6329386234283447,0.5291993021965027,-0.031747136265039444,0.6679755449295044,0.6850242018699646,-0.012195438146591187,0.6155472993850708,0.6404504776000977,-0.017493698745965958,0.6080510020256042,0.6697728037834167,-0.01594449207186699,0.6161313652992249,0.6908347010612488,-0.015320617705583572,0.6601020097732544,0.7171822786331177,-0.017521189525723457,0.6057775616645813,0.6815265417098999,-0.02259741723537445,0.6048647165298462,0.708438515663147,-0.017454776912927628,0.6175198554992676,0.7227794528007507,-0.014692099764943123,0.6464613080024719,0.7488847374916077,-0.023594742640852928,0.6049467921257019,0.7186649441719055,-0.028844978660345078,0.6055753231048584,0.7376374006271362,-0.02533152885735035,0.6183193325996399,0.7514537572860718,-0.021724000573158264
21,0.5690672397613525,0.8008758425712585,1.773812812189135e-07,0.5884312391281128,0.7332789897918701,-0.005684175994247198,0.590773344039917,0.674345076084137,-0.0153968445956707,0.5886777639389038,0.6338710188865662,-0.025474580004811287,0.590627133846283,0.6146952509880066,-0.034726083278656006,0.5480695962905884,0.6417848467826843,-0.023697927594184875,0.5537952184677124,0.5857608914375305,-0.04535909742116928,0.5596511960029602,0.5449186563491821,-0.05892423167824745,0.5635600686073303,0.5112239122390747,-0.06665299832820892,0.540923535823822,0.6688960790634155,-0.030572371557354927,0.5910453796386719,0.6317813992500305,-0.048555485904216766,0.5980730056762695,0.6645066142082214,-0.04704953730106354,0.5870617032051086,0.6787046194076538,-0.04336826875805855,0.5441844463348389,0.7052412033081055,-0.03860851749777794,0.5909035205841064,0.6696810126304626,-0.05547922104597092,0.5951873064041138,0.6960266828536987,-0.045954905450344086,0.581282913684845,0.7059367299079895,-0.036179374903440475,0.5519177317619324,0.7438212037086487,-0.04734991863369942,0.5896400213241577,0.7097779512405396,-0.052996642887592316,0.5936601161956787,0.7255809903144836,-0.04156192019581795,0.5798866748809814,0.7384191751480103,-0.03230581060051918,0.6300930976867676,0.8351858258247375,-1.908683060491967e-07,0.6202519536018372,0.7599945664405823,-0.0030528423376381397,0.6191529035568237,0.696211040019989,-0.009267938323318958,0.6146342754364014,0.6504328846931458,-0.016222743317484856,0.6108424067497253,0.6186465620994568,-0.022868933156132698,0.6640918254852295,0.6630926132202148,-0.009146171621978283,0.6456607580184937,0.5949078798294067,-0.019644420593976974,0.6381386518478394,0.557183027267456,-0.027337992563843727,0.6344233155250549,0.5280304551124573,-0.032790884375572205,0.669419527053833,0.684937596321106,-0.013356654904782772,0.6161388754844666,0.64039146900177,-0.018753819167613983,0.6099578738212585,0.6682227253913879,-0.017527619376778603,0.6179555058479309,0.6881879568099976,-0.01731165684759617,0.661024272441864,0.7172624468803406,-0.01845267228782177,0.6068238615989685,0.6812428832054138,-0.02355041727423668,0.6069513559341431,0.7072471380233765,-0.019185781478881836,0.6195499300956726,0.7208607792854309,-0.017031630501151085,0.6473395228385925,0.7490269541740417,-0.024189859628677368,0.6066449880599976,0.7187040448188782,-0.029289493337273598,0.6081475019454956,0.736411988735199,-0.026240134611725807,0.6210422515869141,0.7489479184150696,-0.023132899776101112
22,0.5697160363197327,0.7997690439224243,1.6176853989691153e-07,0.5887982845306396,0.7318695187568665,-0.004772925283759832,0.5907788872718811,0.671194851398468,-0.01349772047251463,0.5873888731002808,0.6302912831306458,-0.02284616231918335,0.5894339680671692,0.6159123182296753,-0.031437020748853683,0.5481209754943848,0.6408724188804626,-0.020629923790693283,0.5554512739181519,0.5839794278144836,-0.041512008756399155,0.5615212917327881,0.5442957282066345,-0.05507640540599823,0.5659250020980835,0.5103000998497009,-0.0631474182009697,0.54167240858078,0.6674579977989197,-0.02768222987651825,0.5918519496917725,0.6332740783691406,-0.04600653797388077,0.5976106524467468,0.6663782596588135,-0.04559631645679474,0.5859273076057434,0.6805089116096497,-0.04270542412996292,0.5449464321136475,0.703602135181427,-0.03581887111067772,0.5920836925506592,0.6693116426467896,-0.05244515463709831,0.5953289270401001,0.6967814564704895,-0.04340758174657822,0.5815587639808655,0.7068907618522644,-0.03401597961783409,0.5524555444717407,0.7422758340835571,-0.04462389275431633,0.5909797549247742,0.7087274789810181,-0.050062209367752075,0.5943915843963623,0.7255007028579712,-0.03906700387597084,0.5810456275939941,0.7383335828781128,-0.030163567513227463,0.6294631958007812,0.833548903465271,-2.104641794176132e-07,0.6183960437774658,0.7578082084655762,-0.0029990964103490114,0.6179954409599304,0.6923333406448364,-0.008818197064101696,0.6154489517211914,0.6474027037620544,-0.015489236451685429,0.6125504374504089,0.6171531081199646,-0.02171839214861393,0.664058268070221,0.6608846783638,-0.008094007149338722,0.6465083360671997,0.5928294062614441,-0.01904180459678173,0.6382072567939758,0.5549262166023254,-0.026828613132238388,0.6338928937911987,0.5259237885475159,-0.032285258173942566,0.6694391965866089,0.6832681894302368,-0.012612152844667435,0.616974413394928,0.6394044160842896,-0.018744681030511856,0.6092976331710815,0.6688505411148071,-0.017434703186154366,0.6172842383384705,0.6890764236450195,-0.016816189512610435,0.6614124774932861,0.7157397866249084,-0.018161451444029808,0.6074132323265076,0.6806983947753906,-0.024030955508351326,0.6068321466445923,0.7079339027404785,-0.01917685568332672,0.6198046207427979,0.7220325469970703,-0.016409389674663544,0.6478152275085449,0.747877299785614,-0.02440323866903782,0.6067472696304321,0.71722811460495,-0.03032100759446621,0.6075307726860046,0.7352864146232605,-0.02708095870912075,0.6206957101821899,0.7481296062469482,-0.023554475978016853
23,0.5662806034088135,0.7950665354728699,1.8378686661435495e-07,0.5852310061454773,0.7271293997764587,-0.002960001118481159,0.5878517031669617,0.6678493618965149,-0.012845302931964397,0.5859771966934204,0.6254236102104187,-0.023905394598841667,0.589235246181488,0.6079227328300476,-0.034552447497844696,0.5468401312828064,0.6385882496833801,-0.021115461364388466,0.5561147928237915,0.5813990831375122,-0.04167409986257553,0.5633079409599304,0.5414140820503235,-0.0543208047747612,0.5675970315933228,0.5079056024551392,-0.06170954182744026,0.5424452424049377,0.6652026176452637,-0.029073655605316162,0.5928961634635925,0.629325270652771,-0.04845752567052841,0.5985438227653503,0.663938581943512,-0.04789421707391739,0.5867838859558105,0.6788964867591858,-0.04430104047060013,0.5468305945396423,0.7007615566253662,-0.037659257650375366,0.5941011905670166,0.6645479798316956,-0.05433600768446922,0.5972576141357422,0.6927654147148132,-0.04407200962305069,0.5836415886878967,0.7045783996582031,-0.03355254605412483,0.5542904138565063,0.7370827794075012,-0.04668121039867401,0.5916348099708557,0.7022615075111389,-0.05198201909661293,0.594986081123352,0.7189384698867798,-0.04047362878918648,0.5830615758895874,0.7311322093009949,-0.03105291910469532,0.6287100911140442,0.824835479259491,-2.1067729960577708e-07,0.6181613206863403,0.7508710622787476,-0.002825129544362426,0.6180500388145447,0.6877115368843079,-0.008746466599404812,0.6167757511138916,0.6435761451721191,-0.015499159693717957,0.6145545244216919,0.614224910736084,-0.021639157086610794,0.6629686951637268,0.654938280582428,-0.007946505211293697,0.6459400057792664,0.5874812006950378,-0.01957719214260578,0.6381635069847107,0.5479300022125244,-0.027822479605674744,0.6336060762405396,0.5178732872009277,-0.03347406163811684,0.6684515476226807,0.6766668558120728,-0.012700344435870647,0.616889238357544,0.6345521211624146,-0.019526951014995575,0.6090824007987976,0.6646740436553955,-0.018097935244441032,0.6161363124847412,0.6848773956298828,-0.017125824466347694,0.6611863374710083,0.7084562182426453,-0.01855340413749218,0.6076118350028992,0.6751561760902405,-0.024766091257333755,0.6068535447120667,0.7029848694801331,-0.019076844677329063,0.6191903352737427,0.7168135643005371,-0.015572632662951946,0.6487254500389099,0.7408367395401001,-0.02517811395227909,0.6074317693710327,0.7113903760910034,-0.030941762030124664,0.6075024008750916,0.730247974395752,-0.027027759701013565,0.6196908950805664,0.7433189749717712,-0.022947188466787338
24,0.5678170323371887,0.795250415802002,1.5995355795439536e-07,0.5867860913276672,0.7296111583709717,-0.004406338091939688,0.5899010896682739,0.6703845858573914,-0.013349201530218124,0.5885875225067139,0.6298788189888,-0.022933535277843475,0.5925238728523254,0.6099705100059509,-0.032000236213207245,0.5479026436805725,0.6393771767616272,-0.02252836525440216,0.5550755262374878,0.5808431506156921,-0.04251575097441673,0.562388002872467,0.5407219529151917,-0.054647382348775864,0.5675946474075317,0.507172703742981,-0.0618133619427681,0.5418821573257446,0.6663779020309448,-0.030166590586304665,0.5931524634361267,0.6272969245910645,-0.04951054975390434,0.598601222038269,0.6612465977668762,-0.04909611865878105,0.5865281820297241,0.6762279272079468,-0.04569750279188156,0.5455284714698792,0.7018557190895081,-0.03862719237804413,0.5934485197067261,0.6641367673873901,-0.05553140863776207,0.5965579152107239,0.6910006403923035,-0.04602879285812378,0.5828731060028076,0.7012295722961426,-0.03615659847855568,0.5530961155891418,0.7395248413085938,-0.04769838601350784,0.5908434391021729,0.7027531862258911,-0.05353975296020508,0.5941706299781799,0.718959391117096,-0.04259443283081055,0.5813754200935364,0.7314457297325134,-0.03368242830038071,0.6274465322494507,0.8196601271629333,-2.2338028315971314e-07,0.6181565523147583,0.7464199066162109,-0.004080462735146284,0.6176319718360901,0.6831968426704407,-0.01059216633439064,0.6162171959877014,0.6390804648399353,-0.017716707661747932,0.6167597770690918,0.6137998104095459,-0.02419097162783146,0.662876307964325,0.6534448266029358,-0.008845922537147999,0.6464126110076904,0.58737713098526,-0.02071204036474228,0.637753963470459,0.5488467216491699,-0.02929401397705078,0.6330755949020386,0.5185026526451111,-0.03541021794080734,0.6682599186897278,0.676548421382904,-0.013064028695225716,0.6170889735221863,0.6350165605545044,-0.019828161224722862,0.608880341053009,0.6658695936203003,-0.019158869981765747,0.616722583770752,0.686109721660614,-0.019126780331134796,0.6611216068267822,0.7092404961585999,-0.01841321960091591,0.6069074869155884,0.6772473454475403,-0.024459293112158775,0.6055940985679626,0.7052134275436401,-0.0193233173340559,0.618102490901947,0.7186458110809326,-0.016553623601794243,0.6484346985816956,0.7416559457778931,-0.024668989703059196,0.6070737242698669,0.7134572863578796,-0.030731623992323875,0.6067870855331421,0.7320741415023804,-0.027268461883068085,0.6188591122627258,0.7447599172592163,-0.023663032799959183
25,0.5728172063827515,0.7956938743591309,1.730082885842421e-07,0.5910834074020386,0.7295522689819336,-0.00650506978854537,0.5917315483093262,0.6702209711074829,-0.01689528115093708,0.5882160067558289,0.6297088265419006,-0.027956724166870117,0.5888807773590088,0.6125158667564392,-0.0384826622903347,0.548681914806366,0.6403939127922058,-0.022374087944626808,0.5563327074050903,0.5832507014274597,-0.0423017293214798,0.5621485114097595,0.5441941022872925,-0.054645370692014694,0.5659316778182983,0.5107945799827576,-0.06219158694148064,0.5424476265907288,0.6665910482406616,-0.029333319514989853,0.5916017889976501,0.6302768588066101,-0.047480855137109756,0.5970832109451294,0.6624170541763306,-0.04691830649971962,0.5857614874839783,0.6751686334609985,-0.044362425804138184,0.5456218123435974,0.7018975615501404,-0.03747756406664848,0.5922598242759705,0.6669996976852417,-0.053757425397634506,0.5946230292320251,0.6927220225334167,-0.045013293623924255,0.5810086131095886,0.7021598815917969,-0.03668537735939026,0.5531971454620361,0.7386504411697388,-0.04655655473470688,0.5904101133346558,0.7059842348098755,-0.05314688757061958,0.5930682420730591,0.7228116393089294,-0.04358933866024017,0.5795993208885193,0.7348982095718384,-0.036067742854356766,0.6313027143478394,0.8287765383720398,-2.0891934582323302e-07,0.6161514520645142,0.7543676495552063,-0.003767541144043207,0.6141127943992615,0.6896958947181702,-0.011193769983947277,0.6133268475532532,0.6448653340339661,-0.01896921545267105,0.6157563328742981,0.620320200920105,-0.026168877258896828,0.659610390663147,0.6534358263015747,-0.012464078143239021,0.6422339081764221,0.5815978050231934,-0.027134452015161514,0.6323155760765076,0.5385292172431946,-0.03865449130535126,0.6256119012832642,0.5032686591148376,-0.04732954874634743,0.6665369272232056,0.6776285767555237,-0.016875745728611946,0.615601658821106,0.6346777081489563,-0.026188276708126068,0.6084170341491699,0.6685956120491028,-0.026109661906957626,0.6182229518890381,0.6888490319252014,-0.02685888297855854,0.6600888967514038,0.7105562090873718,-0.022277191281318665,0.6066640019416809,0.6769518852233887,-0.028209248557686806,0.6055750846862793,0.7070120573043823,-0.021773889660835266,0.6194043159484863,0.7211996912956238,-0.019124893471598625,0.6477190852165222,0.7439164519309998,-0.02871941216289997,0.6053799390792847,0.715714693069458,-0.03498631343245506,0.6049584150314331,0.7368966341018677,-0.031546760350465775,0.6178518533706665,0.7508751153945923,-0.02865307591855526
26,0.570085883140564,0.8018134832382202,1.4620296440170932e-07,0.5913524031639099,0.7303770184516907,-0.0037546814419329166,0.5946597456932068,0.6702592372894287,-0.013050216250121593,0.5926974415779114,0.6305503845214844,-0.0233929306268692,0.5949814915657043,0.6137266159057617,-0.03323393687605858,0.5496145486831665,0.6391133666038513,-0.020701054483652115,0.5571779012680054,0.582057535648346,-0.04035310819745064,0.5635335445404053,0.5424484610557556,-0.05272182822227478,0.5683318376541138,0.5088909864425659,-0.06041378900408745,0.5429633855819702,0.6668514609336853,-0.029116863384842873,0.5944324135780334,0.6303439736366272,-0.047911014407873154,0.5990724563598633,0.6637588143348694,-0.047878511250019073,0.5870514512062073,0.6774230599403381,-0.045343197882175446,0.5462096929550171,0.7030841112136841,-0.038376759737730026,0.5948227643966675,0.665925920009613,-0.05456630513072014,0.596985936164856,0.6929931044578552,-0.044976089149713516,0.5836297273635864,0.7034080028533936,-0.035669006407260895,0.5538825392723083,0.7415314316749573,-0.04833986610174179,0.591528594493866,0.7062149047851562,-0.05385390296578407,0.5939769744873047,0.7237633466720581,-0.04293010011315346,0.5812734365463257,0.7363303899765015,-0.034341149032115936,0.6319729089736938,0.8191691637039185,-2.2372410057869274e-07,0.6224868297576904,0.7478764057159424,-0.004511409904807806,0.62117600440979,0.6848596930503845,-0.011408028192818165,0.6189020872116089,0.6413822174072266,-0.01871812902390957,0.6181508898735046,0.6155550479888916,-0.025466768071055412,0.6643989086151123,0.652733325958252,-0.010646038688719273,0.6463185548782349,0.5842640995979309,-0.023402776569128036,0.6367492079734802,0.5444853901863098,-0.03241155669093132,0.6308299899101257,0.5136582255363464,-0.038725219666957855,0.6698322892189026,0.6769399642944336,-0.014775868505239487,0.6180723309516907,0.6356878280639648,-0.02237892709672451,0.6103166937828064,0.6669228672981262,-0.021648352965712547,0.6187494397163391,0.6863998770713806,-0.021375052630901337,0.6628219485282898,0.7102481722831726,-0.020001458004117012,0.6081579327583313,0.6787661910057068,-0.026653040200471878,0.6076282262802124,0.7061161398887634,-0.021306278184056282,0.6207586526870728,0.7185207009315491,-0.01828160509467125,0.6504210829734802,0.7434338927268982,-0.02606033906340599,0.6080412268638611,0.7152975797653198,-0.03264116123318672,0.6088445782661438,0.7341976761817932,-0.02886584773659706,0.6216899752616882,0.7460835576057434,-0.024934591725468636
27,0.5702722072601318,0.8013451099395752,1.492955448156863e-07,0.5922580361366272,0.7311608195304871,-0.0028827236965298653,0.5948810577392578,0.6702714562416077,-0.01130623184144497,0.5917429327964783,0.6290067434310913,-0.020753400400280952,0.5918495655059814,0.6087118983268738,-0.029510997235774994,0.5499720573425293,0.6378514766693115,-0.02000129036605358,0.5566267371177673,0.5798296332359314,-0.03972284123301506,0.5628461837768555,0.5397480130195618,-0.05162055790424347,0.5670019388198853,0.5060819387435913,-0.05854108929634094,0.5439500212669373,0.664909303188324,-0.02825765311717987,0.5947282314300537,0.6269615292549133,-0.04676448926329613,0.6002824306488037,0.6606909036636353,-0.04561465233564377,0.5881475806236267,0.6757717728614807,-0.04185250401496887,0.5473089218139648,0.7008412480354309,-0.03737936541438103,0.5953828692436218,0.6646047234535217,-0.054206233471632004,0.5982478857040405,0.6920187473297119,-0.04457038640975952,0.5844292640686035,0.7023789882659912,-0.034607112407684326,0.5550063252449036,0.7399395704269409,-0.04691504314541817,0.5931107997894287,0.7043229341506958,-0.05208844318985939,0.5962427258491516,0.7219979166984558,-0.04042695462703705,0.5829506516456604,0.7351093888282776,-0.03110320121049881,0.6324367523193359,0.8233214020729065,-2.3078280264599016e-07,0.6211539506912231,0.7494789958000183,-0.0034679195377975702,0.6202179789543152,0.6844067573547363,-0.010003802366554737,0.6192197799682617,0.639775812625885,-0.01724945195019245,0.618152379989624,0.6150246858596802,-0.02402944676578045,0.665565550327301,0.6527929902076721,-0.008900396525859833,0.6471895575523376,0.5835072994232178,-0.021401027217507362,0.6377290487289429,0.5443840622901917,-0.03025228902697563,0.6320148706436157,0.5134580135345459,-0.03654423728585243,0.670705258846283,0.6762000322341919,-0.01352210808545351,0.6192691922187805,0.6330605745315552,-0.020801261067390442,0.6106973886489868,0.6662562489509583,-0.019683249294757843,0.6195953488349915,0.6857323050498962,-0.019196825101971626,0.6633516550064087,0.7087258100509644,-0.019265277311205864,0.6089997887611389,0.6767609119415283,-0.025375036522746086,0.6075991988182068,0.7055149674415588,-0.019959663972258568,0.621198296546936,0.7178778052330017,-0.01709362119436264,0.650465726852417,0.7413029670715332,-0.025800887495279312,0.6084181070327759,0.7118070125579834,-0.03147025778889656,0.6083344221115112,0.7318674325942993,-0.027515389025211334,0.6211474537849426,0.7442688941955566,-0.023789597675204277
28,0.5707031488418579,0.7998181581497192,1.5301696976166568e-07,0.5935859084129333,0.7270876169204712,-0.00455769058316946,0.596314549446106,0.6670352816581726,-0.014302571304142475,0.5941792130470276,0.6272487044334412,-0.025217654183506966,0.5958557724952698,0.6099131107330322,-0.03538774326443672,0.5494636297225952,0.6374786496162415,-0.02006446197628975,0.5572559833526611,0.5785585641860962,-0.04005155712366104,0.5637341737747192,0.5386342406272888,-0.052934058010578156,0.5688218474388123,0.5045424103736877,-0.06108260154724121,0.5429613590240479,0.6649705171585083,-0.028495293110609055,0.5945620536804199,0.629254162311554,-0.04835129529237747,0.5995637774467468,0.6629329919815063,-0.04931888356804848,0.5877923369407654,0.6769810318946838,-0.04739239811897278,0.5466380715370178,0.7005940675735474,-0.03794551640748978,0.5952141284942627,0.6640652418136597,-0.05478596314787865,0.5979565978050232,0.6918400526046753,-0.045561205595731735,0.5846428871154785,0.7026233673095703,-0.036520667374134064,0.5549739003181458,0.7379083633422852,-0.04830759018659592,0.5927731394767761,0.7040858268737793,-0.05446561425924301,0.5952458381652832,0.7220742702484131,-0.04409629851579666,0.5819379091262817,0.7345635294914246,-0.03588277846574783,0.634885847568512,0.8247299790382385,-2.1860500964976382e-07,0.6223670244216919,0.75114506483078,-0.003434475278481841,0.6205160617828369,0.6861956715583801,-0.00987895205616951,0.6185160279273987,0.6412933468818665,-0.017107883468270302,0.6175143718719482,0.610602080821991,-0.023976022377610207,0.6666557192802429,0.6523252129554749,-0.009598535485565662,0.6480672955513,0.5817289352416992,-0.021599693223834038,0.6394429802894592,0.5426051616668701,-0.02983267605304718,0.6348139047622681,0.5124504566192627,-0.03539483994245529,0.6719277501106262,0.67524653673172,-0.013987318612635136,0.6199610233306885,0.6328870058059692,-0.020732242614030838,0.6127698421478271,0.6638892889022827,-0.018845412880182266,0.6209022998809814,0.6834683418273926,-0.017512137070298195,0.6643304228782654,0.7080492973327637,-0.01945403590798378,0.6101478934288025,0.6759042143821716,-0.025881681591272354,0.6097274422645569,0.7037384510040283,-0.020090119913220406,0.6226599216461182,0.7167875170707703,-0.01641008071601391,0.6512342095375061,0.740520715713501,-0.025626474991440773,0.6099587678909302,0.7122287750244141,-0.03186021000146866,0.6110067367553711,0.7306625247001648,-0.027939490973949432,0.6239513754844666,0.7429113984107971,-0.023702966049313545
29,0.5737863779067993,0.7995219230651855,1.7049998746188066e-07,0.591839611530304,0.7332983613014221,-0.0057253045961260796,0.5933876633644104,0.674602746963501,-0.01585342362523079,0.5917572379112244,0.6359112858772278,-0.026390716433525085,0.5944718718528748,0.6179619431495667,-0.036166317760944366,0.5508460402488708,0.6408461928367615,-0.024138925597071648,0.5586238503456116,0.5838168263435364,-0.0452999621629715,0.5640289187431335,0.5435782670974731,-0.05848268046975136,0.5679652094841003,0.5096821784973145,-0.06610433012247086,0.5450562834739685,0.6681967973709106,-0.030985962599515915,0.5947669148445129,0.6312341094017029,-0.04859529808163643,0.6006285548210144,0.6623489260673523,-0.04692092537879944,0.5902258157730103,0.6760689616203308,-0.04355698078870773,0.5488225221633911,0.7043899893760681,-0.038936588913202286,0.5956493616104126,0.6677831411361694,-0.055188462138175964,0.5982982516288757,0.6932196021080017,-0.04576722905039787,0.5849891901016235,0.7036471366882324,-0.03660231828689575,0.5570474863052368,0.7423102855682373,-0.0476166196167469,0.5945759415626526,0.7073035836219788,-0.05305198207497597,0.5972968935966492,0.7234657406806946,-0.04196333885192871,0.5836060643196106,0.7368762493133545,-0.033261772245168686,0.635646402835846,0.8245238661766052,-2.059953772004519e-07,0.6248684525489807,0.7520724534988403,-0.0033481568098068237,0.6232041716575623,0.6881335973739624,-0.009925046935677528,0.6207945942878723,0.6444581151008606,-0.01725943014025688,0.6178874969482422,0.6185812950134277,-0.02430284023284912,0.6655166149139404,0.6550734639167786,-0.009284475818276405,0.6483737230300903,0.5888582468032837,-0.022091303020715714,0.6403040289878845,0.5503999590873718,-0.031175492331385612,0.6360717415809631,0.5204017162322998,-0.03757726401090622,0.6716698408126831,0.6787563562393188,-0.01388841588050127,0.6196342706680298,0.6389572620391846,-0.021244360134005547,0.6113882064819336,0.6702991127967834,-0.019645297899842262,0.6198451519012451,0.689109206199646,-0.01865062117576599,0.66468346118927,0.712412416934967,-0.019700810313224792,0.6109524369239807,0.6814804673194885,-0.026428312063217163,0.6097880005836487,0.7088584899902344,-0.0209609754383564,0.6228742599487305,0.7215937972068787,-0.017672833055257797,0.6522085070610046,0.7460834980010986,-0.026227373629808426,0.6110260486602783,0.7174153327941895,-0.03309138864278793,0.6112613677978516,0.7349247932434082,-0.029842693358659744,0.6241552233695984,0.7465324401855469,-0.02622104436159134
30,0.5727254748344421,0.8007311224937439,1.6786486867204076e-07,0.5923479199409485,0.7327376008033752,-0.004497269634157419,0.594663143157959,0.6727319955825806,-0.013832568190991879,0.5932623744010925,0.6320868134498596,-0.023786606267094612,0.5963718295097351,0.6141305565834045,-0.03305540978908539,0.551773726940155,0.6394798755645752,-0.023145552724599838,0.5577186346054077,0.5817090272903442,-0.04420960322022438,0.5630635619163513,0.541136622428894,-0.05735110118985176,0.5666837692260742,0.5073564052581787,-0.06493403762578964,0.5454044342041016,0.6668464541435242,-0.030534526333212852,0.5953900218009949,0.6305099725723267,-0.048102304339408875,0.6022636294364929,0.6624694466590881,-0.04645479470491409,0.5914844870567322,0.6764619946479797,-0.042907748371362686,0.5488911867141724,0.7036011219024658,-0.03893385827541351,0.5957207679748535,0.6673688888549805,-0.05543798208236694,0.5997804999351501,0.693455696105957,-0.04607686772942543,0.5860849022865295,0.7038397192955017,-0.036584269255399704,0.556495189666748,0.7423440217971802,-0.04789560288190842,0.5941749811172485,0.7074034214019775,-0.053354647010564804,0.598450779914856,0.7230458855628967,-0.042017292231321335,0.5853272676467896,0.7359892129898071,-0.0329083651304245,0.6370646357536316,0.832234799861908,-2.00845349240808e-07,0.6258100867271423,0.7586283683776855,-0.0035699678119271994,0.6244581937789917,0.69434654712677,-0.009858079254627228,0.6211380362510681,0.648332417011261,-0.01675364002585411,0.6163747906684875,0.6146125793457031,-0.02348623052239418,0.6672624945640564,0.6595354080200195,-0.009257075376808643,0.6487448215484619,0.5930013060569763,-0.020743221044540405,0.6402502059936523,0.5558727979660034,-0.028613906353712082,0.6356499195098877,0.527050256729126,-0.03409411385655403,0.6726714968681335,0.682457685470581,-0.013539324514567852,0.6205760836601257,0.6373748183250427,-0.020623913034796715,0.6126661896705627,0.6676778793334961,-0.01947900280356407,0.620714545249939,0.686303436756134,-0.0187977384775877,0.6651500463485718,0.7151550054550171,-0.018829645588994026,0.6112326383590698,0.6795329451560974,-0.025471771135926247,0.6104441285133362,0.7077115178108215,-0.02077934704720974,0.6234577298164368,0.7201645970344543,-0.018071027472615242,0.652351975440979,0.7473435997962952,-0.02471386454999447,0.6114280223846436,0.7152641415596008,-0.03080819360911846,0.6122055649757385,0.73399418592453,-0.02744339220225811,0.6253616809844971,0.7461283802986145,-0.0239793062210083
31,0.571108341217041,0.8032504320144653,1.4921816671176202e-07,0.5926641225814819,0.7320887446403503,-0.0031392634846270084,0.5953267216682434,0.6706489324569702,-0.012000616639852524,0.5933294296264648,0.6294703483581543,-0.022017916664481163,0.5957915782928467,0.6129515767097473,-0.031362734735012054,0.5509353280067444,0.639602780342102,-0.020185252651572227,0.5576412677764893,0.5805424451828003,-0.04043861851096153,0.5634651780128479,0.5403788089752197,-0.05296296626329422,0.5676404237747192,0.5064695477485657,-0.0603812076151371,0.5447768568992615,0.6666728854179382,-0.028432026505470276,0.5955600738525391,0.62948077917099,-0.04660801589488983,0.6015556454658508,0.6627814173698425,-0.04532915726304054,0.5904275178909302,0.677388072013855,-0.04180886596441269,0.548391580581665,0.7032084465026855,-0.037640977650880814,0.5958845615386963,0.666339635848999,-0.05387264862656593,0.5990310311317444,0.6931690573692322,-0.04413844645023346,0.5856379270553589,0.7041907906532288,-0.03441242501139641,0.5563393831253052,0.7419811487197876,-0.04742160066962242,0.5940026640892029,0.7066076397895813,-0.05239008739590645,0.5970694422721863,0.723106861114502,-0.04098951071500778,0.5838270783424377,0.7359586358070374,-0.031969573348760605,0.6363505721092224,0.8371955752372742,-2.0968720093605953e-07,0.6227708458900452,0.7606014013290405,-0.003690364072099328,0.6217199563980103,0.6954435706138611,-0.009811727330088615,0.619809091091156,0.6483392715454102,-0.016419509425759315,0.6171844601631165,0.6141841411590576,-0.022904323413968086,0.6679225564002991,0.6608643531799316,-0.00968904234468937,0.6496871113777161,0.5921943783760071,-0.020498843863606453,0.6410077810287476,0.554760217666626,-0.028231181204319,0.6364524960517883,0.5261508822441101,-0.03382335603237152,0.674000084400177,0.683252215385437,-0.01370769552886486,0.6212379336357117,0.6358020305633545,-0.0198553167283535,0.6132563948631287,0.6657035946846008,-0.018632788211107254,0.6210459470748901,0.6864264011383057,-0.018297459930181503,0.6660469770431519,0.7155100107192993,-0.018648505210876465,0.6109176874160767,0.6779330372810364,-0.02455853298306465,0.6099358797073364,0.7056027054786682,-0.020124053582549095,0.6230278015136719,0.7196805477142334,-0.017978038638830185,0.652174174785614,0.7466246485710144,-0.02422099933028221,0.6098700165748596,0.7137988209724426,-0.03021080233156681,0.6102650165557861,0.7325114011764526,-0.027298400178551674,0.6232575178146362,0.7457152009010315,-0.02432973124086857
32,0.5715876817703247,0.8011738061904907,1.5697131061642722e-07,0.5920235514640808,0.732397735118866,-0.0037371611688286066,0.5943893790245056,0.6722058057785034,-0.01297538448125124,0.5915364027023315,0.6298633217811584,-0.023047558963298798,0.5922207236289978,0.6106792092323303,-0.032498348504304886,0.5516380667686462,0.6411242485046387,-0.022179001942276955,0.558332622051239,0.5838994979858398,-0.04317672923207283,0.5643857717514038,0.5435680150985718,-0.05606655776500702,0.5688624382019043,0.5106353759765625,-0.06344488263130188,0.5443577766418457,0.6677182912826538,-0.029983483254909515,0.5961830615997314,0.6300312876701355,-0.04822007566690445,0.6019570827484131,0.6631977558135986,-0.046857669949531555,0.5906834602355957,0.6774473786354065,-0.04310121014714241,0.5477263927459717,0.7038359642028809,-0.03865966945886612,0.5964891314506531,0.6664060354232788,-0.055134888738393784,0.599091649055481,0.6932336688041687,-0.0452827513217926,0.5851263403892517,0.7040003538131714,-0.035334449261426926,0.5553498268127441,0.7414464950561523,-0.04789918661117554,0.5940321683883667,0.7083273530006409,-0.053395289927721024,0.5970651507377625,0.7253125905990601,-0.041969746351242065,0.5839405655860901,0.738457441329956,-0.03269479423761368,0.6337457895278931,0.8407624363899231,-2.1280466455664282e-07,0.6218017935752869,0.761513352394104,-0.00247251708060503,0.6210492253303528,0.6962245106697083,-0.00845653098076582,0.6197037696838379,0.6499640345573425,-0.015352712944149971,0.6185634136199951,0.6176140904426575,-0.02193683758378029,0.6678186655044556,0.66412353515625,-0.008469362743198872,0.6507719159126282,0.5946691036224365,-0.019657820463180542,0.6426806449890137,0.5565704107284546,-0.027846207842230797,0.6383395791053772,0.527422308921814,-0.03363924100995064,0.6737666130065918,0.6866152286529541,-0.013142812997102737,0.6222696304321289,0.6408251523971558,-0.018827354535460472,0.6145326495170593,0.6711409687995911,-0.01721402071416378,0.6222531795501709,0.6926809549331665,-0.01672908291220665,0.6654869914054871,0.7189021110534668,-0.018796002492308617,0.6117905378341675,0.6823441982269287,-0.024390676990151405,0.6103647947311401,0.7104420065879822,-0.019594134762883186,0.6230976581573486,0.7253474593162537,-0.017186736688017845,0.6515583395957947,0.7507655024528503,-0.025019530206918716,0.6105231642723083,0.718938410282135,-0.03035806305706501,0.610667884349823,0.7386048436164856,-0.026814153417944908,0.6231334209442139,0.7527154684066772,-0.023417748510837555
33,0.5715876817703247,0.8011738061904907,1.5697131061642722e-07,0.5920235514640808,0.732397735118866,-0.0037371611688286066,0.5943893790245056,0.6722058057785034,-0.01297538448125124,0.5915364027023315,0.6298633217811584,-0.023047558963298798,0.5922207236289978,0.6106792092323303,-0.032498348504304886,0.5516380667686462,0.6411242485046387,-0.022179001942276955,0.558332622051239,0.5838994979858398,-0.04317672923207283,0.5643857717514038,0.5435680150985718,-0.05606655776500702,0.5688624382019043,0.5106353759765625,-0.06344488263130188,0.5443577766418457,0.6677182912826538,-0.029983483254909515,0.5961830615997314,0.6300312876701355,-0.04822007566690445,0.6019570827484131,0.6631977558135986,-0.046857669949531555,0.5906834602355957,0.6774473786354065,-0.04310121014714241,0.5477263927459717,0.7038359642028809,-0.03865966945886612,0.5964891314506531,0.6664060354232788,-0.055134888738393784,0.599091649055481,0.6932336688041687,-0.0452827513217926,0.5851263403892517,0.7040003538131714,-0.035334449261426926,0.5553498268127441,0.7414464950561523,-0.04789918661117554,0.5940321683883667,0.7083273530006409,-0.053395289927721024,0.5970651507377625,0.7253125905990601,-0.041969746351242065,0.5839405655860901,0.738457441329956,-0.03269479423761368,0.6337457895278931,0.8407624363899231,-2.1280466455664282e-07,0.6218017935752869,0.761513352394104,-0.00247251708060503,0.6210492253303528,0.6962245106697083,-0.00845653098076582,0.6197037696838379,0.6499640345573425,-0.015352712944149971,0.6185634136199951,0.6176140904426575,-0.02193683758378029,0.6678186655044556,0.66412353515625,-0.008469362743198872,0.6507719159126282,0.5946691036224365,-0.019657820463180542,0.6426806449890137,0.5565704107284546,-0.027846207842230797,0.6383395791053772,0.527422308921814,-0.03363924100995064,0.6737666130065918,0.6866152286529541,-0.013142812997102737,0.6222696304321289,0.6408251523971558,-0.018827354535460472,0.6145326495170593,0.6711409687995911,-0.01721402071416378,0.6222531795501709,0.6926809549331665,-0.01672908291220665,0.6654869914054871,0.7189021110534668,-0.018796002492308617,0.6117905378341675,0.6823441982269287,-0.024390676990151405,0.6103647947311401,0.7104420065879822,-0.019594134762883186,0.6230976581573486,0.7253474593162537,-0.017186736688017845,0.6515583395957947,0.7507655024528503,-0.025019530206918716,0.6105231642723083,0.718938410282135,-0.03035806305706501,0.610667884349823,0.7386048436164856,-0.026814153417944908,0.6231334209442139,0.7527154684066772,-0.023417748510837555
34,0.5678579211235046,0.8031052947044373,1.2314558262005448e-07,0.5877560973167419,0.7378036379814148,-0.0018276807386428118,0.593764066696167,0.6808894872665405,-0.009792107157409191,0.594731330871582,0.6404445767402649,-0.01829797402024269,0.5978786945343018,0.6213298439979553,-0.026304548606276512,0.5537611842155457,0.6445663571357727,-0.0241838525980711,0.5609319806098938,0.5838232040405273,-0.044248346239328384,0.5682736039161682,0.5435105562210083,-0.05562414973974228,0.5738879442214966,0.510986864566803,-0.06180267781019211,0.5479448437690735,0.6693345308303833,-0.03235075622797012,0.5986328125,0.6358040571212769,-0.04915459081530571,0.602708637714386,0.6701252460479736,-0.046446867287158966,0.5915589332580566,0.6839897632598877,-0.041959963738918304,0.5511001348495483,0.7054067254066467,-0.04088655114173889,0.6000866889953613,0.6748477220535278,-0.056931670755147934,0.5999370217323303,0.7034705281257629,-0.04674312099814415,0.5859960913658142,0.7125113606452942,-0.03641882911324501,0.5586644411087036,0.7440460324287415,-0.04949450120329857,0.5968106389045715,0.7141960263252258,-0.0541648343205452,0.5976752042770386,0.7318137884140015,-0.04191616177558899,0.5844724178314209,0.7426326870918274,-0.03215443342924118,0.6350355744361877,0.8418911695480347,-2.1239870306999364e-07,0.624582827091217,0.7657628059387207,-0.003021461423486471,0.6250651478767395,0.7031205892562866,-0.008955266326665878,0.6223627328872681,0.658503532409668,-0.015790855512022972,0.6189444661140442,0.6269423961639404,-0.02222473733127117,0.671268880367279,0.670683741569519,-0.007577876094728708,0.6562626361846924,0.6031447052955627,-0.018860680982470512,0.648780345916748,0.5651659965515137,-0.0271287951618433,0.6443209052085876,0.5354716181755066,-0.032824039459228516,0.677123486995697,0.6932222843170166,-0.01220746710896492,0.6253862977027893,0.6485064029693604,-0.018501069396734238,0.617356538772583,0.6778810024261475,-0.017992576584219933,0.6248507499694824,0.6974388957023621,-0.017875876277685165,0.669120728969574,0.7259922027587891,-0.01781403459608555,0.6145762205123901,0.6903764605522156,-0.023424573242664337,0.6132317781448364,0.7179744839668274,-0.018771015107631683,0.6256048083305359,0.7310826182365417,-0.01625176891684532,0.6550679802894592,0.7579347491264343,-0.024189213290810585,0.6134669780731201,0.7287164330482483,-0.02949579618871212,0.6138668060302734,0.7475025057792664,-0.025892585515975952,0.6267327666282654,0.7598735094070435,-0.022209472954273224
35,0.5678579211235046,0.8031052947044373,1.2314558262005448e-07,0.5877560973167419,0.7378036379814148,-0.0018276807386428118,0.593764066696167,0.6808894872665405,-0.009792107157409191,0.594731330871582,0.6404445767402649,-0.01829797402024269,0.5978786945343018,0.6213298439979553,-0.026304548606276512,0.5537611842155457,0.6445663571357727,-0.0241838525980711,0.5609319806098938,0.5838232040405273,-0.044248346239328384,0.5682736039161682,0.5435105562210083,-0.05562414973974228,0.5738879442214966,0.510986864566803,-0.06180267781019211,0.5479448437690735,0.6693345308303833,-0.03235075622797012,0.5986328125,0.6358040571212769,-0.04915459081530571,0.602708637714386,0.6701252460479736,-0.046446867287158966,0.5915589332580566,0.6839897632598877,-0.041959963738918304,0.5511001348495483,0.7054067254066467,-0.04088655114173889,0.6000866889953613,0.6748477220535278,-0.056931670755147934,0.5999370217323303,0.7034705281257629,-0.04674312099814415,0.5859960913658142,0.7125113606452942,-0.03641882911324501,0.5586644411087036,0.7440460324287415,-0.04949450120329857,0.5968106389045715,0.7141960263252258,-0.0541648343205452,0.5976752042770386,0.7318137884140015,-0.04191616177558899,0.5844724178314209,0.7426326870918274,-0.03215443342924118,0.6350355744361877,0.8418911695480347,-2.1239870306999364e-07,0.624582827091217,0.7657628059387207,-0.003021461423486471,0.6250651478767395,0.7031205892562866,-0.008955266326665878,0.6223627328872681,0.658503532409668,-0.015790855512022972,0.6189444661140442,0.6269423961639404,-0.02222473733127117,0.671268880367279,0.670683741569519,-0.007577876094728708,0.6562626361846924,0.6031447052955627,-0.018860680982470512,0.648780345916748,0.5651659965515137,-0.0271287951618433,0.6443209052085876,0.5354716181755066,-0.032824039459228516,0.677123486995697,0.6932222843170166,-0.01220746710896492,0.6253862977027893,0.6485064029693604,-0.018501069396734238,0.617356538772583,0.6778810024261475,-0.017992576584219933,0.6248507499694824,0.6974388957023621,-0.017875876277685165,0.669120728969574,0.7259922027587891,-0.01781403459608555,0.6145762205123901,0.6903764605522156,-0.023424573242664337,0.6132317781448364,0.7179744839668274,-0.018771015107631683,0.6256048083305359,0.7310826182365417,-0.01625176891684532,0.6550679802894592,0.7579347491264343,-0.024189213290810585,0.6134669780731201,0.7287164330482483,-0.02949579618871212,0.6138668060302734,0.7475025057792664,-0.025892585515975952,0.6267327666282654,0.7598735094070435,-0.022209472954273224
36,0.5694093108177185,0.8061174154281616,1.4134938908227923e-07,0.5944685339927673,0.7445879578590393,-0.004089210648089647,0.5978750586509705,0.6834508180618286,-0.013227038085460663,0.5946609377861023,0.6391201615333557,-0.02321496792137623,0.596371054649353,0.6159798502922058,-0.0326119102537632,0.5537545680999756,0.6428195238113403,-0.02196192555129528,0.5603668689727783,0.5828250050544739,-0.04251592233777046,0.5682269334793091,0.5417733788490295,-0.05517258122563362,0.5738800168037415,0.5079119801521301,-0.06253179907798767,0.5457465052604675,0.6647641062736511,-0.029089510440826416,0.5986961722373962,0.6348556876182556,-0.047299813479185104,0.6051602363586426,0.6718677878379822,-0.046501148492097855,0.5937596559524536,0.6859595775604248,-0.04311973601579666,0.5484362244606018,0.6992044448852539,-0.036980900913476944,0.5996543765068054,0.6721859574317932,-0.054124895483255386,0.6028997302055359,0.7019433379173279,-0.04519452899694443,0.5886976718902588,0.7112246155738831,-0.035726211965084076,0.5556023716926575,0.7359850406646729,-0.045313287526369095,0.59661465883255,0.7115101218223572,-0.05204633250832558,0.5997936725616455,0.7313570380210876,-0.0415654182434082,0.5864185690879822,0.7421833276748657,-0.03273599222302437,0.637672483921051,0.8381640315055847,-2.2837811286535725e-07,0.6269963383674622,0.7641985416412354,-0.003392260055989027,0.6268919706344604,0.70119708776474,-0.009102006442844868,0.6238549947738647,0.6558346748352051,-0.015576847828924656,0.619231641292572,0.623502790927887,-0.02148597687482834,0.6727315187454224,0.6693260669708252,-0.0076927300542593,0.6576464176177979,0.6023136377334595,-0.01882261596620083,0.649330198764801,0.5643803477287292,-0.026344873011112213,0.6449646949768066,0.5352418422698975,-0.031509362161159515,0.6785591840744019,0.6922379732131958,-0.012194555252790451,0.6258501410484314,0.6485630869865417,-0.01877470314502716,0.6166089773178101,0.6779560446739197,-0.017750943079590797,0.6241048574447632,0.6973166465759277,-0.017032859846949577,0.6709901690483093,0.7252902984619141,-0.01775548793375492,0.6153519749641418,0.6913922429084778,-0.024152331054210663,0.6136358380317688,0.7191823720932007,-0.019063251093029976,0.6261067390441895,0.7322348952293396,-0.015836702659726143,0.6577044129371643,0.7575071454048157,-0.02408137172460556,0.6152727603912354,0.7279331088066101,-0.03037554770708084,0.6145257949829102,0.7457534074783325,-0.02679528295993805,0.6267333030700684,0.7573329210281372,-0.022743096575140953
37,0.5693552494049072,0.8076741099357605,1.3109260521559918e-07,0.5927274227142334,0.7470041513442993,-0.004417955409735441,0.5961087346076965,0.6861263513565063,-0.013345567509531975,0.5926050543785095,0.6406241655349731,-0.022914240136742592,0.5935721397399902,0.6157920360565186,-0.03184625878930092,0.5529818534851074,0.6450845003128052,-0.02212604507803917,0.560026228427887,0.5845282077789307,-0.04246333986520767,0.5681136846542358,0.5435461401939392,-0.05472883954644203,0.5737659931182861,0.5095635056495667,-0.06187285855412483,0.5460100173950195,0.6657923460006714,-0.029167553409934044,0.5986249446868896,0.6358875036239624,-0.04762833192944527,0.6054778695106506,0.6726507544517517,-0.047037091106176376,0.5936582684516907,0.6862820982933044,-0.04378972947597504,0.5486783981323242,0.6992250680923462,-0.036976661533117294,0.600142776966095,0.6748988032341003,-0.05466115102171898,0.6035237908363342,0.7046734094619751,-0.04618430882692337,0.589103639125824,0.7126515507698059,-0.036955785006284714,0.5555443167686462,0.7363686561584473,-0.045190174132585526,0.596724808216095,0.7128317952156067,-0.052523043006658554,0.6004371643066406,0.7331137657165527,-0.04242398962378502,0.5871083736419678,0.7437129616737366,-0.03378520533442497,0.6373616456985474,0.8435702323913574,-2.0973995162876236e-07,0.6279546618461609,0.7666372060775757,-0.0037023909389972687,0.6287205219268799,0.7030849456787109,-0.009444119408726692,0.6252835988998413,0.6576969027519226,-0.0158991776406765,0.6192424893379211,0.6262204647064209,-0.021767592057585716,0.6747387647628784,0.6707125306129456,-0.0071571338921785355,0.6578433513641357,0.6030688881874084,-0.018093356862664223,0.6498922109603882,0.5643609166145325,-0.025792213156819344,0.646072268486023,0.5341688990592957,-0.031103072687983513,0.6804590821266174,0.6946171522140503,-0.011487471871078014,0.627444326877594,0.651350736618042,-0.017892060801386833,0.6190690994262695,0.681348443031311,-0.01702279783785343,0.6266344785690308,0.7010253071784973,-0.016354365274310112,0.6724080443382263,0.728119432926178,-0.016935978084802628,0.6166424751281738,0.6937865018844604,-0.023255011066794395,0.6153483390808105,0.7220814824104309,-0.01847381517291069,0.6277440786361694,0.7351052165031433,-0.015345437452197075,0.6584089398384094,0.7606907486915588,-0.023181801661849022,0.6162256002426147,0.7317941188812256,-0.029054900631308556,0.6164155006408691,0.7499421238899231,-0.02549433894455433,0.629291832447052,0.7611346244812012,-0.021466201171278954
38,0.5621745586395264,0.8069776892662048,1.2726296461096354e-07,0.5859020948410034,0.742982804775238,-0.004869477357715368,0.5877983570098877,0.6818040013313293,-0.014216448180377483,0.584609866142273,0.6352969408035278,-0.024589022621512413,0.5841346979141235,0.6107430458068848,-0.03429770842194557,0.5429999232292175,0.639694094657898,-0.01988448202610016,0.5505589246749878,0.5803855657577515,-0.038301050662994385,0.5585023164749146,0.5387389659881592,-0.049534283578395844,0.5650827288627625,0.505825400352478,-0.056445736438035965,0.536204993724823,0.6596739292144775,-0.02658686228096485,0.5888298153877258,0.6368688344955444,-0.045990392565727234,0.5981907248497009,0.6723004579544067,-0.04729756340384483,0.5898676514625549,0.689283549785614,-0.045274391770362854,0.5380858778953552,0.6908600330352783,-0.033907752484083176,0.5893096327781677,0.6728142499923706,-0.05215474218130112,0.5948804020881653,0.7031218409538269,-0.044498510658741,0.5847763419151306,0.716414749622345,-0.03571511432528496,0.5442286133766174,0.7258205413818359,-0.041831184178590775,0.5845326781272888,0.706786036491394,-0.051110461354255676,0.5910735726356506,0.7300734519958496,-0.04291999340057373,0.5833165645599365,0.7453792691230774,-0.03509187325835228,0.6471275091171265,0.8394864797592163,-2.5951570137294766e-07,0.6315877437591553,0.763210654258728,-0.006066862028092146,0.629341721534729,0.6993095874786377,-0.013609402813017368,0.6302286982536316,0.6575407981872559,-0.021829208359122276,0.632159411907196,0.6297079920768738,-0.0292520634829998,0.6800047159194946,0.6570906043052673,-0.010552318766713142,0.6670440435409546,0.5863657593727112,-0.025059329345822334,0.6589392423629761,0.5414507985115051,-0.03683359548449516,0.6541706919670105,0.505176305770874,-0.04562099650502205,0.6912168860435486,0.6790724992752075,-0.014749825932085514,0.6381244659423828,0.6468145847320557,-0.024822605773806572,0.6255123615264893,0.6843433380126953,-0.026250988245010376,0.6338524222373962,0.7083454132080078,-0.02762269414961338,0.6884704828262329,0.7134631872177124,-0.020280547440052032,0.6304752826690674,0.6913151144981384,-0.028178438544273376,0.62381911277771,0.7224753499031067,-0.022052563726902008,0.6347972750663757,0.737778902053833,-0.01884007826447487,0.6786638498306274,0.7494472861289978,-0.02725469134747982,0.6332737803459167,0.7296920418739319,-0.03348134458065033,0.6281417608261108,0.7524857521057129,-0.028155038133263588,0.637921154499054,0.7674327492713928,-0.023446526378393173
39,0.5464366674423218,0.8086129426956177,1.1728758408935391e-07,0.5700746774673462,0.74184650182724,-0.004817112814635038,0.5721718668937683,0.6792506575584412,-0.01375823188573122,0.5687940120697021,0.632560133934021,-0.024017982184886932,0.5696399807929993,0.6081162095069885,-0.03341483324766159,0.5284659266471863,0.6367562413215637,-0.016303079202771187,0.5352914929389954,0.5781602263450623,-0.0340864323079586,0.5427475571632385,0.5367711782455444,-0.04542611911892891,0.5493876934051514,0.5027786493301392,-0.05275377258658409,0.5219039916992188,0.6554975509643555,-0.022851740941405296,0.5745683312416077,0.6336404085159302,-0.0427972748875618,0.5826141834259033,0.6687354445457458,-0.045203499495983124,0.5745028853416443,0.6843038201332092,-0.04383791610598564,0.5240301489830017,0.6850316524505615,-0.030162638053297997,0.5754175782203674,0.669243574142456,-0.047679681330919266,0.5800507068634033,0.6977003812789917,-0.040078338235616684,0.5701364874839783,0.7093867063522339,-0.031477876007556915,0.5298811793327332,0.7183040976524353,-0.03831900656223297,0.5716317296028137,0.7022839188575745,-0.046964339911937714,0.5765398144721985,0.7247430086135864,-0.039339590817689896,0.5679292678833008,0.7366770505905151,-0.03205249831080437,0.6597779989242554,0.844288170337677,-2.740772515608114e-07,0.6430192589759827,0.7653349041938782,-0.007142900489270687,0.6414964199066162,0.7004275321960449,-0.01488046906888485,0.6440179347991943,0.6606584787368774,-0.02312394790351391,0.6476718783378601,0.6273549795150757,-0.030255703255534172,0.6940288543701172,0.6533157229423523,-0.010248355567455292,0.6826158165931702,0.5843695402145386,-0.025589346885681152,0.6749057769775391,0.5375304222106934,-0.03852389380335808,0.6696072220802307,0.49748843908309937,-0.04842403158545494,0.7074143290519714,0.6751245856285095,-0.014492759481072426,0.6546149253845215,0.6436672806739807,-0.02657327428460121,0.6425666213035583,0.683607816696167,-0.029774202033877373,0.651606023311615,0.7107179760932922,-0.03218657895922661,0.7067028284072876,0.7095797657966614,-0.020266739651560783,0.6495232582092285,0.689109742641449,-0.029222963377833366,0.6421602964401245,0.7215111255645752,-0.023232560604810715,0.6529096961021423,0.7378443479537964,-0.0201311893761158,0.6985118985176086,0.7466486096382141,-0.02777569741010666,0.6529749631881714,0.7298253774642944,-0.035258471965789795,0.647765040397644,0.7542756199836731,-0.03058713488280773,0.6577996015548706,0.7696100473403931,-0.026254767552018166
40,0.5259428024291992,0.8156917691230774,7.801777002214294e-08,0.5551912784576416,0.7384393215179443,-0.004429842345416546,0.5594387650489807,0.670448899269104,-0.013835578225553036,0.5570528507232666,0.621626615524292,-0.025029558688402176,0.5570162534713745,0.6023486256599426,-0.034989312291145325,0.5098426342010498,0.6283887624740601,-0.013547810725867748,0.5153937935829163,0.5684720277786255,-0.029719766229391098,0.5219564437866211,0.5273838043212891,-0.04010658338665962,0.5278938412666321,0.49514418840408325,-0.0470707081258297,0.5022362470626831,0.6493452787399292,-0.02087358385324478,0.5534698367118835,0.6279186010360718,-0.04089407995343208,0.5621931552886963,0.6646987199783325,-0.04400733485817909,0.5560521483421326,0.6853260397911072,-0.04328863322734833,0.5028055310249329,0.6791688203811646,-0.028918882831931114,0.5548049211502075,0.6611955761909485,-0.046613648533821106,0.5598317384719849,0.692983090877533,-0.03910281881690025,0.5518032312393188,0.7113435864448547,-0.03060039132833481,0.5083751678466797,0.7128762006759644,-0.0378795824944973,0.5504129528999329,0.6938563585281372,-0.0458526685833931,0.555823564529419,0.7179515361785889,-0.0380161814391613,0.5480291247367859,0.7337937355041504,-0.03089979849755764,0.6742939352989197,0.8510085344314575,-3.2570918051533226e-07,0.658944845199585,0.7654515504837036,-0.008722332306206226,0.6575780510902405,0.6966630816459656,-0.01732763461768627,0.6616278290748596,0.6544597744941711,-0.026739399880170822,0.6670265793800354,0.6240653395652771,-0.03497081622481346,0.7122655510902405,0.6527054905891418,-0.010382520966231823,0.7047331929206848,0.5864226818084717,-0.02602018415927887,0.6980355381965637,0.5425353646278381,-0.03874116763472557,0.6942116022109985,0.5048233866691589,-0.048575565218925476,0.7274817824363708,0.6765866279602051,-0.01519139762967825,0.6730234622955322,0.6450830101966858,-0.029313718900084496,0.6583887338638306,0.6873295307159424,-0.033243220299482346,0.6662181615829468,0.7160486578941345,-0.035700101405382156,0.7285791039466858,0.713641881942749,-0.021770590916275978,0.6704147458076477,0.6908881068229675,-0.0323110967874527,0.6600825786590576,0.7243109941482544,-0.025593364611268044,0.6696131229400635,0.7420980930328369,-0.021514620631933212,0.7214474081993103,0.753271222114563,-0.03044503554701805,0.6758696436882019,0.7308444976806641,-0.038852259516716,0.6682021021842957,0.7544865012168884,-0.03387954458594322,0.6766703128814697,0.7715017199516296,-0.029003625735640526
