frame,feature_0,feature_1,feature_2,feature_3,feature_4,feature_5,feature_6,feature_7,feature_8,feature_9,feature_10,feature_11,feature_12,feature_13,feature_14,feature_15,feature_16,feature_17,feature_18,feature_19,feature_20,feature_21,feature_22,feature_23,feature_24,feature_25,feature_26,feature_27,feature_28,feature_29,feature_30,feature_31,feature_32,feature_33,feature_34,feature_35,feature_36,feature_37,feature_38,feature_39,feature_40,feature_41,feature_42,feature_43,feature_44,feature_45,feature_46,feature_47,feature_48,feature_49,feature_50,feature_51,feature_52,feature_53,feature_54,feature_55,feature_56,feature_57,feature_58,feature_59,feature_60,feature_61,feature_62,feature_63,feature_64,feature_65,feature_66,feature_67,feature_68,feature_69,feature_70,feature_71,feature_72,feature_73,feature_74,feature_75,feature_76,feature_77,feature_78,feature_79,feature_80,feature_81,feature_82,feature_83,feature_84,feature_85,feature_86,feature_87,feature_88,feature_89,feature_90,feature_91,feature_92,feature_93,feature_94,feature_95,feature_96,feature_97,feature_98,feature_99,feature_100,feature_101,feature_102,feature_103,feature_104,feature_105,feature_106,feature_107,feature_108,feature_109,feature_110,feature_111,feature_112,feature_113,feature_114,feature_115,feature_116,feature_117,feature_118,feature_119,feature_120,feature_121,feature_122,feature_123,feature_124,feature_125
1,0.397760272026062,0.7736664414405823,-2.2881198447066708e-07,0.3731231987476349,0.744650661945343,-0.01026575081050396,0.3535384237766266,0.696048378944397,-0.0174057949334383,0.35554784536361694,0.6616334915161133,-0.025920730084180832,0.3694707155227661,0.6442736387252808,-0.033348437398672104,0.3685572147369385,0.6197118759155273,-0.006962621118873358,0.35686954855918884,0.5525821447372437,-0.019683130085468292,0.3436495065689087,0.5172415971755981,-0.028568705543875694,0.3341412842273712,0.48997461795806885,-0.034842025488615036,0.38306930661201477,0.620816171169281,-0.00976711604744196,0.3694603741168976,0.5931141972541809,-0.027375731617212296,0.36975574493408203,0.6326685547828674,-0.03316662088036537,0.37682127952575684,0.6612598299980164,-0.03412703424692154,0.39658913016319275,0.6287327408790588,-0.014638281427323818,0.3848983645439148,0.6052421927452087,-0.03168230876326561,0.3856711983680725,0.6427779197692871,-0.02990691177546978,0.39200037717819214,0.6702131628990173,-0.02535441890358925,0.4093736708164215,0.6406680345535278,-0.02078191190958023,0.4000174105167389,0.6115247011184692,-0.03230305016040802,0.3938046991825104,0.633307695388794,-0.029565779492259026,0.39355212450027466,0.6552836894989014,-0.025219285860657692,0.8064996004104614,0.7629919052124023,-3.43237417155251e-07,0.7993499636650085,0.7036435008049011,-0.008456027135252953,0.8112426996231079,0.6318445205688477,-0.013880731537938118,0.8330800533294678,0.591892421245575,-0.02096317522227764,0.854891300201416,0.5864456295967102,-0.027474984526634216,0.8523043394088745,0.6233446598052979,-0.002881577704101801,0.8759649991989136,0.5626102685928345,-0.016212690621614456,0.8861837983131409,0.5244982838630676,-0.024101631715893745,0.8935256004333496,0.49549949169158936,-0.02894395776093006,0.8632184267044067,0.6550625562667847,-0.005903291516005993,0.8620530366897583,0.6108583211898804,-0.029067957773804665,0.8378775119781494,0.6382471323013306,-0.03538898378610611,0.8223052024841309,0.6664037704467773,-0.03358472138643265,0.8724126219749451,0.6884017586708069,-0.01081897970288992,0.8652626276016235,0.6477976441383362,-0.032276690006256104,0.840487003326416,0.6733764410018921,-0.028981724753975868,0.8257336020469666,0.698181688785553,-0.020538894459605217,0.8791359663009644,0.7247325778007507,-0.016721218824386597,0.8739232420921326,0.6824861168861389,-0.030652213841676712,0.8516260385513306,0.694434404373169,-0.027542810887098312,0.837942361831665,0.7133244872093201,-0.02111654169857502
2,0.397760272026062,0.7736664414405823,-2.2881198447066708e-07,0.3731231987476349,0.744650661945343,-0.01026575081050396,0.3535384237766266,0.696048378944397,-0.0174057949334383,0.35554784536361694,0.6616334915161133,-0.025920730084180832,0.3694707155227661,0.6442736387252808,-0.033348437398672104,0.3685572147369385,0.6197118759155273,-0.006962621118873358,0.35686954855918884,0.5525821447372437,-0.019683130085468292,0.3436495065689087,0.5172415971755981,-0.028568705543875694,0.3341412842273712,0.48997461795806885,-0.034842025488615036,0.38306930661201477,0.620816171169281,-0.00976711604744196,0.3694603741168976,0.5931141972541809,-0.027375731617212296,0.36975574493408203,0.6326685547828674,-0.03316662088036537,0.37682127952575684,0.6612598299980164,-0.03412703424692154,0.39658913016319275,0.6287327408790588,-0.014638281427323818,0.3848983645439148,0.6052421927452087,-0.03168230876326561,0.3856711983680725,0.6427779197692871,-0.02990691177546978,0.39200037717819214,0.6702131628990173,-0.02535441890358925,0.4093736708164215,0.6406680345535278,-0.02078191190958023,0.4000174105167389,0.6115247011184692,-0.03230305016040802,0.3938046991825104,0.633307695388794,-0.029565779492259026,0.39355212450027466,0.6552836894989014,-0.025219285860657692,0.8064996004104614,0.7629919052124023,-3.43237417155251e-07,0.7993499636650085,0.7036435008049011,-0.008456027135252953,0.8112426996231079,0.6318445205688477,-0.013880731537938118,0.8330800533294678,0.591892421245575,-0.02096317522227764,0.854891300201416,0.5864456295967102,-0.027474984526634216,0.8523043394088745,0.6233446598052979,-0.002881577704101801,0.8759649991989136,0.5626102685928345,-0.016212690621614456,0.8861837983131409,0.5244982838630676,-0.024101631715893745,0.8935256004333496,0.49549949169158936,-0.02894395776093006,0.8632184267044067,0.6550625562667847,-0.005903291516005993,0.8620530366897583,0.6108583211898804,-0.029067957773804665,0.8378775119781494,0.6382471323013306,-0.03538898378610611,0.8223052024841309,0.6664037704467773,-0.03358472138643265,0.8724126219749451,0.6884017586708069,-0.01081897970288992,0.8652626276016235,0.6477976441383362,-0.032276690006256104,0.840487003326416,0.6733764410018921,-0.028981724753975868,0.8257336020469666,0.698181688785553,-0.020538894459605217,0.8791359663009644,0.7247325778007507,-0.016721218824386597,0.8739232420921326,0.6824861168861389,-0.030652213841676712,0.8516260385513306,0.694434404373169,-0.027542810887098312,0.837942361831665,0.7133244872093201,-0.02111654169857502
3,0.4363540709018707,0.7607316970825195,-3.52790792135238e-08,0.45790642499923706,0.7015801072120667,-0.004707016050815582,0.4561830461025238,0.6379163861274719,-0.006350731942802668,0.4470495283603668,0.5975630283355713,-0.009293412789702415,0.43840503692626953,0.5808472633361816,-0.011440083384513855,0.41599342226982117,0.59633868932724,-0.0066922674886882305,0.3999888300895691,0.5369089245796204,-0.01687263697385788,0.39220184087753296,0.5007225871086121,-0.02437680773437023,0.384635329246521,0.46895521879196167,-0.03011973388493061,0.40448012948036194,0.6144456267356873,-0.011196162551641464,0.421554297208786,0.5906243324279785,-0.02441410720348358,0.4375881552696228,0.6241151690483093,-0.028564637526869774,0.4411180019378662,0.6471675634384155,-0.02992221899330616,0.3976881206035614,0.6390517354011536,-0.016711745411157608,0.41888996958732605,0.6156107783317566,-0.03072814643383026,0.43560609221458435,0.6435635089874268,-0.02901027910411358,0.4386351406574249,0.6623256206512451,-0.02529180608689785,0.39244043827056885,0.6687101721763611,-0.02291814237833023,0.4122866988182068,0.6477755904197693,-0.031518157571554184,0.42761725187301636,0.6624990701675415,-0.02842576615512371,0.4298888146877289,0.6773438453674316,-0.02478696219623089,0.7642744779586792,0.7596223950386047,-3.700806132655998e-07,0.7586749196052551,0.6976307034492493,-0.009728830307722092,0.770189642906189,0.627216637134552,-0.01634587161242962,0.789277195930481,0.5887273550033569,-0.023959588259458542,0.8091441988945007,0.580514132976532,-0.030695989727973938,0.8204256296157837,0.6137050986289978,-0.006479532923549414,0.8396160006523132,0.5526610016822815,-0.020715484395623207,0.8456514477729797,0.5110318660736084,-0.030891653150320053,0.8502739071846008,0.4795033931732178,-0.03734805807471275,0.8331361413002014,0.6452131271362305,-0.007976684719324112,0.8157145977020264,0.6030319929122925,-0.02593974582850933,0.7918375730514526,0.6268971562385559,-0.03141617029905319,0.7797754406929016,0.6521428227424622,-0.03169742971658707,0.8394829034805298,0.6789867281913757,-0.011398419737815857,0.8171828389167786,0.6375981569290161,-0.027318036183714867,0.7954910397529602,0.6591548323631287,-0.02392527088522911,0.7833178639411926,0.6816532611846924,-0.01814904436469078,0.8414021730422974,0.7137458324432373,-0.016415666788816452,0.8227860927581787,0.6733790040016174,-0.0278164092451334,0.8013215065002441,0.6820782423019409,-0.025478465482592583,0.788672149181366,0.6974039077758789,-0.020596448332071304
4,0.4491405785083771,0.7655604481697083,-1.6898123789133024e-08,0.47342246770858765,0.7036694884300232,-0.005678486544638872,0.4710288643836975,0.635916531085968,-0.007838192395865917,0.46054893732070923,0.5922412276268005,-0.011095364578068256,0.4551880657672882,0.5677746534347534,-0.013225828297436237,0.42758047580718994,0.5986054539680481,-0.007902021519839764,0.4125078022480011,0.5382792353630066,-0.019243422895669937,0.4073263108730316,0.4986776113510132,-0.027025802060961723,0.402330219745636,0.46504491567611694,-0.032585401087999344,0.4168549180030823,0.6154720783233643,-0.011930025182664394,0.4395465552806854,0.5913552641868591,-0.02596181444823742,0.4555825889110565,0.624813437461853,-0.02934541366994381,0.45768943428993225,0.6475540399551392,-0.029902704060077667,0.4115888476371765,0.6396105289459229,-0.017090607434511185,0.4384475648403168,0.6152684688568115,-0.0321027971804142,0.4538736641407013,0.6465612649917603,-0.028732672333717346,0.4542795419692993,0.6667072772979736,-0.023442741483449936,0.408296674489975,0.668639063835144,-0.023014282807707787,0.4330739676952362,0.6473872661590576,-0.03198784962296486,0.4471415579319,0.6661478281021118,-0.02766362950205803,0.44711020588874817,0.6824768781661987,-0.022785764187574387,0.7497137188911438,0.759667158126831,-3.0164494546625065e-07,0.7407298684120178,0.7028827667236328,-0.01310804020613432,0.7481770515441895,0.6324450373649597,-0.021245427429676056,0.7665809392929077,0.5906420350074768,-0.029451096430420876,0.787044107913971,0.5841606259346008,-0.03637928143143654,0.8013697266578674,0.605668306350708,-0.009656817652285099,0.8220317959785461,0.5488333702087402,-0.025070106610655785,0.8295590281486511,0.508522093296051,-0.03502406179904938,0.834563672542572,0.4780117869377136,-0.041410647332668304,0.8156131505966187,0.6368059515953064,-0.009956670925021172,0.7987690567970276,0.5953718423843384,-0.02933233417570591,0.7735936641693115,0.6153271198272705,-0.034073732793331146,0.762397289276123,0.6371402144432068,-0.033236242830753326,0.8216440081596375,0.6713004112243652,-0.012568723410367966,0.7958347201347351,0.6363131999969482,-0.02993467077612877,0.7738262414932251,0.6578229069709778,-0.025821203365921974,0.7650312781333923,0.6780855655670166,-0.019112104550004005,0.8219665288925171,0.7071716785430908,-0.01699434220790863,0.7980627417564392,0.6746461391448975,-0.02902924083173275,0.7784863114356995,0.6857910752296448,-0.02664824016392231,0.7704651951789856,0.7002958059310913,-0.021477110683918
5,0.48115432262420654,0.7676196098327637,7.464149831548639e-08,0.5012434124946594,0.6999643445014954,-0.007426383905112743,0.49945178627967834,0.6336405873298645,-0.013519026339054108,0.49386221170425415,0.5870957374572754,-0.020024510100483894,0.4933691918849945,0.5579150915145874,-0.025114770978689194,0.4553891718387604,0.597020149230957,-0.01456786785274744,0.4494561553001404,0.5354505777359009,-0.028215589001774788,0.44710034132003784,0.49078369140625,-0.03662719577550888,0.44490140676498413,0.4558207392692566,-0.042229510843753815,0.4471510052680969,0.6124873757362366,-0.018116263672709465,0.4844328463077545,0.5863365530967712,-0.03354746475815773,0.5006575584411621,0.6173987984657288,-0.036351315677165985,0.5031889081001282,0.6413998603820801,-0.036322902888059616,0.4454314112663269,0.63633131980896,-0.022492654621601105,0.48447227478027344,0.6098082661628723,-0.03761431574821472,0.4980021119117737,0.6393522024154663,-0.03239428997039795,0.4981529712677002,0.6615345478057861,-0.025995371863245964,0.44808512926101685,0.6654314994812012,-0.027882544323801994,0.4802437722682953,0.6416152715682983,-0.0369500033557415,0.49324870109558105,0.6609482169151306,-0.03173794597387314,0.49273234605789185,0.6791971921920776,-0.02596745453774929,0.7085119485855103,0.7689399719238281,-3.3815763345046435e-07,0.7003688216209412,0.7033900618553162,-0.014499103650450706,0.7055830359458923,0.6363974809646606,-0.025654666125774384,0.7185808420181274,0.5965251922607422,-0.03673618286848068,0.7368422150611877,0.5854182839393616,-0.04641570895910263,0.7680181264877319,0.6073823571205139,-0.01425302866846323,0.7817283272743225,0.5507848858833313,-0.03431013226509094,0.7830318212509155,0.5077070593833923,-0.04858159273862839,0.7847943902015686,0.47202444076538086,-0.05737439915537834,0.7822468280792236,0.6350652575492859,-0.015597539022564888,0.7515465617179871,0.5933536291122437,-0.033333972096443176,0.7236977219581604,0.6167517304420471,-0.03705378249287605,0.7186020612716675,0.6416159868240356,-0.03706671670079231,0.7838131785392761,0.6683657169342041,-0.019658135250210762,0.7448738217353821,0.6334927082061768,-0.03457010164856911,0.7214584350585938,0.6518377065658569,-0.02746405266225338,0.7194389700889587,0.6696373820304871,-0.020405802875757217,0.7784175872802734,0.7020426392555237,-0.026130639016628265,0.744525134563446,0.6699668169021606,-0.033975522965192795,0.724507749080658,0.6787421703338623,-0.0273515023291111,0.7207721471786499,0.6920382976531982,-0.020327143371105194
6,0.5101158618927002,0.7582340240478516,9.55669889890487e-08,0.5272422432899475,0.6944698095321655,-0.008805685676634312,0.5238983631134033,0.6349698901176453,-0.01809457503259182,0.5171630382537842,0.593146562576294,-0.027894996106624603,0.5136204361915588,0.5685604810714722,-0.03652876242995262,0.4751277267932892,0.6008317470550537,-0.018542934209108353,0.4700285494327545,0.5423516035079956,-0.035784848034381866,0.46604984998703003,0.4961245059967041,-0.046814560890197754,0.46323075890541077,0.45977818965911865,-0.053930655121803284,0.4645419120788574,0.6190895438194275,-0.023087607696652412,0.5088891983032227,0.5877643823623657,-0.04311656951904297,0.5247153043746948,0.6223156452178955,-0.04569016024470329,0.5252279043197632,0.6454858183860779,-0.044079121202230453,0.4633996784687042,0.6446268558502197,-0.028749054297804832,0.5098328590393066,0.6156837344169617,-0.04785588011145592,0.5240659713745117,0.6462706327438354,-0.041399504989385605,0.5235104560852051,0.6668497920036316,-0.03303177282214165,0.469014048576355,0.6744015216827393,-0.03562703728675842,0.5053182244300842,0.6457262635231018,-0.04712088033556938,0.5206763744354248,0.6648658514022827,-0.040911715477705,0.5230674743652344,0.6832346320152283,-0.033759668469429016,0.6919678449630737,0.7783430814743042,-3.1586341719958e-07,0.681259036064148,0.7085397243499756,-0.010581404902040958,0.6860354542732239,0.6423130631446838,-0.019592123106122017,0.6972976326942444,0.6000191569328308,-0.0288748387247324,0.7121458649635315,0.581640899181366,-0.03740924596786499,0.7472496628761292,0.6129433512687683,-0.011890602298080921,0.7518392205238342,0.5482929348945618,-0.028823399916291237,0.753463089466095,0.5037527084350586,-0.04188928380608559,0.7563289403915405,0.46811068058013916,-0.05115451291203499,0.7598441243171692,0.6406182050704956,-0.01529656071215868,0.7207082509994507,0.5952720046043396,-0.03164736181497574,0.6959443092346191,0.61968594789505,-0.034996893256902695,0.6938936710357666,0.6455471515655518,-0.03518841788172722,0.7572173476219177,0.6746911406517029,-0.020726313814520836,0.7139000296592712,0.6358683705329895,-0.03409620746970177,0.6939049363136292,0.6547704339027405,-0.027202215045690536,0.6955037713050842,0.6723892688751221,-0.020966945216059685,0.7463296055793762,0.7087533473968506,-0.02810399793088436,0.7087647318840027,0.6762162446975708,-0.03606346249580383,0.6941059827804565,0.6886691451072693,-0.030066819861531258,0.6961792707443237,0.7043680548667908,-0.02370561845600605
7,0.5217750072479248,0.7659929394721985,1.4258964142754849e-07,0.5425174832344055,0.6989802718162537,-0.006974827963858843,0.5403785109519958,0.6372154951095581,-0.017093567177653313,0.5348978638648987,0.5940922498703003,-0.028147561475634575,0.5344163179397583,0.5673953890800476,-0.0382661297917366,0.49114543199539185,0.6034431457519531,-0.02014242298901081,0.49222126603126526,0.5416439175605774,-0.037068743258714676,0.4911139905452728,0.4947192668914795,-0.0475756973028183,0.4898260533809662,0.4581589102745056,-0.054528817534446716,0.48341524600982666,0.6236728429794312,-0.02542513981461525,0.5298182368278503,0.5911435484886169,-0.045060526579618454,0.5423397421836853,0.6202850341796875,-0.04775626212358475,0.5414248108863831,0.6369681358337402,-0.04690387472510338,0.4852103590965271,0.6508634090423584,-0.031283944845199585,0.5332460999488831,0.6196123957633972,-0.04954669624567032,0.5447337031364441,0.6452943682670593,-0.0429815948009491,0.5427919030189514,0.6627613306045532,-0.035105738788843155,0.49305295944213867,0.6802853345870972,-0.03809031844139099,0.5290944576263428,0.6501721143722534,-0.04943492263555527,0.5444024205207825,0.6664106845855713,-0.043696459382772446,0.548610508441925,0.6822243332862854,-0.03712211176753044,0.6786386966705322,0.7991785407066345,-2.6818511855708493e-07,0.6637489199638367,0.718463122844696,-0.010322881862521172,0.6661521196365356,0.6543861031532288,-0.019966421648859978,0.6736886501312256,0.6117798686027527,-0.03005060739815235,0.6843706369400024,0.582852840423584,-0.03926867991685867,0.7260638475418091,0.6210066676139832,-0.012575752101838589,0.7257532477378845,0.5525825023651123,-0.029479723423719406,0.7253103852272034,0.508306622505188,-0.04230247810482979,0.726582944393158,0.4724937677383423,-0.051531556993722916,0.7374056577682495,0.6438241600990295,-0.016258131712675095,0.688889741897583,0.5987805128097534,-0.031222591176629066,0.6700913906097412,0.630720317363739,-0.034373216331005096,0.6743963360786438,0.6563897132873535,-0.0354468859732151,0.7334847450256348,0.6766008138656616,-0.021878117695450783,0.6799494624137878,0.6408131718635559,-0.033985722810029984,0.666810929775238,0.6686353087425232,-0.027671746909618378,0.6742845773696899,0.685639500617981,-0.02307024411857128,0.721433699131012,0.7102959156036377,-0.029438350349664688,0.6772172451019287,0.6825525164604187,-0.037983912974596024,0.6684243679046631,0.7028687000274658,-0.033055052161216736,0.6762985587120056,0.7193037867546082,-0.027876250445842743
8,0.5529212355613708,0.7666016221046448,1.1412101486030224e-07,0.5694514513015747,0.7036169767379761,-0.005236893892288208,0.5721932053565979,0.6419234275817871,-0.014700204133987427,0.5720354318618774,0.5965182185173035,-0.024748072028160095,0.5721247792243958,0.5776617527008057,-0.03410942479968071,0.5285560488700867,0.603193998336792,-0.021901164203882217,0.5338150858879089,0.544998824596405,-0.03940178081393242,0.5367568135261536,0.5015765428543091,-0.05020495131611824,0.5377870202064514,0.46708887815475464,-0.05718773975968361,0.5237686634063721,0.623418390750885,-0.02811499312520027,0.5746228694915771,0.6033387184143066,-0.04600677266716957,0.5839731693267822,0.6354019641876221,-0.04634154960513115,0.5770397186279297,0.6508709788322449,-0.044438548386096954,0.5269492268562317,0.6542239785194397,-0.03470231592655182,0.576391339302063,0.6344283819198608,-0.05169249698519707,0.5828293561935425,0.6624518036842346,-0.04305856674909592,0.5746158361434937,0.6756949424743652,-0.03431479260325432,0.5346571803092957,0.6878280639648438,-0.041964270174503326,0.5745047926902771,0.6664562225341797,-0.0509679839015007,0.5814860463142395,0.6879503130912781,-0.04239660128951073,0.5749952793121338,0.7026423811912537,-0.0345732718706131,0.6486737132072449,0.7722181081771851,-1.5794837793237093e-07,0.6389284133911133,0.714901328086853,-0.008668513968586922,0.6400078535079956,0.6612516641616821,-0.01780991069972515,0.6402380466461182,0.6228628754615784,-0.026588521897792816,0.6355128884315491,0.5980979204177856,-0.03539014980196953,0.6844370365142822,0.6265474557876587,-0.015895599499344826,0.6783092617988586,0.561887264251709,-0.032385777682065964,0.6768478155136108,0.5139737129211426,-0.04479146748781204,0.6756855845451355,0.4771396219730377,-0.053956951946020126,0.6915203332901001,0.650481641292572,-0.019267909228801727,0.6448806524276733,0.6086008548736572,-0.03423640504479408,0.6290064454078674,0.6379947066307068,-0.03501886501908302,0.6329119801521301,0.6573141813278198,-0.03395767882466316,0.6853907108306885,0.6829601526260376,-0.024069029837846756,0.6355165839195251,0.6481835246086121,-0.036701954901218414,0.6263707876205444,0.6737975478172302,-0.029901869595050812,0.6351083517074585,0.6880513429641724,-0.024215130135416985,0.6730107665061951,0.7173129916191101,-0.0301502775400877,0.6307968497276306,0.6882352232933044,-0.04053696244955063,0.6250484585762024,0.7076509594917297,-0.03594040125608444,0.6349374651908875,0.721713125705719,-0.03056836873292923
9,0.5547516345977783,0.7491432428359985,1.1209732520001126e-07,0.5632346272468567,0.6919724345207214,-0.0016382683534175158,0.5740438103675842,0.6353583335876465,-0.011195611208677292,0.5844411253929138,0.5995288491249084,-0.02171195112168789,0.5938243269920349,0.5964328050613403,-0.03227229416370392,0.5464091897010803,0.607353925704956,-0.02394699864089489,0.553318440914154,0.5527039170265198,-0.04305647313594818,0.5582020282745361,0.513312041759491,-0.05476449802517891,0.5590745806694031,0.48091232776641846,-0.06185286492109299,0.5442102551460266,0.6315584182739258,-0.032079361379146576,0.5951374769210815,0.611743152141571,-0.0489988848567009,0.5999029874801636,0.6407870054244995,-0.04747135937213898,0.5879111289978027,0.6523693799972534,-0.044215548783540726,0.5479015111923218,0.6692652702331543,-0.04007894545793533,0.595750093460083,0.6482099890708923,-0.05478857457637787,0.5975786447525024,0.6731442809104919,-0.04408533498644829,0.5841753482818604,0.6803907752037048,-0.03430548682808876,0.5541610717773438,0.7087828516960144,-0.04826793074607849,0.5935369729995728,0.6864594221115112,-0.0531810000538826,0.5933558940887451,0.7038461565971375,-0.041253093630075455,0.5801646113395691,0.7131542563438416,-0.03201824799180031,0.6468236446380615,0.7755603790283203,-8.254070138491443e-08,0.6459820866584778,0.7232940793037415,-0.0027426767628639936,0.6426486372947693,0.6665592789649963,-0.010214131325483322,0.6301727890968323,0.6270253658294678,-0.018112067133188248,0.6182988286018372,0.6078574657440186,-0.026893602684140205,0.669689953327179,0.6419946551322937,-0.016406606882810593,0.6591674089431763,0.5771878361701965,-0.028788462281227112,0.6561736464500427,0.5307286977767944,-0.03799069672822952,0.6539446711540222,0.49354588985443115,-0.04583394527435303,0.6711445450782776,0.6647371053695679,-0.022292429581284523,0.6255351305007935,0.6166039705276489,-0.03418954461812973,0.61799556016922,0.6441869139671326,-0.03434545919299126,0.6257438063621521,0.6641911864280701,-0.03429789841175079,0.6633675694465637,0.6969308257102966,-0.02825099788606167,0.6181375980377197,0.6571120619773865,-0.036963801831007004,0.6176628470420837,0.6804852485656738,-0.030394162982702255,0.6303601264953613,0.6940399408340454,-0.02666558511555195,0.6517759561538696,0.7312320470809937,-0.03464914858341217,0.6151157021522522,0.6973448395729065,-0.04258967936038971,0.6152265667915344,0.7155861854553223,-0.037933431565761566,0.6270135045051575,0.7289332151412964,-0.03391006216406822
10,0.5707761645317078,0.7907522916793823,1.620162350945975e-07,0.5934131741523743,0.7283958792686462,-0.005467091221362352,0.5957551002502441,0.6719489693641663,-0.01641959138214588,0.5931904911994934,0.6301584839820862,-0.02814936265349388,0.5935394763946533,0.6040781736373901,-0.03939595818519592,0.552781343460083,0.6337056756019592,-0.023964636027812958,0.5597431659698486,0.5775455236434937,-0.04522769898176193,0.5633114576339722,0.5351426005363464,-0.057904813438653946,0.5647280216217041,0.5013259649276733,-0.06503743678331375,0.5450607538223267,0.6569440364837646,-0.030583860352635384,0.5958567261695862,0.6255783438682556,-0.048166949301958084,0.6017645597457886,0.6594606041908264,-0.045736074447631836,0.5921685695648193,0.6733729839324951,-0.04149630293250084,0.5472398400306702,0.6910165548324585,-0.038233883678913116,0.5954890251159668,0.6598779559135437,-0.05458095297217369,0.5975648164749146,0.6869767308235168,-0.044389914721250534,0.5847885012626648,0.697503387928009,-0.03467036411166191,0.5540766716003418,0.7273369431495667,-0.04656762257218361,0.5922605395317078,0.7015348672866821,-0.05312700197100639,0.5942355394363403,0.7200453281402588,-0.04236254468560219,0.5811058282852173,0.7319091558456421,-0.033582933247089386,0.6317422986030579,0.81446772813797,-1.8165383153245784e-07,0.6275584101676941,0.7451716065406799,-0.00275109289214015,0.6289450526237488,0.6840027570724487,-0.008764059282839298,0.6248417496681213,0.6393387913703918,-0.015517843887209892,0.6184108257293701,0.6118402481079102,-0.022081876173615456,0.6691629886627197,0.6579970717430115,-0.009382366202771664,0.6553067564964294,0.5910022258758545,-0.01986689493060112,0.648955762386322,0.5527843832969666,-0.027025029063224792,0.645888090133667,0.5234425067901611,-0.03205964341759682,0.6726529598236084,0.6819331049919128,-0.01402992568910122,0.6239496469497681,0.6349044442176819,-0.020503835752606392,0.6166982650756836,0.6604194045066833,-0.019626742228865623,0.6231451630592346,0.6794431209564209,-0.01915905252099037,0.6631190180778503,0.7138693332672119,-0.01939554698765278,0.612593948841095,0.6746612787246704,-0.02552204206585884,0.6117516160011292,0.6998786330223083,-0.02134646847844124,0.6229701638221741,0.7139739990234375,-0.018862919881939888,0.6486049890518188,0.7442048788070679,-0.025280039757490158,0.6102020740509033,0.7117254137992859,-0.0308785829693079,0.6104929447174072,0.7279903888702393,-0.027678925544023514,0.6218250393867493,0.7405932545661926,-0.02424594573676586
11,0.5667068958282471,0.7897176742553711,1.6254809054316866e-07,0.5869196653366089,0.7289633750915527,-0.0025192599277943373,0.591308057308197,0.6728609800338745,-0.012079060077667236,0.5906129479408264,0.6329569220542908,-0.02253563143312931,0.5944170355796814,0.6137637495994568,-0.032607369124889374,0.5536656975746155,0.6367203593254089,-0.02475324273109436,0.5588310360908508,0.5803637504577637,-0.04686018079519272,0.5626621842384338,0.5374853610992432,-0.06051259860396385,0.5627411603927612,0.5020776987075806,-0.06801807135343552,0.5451204776763916,0.6615355014801025,-0.032500263303518295,0.5956562757492065,0.6328152418136597,-0.05055322125554085,0.6029061675071716,0.6654066443443298,-0.04856269806623459,0.5920370221138,0.6799061894416809,-0.04427292197942734,0.546958863735199,0.6981046199798584,-0.04069068655371666,0.5941634774208069,0.6660891175270081,-0.057101354002952576,0.5987668633460999,0.6932877898216248,-0.04639659821987152,0.5855187177658081,0.7033405303955078,-0.035659708082675934,0.5538554191589355,0.735473096370697,-0.049122750759124756,0.5915310978889465,0.7061427235603333,-0.05377516150474548,0.5950925350189209,0.7232752442359924,-0.040696460753679276,0.5823443531990051,0.7359133362770081,-0.030141295865178108,0.6314833164215088,0.8184387683868408,-1.6386383094868506e-07,0.6281051635742188,0.7496740221977234,-0.0028270683251321316,0.6293580532073975,0.6878517866134644,-0.008920153602957726,0.6240931153297424,0.6434966921806335,-0.015762396156787872,0.6155591011047363,0.614223062992096,-0.022574756294488907,0.6668853163719177,0.6620275378227234,-0.01033007726073265,0.6534176468849182,0.5970421433448792,-0.021435094997286797,0.647621214389801,0.5594676733016968,-0.029060814529657364,0.6454740166664124,0.529628574848175,-0.034555815160274506,0.6711980104446411,0.6865066289901733,-0.01504033338278532,0.6216939091682434,0.639651894569397,-0.02200925722718239,0.6139651536941528,0.6657357215881348,-0.021314498037099838,0.6207525134086609,0.6849572658538818,-0.021072670817375183,0.6619566082954407,0.7192522287368774,-0.020460225641727448,0.6106846332550049,0.6799996495246887,-0.0272168330848217,0.6095976829528809,0.7051796317100525,-0.02317056432366371,0.6208834648132324,0.7190297842025757,-0.020797118544578552,0.6479640007019043,0.7503567337989807,-0.026324914768338203,0.6089791059494019,0.7175446152687073,-0.03256003558635712,0.6093514561653137,0.7329056262969971,-0.029504936188459396,0.6209388971328735,0.744523286819458,-0.026212206110358238
12,0.5687170028686523,0.7892885208129883,1.6695204863026447e-07,0.5876384377479553,0.7291938066482544,-0.0035092849284410477,0.5911650657653809,0.6734070777893066,-0.013126465491950512,0.5899295210838318,0.633428692817688,-0.02343790978193283,0.5936535000801086,0.6131600737571716,-0.033346064388751984,0.5535217523574829,0.6375815272331238,-0.024844150990247726,0.5601255893707275,0.5805937647819519,-0.04695781692862511,0.5640838146209717,0.5381420254707336,-0.060749560594558716,0.5648359060287476,0.502640962600708,-0.06842786818742752,0.5450997948646545,0.6618270874023438,-0.03206627443432808,0.595635175704956,0.6337950825691223,-0.05022406950592995,0.6022015810012817,0.6665199398994446,-0.04846429079771042,0.5910702347755432,0.6806018352508545,-0.04441896080970764,0.5471042394638062,0.697615385055542,-0.039873186498880386,0.594382643699646,0.6664863228797913,-0.05636031925678253,0.598075807094574,0.693868100643158,-0.0460423044860363,0.5843647122383118,0.7032921314239502,-0.03573470190167427,0.5539765357971191,0.7340783476829529,-0.04803696647286415,0.5916382670402527,0.7062522172927856,-0.0532732717692852,0.5946621298789978,0.7243695855140686,-0.04084974154829979,0.5815523266792297,0.7366240620613098,-0.030764594674110413,0.6312980651855469,0.8152689337730408,-1.8008672952873894e-07,0.6279982924461365,0.747921347618103,-0.0029712419491261244,0.6294166445732117,0.6867285370826721,-0.00903034582734108,0.6245372295379639,0.6425175070762634,-0.015776146203279495,0.616994321346283,0.6143434047698975,-0.022375788539648056,0.6675975918769836,0.6619415283203125,-0.010189610533416271,0.6538752913475037,0.5965099334716797,-0.021379470825195312,0.6478326916694641,0.5587308406829834,-0.02876417338848114,0.6453595161437988,0.5293612480163574,-0.033961135894060135,0.6713841557502747,0.6866297125816345,-0.014880322851240635,0.6215277910232544,0.6394296884536743,-0.02223452739417553,0.6130852103233337,0.6653412580490112,-0.021461402997374535,0.6200206875801086,0.6837359666824341,-0.020947059616446495,0.6620417833328247,0.7193912267684937,-0.02031405083835125,0.6103907227516174,0.679807186126709,-0.027493568137288094,0.6088828444480896,0.7049474716186523,-0.023303674533963203,0.6203286647796631,0.7182677388191223,-0.020628325641155243,0.6480728387832642,0.7507197856903076,-0.02619042992591858,0.6088506579399109,0.7166443467140198,-0.03270919620990753,0.6087578535079956,0.7321071624755859,-0.02952706255018711,0.6202969551086426,0.7437358498573303,-0.025993356481194496
13,0.5681143999099731,0.786622941493988,1.7712733324515284e-07,0.5862654447555542,0.728934109210968,-0.003376633394509554,0.5907433032989502,0.6739456653594971,-0.013585851527750492,0.5904764533042908,0.6335498690605164,-0.02427787333726883,0.5948240160942078,0.6119341850280762,-0.034602198749780655,0.5528934597969055,0.6366140246391296,-0.027221357449889183,0.5599137544631958,0.5801439881324768,-0.050401557236909866,0.5634676218032837,0.5369769334793091,-0.06488955765962601,0.5640316009521484,0.5015578269958496,-0.07299236208200455,0.5457503199577332,0.6614576578140259,-0.034331098198890686,0.5956072211265564,0.6338344812393188,-0.05345235392451286,0.6031051278114319,0.666288435459137,-0.051809411495923996,0.5931459069252014,0.6812017560005188,-0.04785972461104393,0.5484097599983215,0.6969738006591797,-0.04179607704281807,0.5947186350822449,0.6657088994979858,-0.05830817669630051,0.5988807082176208,0.6933561563491821,-0.04685252532362938,0.5861581563949585,0.703698456287384,-0.035847257822752,0.5555067658424377,0.7329310178756714,-0.04961375519633293,0.5922026634216309,0.704063355922699,-0.05455391854047775,0.5953250527381897,0.7226038575172424,-0.04123220592737198,0.5834197402000427,0.7357741594314575,-0.03050016239285469,0.6303345561027527,0.8149062991142273,-1.7867219526124245e-07,0.6276344656944275,0.7471172213554382,-0.002683264436200261,0.6292840838432312,0.6863911747932434,-0.00801635067909956,0.6246369481086731,0.642272412776947,-0.014057425782084465,0.6179566979408264,0.6138694882392883,-0.019864553585648537,0.6682840585708618,0.662025511264801,-0.008523304015398026,0.6557075381278992,0.5982872247695923,-0.018130529671907425,0.6512278318405151,0.5626555681228638,-0.024308228865265846,0.6503668427467346,0.5352033376693726,-0.028780648484826088,0.6721115112304688,0.6869186162948608,-0.01313664112240076,0.6230424642562866,0.6384100317955017,-0.019281936809420586,0.6145280003547668,0.6622618436813354,-0.018321625888347626,0.6208927631378174,0.6802147030830383,-0.017714403569698334,0.6628707051277161,0.7193194627761841,-0.01845473423600197,0.6117603778839111,0.6775021553039551,-0.02475597895681858,0.6099969744682312,0.7011046409606934,-0.020452454686164856,0.6208207607269287,0.7143341302871704,-0.01761780120432377,0.648686408996582,0.7498091459274292,-0.024266598746180534,0.6102660894393921,0.7136509418487549,-0.03034231998026371,0.6098001003265381,0.7279773950576782,-0.027146730571985245,0.620693564414978,0.7393171191215515,-0.02345336228609085
14,0.5670875310897827,0.7925296425819397,1.6563498661525955e-07,0.5879921317100525,0.7310709357261658,-0.002254413440823555,0.5916357636451721,0.6734938621520996,-0.01145346462726593,0.5903726816177368,0.6320258975028992,-0.021861232817173004,0.5950472354888916,0.6133019328117371,-0.032041266560554504,0.5527517199516296,0.6358861327171326,-0.021388040855526924,0.5578721761703491,0.5810003280639648,-0.04160641133785248,0.5625926852226257,0.5398430228233337,-0.05439223349094391,0.5641940832138062,0.5051320195198059,-0.06208977475762367,0.5447507500648499,0.6597821116447449,-0.029569631442427635,0.5966757535934448,0.6321790218353271,-0.049307867884635925,0.6034184694290161,0.668455183506012,-0.04956667870283127,0.592433750629425,0.6841360926628113,-0.046321723610162735,0.5471992492675781,0.6958425045013428,-0.03802040219306946,0.5958306193351746,0.6663987040519714,-0.055159516632556915,0.5998466610908508,0.6958677768707275,-0.04499712958931923,0.5862848162651062,0.7064668536186218,-0.03441353142261505,0.5537418723106384,0.7318076491355896,-0.04678414762020111,0.5917438268661499,0.7056538462638855,-0.05315659940242767,0.5953943729400635,0.7252618074417114,-0.04152983799576759,0.5839741826057434,0.7373563051223755,-0.031646955758333206,0.6284199357032776,0.818916916847229,-1.7328241597169836e-07,0.6249299049377441,0.7472816705703735,-0.00252386718057096,0.6271368861198425,0.6876872181892395,-0.008432339876890182,0.622825026512146,0.6442881226539612,-0.015330391936004162,0.6162306666374207,0.6141811013221741,-0.022257445380091667,0.6695746779441833,0.6616849899291992,-0.008846178650856018,0.6556854844093323,0.5950102806091309,-0.01884373463690281,0.650449812412262,0.5597292184829712,-0.025577915832400322,0.6499568223953247,0.5320680141448975,-0.030337633565068245,0.6730121374130249,0.6868690848350525,-0.013685505837202072,0.623798668384552,0.6390756368637085,-0.019942741841077805,0.6153496503829956,0.6646753549575806,-0.019097216427326202,0.6220749020576477,0.6837372183799744,-0.018577303737401962,0.6630347967147827,0.7191271781921387,-0.019199801608920097,0.6121455430984497,0.676848828792572,-0.025768151506781578,0.610100507736206,0.7018375396728516,-0.021321140229701996,0.6211251020431519,0.7159801721572876,-0.01829950325191021,0.6477686762809753,0.7483851909637451,-0.025205085054039955,0.6102617383003235,0.7129286527633667,-0.031124496832489967,0.6100226640701294,0.7285075783729553,-0.027556143701076508,0.621292769908905,0.7412899136543274,-0.023549405857920647
15,0.5651760697364807,0.7888212203979492,1.4935301351215458e-07,0.5850567817687988,0.7286167740821838,-0.0014175352407619357,0.5903445482254028,0.6726680994033813,-0.010838689282536507,0.5909036993980408,0.6328685283660889,-0.021248947829008102,0.5955062508583069,0.6132620573043823,-0.03151940926909447,0.5519821643829346,0.634280800819397,-0.02414782904088497,0.5584703683853149,0.5797183513641357,-0.045331913977861404,0.5629229545593262,0.5386599898338318,-0.05850030109286308,0.5637643337249756,0.5037441253662109,-0.06624021381139755,0.5450091361999512,0.6598143577575684,-0.03278278186917305,0.5970087647438049,0.6338708996772766,-0.05240656062960625,0.6027632355690002,0.6699015498161316,-0.05190970376133919,0.5912772417068481,0.6849053502082825,-0.04845735430717468,0.5475518703460693,0.6961918473243713,-0.041487906128168106,0.5961906909942627,0.6660211086273193,-0.05840761959552765,0.5991208553314209,0.6957382559776306,-0.04720740020275116,0.5855865478515625,0.7061800956726074,-0.03619292378425598,0.5543479323387146,0.7326228022575378,-0.05035104230046272,0.5913940668106079,0.704609215259552,-0.05622179061174393,0.5939669609069824,0.7254220247268677,-0.04348542541265488,0.5824939012527466,0.7387396097183228,-0.03302827849984169,0.6283748149871826,0.8177487850189209,-1.7366474480695615e-07,0.625997006893158,0.7486610412597656,-0.003129898337647319,0.6283668875694275,0.6897602677345276,-0.008928236551582813,0.6239725947380066,0.6459842324256897,-0.015528736636042595,0.617697536945343,0.6146851181983948,-0.02214592508971691,0.6701246500015259,0.663749635219574,-0.008848955854773521,0.6556360721588135,0.5972741842269897,-0.018198246136307716,0.6507000923156738,0.5629719495773315,-0.02430894412100315,0.6504335403442383,0.5366030931472778,-0.028594709932804108,0.6729663610458374,0.6885311603546143,-0.013235678896307945,0.6238781809806824,0.6392428874969482,-0.01939699426293373,0.6155459880828857,0.6629443168640137,-0.018650587648153305,0.621979296207428,0.6812878847122192,-0.017963983118534088,0.663016140460968,0.7203463912010193,-0.018279992043972015,0.6124094128608704,0.67767733335495,-0.024595113471150398,0.6107484698295593,0.7014926075935364,-0.020109083503484726,0.6218183636665344,0.7150933146476746,-0.016890648752450943,0.6477868556976318,0.7494431734085083,-0.023886891081929207,0.6104973554611206,0.7138694524765015,-0.02974502369761467,0.6105619668960571,0.7285677194595337,-0.026280904188752174,0.6219483017921448,0.7409635782241821,-0.02216610498726368
16,0.5699959993362427,0.7935241460800171,1.5370494566013804e-07,0.5911718606948853,0.7307233810424805,-0.004428489599376917,0.5937666893005371,0.6743785738945007,-0.013997036963701248,0.5909430384635925,0.6348558664321899,-0.024055100977420807,0.5918817520141602,0.6119031310081482,-0.03353989124298096,0.5535812973976135,0.6364712119102478,-0.024090468883514404,0.5598179697990417,0.5805371999740601,-0.0458521842956543,0.5631080269813538,0.538204550743103,-0.059353798627853394,0.5641789436340332,0.5025616884231567,-0.0668809711933136,0.5451579689979553,0.6608043313026428,-0.03091656230390072,0.595300018787384,0.6318973302841187,-0.04787710681557655,0.6011258959770203,0.6651542782783508,-0.045557327568531036,0.5908255577087402,0.6782900094985962,-0.04148903489112854,0.5467255115509033,0.6955706477165222,-0.03865821659564972,0.5942404270172119,0.6647769808769226,-0.054748401045799255,0.5970461964607239,0.6923475861549377,-0.04477858543395996,0.5839265584945679,0.7019844651222229,-0.03498591110110283,0.5530413389205933,0.7320213317871094,-0.04689842090010643,0.5904133915901184,0.7049165964126587,-0.05221891030669212,0.593703031539917,0.7235686182975769,-0.04036403074860573,0.5813013911247253,0.7361685037612915,-0.03085300512611866,0.629880964756012,0.8191559314727783,-1.8086768704961287e-07,0.6258280873298645,0.7484261989593506,-0.002431245753541589,0.6286344528198242,0.687490701675415,-0.007525439839810133,0.6252025365829468,0.6425328850746155,-0.013480152934789658,0.618920624256134,0.6128209829330444,-0.019194433465600014,0.669617235660553,0.6612933278083801,-0.007245196960866451,0.6545904874801636,0.5952323079109192,-0.01586167886853218,0.6492689847946167,0.5598214864730835,-0.021183740347623825,0.6487879753112793,0.532355546951294,-0.025134511291980743,0.6727091073989868,0.6856939792633057,-0.011870365589857101,0.6230005621910095,0.6374484896659851,-0.017423659563064575,0.6150388717651367,0.6635352373123169,-0.0159754678606987,0.6215780377388,0.682725727558136,-0.01497532520443201,0.6627917289733887,0.7175635695457458,-0.017220133915543556,0.6116864085197449,0.6764994859695435,-0.02303050272166729,0.6100846529006958,0.7024388313293457,-0.01848568767309189,0.6210603713989258,0.7163963913917542,-0.015521223656833172,0.6477747559547424,0.7471767067909241,-0.02309480682015419,0.6097736358642578,0.7133809328079224,-0.028477907180786133,0.6093530654907227,0.7295110821723938,-0.02527676895260811,0.6202848553657532,0.7418385744094849,-0.021679190918803215
17,0.5657501220703125,0.7898274660110474,1.4801008774156799e-07,0.5841189622879028,0.7285156846046448,-0.0009199923370033503,0.5891707539558411,0.6707763075828552,-0.010166116058826447,0.5896754860877991,0.6299880743026733,-0.020713351666927338,0.5947448015213013,0.6151976585388184,-0.031229209154844284,0.5527625679969788,0.637767493724823,-0.022529946640133858,0.5578572750091553,0.5812040567398071,-0.04252432659268379,0.562250018119812,0.5396731495857239,-0.05462459474802017,0.5625998973846436,0.5051918029785156,-0.06176268309354782,0.5454458594322205,0.6622632741928101,-0.031587906181812286,0.5963319540023804,0.6325057744979858,-0.0505453459918499,0.6027902960777283,0.6677839756011963,-0.04981545731425285,0.5911194682121277,0.6826291680335999,-0.04612548276782036,0.5475499629974365,0.6985243558883667,-0.04064513370394707,0.5951810479164124,0.667568564414978,-0.057049646973609924,0.5987859964370728,0.6963783502578735,-0.04606737196445465,0.5851159691810608,0.7063878178596497,-0.0351874977350235,0.5537192821502686,0.7353261709213257,-0.049832358956336975,0.5906636118888855,0.7057730555534363,-0.05514952167868614,0.5942280888557434,0.7249630689620972,-0.04239917919039726,0.5827909708023071,0.7378671169281006,-0.03201860189437866,0.6295061707496643,0.8199152946472168,-1.7516052253085945e-07,0.6271352767944336,0.7498050928115845,-0.0032122728880494833,0.6298685669898987,0.6899978518486023,-0.008815916255116463,0.62571781873703,0.6463583707809448,-0.015122552402317524,0.6185885667800903,0.6154541969299316,-0.021102573722600937,0.6692787408828735,0.6635182499885559,-0.008415348827838898,0.6546143889427185,0.5981501936912537,-0.01812240667641163,0.6491502523422241,0.5626492500305176,-0.02383972890675068,0.6480863094329834,0.5349865555763245,-0.027625082060694695,0.6727626919746399,0.6886047720909119,-0.012920844368636608,0.6230447292327881,0.640367329120636,-0.019410358741879463,0.6146602034568787,0.6650432348251343,-0.01790478453040123,0.6203058362007141,0.6830672025680542,-0.01629164256155491,0.6632128357887268,0.7211124897003174,-0.018268734216690063,0.6115411520004272,0.6797082424163818,-0.025034060701727867,0.6100850701332092,0.704330563545227,-0.019918834790587425,0.620913028717041,0.7173460721969604,-0.01589507795870304,0.6486840844154358,0.7513394355773926,-0.024212010204792023,0.6107754707336426,0.7169028520584106,-0.03036613017320633,0.6108716130256653,0.7317976355552673,-0.026773370802402496,0.6220697164535522,0.7430844306945801,-0.022318633273243904
18,0.5700899362564087,0.7894824743270874,1.707930863403817e-07,0.5882647633552551,0.7307061553001404,-0.0033591112587600946,0.5914553999900818,0.6746222376823425,-0.013143979012966156,0.5902929306030273,0.6356241106987,-0.02357231266796589,0.594985842704773,0.6137731075286865,-0.03362919017672539,0.5536414384841919,0.6381720304489136,-0.026173217222094536,0.5599754452705383,0.5798412561416626,-0.04960687831044197,0.5627309679985046,0.5360696315765381,-0.06450922787189484,0.5629588961601257,0.4993759095668793,-0.07284548133611679,0.5460159182548523,0.6634648442268372,-0.03335975483059883,0.596770167350769,0.6334525346755981,-0.052689433097839355,0.6033599376678467,0.6656733751296997,-0.0512562170624733,0.592469334602356,0.680601954460144,-0.04728133603930473,0.5486602187156677,0.6996281147003174,-0.04104548320174217,0.5954582095146179,0.666446328163147,-0.05812573432922363,0.5990221500396729,0.6938941478729248,-0.04728173837065697,0.5856901407241821,0.7042874097824097,-0.03642312437295914,0.555770218372345,0.7359240055084229,-0.04907328635454178,0.5929436683654785,0.7058654427528381,-0.054319486021995544,0.5959730744361877,0.7239731550216675,-0.0412457175552845,0.583757221698761,0.7373043894767761,-0.030585287138819695,0.6317148208618164,0.8140115141868591,-1.6780576572728023e-07,0.6292210817337036,0.7457532286643982,-0.0029480333905667067,0.6310749650001526,0.6860480308532715,-0.008711875416338444,0.6264120936393738,0.6433974504470825,-0.015123688615858555,0.6187174320220947,0.6146460771560669,-0.021422188729047775,0.6697732210159302,0.6625245809555054,-0.009437731467187405,0.6557422280311584,0.5979492664337158,-0.019159184768795967,0.6511739492416382,0.56266188621521,-0.025436334311962128,0.6506858468055725,0.5354150533676147,-0.02993178740143776,0.6730437278747559,0.6879331469535828,-0.01398626808077097,0.6235273480415344,0.6397935748100281,-0.02037721872329712,0.6157329082489014,0.6631045341491699,-0.019366422668099403,0.6223655939102173,0.6802384257316589,-0.018625779077410698,0.6636105179786682,0.7205381989479065,-0.01918349228799343,0.6125602722167969,0.6788185834884644,-0.025658775120973587,0.6114985346794128,0.7023859024047852,-0.021101821213960648,0.6224827766418457,0.7153783440589905,-0.0179707333445549,0.6493944525718689,0.7511903643608093,-0.02487264573574066,0.6114120483398438,0.7147893309593201,-0.030803056433796883,0.6114855408668518,0.7288275361061096,-0.027233300730586052,0.6224615573883057,0.7401130795478821,-0.023250605911016464
19,0.5700316429138184,0.7872077822685242,1.6151858517332585e-07,0.5869953632354736,0.7301077842712402,-0.0033780604135245085,0.5910442471504211,0.6748499274253845,-0.012887046672403812,0.5915215015411377,0.6363347172737122,-0.02309451811015606,0.5963649153709412,0.6151713132858276,-0.032917797565460205,0.5534200072288513,0.6385493278503418,-0.026366177946329117,0.5589942336082458,0.5797426700592041,-0.04903426766395569,0.5615854263305664,0.5359902381896973,-0.0628584697842598,0.5622421503067017,0.5000791549682617,-0.07042420655488968,0.5459383726119995,0.6637576222419739,-0.033730797469615936,0.5962623357772827,0.6318213939666748,-0.05281578749418259,0.6022237539291382,0.6640506386756897,-0.05086205527186394,0.5918933153152466,0.6798006296157837,-0.04630105569958687,0.5486637949943542,0.6999828219413757,-0.04156048595905304,0.5951305031776428,0.665329098701477,-0.058675915002822876,0.5985367894172668,0.6926870942115784,-0.04767388850450516,0.585803210735321,0.7035160660743713,-0.0365900881588459,0.5563341379165649,0.7368833422660828,-0.049723777920007706,0.5932812094688416,0.7055742740631104,-0.055086396634578705,0.5956559777259827,0.7235035300254822,-0.04199199378490448,0.5831006169319153,0.7375210523605347,-0.031286586076021194,0.632529616355896,0.817071259021759,-1.6686166759427579e-07,0.6294258236885071,0.7493146657943726,-0.0022581054363399744,0.6311612129211426,0.6882167458534241,-0.007867058739066124,0.6267916560173035,0.6444525718688965,-0.01425042375922203,0.6194298267364502,0.6161872744560242,-0.020526133477687836,0.6697006225585938,0.6643401980400085,-0.008993593044579029,0.6556284427642822,0.5989995002746582,-0.01888926886022091,0.6505744457244873,0.5631909966468811,-0.025135230273008347,0.6496111750602722,0.5354411602020264,-0.02958221547305584,0.6729072332382202,0.6888400912284851,-0.013713626191020012,0.6243783235549927,0.639927089214325,-0.019792111590504646,0.6165571212768555,0.6645097732543945,-0.018202152103185654,0.6232339143753052,0.6817840337753296,-0.01711118221282959,0.6632001399993896,0.7205092906951904,-0.019114436581730843,0.6128217577934265,0.67876136302948,-0.025420675054192543,0.6116015911102295,0.7036157250404358,-0.020855456590652466,0.6227896809577942,0.7168888449668884,-0.0177972000092268,0.6488568186759949,0.750342071056366,-0.024902313947677612,0.6111109852790833,0.7140326499938965,-0.03077043779194355,0.6110729575157166,0.7288325428962708,-0.02746262028813362,0.6221597194671631,0.7403393387794495,-0.023771172389388084
20,0.5728208422660828,0.7846110463142395,1.5672932818233676e-07,0.5863151550292969,0.7268404364585876,-0.003487109672278166,0.589145302772522,0.671126663684845,-0.012921012938022614,0.590547502040863,0.6312105655670166,-0.023112216964364052,0.5957470536231995,0.6129682660102844,-0.03294715657830238,0.552321195602417,0.6377348899841309,-0.024630365893244743,0.5575716495513916,0.5795773267745972,-0.04643205925822258,0.559719443321228,0.536032497882843,-0.05993906781077385,0.5606566667556763,0.5008173584938049,-0.06749294698238373,0.545673668384552,0.662786602973938,-0.03178565204143524,0.5956661105155945,0.6287127137184143,-0.04999180883169174,0.6013131737709045,0.6616402268409729,-0.04801829904317856,0.5909035801887512,0.6768829226493835,-0.04361620172858238,0.5492061972618103,0.6975904703140259,-0.039427489042282104,0.5953933000564575,0.6624216437339783,-0.05581817775964737,0.5982396602630615,0.6900646686553955,-0.04520541802048683,0.5853469371795654,0.7010073065757751,-0.03468509018421173,0.5570651292800903,0.7326582074165344,-0.0475015714764595,0.5937871336936951,0.7018880248069763,-0.05351414158940315,0.5960469245910645,0.7204746007919312,-0.041572026908397675,0.583503007888794,0.7338335514068604,-0.03162917494773865,0.6339817047119141,0.8089806437492371,-1.6416090886650636e-07,0.6317164897918701,0.7431256771087646,-0.003505382454022765,0.6324411630630493,0.6833668947219849,-0.01006263867020607,0.625183641910553,0.6409705281257629,-0.017234859988093376,0.6146617531776428,0.6130630373954773,-0.024392427876591682,0.6694936752319336,0.6598826050758362,-0.011093603447079659,0.6542553901672363,0.5945777297019958,-0.021720770746469498,0.6490943431854248,0.5599886775016785,-0.028202125802636147,0.6484094858169556,0.5323188304901123,-0.032741546630859375,0.6716650128364563,0.6848415732383728,-0.015718860551714897,0.6231490969657898,0.6367604732513428,-0.0234594214707613,0.6140169501304626,0.6630810499191284,-0.022259412333369255,0.6210461258888245,0.6798116564750671,-0.021074067801237106,0.6618977189064026,0.7169660925865173,-0.021010933443903923,0.6121715903282166,0.6759752631187439,-0.028625501319766045,0.6106232404708862,0.7014856338500977,-0.023780683055520058,0.622052013874054,0.7136040925979614,-0.02022567391395569,0.6479343771934509,0.747535228729248,-0.02672228030860424,0.611588180065155,0.7104021310806274,-0.032984618097543716,0.6117379665374756,0.725361168384552,-0.028854437172412872,0.6230496764183044,0.7365269660949707,-0.02445339784026146
21,0.570526659488678,0.7845251560211182,1.533751117221982e-07,0.5860787630081177,0.7273423075675964,-0.002912278985604644,0.5901919007301331,0.6714028716087341,-0.012297694571316242,0.5909832119941711,0.6331943869590759,-0.022433815523982048,0.5947660803794861,0.6150698661804199,-0.032287854701280594,0.5526702404022217,0.6374325156211853,-0.025907205417752266,0.5578542351722717,0.5783189535140991,-0.04769868776202202,0.5603771209716797,0.5345869064331055,-0.06087697669863701,0.5609214901924133,0.4991806745529175,-0.06808926910161972,0.5454599261283875,0.6629722714424133,-0.03337368369102478,0.5955838561058044,0.6297234892845154,-0.051274269819259644,0.6014561653137207,0.6614901423454285,-0.048840876668691635,0.5909703373908997,0.67670738697052,-0.044270019978284836,0.5485002994537354,0.6986569762229919,-0.04121186584234238,0.595156192779541,0.6629968881607056,-0.05717542767524719,0.5983355045318604,0.6895349025726318,-0.046155836433172226,0.5855079889297485,0.6999526619911194,-0.035473693162202835,0.5568485856056213,0.7348175048828125,-0.049376241862773895,0.5934293866157532,0.701824963092804,-0.05418218672275543,0.5959779024124146,0.7197117805480957,-0.041258614510297775,0.5836663842201233,0.7334888577461243,-0.030908606946468353,0.6319833993911743,0.8101889491081238,-1.5415658083384187e-07,0.6304061412811279,0.743847131729126,-0.0035289651714265347,0.6313731670379639,0.6860185861587524,-0.010231203399598598,0.6244271397590637,0.6435639262199402,-0.017630761489272118,0.6159085631370544,0.6163017749786377,-0.025349099189043045,0.6694533824920654,0.660569965839386,-0.010973608121275902,0.6552076935768127,0.5945558547973633,-0.021072879433631897,0.6506949663162231,0.5608543753623962,-0.027656201273202896,0.6506033539772034,0.5344128608703613,-0.0322219543159008,0.6719247102737427,0.6857767701148987,-0.015256060287356377,0.6239878535270691,0.6372644305229187,-0.022120393812656403,0.6155627369880676,0.6610389351844788,-0.021292565390467644,0.6223261952400208,0.6777634024620056,-0.020563460886478424,0.662290096282959,0.7174577116966248,-0.020113302394747734,0.6130998134613037,0.6759086847305298,-0.026820169761776924,0.6117774844169617,0.7001453042030334,-0.022293614223599434,0.6231834888458252,0.7129759788513184,-0.019124973565340042,0.6480587124824524,0.7465037107467651,-0.02542799524962902,0.6118240356445312,0.7112150192260742,-0.030737563967704773,0.6119950413703918,0.7263475656509399,-0.02647826448082924,0.6232152581214905,0.738530695438385,-0.02209894172847271
22,0.570526659488678,0.7845251560211182,1.533751117221982e-07,0.5860787630081177,0.7273423075675964,-0.002912278985604644,0.5901919007301331,0.6714028716087341,-0.012297694571316242,0.5909832119941711,0.6331943869590759,-0.022433815523982048,0.5947660803794861,0.6150698661804199,-0.032287854701280594,0.5526702404022217,0.6374325156211853,-0.025907205417752266,0.5578542351722717,0.5783189535140991,-0.04769868776202202,0.5603771209716797,0.5345869064331055,-0.06087697669863701,0.5609214901924133,0.4991806745529175,-0.06808926910161972,0.5454599261283875,0.6629722714424133,-0.03337368369102478,0.5955838561058044,0.6297234892845154,-0.051274269819259644,0.6014561653137207,0.6614901423454285,-0.048840876668691635,0.5909703373908997,0.67670738697052,-0.044270019978284836,0.5485002994537354,0.6986569762229919,-0.04121186584234238,0.595156192779541,0.6629968881607056,-0.05717542767524719,0.5983355045318604,0.6895349025726318,-0.046155836433172226,0.5855079889297485,0.6999526619911194,-0.035473693162202835,0.5568485856056213,0.7348175048828125,-0.049376241862773895,0.5934293866157532,0.701824963092804,-0.05418218672275543,0.5959779024124146,0.7197117805480957,-0.041258614510297775,0.5836663842201233,0.7334888577461243,-0.030908606946468353,0.6319833993911743,0.8101889491081238,-1.5415658083384187e-07,0.6304061412811279,0.743847131729126,-0.0035289651714265347,0.6313731670379639,0.6860185861587524,-0.010231203399598598,0.6244271397590637,0.6435639262199402,-0.017630761489272118,0.6159085631370544,0.6163017749786377,-0.025349099189043045,0.6694533824920654,0.660569965839386,-0.010973608121275902,0.6552076935768127,0.5945558547973633,-0.021072879433631897,0.6506949663162231,0.5608543753623962,-0.027656201273202896,0.6506033539772034,0.5344128608703613,-0.0322219543159008,0.6719247102737427,0.6857767701148987,-0.015256060287356377,0.6239878535270691,0.6372644305229187,-0.022120393812656403,0.6155627369880676,0.6610389351844788,-0.021292565390467644,0.6223261952400208,0.6777634024620056,-0.020563460886478424,0.662290096282959,0.7174577116966248,-0.020113302394747734,0.6130998134613037,0.6759086847305298,-0.026820169761776924,0.6117774844169617,0.7001453042030334,-0.022293614223599434,0.6231834888458252,0.7129759788513184,-0.019124973565340042,0.6480587124824524,0.7465037107467651,-0.02542799524962902,0.6118240356445312,0.7112150192260742,-0.030737563967704773,0.6119950413703918,0.7263475656509399,-0.02647826448082924,0.6232152581214905,0.738530695438385,-0.02209894172847271
23,0.5741394758224487,0.7916220426559448,1.6542230696359184e-07,0.5936241149902344,0.7280363440513611,-0.006222314666956663,0.5944421291351318,0.6706395149230957,-0.017523637041449547,0.5919708013534546,0.6299415230751038,-0.02940191514790058,0.593559980392456,0.6079882383346558,-0.040810320526361465,0.5525373816490173,0.6351497173309326,-0.026633450761437416,0.5579778552055359,0.5747255086898804,-0.048785001039505005,0.5605406761169434,0.5315552949905396,-0.062249332666397095,0.5611023306846619,0.49583297967910767,-0.06996359676122665,0.5444017648696899,0.6605454087257385,-0.033401478081941605,0.5955068469047546,0.6245548129081726,-0.05143624171614647,0.6019756197929382,0.6594619154930115,-0.04907096177339554,0.5915639400482178,0.6734058260917664,-0.044998083263635635,0.5474274158477783,0.6957386136054993,-0.041228920221328735,0.5952487587928772,0.6586010456085205,-0.05810978636145592,0.5989385843276978,0.6868943572044373,-0.04789844900369644,0.5852317810058594,0.6981586813926697,-0.03816525638103485,0.5551562309265137,0.7311033606529236,-0.049821026623249054,0.5926531553268433,0.6994055509567261,-0.05647949501872063,0.5962031483650208,0.7173332571983337,-0.04536285251379013,0.583046019077301,0.7307210564613342,-0.036454033106565475,0.6311127543449402,0.8151677250862122,-1.8224204723082948e-07,0.6268594264984131,0.7452467679977417,-0.0030076694674789906,0.6288232803344727,0.6828147172927856,-0.008856870234012604,0.6236103773117065,0.6380420327186584,-0.015513241291046143,0.6151686310768127,0.6076034307479858,-0.022132424637675285,0.6694278717041016,0.6572128534317017,-0.008738646283745766,0.6547191143035889,0.5898903012275696,-0.01867176778614521,0.6492136120796204,0.5546277761459351,-0.025435641407966614,0.6483194828033447,0.5262202024459839,-0.03030763939023018,0.672481119632721,0.6825098395347595,-0.013479281216859818,0.623684823513031,0.6335019469261169,-0.020233942195773125,0.6148930788040161,0.6593552827835083,-0.019655106589198112,0.6215691566467285,0.6769526600837708,-0.019179105758666992,0.6627622246742249,0.715317964553833,-0.018908850848674774,0.6119757890701294,0.6732249855995178,-0.02550208941102028,0.610003650188446,0.6984786987304688,-0.02144331857562065,0.6213844418525696,0.7113770842552185,-0.018762128427624702,0.6479759216308594,0.7456480860710144,-0.024837231263518333,0.610150158405304,0.7083739042282104,-0.030498040840029716,0.6094605922698975,0.7240216732025146,-0.02687964029610157,0.6205348372459412,0.7364636659622192,-0.022986838594079018
24,0.5719802379608154,0.7899681329727173,1.5395829677800066e-07,0.589011013507843,0.7261936664581299,-0.0033058668486773968,0.5910984873771667,0.6693305373191833,-0.013137923553586006,0.5910623669624329,0.6306021809577942,-0.023880485445261,0.5963153839111328,0.6117345094680786,-0.03430663421750069,0.5518507361412048,0.6356248259544373,-0.024422453716397285,0.5580461621284485,0.575624942779541,-0.046465929597616196,0.5612227916717529,0.5325971245765686,-0.06050381436944008,0.5627557039260864,0.4966994524002075,-0.06864215433597565,0.5445088148117065,0.6607707142829895,-0.03207222744822502,0.5958572626113892,0.6277048587799072,-0.050409771502017975,0.6019958853721619,0.6622427701950073,-0.04899703338742256,0.5913253426551819,0.6769571900367737,-0.04535451903939247,0.548069417476654,0.6964111924171448,-0.040305737406015396,0.5956475138664246,0.6599044799804688,-0.056578364223241806,0.5990287661552429,0.6880444884300232,-0.04605754464864731,0.5855808854103088,0.6987990140914917,-0.03596053645014763,0.5559982061386108,0.7319721579551697,-0.04901862516999245,0.593354344367981,0.7002981901168823,-0.05490861460566521,0.5962780714035034,0.7189003825187683,-0.04295127093791962,0.5836712718009949,0.7319355607032776,-0.03324473276734352,0.6305131912231445,0.8163460493087769,-1.7410089014902042e-07,0.6279633045196533,0.7473597526550293,-0.002272713463753462,0.6298392415046692,0.6868164539337158,-0.0077783046290278435,0.6241868734359741,0.6420443058013916,-0.014297083020210266,0.6156908273696899,0.6124776601791382,-0.020847661420702934,0.6697981953620911,0.6587939262390137,-0.0077616311609745026,0.6557474732398987,0.5935277938842773,-0.017157550901174545,0.6508285403251648,0.5585230588912964,-0.02328571490943432,0.6503549218177795,0.5306761264801025,-0.027632344514131546,0.6727648973464966,0.6837406158447266,-0.012634309008717537,0.6236865520477295,0.6351483464241028,-0.018670016899704933,0.6149092316627502,0.6604185700416565,-0.017562443390488625,0.6212949156761169,0.6785077452659607,-0.01669353060424328,0.662983238697052,0.7157407999038696,-0.018170256167650223,0.6124444603919983,0.6736630201339722,-0.024327028542757034,0.6104781031608582,0.6988887190818787,-0.01983017288148403,0.6214354038238525,0.7124707698822021,-0.016738904640078545,0.6481818556785583,0.7451454997062683,-0.02417919971048832,0.6106494665145874,0.7094343304634094,-0.029589826241135597,0.6102194786071777,0.7250821590423584,-0.02586481347680092,0.6212759017944336,0.7376915812492371,-0.021762201562523842
25,0.5697858929634094,0.7910183072090149,1.4049423668893724e-07,0.590205192565918,0.7287038564682007,-0.003552641486749053,0.5931380987167358,0.671671986579895,-0.013296445831656456,0.5923846364021301,0.6328635215759277,-0.023762354627251625,0.5972720980644226,0.6132467985153198,-0.033843398094177246,0.5535376667976379,0.6348167657852173,-0.024917596951127052,0.5588525533676147,0.575901985168457,-0.04660438373684883,0.5612119436264038,0.5324394702911377,-0.06010107323527336,0.561590313911438,0.49599748849868774,-0.06784921884536743,0.5454226136207581,0.6599923968315125,-0.032486241310834885,0.5966625213623047,0.6290427446365356,-0.05031949654221535,0.6023334264755249,0.6626858711242676,-0.0484619177877903,0.5915195941925049,0.6765355467796326,-0.04464137926697731,0.547697901725769,0.695583164691925,-0.040696073323488235,0.5958425998687744,0.6617463231086731,-0.05708060786128044,0.5987074971199036,0.6894906163215637,-0.04685155674815178,0.5853282809257507,0.6997638940811157,-0.036895502358675,0.554790735244751,0.7318710684776306,-0.04932950437068939,0.5919616222381592,0.7016280293464661,-0.05488252639770508,0.5952401161193848,0.7200460433959961,-0.042851101607084274,0.5833519101142883,0.7333492636680603,-0.03321775048971176,0.6291109323501587,0.8187347650527954,-1.8903369891631883e-07,0.6265227198600769,0.7489360570907593,-0.0021984968334436417,0.629091203212738,0.6905713677406311,-0.00755741773173213,0.6249456405639648,0.646125853061676,-0.013724368996918201,0.6194226741790771,0.6156044006347656,-0.02000586688518524,0.6711951494216919,0.6638036370277405,-0.008652111515402794,0.6576470136642456,0.5975131988525391,-0.017404215410351753,0.6525816917419434,0.5620533227920532,-0.02259712852537632,0.6518316864967346,0.5349076390266418,-0.026197561994194984,0.6736931800842285,0.688442587852478,-0.013156760483980179,0.6257448196411133,0.6378253102302551,-0.0186453890055418,0.6161995530128479,0.6615365743637085,-0.01701042801141739,0.6219301223754883,0.6799396276473999,-0.015769166871905327,0.6634413599967957,0.718941330909729,-0.018200987949967384,0.6135404109954834,0.6745924949645996,-0.024179184809327126,0.6109052896499634,0.6990227103233337,-0.019389458000659943,0.6216496229171753,0.7127596735954285,-0.016052719205617905,0.6480589509010315,0.7456895112991333,-0.02365333028137684,0.6104869842529297,0.7082340717315674,-0.029108336195349693,0.6095720529556274,0.7238230109214783,-0.025419944897294044,0.6206455826759338,0.7366114258766174,-0.02126353792846203
26,0.5726969242095947,0.7915819883346558,1.6629385868327518e-07,0.5918455123901367,0.7279026508331299,-0.0050102900713682175,0.5929753184318542,0.6704854965209961,-0.015673454850912094,0.5912860631942749,0.6301215887069702,-0.027047544717788696,0.594301700592041,0.6082316040992737,-0.03800452500581741,0.5517762899398804,0.6356196999549866,-0.025212442502379417,0.5580590963363647,0.5759972929954529,-0.04686521366238594,0.5607551336288452,0.5327383875846863,-0.060025766491889954,0.5615537166595459,0.49718183279037476,-0.06760949641466141,0.5441524982452393,0.6597201824188232,-0.03229757025837898,0.5955978035926819,0.6267239451408386,-0.050631001591682434,0.6021768450737,0.6616789102554321,-0.04853539541363716,0.5919272899627686,0.6762704849243164,-0.0444350391626358,0.5470125675201416,0.6940441727638245,-0.04027863219380379,0.5950412750244141,0.6596583724021912,-0.05694004148244858,0.5987645983695984,0.688214898109436,-0.04663822427392006,0.585719108581543,0.6993697285652161,-0.03672954812645912,0.5544067621231079,0.7289029955863953,-0.04891686141490936,0.591769814491272,0.6991978883743286,-0.055384561419487,0.5954416990280151,0.7180023789405823,-0.044220007956027985,0.5832048058509827,0.731110692024231,-0.03514115884900093,0.6293154358863831,0.8176506161689758,-1.7906063476402778e-07,0.6258425116539001,0.7474269866943359,-0.002509001875296235,0.6284698247909546,0.6847699880599976,-0.007792026735842228,0.6233130097389221,0.6394363641738892,-0.0140193747356534,0.6151355504989624,0.6106072664260864,-0.020086852833628654,0.6693190336227417,0.6597930192947388,-0.007042292971163988,0.6567805409431458,0.594555139541626,-0.01656247489154339,0.6514089703559875,0.5580248236656189,-0.023258734494447708,0.6498221755027771,0.5292226076126099,-0.02810213714838028,0.6722768545150757,0.6839364171028137,-0.011697144247591496,0.6237080693244934,0.6344574689865112,-0.017337065190076828,0.6154407858848572,0.6593483686447144,-0.01665506325662136,0.6221163272857666,0.6778279542922974,-0.016493529081344604,0.6622770428657532,0.7150019407272339,-0.017135508358478546,0.6116812825202942,0.672683835029602,-0.02229468710720539,0.6101572513580322,0.6974535584449768,-0.018221531063318253,0.6214172840118408,0.7112817764282227,-0.01601027324795723,0.6472589373588562,0.7434681057929993,-0.023207753896713257,0.6093841791152954,0.7083165645599365,-0.028273843228816986,0.6093577146530151,0.7241910696029663,-0.025145459920167923,0.620920717716217,0.736924946308136,-0.021823853254318237
27,0.573660135269165,0.7887032628059387,1.7418123832158017e-07,0.592850387096405,0.7256633639335632,-0.006952542345970869,0.594402551651001,0.6695637702941895,-0.018407516181468964,0.5927720069885254,0.6299352049827576,-0.030414728447794914,0.5953118205070496,0.6097515821456909,-0.04205433651804924,0.5517340302467346,0.6345847845077515,-0.025871243327856064,0.5578643083572388,0.5756344199180603,-0.04737812280654907,0.5603271126747131,0.5327269434928894,-0.060762763023376465,0.560865044593811,0.4969903826713562,-0.06870676577091217,0.5438353419303894,0.6595969200134277,-0.032080017030239105,0.5945334434509277,0.625801146030426,-0.05008372664451599,0.600446879863739,0.6599233150482178,-0.048121895641088486,0.5899328589439392,0.6729646921157837,-0.04449310153722763,0.5467793941497803,0.6941848993301392,-0.03939829394221306,0.5942159295082092,0.6598120331764221,-0.05597935989499092,0.5970786213874817,0.686951220035553,-0.0459434799849987,0.5835540294647217,0.697553277015686,-0.036551669239997864,0.5541259050369263,0.7288361191749573,-0.04760691896080971,0.5912998914718628,0.6987213492393494,-0.054353922605514526,0.5938701033592224,0.7166531682014465,-0.04368113726377487,0.5805644989013672,0.7291543483734131,-0.03519221022725105,0.630141019821167,0.8163536787033081,-1.9146962415561575e-07,0.6259673237800598,0.7469927668571472,-0.0023932759650051594,0.6275094747543335,0.6843565106391907,-0.008503027260303497,0.6221948266029358,0.638761043548584,-0.015486182644963264,0.6142038702964783,0.6086699962615967,-0.02252442203462124,0.6692374348640442,0.6594889760017395,-0.009546887129545212,0.6560004353523254,0.5916008353233337,-0.019948378205299377,0.6500468254089355,0.5538215637207031,-0.027203569188714027,0.6478970646858215,0.5240799188613892,-0.032461367547512054,0.6717156171798706,0.6835238933563232,-0.014493677765130997,0.6233909130096436,0.6328108310699463,-0.020989151671528816,0.6139677166938782,0.6584698557853699,-0.020404396578669548,0.6204098463058472,0.6771740913391113,-0.020437536761164665,0.6614609956741333,0.7143551111221313,-0.020033206790685654,0.6111645698547363,0.6711937785148621,-0.026033807545900345,0.6088285446166992,0.696432888507843,-0.02216200716793537,0.6200880408287048,0.7103827595710754,-0.020236786454916,0.646496593952179,0.7428475618362427,-0.026025328785181046,0.6086852550506592,0.7063055634498596,-0.03120456263422966,0.6080384850502014,0.7226101160049438,-0.027720924466848373,0.6192999482154846,0.7356569766998291,-0.024420302361249924
28,0.569040060043335,0.7865508198738098,1.506128626260761e-07,0.5869169235229492,0.7260603904724121,-0.0029697627760469913,0.5901932716369629,0.6694367527961731,-0.01300059910863638,0.5902629494667053,0.6307515501976013,-0.023839052766561508,0.59581059217453,0.61232990026474,-0.0345606692135334,0.5516712069511414,0.6353306174278259,-0.026031022891402245,0.5585052371025085,0.5759719014167786,-0.0474681481719017,0.5621337890625,0.5331452488899231,-0.06066200137138367,0.5631455779075623,0.4978575110435486,-0.06814093887805939,0.5443342924118042,0.6608253717422485,-0.03359762579202652,0.5952883958816528,0.6276620626449585,-0.051015328615903854,0.6018410921096802,0.6611054539680481,-0.048807382583618164,0.5914583802223206,0.6758623719215393,-0.0448727048933506,0.5470590591430664,0.6961345672607422,-0.041511472314596176,0.5948874354362488,0.660245418548584,-0.057199396193027496,0.5980271100997925,0.6878370642662048,-0.04635274037718773,0.5852088928222656,0.699443519115448,-0.03622475638985634,0.5546447038650513,0.7318354845046997,-0.04974822327494621,0.5917343497276306,0.6996217370033264,-0.05493507161736488,0.5948010683059692,0.718536376953125,-0.04246029630303383,0.5832834243774414,0.7325388193130493,-0.03261764347553253,0.6282617449760437,0.8192532658576965,-1.78910980253022e-07,0.6253795623779297,0.7494403719902039,-0.002232220256701112,0.6281200051307678,0.6871239542961121,-0.007599472533911467,0.6232160329818726,0.6407902836799622,-0.013920954428613186,0.6160669922828674,0.6103998422622681,-0.02000243403017521,0.6689849495887756,0.6608067750930786,-0.007558635901659727,0.6562390327453613,0.5937208533287048,-0.016907986253499985,0.6505491733551025,0.557407021522522,-0.022951669991016388,0.6490790843963623,0.5298582911491394,-0.02721528336405754,0.6720200777053833,0.6847324967384338,-0.01215303223580122,0.623290479183197,0.6349325776100159,-0.017545806244015694,0.6155321002006531,0.6605929136276245,-0.016321152448654175,0.6225292682647705,0.6797390580177307,-0.015771420672535896,0.6617941856384277,0.7157021760940552,-0.017470424994826317,0.611097514629364,0.6730561256408691,-0.02280835621058941,0.6097994446754456,0.6989690661430359,-0.018564974889159203,0.6210222840309143,0.7135104537010193,-0.016133803874254227,0.6465938091278076,0.7440161108970642,-0.023316025733947754,0.6086259484291077,0.7087363600730896,-0.02847609855234623,0.608918309211731,0.7255358695983887,-0.025382449850440025,0.6204851269721985,0.7388722896575928,-0.022029830142855644
29,0.5678638815879822,0.7891865372657776,1.2066936960763996e-07,0.5863322019577026,0.7300783395767212,-0.0024136530701071024,0.5887668132781982,0.673511803150177,-0.011274230666458607,0.5881779193878174,0.6343430280685425,-0.020985672250390053,0.5948801040649414,0.6125299334526062,-0.030366890132427216,0.5514016151428223,0.6383209228515625,-0.022803807631134987,0.5567863583564758,0.5791522264480591,-0.043356746435165405,0.559965193271637,0.5368218421936035,-0.0565076544880867,0.5602277517318726,0.5001956224441528,-0.06434133648872375,0.5443630218505859,0.6627370715141296,-0.030728844925761223,0.5950376987457275,0.6313908100128174,-0.04996257275342941,0.6010779738426208,0.6658394932746887,-0.05032268911600113,0.5895941853523254,0.6809436678886414,-0.04763275757431984,0.5471994876861572,0.697269856929779,-0.038884785026311874,0.5946082472801208,0.6628676056861877,-0.05553935095667839,0.5978573560714722,0.6914678812026978,-0.045600976794958115,0.5844703316688538,0.7022876143455505,-0.03564953804016113,0.5542828440666199,0.7316573858261108,-0.047315433621406555,0.5907213091850281,0.7007939219474792,-0.05322949215769768,0.5936416983604431,0.7208614349365234,-0.0413844995200634,0.5821880102157593,0.7339162230491638,-0.03169524297118187,0.6276078820228577,0.8215085864067078,-1.8039570193195686e-07,0.624096691608429,0.7507715821266174,-0.0019755142275243998,0.6269419193267822,0.6890419125556946,-0.007468169555068016,0.6215894818305969,0.6433768272399902,-0.01401200145483017,0.6147697567939758,0.615259051322937,-0.02044782042503357,0.6686604022979736,0.6638997793197632,-0.007730784360319376,0.6567686796188354,0.5971494913101196,-0.017211200669407845,0.6512844562530518,0.5605423450469971,-0.023362094536423683,0.6497610807418823,0.5324059128761292,-0.027620961889624596,0.6718525886535645,0.6872353553771973,-0.012368077412247658,0.6230664253234863,0.637583315372467,-0.01734807901084423,0.6154930591583252,0.6626291275024414,-0.015768134966492653,0.6226661205291748,0.6815235614776611,-0.015045524574816227,0.6617258191108704,0.7178686857223511,-0.017702430486679077,0.6111948490142822,0.6754968166351318,-0.02223443053662777,0.6103005409240723,0.7008298635482788,-0.01733005978167057,0.6218185424804688,0.71510249376297,-0.014637134037911892,0.6464385986328125,0.7454773783683777,-0.02362513355910778,0.6086254119873047,0.711381196975708,-0.02812093496322632,0.6093723773956299,0.7279933094978333,-0.02456740103662014,0.6214041709899902,0.7411055564880371,-0.020953983068466187
30,0.5708534717559814,0.7920019626617432,1.5694294575041567e-07,0.5920180678367615,0.7281678318977356,-0.00466754287481308,0.5931503176689148,0.6708507537841797,-0.014839919283986092,0.5895432829856873,0.6303699612617493,-0.025749731808900833,0.5919781923294067,0.60981684923172,-0.03626926615834236,0.551192581653595,0.6363375186920166,-0.02429177053272724,0.5578221678733826,0.5770038366317749,-0.04595024511218071,0.5610800981521606,0.5338907241821289,-0.059716153889894485,0.5617796778678894,0.49706602096557617,-0.06780728697776794,0.5430170297622681,0.6604192852973938,-0.0312897227704525,0.5945311188697815,0.6281020641326904,-0.04919958487153053,0.6012516021728516,0.6627202033996582,-0.0478544719517231,0.5903703570365906,0.6763798594474792,-0.044485677033662796,0.5457396507263184,0.6947939991950989,-0.03908355534076691,0.5938384532928467,0.6602911949157715,-0.055409181863069534,0.5977870225906372,0.6887578368186951,-0.04548998177051544,0.5842291712760925,0.699602484703064,-0.03589677810668945,0.5530773997306824,0.729396402835846,-0.04747726023197174,0.5904957056045532,0.6994697451591492,-0.05350912734866142,0.5944072604179382,0.7185791730880737,-0.04221032187342644,0.5823091268539429,0.7314125895500183,-0.0331101194024086,0.6295457482337952,0.8190268278121948,-1.7947482433555706e-07,0.6252450346946716,0.7479684352874756,-0.00207696994766593,0.6272420883178711,0.6852427124977112,-0.00817083939909935,0.6215740442276001,0.639802873134613,-0.015259956009685993,0.6130333542823792,0.610853374004364,-0.022391952574253082,0.6681773066520691,0.6601441502571106,-0.009134768508374691,0.6554118990898132,0.5910304188728333,-0.019378716126084328,0.6495764255523682,0.5535593032836914,-0.026133306324481964,0.6474639177322388,0.5246357321739197,-0.030803434550762177,0.6708641648292542,0.6842933893203735,-0.013929223641753197,0.6223326921463013,0.6344402432441711,-0.019976135343313217,0.613605260848999,0.6605219841003418,-0.018493730574846268,0.6203930974006653,0.6790581941604614,-0.017670439556241035,0.6605343222618103,0.7152450084686279,-0.019353004172444344,0.6103344559669495,0.6730706095695496,-0.024882256984710693,0.6088675856590271,0.6988636255264282,-0.020323652774095535,0.6204450130462646,0.7129391431808472,-0.017777075991034508,0.6454354524612427,0.7434384822845459,-0.025213975459337234,0.6076869964599609,0.708257257938385,-0.029883887618780136,0.6079072952270508,0.7249071598052979,-0.026030683889985085,0.6196441650390625,0.7380241751670837,-0.022347768768668175
31,0.5695508122444153,0.7867860794067383,1.6282045578464022e-07,0.587548017501831,0.7262371182441711,-0.0035619186237454414,0.589347243309021,0.6711134314537048,-0.013955393806099892,0.5882848501205444,0.6328219175338745,-0.02521795965731144,0.5931392312049866,0.6131719350814819,-0.036164507269859314,0.5502173900604248,0.6363192796707153,-0.02530747465789318,0.5569024682044983,0.5773617029190063,-0.04785669967532158,0.5601009130477905,0.5341135859489441,-0.062335968017578125,0.5611191987991333,0.4980570673942566,-0.07065434008836746,0.5426809787750244,0.6614975929260254,-0.032821401953697205,0.5939141511917114,0.630189836025238,-0.05174733325839043,0.6006408333778381,0.6634009480476379,-0.050730977207422256,0.5900816917419434,0.6777083873748779,-0.047295719385147095,0.5459654927253723,0.6960989832878113,-0.04085956886410713,0.5935727953910828,0.661237895488739,-0.05756998062133789,0.5977371335029602,0.6887508034706116,-0.047164227813482285,0.5846307873725891,0.700099766254425,-0.037022583186626434,0.5537322759628296,0.7298532724380493,-0.04935650900006294,0.5909976363182068,0.6994667053222656,-0.05532051622867584,0.5946688055992126,0.7182283401489258,-0.04325772449374199,0.5831354856491089,0.73150634765625,-0.03342998027801514,0.6298108696937561,0.8130208849906921,-1.634459039223657e-07,0.6278566718101501,0.7461470365524292,-0.0023207543417811394,0.6293397545814514,0.6859161257743835,-0.008273796178400517,0.6228443384170532,0.6412530541419983,-0.015081694349646568,0.6135024428367615,0.6117804050445557,-0.021851347759366035,0.6681708097457886,0.6603864431381226,-0.0090278759598732,0.655746340751648,0.5953630208969116,-0.0187082476913929,0.6514373421669006,0.5598903894424438,-0.025102941319346428,0.6508618593215942,0.5323501229286194,-0.0297201219946146,0.6708402037620544,0.6847953200340271,-0.013763057999312878,0.6227831244468689,0.6353402137756348,-0.01960710436105728,0.614665150642395,0.6603134274482727,-0.018445875495672226,0.62128084897995,0.6785680055618286,-0.017909273505210876,0.6606711149215698,0.7159884572029114,-0.019112547859549522,0.6107487082481384,0.673538327217102,-0.024667909368872643,0.6094019412994385,0.6982111930847168,-0.02044004201889038,0.6204501390457153,0.7117122411727905,-0.018043281510472298,0.6457176804542542,0.7446825504302979,-0.024908391758799553,0.6083681583404541,0.7082030773162842,-0.03001265600323677,0.6083784699440002,0.7233971357345581,-0.026600221171975136,0.6194353699684143,0.7356995940208435,-0.02313435636460781
32,0.570869505405426,0.7908169031143188,1.6995646490158833e-07,0.5896585583686829,0.7276124954223633,-0.005038208328187466,0.5910184383392334,0.6709058880805969,-0.015690365806221962,0.5904381275177002,0.6314390301704407,-0.027026571333408356,0.5943577289581299,0.6124196648597717,-0.03791625052690506,0.5505411028862,0.6364532709121704,-0.025754546746611595,0.5563251972198486,0.5771356821060181,-0.0480990894138813,0.5588788986206055,0.5339291095733643,-0.06180190667510033,0.559815526008606,0.49845731258392334,-0.06939556449651718,0.5424726009368896,0.6612231731414795,-0.032661911100149155,0.5939074754714966,0.6274504661560059,-0.05068494379520416,0.6002525687217712,0.6617950201034546,-0.04828907921910286,0.5900770425796509,0.6767149567604065,-0.043794937431812286,0.5454432964324951,0.6958484053611755,-0.040490344166755676,0.593184232711792,0.6598043441772461,-0.057039644569158554,0.5970577001571655,0.6881950497627258,-0.046734005212783813,0.5838162899017334,0.699890673160553,-0.036535829305648804,0.5532246232032776,0.7307297587394714,-0.04894733801484108,0.5907537341117859,0.6990509033203125,-0.05460029095411301,0.5947935581207275,0.7172936797142029,-0.04273366555571556,0.5826147794723511,0.7313953638076782,-0.033084746450185776,0.6280013918876648,0.8123348951339722,-1.6746048459026497e-07,0.6253110766410828,0.7452918887138367,-0.0029078670777380466,0.627048134803772,0.6837685704231262,-0.009566221386194229,0.6210289001464844,0.6387674808502197,-0.017085153609514236,0.6127982139587402,0.6091815829277039,-0.024468403309583664,0.6675252914428711,0.6582221388816833,-0.010150191374123096,0.6546739339828491,0.5899615287780762,-0.020984873175621033,0.6499236226081848,0.5536551475524902,-0.028054988011717796,0.6493598222732544,0.5252209305763245,-0.03287240117788315,0.6701058745384216,0.6831074357032776,-0.014932485297322273,0.6217852234840393,0.6348183155059814,-0.02175748534500599,0.6132670044898987,0.6598520278930664,-0.020380251109600067,0.620387852191925,0.6771252751350403,-0.01935126818716526,0.6598355174064636,0.7148364782333374,-0.0204584039747715,0.60972660779953,0.6734868884086609,-0.026967423036694527,0.6081697940826416,0.698415219783783,-0.02211032621562481,0.6196345686912537,0.7117458581924438,-0.018885690718889236,0.6449742317199707,0.7440622448921204,-0.026483289897441864,0.6075899600982666,0.7080374360084534,-0.03197123110294342,0.6077448129653931,0.7235493063926697,-0.027921684086322784,0.619219183921814,0.7361635565757751,-0.02369845099747181
33,0.570206344127655,0.784771740436554,1.5954138632423565e-07,0.5849430561065674,0.726414680480957,-0.003851416753605008,0.5871071219444275,0.6719661951065063,-0.013854891993105412,0.588050127029419,0.6343581676483154,-0.024645153433084488,0.5928676724433899,0.61348956823349,-0.03519737347960472,0.549556314945221,0.6375101208686829,-0.025020405650138855,0.5562143921852112,0.579092264175415,-0.04660419002175331,0.5584924817085266,0.5364437699317932,-0.0599106028676033,0.558944821357727,0.5011234283447266,-0.06738191843032837,0.5428677797317505,0.6622267961502075,-0.032225918024778366,0.5931223630905151,0.6290991306304932,-0.05056403577327728,0.5984016060829163,0.6616605520248413,-0.04880912974476814,0.5877109169960022,0.6758943796157837,-0.04474189132452011,0.5462043285369873,0.696751058101654,-0.03996976837515831,0.5926700830459595,0.6613110303878784,-0.05632046237587929,0.5953255295753479,0.6887260675430298,-0.045709557831287384,0.582293689250946,0.6995609402656555,-0.03542929142713547,0.5538747310638428,0.7318334579467773,-0.04818519204854965,0.5903143882751465,0.7004724740982056,-0.054092902690172195,0.5927041172981262,0.7193000316619873,-0.042036354541778564,0.5802274346351624,0.7330906987190247,-0.0322004035115242,0.6290894746780396,0.8110513687133789,-1.6376098699311115e-07,0.6270250678062439,0.746471107006073,-0.002754074288532138,0.628581166267395,0.6858199834823608,-0.008584288880228996,0.6221827268600464,0.6409125924110413,-0.015255328267812729,0.6128233075141907,0.6131691336631775,-0.02174040861427784,0.6667420268058777,0.6592801213264465,-0.008615273982286453,0.6545928716659546,0.5948554277420044,-0.018183473497629166,0.6505780816078186,0.5606298446655273,-0.02430608868598938,0.6504694819450378,0.5337858200073242,-0.028707467019557953,0.6698594689369202,0.6836516261100769,-0.013332401402294636,0.6215661764144897,0.6357415318489075,-0.01963219791650772,0.613069474697113,0.6605592966079712,-0.018522117286920547,0.6198837757110596,0.6779683232307434,-0.017689960077404976,0.6601848602294922,0.7156751751899719,-0.0187411867082119,0.6099231243133545,0.6751370429992676,-0.024645349010825157,0.6083932518959045,0.6994361877441406,-0.02027185633778572,0.6195797324180603,0.7121713161468506,-0.01749185100197792,0.6456669569015503,0.74554044008255,-0.024674708023667336,0.6080608367919922,0.7104244232177734,-0.030040720477700233,0.6082888841629028,0.7253652215003967,-0.026601368561387062,0.6197936534881592,0.7370784282684326,-0.02286633662879467
34,0.5718192458152771,0.7873889803886414,1.6604283814558585e-07,0.5870600938796997,0.7281876802444458,-0.0033517072442919016,0.5879190564155579,0.671989381313324,-0.013486133888363838,0.5874908566474915,0.6323526501655579,-0.02465444803237915,0.5935862064361572,0.6107944250106812,-0.03563099727034569,0.5498495697975159,0.6384932398796082,-0.02446604147553444,0.5554600358009338,0.5780226588249207,-0.046014849096536636,0.5582848191261292,0.5353195071220398,-0.0590224489569664,0.5594099760055542,0.5005716681480408,-0.06630860269069672,0.5426663756370544,0.662274181842804,-0.03201105818152428,0.5924758911132812,0.6264671087265015,-0.0505620539188385,0.5995361804962158,0.6605306267738342,-0.048726636916399,0.5895025134086609,0.6761137247085571,-0.04447891563177109,0.5460346341133118,0.6964419484138489,-0.040076613426208496,0.5923128128051758,0.6600430011749268,-0.0568326897919178,0.5961924195289612,0.688782274723053,-0.046560537070035934,0.5833123326301575,0.7006894946098328,-0.036430053412914276,0.5536247491836548,0.7306995987892151,-0.04853218048810959,0.59037184715271,0.7006111741065979,-0.0550510473549366,0.5935484170913696,0.7200466394424438,-0.043544258922338486,0.5812036395072937,0.7335392236709595,-0.033992569893598557,0.6298025250434875,0.8143747448921204,-1.678790368941918e-07,0.6275392770767212,0.7484015822410583,-0.0019734299276024103,0.6292667388916016,0.685421884059906,-0.007642014417797327,0.6229339241981506,0.6397126913070679,-0.014276036061346531,0.6129904389381409,0.6112147569656372,-0.02080853283405304,0.6672025322914124,0.6588735580444336,-0.00856903474777937,0.6545263528823853,0.5917201638221741,-0.018492739647626877,0.6495381593704224,0.5555349588394165,-0.024803990498185158,0.6484653949737549,0.5278728604316711,-0.02923589013516903,0.6703598499298096,0.6834160089492798,-0.01350571122020483,0.6214741468429565,0.6347464323043823,-0.019544381648302078,0.6131460666656494,0.6602951288223267,-0.01781460829079151,0.6199948191642761,0.6782768368721008,-0.016592109575867653,0.6602769494056702,0.715187668800354,-0.019124681130051613,0.6095932126045227,0.67319256067276,-0.02515346184372902,0.608235239982605,0.69822758436203,-0.020568931475281715,0.6195534467697144,0.7118143439292908,-0.017633061856031418,0.6455349922180176,0.7448603510856628,-0.025131484493613243,0.6072643399238586,0.7087394595146179,-0.03081175498664379,0.6072999238967896,0.7242024540901184,-0.02740815095603466,0.6186405420303345,0.7367149591445923,-0.023679083213210106
35,0.5711145401000977,0.7853381633758545,1.645325369281636e-07,0.5865045785903931,0.727698564529419,-0.004280715715140104,0.5878589153289795,0.6731002330780029,-0.014296923764050007,0.5873318910598755,0.634486734867096,-0.024992549791932106,0.5911712050437927,0.6117092370986938,-0.035332102328538895,0.5494323968887329,0.6383360028266907,-0.02485809288918972,0.5554644465446472,0.579477071762085,-0.04647801071405411,0.5583619475364685,0.5366971492767334,-0.05947639048099518,0.5596755146980286,0.5023936033248901,-0.066598080098629,0.5426621437072754,0.6621952056884766,-0.03173746541142464,0.5923808813095093,0.6285390853881836,-0.04963403940200806,0.5983860492706299,0.6615002751350403,-0.047209810465574265,0.5879519581794739,0.6758270859718323,-0.04267582297325134,0.5459620952606201,0.6959060430526733,-0.03932708874344826,0.5919796824455261,0.6616771817207336,-0.05565332993865013,0.5953305959701538,0.6891675591468811,-0.045156367123126984,0.5824532508850098,0.6997157335281372,-0.034978464245796204,0.5534783601760864,0.7303186655044556,-0.04741651937365532,0.5897557139396667,0.7010008692741394,-0.05355551093816757,0.5926445722579956,0.7194331884384155,-0.041879355907440186,0.5800422430038452,0.7324068546295166,-0.03229047358036041,0.630854606628418,0.8163367509841919,-1.7064841983938095e-07,0.6277074813842773,0.7509045600891113,-0.0017837121849879622,0.6288348436355591,0.6908964514732361,-0.0075700292363762856,0.623813271522522,0.6447274088859558,-0.014314777217805386,0.6175981163978577,0.6149153709411621,-0.02114294283092022,0.6666183471679688,0.6618505120277405,-0.00847222562879324,0.6552073955535889,0.5973787903785706,-0.01828068122267723,0.6502000689506531,0.5609123110771179,-0.0243107620626688,0.6488480567932129,0.5334995985031128,-0.028589904308319092,0.6700646281242371,0.6855494976043701,-0.013328765518963337,0.6223859786987305,0.6362882852554321,-0.01958741992712021,0.6129825115203857,0.662068784236908,-0.018046706914901733,0.6192860007286072,0.6804518699645996,-0.016975130885839462,0.6602969765663147,0.7162473797798157,-0.018813297152519226,0.6103342771530151,0.6744611859321594,-0.02506989985704422,0.6079349517822266,0.7000563144683838,-0.020664818584918976,0.6190279722213745,0.713300347328186,-0.0179754588752985,0.645715057849884,0.7441335320472717,-0.024628177285194397,0.6073086261749268,0.7090686559677124,-0.030370332300662994,0.6063857078552246,0.7251439094543457,-0.027202187106013298,0.6173627972602844,0.7369147539138794,-0.023803189396858215
36,0.5640702247619629,0.7914919853210449,1.5268676634150324e-07,0.5833351016044617,0.730583906173706,-0.0012184057850390673,0.5868272185325623,0.6733742356300354,-0.010455377399921417,0.5871070027351379,0.6324992179870605,-0.020883610472083092,0.5922002792358398,0.6131279468536377,-0.031109584495425224,0.5486946702003479,0.6389593482017517,-0.02277783490717411,0.554058849811554,0.5797089338302612,-0.043829116970300674,0.5582892298698425,0.5367342829704285,-0.057189080864191055,0.5592185854911804,0.500549852848053,-0.06514333188533783,0.5417994856834412,0.663966953754425,-0.03157927095890045,0.5937986969947815,0.6310508847236633,-0.051415350288152695,0.6005029678344727,0.6670659184455872,-0.05167825520038605,0.5892099738121033,0.6829714775085449,-0.048574868589639664,0.5452479124069214,0.6988841891288757,-0.04044732078909874,0.5935796499252319,0.6639164686203003,-0.05704715847969055,0.5972819924354553,0.6936873197555542,-0.04626048356294632,0.5833634734153748,0.7052106857299805,-0.035567235201597214,0.5524992942810059,0.732135534286499,-0.049558669328689575,0.5896474123001099,0.7026278972625732,-0.05531203746795654,0.5928897261619568,0.7229686975479126,-0.04299624264240265,0.5813232660293579,0.7357001900672913,-0.032850928604602814,0.6268872022628784,0.8172287344932556,-1.6638348654396395e-07,0.626111626625061,0.74900221824646,-0.0018890913343057036,0.6282016038894653,0.6904933452606201,-0.007433067075908184,0.6219655275344849,0.6455923318862915,-0.014021839015185833,0.6143838167190552,0.6146116256713867,-0.020637517794966698,0.666919469833374,0.6636762022972107,-0.00809889379888773,0.6568708419799805,0.5994075536727905,-0.017411191016435623,0.6533381342887878,0.5643024444580078,-0.023335622623562813,0.6533199548721313,0.5372689962387085,-0.02741360105574131,0.6699365973472595,0.6873088479042053,-0.012831167317926884,0.6223374605178833,0.6389933824539185,-0.01846872642636299,0.6135342717170715,0.6618329286575317,-0.017105653882026672,0.6194784045219421,0.679633617401123,-0.016197502613067627,0.6601128578186035,0.7175691723823547,-0.01818077638745308,0.6106001734733582,0.6760789752006531,-0.023625146597623825,0.6088021993637085,0.6994584798812866,-0.018706239759922028,0.619724452495575,0.7127217054367065,-0.015549887903034687,0.6454894542694092,0.7446606755256653,-0.024035554379224777,0.6085912585258484,0.7105952501296997,-0.029233062639832497,0.6084747910499573,0.7255819439888,-0.025544380769133568,0.6199055910110474,0.7378965020179749,-0.021503688767552376
37,0.5668376088142395,0.7860733270645142,1.6108941736092675e-07,0.5823562145233154,0.7277359962463379,-0.003169433679431677,0.5861188173294067,0.6726574301719666,-0.01260033342987299,0.5880207419395447,0.6336529850959778,-0.02265419438481331,0.5948067307472229,0.6132986545562744,-0.03221167251467705,0.549051821231842,0.6385340094566345,-0.02547871321439743,0.5557330250740051,0.5794206857681274,-0.04846714809536934,0.5587403178215027,0.5353344082832336,-0.06292753666639328,0.5597074627876282,0.49910658597946167,-0.07109909504652023,0.5426731109619141,0.6634029746055603,-0.032788585871458054,0.5929278135299683,0.6321741342544556,-0.051939889788627625,0.5988583564758301,0.6635631322860718,-0.05041486397385597,0.5882171392440796,0.6778802275657654,-0.04650448262691498,0.5460463762283325,0.6981744170188904,-0.04061355069279671,0.592137336730957,0.6634577512741089,-0.05710079148411751,0.5955855846405029,0.6905034184455872,-0.04570302367210388,0.5827945470809937,0.7006429433822632,-0.034735340625047684,0.5537357926368713,0.7330438494682312,-0.048861633986234665,0.5893978476524353,0.7019369006156921,-0.05384841933846474,0.5918381810188293,0.719883382320404,-0.0407642237842083,0.5795868039131165,0.7328998446464539,-0.03026927448809147,0.62864750623703,0.8142951130867004,-1.5938680064664368e-07,0.6271868348121643,0.7482144236564636,-0.002787513891234994,0.6286605000495911,0.6893065571784973,-0.008785943500697613,0.622838020324707,0.6447540521621704,-0.015553362667560577,0.6154854893684387,0.615568995475769,-0.02223014459013939,0.6674602627754211,0.6630722880363464,-0.0094847297295928,0.6564740538597107,0.5984084606170654,-0.019201429560780525,0.6527802348136902,0.5639858245849609,-0.025101881474256516,0.6527465581893921,0.5378879308700562,-0.029172588139772415,0.6703338027000427,0.6871618032455444,-0.013911801390349865,0.6225016117095947,0.6372854113578796,-0.02012128196656704,0.6137819886207581,0.6607852578163147,-0.018588274717330933,0.6200599670410156,0.6787672638893127,-0.017410896718502045,0.660339891910553,0.7176092267036438,-0.019017135724425316,0.6103964447975159,0.6753789186477661,-0.025062521919608116,0.6086302399635315,0.6992051601409912,-0.02008170261979103,0.6195886731147766,0.7126473784446716,-0.016723541542887688,0.6454887390136719,0.7453274726867676,-0.024635083973407745,0.6081956624984741,0.709587037563324,-0.030361823737621307,0.6079626679420471,0.7243010401725769,-0.02680767886340618,0.6191673278808594,0.7363540530204773,-0.022777510806918144
38,0.563027560710907,0.7883480191230774,1.372056743775829e-07,0.5806854367256165,0.730396568775177,-0.0007959128124639392,0.585378885269165,0.6730400323867798,-0.009606411680579185,0.586862325668335,0.6316999793052673,-0.019512712955474854,0.5928601622581482,0.6139533519744873,-0.029188286513090134,0.5491900444030762,0.6394268274307251,-0.023594237864017487,0.5542715191841125,0.5799347758293152,-0.04493474215269089,0.5584094524383545,0.5361438989639282,-0.05829284340143204,0.5592142939567566,0.5001137256622314,-0.06607159227132797,0.5424835681915283,0.6644838452339172,-0.03229247406125069,0.593416154384613,0.632615864276886,-0.05194781720638275,0.599445641040802,0.6671010255813599,-0.05155789852142334,0.5879753828048706,0.682891845703125,-0.04800144210457802,0.545770525932312,0.699587881565094,-0.04097427800297737,0.5930960774421692,0.6640353202819824,-0.057571668177843094,0.5960757732391357,0.6933291554450989,-0.046288441866636276,0.5824564099311829,0.7047243714332581,-0.03517313674092293,0.5535642504692078,0.7339845299720764,-0.04978055879473686,0.5899964570999146,0.7027460336685181,-0.055160440504550934,0.591977059841156,0.72307288646698,-0.04223662242293358,0.5799856781959534,0.7364298105239868,-0.031683556735515594,0.6280441284179688,0.8161776065826416,-1.6230791288762703e-07,0.6274777054786682,0.7499232888221741,-0.002081539947539568,0.6293821930885315,0.6916056871414185,-0.007997525855898857,0.6239572763442993,0.6460710167884827,-0.014816602692008018,0.6184759736061096,0.6150322556495667,-0.021640850231051445,0.6682931184768677,0.6659295558929443,-0.0092258146032691,0.6577711701393127,0.6016967296600342,-0.018711138516664505,0.6543663740158081,0.5664539933204651,-0.024543922394514084,0.6546052694320679,0.5396758317947388,-0.02861611545085907,0.6707243919372559,0.6894054412841797,-0.013820815831422806,0.6229255199432373,0.6388457417488098,-0.01956850290298462,0.6146087050437927,0.6618698835372925,-0.01810036227107048,0.6207608580589294,0.6804168820381165,-0.017205558717250824,0.6601073145866394,0.7193734049797058,-0.018972450867295265,0.6105462312698364,0.6758065819740295,-0.024724898859858513,0.6090520024299622,0.6997294425964355,-0.019954988732933998,0.6200020909309387,0.7137637138366699,-0.016919292509555817,0.6447095274925232,0.7463498711585999,-0.024538544937968254,0.6077730655670166,0.7101696729660034,-0.029986510053277016,0.6078314185142517,0.725567638874054,-0.026489296928048134,0.6191017627716064,0.7384070754051208,-0.02263737842440605
39,0.5697934627532959,0.7868586778640747,1.7347582570437226e-07,0.5874846577644348,0.7292628288269043,-0.005751415155827999,0.5899251103401184,0.6734119057655334,-0.015580536797642708,0.5886788964271545,0.6342618465423584,-0.02548428252339363,0.592263400554657,0.612469494342804,-0.03481077030301094,0.5496416687965393,0.6362877488136292,-0.02659611776471138,0.5566457509994507,0.5775220394134521,-0.049507953226566315,0.5591514110565186,0.5333092212677002,-0.06376424431800842,0.5598729848861694,0.4962315559387207,-0.0716761127114296,0.542686402797699,0.6606695652008057,-0.0325080044567585,0.5935062170028687,0.6290183067321777,-0.051193635910749435,0.5992085337638855,0.6613492369651794,-0.04917721450328827,0.5882092118263245,0.6758031249046326,-0.04486542195081711,0.5455968976020813,0.694817304611206,-0.03929809108376503,0.5923236012458801,0.6619337797164917,-0.05637088790535927,0.5957510471343994,0.6890506744384766,-0.04605722799897194,0.5827620029449463,0.6988649964332581,-0.0356140062212944,0.5529693961143494,0.7303604483604431,-0.04665812849998474,0.5893136262893677,0.699564516544342,-0.0522201806306839,0.5925700068473816,0.7172916531562805,-0.039911895990371704,0.5803690552711487,0.7307734489440918,-0.02986178733408451,0.6293393969535828,0.8131092190742493,-1.8753317476694065e-07,0.625477135181427,0.7454431653022766,-0.0029694128315895796,0.6269350051879883,0.6840609908103943,-0.009035616181790829,0.6224202513694763,0.6383752822875977,-0.015896465629339218,0.6157240867614746,0.6105924844741821,-0.022557709366083145,0.6670516133308411,0.6592864990234375,-0.009296739473938942,0.6562696695327759,0.5924708843231201,-0.019662003964185715,0.651256263256073,0.5551930069923401,-0.02650424838066101,0.6492522358894348,0.5269443988800049,-0.03133964538574219,0.6702938675880432,0.6825993061065674,-0.01391051709651947,0.6221259832382202,0.632986307144165,-0.020471179857850075,0.6133309602737427,0.6580711007118225,-0.019632039591670036,0.6197471618652344,0.6769238114356995,-0.01928742416203022,0.6605498790740967,0.7132666707038879,-0.01926666684448719,0.610020101070404,0.6719839572906494,-0.025343120098114014,0.6083024144172668,0.6970587372779846,-0.02125822938978672,0.6195719242095947,0.7110450863838196,-0.019050810486078262,0.6460301280021667,0.7419751286506653,-0.025174453854560852,0.6075132489204407,0.7071213722229004,-0.030948590487241745,0.607403576374054,0.7232076525688171,-0.02787144109606743,0.6189970970153809,0.7359254956245422,-0.024640552699565887
40,0.5697934627532959,0.7868586778640747,1.7347582570437226e-07,0.5874846577644348,0.7292628288269043,-0.005751415155827999,0.5899251103401184,0.6734119057655334,-0.015580536797642708,0.5886788964271545,0.6342618465423584,-0.02548428252339363,0.592263400554657,0.612469494342804,-0.03481077030301094,0.5496416687965393,0.6362877488136292,-0.02659611776471138,0.5566457509994507,0.5775220394134521,-0.049507953226566315,0.5591514110565186,0.5333092212677002,-0.06376424431800842,0.5598729848861694,0.4962315559387207,-0.0716761127114296,0.542686402797699,0.6606695652008057,-0.0325080044567585,0.5935062170028687,0.6290183067321777,-0.051193635910749435,0.5992085337638855,0.6613492369651794,-0.04917721450328827,0.5882092118263245,0.6758031249046326,-0.04486542195081711,0.5455968976020813,0.694817304611206,-0.03929809108376503,0.5923236012458801,0.6619337797164917,-0.05637088790535927,0.5957510471343994,0.6890506744384766,-0.04605722799897194,0.5827620029449463,0.6988649964332581,-0.0356140062212944,0.5529693961143494,0.7303604483604431,-0.04665812849998474,0.5893136262893677,0.699564516544342,-0.0522201806306839,0.5925700068473816,0.7172916531562805,-0.039911895990371704,0.5803690552711487,0.7307734489440918,-0.02986178733408451,0.6293393969535828,0.8131092190742493,-1.8753317476694065e-07,0.625477135181427,0.7454431653022766,-0.0029694128315895796,0.6269350051879883,0.6840609908103943,-0.009035616181790829,0.6224202513694763,0.6383752822875977,-0.015896465629339218,0.6157240867614746,0.6105924844741821,-0.022557709366083145,0.6670516133308411,0.6592864990234375,-0.009296739473938942,0.6562696695327759,0.5924708843231201,-0.019662003964185715,0.651256263256073,0.5551930069923401,-0.02650424838066101,0.6492522358894348,0.5269443988800049,-0.03133964538574219,0.6702938675880432,0.6825993061065674,-0.01391051709651947,0.6221259832382202,0.632986307144165,-0.020471179857850075,0.6133309602737427,0.6580711007118225,-0.019632039591670036,0.6197471618652344,0.6769238114356995,-0.01928742416203022,0.6605498790740967,0.7132666707038879,-0.01926666684448719,0.610020101070404,0.6719839572906494,-0.025343120098114014,0.6083024144172668,0.6970587372779846,-0.02125822938978672,0.6195719242095947,0.7110450863838196,-0.019050810486078262,0.6460301280021667,0.7419751286506653,-0.025174453854560852,0.6075132489204407,0.7071213722229004,-0.030948590487241745,0.607403576374054,0.7232076525688171,-0.02787144109606743,0.6189970970153809,0.7359254956245422,-0.024640552699565887
