frame,feature_0,feature_1,feature_2,feature_3,feature_4,feature_5,feature_6,feature_7,feature_8,feature_9,feature_10,feature_11,feature_12,feature_13,feature_14,feature_15,feature_16,feature_17,feature_18,feature_19,feature_20,feature_21,feature_22,feature_23,feature_24,feature_25,feature_26,feature_27,feature_28,feature_29,feature_30,feature_31,feature_32,feature_33,feature_34,feature_35,feature_36,feature_37,feature_38,feature_39,feature_40,feature_41,feature_42,feature_43,feature_44,feature_45,feature_46,feature_47,feature_48,feature_49,feature_50,feature_51,feature_52,feature_53,feature_54,feature_55,feature_56,feature_57,feature_58,feature_59,feature_60,feature_61,feature_62,feature_63,feature_64,feature_65,feature_66,feature_67,feature_68,feature_69,feature_70,feature_71,feature_72,feature_73,feature_74,feature_75,feature_76,feature_77,feature_78,feature_79,feature_80,feature_81,feature_82,feature_83,feature_84,feature_85,feature_86,feature_87,feature_88,feature_89,feature_90,feature_91,feature_92,feature_93,feature_94,feature_95,feature_96,feature_97,feature_98,feature_99,feature_100,feature_101,feature_102,feature_103,feature_104,feature_105,feature_106,feature_107,feature_108,feature_109,feature_110,feature_111,feature_112,feature_113,feature_114,feature_115,feature_116,feature_117,feature_118,feature_119,feature_120,feature_121,feature_122,feature_123,feature_124,feature_125
1,0.4005042612552643,0.7773512601852417,6.402415664297223e-08,0.41307368874549866,0.7183248400688171,-0.005671105347573757,0.40622028708457947,0.6541861891746521,-0.007707726676017046,0.392819344997406,0.6111760139465332,-0.01149434968829155,0.3746906816959381,0.6088168025016785,-0.01582312397658825,0.36804720759391785,0.6333457827568054,-0.0022147558629512787,0.34354469180107117,0.5875869989395142,-0.010294439271092415,0.33138540387153625,0.5554225444793701,-0.016214312985539436,0.3218206763267517,0.5266003608703613,-0.02131943218410015,0.35734277963638306,0.6548393964767456,-0.006437922362238169,0.3487186133861542,0.6138094067573547,-0.023903366178274155,0.3715708553791046,0.6423713564872742,-0.030586250126361847,0.38514748215675354,0.6706307530403137,-0.030868805944919586,0.3490622043609619,0.6830427050590515,-0.011394355446100235,0.34227070212364197,0.6438949704170227,-0.029895102605223656,0.3668041527271271,0.6712883114814758,-0.029832616448402405,0.37987062335014343,0.6991848349571228,-0.024468079209327698,0.3412933647632599,0.7178872227668762,-0.016739021986722946,0.33781254291534424,0.6787086725234985,-0.030322015285491943,0.35754624009132385,0.690544068813324,-0.029656440019607544,0.36970055103302,0.7115688323974609,-0.025874638929963112,0.8901289701461792,0.7802121639251709,-2.8095095672142634e-07,0.8817394375801086,0.7158427834510803,-0.007590955123305321,0.8909810185432434,0.6501884460449219,-0.011811180040240288,0.9129546284675598,0.6124062538146973,-0.018072156235575676,0.9359274506568909,0.6017909646034241,-0.024062400683760643,0.9293645620346069,0.643058717250824,0.002628875430673361,0.9504673480987549,0.5869371294975281,-0.00865399744361639,0.9620171785354614,0.5517662763595581,-0.01631736382842064,0.9706705808639526,0.5254409313201904,-0.021614721044898033,0.9412882328033447,0.6704051494598389,-0.000392964924685657,0.944303035736084,0.6288489103317261,-0.021803274750709534,0.9223625659942627,0.6582862734794617,-0.028450358659029007,0.9058293700218201,0.6877923011779785,-0.027260802686214447,0.952621340751648,0.7024110555648804,-0.005457957740873098,0.9526774287223816,0.6624269485473633,-0.025678852573037148,0.929639458656311,0.6919221878051758,-0.022944005206227303,0.9144975543022156,0.7205191254615784,-0.015081485733389854,0.9624605178833008,0.7409214377403259,-0.011425943113863468,0.9631081223487854,0.6974582076072693,-0.025060931220650673,0.94363933801651,0.7120569348335266,-0.022223196923732758,0.9308815598487854,0.7341257333755493,-0.016192631796002388
2,0.40103527903556824,0.7819430232048035,6.081501879862117e-08,0.4138490855693817,0.7203109264373779,-0.005728861782699823,0.4074678421020508,0.655292809009552,-0.00791957601904869,0.3945041596889496,0.6124496459960938,-0.011896203272044659,0.3755819499492645,0.6102418899536133,-0.016264379024505615,0.3699977993965149,0.6337930560112,-0.0019287330796942115,0.3452272117137909,0.5864372849464417,-0.010226641781628132,0.33335232734680176,0.5539101362228394,-0.016279861330986023,0.32368141412734985,0.5243611931800842,-0.02148504927754402,0.3592144250869751,0.6551246047019958,-0.00629000086337328,0.350472092628479,0.6137706637382507,-0.02381770871579647,0.37284383177757263,0.642173707485199,-0.030503563582897186,0.3857339024543762,0.6702049970626831,-0.03091811202466488,0.3505799174308777,0.683317244052887,-0.011509141884744167,0.3438126742839813,0.6446241736412048,-0.029883267357945442,0.3682469427585602,0.6717232465744019,-0.029922017827630043,0.38109293580055237,0.6987787485122681,-0.024756167083978653,0.34248271584510803,0.717480480670929,-0.017172370105981827,0.3388139009475708,0.6784330010414124,-0.03015429526567459,0.35792452096939087,0.6906824111938477,-0.02940347045660019,0.3694586753845215,0.7112390995025635,-0.02580459974706173,0.8810898065567017,0.7762295007705688,-3.1451108384317195e-07,0.874073326587677,0.7128732800483704,-0.006208887789398432,0.8842955231666565,0.6482058167457581,-0.010214048437774181,0.9060559868812561,0.610682487487793,-0.01650812104344368,0.9285687208175659,0.5992786288261414,-0.022546233609318733,0.9241131544113159,0.6415996551513672,0.0026086466386914253,0.9453160166740417,0.5854572057723999,-0.00882421899586916,0.9564399719238281,0.5493261814117432,-0.016505615785717964,0.964690625667572,0.521815299987793,-0.02176404930651188,0.9357267618179321,0.6696010828018188,-0.0011237410362809896,0.9373627305030823,0.6257519721984863,-0.022948991507291794,0.9142300486564636,0.6539391875267029,-0.029894672334194183,0.8971475958824158,0.6833351850509644,-0.028843706473708153,0.9470095038414001,0.7018001675605774,-0.0066780876368284225,0.9449337124824524,0.6601310968399048,-0.02689519338309765,0.9209157228469849,0.6893746256828308,-0.024509713053703308,0.9053980112075806,0.7185413241386414,-0.016891660168766975,0.9567011594772339,0.7398223876953125,-0.013005135580897331,0.9551146626472473,0.6945177912712097,-0.026157191023230553,0.9353759288787842,0.7083485126495361,-0.0234319269657135,0.9228297472000122,0.7302820682525635,-0.01752411387860775
3,0.3976394534111023,0.7892588376998901,3.500040079984501e-08,0.41440874338150024,0.7208878993988037,-0.0037733083590865135,0.4091883897781372,0.6530874371528625,-0.005854153074324131,0.39382028579711914,0.6107432842254639,-0.010334987193346024,0.37655457854270935,0.6073314547538757,-0.015238975174725056,0.374956876039505,0.6292529106140137,-0.00033707579132169485,0.3481835722923279,0.5795820355415344,-0.00807901006191969,0.33580097556114197,0.546959400177002,-0.014222786761820316,0.32676148414611816,0.5169228315353394,-0.019686268642544746,0.3635794520378113,0.6513877511024475,-0.005920974537730217,0.3532305359840393,0.610618531703949,-0.02230653539299965,0.37293270230293274,0.6384242177009583,-0.029906857758760452,0.38608837127685547,0.6675941944122314,-0.031850118190050125,0.3539150357246399,0.6789934635162354,-0.012191683053970337,0.3463960289955139,0.6391420364379883,-0.029164882376790047,0.36822018027305603,0.6652560830116272,-0.031224500387907028,0.38143107295036316,0.694017231464386,-0.028283612802624702,0.344745010137558,0.7105404734611511,-0.01881837286055088,0.3402782380580902,0.6731742024421692,-0.03058626502752304,0.35756048560142517,0.6836953163146973,-0.03137826919555664,0.3694795072078705,0.7031404972076416,-0.029615871608257294,0.8754803538322449,0.7728049755096436,-3.2089440082927467e-07,0.8691495656967163,0.7056036591529846,-0.005480353254824877,0.8799880743026733,0.6408177614212036,-0.009315647184848785,0.9023326635360718,0.605222225189209,-0.015632478520274162,0.9247341156005859,0.5932198166847229,-0.02183225005865097,0.9190853834152222,0.6354867815971375,0.0020400281064212322,0.9402998685836792,0.5794196724891663,-0.009151275269687176,0.9518175721168518,0.5436285734176636,-0.016395727172493935,0.9607012271881104,0.5163841247558594,-0.02136106789112091,0.9303328394889832,0.6635066270828247,-0.0021420258563011885,0.9324459433555603,0.619737446308136,-0.023743433877825737,0.9087716341018677,0.6484428644180298,-0.030431456863880157,0.8911258578300476,0.6778951287269592,-0.02927686832845211,0.9413231611251831,0.6965835094451904,-0.007963755168020725,0.9383595585823059,0.6547003388404846,-0.02772773616015911,0.9144592881202698,0.6843174695968628,-0.025265509262681007,0.8988691568374634,0.7135465145111084,-0.017817312851548195,0.9504263401031494,0.7351215481758118,-0.014512615278363228,0.9481521844863892,0.6896459460258484,-0.027157852426171303,0.9289785027503967,0.7037582993507385,-0.024293219670653343,0.9164682030677795,0.7254706025123596,-0.01848416216671467
4,0.8328608274459839,0.7477112412452698,-3.146791414110339e-07,0.8294057846069336,0.6866200566291809,-0.0071786935441195965,0.8459678888320923,0.6177585124969482,-0.011849279515445232,0.8715566992759705,0.581570565700531,-0.018667742609977722,0.8958832025527954,0.5753650665283203,-0.025084886699914932,0.887139081954956,0.6118137836456299,0.0017986289458349347,0.9121614098548889,0.5605527758598328,-0.011083206161856651,0.9241445660591125,0.526824951171875,-0.019564567133784294,0.9315664172172546,0.5004827380180359,-0.025075474753975868,0.8978927135467529,0.6445525884628296,-0.002028839197009802,0.8972840905189514,0.6005074977874756,-0.024522438645362854,0.8717726469039917,0.6252298355102539,-0.031200477853417397,0.853934645652771,0.6505356431007385,-0.029965542256832123,0.9063735604286194,0.679381787776947,-0.008051943965256214,0.900404691696167,0.6360214948654175,-0.02854013442993164,0.8749032020568848,0.6588343381881714,-0.024766096845269203,0.8586792945861816,0.6815136671066284,-0.016540592536330223,0.9116088151931763,0.7187497019767761,-0.01512419618666172,0.9069978594779968,0.6746557354927063,-0.028202980756759644,0.8845361471176147,0.683955192565918,-0.024806033819913864,0.8703294396400452,0.7007564902305603,-0.018619222566485405,0.41160234808921814,0.7857385873794556,-1.7848273614617938e-07,0.39995524287223816,0.7475594282150269,-0.01893502287566662,0.3815031051635742,0.6942692399024963,-0.02802642621099949,0.36972373723983765,0.6489617228507996,-0.03568999841809273,0.3741522431373596,0.6448773741722107,-0.04037889465689659,0.4050219655036926,0.623761773109436,-0.011105048470199108,0.38231897354125977,0.5607337951660156,-0.021529968827962875,0.3644433319568634,0.5528002977371216,-0.027566352859139442,0.35743623971939087,0.5414267778396606,-0.03154923394322395,0.4057038426399231,0.6252391934394836,-0.007988735102117062,0.38089460134506226,0.598188579082489,-0.02319207973778248,0.3846273124217987,0.6409379839897156,-0.027012169361114502,0.39619728922843933,0.6625215411186218,-0.02683231793344021,0.4055212736129761,0.6340518593788147,-0.0077318428084254265,0.38368669152259827,0.6091128587722778,-0.024297939613461494,0.39185845851898193,0.6466501355171204,-0.024614470079541206,0.4054095149040222,0.6668387651443481,-0.02119772881269455,0.40577906370162964,0.6471217274665833,-0.009144910611212254,0.3921664357185364,0.6116461753845215,-0.019140109419822693,0.3910219073295593,0.6252315640449524,-0.017555125057697296,0.3948291540145874,0.6368680596351624,-0.014104034751653671
5,0.8328608274459839,0.7477112412452698,-3.146791414110339e-07,0.8294057846069336,0.6866200566291809,-0.0071786935441195965,0.8459678888320923,0.6177585124969482,-0.011849279515445232,0.8715566992759705,0.581570565700531,-0.018667742609977722,0.8958832025527954,0.5753650665283203,-0.025084886699914932,0.887139081954956,0.6118137836456299,0.0017986289458349347,0.9121614098548889,0.5605527758598328,-0.011083206161856651,0.9241445660591125,0.526824951171875,-0.019564567133784294,0.9315664172172546,0.5004827380180359,-0.025075474753975868,0.8978927135467529,0.6445525884628296,-0.002028839197009802,0.8972840905189514,0.6005074977874756,-0.024522438645362854,0.8717726469039917,0.6252298355102539,-0.031200477853417397,0.853934645652771,0.6505356431007385,-0.029965542256832123,0.9063735604286194,0.679381787776947,-0.008051943965256214,0.900404691696167,0.6360214948654175,-0.02854013442993164,0.8749032020568848,0.6588343381881714,-0.024766096845269203,0.8586792945861816,0.6815136671066284,-0.016540592536330223,0.9116088151931763,0.7187497019767761,-0.01512419618666172,0.9069978594779968,0.6746557354927063,-0.028202980756759644,0.8845361471176147,0.683955192565918,-0.024806033819913864,0.8703294396400452,0.7007564902305603,-0.018619222566485405,0.41160234808921814,0.7857385873794556,-1.7848273614617938e-07,0.39995524287223816,0.7475594282150269,-0.01893502287566662,0.3815031051635742,0.6942692399024963,-0.02802642621099949,0.36972373723983765,0.6489617228507996,-0.03568999841809273,0.3741522431373596,0.6448773741722107,-0.04037889465689659,0.4050219655036926,0.623761773109436,-0.011105048470199108,0.38231897354125977,0.5607337951660156,-0.021529968827962875,0.3644433319568634,0.5528002977371216,-0.027566352859139442,0.35743623971939087,0.5414267778396606,-0.03154923394322395,0.4057038426399231,0.6252391934394836,-0.007988735102117062,0.38089460134506226,0.598188579082489,-0.02319207973778248,0.3846273124217987,0.6409379839897156,-0.027012169361114502,0.39619728922843933,0.6625215411186218,-0.02683231793344021,0.4055212736129761,0.6340518593788147,-0.0077318428084254265,0.38368669152259827,0.6091128587722778,-0.024297939613461494,0.39185845851898193,0.6466501355171204,-0.024614470079541206,0.4054095149040222,0.6668387651443481,-0.02119772881269455,0.40577906370162964,0.6471217274665833,-0.009144910611212254,0.3921664357185364,0.6116461753845215,-0.019140109419822693,0.3910219073295593,0.6252315640449524,-0.017555125057697296,0.3948291540145874,0.6368680596351624,-0.014104034751653671
6,0.7500953674316406,0.733870267868042,-3.3473344274170813e-07,0.7477599382400513,0.6697396636009216,-0.011409134604036808,0.7623387575149536,0.6021177768707275,-0.01884264126420021,0.7848514318466187,0.5624194741249084,-0.02718695066869259,0.8069390058517456,0.5556501150131226,-0.03424999117851257,0.8134827613830566,0.5848018527030945,-0.006296347361057997,0.836493730545044,0.5334308743476868,-0.02318098582327366,0.8443586826324463,0.49443677067756653,-0.03406401723623276,0.8490942120552063,0.4636000394821167,-0.04043198749423027,0.8263245224952698,0.6162969470024109,-0.008353615179657936,0.8081439137458801,0.5677808523178101,-0.030029555782675743,0.7794303894042969,0.5868009328842163,-0.03481079265475273,0.7660791873931885,0.6117234230041504,-0.03296392038464546,0.8315526843070984,0.6502556800842285,-0.012990595772862434,0.8045662045478821,0.6102712750434875,-0.032408587634563446,0.7785599231719971,0.6294905543327332,-0.026837170124053955,0.7669038772583008,0.6498677134513855,-0.018104489892721176,0.8309616446495056,0.6867126226425171,-0.01945027895271778,0.8076605200767517,0.6491254568099976,-0.030867423862218857,0.7850485444068909,0.6576034426689148,-0.026395048946142197,0.7746410369873047,0.6724735498428345,-0.019435804337263107,0.45471706986427307,0.7596027851104736,-2.2414110389945563e-07,0.42918896675109863,0.7206889986991882,-0.011942860670387745,0.4110279977321625,0.672464907169342,-0.01803574711084366,0.4168523848056793,0.6384921073913574,-0.025477048009634018,0.4341924488544464,0.635320246219635,-0.03138410672545433,0.41890186071395874,0.5966255068778992,-0.0005756918108090758,0.40322569012641907,0.5376756191253662,-0.013150442391633987,0.3938025236129761,0.506424605846405,-0.02130649797618389,0.38876229524612427,0.47540754079818726,-0.02666013315320015,0.43667614459991455,0.5956316590309143,-0.0022802765015512705,0.4280042052268982,0.5734696388244629,-0.021825402975082397,0.42850449681282043,0.6187911033630371,-0.027853166684508324,0.4332873225212097,0.6427292823791504,-0.02745731733739376,0.4522283375263214,0.6013699769973755,-0.006843531504273415,0.4432728886604309,0.5864560008049011,-0.026425354182720184,0.4418383836746216,0.6265140771865845,-0.025695975869894028,0.44563132524490356,0.6461233496665955,-0.01998480036854744,0.4657268822193146,0.6117389798164368,-0.012682834640145302,0.45795246958732605,0.592093825340271,-0.021473897621035576,0.45205360651016235,0.6122016906738281,-0.017800699919462204,0.45150187611579895,0.6246147155761719,-0.012745474465191364
7,0.7500953674316406,0.733870267868042,-3.3473344274170813e-07,0.7477599382400513,0.6697396636009216,-0.011409134604036808,0.7623387575149536,0.6021177768707275,-0.01884264126420021,0.7848514318466187,0.5624194741249084,-0.02718695066869259,0.8069390058517456,0.5556501150131226,-0.03424999117851257,0.8134827613830566,0.5848018527030945,-0.006296347361057997,0.836493730545044,0.5334308743476868,-0.02318098582327366,0.8443586826324463,0.49443677067756653,-0.03406401723623276,0.8490942120552063,0.4636000394821167,-0.04043198749423027,0.8263245224952698,0.6162969470024109,-0.008353615179657936,0.8081439137458801,0.5677808523178101,-0.030029555782675743,0.7794303894042969,0.5868009328842163,-0.03481079265475273,0.7660791873931885,0.6117234230041504,-0.03296392038464546,0.8315526843070984,0.6502556800842285,-0.012990595772862434,0.8045662045478821,0.6102712750434875,-0.032408587634563446,0.7785599231719971,0.6294905543327332,-0.026837170124053955,0.7669038772583008,0.6498677134513855,-0.018104489892721176,0.8309616446495056,0.6867126226425171,-0.01945027895271778,0.8076605200767517,0.6491254568099976,-0.030867423862218857,0.7850485444068909,0.6576034426689148,-0.026395048946142197,0.7746410369873047,0.6724735498428345,-0.019435804337263107,0.45471706986427307,0.7596027851104736,-2.2414110389945563e-07,0.42918896675109863,0.7206889986991882,-0.011942860670387745,0.4110279977321625,0.672464907169342,-0.01803574711084366,0.4168523848056793,0.6384921073913574,-0.025477048009634018,0.4341924488544464,0.635320246219635,-0.03138410672545433,0.41890186071395874,0.5966255068778992,-0.0005756918108090758,0.40322569012641907,0.5376756191253662,-0.013150442391633987,0.3938025236129761,0.506424605846405,-0.02130649797618389,0.38876229524612427,0.47540754079818726,-0.02666013315320015,0.43667614459991455,0.5956316590309143,-0.0022802765015512705,0.4280042052268982,0.5734696388244629,-0.021825402975082397,0.42850449681282043,0.6187911033630371,-0.027853166684508324,0.4332873225212097,0.6427292823791504,-0.02745731733739376,0.4522283375263214,0.6013699769973755,-0.006843531504273415,0.4432728886604309,0.5864560008049011,-0.026425354182720184,0.4418383836746216,0.6265140771865845,-0.025695975869894028,0.44563132524490356,0.6461233496665955,-0.01998480036854744,0.4657268822193146,0.6117389798164368,-0.012682834640145302,0.45795246958732605,0.592093825340271,-0.021473897621035576,0.45205360651016235,0.6122016906738281,-0.017800699919462204,0.45150187611579895,0.6246147155761719,-0.012745474465191364
8,0.4863359332084656,0.7534376382827759,5.995309493300738e-08,0.5083308219909668,0.6927996277809143,-0.004365678410977125,0.5075939893722534,0.6390500068664551,-0.00961233675479889,0.4971616864204407,0.6073964238166809,-0.016364194452762604,0.48707303404808044,0.6112839579582214,-0.02306397072970867,0.4702419638633728,0.5799775123596191,-0.0093536376953125,0.4504872262477875,0.526017963886261,-0.019375238567590714,0.44530370831489563,0.48898017406463623,-0.027329690754413605,0.4432406425476074,0.4573497772216797,-0.0336538702249527,0.4623844623565674,0.5980031490325928,-0.01548443827778101,0.4783123731613159,0.5633813142776489,-0.028640564531087875,0.492999792098999,0.5924094319343567,-0.03326094523072243,0.4980602264404297,0.6192205548286438,-0.03485094755887985,0.45913103222846985,0.6258381009101868,-0.022183623164892197,0.4771363139152527,0.5923429727554321,-0.03493611514568329,0.4887602627277374,0.6187853217124939,-0.03368563950061798,0.49159500002861023,0.6415539383888245,-0.030367286875844002,0.45895084738731384,0.6594480276107788,-0.029438652098178864,0.4737243950366974,0.6292462944984436,-0.03553059697151184,0.4840279221534729,0.6445510983467102,-0.03125256672501564,0.4859766662120819,0.6640535593032837,-0.027160827070474625,0.6904565691947937,0.7234108448028564,-2.7955175596616755e-07,0.683961808681488,0.6618061661720276,-0.009449297562241554,0.6934565305709839,0.5992794036865234,-0.01828535832464695,0.7053654193878174,0.5595201849937439,-0.02757059596478939,0.7188733816146851,0.5445202589035034,-0.03613049536943436,0.7481765747070312,0.5765567421913147,-0.012207293882966042,0.762141764163971,0.5211812257766724,-0.031041817739605904,0.7673875689506531,0.47800758481025696,-0.044844210147857666,0.7705713510513306,0.4436800181865692,-0.05379832535982132,0.7602736949920654,0.6048793792724609,-0.015406196936964989,0.7249764800071716,0.5665202140808105,-0.030898451805114746,0.6986498832702637,0.5876392126083374,-0.03255360573530197,0.6965314149856567,0.6091752648353577,-0.03168618679046631,0.7578036785125732,0.6400765180587769,-0.020681917667388916,0.7174893021583557,0.6056700944900513,-0.03262319788336754,0.6964051723480225,0.6224457025527954,-0.023690752685070038,0.6975486874580383,0.6396779417991638,-0.016637396067380905,0.747950553894043,0.6749023795127869,-0.027893148362636566,0.7128397226333618,0.6451742053031921,-0.03534773364663124,0.6968774795532227,0.6562094688415527,-0.028208434581756592,0.6985340714454651,0.6731739640235901,-0.021094078198075294
9,0.5105698704719543,0.7532180547714233,1.0418208518103711e-07,0.5240199565887451,0.6810188293457031,-0.0024975896812975407,0.5183184742927551,0.6208942532539368,-0.008536920882761478,0.5078095197677612,0.5798881649971008,-0.016227466985583305,0.5017367601394653,0.5566697716712952,-0.023515885695815086,0.47475096583366394,0.5880142450332642,-0.012695088051259518,0.4642254710197449,0.5324944257736206,-0.024451881647109985,0.46040982007980347,0.4913441836833954,-0.032654933631420135,0.4578063488006592,0.4577471613883972,-0.038636885583400726,0.4654642939567566,0.6087319850921631,-0.018976472318172455,0.4951739013195038,0.566190242767334,-0.03248782455921173,0.5159215927124023,0.5846990942955017,-0.03548027575016022,0.5220076441764832,0.6056420803070068,-0.036224085837602615,0.4647572934627533,0.6376309990882874,-0.025373289361596107,0.4966745972633362,0.5967792868614197,-0.03756563365459442,0.5143749117851257,0.6147086024284363,-0.03289395943284035,0.516986608505249,0.637625515460968,-0.02781883254647255,0.46909868717193604,0.6695317029953003,-0.03238498419523239,0.4947524964809418,0.631548285484314,-0.03956129029393196,0.5103249549865723,0.6415207386016846,-0.034435659646987915,0.5132616758346558,0.6608847379684448,-0.0292655136436224,0.676506757736206,0.7287964820861816,-2.854314971045824e-07,0.6692822575569153,0.667400062084198,-0.006552535574883223,0.6757528781890869,0.6089443564414978,-0.014100334607064724,0.6843513250350952,0.5701327323913574,-0.022113339975476265,0.694661021232605,0.5479848980903625,-0.02971896529197693,0.7269862294197083,0.5836522579193115,-0.012071097269654274,0.7330982089042664,0.5248136520385742,-0.029908493161201477,0.7343822121620178,0.48218509554862976,-0.0442536398768425,0.7352023124694824,0.44626113772392273,-0.05473380535840988,0.7392341494560242,0.6109068393707275,-0.01645154505968094,0.6959564685821533,0.5734550356864929,-0.03149019554257393,0.6742064952850342,0.6017844676971436,-0.03371572121977806,0.6750087738037109,0.6232186555862427,-0.034114494919776917,0.7362551689147949,0.6462663412094116,-0.022457867860794067,0.6888313293457031,0.6127647757530212,-0.033679548650979996,0.6738288998603821,0.6356258392333984,-0.025510504841804504,0.6785607933998108,0.6514295935630798,-0.019664421677589417,0.7253086566925049,0.6808702945709229,-0.030077209696173668,0.686130166053772,0.6524829268455505,-0.03956194967031479,0.6749130487442017,0.6686526536941528,-0.034466732293367386,0.6806658506393433,0.6836515665054321,-0.028891710564494133
10,0.5258722901344299,0.7661080956459045,8.787898053697063e-08,0.5454957485198975,0.6865999102592468,-0.00017881439998745918,0.54290372133255,0.624433696269989,-0.005564681254327297,0.5360246896743774,0.5826829075813293,-0.013316093944013119,0.5346981287002563,0.5616843104362488,-0.020607853308320045,0.49684759974479675,0.5918415188789368,-0.008572026155889034,0.49276190996170044,0.531636118888855,-0.02013540267944336,0.4932670295238495,0.4917922019958496,-0.027812005952000618,0.49429425597190857,0.4596967101097107,-0.033318765461444855,0.49083998799324036,0.6121326684951782,-0.016492173075675964,0.5291600823402405,0.5668503046035767,-0.031521208584308624,0.5435682535171509,0.5923629403114319,-0.03438481315970421,0.5440104603767395,0.6137921214103699,-0.03405117243528366,0.49280133843421936,0.6408527493476868,-0.02455257624387741,0.5311523079872131,0.6015508770942688,-0.03800008073449135,0.5407606363296509,0.6261900663375854,-0.032497186213731766,0.5379037261009216,0.6477699875831604,-0.025977402925491333,0.498823344707489,0.673523485660553,-0.03296271711587906,0.5270370244979858,0.6372595429420471,-0.0392133854329586,0.5364927649497986,0.6543370485305786,-0.032567184418439865,0.5344337821006775,0.6739300489425659,-0.02638091892004013,0.6525899767875671,0.7657821178436279,-2.776305052520911e-07,0.6424504518508911,0.6884265542030334,-0.007733666803687811,0.6484123468399048,0.6268805265426636,-0.015205240808427334,0.6565588712692261,0.5859000086784363,-0.02261446602642536,0.6603588461875916,0.5584191679954529,-0.02914688177406788,0.6993408799171448,0.6061866879463196,-0.012137350626289845,0.695828378200531,0.5399652719497681,-0.028445595875382423,0.6914966702461243,0.49553748965263367,-0.04088272899389267,0.6873921751976013,0.4594499468803406,-0.04999051243066788,0.7072312831878662,0.6302459239959717,-0.015984898433089256,0.6596630215644836,0.5813140273094177,-0.029934372752904892,0.6412935853004456,0.6135425567626953,-0.031451091170310974,0.6460314989089966,0.6372813582420349,-0.03174556419253349,0.7013474106788635,0.6605870723724365,-0.02152949571609497,0.6493920683860779,0.6229798793792725,-0.03206883370876312,0.6379367113113403,0.6492920517921448,-0.02436866983771324,0.646058976650238,0.6644563674926758,-0.01916164718568325,0.6882967352867126,0.6915783286094666,-0.028714757412672043,0.6470385789871216,0.6625005006790161,-0.036451805382966995,0.639795184135437,0.6823208928108215,-0.031135855242609978,0.6483153700828552,0.6959689855575562,-0.026119060814380646
11,0.5334837436676025,0.7649645209312439,9.833809855308573e-08,0.5540679097175598,0.6882379651069641,0.0002711281704250723,0.5534130930900574,0.6267423629760742,-0.0048774792812764645,0.5474728345870972,0.5859267711639404,-0.012171641923487186,0.5455999970436096,0.5618035793304443,-0.01896536909043789,0.5088257789611816,0.5937104225158691,-0.009889540262520313,0.5050554275512695,0.5319995284080505,-0.021554285660386086,0.506374180316925,0.49116259813308716,-0.02941836789250374,0.5079424977302551,0.45843812823295593,-0.03496440127491951,0.5032341480255127,0.6140908002853394,-0.017889095470309258,0.5419424772262573,0.5690433382987976,-0.03219930827617645,0.5557262301445007,0.5936626195907593,-0.03483670949935913,0.555124819278717,0.6154756546020508,-0.03456135466694832,0.5053329467773438,0.6437324285507202,-0.02588197961449623,0.5438646674156189,0.6042034029960632,-0.03818094730377197,0.5534745454788208,0.628565788269043,-0.032165348529815674,0.5499449372291565,0.650590181350708,-0.025590425357222557,0.5112725496292114,0.6771463751792908,-0.03418448939919472,0.5396454334259033,0.6414154767990112,-0.03955170512199402,0.5489648580551147,0.6576756238937378,-0.03238911181688309,0.5464909076690674,0.6768815517425537,-0.02594144642353058,0.6442091464996338,0.7730711102485657,-2.61528668943356e-07,0.6350733041763306,0.6937016844749451,-0.006141606252640486,0.6400827765464783,0.6309096813201904,-0.013328226283192635,0.6450174450874329,0.5877120494842529,-0.020752621814608574,0.643864631652832,0.5628916621208191,-0.027480116114020348,0.6861117482185364,0.6100589036941528,-0.011792604811489582,0.680127739906311,0.5422595739364624,-0.027796564623713493,0.6742021441459656,0.49774134159088135,-0.03967391327023506,0.6683350801467896,0.46217864751815796,-0.048214782029390335,0.6919437050819397,0.6330227851867676,-0.01642655022442341,0.6442775130271912,0.5834638476371765,-0.029649605974555016,0.6282974481582642,0.6160740256309509,-0.03064647689461708,0.6339114904403687,0.6396989822387695,-0.030790552496910095,0.6851752996444702,0.6636900901794434,-0.022530779242515564,0.6338734030723572,0.6258203387260437,-0.03262913227081299,0.6250709295272827,0.6529388427734375,-0.02525271661579609,0.6346487998962402,0.6681163907051086,-0.02040299028158188,0.6722042560577393,0.6961371898651123,-0.030017651617527008,0.6312984824180603,0.6670152544975281,-0.03698619082570076,0.6259240508079529,0.6872154474258423,-0.03140173852443695,0.6355891823768616,0.7011687755584717,-0.02649599127471447
12,0.5418733954429626,0.7662484645843506,1.2346130517926213e-07,0.5636196136474609,0.6889408826828003,-0.0002612856915220618,0.5630225539207458,0.6281054615974426,-0.007313724607229233,0.5576465129852295,0.5866584181785583,-0.016444707289338112,0.5560405254364014,0.5597926378250122,-0.025279536843299866,0.516791582107544,0.5964659452438354,-0.014113914221525192,0.5151926875114441,0.5356966853141785,-0.02778697945177555,0.5165665745735168,0.4947321116924286,-0.03644312918186188,0.5173217058181763,0.46131569147109985,-0.042421143501996994,0.5103965997695923,0.6166898012161255,-0.022644879296422005,0.553557276725769,0.5725436210632324,-0.03880602866411209,0.5685056447982788,0.6036947965621948,-0.0406014509499073,0.5671879649162292,0.6279544830322266,-0.039309702813625336,0.5125345587730408,0.64683997631073,-0.031127220019698143,0.5550865530967712,0.6079306602478027,-0.04526447877287865,0.566736102104187,0.6357348561286926,-0.03752278536558151,0.563230037689209,0.6587818264961243,-0.029393108561635017,0.5192247629165649,0.6811145544052124,-0.0399588979780674,0.5491461157798767,0.6442122459411621,-0.04663115739822388,0.5613863468170166,0.660246729850769,-0.038388002663850784,0.560901403427124,0.6792836785316467,-0.03084784373641014,0.6398354172706604,0.7720407247543335,-2.3927273673507443e-07,0.6301460862159729,0.7008873224258423,-0.004536142572760582,0.6324863433837891,0.6407378911972046,-0.01048084907233715,0.6352357864379883,0.5982347726821899,-0.0166564229875803,0.6319158673286438,0.5702239274978638,-0.022511832416057587,0.6724674701690674,0.613744854927063,-0.011868179775774479,0.6648314595222473,0.5491183400154114,-0.026728516444563866,0.658210277557373,0.5032291412353516,-0.03697879612445831,0.6513267159461975,0.4674995541572571,-0.04443622753024101,0.6775221824645996,0.6368396878242493,-0.01680815778672695,0.6296604871749878,0.5888829231262207,-0.03022630512714386,0.6155656576156616,0.620050311088562,-0.030353307723999023,0.6209238171577454,0.6418157815933228,-0.0294618159532547,0.6712536811828613,0.6680086851119995,-0.02291090413928032,0.6210827231407166,0.6342931985855103,-0.03332960605621338,0.6153548359870911,0.6609836220741272,-0.02600005269050598,0.626068115234375,0.6752175092697144,-0.020770160481333733,0.6597928404808044,0.7020933032035828,-0.03007846139371395,0.620132327079773,0.6738013029098511,-0.03757306560873985,0.6163791418075562,0.6925503015518188,-0.032430995255708694,0.6263163685798645,0.7049649357795715,-0.027614977210760117
13,0.5528463125228882,0.7621123194694519,1.8326439032989583e-07,0.5736384391784668,0.694439709186554,-0.0008596736588515341,0.5744554996490479,0.6354972720146179,-0.009384104050695896,0.5712143778800964,0.5954769253730774,-0.01966962032020092,0.5724024176597595,0.5720362663269043,-0.030234189704060555,0.5318272709846497,0.5993494391441345,-0.01896093785762787,0.529768705368042,0.5422580242156982,-0.03409788757562637,0.5327355861663818,0.5012650489807129,-0.04359946399927139,0.5337938666343689,0.4675403833389282,-0.05003785714507103,0.5249469876289368,0.6213737726211548,-0.02751665562391281,0.5691452622413635,0.5826416611671448,-0.04319427162408829,0.584844708442688,0.6133124232292175,-0.04367092624306679,0.5822687745094299,0.6342148780822754,-0.04185217618942261,0.5268911719322205,0.6564193367958069,-0.03583364933729172,0.5708558559417725,0.620361328125,-0.04993730038404465,0.5830463767051697,0.6475856900215149,-0.04086529091000557,0.5769027471542358,0.6677446961402893,-0.032085444778203964,0.5331791043281555,0.6939727067947388,-0.044399552047252655,0.565966010093689,0.6585795879364014,-0.05097926780581474,0.5783709287643433,0.6735571026802063,-0.04134932905435562,0.5761810541152954,0.6903002262115479,-0.03293057903647423,0.6279552578926086,0.7822578549385071,-2.492994610747701e-07,0.623442530632019,0.709534764289856,-0.004335933364927769,0.6245299577713013,0.6474950909614563,-0.01112853828817606,0.6231076121330261,0.6035675406455994,-0.018115127459168434,0.6191487312316895,0.5745129585266113,-0.024266954511404037,0.6625243425369263,0.6192622780799866,-0.013414600864052773,0.6520081758499146,0.5488263964653015,-0.02755737118422985,0.6425430774688721,0.5063287019729614,-0.03718964755535126,0.6352862119674683,0.47183218598365784,-0.043906666338443756,0.6671356558799744,0.6424588561058044,-0.01798897050321102,0.6185723543167114,0.5972046852111816,-0.02762545645236969,0.6077986359596252,0.6287347078323364,-0.02765396237373352,0.6156373023986816,0.6498427391052246,-0.028115354478359222,0.6596733927726746,0.6740131378173828,-0.023534322157502174,0.6071280241012573,0.6410314440727234,-0.030787238851189613,0.6047417521476746,0.6690899133682251,-0.025553425773978233,0.6175158023834229,0.6821990013122559,-0.023112857714295387,0.6477434635162354,0.7069577574729919,-0.03001292608678341,0.6063652038574219,0.6800625920295715,-0.03607494756579399,0.6052809357643127,0.6995570063591003,-0.032103437930345535,0.6172060370445251,0.7111052870750427,-0.028745856136083603
14,0.558823823928833,0.7611445188522339,2.233894917935686e-07,0.5795016884803772,0.6967016458511353,-0.0019473884021863341,0.5803031921386719,0.6390359997749329,-0.01158839650452137,0.5774415135383606,0.5988425612449646,-0.022937307134270668,0.5802867412567139,0.5755887627601624,-0.03471050038933754,0.5372029542922974,0.6030521988868713,-0.021317491307854652,0.536087155342102,0.5496916174888611,-0.03855596482753754,0.5398656725883484,0.5080534815788269,-0.049182675778865814,0.541786253452301,0.4751313030719757,-0.05592138320207596,0.5297850966453552,0.626268744468689,-0.02955072559416294,0.5750519633293152,0.5877718925476074,-0.04625699296593666,0.5909048318862915,0.6180673241615295,-0.04609490931034088,0.588096022605896,0.6368640661239624,-0.04344428330659866,0.5316721200942993,0.6621742248535156,-0.037792280316352844,0.5759573578834534,0.6260668635368347,-0.05335051566362381,0.5888352990150452,0.6526899933815002,-0.04425622150301933,0.5820625424385071,0.6718472242355347,-0.03492911532521248,0.5375833511352539,0.7008622288703918,-0.046341028064489365,0.5708850622177124,0.6659402251243591,-0.05413692817091942,0.5847318172454834,0.6791993975639343,-0.04489978030323982,0.5829725861549377,0.6953529715538025,-0.03637297824025154,0.6290120482444763,0.7784949541091919,-2.2018774359366944e-07,0.6248654127120972,0.7090221643447876,-0.003792400937527418,0.6253321170806885,0.6484167575836182,-0.009528450667858124,0.6209945678710938,0.6057490110397339,-0.015571892261505127,0.6135631203651428,0.5777220726013184,-0.02107684127986431,0.6606335639953613,0.6182737350463867,-0.011791094206273556,0.6482632756233215,0.5507947206497192,-0.023613234981894493,0.6387876272201538,0.5122882127761841,-0.031950946897268295,0.6316322088241577,0.4838106632232666,-0.03789167478680611,0.6644802093505859,0.6406536102294922,-0.016030430793762207,0.6148955821990967,0.6035586595535278,-0.024196142330765724,0.6066210269927979,0.6317535638809204,-0.02476065419614315,0.6149839162826538,0.6509469151496887,-0.0257553830742836,0.6565302014350891,0.6728056073188782,-0.020975176244974136,0.6041319966316223,0.6456601619720459,-0.027939649298787117,0.6035658717155457,0.671509861946106,-0.02475527673959732,0.6164743900299072,0.6837928891181946,-0.02359696477651596,0.6445671319961548,0.7061768174171448,-0.026568416506052017,0.6035003066062927,0.6829255819320679,-0.032879531383514404,0.6036164164543152,0.7008475065231323,-0.030089331790804863,0.6158589720726013,0.7118673920631409,-0.027483303099870682
15,0.5625047087669373,0.7723797559738159,1.7681145436654333e-07,0.5844384431838989,0.7046187520027161,-0.002063877647742629,0.5873913764953613,0.64794921875,-0.010776545852422714,0.5869323015213013,0.6076614856719971,-0.020909495651721954,0.5913879871368408,0.582530677318573,-0.030808458104729652,0.5450373291969299,0.6141381859779358,-0.019427379593253136,0.5470508337020874,0.5572478771209717,-0.03863190487027168,0.5515284538269043,0.5169622898101807,-0.05027039349079132,0.5529488325119019,0.48195719718933105,-0.05707159265875816,0.5367336273193359,0.6363425254821777,-0.027650136500597,0.583985447883606,0.5982405543327332,-0.0460396409034729,0.5932163000106812,0.634121298789978,-0.045640893280506134,0.5833361148834229,0.6503028869628906,-0.04189575836062431,0.5380275249481201,0.6712666749954224,-0.03634354844689369,0.582555890083313,0.6364906430244446,-0.05367490276694298,0.5895211100578308,0.6663613319396973,-0.04430178552865982,0.5767834782600403,0.6787170171737671,-0.033911507576704025,0.5432994365692139,0.7090104818344116,-0.045254550874233246,0.5777788162231445,0.6766349077224731,-0.052137862890958786,0.5843469500541687,0.6940698027610779,-0.04119560867547989,0.5736849904060364,0.7072730660438538,-0.03155306354165077,0.6348502039909363,0.7724264860153198,-1.6475944164540124e-07,0.630388617515564,0.7141637206077576,-0.00232760701328516,0.6272995471954346,0.6533554196357727,-0.008277988992631435,0.6193541884422302,0.6117774844169617,-0.014199935831129551,0.6084232330322266,0.5885924100875854,-0.02022814191877842,0.6535099148750305,0.6253600716590881,-0.016484307125210762,0.6392837762832642,0.5592125058174133,-0.028940225020051003,0.6309225559234619,0.5195060968399048,-0.03687455132603645,0.6246812343597412,0.48707276582717896,-0.04313667118549347,0.656366229057312,0.6477595567703247,-0.02158028818666935,0.608627438545227,0.6083087921142578,-0.0319671630859375,0.6029804944992065,0.6378547549247742,-0.0306625347584486,0.6116648316383362,0.653979480266571,-0.02999909594655037,0.6490685343742371,0.679852306842804,-0.026834923774003983,0.6005269885063171,0.6517526507377625,-0.03377337381243706,0.6015716195106506,0.6763144731521606,-0.027150193229317665,0.6144859194755554,0.6867300271987915,-0.023811226710677147,0.6382808089256287,0.7145184278488159,-0.03257572650909424,0.5991483926773071,0.688675045967102,-0.03902975469827652,0.600672721862793,0.7059317827224731,-0.035064879804849625,0.6125166416168213,0.7158840894699097,-0.03181520104408264
16,0.5637670755386353,0.7727095484733582,1.5299504241284012e-07,0.5881297588348389,0.7053943872451782,-0.003283503232523799,0.5924816131591797,0.6492594480514526,-0.011060290038585663,0.5933720469474792,0.6102994084358215,-0.01997501775622368,0.6000449061393738,0.5860470533370972,-0.028396807610988617,0.5486331582069397,0.6130197048187256,-0.01757175102829933,0.5491603016853333,0.556090772151947,-0.035729557275772095,0.552935004234314,0.5171764492988586,-0.04687584936618805,0.5543113350868225,0.4818976819515228,-0.053679972887039185,0.5394524931907654,0.635693371295929,-0.025941213592886925,0.5852673053741455,0.5966495275497437,-0.04567212983965874,0.5928193926811218,0.6329070925712585,-0.04667968302965164,0.5825830698013306,0.6500672698020935,-0.043441835790872574,0.540099561214447,0.6708675622940063,-0.0350504070520401,0.5834477543830872,0.6350672841072083,-0.053248751908540726,0.5900575518608093,0.6649540066719055,-0.044531822204589844,0.5778438448905945,0.6768280863761902,-0.034237898886203766,0.5448031425476074,0.7092050313949585,-0.044597115367650986,0.5790109038352966,0.6758972406387329,-0.051919955760240555,0.5853105783462524,0.693946897983551,-0.04126017168164253,0.5746339559555054,0.7068533301353455,-0.031718309968709946,0.631744921207428,0.7832682728767395,-1.8213532371191832e-07,0.6234201192855835,0.7188639640808105,-0.0026435076724737883,0.6212897896766663,0.6553280353546143,-0.008487740531563759,0.615885853767395,0.6120014786720276,-0.01451962161809206,0.6097955703735352,0.5942535996437073,-0.020490622147917747,0.6534639596939087,0.6259948015213013,-0.013349281623959541,0.6404154896736145,0.5606917142868042,-0.025719793513417244,0.6318278312683105,0.5214930176734924,-0.03471097722649574,0.6252722144126892,0.48903438448905945,-0.041890233755111694,0.658122718334198,0.6491727828979492,-0.01803860068321228,0.6093502640724182,0.608772337436676,-0.026895567774772644,0.6029819250106812,0.6386866569519043,-0.026368822902441025,0.6118078827857971,0.655101478099823,-0.026735877618193626,0.6509328484535217,0.6815288066864014,-0.023224588483572006,0.6005682945251465,0.6525569558143616,-0.028995148837566376,0.6011351943016052,0.6781153082847595,-0.023730432614684105,0.6139164566993713,0.6893717050552368,-0.02171373926103115,0.6389015316963196,0.71528160572052,-0.029082220047712326,0.5991644859313965,0.6911078691482544,-0.03501996025443077,0.5999475717544556,0.7090624570846558,-0.03220542147755623,0.6115873456001282,0.719595193862915,-0.029972678050398827
17,0.563826858997345,0.7728286385536194,1.4302327144832816e-07,0.5881662964820862,0.7062679529190063,-0.003725463757291436,0.5938287973403931,0.6497185826301575,-0.011409618891775608,0.5969250798225403,0.6122094988822937,-0.020132942125201225,0.6065678000450134,0.5912074446678162,-0.02831059880554676,0.5494951605796814,0.6131807565689087,-0.01799829490482807,0.5500638484954834,0.5568858981132507,-0.03621160238981247,0.5539754033088684,0.5185958743095398,-0.047759752720594406,0.5558125376701355,0.4832521677017212,-0.055041417479515076,0.5401480793952942,0.6362943053245544,-0.02652590349316597,0.5863776803016663,0.5991775393486023,-0.046155642718076706,0.5934716463088989,0.6351544260978699,-0.04759867116808891,0.5827608704566956,0.6518293023109436,-0.0450475849211216,0.5405557751655579,0.6720362901687622,-0.03583333641290665,0.5843275785446167,0.6368774175643921,-0.053864676505327225,0.5903547406196594,0.6668153405189514,-0.045280035585165024,0.5775891542434692,0.6782978773117065,-0.03541975095868111,0.5451785922050476,0.7109565138816833,-0.04569811373949051,0.5800203084945679,0.6777252554893494,-0.05297345295548439,0.5856303572654724,0.6956091523170471,-0.042372386902570724,0.5738809108734131,0.708141565322876,-0.0331047922372818,0.6286518573760986,0.7871364951133728,-1.755917935497564e-07,0.6234047412872314,0.7200477719306946,-0.001348581979982555,0.622967004776001,0.6554736495018005,-0.007711063139140606,0.6174941062927246,0.6123794317245483,-0.01479531079530716,0.6098604202270508,0.5984195470809937,-0.022027645260095596,0.653734028339386,0.6264445781707764,-0.012623759917914867,0.6407040953636169,0.5628038048744202,-0.024852395057678223,0.6328627467155457,0.523856520652771,-0.0343514010310173,0.626874566078186,0.49073928594589233,-0.04212244227528572,0.6581530570983887,0.6496850848197937,-0.018578138202428818,0.6087861061096191,0.6102021932601929,-0.027137408033013344,0.602939784526825,0.6400092840194702,-0.02685181237757206,0.6123393774032593,0.6567440032958984,-0.027541082352399826,0.6506038904190063,0.6827371120452881,-0.024871252477169037,0.5999128818511963,0.6522833108901978,-0.02971339412033558,0.5999237298965454,0.6785423159599304,-0.02442917600274086,0.6130943894386292,0.6910877823829651,-0.022845834493637085,0.6381218433380127,0.7175707221031189,-0.031904637813568115,0.597150981426239,0.693576991558075,-0.037330370396375656,0.5981392860412598,0.7127483487129211,-0.03470420464873314,0.6105803847312927,0.7245498299598694,-0.03286232426762581
18,0.5622583031654358,0.7744458913803101,1.3537332677060476e-07,0.5866726636886597,0.7073971629142761,-0.0030802665278315544,0.5920844078063965,0.6516025066375732,-0.010308182798326015,0.5934116840362549,0.615594744682312,-0.01869143359363079,0.5994461178779602,0.5962775945663452,-0.026549480855464935,0.5491774082183838,0.6144506335258484,-0.016961470246315002,0.5515566468238831,0.5573688745498657,-0.034918058663606644,0.5557082891464233,0.5190651416778564,-0.04619936645030975,0.5581188201904297,0.4835131764411926,-0.053315434604883194,0.5400125980377197,0.6383799314498901,-0.02590976655483246,0.5865029692649841,0.5988985896110535,-0.045361295342445374,0.5928318500518799,0.6345292329788208,-0.046758100390434265,0.5827465653419495,0.6517010927200317,-0.04414653033018112,0.540804386138916,0.6741483807563782,-0.035642653703689575,0.5849199891090393,0.6369723081588745,-0.05326816067099571,0.5897891521453857,0.666562020778656,-0.04447587579488754,0.5772673487663269,0.678144097328186,-0.034452732652425766,0.5459251403808594,0.7124730944633484,-0.04593861475586891,0.5812570452690125,0.6774033308029175,-0.052475400269031525,0.5859162211418152,0.695573627948761,-0.04147821292281151,0.5741355419158936,0.7081143260002136,-0.03209424763917923,0.6271846294403076,0.795500636100769,-1.9723266575510934e-07,0.6157139539718628,0.7232450842857361,-0.003455369034782052,0.616057813167572,0.6578013300895691,-0.009657474234700203,0.6158269643783569,0.6130951642990112,-0.016067493706941605,0.6147772073745728,0.5952529311180115,-0.0222072284668684,0.6538021564483643,0.6279909610748291,-0.01231290865689516,0.641409158706665,0.5626165866851807,-0.025451764464378357,0.6329319477081299,0.5229529142379761,-0.0355200357735157,0.6263235807418823,0.48912322521209717,-0.04342849180102348,0.6592476963996887,0.651396632194519,-0.016854073852300644,0.6095200181007385,0.6086771488189697,-0.025731248781085014,0.6023743152618408,0.6395096778869629,-0.02563365362584591,0.6118389368057251,0.6577574610710144,-0.02639118768274784,0.6519252061843872,0.68381667137146,-0.022176995873451233,0.6000213027000427,0.6528135538101196,-0.0276256762444973,0.5986879467964172,0.6802911162376404,-0.02198024094104767,0.6119236946105957,0.6930809617042542,-0.02001158334314823,0.6392660737037659,0.7176754474639893,-0.028495457023382187,0.5969008207321167,0.6933742165565491,-0.034310828894376755,0.5966486930847168,0.7134621143341064,-0.03160965070128441,0.6092767715454102,0.7253830432891846,-0.029582465067505836
19,0.5633269548416138,0.7716105580329895,1.373384179714776e-07,0.5871352553367615,0.7047127485275269,-0.0027506165206432343,0.5917651057243347,0.648811399936676,-0.009987928904592991,0.5923268795013428,0.6106196641921997,-0.01829656958580017,0.5978312492370605,0.5921667218208313,-0.026171617209911346,0.550778865814209,0.6105338335037231,-0.016991212964057922,0.5533627271652222,0.5551594495773315,-0.033914465457201004,0.5574585795402527,0.5170514583587646,-0.04385609179735184,0.5595212578773499,0.48240023851394653,-0.04998774081468582,0.5417479276657104,0.6343775987625122,-0.025619903579354286,0.58766770362854,0.5962480902671814,-0.043609753251075745,0.5941452980041504,0.6338866949081421,-0.043527405709028244,0.5842434763908386,0.6504399180412292,-0.039851754903793335,0.5421254634857178,0.6707390546798706,-0.03496336564421654,0.5862332582473755,0.6361101865768433,-0.05204709246754646,0.5910313129425049,0.66648930311203,-0.04337779060006142,0.5784314274787903,0.6770012378692627,-0.033347345888614655,0.5464609265327454,0.7106476426124573,-0.04468376561999321,0.5804828405380249,0.6757196187973022,-0.05103669315576553,0.5863797068595886,0.6933906078338623,-0.0404098778963089,0.5763396620750427,0.7060027718544006,-0.031217392534017563,0.626011073589325,0.7910774946212769,-1.9339921664141002e-07,0.6173163056373596,0.7193512916564941,-0.0032519337255507708,0.6168553233146667,0.6562002301216125,-0.010157112032175064,0.6133264303207397,0.6139079928398132,-0.01754794828593731,0.6097486615180969,0.5971655249595642,-0.02461765520274639,0.6547957062721252,0.6250330209732056,-0.012807677499949932,0.6429946422576904,0.5604153871536255,-0.02603480964899063,0.6344679594039917,0.5215893387794495,-0.03636470437049866,0.6275997757911682,0.4899072051048279,-0.04425261542201042,0.6598268747329712,0.6481453776359558,-0.01777700148522854,0.6101723909378052,0.6076939105987549,-0.026165448129177094,0.6033016443252563,0.6368281841278076,-0.026517676189541817,0.6124400496482849,0.6549993753433228,-0.02779277414083481,0.6522914171218872,0.6813695430755615,-0.023451682180166245,0.6002523899078369,0.6504501104354858,-0.028625931590795517,0.5996232032775879,0.6763951778411865,-0.02344602905213833,0.6126754879951477,0.6889461278915405,-0.02185036800801754,0.6393771171569824,0.7159030437469482,-0.03009003773331642,0.5982227325439453,0.6915924549102783,-0.035623084753751755,0.5989438891410828,0.7104725241661072,-0.032540615648031235,0.6116840243339539,0.7223661541938782,-0.030161811038851738
20,0.5648149251937866,0.7705962061882019,1.4130004899470805e-07,0.5880283713340759,0.7055239677429199,-0.0028081261552870274,0.5921729207038879,0.6502991914749146,-0.009741428308188915,0.5922669172286987,0.6116228103637695,-0.017494237050414085,0.5974454283714294,0.5909590721130371,-0.024772988632321358,0.5509188771247864,0.6111106276512146,-0.017110057175159454,0.5540997385978699,0.5558876395225525,-0.03406902030110359,0.5580477714538574,0.5177285671234131,-0.04446759819984436,0.5602962970733643,0.4832502603530884,-0.05095692351460457,0.5428099036216736,0.6344062685966492,-0.025310050696134567,0.5871490836143494,0.5951822400093079,-0.04279353842139244,0.593834638595581,0.6312492489814758,-0.04325384646654129,0.5841047167778015,0.648277223110199,-0.04025525972247124,0.5433756113052368,0.6699674129486084,-0.034131843596696854,0.5860636234283447,0.6353106498718262,-0.050966527312994,0.5907890200614929,0.6655435562133789,-0.042853280901908875,0.5787588357925415,0.6766071319580078,-0.033372439444065094,0.5473591089248657,0.7092766761779785,-0.04323772341012955,0.5805157423019409,0.6750993728637695,-0.04995344579219818,0.5864239931106567,0.6934359073638916,-0.039762210100889206,0.5770888328552246,0.7065395712852478,-0.030839983373880386,0.625827431678772,0.790472686290741,-1.8912412258487166e-07,0.6178990006446838,0.7197109460830688,-0.0032004965469241142,0.6176475882530212,0.6569380164146423,-0.00998566672205925,0.6144289374351501,0.6147816181182861,-0.017201511189341545,0.6112370491027832,0.5981359481811523,-0.024042027071118355,0.6550330519676208,0.6261295080184937,-0.012364436872303486,0.642425000667572,0.5610523223876953,-0.025372250005602837,0.6343324184417725,0.5218911170959473,-0.0354144312441349,0.6281417012214661,0.49018800258636475,-0.043005894869565964,0.6601293087005615,0.6491805911064148,-0.017091359943151474,0.6104769706726074,0.6084540486335754,-0.025034388527274132,0.6039609909057617,0.6368304491043091,-0.02498895302414894,0.6128373742103577,0.6544539332389832,-0.0259366724640131,0.6526272296905518,0.6820735335350037,-0.022551441565155983,0.6005418300628662,0.6505357623100281,-0.027624567970633507,0.6001587510108948,0.675964891910553,-0.022503087297081947,0.613018810749054,0.6884268522262573,-0.020798973739147186,0.6398453712463379,0.7161915302276611,-0.028923243284225464,0.5986332893371582,0.6906564831733704,-0.03423742204904556,0.5994164943695068,0.7092527151107788,-0.031127048656344414,0.6118839383125305,0.7213063836097717,-0.02867952734231949
21,0.5637487173080444,0.7717874646186829,1.334557140353354e-07,0.588583767414093,0.7065544128417969,-0.0033763807732611895,0.594167172908783,0.6510810256004333,-0.010605442337691784,0.5962569713592529,0.6140621900558472,-0.018808020278811455,0.6036849617958069,0.5951833128929138,-0.026556627824902534,0.5517603754997253,0.6115307807922363,-0.017624884843826294,0.5540758371353149,0.5565248727798462,-0.03465057536959648,0.5574048161506653,0.5184814929962158,-0.044967640191316605,0.5591707229614258,0.4833364188671112,-0.051473427563905716,0.5421267151832581,0.6349075436592102,-0.02592756412923336,0.5880699157714844,0.5991547703742981,-0.043828822672367096,0.5941707491874695,0.6351041197776794,-0.04432590678334236,0.5846304893493652,0.6510637402534485,-0.04142581671476364,0.542030930519104,0.6708507537841797,-0.034954264760017395,0.5864672660827637,0.6380709409713745,-0.05201534554362297,0.5907613039016724,0.6679899096488953,-0.04367580637335777,0.5784446001052856,0.6786564588546753,-0.03415735810995102,0.5463007092475891,0.7099642753601074,-0.04445352405309677,0.5812219977378845,0.6771574020385742,-0.051210835576057434,0.5869095325469971,0.6952780485153198,-0.04095279425382614,0.5769666433334351,0.7079724669456482,-0.03209026902914047,0.6255835890769958,0.7914450168609619,-2.0120698707160045e-07,0.6180679202079773,0.7202187180519104,-0.0038184102158993483,0.6177294850349426,0.6577622294425964,-0.011052221991121769,0.6148208379745483,0.6156614422798157,-0.01864481158554554,0.6113780736923218,0.5970803499221802,-0.025718875229358673,0.656578779220581,0.6276267766952515,-0.013017487712204456,0.6438201665878296,0.5616415143013,-0.026847872883081436,0.6344075202941895,0.5220866203308105,-0.03726128488779068,0.6269016265869141,0.490755558013916,-0.044804759323596954,0.6609628200531006,0.6507986783981323,-0.017580393701791763,0.6113958954811096,0.6091275215148926,-0.026240745559334755,0.604148268699646,0.6369416117668152,-0.02640463225543499,0.6128085851669312,0.6546313166618347,-0.02738872542977333,0.6528089046478271,0.6828508377075195,-0.023008087649941444,0.6009470224380493,0.6512631177902222,-0.028897568583488464,0.6002404689788818,0.6759265661239624,-0.023933900520205498,0.613034188747406,0.6880133748054504,-0.02211710624396801,0.6397279500961304,0.716053307056427,-0.029368644580245018,0.5989304184913635,0.6906440854072571,-0.03514501452445984,0.5997434258460999,0.7087002992630005,-0.03210829943418503,0.6123213171958923,0.7200828194618225,-0.029585739597678185
22,0.5656920671463013,0.7709217667579651,1.6322630358445167e-07,0.5883768200874329,0.7062927484512329,-0.003188326023519039,0.5920257568359375,0.6505194902420044,-0.011182177811861038,0.5909642577171326,0.6126754879951477,-0.02030213363468647,0.59605872631073,0.5926433205604553,-0.0292813703417778,0.5494763851165771,0.6124254465103149,-0.017967626452445984,0.5532945990562439,0.5551182627677917,-0.035757146775722504,0.5582777857780457,0.515824556350708,-0.046850137412548065,0.5613906383514404,0.4807835817337036,-0.053748972713947296,0.5409277081489563,0.6347538232803345,-0.026250962167978287,0.5879807472229004,0.5960912704467773,-0.044885385781526566,0.5955756902694702,0.6340247392654419,-0.045771606266498566,0.586107075214386,0.6526126265525818,-0.042869117110967636,0.5416510105133057,0.6694589853286743,-0.03514989838004112,0.5864132642745972,0.6346237659454346,-0.0522751621901989,0.5922092795372009,0.6655770540237427,-0.043710265308618546,0.5803471207618713,0.678463339805603,-0.03404390811920166,0.5461307168006897,0.7074893712997437,-0.044495634734630585,0.579951822757721,0.6740877628326416,-0.051690153777599335,0.5865899324417114,0.6929793357849121,-0.04147326201200485,0.5776984691619873,0.7068211436271667,-0.03248918801546097,0.6268059015274048,0.788374125957489,-1.8106764798631048e-07,0.6199554204940796,0.7160659432411194,-0.0034511033445596695,0.619682252407074,0.6532548069953918,-0.010890768840909004,0.6155961155891418,0.6126319169998169,-0.018641354516148567,0.6107887625694275,0.5990920662879944,-0.026231329888105392,0.6554921865463257,0.6252127885818481,-0.015282919630408287,0.6428781151771545,0.5584140419960022,-0.028676385059952736,0.6341948509216309,0.5196014046669006,-0.03907621279358864,0.6274279356002808,0.48751798272132874,-0.04714176803827286,0.659668505191803,0.6491082310676575,-0.02028115838766098,0.6104572415351868,0.6065919995307922,-0.02896267920732498,0.6043218374252319,0.6346699595451355,-0.029384484514594078,0.6133724451065063,0.6527916789054871,-0.030951492488384247,0.651499330997467,0.681714653968811,-0.025794407352805138,0.5998578667640686,0.6496908068656921,-0.030986415222287178,0.6002114415168762,0.6748958826065063,-0.02602786011993885,0.6134788393974304,0.6879037022590637,-0.024806730449199677,0.6383790969848633,0.7154404520988464,-0.03220343589782715,0.5975765585899353,0.6902058720588684,-0.03779159486293793,0.5991051197052002,0.7085680365562439,-0.034875765442848206,0.6119416952133179,0.7205372452735901,-0.03282337263226509
23,0.5666446089744568,0.7694123387336731,1.701695566680428e-07,0.5863484740257263,0.7041702270507812,-0.0021321019157767296,0.5897778272628784,0.6485876441001892,-0.010142580606043339,0.5897551774978638,0.609710156917572,-0.019342927262187004,0.5950773358345032,0.5877377986907959,-0.028303775936365128,0.549504816532135,0.6131025552749634,-0.018433770164847374,0.5530233383178711,0.5556197762489319,-0.03690589219331741,0.5579632520675659,0.5155817270278931,-0.04785420000553131,0.5606411099433899,0.48056888580322266,-0.05426713079214096,0.5415992140769958,0.6347012519836426,-0.02669070102274418,0.5882322192192078,0.5948882102966309,-0.04480402544140816,0.5962831377983093,0.6317043304443359,-0.044122591614723206,0.5865572690963745,0.648909330368042,-0.04002954065799713,0.5425063371658325,0.6687503457069397,-0.03549075871706009,0.5863342881202698,0.6337770819664001,-0.05280739814043045,0.5917952060699463,0.6641615629196167,-0.043585438281297684,0.579072117805481,0.6756082773208618,-0.033220235258340836,0.5466960072517395,0.7067183256149292,-0.04446389526128769,0.5803262591362,0.6747406125068665,-0.05135868489742279,0.5857834815979004,0.6935449838638306,-0.04041032865643501,0.5748288035392761,0.7064346075057983,-0.03082074411213398,0.6279633045196533,0.7886515855789185,-1.7791231243791117e-07,0.6209551692008972,0.7197067737579346,-0.002886668313294649,0.6206225156784058,0.6563861966133118,-0.009382965974509716,0.6169965267181396,0.6133888363838196,-0.016123272478580475,0.6126945614814758,0.595021665096283,-0.022662611678242683,0.6548596024513245,0.6272704601287842,-0.013361651450395584,0.6415205597877502,0.5610243678092957,-0.026506634429097176,0.6333680152893066,0.5212687253952026,-0.036388080567121506,0.6271868944168091,0.4877767562866211,-0.04396200552582741,0.6589953899383545,0.6502202749252319,-0.01803186722099781,0.610297441482544,0.6082725524902344,-0.026708172634243965,0.6045309901237488,0.6369917392730713,-0.02654660865664482,0.6140472888946533,0.6541664004325867,-0.02732951194047928,0.6510311365127563,0.6819501519203186,-0.02330983616411686,0.6002993583679199,0.6506295800209045,-0.028988253325223923,0.6007398962974548,0.6762987375259399,-0.024144066497683525,0.6143178939819336,0.6884317994117737,-0.02257295325398445,0.638448178768158,0.7152537703514099,-0.029329508543014526,0.5979800820350647,0.6895586848258972,-0.03506303206086159,0.5988964438438416,0.7080439925193787,-0.03238379582762718,0.6115200519561768,0.719424307346344,-0.030369043350219727
24,0.5664699077606201,0.7609001398086548,1.810364409493559e-07,0.5837889313697815,0.6967175006866455,-0.001891525462269783,0.5873212218284607,0.6418760418891907,-0.01036519929766655,0.5879493951797485,0.6035363674163818,-0.019798966124653816,0.5938486456871033,0.5832788348197937,-0.029185902327299118,0.5496394038200378,0.6077216267585754,-0.022120025008916855,0.5519118309020996,0.5505674481391907,-0.0419868640601635,0.5560734868049622,0.5107088685035706,-0.05361272394657135,0.557508647441864,0.4757264256477356,-0.059998154640197754,0.5412333607673645,0.6301834583282471,-0.030214108526706696,0.588481605052948,0.589156448841095,-0.04793034866452217,0.597181499004364,0.6254316568374634,-0.045859530568122864,0.5870190262794495,0.6426793932914734,-0.040671560913324356,0.5420691967010498,0.665503203868866,-0.038695529103279114,0.5861244797706604,0.6300624012947083,-0.056116264313459396,0.5927504301071167,0.6598737835884094,-0.04618522524833679,0.579197108745575,0.6712245941162109,-0.03495780751109123,0.5465621948242188,0.7040666341781616,-0.047194093465805054,0.579927384853363,0.6693515181541443,-0.053396522998809814,0.58681720495224,0.6867746710777283,-0.04105285927653313,0.5756840705871582,0.701360285282135,-0.030301449820399284,0.6343172192573547,0.7779820561408997,-1.506834479414465e-07,0.6272825598716736,0.717654824256897,-0.0029155027586966753,0.6246868371963501,0.6568373441696167,-0.009169574826955795,0.6181117296218872,0.6127786636352539,-0.01556040532886982,0.6099465489387512,0.5931732654571533,-0.021948862820863724,0.6560430526733398,0.6274992823600769,-0.013129855506122112,0.6401476860046387,0.5625579953193665,-0.025248950347304344,0.6314900517463684,0.521589457988739,-0.03328004479408264,0.6259208917617798,0.48940378427505493,-0.03938068449497223,0.6580837965011597,0.6478782296180725,-0.017563626170158386,0.6094402074813843,0.6063106060028076,-0.02693348377943039,0.6022523045539856,0.6364595890045166,-0.025467190891504288,0.6105560064315796,0.65352463722229,-0.024439426138997078,0.6494437456130981,0.6779877543449402,-0.02251471020281315,0.6005809903144836,0.6483699083328247,-0.030043233186006546,0.6011345982551575,0.6746121048927307,-0.02450503222644329,0.6140491366386414,0.685866117477417,-0.021306784823536873,0.637291431427002,0.7098978161811829,-0.02789735049009323,0.5991386771202087,0.6830775141716003,-0.03417477011680603,0.5999773740768433,0.7019414901733398,-0.0303752850741148,0.611702024936676,0.7134561538696289,-0.027015944942831993
25,0.5664329528808594,0.7679189443588257,1.589199740692493e-07,0.5881536602973938,0.7039614915847778,-0.004376674070954323,0.5925379991531372,0.6482881903648376,-0.012477007694542408,0.5953459739685059,0.6113346219062805,-0.021462444216012955,0.604997456073761,0.589548647403717,-0.03004874661564827,0.5489674806594849,0.6105880737304688,-0.018435616046190262,0.5514956712722778,0.5531729459762573,-0.03628583997488022,0.5555678606033325,0.5140535235404968,-0.04779081046581268,0.5579543113708496,0.4785500764846802,-0.055147379636764526,0.540255606174469,0.6329635977745056,-0.026331806555390358,0.5873846411705017,0.592959463596344,-0.044633541256189346,0.5953713059425354,0.6287787556648254,-0.04580308869481087,0.585635781288147,0.6460744142532349,-0.04356373846530914,0.5409013032913208,0.6672999858856201,-0.03504575043916702,0.5856518745422363,0.6315363645553589,-0.05222401022911072,0.5913194417953491,0.661018967628479,-0.044220320880413055,0.5785181522369385,0.6727643609046936,-0.035309456288814545,0.5457432270050049,0.704878568649292,-0.04433314874768257,0.5807152390480042,0.6714518070220947,-0.05183904618024826,0.5866773724555969,0.689803421497345,-0.04199906811118126,0.575501024723053,0.7029106020927429,-0.03351443633437157,0.6299976706504822,0.7705197334289551,-1.7368537896800262e-07,0.6244128942489624,0.7121894359588623,-0.0010189973982051015,0.6229070425033569,0.6520522236824036,-0.007002337370067835,0.6175890564918518,0.6099646091461182,-0.013479605317115784,0.6104236841201782,0.5923966765403748,-0.020141642540693283,0.6541466116905212,0.6262573003768921,-0.01461302861571312,0.6411746144294739,0.5615370869636536,-0.028655173256993294,0.6333787441253662,0.5226932764053345,-0.03835991770029068,0.628018856048584,0.49018412828445435,-0.04598809406161308,0.6570835113525391,0.6491775512695312,-0.02089017629623413,0.6095528602600098,0.6058831214904785,-0.03274846822023392,0.6029372215270996,0.6356905698776245,-0.03189534321427345,0.6127485632896423,0.6507005095481873,-0.031406912952661514,0.649391233921051,0.680153489112854,-0.027504371479153633,0.6012128591537476,0.6464846134185791,-0.035579320043325424,0.6002236604690552,0.6721231937408447,-0.028071831911802292,0.6135638952255249,0.6831145882606506,-0.02401324361562729,0.6368493437767029,0.7131346464157104,-0.03467497602105141,0.5974182486534119,0.6848697662353516,-0.04259553551673889,0.5975141525268555,0.7039517164230347,-0.03895602375268936,0.6097400784492493,0.7151876091957092,-0.03577984496951103
26,0.5660828351974487,0.7670433521270752,1.6838197325341753e-07,0.5878390073776245,0.7016638517379761,-0.003608646336942911,0.5923827290534973,0.6462586522102356,-0.011774364858865738,0.5950510501861572,0.6091095209121704,-0.02105955220758915,0.6042063236236572,0.5886321067810059,-0.03002963215112686,0.5490509271621704,0.6091411113739014,-0.018510764464735985,0.5512123107910156,0.5519658923149109,-0.036724843084812164,0.5552589893341064,0.5125815272331238,-0.04834267124533653,0.5568528175354004,0.4766203761100769,-0.05559903010725975,0.5399236679077148,0.6312984228134155,-0.02667112462222576,0.5875441431999207,0.590035617351532,-0.04499129205942154,0.5963978171348572,0.6264092922210693,-0.04559392109513283,0.586285412311554,0.6441071033477783,-0.042597588151693344,0.541018545627594,0.6664562821388245,-0.0355067178606987,0.584935188293457,0.630057156085968,-0.05254673212766647,0.591694176197052,0.6598336696624756,-0.04365614429116249,0.5783297419548035,0.6719926595687866,-0.03376157954335213,0.546064555644989,0.7045443058013916,-0.04484134539961815,0.580265998840332,0.6701993346214294,-0.05157938972115517,0.5867416858673096,0.688064455986023,-0.04054425284266472,0.575031042098999,0.7015401721000671,-0.03101336397230625,0.6286197900772095,0.7783282995223999,-1.7453152167945518e-07,0.6199119091033936,0.7141151428222656,-0.003306742524728179,0.619806706905365,0.6525735855102539,-0.009240321815013885,0.6189541220664978,0.6092696785926819,-0.015116862952709198,0.6127157807350159,0.5889260172843933,-0.02075512520968914,0.6549634337425232,0.6262219548225403,-0.014509881846606731,0.6418586373329163,0.5613021850585938,-0.028500238433480263,0.6346412301063538,0.5214701294898987,-0.03848889097571373,0.6295260190963745,0.48711729049682617,-0.04630470648407936,0.6578776240348816,0.6484993100166321,-0.019467493519186974,0.6094653606414795,0.6040076613426208,-0.030685903504490852,0.6027039289474487,0.6341282725334167,-0.030108056962490082,0.6126311421394348,0.6500136852264404,-0.029902590438723564,0.6496098637580872,0.6785250306129456,-0.025079894810914993,0.6004801392555237,0.6453707218170166,-0.032929856330156326,0.5993770360946655,0.6711971759796143,-0.026081310585141182,0.6127201914787292,0.682405412197113,-0.022449059411883354,0.6366277933120728,0.7108135223388672,-0.03155814856290817,0.5968217253684998,0.6838100552558899,-0.03943749517202377,0.5967354774475098,0.7028898596763611,-0.03633842244744301,0.6088535785675049,0.7138851881027222,-0.03346525505185127
27,0.5666099786758423,0.7654556035995483,1.7162166443540627e-07,0.587354838848114,0.7023608684539795,-0.004027169197797775,0.5929645895957947,0.6479333639144897,-0.01270880177617073,0.5962042808532715,0.611285924911499,-0.02226744033396244,0.6052364110946655,0.5895256996154785,-0.0314861424267292,0.5495408773422241,0.6109251976013184,-0.020546138286590576,0.5518648624420166,0.5528212785720825,-0.0396537221968174,0.5561403036117554,0.5130250453948975,-0.05150254815816879,0.5576081275939941,0.476755827665329,-0.05868946760892868,0.5408579111099243,0.6326442360877991,-0.02824941836297512,0.5881110429763794,0.590363621711731,-0.04698838293552399,0.5964083671569824,0.6265106797218323,-0.04701307415962219,0.5857775807380676,0.6436827778816223,-0.043539680540561676,0.5416682362556458,0.6670278906822205,-0.03661211207509041,0.5853955745697021,0.6306549310684204,-0.05418369546532631,0.5919156074523926,0.6602801084518433,-0.044937875121831894,0.5788626074790955,0.6720690131187439,-0.03465230390429497,0.5463823080062866,0.7048454284667969,-0.04539406672120094,0.5801365971565247,0.6710493564605713,-0.05240144580602646,0.5862799286842346,0.6890936493873596,-0.04117882251739502,0.5746467113494873,0.7025017738342285,-0.03145924210548401,0.6303487420082092,0.7735464572906494,-1.8258013767535886e-07,0.6247538328170776,0.7126004099845886,-0.0017208019271492958,0.6231166124343872,0.6504228115081787,-0.007507894188165665,0.6194841265678406,0.6077476739883423,-0.013376359827816486,0.6115280389785767,0.58918297290802,-0.019359486177563667,0.6547232270240784,0.626855731010437,-0.01612129807472229,0.6416662931442261,0.5612583160400391,-0.029577989131212234,0.6340454816818237,0.5218206644058228,-0.03885781019926071,0.6282323598861694,0.4877240061759949,-0.046262629330158234,0.6574536561965942,0.6499043107032776,-0.021631333976984024,0.6086916923522949,0.6052408814430237,-0.032302822917699814,0.6026992797851562,0.6353229284286499,-0.031199758872389793,0.6121927499771118,0.651496946811676,-0.030902015045285225,0.6493147611618042,0.6807279586791992,-0.02737528458237648,0.5998079180717468,0.6483162641525269,-0.0343095026910305,0.6004160046577454,0.6737492084503174,-0.027552511543035507,0.6137264370918274,0.6856513023376465,-0.02432236820459366,0.6368061304092407,0.7138950228691101,-0.03370852395892143,0.5969395637512207,0.6860506534576416,-0.04091000556945801,0.5976905822753906,0.7045215368270874,-0.037773773074150085,0.6095792055130005,0.7160098552703857,-0.03513668105006218
28,0.5666059851646423,0.7709053158760071,1.7188423839797906e-07,0.5891073942184448,0.7048065662384033,-0.0034244710113853216,0.5934754610061646,0.6488266587257385,-0.012030393816530704,0.5946550965309143,0.6104485988616943,-0.021907176822423935,0.601966142654419,0.590720534324646,-0.03151114657521248,0.5493614673614502,0.6136504411697388,-0.017810052260756493,0.551386833190918,0.556573748588562,-0.0359649695456028,0.5557650923728943,0.5167878866195679,-0.04721692577004433,0.55779629945755,0.4812917709350586,-0.054200440645217896,0.5407519340515137,0.6351179480552673,-0.025936312973499298,0.5881168842315674,0.5946142077445984,-0.045001234859228134,0.5961772203445435,0.6312779784202576,-0.04557691514492035,0.5858741402626038,0.6487387418746948,-0.04228587821125984,0.54170161485672,0.66932612657547,-0.03473130241036415,0.585791289806366,0.6335752606391907,-0.05246738716959953,0.5917894244194031,0.6638143062591553,-0.043491385877132416,0.5790426731109619,0.676148533821106,-0.03329482674598694,0.5465052127838135,0.7070354223251343,-0.043932244181632996,0.580195426940918,0.6734350919723511,-0.05103070288896561,0.5859577655792236,0.6921906471252441,-0.040156930685043335,0.5750236511230469,0.7057300209999084,-0.030651839450001717,0.6257263422012329,0.7861975431442261,-1.855928672966911e-07,0.620620608329773,0.7171974778175354,-0.0024365184362977743,0.620741605758667,0.655545175075531,-0.008965409360826015,0.6175625920295715,0.6139742136001587,-0.015920490026474,0.6138367652893066,0.5970547795295715,-0.022707248106598854,0.6547773480415344,0.6270250082015991,-0.013525637798011303,0.6433020830154419,0.5607888698577881,-0.026591209694743156,0.6360985636711121,0.5207219123840332,-0.0366145484149456,0.6300925016403198,0.48767945170402527,-0.044293906539678574,0.6586756706237793,0.6500353813171387,-0.018577147275209427,0.6104568839073181,0.6076094508171082,-0.027217064052820206,0.6048689484596252,0.6349169611930847,-0.02734927460551262,0.6137563586235046,0.6522907614707947,-0.028490900993347168,0.6506882309913635,0.6820824146270752,-0.0241266880184412,0.600091814994812,0.6492425799369812,-0.02958075702190399,0.6007246375083923,0.673714816570282,-0.024699266999959946,0.6136565208435059,0.6863194704055786,-0.0232123751193285,0.6378716826438904,0.7156872153282166,-0.030427366495132446,0.5976503491401672,0.6880750060081482,-0.036024004220962524,0.5987992882728577,0.7055534720420837,-0.03317661210894585,0.6110514998435974,0.7172458171844482,-0.031063169240951538
29,0.5663583278656006,0.7660208940505981,1.6180899820028571e-07,0.5867226719856262,0.7015308737754822,-0.003727065399289131,0.5922879576683044,0.6466124057769775,-0.012342214584350586,0.5964577198028564,0.6102961897850037,-0.02197922207415104,0.6067808866500854,0.5897615551948547,-0.03127983585000038,0.5500539541244507,0.6118610501289368,-0.0204310342669487,0.5518849492073059,0.5533219575881958,-0.03941691666841507,0.5567331314086914,0.5141356587409973,-0.05098544806241989,0.5586596131324768,0.47842520475387573,-0.05784988030791283,0.5410509705543518,0.6344095468521118,-0.0283188559114933,0.5882498025894165,0.5917967557907104,-0.046690963208675385,0.5967168211936951,0.6282954216003418,-0.04627131670713425,0.5859317779541016,0.6453226208686829,-0.042484428733587265,0.5419901609420776,0.6695588827133179,-0.03688953444361687,0.5858304500579834,0.6326367259025574,-0.054236285388469696,0.592795193195343,0.6621704697608948,-0.044966429471969604,0.5793681740760803,0.67379230260849,-0.03464747220277786,0.5472602248191833,0.7076364159584045,-0.04585469141602516,0.5807692408561707,0.6722678542137146,-0.052280835807323456,0.5868769884109497,0.6892908215522766,-0.040846724063158035,0.5746093988418579,0.7025898694992065,-0.03111742064356804,0.6268652677536011,0.7863911390304565,-1.852446445127498e-07,0.6191235780715942,0.7174274325370789,-0.0033994244877249002,0.6186979413032532,0.6566382050514221,-0.010311716236174107,0.6170996427536011,0.6139400005340576,-0.017276249825954437,0.6150693297386169,0.5902549028396606,-0.023965155705809593,0.6555683612823486,0.6283286213874817,-0.015433097258210182,0.6449273824691772,0.562339186668396,-0.029944205656647682,0.6382025480270386,0.5212558507919312,-0.040249161422252655,0.6328650116920471,0.48639780282974243,-0.0478878878057003,0.6589207053184509,0.6520438194274902,-0.02018132619559765,0.6114048361778259,0.6055040955543518,-0.030549244955182076,0.6036772727966309,0.6345503330230713,-0.029958557337522507,0.6120832562446594,0.6518446803092957,-0.029990602284669876,0.6502576470375061,0.6830793023109436,-0.02558477222919464,0.6006486415863037,0.6478891372680664,-0.032553523778915405,0.5997658371925354,0.6740648150444031,-0.02614927478134632,0.6126803755760193,0.6867268085479736,-0.02305229939520359,0.6369550228118896,0.7157281637191772,-0.03178664296865463,0.5974570512771606,0.6861956715583801,-0.038060400635004044,0.5971689820289612,0.7049047946929932,-0.034284960478544235,0.6088215708732605,0.7165678143501282,-0.03117050789296627
30,0.5687267184257507,0.7651208639144897,1.515324328238421e-07,0.5886963605880737,0.6993944644927979,-0.0034585832618176937,0.5933836698532104,0.6449319124221802,-0.011439098976552486,0.5972727537155151,0.607746422290802,-0.02028285339474678,0.6068626642227173,0.5829897522926331,-0.028473123908042908,0.5511417388916016,0.6096748113632202,-0.02000177465379238,0.5529175996780396,0.5522604584693909,-0.039285436272621155,0.5572937726974487,0.5132787823677063,-0.05130937322974205,0.5591207146644592,0.4780260920524597,-0.058460939675569534,0.5422602891921997,0.6329481601715088,-0.027922745794057846,0.5885069370269775,0.5908883810043335,-0.04603942483663559,0.5968811511993408,0.6260729432106018,-0.04596114531159401,0.5861652493476868,0.6423543691635132,-0.04274750500917435,0.5431914925575256,0.6679497957229614,-0.03657420352101326,0.5857810974121094,0.6298294067382812,-0.053954146802425385,0.5921475887298584,0.6593652963638306,-0.04509764164686203,0.5784753561019897,0.6706281900405884,-0.03530547022819519,0.5481345653533936,0.7062284350395203,-0.04559310898184776,0.5812200307846069,0.6720413565635681,-0.052450090646743774,0.5862450003623962,0.68974769115448,-0.04142662137746811,0.5726627707481384,0.7030202746391296,-0.03199714794754982,0.628362238407135,0.7830294966697693,-1.7493590576123097e-07,0.6206499934196472,0.7155039310455322,-0.0030718466732650995,0.620343804359436,0.6541944742202759,-0.009614039212465286,0.6193344593048096,0.6109053492546082,-0.016180938109755516,0.615484893321991,0.5912485718727112,-0.022548368200659752,0.6563886404037476,0.6286240816116333,-0.015288745984435081,0.6453844308853149,0.561735987663269,-0.028795909136533737,0.6392716765403748,0.5210931301116943,-0.038139406591653824,0.6345035433769226,0.48728758096694946,-0.0452888086438179,0.6591641902923584,0.6519790887832642,-0.020102592185139656,0.6115855574607849,0.6064929962158203,-0.03038644790649414,0.6043782234191895,0.6354604959487915,-0.02928883582353592,0.613249659538269,0.6519760489463806,-0.028833171352744102,0.6504588723182678,0.6829127073287964,-0.025426261126995087,0.6014652252197266,0.6484144926071167,-0.03238873928785324,0.6009759902954102,0.6735557913780212,-0.02581348642706871,0.6141350269317627,0.6855646371841431,-0.02250031568109989,0.6371958255767822,0.7158263921737671,-0.03148724511265755,0.597976803779602,0.6862841248512268,-0.038022447377443314,0.5980522036552429,0.7046626806259155,-0.03436217084527016,0.6098165512084961,0.7163720726966858,-0.03125062584877014
31,0.5702690482139587,0.7669739723205566,1.7251643669169425e-07,0.5892601013183594,0.7049745917320251,-0.004028110299259424,0.5922753214836121,0.6514075994491577,-0.012593284249305725,0.5944424271583557,0.6144622564315796,-0.021950237452983856,0.6019362807273865,0.5883326530456543,-0.030735431239008904,0.5514362454414368,0.6152663826942444,-0.021156908944249153,0.552556574344635,0.5588773488998413,-0.04021599888801575,0.5568156242370605,0.5193597078323364,-0.05208591744303703,0.5580965280532837,0.48467957973480225,-0.05911160260438919,0.5423794984817505,0.638266384601593,-0.028585797175765038,0.5868034362792969,0.5951144695281982,-0.046446047723293304,0.5966517925262451,0.6285508871078491,-0.04645637050271034,0.5872053503990173,0.6452053785324097,-0.043338142335414886,0.5432491898536682,0.672917366027832,-0.03662361577153206,0.584567666053772,0.6343716382980347,-0.05374377220869064,0.5916296243667603,0.6629324555397034,-0.045149460434913635,0.578169047832489,0.6752285957336426,-0.03564237058162689,0.5482197999954224,0.7102383375167847,-0.04506705328822136,0.5814183950424194,0.6771501302719116,-0.05252910032868385,0.5873746275901794,0.6941769123077393,-0.042223941534757614,0.5746361017227173,0.7072370648384094,-0.03316260501742363,0.6263133883476257,0.7799230813980103,-1.8201619411684078e-07,0.6201304197311401,0.7148870825767517,-0.002373178256675601,0.6200476288795471,0.6560828685760498,-0.009375113062560558,0.618014931678772,0.6156248450279236,-0.016704397276043892,0.6147660613059998,0.6010448336601257,-0.024070926010608673,0.6554533839225769,0.6303571462631226,-0.015085682272911072,0.6444281339645386,0.5650463104248047,-0.029409103095531464,0.6381199955940247,0.5252170562744141,-0.03973880037665367,0.6329335570335388,0.4912916421890259,-0.0475359708070755,0.6598040461540222,0.6554149985313416,-0.02041357383131981,0.6111932396888733,0.6089916825294495,-0.030061224475502968,0.6040529608726501,0.6383708119392395,-0.0289118941873312,0.6127477884292603,0.65513014793396,-0.02860584855079651,0.6518468856811523,0.6885053515434265,-0.026280788704752922,0.6014634370803833,0.6519723534584045,-0.03273175284266472,0.6007476449012756,0.6769516468048096,-0.026391254737973213,0.6136602759361267,0.6894011497497559,-0.023402290418744087,0.6387563347816467,0.7233171463012695,-0.03278461471199989,0.5983181595802307,0.6913630962371826,-0.03904443606734276,0.5987199544906616,0.7093734741210938,-0.03525267913937569,0.6104739904403687,0.7217259407043457,-0.0321279875934124
32,0.5684307813644409,0.7739694714546204,1.8192604045452754e-07,0.5890823602676392,0.7085281014442444,-0.0026680799201130867,0.5923604369163513,0.6516759991645813,-0.010877753607928753,0.59144127368927,0.6118719577789307,-0.020259981974959373,0.5961604118347168,0.5889073610305786,-0.029490023851394653,0.5499408841133118,0.6168694496154785,-0.018696332350373268,0.5522187352180481,0.5596373081207275,-0.037228479981422424,0.557619571685791,0.5191428065299988,-0.04832831770181656,0.5604941248893738,0.4844123125076294,-0.054764825850725174,0.5416461825370789,0.6390631794929504,-0.026705747470259666,0.5888542532920837,0.5970906615257263,-0.04489918798208237,0.5980629920959473,0.6336659789085388,-0.04429677873849869,0.5879256725311279,0.6516320705413818,-0.04014379531145096,0.5428450107574463,0.6737012267112732,-0.03529584780335426,0.5872735977172852,0.637711226940155,-0.052500106394290924,0.5939159989356995,0.6673791408538818,-0.04317731410264969,0.5808380842208862,0.6792793273925781,-0.03270678594708443,0.5475817322731018,0.7119486331939697,-0.04412622004747391,0.5815062522888184,0.6777766346931458,-0.050843145698308945,0.5875962972640991,0.6962733268737793,-0.03963577374815941,0.5762845873832703,0.7098534107208252,-0.02983045019209385,0.6293520331382751,0.7866458892822266,-1.9582439847454225e-07,0.6227127313613892,0.7206401228904724,-0.0037272165063768625,0.6219362020492554,0.6593825221061707,-0.010277669876813889,0.6187258362770081,0.6162686347961426,-0.01693217270076275,0.6144537329673767,0.5944617986679077,-0.023292817175388336,0.6564052104949951,0.6309061050415039,-0.014188208617269993,0.6452189087867737,0.5639058947563171,-0.027130959555506706,0.637310266494751,0.5237693786621094,-0.03599295765161514,0.6312041282653809,0.4909213185310364,-0.042766161262989044,0.6602240800857544,0.6552388668060303,-0.018660305067896843,0.6122471690177917,0.6101692914962769,-0.028268761932849884,0.6048225164413452,0.6393516659736633,-0.028156809508800507,0.6135892868041992,0.6570234298706055,-0.028612487018108368,0.6522473692893982,0.6878283619880676,-0.02374611608684063,0.6020204424858093,0.653679370880127,-0.03099549189209938,0.6016626358032227,0.6793859601020813,-0.025919964537024498,0.614534854888916,0.6916224360466003,-0.023554788902401924,0.6396871209144592,0.7214288711547852,-0.029512565582990646,0.6002392768859863,0.6928967237472534,-0.036308374255895615,0.6009894013404846,0.7104247212409973,-0.0334123894572258,0.613251268863678,0.7210926413536072,-0.030833138152956963
33,0.5684307813644409,0.7739694714546204,1.8192604045452754e-07,0.5890823602676392,0.7085281014442444,-0.0026680799201130867,0.5923604369163513,0.6516759991645813,-0.010877753607928753,0.59144127368927,0.6118719577789307,-0.020259981974959373,0.5961604118347168,0.5889073610305786,-0.029490023851394653,0.5499408841133118,0.6168694496154785,-0.018696332350373268,0.5522187352180481,0.5596373081207275,-0.037228479981422424,0.557619571685791,0.5191428065299988,-0.04832831770181656,0.5604941248893738,0.4844123125076294,-0.054764825850725174,0.5416461825370789,0.6390631794929504,-0.026705747470259666,0.5888542532920837,0.5970906615257263,-0.04489918798208237,0.5980629920959473,0.6336659789085388,-0.04429677873849869,0.5879256725311279,0.6516320705413818,-0.04014379531145096,0.5428450107574463,0.6737012267112732,-0.03529584780335426,0.5872735977172852,0.637711226940155,-0.052500106394290924,0.5939159989356995,0.6673791408538818,-0.04317731410264969,0.5808380842208862,0.6792793273925781,-0.03270678594708443,0.5475817322731018,0.7119486331939697,-0.04412622004747391,0.5815062522888184,0.6777766346931458,-0.050843145698308945,0.5875962972640991,0.6962733268737793,-0.03963577374815941,0.5762845873832703,0.7098534107208252,-0.02983045019209385,0.6293520331382751,0.7866458892822266,-1.9582439847454225e-07,0.6227127313613892,0.7206401228904724,-0.0037272165063768625,0.6219362020492554,0.6593825221061707,-0.010277669876813889,0.6187258362770081,0.6162686347961426,-0.01693217270076275,0.6144537329673767,0.5944617986679077,-0.023292817175388336,0.6564052104949951,0.6309061050415039,-0.014188208617269993,0.6452189087867737,0.5639058947563171,-0.027130959555506706,0.637310266494751,0.5237693786621094,-0.03599295765161514,0.6312041282653809,0.4909213185310364,-0.042766161262989044,0.6602240800857544,0.6552388668060303,-0.018660305067896843,0.6122471690177917,0.6101692914962769,-0.028268761932849884,0.6048225164413452,0.6393516659736633,-0.028156809508800507,0.6135892868041992,0.6570234298706055,-0.028612487018108368,0.6522473692893982,0.6878283619880676,-0.02374611608684063,0.6020204424858093,0.653679370880127,-0.03099549189209938,0.6016626358032227,0.6793859601020813,-0.025919964537024498,0.614534854888916,0.6916224360466003,-0.023554788902401924,0.6396871209144592,0.7214288711547852,-0.029512565582990646,0.6002392768859863,0.6928967237472534,-0.036308374255895615,0.6009894013404846,0.7104247212409973,-0.0334123894572258,0.613251268863678,0.7210926413536072,-0.030833138152956963
34,0.5677942037582397,0.7759055495262146,1.6438639249827247e-07,0.589573323726654,0.7073420882225037,-0.00307741342112422,0.5921240448951721,0.6500298380851746,-0.011577241122722626,0.5912804007530212,0.6120765209197998,-0.021418489515781403,0.5966109037399292,0.5911920666694641,-0.03097202070057392,0.5494406819343567,0.6164963841438293,-0.01834089122712612,0.5515584349632263,0.5585082173347473,-0.03688625991344452,0.5568214058876038,0.5195123553276062,-0.048570577055215836,0.559762179851532,0.4843917489051819,-0.05581782013177872,0.5407176613807678,0.6408548951148987,-0.026853788644075394,0.5882538557052612,0.5988110899925232,-0.04540695250034332,0.5967317223548889,0.6350247859954834,-0.0459531806409359,0.5858254432678223,0.6519185900688171,-0.043096061795949936,0.5423778891563416,0.6769378781318665,-0.03606180101633072,0.5870393514633179,0.6382831931114197,-0.05322560667991638,0.5938175320625305,0.6675902009010315,-0.04432147741317749,0.5802739262580872,0.6794846057891846,-0.0345979742705822,0.5480121374130249,0.7153385281562805,-0.04572610929608345,0.5826340317726135,0.6798502802848816,-0.0524747408926487,0.5883533358573914,0.6978806853294373,-0.04160306975245476,0.5759710669517517,0.7112791538238525,-0.03238964080810547,0.6329549551010132,0.7868518233299255,-1.7684490671854292e-07,0.6278291940689087,0.7232736945152283,-0.0034757584799081087,0.6265437006950378,0.6603947281837463,-0.009881860576570034,0.6199356317520142,0.6148690581321716,-0.016348866745829582,0.612825334072113,0.5993409752845764,-0.02280547469854355,0.6575630307197571,0.6324459910392761,-0.014363666996359825,0.6452284455299377,0.5651385188102722,-0.027034319937229156,0.6372051239013672,0.5253114700317383,-0.03568773344159126,0.6316930055618286,0.491818368434906,-0.04258717596530914,0.6611697673797607,0.6568731069564819,-0.018825355917215347,0.6125412583351135,0.6096159815788269,-0.028331812471151352,0.6050982475280762,0.6395578384399414,-0.027759941294789314,0.6137294173240662,0.6568430066108704,-0.027869977056980133,0.6531113386154175,0.6901981234550476,-0.023782633244991302,0.6030707359313965,0.6548382043838501,-0.030650245025753975,0.6027523875236511,0.6803041696548462,-0.025197114795446396,0.6155020594596863,0.691948413848877,-0.022631021216511726,0.6404263973236084,0.7241332530975342,-0.0293669905513525,0.6011657118797302,0.6948209404945374,-0.03575768321752548,0.6021941900253296,0.7117263078689575,-0.03263475373387337,0.6144521832466125,0.7222910523414612,-0.03000427596271038
35,0.5687437653541565,0.7764458656311035,1.7596528323338134e-07,0.5891234278678894,0.70751953125,-0.002548388671129942,0.5945029258728027,0.6509919166564941,-0.011411655694246292,0.5989386439323425,0.6138477921485901,-0.021693259477615356,0.6086398959159851,0.5952456593513489,-0.031782835721969604,0.5514006614685059,0.618704080581665,-0.019128836691379547,0.5525442957878113,0.5618700385093689,-0.03795456886291504,0.5574156045913696,0.5214082598686218,-0.04934029281139374,0.5596103668212891,0.4860600531101227,-0.056209173053503036,0.543088972568512,0.6418136358261108,-0.02792823128402233,0.5895847082138062,0.599351167678833,-0.047135498374700546,0.5986626744270325,0.6360157132148743,-0.047072090208530426,0.5885069370269775,0.6537026762962341,-0.04331148415803909,0.5443425178527832,0.6780011653900146,-0.037279535084962845,0.587999701499939,0.6413392424583435,-0.05526814982295036,0.5946454405784607,0.6706591248512268,-0.046039797365665436,0.5813610553741455,0.6825692057609558,-0.03556479513645172,0.5493951439857483,0.7174984812736511,-0.046885184943675995,0.5830904841423035,0.6825905442237854,-0.05375911295413971,0.5888941884040833,0.6994182467460632,-0.04250308498740196,0.5768466591835022,0.7120689749717712,-0.03275339677929878,0.6274488568305969,0.7962004542350769,-1.991782312416035e-07,0.6210241913795471,0.7264987230300903,-0.003742904867976904,0.6209195852279663,0.6626387238502502,-0.010549298487603664,0.6183465123176575,0.6181008219718933,-0.01775091141462326,0.6152435541152954,0.5991899967193604,-0.024478083476424217,0.6590328216552734,0.6338300108909607,-0.01147769857198,0.6452938318252563,0.5674469470977783,-0.023985709995031357,0.6366907358169556,0.5292731523513794,-0.03278453275561333,0.6312504410743713,0.4992254078388214,-0.03927749767899513,0.6626654267311096,0.6588180065155029,-0.01608339324593544,0.6139323711395264,0.6148154139518738,-0.024364300072193146,0.606347918510437,0.6437541246414185,-0.024142086505889893,0.6155431270599365,0.6616518497467041,-0.024581428617239,0.6542156338691711,0.6927154064178467,-0.021558966487646103,0.6035062670707703,0.6569042801856995,-0.028261559084057808,0.6026454567909241,0.683379054069519,-0.023691749200224876,0.615750253200531,0.6967524290084839,-0.02158799022436142,0.6409944295883179,0.7272598743438721,-0.02776392363011837,0.6016287207603455,0.6956213712692261,-0.033490873873233795,0.6021284461021423,0.7141280770301819,-0.030240075662732124,0.6142560243606567,0.727236270904541,-0.027430055662989616
36,0.5697520971298218,0.7822409868240356,1.5526651964137272e-07,0.5927160382270813,0.7118502855300903,-0.0033942691516131163,0.5968148708343506,0.6550859212875366,-0.011933883652091026,0.5988933444023132,0.6174005270004272,-0.021701626479625702,0.6072052121162415,0.5969286561012268,-0.030840512365102768,0.552080512046814,0.6203181147575378,-0.018476545810699463,0.5532982349395752,0.562219500541687,-0.037677206099033356,0.5583873391151428,0.5225158929824829,-0.04967828094959259,0.5608770847320557,0.4871777296066284,-0.056998398154973984,0.5429999828338623,0.6446241140365601,-0.027208108454942703,0.590190052986145,0.6015245318412781,-0.04578392207622528,0.598387598991394,0.6386969089508057,-0.045893408358097076,0.5866585373878479,0.6554904580116272,-0.04271191358566284,0.5438939929008484,0.6806936264038086,-0.03687595576047897,0.5881754755973816,0.6424921154975891,-0.05480620265007019,0.5947838425636292,0.6731144189834595,-0.04625951498746872,0.580435574054718,0.6842411756515503,-0.03662079945206642,0.5490795969963074,0.7201367616653442,-0.04697636887431145,0.5836929082870483,0.6862832903862,-0.05405471473932266,0.5897135734558105,0.7043766975402832,-0.043267861008644104,0.5763158202171326,0.7172533273696899,-0.03411198779940605,0.6277964115142822,0.7983636856079102,-2.1567764463270578e-07,0.6212830543518066,0.7296487092971802,-0.0042387754656374454,0.6224256753921509,0.6645866632461548,-0.010998860001564026,0.6203017234802246,0.6194502711296082,-0.018064944073557854,0.6165868043899536,0.6010454893112183,-0.02458629384636879,0.6617104411125183,0.6375301480293274,-0.01168935839086771,0.6475555896759033,0.5691554546356201,-0.02469545416533947,0.6375198364257812,0.5301874876022339,-0.03344840183854103,0.6306486129760742,0.4999123513698578,-0.039703041315078735,0.664640486240387,0.6620694398880005,-0.015986012294888496,0.6153708696365356,0.616126298904419,-0.024667466059327126,0.6062291860580444,0.6461840867996216,-0.024433817714452744,0.614988386631012,0.6650295853614807,-0.02454991079866886,0.6554625034332275,0.694994330406189,-0.021230017766356468,0.6038045883178711,0.6599396467208862,-0.028447002172470093,0.6019521355628967,0.6875754594802856,-0.024219609797000885,0.6151180267333984,0.7004833221435547,-0.022124866023659706,0.6416926980018616,0.7281522750854492,-0.027172047644853592,0.6014468669891357,0.6998592019081116,-0.03341643884778023,0.6013954877853394,0.7190921902656555,-0.03049847111105919,0.6140461564064026,0.7308796048164368,-0.027767304331064224
37,0.5663029551506042,0.7869914174079895,1.21345635761827e-07,0.5909056067466736,0.716242790222168,-0.0031903258059173822,0.5995145440101624,0.6559464335441589,-0.01074001844972372,0.6033574342727661,0.6151137948036194,-0.01909678243100643,0.612064778804779,0.5970957279205322,-0.02668449655175209,0.5526394248008728,0.6203444004058838,-0.018975786864757538,0.555385410785675,0.5623884797096252,-0.038351137191057205,0.5600040555000305,0.5218735933303833,-0.04994417354464531,0.5637137293815613,0.4876154363155365,-0.056965701282024384,0.544418454170227,0.6448689103126526,-0.027699293568730354,0.5906973481178284,0.6016825437545776,-0.0472126379609108,0.5965250730514526,0.6380755305290222,-0.04731502756476402,0.5856741070747375,0.656441330909729,-0.043894290924072266,0.54532790184021,0.6813215613365173,-0.03724805638194084,0.5900783538818359,0.6446916460990906,-0.05573390796780586,0.5927683711051941,0.6753389835357666,-0.04665955901145935,0.5798659324645996,0.6865201592445374,-0.036304082721471786,0.5502048134803772,0.7217877507209778,-0.04717664793133736,0.5859627723693848,0.6879218816757202,-0.05379219725728035,0.5894240736961365,0.7070877552032471,-0.042551349848508835,0.5778121948242188,0.7198536396026611,-0.03305508941411972,0.6296893954277039,0.8007838129997253,-2.0593564897808392e-07,0.6236627101898193,0.7298556566238403,-0.003941993694752455,0.6245522499084473,0.6643524169921875,-0.011012185364961624,0.6215527653694153,0.6190758347511292,-0.018506770953536034,0.617294192314148,0.6012510061264038,-0.025600522756576538,0.6632202863693237,0.6391004323959351,-0.012330377474427223,0.6481489539146423,0.5695371627807617,-0.02507871948182583,0.6388656497001648,0.53077232837677,-0.0335257463157177,0.6332280039787292,0.5000550150871277,-0.03978706896305084,0.665979266166687,0.6643878221511841,-0.016988595947623253,0.6157943606376648,0.6170707941055298,-0.02589414082467556,0.6073979139328003,0.6474674344062805,-0.02542034536600113,0.6168085932731628,0.6657569408416748,-0.025537798181176186,0.6567855477333069,0.6978957056999207,-0.022531786933541298,0.6048082709312439,0.6604207754135132,-0.029659729450941086,0.6034021973609924,0.6883735656738281,-0.02512398362159729,0.6167977452278137,0.7019448280334473,-0.02300635725259781,0.6430697441101074,0.7317851781845093,-0.028785113245248795,0.6025720238685608,0.700657308101654,-0.03494837135076523,0.6031797528266907,0.7196263074874878,-0.03215674310922623,0.6161606907844543,0.7322620749473572,-0.029667969793081284
38,0.5692329406738281,0.7882413864135742,1.7415541719856265e-07,0.5902195572853088,0.7180500030517578,-0.0010240108240395784,0.5944007635116577,0.6590929627418518,-0.009520201943814754,0.5957202911376953,0.6198933720588684,-0.019871322438120842,0.6039131879806519,0.6015780568122864,-0.03013003244996071,0.5516273975372314,0.6262156367301941,-0.017132654786109924,0.5530666708946228,0.5673720240592957,-0.03538956865668297,0.5597496032714844,0.526951253414154,-0.04644879698753357,0.5638889670372009,0.49287980794906616,-0.05328192189335823,0.5441069602966309,0.6502304077148438,-0.02657214179635048,0.5913004279136658,0.6073103547096252,-0.046201229095458984,0.6000343561172485,0.643799364566803,-0.04653308540582657,0.5893662571907043,0.6614082455635071,-0.04307713732123375,0.5463374257087708,0.6869190335273743,-0.03638176620006561,0.5905174612998962,0.6490013599395752,-0.05381426960229874,0.5962087512016296,0.6780897974967957,-0.04410209134221077,0.5828199982643127,0.6905887126922607,-0.03359861299395561,0.5514640808105469,0.7262758016586304,-0.046393103897571564,0.5857751369476318,0.6925325393676758,-0.052974723279476166,0.589741587638855,0.7108972668647766,-0.04164939373731613,0.5767964720726013,0.7232277393341064,-0.03200825676321983,0.6326484680175781,0.801851749420166,-2.0484250740082643e-07,0.6297235488891602,0.7341914176940918,-0.0034680920653045177,0.6302576661109924,0.6699427366256714,-0.009302091784775257,0.6257609724998474,0.6249411106109619,-0.015394599176943302,0.61881023645401,0.6059318780899048,-0.021214380860328674,0.6645798683166504,0.6426772475242615,-0.012080162763595581,0.6488351821899414,0.5746549367904663,-0.024417320266366005,0.6397520303726196,0.5359888076782227,-0.033133700489997864,0.6339194774627686,0.5046600103378296,-0.0395909808576107,0.6667333245277405,0.6688869595527649,-0.016635218635201454,0.6166039109230042,0.6219140887260437,-0.025097111240029335,0.6090807914733887,0.6505846977233887,-0.025134913623332977,0.6182024478912354,0.6694893836975098,-0.025709211826324463,0.6573160290718079,0.703853189945221,-0.021880758926272392,0.60631263256073,0.6659242510795593,-0.02902085892856121,0.6061091423034668,0.6919460296630859,-0.025085531175136566,0.6195072531700134,0.705400288105011,-0.023227358236908913,0.6438133120536804,0.7396305799484253,-0.02767104282975197,0.6047959327697754,0.7068011164665222,-0.0336870402097702,0.6059743165969849,0.7244141697883606,-0.0305801834911108,0.6186617612838745,0.7369206547737122,-0.027828315272927284
39,0.5624389052391052,0.8071279525756836,1.380871736955669e-07,0.584347665309906,0.7337150573730469,0.0013165255077183247,0.5923476219177246,0.6748553514480591,-0.00551366712898016,0.5980018973350525,0.633135199546814,-0.013823417015373707,0.6091412305831909,0.6094820499420166,-0.021478837355971336,0.5519344210624695,0.6397590637207031,-0.01768612675368786,0.5563567280769348,0.5788425207138062,-0.03672964125871658,0.5628114342689514,0.5382012128829956,-0.04720296710729599,0.5675378441810608,0.5043027400970459,-0.052906572818756104,0.5467994809150696,0.6639738082885742,-0.027814768254756927,0.5910431146621704,0.6167073249816895,-0.047015056014060974,0.5980979800224304,0.6488779187202454,-0.046254713088274,0.589301347732544,0.6670666933059692,-0.041789572685956955,0.5494579672813416,0.7003130316734314,-0.03818463906645775,0.592900812625885,0.6611713171005249,-0.056113000959157944,0.5955803990364075,0.6913474202156067,-0.04610482603311539,0.5838462710380554,0.7037063241004944,-0.03455524891614914,0.555616021156311,0.7416557669639587,-0.04827822372317314,0.5898874402046204,0.705175518989563,-0.053485121577978134,0.5920573472976685,0.7248368263244629,-0.04075577110052109,0.5811554789543152,0.7385103106498718,-0.02987617999315262,0.6313655376434326,0.8297122716903687,-2.1190869858855876e-07,0.6267220973968506,0.7555562853813171,-0.0038455957546830177,0.6277713775634766,0.6888653039932251,-0.010094406083226204,0.6243805885314941,0.6416035294532776,-0.01675879769027233,0.6194773316383362,0.6178338527679443,-0.02313188463449478,0.6676464080810547,0.6553785800933838,-0.01080357376486063,0.6526936292648315,0.587959885597229,-0.02291208505630493,0.6436524987220764,0.5486872792243958,-0.03197496011853218,0.637535572052002,0.5175697207450867,-0.038599058985710144,0.6707957983016968,0.6818609833717346,-0.015208139084279537,0.6193485856056213,0.63377445936203,-0.02250266820192337,0.6112885475158691,0.6629602909088135,-0.022522347047924995,0.6201337575912476,0.682908833026886,-0.023482145741581917,0.6615749001502991,0.7175600528717041,-0.020453481003642082,0.6088002324104309,0.678021252155304,-0.02622813917696476,0.6078715324401855,0.7052134275436401,-0.021693365648388863,0.6212272047996521,0.7197052240371704,-0.019912773743271828,0.6475071907043457,0.754083514213562,-0.02649771235883236,0.607172429561615,0.7187853455543518,-0.03127697482705116,0.6077796220779419,0.7372966408729553,-0.027323076501488686,0.620424211025238,0.751197099685669,-0.024160342290997505
40,0.5650659203529358,0.8149728775024414,1.5747690440548467e-07,0.5887609720230103,0.7436611652374268,-0.00047925265971571207,0.5959328413009644,0.6844747066497803,-0.007804281543940306,0.5987562537193298,0.6436474323272705,-0.01618209294974804,0.6072309613227844,0.6192702054977417,-0.023864639922976494,0.5531260371208191,0.6443212032318115,-0.018798356875777245,0.5573989152908325,0.5824816823005676,-0.037287093698978424,0.5644630193710327,0.5411027669906616,-0.046997036784887314,0.5693970918655396,0.5081314444541931,-0.05223013088107109,0.5483217239379883,0.6688845157623291,-0.02842104621231556,0.5938258171081543,0.6217034459114075,-0.04798678308725357,0.6000672578811646,0.6554698944091797,-0.047187112271785736,0.5907651782035828,0.6749300956726074,-0.042515404522418976,0.5507795810699463,0.7057256698608398,-0.03846278414130211,0.5951991677284241,0.6682103872299194,-0.0570598803460598,0.5970921516418457,0.6983691453933716,-0.04765987768769264,0.5856999158859253,0.7097060680389404,-0.03654973953962326,0.5568709969520569,0.7488675713539124,-0.04827740415930748,0.5917768478393555,0.7146777510643005,-0.054186251014471054,0.5938197374343872,0.7351124286651611,-0.04195094853639603,0.5828656554222107,0.7477462291717529,-0.03151009604334831,0.6419376134872437,0.8378154635429382,-1.7119818096489325e-07,0.6393002271652222,0.7667582035064697,-0.0019167031859979033,0.6377374529838562,0.6997881531715393,-0.00781567394733429,0.629621684551239,0.6533377170562744,-0.014191409572958946,0.6181986927986145,0.629109263420105,-0.020939486101269722,0.6703574061393738,0.6644899249076843,-0.013389135710895061,0.6531142592430115,0.5959084630012512,-0.025248944759368896,0.6441461443901062,0.5540564656257629,-0.034099359065294266,0.6376484632492065,0.5213599801063538,-0.04078444465994835,0.6727889180183411,0.6920151710510254,-0.018761979416012764,0.6203452944755554,0.6422985792160034,-0.025995498523116112,0.6141222715377808,0.6712355017662048,-0.025257643312215805,0.623214066028595,0.6913237571716309,-0.025903398171067238,0.6628934144973755,0.7285059094429016,-0.02441752888262272,0.6105121374130249,0.686622679233551,-0.030789148062467575,0.6118770837783813,0.7140659093856812,-0.02609686739742756,0.6255466938018799,0.7293373346328735,-0.024261170998215675,0.6489797830581665,0.7663686275482178,-0.030357906594872475,0.6096407771110535,0.7283730506896973,-0.03571901470422745,0.6116278767585754,0.7477086186408997,-0.031051814556121826,0.6240066289901733,0.7633365988731384,-0.027471520006656647
