frame,feature_0,feature_1,feature_2,feature_3,feature_4,feature_5,feature_6,feature_7,feature_8,feature_9,feature_10,feature_11,feature_12,feature_13,feature_14,feature_15,feature_16,feature_17,feature_18,feature_19,feature_20,feature_21,feature_22,feature_23,feature_24,feature_25,feature_26,feature_27,feature_28,feature_29,feature_30,feature_31,feature_32,feature_33,feature_34,feature_35,feature_36,feature_37,feature_38,feature_39,feature_40,feature_41,feature_42,feature_43,feature_44,feature_45,feature_46,feature_47,feature_48,feature_49,feature_50,feature_51,feature_52,feature_53,feature_54,feature_55,feature_56,feature_57,feature_58,feature_59,feature_60,feature_61,feature_62,feature_63,feature_64,feature_65,feature_66,feature_67,feature_68,feature_69,feature_70,feature_71,feature_72,feature_73,feature_74,feature_75,feature_76,feature_77,feature_78,feature_79,feature_80,feature_81,feature_82,feature_83,feature_84,feature_85,feature_86,feature_87,feature_88,feature_89,feature_90,feature_91,feature_92,feature_93,feature_94,feature_95,feature_96,feature_97,feature_98,feature_99,feature_100,feature_101,feature_102,feature_103,feature_104,feature_105,feature_106,feature_107,feature_108,feature_109,feature_110,feature_111,feature_112,feature_113,feature_114,feature_115,feature_116,feature_117,feature_118,feature_119,feature_120,feature_121,feature_122,feature_123,feature_124,feature_125
1,0.9091458320617676,0.8004205226898193,-7.817843084012566e-08,0.8773918747901917,0.7330557703971863,0.0014813953312113881,0.8265740275382996,0.6947967410087585,-0.005671038292348385,0.7833606004714966,0.6893346309661865,-0.01391143910586834,0.7530089616775513,0.7005453705787659,-0.024988597258925438,0.8102643489837646,0.6797352433204651,-0.0300632044672966,0.7405458092689514,0.6952062249183655,-0.045778632164001465,0.7025018334388733,0.7087835669517517,-0.05566301941871643,0.6723514795303345,0.7211571931838989,-0.062437646090984344,0.8145951628684998,0.7313735485076904,-0.041147906333208084,0.740208089351654,0.7503612041473389,-0.05416165292263031,0.698097825050354,0.7641417384147644,-0.05954468995332718,0.6661695837974548,0.7771501541137695,-0.06507309526205063,0.823482096195221,0.7916082143783569,-0.049974240362644196,0.7609972357749939,0.8288364410400391,-0.06163828819990158,0.7791784405708313,0.8298172950744629,-0.056084562093019485,0.8008297085762024,0.8199402093887329,-0.05184978246688843,0.8341525793075562,0.8523411154747009,-0.05828065797686577,0.7838678956031799,0.8734573125839233,-0.06784237921237946,0.7974993586540222,0.8693841099739075,-0.06017455458641052,0.8168179392814636,0.8555172681808472,-0.053481440991163254,0.7621129155158997,0.4921552538871765,-3.7394677576685353e-08,0.7467787265777588,0.44395607709884644,0.002946707885712385,0.7200767397880554,0.4148905277252197,-0.002296815160661936,0.69300776720047,0.41902607679367065,-0.008539587259292603,0.675186276435852,0.4374656081199646,-0.017503628507256508,0.7150810360908508,0.39487192034721375,-0.019777493551373482,0.6697624325752258,0.3932831883430481,-0.028968993574380875,0.6437370777130127,0.3979755640029907,-0.034851811826229095,0.6246412396430969,0.400665283203125,-0.03880814462900162,0.7147407531738281,0.42720165848731995,-0.02665613777935505,0.6649141907691956,0.4268512725830078,-0.033674489706754684,0.6359377503395081,0.42811381816864014,-0.03675442934036255,0.6151188015937805,0.4285544455051422,-0.040335915982723236,0.7136338949203491,0.46431100368499756,-0.031592559069395065,0.6697515845298767,0.474872887134552,-0.036154698580503464,0.6765137910842896,0.48454785346984863,-0.03282772749662399,0.6893644332885742,0.4857368469238281,-0.03083430603146553,0.7120355367660522,0.5021624565124512,-0.0360177643597126,0.6773996353149414,0.5049601793289185,-0.039156436920166016,0.6838681697845459,0.5070871710777283,-0.03396230936050415,0.6961801052093506,0.5034418702125549,-0.029955942183732986
2,0.9122598767280579,0.8171657919883728,-1.0538375505575459e-07,0.8809823393821716,0.7413994669914246,0.0024306904524564743,0.8275643587112427,0.7065925598144531,-0.004001948516815901,0.7828534245491028,0.7101605534553528,-0.012013188563287258,0.7551774978637695,0.7294613122940063,-0.02270590327680111,0.8088633418083191,0.6881954073905945,-0.02591279335319996,0.7406595349311829,0.7040955424308777,-0.041232410818338394,0.7033334970474243,0.7164099812507629,-0.051605768501758575,0.6733534336090088,0.7275492548942566,-0.05887540057301521,0.8119047284126282,0.7420743107795715,-0.03726297989487648,0.7391223907470703,0.7614942193031311,-0.049194201827049255,0.6979129910469055,0.7748407125473022,-0.05469650402665138,0.6663053035736084,0.7879131436347961,-0.060627397149801254,0.820807158946991,0.8026735782623291,-0.04651728644967079,0.7586953639984131,0.8377844095230103,-0.05701148509979248,0.7776652574539185,0.8373702168464661,-0.05193506181240082,0.8003739714622498,0.8278173804283142,-0.04830129072070122,0.8324950933456421,0.8642776012420654,-0.05535200983285904,0.782250165939331,0.8835242986679077,-0.06355690956115723,0.7955960035324097,0.8783705234527588,-0.056081898510456085,0.8155359029769897,0.8646268248558044,-0.049795545637607574,0.7636967897415161,0.48995137214660645,-4.701228206727137e-08,0.7476299405097961,0.4418376386165619,0.0026256730780005455,0.7191221714019775,0.41635024547576904,-0.0034966282546520233,0.6903687715530396,0.42432701587677,-0.010476155206561089,0.6719698905944824,0.4439702033996582,-0.020129403099417686,0.7153784036636353,0.39343881607055664,-0.021992096677422523,0.6691513061523438,0.39178454875946045,-0.03239281475543976,0.6434175968170166,0.39693984389305115,-0.038965292274951935,0.6242669820785522,0.39917829632759094,-0.04326159507036209,0.7166405320167542,0.42515629529953003,-0.028927763924002647,0.6656100153923035,0.423990398645401,-0.03705594688653946,0.6357062458992004,0.425616979598999,-0.04057164117693901,0.6143457293510437,0.4254039525985718,-0.04428216814994812,0.7165980339050293,0.4616507887840271,-0.033782199025154114,0.6715688705444336,0.4744158089160919,-0.039162494242191315,0.6742917895317078,0.4880788326263428,-0.03556671366095543,0.6850869655609131,0.49254629015922546,-0.03302023187279701,0.7156057953834534,0.4990968108177185,-0.038138002157211304,0.679277241230011,0.5043177604675293,-0.04139474034309387,0.6821253895759583,0.5076810121536255,-0.03580945357680321,0.6927328109741211,0.5055205821990967,-0.03130112588405609
3,0.9122598767280579,0.8171657919883728,-1.0538375505575459e-07,0.8809823393821716,0.7413994669914246,0.0024306904524564743,0.8275643587112427,0.7065925598144531,-0.004001948516815901,0.7828534245491028,0.7101605534553528,-0.012013188563287258,0.7551774978637695,0.7294613122940063,-0.02270590327680111,0.8088633418083191,0.6881954073905945,-0.02591279335319996,0.7406595349311829,0.7040955424308777,-0.041232410818338394,0.7033334970474243,0.7164099812507629,-0.051605768501758575,0.6733534336090088,0.7275492548942566,-0.05887540057301521,0.8119047284126282,0.7420743107795715,-0.03726297989487648,0.7391223907470703,0.7614942193031311,-0.049194201827049255,0.6979129910469055,0.7748407125473022,-0.05469650402665138,0.6663053035736084,0.7879131436347961,-0.060627397149801254,0.820807158946991,0.8026735782623291,-0.04651728644967079,0.7586953639984131,0.8377844095230103,-0.05701148509979248,0.7776652574539185,0.8373702168464661,-0.05193506181240082,0.8003739714622498,0.8278173804283142,-0.04830129072070122,0.8324950933456421,0.8642776012420654,-0.05535200983285904,0.782250165939331,0.8835242986679077,-0.06355690956115723,0.7955960035324097,0.8783705234527588,-0.056081898510456085,0.8155359029769897,0.8646268248558044,-0.049795545637607574,0.7636967897415161,0.48995137214660645,-4.701228206727137e-08,0.7476299405097961,0.4418376386165619,0.0026256730780005455,0.7191221714019775,0.41635024547576904,-0.0034966282546520233,0.6903687715530396,0.42432701587677,-0.010476155206561089,0.6719698905944824,0.4439702033996582,-0.020129403099417686,0.7153784036636353,0.39343881607055664,-0.021992096677422523,0.6691513061523438,0.39178454875946045,-0.03239281475543976,0.6434175968170166,0.39693984389305115,-0.038965292274951935,0.6242669820785522,0.39917829632759094,-0.04326159507036209,0.7166405320167542,0.42515629529953003,-0.028927763924002647,0.6656100153923035,0.423990398645401,-0.03705594688653946,0.6357062458992004,0.425616979598999,-0.04057164117693901,0.6143457293510437,0.4254039525985718,-0.04428216814994812,0.7165980339050293,0.4616507887840271,-0.033782199025154114,0.6715688705444336,0.4744158089160919,-0.039162494242191315,0.6742917895317078,0.4880788326263428,-0.03556671366095543,0.6850869655609131,0.49254629015922546,-0.03302023187279701,0.7156057953834534,0.4990968108177185,-0.038138002157211304,0.679277241230011,0.5043177604675293,-0.04139474034309387,0.6821253895759583,0.5076810121536255,-0.03580945357680321,0.6927328109741211,0.5055205821990967,-0.03130112588405609
4,0.7621734738349915,0.49345505237579346,-4.897126615333036e-08,0.7487999796867371,0.44105198979377747,0.004050496965646744,0.7208049297332764,0.4125910997390747,-0.0012125858338549733,0.6924178600311279,0.4198306202888489,-0.00790669210255146,0.6736984252929688,0.437477171421051,-0.017432451248168945,0.7133822441101074,0.39245831966400146,-0.017751416191458702,0.6683964133262634,0.39135289192199707,-0.02696709707379341,0.641814649105072,0.39694759249687195,-0.033406004309654236,0.6224367618560791,0.39986172318458557,-0.03793438896536827,0.7145977020263672,0.4248085618019104,-0.02526169642806053,0.6634997129440308,0.4258645176887512,-0.031578484922647476,0.6346135139465332,0.4255634844303131,-0.03453712537884712,0.6131764650344849,0.42421790957450867,-0.03834967687726021,0.7146340012550354,0.46265316009521484,-0.030815331265330315,0.669843316078186,0.47550147771835327,-0.0342453308403492,0.679081916809082,0.48438069224357605,-0.029620185494422913,0.6930440664291382,0.48349690437316895,-0.027110997587442398,0.7140414714813232,0.5010877251625061,-0.03589225932955742,0.6791902780532837,0.5042005181312561,-0.0380660817027092,0.6865203380584717,0.5061180591583252,-0.03165718540549278,0.6989112496376038,0.5015644431114197,-0.026978088542819023,0.9103977680206299,0.8582888245582581,-2.1385174875376833e-07,0.8759675025939941,0.7642651796340942,0.004938859026879072,0.8205167055130005,0.7146978378295898,0.00014284657663665712,0.7728875279426575,0.7060455083847046,-0.006818481720983982,0.7427770495414734,0.7052561044692993,-0.01646694540977478,0.8030105233192444,0.7029824256896973,-0.01947193779051304,0.7342259883880615,0.7175774574279785,-0.033883288502693176,0.6975319385528564,0.7329409122467041,-0.04459777846932411,0.6669209599494934,0.7475560307502747,-0.051772091537714005,0.8076416850090027,0.7597062587738037,-0.030938277021050453,0.7351775765419006,0.7781638503074646,-0.04112390801310539,0.6934235692024231,0.7878690958023071,-0.04652172699570656,0.659787118434906,0.7978014945983887,-0.05312175676226616,0.817054271697998,0.820704460144043,-0.04042714461684227,0.7529818415641785,0.853959858417511,-0.04863404482603073,0.7711832523345947,0.8557045459747314,-0.043996550142765045,0.7933816313743591,0.8490121960639954,-0.04169165715575218,0.8286591172218323,0.8805855512619019,-0.04931843653321266,0.7766396403312683,0.8987341523170471,-0.054849546402692795,0.7893635034561157,0.8955903053283691,-0.0468912236392498,0.8098229169845581,0.8848352432250977,-0.04103001579642296
5,0.7629266381263733,0.4915228486061096,-3.857314823108027e-08,0.7483207583427429,0.4410824179649353,0.004515647888183594,0.7219617366790771,0.4120461940765381,-0.00020469551964197308,0.6942830085754395,0.4164585471153259,-0.006327218841761351,0.6764034032821655,0.4332900047302246,-0.015308154746890068,0.7152227163314819,0.39189523458480835,-0.017914151772856712,0.6696488857269287,0.3882666826248169,-0.027726342901587486,0.6434966325759888,0.39177265763282776,-0.03443446755409241,0.6241096258163452,0.39305630326271057,-0.03887002170085907,0.7151209115982056,0.4232787787914276,-0.025321219116449356,0.6649066805839539,0.4202376902103424,-0.032202381640672684,0.6356124877929688,0.4191467761993408,-0.03535652160644531,0.6142035126686096,0.4172769784927368,-0.039020054042339325,0.7141466736793518,0.45977461338043213,-0.030743127688765526,0.6696887016296387,0.472626268863678,-0.034329332411289215,0.6760314106941223,0.4839761257171631,-0.03005475550889969,0.6887283325195312,0.48477697372436523,-0.027504997327923775,0.7126336097717285,0.49768704175949097,-0.035678885877132416,0.6779680252075195,0.5018838047981262,-0.03756151348352432,0.6840655207633972,0.5050888061523438,-0.03135368600487709,0.6962849497795105,0.5012698173522949,-0.026677681133151054,0.9063440561294556,0.8732118010520935,-2.1495986857189564e-07,0.8749434947967529,0.772262454032898,0.0059815323911607265,0.8210487961769104,0.7226965427398682,0.0011259113671258092,0.7733971476554871,0.7224499583244324,-0.006427413783967495,0.7423877120018005,0.7431342601776123,-0.017140332609415054,0.7960764169692993,0.7087000012397766,-0.018025705590844154,0.7257437109947205,0.7217206358909607,-0.030864425003528595,0.6893008947372437,0.7370613813400269,-0.03993970900774002,0.6589221954345703,0.7525525093078613,-0.04582258313894272,0.7999733090400696,0.7651597261428833,-0.02992173470556736,0.7272517681121826,0.7834333777427673,-0.03898314759135246,0.6854043006896973,0.796898603439331,-0.04316171258687973,0.6527032256126404,0.8095468282699585,-0.04857269302010536,0.809123158454895,0.8278502821922302,-0.03975070267915726,0.7470678687095642,0.8609702587127686,-0.04653405770659447,0.7639105916023254,0.8680567741394043,-0.04216644540429115,0.7856806516647339,0.8658446669578552,-0.040139805525541306,0.8202937841415405,0.8905042409896851,-0.04893979802727699,0.7694258093833923,0.9090521335601807,-0.053017716854810715,0.7815545797348022,0.9087052345275879,-0.04490819573402405,0.8015143871307373,0.9007917642593384,-0.03908895328640938
6,0.7635817527770996,0.48947837948799133,-9.712135540240752e-10,0.7504094839096069,0.4397200345993042,0.002406251849606633,0.7238207459449768,0.4076942801475525,-0.002988470019772649,0.6954820156097412,0.4051806628704071,-0.009269153699278831,0.6764239072799683,0.4178446829319,-0.01806880719959736,0.716189980506897,0.38975197076797485,-0.018852598965168,0.6709656119346619,0.38475096225738525,-0.02804666757583618,0.6449679136276245,0.3872986435890198,-0.034094590693712234,0.6262621879577637,0.38861456513404846,-0.03813127800822258,0.7161464691162109,0.42140716314315796,-0.025374725461006165,0.6658366918563843,0.4181891083717346,-0.031800322234630585,0.6373810172080994,0.41517990827560425,-0.03484012559056282,0.6164817810058594,0.4125675857067108,-0.038541484624147415,0.7147191762924194,0.45875075459480286,-0.030091963708400726,0.6702561974525452,0.46869802474975586,-0.03392641246318817,0.6786869168281555,0.4774512052536011,-0.029841745272278786,0.6922904849052429,0.47724953293800354,-0.027513623237609863,0.7128872275352478,0.4964476227760315,-0.03441018983721733,0.6775066256523132,0.49734219908714294,-0.036968521773815155,0.6846374869346619,0.5004723072052002,-0.03109133616089821,0.6969931125640869,0.49768632650375366,-0.02672615461051464,0.8963088393211365,0.8758837580680847,-2.3513307212397194e-07,0.8658255934715271,0.7752166986465454,0.008955975994467735,0.8116755485534668,0.7279874682426453,0.005401635076850653,0.7640582323074341,0.7270876169204712,-0.0013635666109621525,0.7347913384437561,0.7450863718986511,-0.011510212905704975,0.7855449318885803,0.7143638730049133,-0.013998526148498058,0.7145389914512634,0.7280542850494385,-0.025337647646665573,0.6778733730316162,0.7455791234970093,-0.03360839560627937,0.6477206945419312,0.761505126953125,-0.039080966264009476,0.7896420359611511,0.7721800804138184,-0.02682431787252426,0.7146552205085754,0.7938373684883118,-0.033518001437187195,0.673409104347229,0.8072558641433716,-0.03679273650050163,0.6411115527153015,0.8172124624252319,-0.041815515607595444,0.7993003129959106,0.8361700773239136,-0.0374181754887104,0.7373316287994385,0.8687233924865723,-0.04231292009353638,0.7566380500793457,0.8715616464614868,-0.03744981810450554,0.778998076915741,0.8636541962623596,-0.0354142040014267,0.8109420537948608,0.8995518088340759,-0.04708646610379219,0.7599736452102661,0.915258526802063,-0.05005702003836632,0.7739135026931763,0.9149649739265442,-0.041041094809770584,0.7941014170646667,0.9054863452911377,-0.03464333713054657
7,0.7635817527770996,0.48947837948799133,-9.712135540240752e-10,0.7504094839096069,0.4397200345993042,0.002406251849606633,0.7238207459449768,0.4076942801475525,-0.002988470019772649,0.6954820156097412,0.4051806628704071,-0.009269153699278831,0.6764239072799683,0.4178446829319,-0.01806880719959736,0.716189980506897,0.38975197076797485,-0.018852598965168,0.6709656119346619,0.38475096225738525,-0.02804666757583618,0.6449679136276245,0.3872986435890198,-0.034094590693712234,0.6262621879577637,0.38861456513404846,-0.03813127800822258,0.7161464691162109,0.42140716314315796,-0.025374725461006165,0.6658366918563843,0.4181891083717346,-0.031800322234630585,0.6373810172080994,0.41517990827560425,-0.03484012559056282,0.6164817810058594,0.4125675857067108,-0.038541484624147415,0.7147191762924194,0.45875075459480286,-0.030091963708400726,0.6702561974525452,0.46869802474975586,-0.03392641246318817,0.6786869168281555,0.4774512052536011,-0.029841745272278786,0.6922904849052429,0.47724953293800354,-0.027513623237609863,0.7128872275352478,0.4964476227760315,-0.03441018983721733,0.6775066256523132,0.49734219908714294,-0.036968521773815155,0.6846374869346619,0.5004723072052002,-0.03109133616089821,0.6969931125640869,0.49768632650375366,-0.02672615461051464,0.8963088393211365,0.8758837580680847,-2.3513307212397194e-07,0.8658255934715271,0.7752166986465454,0.008955975994467735,0.8116755485534668,0.7279874682426453,0.005401635076850653,0.7640582323074341,0.7270876169204712,-0.0013635666109621525,0.7347913384437561,0.7450863718986511,-0.011510212905704975,0.7855449318885803,0.7143638730049133,-0.013998526148498058,0.7145389914512634,0.7280542850494385,-0.025337647646665573,0.6778733730316162,0.7455791234970093,-0.03360839560627937,0.6477206945419312,0.761505126953125,-0.039080966264009476,0.7896420359611511,0.7721800804138184,-0.02682431787252426,0.7146552205085754,0.7938373684883118,-0.033518001437187195,0.673409104347229,0.8072558641433716,-0.03679273650050163,0.6411115527153015,0.8172124624252319,-0.041815515607595444,0.7993003129959106,0.8361700773239136,-0.0374181754887104,0.7373316287994385,0.8687233924865723,-0.04231292009353638,0.7566380500793457,0.8715616464614868,-0.03744981810450554,0.778998076915741,0.8636541962623596,-0.0354142040014267,0.8109420537948608,0.8995518088340759,-0.04708646610379219,0.7599736452102661,0.915258526802063,-0.05005702003836632,0.7739135026931763,0.9149649739265442,-0.041041094809770584,0.7941014170646667,0.9054863452911377,-0.03464333713054657
8,0.764036238193512,0.4911559820175171,-1.4465501685378968e-08,0.750678539276123,0.44125616550445557,0.0022122508380562067,0.7244624495506287,0.41007596254348755,-0.0027415782678872347,0.6967790126800537,0.4103842079639435,-0.008654600009322166,0.6782710552215576,0.425276517868042,-0.01729785092175007,0.7186319231987,0.39086616039276123,-0.01723124273121357,0.6733869314193726,0.3863010108470917,-0.025299880653619766,0.6469771862030029,0.3884808421134949,-0.030605366453528404,0.6282230019569397,0.38882002234458923,-0.03432377427816391,0.7186697721481323,0.422147661447525,-0.023481672629714012,0.6681385636329651,0.420545756816864,-0.029095416888594627,0.6396372318267822,0.4188731610774994,-0.03205187991261482,0.6193020343780518,0.41715964674949646,-0.035689178854227066,0.7172027826309204,0.4591648578643799,-0.028006654232740402,0.6726397275924683,0.47133776545524597,-0.03206881880760193,0.6789022088050842,0.481518030166626,-0.029452022165060043,0.6916657090187073,0.4828629195690155,-0.027904637157917023,0.7151365280151367,0.49678462743759155,-0.032044995576143265,0.6799813508987427,0.49959543347358704,-0.03494460508227348,0.6863178610801697,0.502999484539032,-0.029942741617560387,0.6988915205001831,0.5010348558425903,-0.026079775765538216,0.8906227946281433,0.8822119832038879,-1.7862305412563728e-07,0.858471691608429,0.7826579213142395,0.006081310100853443,0.8026943206787109,0.7385686039924622,0.0012432215735316277,0.7542914152145386,0.7476904988288879,-0.006537065841257572,0.7244240045547485,0.7777871489524841,-0.017393164336681366,0.7756111025810242,0.7207761406898499,-0.015116254799067974,0.7041164040565491,0.7396528124809265,-0.028990808874368668,0.6648927927017212,0.7583478093147278,-0.04016510397195816,0.633499801158905,0.7755535840988159,-0.04759784787893295,0.7781460285186768,0.7804673910140991,-0.027421755716204643,0.7054025530815125,0.8030908107757568,-0.03723406419157982,0.6624063849449158,0.8176136016845703,-0.04320119693875313,0.6290338635444641,0.8311368823051453,-0.04962825030088425,0.7869172096252441,0.8446703553199768,-0.03791921213269234,0.7254917025566101,0.8779206275939941,-0.0460188090801239,0.7457242012023926,0.8821656703948975,-0.042774748057127,0.7693042755126953,0.8772013783454895,-0.04096243903040886,0.7990918159484863,0.9074654579162598,-0.04784003272652626,0.7513198852539062,0.9252457022666931,-0.05287618562579155,0.7658924460411072,0.9239585399627686,-0.045209597796201706,0.785856306552887,0.9138154983520508,-0.039358366280794144
9,0.7669448256492615,0.4892882704734802,-1.574059105280412e-08,0.7528101801872253,0.43947333097457886,0.0019724685698747635,0.7262351512908936,0.4098052680492401,-0.003195177996531129,0.6975501775741577,0.4116631746292114,-0.008907896466553211,0.6781846284866333,0.4272836446762085,-0.017415747046470642,0.7214393019676208,0.3914024829864502,-0.019553350284695625,0.675971508026123,0.3864199221134186,-0.02732851542532444,0.6493406891822815,0.38887014985084534,-0.03198191523551941,0.6305420398712158,0.3895110487937927,-0.03500409796833992,0.7222803831100464,0.42351916432380676,-0.025028808042407036,0.6713880896568298,0.4225020110607147,-0.03053649142384529,0.6420862674713135,0.42151984572410583,-0.033141352236270905,0.6219928860664368,0.42039936780929565,-0.036444295197725296,0.7210339903831482,0.46009156107902527,-0.02851150929927826,0.6754366755485535,0.47365376353263855,-0.03233511745929718,0.67652428150177,0.48526492714881897,-0.030017202720046043,0.6863613128662109,0.48964834213256836,-0.02858595736324787,0.7183318734169006,0.4970982074737549,-0.031398262828588486,0.681861162185669,0.5012121200561523,-0.033485718071460724,0.6846463084220886,0.5043284296989441,-0.028474271297454834,0.6952694654464722,0.5033613443374634,-0.024583561345934868,0.8864724040031433,0.8812620043754578,-1.4818289173490484e-07,0.8533387184143066,0.7858941555023193,0.008057267405092716,0.7964177131652832,0.7475375533103943,0.0042867218144237995,0.7490513324737549,0.7612558007240295,-0.002496009459719062,0.7190613150596619,0.7933458089828491,-0.012541752308607101,0.7678419351577759,0.7265690565109253,-0.014323150739073753,0.6983641386032104,0.7423577308654785,-0.02646239660680294,0.6608277559280396,0.7559888362884521,-0.03633081912994385,0.6296072602272034,0.7688382267951965,-0.0431642159819603,0.7721886038780212,0.7841120362281799,-0.027057867497205734,0.6996016502380371,0.8052020072937012,-0.035699982196092606,0.6581723093986511,0.8173037767410278,-0.04103623330593109,0.6253725290298462,0.8291652798652649,-0.04707260802388191,0.7824572920799255,0.8476526141166687,-0.03756396472454071,0.7207183241844177,0.8793219923973083,-0.04477870464324951,0.7401803731918335,0.8826890587806702,-0.04108431935310364,0.7622278332710266,0.8772253394126892,-0.03894958272576332,0.795931339263916,0.9101759195327759,-0.047200240194797516,0.7475165128707886,0.9259024858474731,-0.051893629133701324,0.7614035606384277,0.9236209392547607,-0.04380286484956741,0.7806469202041626,0.9130135774612427,-0.037494901567697525
10,0.7669448256492615,0.4892882704734802,-1.574059105280412e-08,0.7528101801872253,0.43947333097457886,0.0019724685698747635,0.7262351512908936,0.4098052680492401,-0.003195177996531129,0.6975501775741577,0.4116631746292114,-0.008907896466553211,0.6781846284866333,0.4272836446762085,-0.017415747046470642,0.7214393019676208,0.3914024829864502,-0.019553350284695625,0.675971508026123,0.3864199221134186,-0.02732851542532444,0.6493406891822815,0.38887014985084534,-0.03198191523551941,0.6305420398712158,0.3895110487937927,-0.03500409796833992,0.7222803831100464,0.42351916432380676,-0.025028808042407036,0.6713880896568298,0.4225020110607147,-0.03053649142384529,0.6420862674713135,0.42151984572410583,-0.033141352236270905,0.6219928860664368,0.42039936780929565,-0.036444295197725296,0.7210339903831482,0.46009156107902527,-0.02851150929927826,0.6754366755485535,0.47365376353263855,-0.03233511745929718,0.67652428150177,0.48526492714881897,-0.030017202720046043,0.6863613128662109,0.48964834213256836,-0.02858595736324787,0.7183318734169006,0.4970982074737549,-0.031398262828588486,0.681861162185669,0.5012121200561523,-0.033485718071460724,0.6846463084220886,0.5043284296989441,-0.028474271297454834,0.6952694654464722,0.5033613443374634,-0.024583561345934868,0.8864724040031433,0.8812620043754578,-1.4818289173490484e-07,0.8533387184143066,0.7858941555023193,0.008057267405092716,0.7964177131652832,0.7475375533103943,0.0042867218144237995,0.7490513324737549,0.7612558007240295,-0.002496009459719062,0.7190613150596619,0.7933458089828491,-0.012541752308607101,0.7678419351577759,0.7265690565109253,-0.014323150739073753,0.6983641386032104,0.7423577308654785,-0.02646239660680294,0.6608277559280396,0.7559888362884521,-0.03633081912994385,0.6296072602272034,0.7688382267951965,-0.0431642159819603,0.7721886038780212,0.7841120362281799,-0.027057867497205734,0.6996016502380371,0.8052020072937012,-0.035699982196092606,0.6581723093986511,0.8173037767410278,-0.04103623330593109,0.6253725290298462,0.8291652798652649,-0.04707260802388191,0.7824572920799255,0.8476526141166687,-0.03756396472454071,0.7207183241844177,0.8793219923973083,-0.04477870464324951,0.7401803731918335,0.8826890587806702,-0.04108431935310364,0.7622278332710266,0.8772253394126892,-0.03894958272576332,0.795931339263916,0.9101759195327759,-0.047200240194797516,0.7475165128707886,0.9259024858474731,-0.051893629133701324,0.7614035606384277,0.9236209392547607,-0.04380286484956741,0.7806469202041626,0.9130135774612427,-0.037494901567697525
11,0.8856042623519897,0.88380366563797,-1.304838832538735e-07,0.8528871536254883,0.7873437404632568,0.007403618190437555,0.7964968085289001,0.7486362457275391,0.0031664951238781214,0.7495299577713013,0.7613891363143921,-0.003740656189620495,0.7198380827903748,0.7911310791969299,-0.013592775911092758,0.7685539722442627,0.7268446683883667,-0.01503144670277834,0.6989490389823914,0.7427865266799927,-0.02696693316102028,0.6606729030609131,0.7580523490905762,-0.03658794239163399,0.6295242309570312,0.7717984318733215,-0.04320994019508362,0.7726240754127502,0.785662055015564,-0.027573764324188232,0.6991254687309265,0.808384120464325,-0.03587164729833603,0.6575780510902405,0.8223231434822083,-0.04056960344314575,0.6261662244796753,0.8362698554992676,-0.046201493591070175,0.782413125038147,0.8510564565658569,-0.037922587245702744,0.7211256623268127,0.8817727565765381,-0.04469182342290878,0.7404462099075317,0.8833149671554565,-0.03973742574453354,0.7629551291465759,0.8775297403335571,-0.036843303591012955,0.7953640222549438,0.9149801135063171,-0.047547366470098495,0.7460793852806091,0.9278252720832825,-0.05188307166099548,0.7606654167175293,0.9260680675506592,-0.04261511564254761,0.7805764675140381,0.9171335101127625,-0.03542705252766609,0.77455735206604,0.4983408749103546,-3.203306064847311e-08,0.7619549632072449,0.4448002874851227,0.0029293177649378777,0.7349793314933777,0.4111863374710083,-0.0025812280364334583,0.7068226933479309,0.4109899401664734,-0.009258478879928589,0.686988890171051,0.42450645565986633,-0.01884879358112812,0.7299025654792786,0.39329975843429565,-0.01870284602046013,0.6839775443077087,0.38697174191474915,-0.027602164074778557,0.6573789715766907,0.38897836208343506,-0.03344680741429329,0.6380981802940369,0.3895978331565857,-0.03752726688981056,0.7293177843093872,0.42714378237724304,-0.0259802658110857,0.6788893342018127,0.4213969111442566,-0.032366856932640076,0.6508872509002686,0.41858813166618347,-0.03523566201329231,0.630467414855957,0.41563042998313904,-0.03894328325986862,0.7273065447807312,0.4657464623451233,-0.03145322576165199,0.6831145286560059,0.473594605922699,-0.0354437492787838,0.6921893358230591,0.4824475646018982,-0.032106366008520126,0.7064868807792664,0.48188087344169617,-0.030586017295718193,0.7248782515525818,0.5043221712112427,-0.036410193890333176,0.689788281917572,0.5037951469421387,-0.03916776180267334,0.6982163190841675,0.5065556764602661,-0.03360384702682495,0.7117935419082642,0.5036015510559082,-0.02971118502318859
12,0.8902944922447205,0.890539288520813,-1.4642482426552306e-07,0.8566060662269592,0.7877901196479797,0.008890069089829922,0.8012752532958984,0.7474765777587891,0.004309165757149458,0.7545635104179382,0.7615699768066406,-0.003414897248148918,0.7248924374580383,0.7928405404090881,-0.01445024460554123,0.7741597890853882,0.729334831237793,-0.015878204256296158,0.7029172778129578,0.745208203792572,-0.028488511219620705,0.6647304892539978,0.7601299285888672,-0.03841080889105797,0.6334240436553955,0.7733590602874756,-0.04514019191265106,0.7778154611587524,0.790299117565155,-0.029362501576542854,0.7032822370529175,0.8108031749725342,-0.03792939707636833,0.66164231300354,0.8219184875488281,-0.042380716651678085,0.629989743232727,0.8329238295555115,-0.04808608815073967,0.7866646647453308,0.8567933440208435,-0.040529582649469376,0.723798930644989,0.8845229148864746,-0.04664631932973862,0.7424501180648804,0.8861880898475647,-0.04139711707830429,0.7647212147712708,0.8805214166641235,-0.03873850032687187,0.7986684441566467,0.9215236902236938,-0.050898563116788864,0.7485715746879578,0.9325201511383057,-0.053957708179950714,0.7622716426849365,0.9294579029083252,-0.0442931167781353,0.7817907929420471,0.9194959402084351,-0.037298861891031265,0.775060772895813,0.4972571134567261,-3.572143691954466e-09,0.7622814774513245,0.44195935130119324,0.0033035187516361475,0.7341968417167664,0.4099806845188141,-0.002116892719641328,0.7050915956497192,0.41367411613464355,-0.008888485841453075,0.6852055191993713,0.4309881925582886,-0.018598534166812897,0.728837251663208,0.3918612003326416,-0.01696663536131382,0.6832283735275269,0.38812315464019775,-0.025162316858768463,0.6566892266273499,0.3904241621494293,-0.030876556411385536,0.6379146575927734,0.3901878893375397,-0.03511707857251167,0.7292906045913696,0.4266147017478943,-0.024502746760845184,0.6776431798934937,0.4218387007713318,-0.03091476298868656,0.6496422290802002,0.4183639883995056,-0.03445221856236458,0.6301780343055725,0.4151259660720825,-0.03864497318863869,0.7278757095336914,0.46573197841644287,-0.03021102212369442,0.6807291507720947,0.4733163118362427,-0.03479233384132385,0.6890041828155518,0.4824792742729187,-0.031892966479063034,0.7032968997955322,0.48226720094680786,-0.03035704791545868,0.7257162928581238,0.5042517781257629,-0.03532836586236954,0.689633309841156,0.5038309097290039,-0.038349997252225876,0.6978713274002075,0.5062890648841858,-0.03295911103487015,0.7117680907249451,0.5034182071685791,-0.029069991782307625
13,0.8987153172492981,0.8942726850509644,-1.0479589462875083e-07,0.8602420091629028,0.801522433757782,0.008224309422075748,0.8012662529945374,0.7673942446708679,0.003665380412712693,0.7562000155448914,0.7866178750991821,-0.0038898212369531393,0.7299050092697144,0.8252252340316772,-0.014768864959478378,0.7780201435089111,0.7419261932373047,-0.01604248210787773,0.7086381912231445,0.7658517956733704,-0.0274373646825552,0.6703881621360779,0.7827033400535583,-0.03652355819940567,0.6394786238670349,0.7953026294708252,-0.04336616396903992,0.7825089693069458,0.8030685186386108,-0.030068757012486458,0.7090768218040466,0.8307375907897949,-0.03818711265921593,0.666502833366394,0.8455163836479187,-0.042935773730278015,0.6345698237419128,0.8592457175254822,-0.049131013453006744,0.7925236225128174,0.8711921572685242,-0.04171368479728699,0.7305219173431396,0.9080373048782349,-0.0480785146355629,0.7488617300987244,0.907880425453186,-0.0426998995244503,0.7715243697166443,0.8995167016983032,-0.04000193625688553,0.8058241009712219,0.9386324882507324,-0.05273297429084778,0.7548390030860901,0.9597948789596558,-0.056784484535455704,0.7679412364959717,0.9569223523139954,-0.0474337600171566,0.7880483269691467,0.9456508159637451,-0.04063677042722702,0.7700058817863464,0.5019157528877258,-3.350317712147444e-08,0.7575446367263794,0.4481053948402405,0.0023971202317625284,0.730927586555481,0.4137275218963623,-0.0031591374427080154,0.7021335959434509,0.4111638069152832,-0.009809261187911034,0.6818109750747681,0.4228232502937317,-0.019363390281796455,0.7264150381088257,0.3951146900653839,-0.017876876518130302,0.6814945936203003,0.39088737964630127,-0.02631891518831253,0.6549463272094727,0.39269670844078064,-0.032237716019153595,0.6363067030906677,0.3923172950744629,-0.03665907308459282,0.7269195914268494,0.4285385012626648,-0.024511108174920082,0.6746709942817688,0.4256223142147064,-0.030745642259716988,0.6471913456916809,0.42233026027679443,-0.03388472646474838,0.6281102299690247,0.4189675450325012,-0.03795120120048523,0.7253451347351074,0.46731337904930115,-0.02935580350458622,0.678824782371521,0.4747334122657776,-0.03315311297774315,0.6865164041519165,0.4844931662082672,-0.0294236708432436,0.7003939747810364,0.4858287274837494,-0.02764185331761837,0.7226147651672363,0.5059095621109009,-0.03376796096563339,0.686294436454773,0.5044864416122437,-0.03648194298148155,0.6930685043334961,0.507128894329071,-0.030989449471235275,0.7061980366706848,0.5055112242698669,-0.02710563689470291
14,0.8987153172492981,0.8942726850509644,-1.0479589462875083e-07,0.8602420091629028,0.801522433757782,0.008224309422075748,0.8012662529945374,0.7673942446708679,0.003665380412712693,0.7562000155448914,0.7866178750991821,-0.0038898212369531393,0.7299050092697144,0.8252252340316772,-0.014768864959478378,0.7780201435089111,0.7419261932373047,-0.01604248210787773,0.7086381912231445,0.7658517956733704,-0.0274373646825552,0.6703881621360779,0.7827033400535583,-0.03652355819940567,0.6394786238670349,0.7953026294708252,-0.04336616396903992,0.7825089693069458,0.8030685186386108,-0.030068757012486458,0.7090768218040466,0.8307375907897949,-0.03818711265921593,0.666502833366394,0.8455163836479187,-0.042935773730278015,0.6345698237419128,0.8592457175254822,-0.049131013453006744,0.7925236225128174,0.8711921572685242,-0.04171368479728699,0.7305219173431396,0.9080373048782349,-0.0480785146355629,0.7488617300987244,0.907880425453186,-0.0426998995244503,0.7715243697166443,0.8995167016983032,-0.04000193625688553,0.8058241009712219,0.9386324882507324,-0.05273297429084778,0.7548390030860901,0.9597948789596558,-0.056784484535455704,0.7679412364959717,0.9569223523139954,-0.0474337600171566,0.7880483269691467,0.9456508159637451,-0.04063677042722702,0.7700058817863464,0.5019157528877258,-3.350317712147444e-08,0.7575446367263794,0.4481053948402405,0.0023971202317625284,0.730927586555481,0.4137275218963623,-0.0031591374427080154,0.7021335959434509,0.4111638069152832,-0.009809261187911034,0.6818109750747681,0.4228232502937317,-0.019363390281796455,0.7264150381088257,0.3951146900653839,-0.017876876518130302,0.6814945936203003,0.39088737964630127,-0.02631891518831253,0.6549463272094727,0.39269670844078064,-0.032237716019153595,0.6363067030906677,0.3923172950744629,-0.03665907308459282,0.7269195914268494,0.4285385012626648,-0.024511108174920082,0.6746709942817688,0.4256223142147064,-0.030745642259716988,0.6471913456916809,0.42233026027679443,-0.03388472646474838,0.6281102299690247,0.4189675450325012,-0.03795120120048523,0.7253451347351074,0.46731337904930115,-0.02935580350458622,0.678824782371521,0.4747334122657776,-0.03315311297774315,0.6865164041519165,0.4844931662082672,-0.0294236708432436,0.7003939747810364,0.4858287274837494,-0.02764185331761837,0.7226147651672363,0.5059095621109009,-0.03376796096563339,0.686294436454773,0.5044864416122437,-0.03648194298148155,0.6930685043334961,0.507128894329071,-0.030989449471235275,0.7061980366706848,0.5055112242698669,-0.02710563689470291
15,0.7682797908782959,0.5017579793930054,2.1724784193821733e-09,0.7562302350997925,0.44874507188796997,0.002334427321329713,0.7282875180244446,0.4194943606853485,-0.0034729614853858948,0.6989518404006958,0.4247603118419647,-0.010133076459169388,0.6785934567451477,0.4419545531272888,-0.019793150946497917,0.7243139743804932,0.39968791604042053,-0.019792526960372925,0.679671585559845,0.39602208137512207,-0.027650734409689903,0.6526724100112915,0.3986303210258484,-0.03286250680685043,0.6336394548416138,0.39912769198417664,-0.03663942962884903,0.7245026230812073,0.43368181586265564,-0.025875598192214966,0.6728620529174805,0.43082907795906067,-0.03197736293077469,0.6441413164138794,0.42706039547920227,-0.035256050527095795,0.6246225833892822,0.4237348735332489,-0.03925592824816704,0.7226958274841309,0.47197458148002625,-0.02979777567088604,0.6758050918579102,0.4819834530353546,-0.03334083408117294,0.6806393265724182,0.48989933729171753,-0.030096054077148438,0.6931469440460205,0.49047935009002686,-0.028378598392009735,0.7196215391159058,0.5098422169685364,-0.03317497670650482,0.683659017086029,0.510128915309906,-0.035118646919727325,0.6893860697746277,0.5107642412185669,-0.02942165732383728,0.7023031711578369,0.5077370405197144,-0.025293629616498947,0.9097368717193604,0.9143800735473633,-1.5316913959395606e-07,0.8760446906089783,0.8153464794158936,0.009619008749723434,0.8169524669647217,0.7764984965324402,0.005073100328445435,0.7691219449043274,0.7903633117675781,-0.0022203295957297087,0.7386505007743835,0.8244803547859192,-0.013185695745050907,0.7918802499771118,0.7503294944763184,-0.019732287153601646,0.7185224294662476,0.7715405225753784,-0.03098030760884285,0.6792495846748352,0.7882189750671387,-0.03973463922739029,0.6486225724220276,0.8020183444023132,-0.0461060032248497,0.7956796884536743,0.8137369155883789,-0.033705778419971466,0.7176172137260437,0.8386246562004089,-0.041660815477371216,0.672765851020813,0.8526366353034973,-0.04550391435623169,0.6388841867446899,0.8666681051254272,-0.051196884363889694,0.8046452403068542,0.8827822208404541,-0.04472456872463226,0.7365954518318176,0.912316083908081,-0.050415948033332825,0.7558189630508423,0.9125485420227051,-0.04412520304322243,0.7798854112625122,0.9060465693473816,-0.041086893528699875,0.8171544075012207,0.9504547119140625,-0.05477358028292656,0.760417103767395,0.9635038375854492,-0.058714039623737335,0.7741669416427612,0.9602904915809631,-0.04867280647158623,0.795686662197113,0.9506287574768066,-0.04133841022849083
16,0.7689835429191589,0.5009669065475464,8.194637857172893e-09,0.7559581995010376,0.44794923067092896,0.0026793188881129026,0.7274867296218872,0.4195369780063629,-0.0028338825795799494,0.6979184746742249,0.4267445206642151,-0.009281124919652939,0.6778692007064819,0.4450584948062897,-0.018610522150993347,0.7239420413970947,0.3997373878955841,-0.018094494938850403,0.6790295243263245,0.396398663520813,-0.02543702907860279,0.6520349979400635,0.3990808427333832,-0.030634356662631035,0.6330779194831848,0.3991332948207855,-0.03452138230204582,0.723893404006958,0.4343366026878357,-0.02413790114223957,0.6727306246757507,0.43088722229003906,-0.029606390744447708,0.6443855166435242,0.42651844024658203,-0.03300148621201515,0.6248576641082764,0.42276477813720703,-0.037209030240774155,0.7221121788024902,0.47300052642822266,-0.02804332599043846,0.6762740015983582,0.48088034987449646,-0.0311261098831892,0.6814737915992737,0.48690515756607056,-0.028171103447675705,0.6938562393188477,0.48702263832092285,-0.026754381135106087,0.7190938591957092,0.5112091302871704,-0.0313747264444828,0.6839892864227295,0.5089861750602722,-0.032924700528383255,0.6900303363800049,0.5090272426605225,-0.02717059664428234,0.703058123588562,0.5065728425979614,-0.02309277653694153,0.9106739163398743,0.9006545543670654,-1.3543417765049526e-07,0.8767818808555603,0.7998103499412537,0.007561528589576483,0.8184313774108887,0.7634221315383911,0.0017015073681250215,0.7707535624504089,0.7841158509254456,-0.006623744498938322,0.7405478954315186,0.8240491151809692,-0.018557779490947723,0.7952741384506226,0.7437397241592407,-0.02118181809782982,0.723057746887207,0.7618356347084045,-0.0337693952023983,0.6840241551399231,0.7791445255279541,-0.04389652609825134,0.6535129547119141,0.7937152981758118,-0.05099605768918991,0.7985711693763733,0.8082559108734131,-0.033810995519161224,0.7232239246368408,0.831315815448761,-0.042396072298288345,0.6791555285453796,0.8441635370254517,-0.04681362956762314,0.645950973033905,0.8569907546043396,-0.0530516691505909,0.8068950176239014,0.8767862319946289,-0.04371481388807297,0.741021454334259,0.9036350250244141,-0.049280937761068344,0.758281946182251,0.903579831123352,-0.0434529185295105,0.7810587882995605,0.8993558287620544,-0.04084288701415062,0.818615734577179,0.9423340559005737,-0.052856843918561935,0.7648712396621704,0.9531940221786499,-0.055616654455661774,0.7768192291259766,0.9477359056472778,-0.04571180418133736,0.7970076203346252,0.9379347562789917,-0.0388060100376606
17,0.7675003409385681,0.5009244680404663,-9.414283574926685e-09,0.7563619017601013,0.44720393419265747,0.0023510013706982136,0.7292444109916687,0.4153878390789032,-0.0028602629899978638,0.7002016305923462,0.41838976740837097,-0.008840039372444153,0.6803269982337952,0.43503516912460327,-0.01787063479423523,0.7243916988372803,0.39670640230178833,-0.018576214089989662,0.6796355247497559,0.39341723918914795,-0.025637608021497726,0.6528945565223694,0.3951597511768341,-0.03062926046550274,0.6345165967941284,0.39397740364074707,-0.03458566963672638,0.7245586514472961,0.43105003237724304,-0.024325421079993248,0.6727653741836548,0.42858657240867615,-0.029478680342435837,0.6446975469589233,0.4246304929256439,-0.03258442506194115,0.625939667224884,0.4215160012245178,-0.03672662377357483,0.7227346301078796,0.47010719776153564,-0.02795609086751938,0.676460862159729,0.4774690866470337,-0.030766956508159637,0.6802563667297363,0.4845239520072937,-0.027600480243563652,0.6919606924057007,0.48594117164611816,-0.026166610419750214,0.719768762588501,0.508142352104187,-0.031046411022543907,0.6832307577133179,0.5059714317321777,-0.032852981239557266,0.6870139837265015,0.5055227279663086,-0.02749299257993698,0.6985461115837097,0.5027164220809937,-0.023698382079601288,0.9092381596565247,0.9025847911834717,-1.7321481493581814e-07,0.8754235506057739,0.7932534217834473,0.008159613236784935,0.8188304305076599,0.7470647096633911,0.0025789737701416016,0.7698714137077332,0.7656116485595703,-0.006048988550901413,0.7397072911262512,0.8057524561882019,-0.017961790785193443,0.7929124236106873,0.7319851517677307,-0.01769370213150978,0.7222733497619629,0.7531476020812988,-0.028586143627762794,0.6848801970481873,0.7730107307434082,-0.036391183733940125,0.6545510292053223,0.7888132929801941,-0.04213230684399605,0.7974807620048523,0.7953643798828125,-0.031157249584794044,0.723691463470459,0.819485604763031,-0.03986218944191933,0.6797833442687988,0.8322280049324036,-0.04411831870675087,0.6449293494224548,0.8427889347076416,-0.050116702914237976,0.8068207502365112,0.8633575439453125,-0.04205789044499397,0.7440581321716309,0.8938546776771545,-0.04799862951040268,0.7644950151443481,0.8917694091796875,-0.0435645766556263,0.7880990505218506,0.8831498622894287,-0.042011551558971405,0.8189474940299988,0.9295084476470947,-0.052089937031269073,0.7689447999000549,0.9424060583114624,-0.05473245307803154,0.7837188243865967,0.9360436201095581,-0.04558280110359192,0.804920494556427,0.9233702421188354,-0.039517153054475784
18,0.7686398029327393,0.5026261806488037,-3.1698032643134866e-08,0.7576646208763123,0.4472038745880127,0.003043315140530467,0.73155277967453,0.4123792052268982,-0.00200551375746727,0.7035955190658569,0.41079625487327576,-0.008236835710704327,0.6835759282112122,0.42455118894577026,-0.017560848966240883,0.7255638837814331,0.3960981070995331,-0.017259223386645317,0.6793420910835266,0.3933717608451843,-0.025046905502676964,0.6522826552391052,0.3953816592693329,-0.03068310208618641,0.6333513855934143,0.3947082757949829,-0.03493451327085495,0.724627673625946,0.43116894364356995,-0.023956123739480972,0.6728779673576355,0.42828992009162903,-0.029222581535577774,0.6456470489501953,0.42520374059677124,-0.03209446743130684,0.6268976330757141,0.421808660030365,-0.03605155646800995,0.7223568558692932,0.470350980758667,-0.02875456213951111,0.6767352223396301,0.4774746000766754,-0.03226180002093315,0.6844308972358704,0.48595714569091797,-0.029223214834928513,0.6983640193939209,0.48699018359184265,-0.02789193019270897,0.7194735407829285,0.5085613131523132,-0.03298013284802437,0.6844159960746765,0.5056054592132568,-0.035620737820863724,0.6915815472602844,0.5076987147331238,-0.030259907245635986,0.7049456834793091,0.5058441758155823,-0.026432737708091736,0.9049912691116333,0.8991053700447083,-1.7391977280567517e-07,0.8734496831893921,0.7885533571243286,0.007492055185139179,0.8198758363723755,0.7374880909919739,0.002042802982032299,0.772150993347168,0.7487671375274658,-0.00645082863047719,0.7426979541778564,0.784465491771698,-0.018190253525972366,0.789890468120575,0.7258402109146118,-0.017283625900745392,0.718144416809082,0.7449660301208496,-0.02857758291065693,0.6808901429176331,0.7623088955879211,-0.03716285154223442,0.6503758430480957,0.7764842510223389,-0.043238189071416855,0.7939651608467102,0.7892742156982422,-0.030015068128705025,0.7198053598403931,0.8113501071929932,-0.03823987767100334,0.6764881610870361,0.8218834400177002,-0.042418524622917175,0.6423436403274536,0.8305886387825012,-0.04829384759068489,0.8030859231948853,0.8570597171783447,-0.040338724851608276,0.741765022277832,0.8853451609611511,-0.04562446475028992,0.7609508037567139,0.8820858001708984,-0.041261911392211914,0.7839810252189636,0.8733800649642944,-0.03969763591885567,0.8145690560340881,0.9221990704536438,-0.04992393031716347,0.7650039196014404,0.9311022758483887,-0.051929790526628494,0.7786436676979065,0.9243260025978088,-0.04268103837966919,0.7991671562194824,0.9120983481407166,-0.0364818349480629
19,0.7765213251113892,0.4927559196949005,-3.15830632757752e-08,0.7606072425842285,0.4403859078884125,0.004171339329332113,0.7327291369438171,0.41126686334609985,-0.0013232557103037834,0.7042555212974548,0.4157922565937042,-0.007811862044036388,0.6849339604377747,0.43525251746177673,-0.01697511039674282,0.7280925512313843,0.39534658193588257,-0.02111807093024254,0.6814743876457214,0.39065849781036377,-0.030387261882424355,0.6554836630821228,0.3927724063396454,-0.03658338636159897,0.6357131004333496,0.39281412959098816,-0.040943291038274765,0.7278716564178467,0.43153977394104004,-0.028610553592443466,0.6757224798202515,0.4268050193786621,-0.035846736282110214,0.6457309722900391,0.42485058307647705,-0.03905853256583214,0.6238045692443848,0.42286741733551025,-0.04307412728667259,0.726175844669342,0.47054386138916016,-0.03379831463098526,0.679552435874939,0.47236746549606323,-0.038045432418584824,0.6884588599205017,0.47726666927337646,-0.03344719856977463,0.70264732837677,0.4755769968032837,-0.030888546258211136,0.7244423627853394,0.5085222721099854,-0.038289181888103485,0.6876164078712463,0.5022043585777283,-0.04081336408853531,0.6957446932792664,0.503040611743927,-0.03400839492678642,0.7093057632446289,0.5002094507217407,-0.029026582837104797,0.8986836075782776,0.8819274306297302,-1.7680586950064026e-07,0.8653331398963928,0.782720148563385,0.007867582142353058,0.8112144470214844,0.7400383353233337,0.0023747337982058525,0.7638936042785645,0.7473694682121277,-0.005959345027804375,0.7337931990623474,0.7745687961578369,-0.017774084582924843,0.7858167290687561,0.7230517268180847,-0.02000412344932556,0.7128415703773499,0.7384340763092041,-0.03407292440533638,0.6737922430038452,0.7560824751853943,-0.045092854648828506,0.6428920030593872,0.7746713757514954,-0.05238629877567291,0.7895239591598511,0.7834460139274597,-0.03269047662615776,0.7141656875610352,0.8058123588562012,-0.04268268495798111,0.6700543165206909,0.8188897371292114,-0.04759019613265991,0.6363849639892578,0.8318389654159546,-0.05383135750889778,0.7983900308609009,0.8496369123458862,-0.042843159288167953,0.7332981824874878,0.8788895606994629,-0.04928163066506386,0.7496669292449951,0.8810350894927979,-0.04335903003811836,0.7716974020004272,0.8764042854309082,-0.04040638357400894,0.8094627857208252,0.9150036573410034,-0.05223854258656502,0.7562879323959351,0.9272943735122681,-0.05552976578474045,0.7675844430923462,0.9233851432800293,-0.04570940509438515,0.787192165851593,0.913223147392273,-0.038640096783638
20,0.7768803238868713,0.48520371317863464,1.3672358356586756e-08,0.7611637711524963,0.4365707337856293,0.002370595233514905,0.7315641045570374,0.41155388951301575,-0.004863777197897434,0.7023044228553772,0.42232996225357056,-0.012745675630867481,0.6840519309043884,0.4468790590763092,-0.02311791107058525,0.7300204038619995,0.39064112305641174,-0.02572939544916153,0.6832497715950012,0.3875524699687958,-0.035529300570487976,0.6576701402664185,0.3896617293357849,-0.04147646203637123,0.63823401927948,0.38927024602890015,-0.045927297323942184,0.7290464639663696,0.4267653524875641,-0.033150214701890945,0.677107572555542,0.4230571687221527,-0.04158719256520271,0.6479835510253906,0.42265206575393677,-0.04509611427783966,0.626375138759613,0.42276495695114136,-0.049275875091552734,0.7272507548332214,0.46563521027565,-0.0380830280482769,0.6810433864593506,0.46964243054389954,-0.0432555116713047,0.6926007866859436,0.47407928109169006,-0.037979856133461,0.7075586318969727,0.4715459644794464,-0.03494921699166298,0.7261896729469299,0.5033299326896667,-0.04250818490982056,0.6899580359458923,0.4994111657142639,-0.046018630266189575,0.6991621851921082,0.49982234835624695,-0.03922438248991966,0.7124941349029541,0.495866060256958,-0.03427199274301529,0.8970972299575806,0.8878783583641052,-2.095523825573764e-07,0.862740159034729,0.7840461134910583,0.00799928605556488,0.8084888458251953,0.7377381324768066,0.0030389917083084583,0.7613702416419983,0.7423102855682373,-0.005086076911538839,0.731269896030426,0.7671166658401489,-0.016679417341947556,0.7818563580513,0.7247494459152222,-0.017415454611182213,0.7096131443977356,0.7426450252532959,-0.03133189678192139,0.6707761287689209,0.7622233629226685,-0.041944682598114014,0.6387949585914612,0.7817570567131042,-0.04885135591030121,0.786176860332489,0.7834556698799133,-0.03019755519926548,0.7107305526733398,0.808739423751831,-0.03988853096961975,0.6674482822418213,0.8242635726928711,-0.044682640582323074,0.6342322826385498,0.8380776643753052,-0.05064765736460686,0.7957448959350586,0.8476871848106384,-0.04074332118034363,0.7312966585159302,0.8824269771575928,-0.0471014603972435,0.7497716546058655,0.8858814239501953,-0.04241987317800522,0.7726709842681885,0.87975013256073,-0.04034094139933586,0.8076531291007996,0.9115451574325562,-0.050525594502687454,0.7563329935073853,0.9287225604057312,-0.05387524142861366,0.7695173025131226,0.9255689978599548,-0.04505977779626846,0.7898184657096863,0.9136157631874084,-0.038789618760347366
21,0.7795393466949463,0.4897349178791046,-3.540660820089414e-10,0.7640864253044128,0.4368581771850586,0.004284486640244722,0.7344136834144592,0.4107358455657959,-0.0015403885627165437,0.7040936946868896,0.4196356534957886,-0.008684389293193817,0.6842514276504517,0.43892380595207214,-0.01839793100953102,0.7320259809494019,0.38967493176460266,-0.018904203549027443,0.6864359974861145,0.3836684226989746,-0.027745874598622322,0.6604331135749817,0.38580405712127686,-0.033572763204574585,0.6408742666244507,0.3862482011318207,-0.03787511959671974,0.7307140827178955,0.42423924803733826,-0.026759926229715347,0.6791661977767944,0.4189164638519287,-0.033262282609939575,0.6500663161277771,0.4161149561405182,-0.036589644849300385,0.6282077431678772,0.4137008786201477,-0.04092433303594589,0.7287349700927734,0.46310457587242126,-0.0324721559882164,0.6840140223503113,0.4693908393383026,-0.036068663001060486,0.6958470344543457,0.47488659620285034,-0.03194630146026611,0.7113087773323059,0.47188901901245117,-0.03005693480372429,0.7271060943603516,0.5020144581794739,-0.037551090121269226,0.6921077370643616,0.5003961324691772,-0.03964380919933319,0.7018059492111206,0.5012563467025757,-0.03345264494419098,0.715662956237793,0.49632227420806885,-0.02931523509323597,0.8946029543876648,0.8813309073448181,-1.9564052422538225e-07,0.8609721660614014,0.7800968885421753,0.007513813674449921,0.806917667388916,0.7378069758415222,0.0018862979486584663,0.7601847052574158,0.7475069165229797,-0.006864955648779869,0.729420006275177,0.7778654098510742,-0.019129054620862007,0.7805745601654053,0.7239264249801636,-0.018945852294564247,0.7090715765953064,0.7428567409515381,-0.033535435795784,0.6706453561782837,0.7626261711120605,-0.04452790319919586,0.639302134513855,0.782384991645813,-0.051662176847457886,0.7854195237159729,0.7830665707588196,-0.03203335031867027,0.7104561924934387,0.8083435297012329,-0.04250568524003029,0.6668276786804199,0.8235493302345276,-0.0476568229496479,0.6330953240394592,0.8366736173629761,-0.05379913002252579,0.7953669428825378,0.8474397659301758,-0.04288078472018242,0.7311837673187256,0.8793433308601379,-0.0501885861158371,0.7499425411224365,0.8808159828186035,-0.04525541141629219,0.7728807926177979,0.8734400868415833,-0.042802996933460236,0.8077534437179565,0.9112289547920227,-0.05299533158540726,0.7561797499656677,0.9263306856155396,-0.05731300637125969,0.7697889804840088,0.9216277003288269,-0.04839261248707771,0.7903715968132019,0.9089392423629761,-0.04187597334384918
22,0.7784552574157715,0.48410525918006897,4.034209055703286e-08,0.7624788880348206,0.43355581164360046,0.0009161237394437194,0.7301067113876343,0.4105008840560913,-0.00758708268404007,0.6974804401397705,0.424446702003479,-0.016409462317824364,0.6767081618309021,0.4462651014328003,-0.027582330629229546,0.7311358451843262,0.3869016170501709,-0.02646215260028839,0.6841213703155518,0.3847980201244354,-0.036184217780828476,0.6585525274276733,0.38910406827926636,-0.04216593876481056,0.6392805576324463,0.3915267586708069,-0.046517983078956604,0.731276273727417,0.42421984672546387,-0.0329873226583004,0.6786258816719055,0.4209185242652893,-0.04129602760076523,0.6486473083496094,0.4198184609413147,-0.04488908499479294,0.6256585717201233,0.41896605491638184,-0.04932050779461861,0.7294541001319885,0.4639490842819214,-0.037119388580322266,0.6825758218765259,0.4674178957939148,-0.04189248010516167,0.6940004825592041,0.47126415371894836,-0.03645831346511841,0.7087059020996094,0.4692857563495636,-0.03350174054503441,0.7272598147392273,0.5017617344856262,-0.04078920558094978,0.69033282995224,0.4981157183647156,-0.043288830667734146,0.6997519731521606,0.497764527797699,-0.03602836653590202,0.7129406332969666,0.4934961199760437,-0.03104913793504238,0.8925458192825317,0.8786810636520386,-1.7647572292389668e-07,0.8583844304084778,0.780160129070282,0.0068114143796265125,0.804359495639801,0.7366769909858704,0.0004606004513334483,0.7571299076080322,0.7459233403205872,-0.008326046168804169,0.7277478575706482,0.7756997346878052,-0.02064533904194832,0.7809485793113708,0.7218863368034363,-0.02342814952135086,0.7083461880683899,0.7375617027282715,-0.03776263818144798,0.6691818237304688,0.7568607926368713,-0.048386428505182266,0.6377332210540771,0.7753300666809082,-0.055591002106666565,0.7863757610321045,0.7810567617416382,-0.03589713200926781,0.7110676169395447,0.804350733757019,-0.04632963240146637,0.666316032409668,0.8182153105735779,-0.05112344026565552,0.6317414045333862,0.831056535243988,-0.057569123804569244,0.7958647608757019,0.845894455909729,-0.045697204768657684,0.7298585176467896,0.8762913942337036,-0.052281454205513,0.7469937205314636,0.8788673877716064,-0.045870356261730194,0.7692724466323853,0.8735559582710266,-0.04286949709057808,0.8070957660675049,0.9091338515281677,-0.05480435863137245,0.7534375190734863,0.9226535558700562,-0.05837460234761238,0.7656731009483337,0.9184256792068481,-0.048378836363554,0.7854993939399719,0.9069194793701172,-0.04138677939772606
23,0.7784552574157715,0.48410525918006897,4.034209055703286e-08,0.7624788880348206,0.43355581164360046,0.0009161237394437194,0.7301067113876343,0.4105008840560913,-0.00758708268404007,0.6974804401397705,0.424446702003479,-0.016409462317824364,0.6767081618309021,0.4462651014328003,-0.027582330629229546,0.7311358451843262,0.3869016170501709,-0.02646215260028839,0.6841213703155518,0.3847980201244354,-0.036184217780828476,0.6585525274276733,0.38910406827926636,-0.04216593876481056,0.6392805576324463,0.3915267586708069,-0.046517983078956604,0.731276273727417,0.42421984672546387,-0.0329873226583004,0.6786258816719055,0.4209185242652893,-0.04129602760076523,0.6486473083496094,0.4198184609413147,-0.04488908499479294,0.6256585717201233,0.41896605491638184,-0.04932050779461861,0.7294541001319885,0.4639490842819214,-0.037119388580322266,0.6825758218765259,0.4674178957939148,-0.04189248010516167,0.6940004825592041,0.47126415371894836,-0.03645831346511841,0.7087059020996094,0.4692857563495636,-0.03350174054503441,0.7272598147392273,0.5017617344856262,-0.04078920558094978,0.69033282995224,0.4981157183647156,-0.043288830667734146,0.6997519731521606,0.497764527797699,-0.03602836653590202,0.7129406332969666,0.4934961199760437,-0.03104913793504238,0.8925458192825317,0.8786810636520386,-1.7647572292389668e-07,0.8583844304084778,0.780160129070282,0.0068114143796265125,0.804359495639801,0.7366769909858704,0.0004606004513334483,0.7571299076080322,0.7459233403205872,-0.008326046168804169,0.7277478575706482,0.7756997346878052,-0.02064533904194832,0.7809485793113708,0.7218863368034363,-0.02342814952135086,0.7083461880683899,0.7375617027282715,-0.03776263818144798,0.6691818237304688,0.7568607926368713,-0.048386428505182266,0.6377332210540771,0.7753300666809082,-0.055591002106666565,0.7863757610321045,0.7810567617416382,-0.03589713200926781,0.7110676169395447,0.804350733757019,-0.04632963240146637,0.666316032409668,0.8182153105735779,-0.05112344026565552,0.6317414045333862,0.831056535243988,-0.057569123804569244,0.7958647608757019,0.845894455909729,-0.045697204768657684,0.7298585176467896,0.8762913942337036,-0.052281454205513,0.7469937205314636,0.8788673877716064,-0.045870356261730194,0.7692724466323853,0.8735559582710266,-0.04286949709057808,0.8070957660675049,0.9091338515281677,-0.05480435863137245,0.7534375190734863,0.9226535558700562,-0.05837460234761238,0.7656731009483337,0.9184256792068481,-0.048378836363554,0.7854993939399719,0.9069194793701172,-0.04138677939772606
24,0.7770010828971863,0.4800158143043518,6.808917873968312e-08,0.7624568343162537,0.43346425890922546,-0.0010732808150351048,0.7323300838470459,0.40842634439468384,-0.010252959094941616,0.7021763324737549,0.41937199234962463,-0.019020646810531616,0.6825334429740906,0.4426429271697998,-0.02992907725274563,0.7336367964744568,0.38530516624450684,-0.03147155046463013,0.686182975769043,0.38365158438682556,-0.0421437993645668,0.6604660153388977,0.38630592823028564,-0.04780888184905052,0.6407975554466248,0.38798049092292786,-0.05160420015454292,0.7335331439971924,0.42311617732048035,-0.03732536360621452,0.6798424124717712,0.420465886592865,-0.04711553081870079,0.6500977873802185,0.4200773537158966,-0.050285786390304565,0.6284069418907166,0.4203230142593384,-0.05387088656425476,0.7313951849937439,0.4631325900554657,-0.04080820456147194,0.6835448741912842,0.4659763276576996,-0.0478346087038517,0.6945117712020874,0.46888935565948486,-0.04260404035449028,0.7093028426170349,0.46741965413093567,-0.03889323025941849,0.7287911772727966,0.50091153383255,-0.0438535213470459,0.6918392181396484,0.49708786606788635,-0.048286572098731995,0.7003503441810608,0.4961601495742798,-0.04172958433628082,0.7130584716796875,0.49323397874832153,-0.036681223660707474,0.8859745860099792,0.8809837102890015,-1.9916782889595197e-07,0.8505938649177551,0.7824883460998535,0.006729369517415762,0.794228732585907,0.737616240978241,0.0016247935127466917,0.7454710006713867,0.7410759925842285,-0.0063218967989087105,0.7184416651725769,0.7587037682533264,-0.016983378678560257,0.7692874670028687,0.7212440371513367,-0.017543427646160126,0.6989368796348572,0.7341980338096619,-0.03251185268163681,0.6604880690574646,0.7527937889099121,-0.04324285313487053,0.6285075545310974,0.7717382907867432,-0.05025005340576172,0.7746620178222656,0.7777717113494873,-0.030779030174016953,0.7001319527626038,0.7977927327156067,-0.04157589003443718,0.6581336855888367,0.8123873472213745,-0.04689193144440651,0.6256616115570068,0.8263036012649536,-0.052981168031692505,0.784888505935669,0.8408637046813965,-0.042131152004003525,0.7203015089035034,0.8771406412124634,-0.05052964389324188,0.740215003490448,0.8814582824707031,-0.04574574902653694,0.7635599374771118,0.873397707939148,-0.043112143874168396,0.7976788282394409,0.9044740200042725,-0.05290406197309494,0.7453424334526062,0.9254909157752991,-0.05850837379693985,0.760066568851471,0.9240286350250244,-0.050254013389348984,0.7812057733535767,0.9121735692024231,-0.04401123896241188
25,0.7778246402740479,0.48578891158103943,3.8777436373038654e-08,0.7618718147277832,0.43711966276168823,0.0002247049123980105,0.7298500537872314,0.4137437641620636,-0.008707718923687935,0.698308527469635,0.42898496985435486,-0.01761767454445362,0.6784476041793823,0.45192617177963257,-0.028799502179026604,0.7334538102149963,0.39030545949935913,-0.029499933123588562,0.6864125728607178,0.3857187032699585,-0.04032669588923454,0.6604647636413574,0.38748303055763245,-0.046408724039793015,0.6408156752586365,0.38842740654945374,-0.05062463507056236,0.7324755191802979,0.4270433485507965,-0.03582504019141197,0.6802920699119568,0.4226032793521881,-0.04517674446105957,0.6509245038032532,0.4227735102176666,-0.04853586480021477,0.628749668598175,0.42387622594833374,-0.05239865556359291,0.7301961183547974,0.46608686447143555,-0.03973725438117981,0.684374213218689,0.4726289212703705,-0.04535277187824249,0.6959518790245056,0.4768514037132263,-0.040254753082990646,0.7104703187942505,0.4753535985946655,-0.03722283989191055,0.727756917476654,0.5037065148353577,-0.04319357872009277,0.6918030381202698,0.5021300911903381,-0.04625752940773964,0.7009884715080261,0.5021765828132629,-0.03942376375198364,0.7139850854873657,0.49809762835502625,-0.034559424966573715,0.8811818957328796,0.8817294836044312,-1.760449919174789e-07,0.8471819758415222,0.7841575741767883,0.007383013144135475,0.7900478839874268,0.742847204208374,0.0030971618834882975,0.7415205836296082,0.7559179663658142,-0.004129195585846901,0.7113439440727234,0.7862184643745422,-0.014309207908809185,0.7634127140045166,0.7240628004074097,-0.014968717470765114,0.6942785978317261,0.7373214364051819,-0.028979752212762833,0.6560328006744385,0.7551869750022888,-0.039851490408182144,0.6247387528419495,0.7726907134056091,-0.0469876192510128,0.7677395343780518,0.780227780342102,-0.027790654450654984,0.6945720314979553,0.7999054789543152,-0.03725356236100197,0.6534630656242371,0.81353360414505,-0.04245641082525253,0.6212829351425171,0.8259503245353699,-0.04847656935453415,0.7775657176971436,0.8429879546165466,-0.038735367357730865,0.7148510217666626,0.8763374090194702,-0.045741572976112366,0.7346940040588379,0.8783577084541321,-0.04153503477573395,0.7572511434555054,0.8700205683708191,-0.039477549493312836,0.7904727458953857,0.906095564365387,-0.04905502870678902,0.741277813911438,0.9233695268630981,-0.053322792053222656,0.7558983564376831,0.9204815626144409,-0.04512697085738182,0.7758519649505615,0.908043622970581,-0.03912494704127312
26,0.7785305976867676,0.4896811842918396,3.578181306806982e-08,0.761707603931427,0.4413667321205139,0.0003452632518019527,0.7287421226501465,0.41859251260757446,-0.007819553837180138,0.6960982084274292,0.43290913105010986,-0.016215426847338676,0.6752095818519592,0.45258936285972595,-0.026871660724282265,0.7316693067550659,0.3941318988800049,-0.024926841259002686,0.684901237487793,0.3919042944908142,-0.034846995025873184,0.6585270762443542,0.3968905210494995,-0.04064610227942467,0.6395502686500549,0.40045812726020813,-0.044507116079330444,0.7314843535423279,0.42984917759895325,-0.03109280951321125,0.6790052652359009,0.42790064215660095,-0.03891821578145027,0.6491535305976868,0.4276781976222992,-0.04201902076601982,0.6271781921386719,0.4267542362213135,-0.045764923095703125,0.7297336459159851,0.4682939648628235,-0.0352012924849987,0.6835659742355347,0.4757377505302429,-0.0406222939491272,0.6929190754890442,0.4824931025505066,-0.03628434240818024,0.7069588303565979,0.4821162819862366,-0.03356283903121948,0.7272495031356812,0.5062351226806641,-0.03881499171257019,0.6913936734199524,0.5068498849868774,-0.042033713310956955,0.6995252966880798,0.507163405418396,-0.03565524145960808,0.7124310731887817,0.5031552910804749,-0.030922656878829002,0.8773767948150635,0.8811393976211548,-1.589637292909174e-07,0.8444821238517761,0.7854807376861572,0.007791146170347929,0.7880046963691711,0.7447142601013184,0.004494002554565668,0.7403959035873413,0.7501829862594604,-0.001684043905697763,0.7111065983772278,0.7717880010604858,-0.010773287154734135,0.7591077089309692,0.7258239984512329,-0.014261597767472267,0.6903992891311646,0.7417587041854858,-0.026656493544578552,0.6530206799507141,0.7564752697944641,-0.03653682768344879,0.6216756701469421,0.7710297703742981,-0.04334386810660362,0.7623992562294006,0.7823638319969177,-0.026812156662344933,0.6901554465293884,0.8038297891616821,-0.03491254523396492,0.649196207523346,0.8173536658287048,-0.03955969959497452,0.6166977882385254,0.8312640190124512,-0.045184049755334854,0.7722086906433105,0.845654308795929,-0.03730342909693718,0.7123672962188721,0.8816896080970764,-0.04331265389919281,0.7335009574890137,0.8819766044616699,-0.03897431492805481,0.7565974593162537,0.8728257417678833,-0.03685837239027023,0.7858432531356812,0.9089584946632385,-0.04715152457356453,0.738529622554779,0.9275908470153809,-0.051428649574518204,0.7537046074867249,0.9241389036178589,-0.04349031299352646,0.7735199928283691,0.9112117290496826,-0.037466686218976974
27,0.7785305976867676,0.4896811842918396,3.578181306806982e-08,0.761707603931427,0.4413667321205139,0.0003452632518019527,0.7287421226501465,0.41859251260757446,-0.007819553837180138,0.6960982084274292,0.43290913105010986,-0.016215426847338676,0.6752095818519592,0.45258936285972595,-0.026871660724282265,0.7316693067550659,0.3941318988800049,-0.024926841259002686,0.684901237487793,0.3919042944908142,-0.034846995025873184,0.6585270762443542,0.3968905210494995,-0.04064610227942467,0.6395502686500549,0.40045812726020813,-0.044507116079330444,0.7314843535423279,0.42984917759895325,-0.03109280951321125,0.6790052652359009,0.42790064215660095,-0.03891821578145027,0.6491535305976868,0.4276781976222992,-0.04201902076601982,0.6271781921386719,0.4267542362213135,-0.045764923095703125,0.7297336459159851,0.4682939648628235,-0.0352012924849987,0.6835659742355347,0.4757377505302429,-0.0406222939491272,0.6929190754890442,0.4824931025505066,-0.03628434240818024,0.7069588303565979,0.4821162819862366,-0.03356283903121948,0.7272495031356812,0.5062351226806641,-0.03881499171257019,0.6913936734199524,0.5068498849868774,-0.042033713310956955,0.6995252966880798,0.507163405418396,-0.03565524145960808,0.7124310731887817,0.5031552910804749,-0.030922656878829002,0.8773767948150635,0.8811393976211548,-1.589637292909174e-07,0.8444821238517761,0.7854807376861572,0.007791146170347929,0.7880046963691711,0.7447142601013184,0.004494002554565668,0.7403959035873413,0.7501829862594604,-0.001684043905697763,0.7111065983772278,0.7717880010604858,-0.010773287154734135,0.7591077089309692,0.7258239984512329,-0.014261597767472267,0.6903992891311646,0.7417587041854858,-0.026656493544578552,0.6530206799507141,0.7564752697944641,-0.03653682768344879,0.6216756701469421,0.7710297703742981,-0.04334386810660362,0.7623992562294006,0.7823638319969177,-0.026812156662344933,0.6901554465293884,0.8038297891616821,-0.03491254523396492,0.649196207523346,0.8173536658287048,-0.03955969959497452,0.6166977882385254,0.8312640190124512,-0.045184049755334854,0.7722086906433105,0.845654308795929,-0.03730342909693718,0.7123672962188721,0.8816896080970764,-0.04331265389919281,0.7335009574890137,0.8819766044616699,-0.03897431492805481,0.7565974593162537,0.8728257417678833,-0.03685837239027023,0.7858432531356812,0.9089584946632385,-0.04715152457356453,0.738529622554779,0.9275908470153809,-0.051428649574518204,0.7537046074867249,0.9241389036178589,-0.04349031299352646,0.7735199928283691,0.9112117290496826,-0.037466686218976974
28,0.7749494314193726,0.49225717782974243,4.273839948609748e-08,0.758323609828949,0.44459617137908936,-0.00014135055243968964,0.7255249619483948,0.42242875695228577,-0.008163075894117355,0.6947777271270752,0.43533021211624146,-0.0161224827170372,0.6755539178848267,0.45601317286491394,-0.026401037350296974,0.7278949022293091,0.398960679769516,-0.026193417608737946,0.6817091703414917,0.398713082075119,-0.035719964653253555,0.6555180549621582,0.40388035774230957,-0.0410468727350235,0.636375904083252,0.4062758684158325,-0.044592514634132385,0.7279228568077087,0.435492604970932,-0.03191916644573212,0.6753208637237549,0.43527430295944214,-0.03946038335561752,0.6452597975730896,0.4365995526313782,-0.04204106330871582,0.6237492561340332,0.4361613988876343,-0.04534083604812622,0.726494312286377,0.4745512306690216,-0.03548862040042877,0.6801048517227173,0.4809301197528839,-0.041074760258197784,0.6878092288970947,0.48738399147987366,-0.03676526993513107,0.7015711069107056,0.4877896010875702,-0.033877331763505936,0.7243669629096985,0.5129902362823486,-0.03857431560754776,0.6892566680908203,0.5121264457702637,-0.042173195630311966,0.6962596774101257,0.5124780535697937,-0.035991374403238297,0.7086708545684814,0.5096787214279175,-0.031219875440001488,0.874305009841919,0.8721392154693604,-1.0172565367838615e-07,0.83991539478302,0.7873203754425049,0.005166334565728903,0.7838855981826782,0.7554160356521606,-2.4435785235255025e-05,0.7372006177902222,0.769019365310669,-0.007251240313053131,0.7085515260696411,0.799780547618866,-0.017458241432905197,0.7587121725082397,0.7258365750312805,-0.0213372390717268,0.69121253490448,0.7490465641021729,-0.03493402153253555,0.6536709070205688,0.766213059425354,-0.04476037248969078,0.6225342154502869,0.7801297307014465,-0.05168586224317551,0.7629687190055847,0.7828980088233948,-0.033727310597896576,0.6890130639076233,0.8099418878555298,-0.043477751314640045,0.6480184197425842,0.825566291809082,-0.047615401446819305,0.6176878809928894,0.8400582075119019,-0.05274967849254608,0.7734895348548889,0.8483521938323975,-0.04395394027233124,0.7132894396781921,0.887845516204834,-0.05244055390357971,0.7331648468971252,0.8872922658920288,-0.04650123044848442,0.7561941146850586,0.8775960803031921,-0.0426345132291317,0.7875043153762817,0.9141636490821838,-0.05371169373393059,0.7383334636688232,0.9357631802558899,-0.06020396947860718,0.7527396082878113,0.934371292591095,-0.051444824784994125,0.7722113728523254,0.9227420687675476,-0.044413093477487564
29,0.8912162780761719,0.89799964427948,-1.735459704832465e-07,0.855150580406189,0.7965237498283386,0.007875706069171429,0.7965649366378784,0.7555062770843506,0.0033874381333589554,0.7462039589881897,0.7709904909133911,-0.0041641779243946075,0.7141278386116028,0.8022078275680542,-0.014761286787688732,0.771338164806366,0.7337052226066589,-0.013921801932156086,0.7018409371376038,0.7520425319671631,-0.026942063122987747,0.6636970043182373,0.7682018876075745,-0.03775240108370781,0.6328074932098389,0.7827028036117554,-0.045238107442855835,0.7773025035858154,0.7937982082366943,-0.02707064338028431,0.7034764289855957,0.8167734742164612,-0.036409590393304825,0.6609756946563721,0.8288175463676453,-0.04217824712395668,0.6281363368034363,0.8402182459831238,-0.04889710620045662,0.7880446910858154,0.8590492010116577,-0.03823194280266762,0.7228854298591614,0.893450140953064,-0.045754656195640564,0.7414532899856567,0.8964061737060547,-0.04192032292485237,0.7642707228660583,0.8895751237869263,-0.04001329094171524,0.8011815547943115,0.9237802624702454,-0.04861314222216606,0.7489299774169922,0.9424391984939575,-0.05335807800292969,0.7626121640205383,0.938963770866394,-0.04529184103012085,0.7833825945854187,0.9263547658920288,-0.03927093371748924,0.7695553302764893,0.4891386330127716,7.12396257540604e-08,0.755131185054779,0.440514475107193,-0.0003147691022604704,0.7251903414726257,0.4177848696708679,-0.00829802080988884,0.6968570351600647,0.4287475645542145,-0.016172071918845177,0.6780067682266235,0.44927453994750977,-0.02648535743355751,0.7251729369163513,0.40002644062042236,-0.026847172528505325,0.6800480484962463,0.4009862244129181,-0.0362955778837204,0.6542800068855286,0.4081869423389435,-0.04167292267084122,0.6360547542572021,0.411888062953949,-0.04527762532234192,0.7253952026367188,0.4372999966144562,-0.0323185920715332,0.6746721267700195,0.43535375595092773,-0.0397021546959877,0.6459463834762573,0.4346391260623932,-0.04225814342498779,0.6264426112174988,0.43170738220214844,-0.045565031468868256,0.7243446707725525,0.4772701859474182,-0.0356413871049881,0.6784294843673706,0.48130184412002563,-0.04106685519218445,0.6840019822120667,0.48559626936912537,-0.036981742829084396,0.6970022916793823,0.4842873513698578,-0.034352611750364304,0.7228569984436035,0.5152797102928162,-0.038481056690216064,0.6894162893295288,0.5144418478012085,-0.04217326641082764,0.6951855421066284,0.5138922929763794,-0.03627874329686165,0.7071689963340759,0.5106813311576843,-0.031761620193719864
30,0.89776211977005,0.8887712955474854,-1.7971490251511568e-07,0.8636727333068848,0.7880563139915466,0.005850484129041433,0.807151198387146,0.7473653554916382,-0.0012978387530893087,0.7577387094497681,0.7632492780685425,-0.010915110819041729,0.7246982455253601,0.7963869571685791,-0.023642119020223618,0.785635232925415,0.7291418313980103,-0.02223968878388405,0.7123176455497742,0.7464480996131897,-0.03656633570790291,0.6733963489532471,0.765731930732727,-0.04773950204253197,0.6425170302391052,0.781928300857544,-0.05548353120684624,0.7907161712646484,0.7897031307220459,-0.034640103578567505,0.7160238027572632,0.8135458827018738,-0.044859472662210464,0.6722525954246521,0.826064944267273,-0.050144825130701065,0.6385232210159302,0.8360117077827454,-0.05708831921219826,0.7997814416885376,0.8552009463310242,-0.04477259889245033,0.7359415292739868,0.8854162693023682,-0.051388755440711975,0.7536147832870483,0.8847553730010986,-0.04654625803232193,0.7760388851165771,0.877013087272644,-0.04489752650260925,0.8105962872505188,0.9180042743682861,-0.05430362746119499,0.7601150274276733,0.9336973428726196,-0.05788826569914818,0.7726269960403442,0.9282545447349548,-0.04911427944898605,0.7922860980033875,0.9159349799156189,-0.04327765479683876,0.7722477316856384,0.4913322925567627,7.484521802325617e-08,0.7564077377319336,0.442099392414093,-0.0005181151209399104,0.724859356880188,0.42013871669769287,-0.008381580002605915,0.6952618956565857,0.4329511523246765,-0.016308963298797607,0.6761854290962219,0.454858660697937,-0.026798110455274582,0.7245916128158569,0.3989969789981842,-0.024008192121982574,0.6795420050621033,0.40131670236587524,-0.03277743235230446,0.6529058814048767,0.4077078104019165,-0.038105253130197525,0.6344722509384155,0.4102601408958435,-0.041814420372247696,0.725069522857666,0.43466421961784363,-0.029333239421248436,0.6743122339248657,0.4339577853679657,-0.03621914982795715,0.6453660726547241,0.4324312210083008,-0.039274875074625015,0.6260721683502197,0.42883339524269104,-0.04291421175003052,0.7242570519447327,0.47389355301856995,-0.03270011767745018,0.6777337789535522,0.4816359281539917,-0.03804465010762215,0.6822690963745117,0.48830950260162354,-0.03520208224654198,0.6948040127754211,0.4881913661956787,-0.033309150487184525,0.7226575016975403,0.5123716592788696,-0.03559143468737602,0.6885032057762146,0.5143275260925293,-0.039034344255924225,0.6930830478668213,0.5146060585975647,-0.03379019349813461,0.7047857046127319,0.5114389061927795,-0.029762452468276024
31,0.89776211977005,0.8887712955474854,-1.7971490251511568e-07,0.8636727333068848,0.7880563139915466,0.005850484129041433,0.807151198387146,0.7473653554916382,-0.0012978387530893087,0.7577387094497681,0.7632492780685425,-0.010915110819041729,0.7246982455253601,0.7963869571685791,-0.023642119020223618,0.785635232925415,0.7291418313980103,-0.02223968878388405,0.7123176455497742,0.7464480996131897,-0.03656633570790291,0.6733963489532471,0.765731930732727,-0.04773950204253197,0.6425170302391052,0.781928300857544,-0.05548353120684624,0.7907161712646484,0.7897031307220459,-0.034640103578567505,0.7160238027572632,0.8135458827018738,-0.044859472662210464,0.6722525954246521,0.826064944267273,-0.050144825130701065,0.6385232210159302,0.8360117077827454,-0.05708831921219826,0.7997814416885376,0.8552009463310242,-0.04477259889245033,0.7359415292739868,0.8854162693023682,-0.051388755440711975,0.7536147832870483,0.8847553730010986,-0.04654625803232193,0.7760388851165771,0.877013087272644,-0.04489752650260925,0.8105962872505188,0.9180042743682861,-0.05430362746119499,0.7601150274276733,0.9336973428726196,-0.05788826569914818,0.7726269960403442,0.9282545447349548,-0.04911427944898605,0.7922860980033875,0.9159349799156189,-0.04327765479683876,0.7722477316856384,0.4913322925567627,7.484521802325617e-08,0.7564077377319336,0.442099392414093,-0.0005181151209399104,0.724859356880188,0.42013871669769287,-0.008381580002605915,0.6952618956565857,0.4329511523246765,-0.016308963298797607,0.6761854290962219,0.454858660697937,-0.026798110455274582,0.7245916128158569,0.3989969789981842,-0.024008192121982574,0.6795420050621033,0.40131670236587524,-0.03277743235230446,0.6529058814048767,0.4077078104019165,-0.038105253130197525,0.6344722509384155,0.4102601408958435,-0.041814420372247696,0.725069522857666,0.43466421961784363,-0.029333239421248436,0.6743122339248657,0.4339577853679657,-0.03621914982795715,0.6453660726547241,0.4324312210083008,-0.039274875074625015,0.6260721683502197,0.42883339524269104,-0.04291421175003052,0.7242570519447327,0.47389355301856995,-0.03270011767745018,0.6777337789535522,0.4816359281539917,-0.03804465010762215,0.6822690963745117,0.48830950260162354,-0.03520208224654198,0.6948040127754211,0.4881913661956787,-0.033309150487184525,0.7226575016975403,0.5123716592788696,-0.03559143468737602,0.6885032057762146,0.5143275260925293,-0.039034344255924225,0.6930830478668213,0.5146060585975647,-0.03379019349813461,0.7047857046127319,0.5114389061927795,-0.029762452468276024
32,0.7719190120697021,0.4900538921356201,6.109407735266359e-08,0.7552958130836487,0.44446495175361633,0.0007295859977602959,0.7245160937309265,0.42588913440704346,-0.007549988105893135,0.6959879994392395,0.4445037543773651,-0.015777604654431343,0.6774961352348328,0.467327743768692,-0.02583247795701027,0.7262545824050903,0.3992069959640503,-0.02780125103890896,0.6793420314788818,0.40032461285591125,-0.03836635872721672,0.6533757448196411,0.40578222274780273,-0.04396156966686249,0.6341115236282349,0.40943336486816406,-0.04750426486134529,0.7255454659461975,0.43595367670059204,-0.03435764089226723,0.6738908290863037,0.4344733655452728,-0.043548669666051865,0.6450450420379639,0.43570050597190857,-0.04662325605750084,0.6238478422164917,0.436394602060318,-0.04983670637011528,0.7239205241203308,0.47527873516082764,-0.03858102113008499,0.6768761873245239,0.4822653532028198,-0.045174043625593185,0.6857630610466003,0.4848940074443817,-0.0404660664498806,0.6991415023803711,0.48299843072891235,-0.036972776055336,0.7224000692367554,0.5139256715774536,-0.042242635041475296,0.6885448098182678,0.5140719413757324,-0.0463198721408844,0.695686399936676,0.5120880603790283,-0.040102336555719376,0.7073017358779907,0.5076324343681335,-0.035115841776132584,0.8981561660766602,0.8739438056945801,-2.0092245733849268e-07,0.8667643666267395,0.7743939161300659,0.006839320063591003,0.8125585317611694,0.7341165542602539,0.0007986604468896985,0.7647846937179565,0.7462129592895508,-0.0079437755048275,0.7327044010162354,0.7759667634963989,-0.01989731565117836,0.7911595106124878,0.7193771600723267,-0.020866600796580315,0.7178699374198914,0.7386730313301086,-0.03266322240233421,0.6807419061660767,0.7566623687744141,-0.04067939892411232,0.6515074968338013,0.771696150302887,-0.0464126281440258,0.7959133982658386,0.7786413431167603,-0.033223267644643784,0.7201055288314819,0.8060055375099182,-0.04297894239425659,0.6781361103057861,0.8183098435401917,-0.04684974625706673,0.6454071998596191,0.8276894092559814,-0.05233137682080269,0.8050857782363892,0.8435660004615784,-0.04308513551950455,0.7412914633750916,0.8746693134307861,-0.050335586071014404,0.7608419060707092,0.871303915977478,-0.045384056866168976,0.7841218709945679,0.8610634207725525,-0.043107565492391586,0.81589275598526,0.9062374830245972,-0.052052538841962814,0.7643482685089111,0.9211547374725342,-0.05634389445185661,0.7771867513656616,0.9142208099365234,-0.04784418269991875,0.7973673939704895,0.9002132415771484,-0.04195790737867355
33,0.7726460695266724,0.4901213049888611,6.204218294669772e-08,0.7558035254478455,0.44306299090385437,0.0011401663068681955,0.7243651151657104,0.42435339093208313,-0.006720596458762884,0.69565749168396,0.4415779113769531,-0.014575387351214886,0.6764845848083496,0.4632362127304077,-0.024263691157102585,0.7265955805778503,0.400078147649765,-0.027078818529844284,0.6804985404014587,0.4011979401111603,-0.037127234041690826,0.6545731425285339,0.40621525049209595,-0.04268084466457367,0.6353586912155151,0.4089964032173157,-0.04631626605987549,0.7256200313568115,0.4382692277431488,-0.03351918235421181,0.6754543781280518,0.43593165278434753,-0.041959814727306366,0.646784782409668,0.4356327950954437,-0.044727250933647156,0.6256932616233826,0.4353450536727905,-0.04798050597310066,0.7234562039375305,0.478099524974823,-0.037634268403053284,0.6772322058677673,0.4821176528930664,-0.0430372953414917,0.6857925057411194,0.48323118686676025,-0.037995509803295135,0.6990658640861511,0.4809287190437317,-0.0346633642911911,0.7216253876686096,0.5162434577941895,-0.04123057797551155,0.6879019141197205,0.5134409070014954,-0.044060684740543365,0.6939634680747986,0.5104827284812927,-0.03748268261551857,0.7048425078392029,0.5060669779777527,-0.03254884108901024,0.9010117053985596,0.8725444078445435,-1.8907000765011617e-07,0.8683791160583496,0.7769600749015808,0.006070879753679037,0.8128839135169983,0.7365182638168335,-0.0005150837823748589,0.7644984722137451,0.747510552406311,-0.009345229715108871,0.7321900129318237,0.7729858756065369,-0.021374987438321114,0.7936096787452698,0.7196156978607178,-0.024517156183719635,0.7214664220809937,0.7387263774871826,-0.03723829239606857,0.6849175691604614,0.7557253837585449,-0.04604354873299599,0.6555913090705872,0.7694550156593323,-0.05252465605735779,0.7989917993545532,0.7790316939353943,-0.03678923100233078,0.7235044240951538,0.8051868677139282,-0.04670895263552666,0.681290328502655,0.8174778819084167,-0.05101765692234039,0.6477735638618469,0.8272746801376343,-0.05738108605146408,0.8084166049957275,0.8440303802490234,-0.04640985280275345,0.7442501783370972,0.8760817646980286,-0.0535702258348465,0.7640760540962219,0.8732209205627441,-0.048472002148628235,0.7873719930648804,0.8627289533615112,-0.046605434268713,0.8194866180419922,0.9058314561843872,-0.05518238991498947,0.7683131098747253,0.922950267791748,-0.059591203927993774,0.7817419171333313,0.9165682792663574,-0.05117907375097275,0.8017007112503052,0.9022995233535767,-0.0456530936062336
34,0.7754669785499573,0.4953256845474243,3.223897238058271e-08,0.7579169273376465,0.44767656922340393,0.00118548097088933,0.7253826260566711,0.42767828702926636,-0.0067735519260168076,0.6940242052078247,0.4456961154937744,-0.01491173543035984,0.6742663979530334,0.46619948744773865,-0.02472025714814663,0.7286889553070068,0.40242236852645874,-0.026040121912956238,0.6811081171035767,0.40242114663124084,-0.03634646534919739,0.655566394329071,0.4060901403427124,-0.042047612369060516,0.6360935568809509,0.4078129529953003,-0.04598847031593323,0.7264645099639893,0.44032585620880127,-0.03292160853743553,0.6745402812957764,0.4358896017074585,-0.041550491005182266,0.6460035443305969,0.43588483333587646,-0.04506755992770195,0.6242451071739197,0.4369972050189972,-0.048942647874355316,0.7238224148750305,0.4793846011161804,-0.03751470893621445,0.6779975891113281,0.4844245910644531,-0.04310673475265503,0.6897585988044739,0.4859454035758972,-0.03831534460186958,0.7037369608879089,0.48373037576675415,-0.035337161272764206,0.7218425273895264,0.517232358455658,-0.041636236011981964,0.6903243064880371,0.5163065791130066,-0.04496873915195465,0.6991516351699829,0.5137832164764404,-0.038879506289958954,0.7104813456535339,0.5092933177947998,-0.034440137445926666,0.9048202037811279,0.8845940232276917,-2.1514605919037422e-07,0.8736075162887573,0.7807315587997437,0.006815239787101746,0.818143904209137,0.7375280261039734,0.00017500379181001335,0.7683085203170776,0.7487756013870239,-0.008875550702214241,0.7348592877388,0.7764712572097778,-0.021281510591506958,0.7986578345298767,0.7209211587905884,-0.02200339362025261,0.72423255443573,0.7425594329833984,-0.033798977732658386,0.6867831945419312,0.761569619178772,-0.04193349927663803,0.6572989821434021,0.77568519115448,-0.04782916605472565,0.8042362332344055,0.7807363271713257,-0.03419287130236626,0.7259954214096069,0.8082733154296875,-0.04329441487789154,0.6834084987640381,0.8221898078918457,-0.04665234684944153,0.6506921648979187,0.8320246934890747,-0.052154865115880966,0.8137898445129395,0.8467028141021729,-0.043758805841207504,0.7482278347015381,0.8779479265213013,-0.05013679713010788,0.7675750851631165,0.8752437829971313,-0.0447336807847023,0.7909536957740784,0.8650246262550354,-0.04263650253415108,0.8245426416397095,0.9101566076278687,-0.052369508892297745,0.7712772488594055,0.9243645668029785,-0.05604426935315132,0.7842580676078796,0.9183148741722107,-0.04704571142792702,0.8048520088195801,0.9042735695838928,-0.04105476662516594
35,0.7777007818222046,0.4968188405036926,5.088559973387419e-08,0.7609006762504578,0.4497107267379761,0.00029860614449717104,0.7294079065322876,0.43077510595321655,-0.008405563421547413,0.6990424990653992,0.44877180457115173,-0.017104782164096832,0.679919958114624,0.47065111994743347,-0.02751968428492546,0.7308282256126404,0.4048871397972107,-0.028700603172183037,0.6839842200279236,0.4051983952522278,-0.03976130113005638,0.6578464508056641,0.4094266891479492,-0.04592394828796387,0.6380524039268494,0.41211628913879395,-0.050004180520772934,0.7291832566261292,0.44298452138900757,-0.035012032836675644,0.6770964860916138,0.4405488967895508,-0.044668130576610565,0.6475798487663269,0.4401933252811432,-0.048249244689941406,0.625350296497345,0.44119027256965637,-0.05203420668840408,0.7263160347938538,0.48235249519348145,-0.038943566381931305,0.679755687713623,0.48654553294181824,-0.04480062797665596,0.6908535361289978,0.4870734214782715,-0.03898045793175697,0.7047842741012573,0.48486167192459106,-0.03504101186990738,0.7239670157432556,0.5203455686569214,-0.042517583817243576,0.6898822784423828,0.5152034163475037,-0.045339345932006836,0.6974127292633057,0.5125343203544617,-0.03808509185910225,0.7084637880325317,0.5094736814498901,-0.03265751525759697,0.9040196537971497,0.8890857100486755,-2.0327432537214918e-07,0.8731846213340759,0.7840956449508667,0.006757571827620268,0.8200356364250183,0.7389808297157288,-0.00040618740604259074,0.7715042233467102,0.7514098286628723,-0.00993335247039795,0.7387946844100952,0.781725287437439,-0.022886788472533226,0.8001857399940491,0.7244312763214111,-0.02429288625717163,0.7275406718254089,0.7456387281417847,-0.03645729646086693,0.6897870898246765,0.7666997909545898,-0.04405843839049339,0.660193920135498,0.7835098505020142,-0.04941318556666374,0.8062856793403625,0.7849012613296509,-0.03676168620586395,0.7279366850852966,0.8116057515144348,-0.04639594256877899,0.6844395399093628,0.8265760540962219,-0.04951942339539528,0.6513879299163818,0.8376528024673462,-0.054779063910245895,0.8158506751060486,0.8519349694252014,-0.046457838267087936,0.7495113015174866,0.8824528455734253,-0.05318444222211838,0.7685946822166443,0.8794970512390137,-0.04765194281935692,0.7919400930404663,0.8687748908996582,-0.045470401644706726,0.8262298703193665,0.9166973829269409,-0.05513604357838631,0.7732378840446472,0.9305533170700073,-0.059099651873111725,0.7867840528488159,0.9234533309936523,-0.04993654042482376,0.8073849081993103,0.9084533452987671,-0.04382440820336342
36,0.7794966101646423,0.49189290404319763,7.388411660258498e-08,0.7626436352729797,0.4434785842895508,-0.0007683756994083524,0.7308206558227539,0.42377573251724243,-0.009373565204441547,0.701203465461731,0.4421049654483795,-0.017673635855317116,0.6822699904441833,0.46747416257858276,-0.02769831009209156,0.7325623035430908,0.3994251787662506,-0.02837408520281315,0.6857613325119019,0.40088939666748047,-0.03882523626089096,0.6599830389022827,0.4051051139831543,-0.044716667383909225,0.6402899026870728,0.40743914246559143,-0.048646748065948486,0.7312372922897339,0.43805643916130066,-0.03417947143316269,0.6799412965774536,0.43594974279403687,-0.043303560465574265,0.651343584060669,0.43503114581108093,-0.0468740351498127,0.6302108764648438,0.43490785360336304,-0.05064628645777702,0.7287828326225281,0.478155255317688,-0.03775966912508011,0.6834972500801086,0.48161494731903076,-0.04411419853568077,0.6947311162948608,0.48072513937950134,-0.03910195454955101,0.708911657333374,0.4782376289367676,-0.03552413731813431,0.7265868782997131,0.5161141157150269,-0.04098431393504143,0.6927449703216553,0.5107326507568359,-0.04468414559960365,0.70113205909729,0.5083797574043274,-0.03790488466620445,0.7126754522323608,0.5066137909889221,-0.03269165754318237,0.9062101244926453,0.8834911584854126,-2.0665595457103336e-07,0.8716241717338562,0.7846903204917908,0.0074812257662415504,0.8187151551246643,0.7473161220550537,-0.0002180015726480633,0.772769570350647,0.7629415392875671,-0.010424338281154633,0.7407910227775574,0.798027753829956,-0.024261843413114548,0.7945702075958252,0.730498731136322,-0.026842156425118446,0.7221856713294983,0.7568400502204895,-0.04090167582035065,0.6846776008605957,0.7809391617774963,-0.05026138201355934,0.6550222635269165,0.8006582260131836,-0.05664995685219765,0.8042728304862976,0.7899358868598938,-0.04007409140467644,0.7264792919158936,0.8223430514335632,-0.05090828239917755,0.6818938851356506,0.8421181440353394,-0.05432649329304695,0.6486623883247375,0.8565375804901123,-0.05984548106789589,0.817010223865509,0.8552370667457581,-0.050374820828437805,0.7492906451225281,0.8903214931488037,-0.05692831799387932,0.766552746295929,0.8921639919281006,-0.049468401819467545,0.7897616624832153,0.8842321038246155,-0.0460774227976799,0.8301546573638916,0.9185477495193481,-0.059823669493198395,0.7749433517456055,0.9406354427337646,-0.06337100267410278,0.7868961095809937,0.9353187084197998,-0.05298331007361412,0.8072261214256287,0.9197044968605042,-0.04592754691839218
37,0.778579831123352,0.48810821771621704,8.26987545110569e-08,0.7629669904708862,0.44149377942085266,-0.00028089084662497044,0.732112467288971,0.420401394367218,-0.009716210886836052,0.7024713754653931,0.4388430714607239,-0.01872137561440468,0.6839263439178467,0.4645092785358429,-0.029693985357880592,0.7337331175804138,0.39572927355766296,-0.03239493444561958,0.6853164434432983,0.39684268832206726,-0.04313410446047783,0.6592950820922852,0.40145984292030334,-0.049318306148052216,0.6396318674087524,0.4038121998310089,-0.05359708517789841,0.7329888939857483,0.43642711639404297,-0.03837859258055687,0.6803727746009827,0.4321776330471039,-0.047574233263731,0.6512495279312134,0.4308893084526062,-0.050758179277181625,0.6295279264450073,0.4310782253742218,-0.054716140031814575,0.7304213047027588,0.47789639234542847,-0.04171457141637802,0.6835423707962036,0.47554171085357666,-0.046830326318740845,0.6940047740936279,0.4746614098548889,-0.0408133827149868,0.7081901431083679,0.47329893708229065,-0.03722739592194557,0.727780818939209,0.5164617300033569,-0.04467722028493881,0.69241863489151,0.5069277286529541,-0.046981945633888245,0.698759138584137,0.5033579468727112,-0.039513565599918365,0.7092553377151489,0.5010638236999512,-0.03433334454894066,0.905116856098175,0.8830408453941345,-1.8192559991803137e-07,0.8701109886169434,0.7828683853149414,0.008290817029774189,0.8161580562591553,0.746018648147583,0.0016655504005029798,0.7696112990379333,0.7633529305458069,-0.007596815936267376,0.7379463911056519,0.7977635264396667,-0.020419958978891373,0.7889881134033203,0.7316017150878906,-0.025070229545235634,0.717067301273346,0.7604606747627258,-0.037728387862443924,0.6803900599479675,0.7851525545120239,-0.04597245529294014,0.6511011123657227,0.8058918118476868,-0.051621537655591965,0.797732412815094,0.7921755909919739,-0.03819243609905243,0.7222069501876831,0.8235478401184082,-0.047976840287446976,0.6792231798171997,0.8411678075790405,-0.05107861012220383,0.6467917561531067,0.8548378944396973,-0.05633142217993736,0.8104816675186157,0.8579609394073486,-0.04823824390769005,0.7462207078933716,0.8913203477859497,-0.05408027768135071,0.7632704377174377,0.8923527002334595,-0.04687633737921715,0.7858048677444458,0.8856750726699829,-0.043606482446193695,0.8244904279708862,0.9218279719352722,-0.057352688163518906,0.7721870541572571,0.940449059009552,-0.06031931936740875,0.7840459942817688,0.9348572492599487,-0.049939315766096115,0.8038945198059082,0.9209448099136353,-0.04282642528414726
38,0.778579831123352,0.48810821771621704,8.26987545110569e-08,0.7629669904708862,0.44149377942085266,-0.00028089084662497044,0.732112467288971,0.420401394367218,-0.009716210886836052,0.7024713754653931,0.4388430714607239,-0.01872137561440468,0.6839263439178467,0.4645092785358429,-0.029693985357880592,0.7337331175804138,0.39572927355766296,-0.03239493444561958,0.6853164434432983,0.39684268832206726,-0.04313410446047783,0.6592950820922852,0.40145984292030334,-0.049318306148052216,0.6396318674087524,0.4038121998310089,-0.05359708517789841,0.7329888939857483,0.43642711639404297,-0.03837859258055687,0.6803727746009827,0.4321776330471039,-0.047574233263731,0.6512495279312134,0.4308893084526062,-0.050758179277181625,0.6295279264450073,0.4310782253742218,-0.054716140031814575,0.7304213047027588,0.47789639234542847,-0.04171457141637802,0.6835423707962036,0.47554171085357666,-0.046830326318740845,0.6940047740936279,0.4746614098548889,-0.0408133827149868,0.7081901431083679,0.47329893708229065,-0.03722739592194557,0.727780818939209,0.5164617300033569,-0.04467722028493881,0.69241863489151,0.5069277286529541,-0.046981945633888245,0.698759138584137,0.5033579468727112,-0.039513565599918365,0.7092553377151489,0.5010638236999512,-0.03433334454894066,0.905116856098175,0.8830408453941345,-1.8192559991803137e-07,0.8701109886169434,0.7828683853149414,0.008290817029774189,0.8161580562591553,0.746018648147583,0.0016655504005029798,0.7696112990379333,0.7633529305458069,-0.007596815936267376,0.7379463911056519,0.7977635264396667,-0.020419958978891373,0.7889881134033203,0.7316017150878906,-0.025070229545235634,0.717067301273346,0.7604606747627258,-0.037728387862443924,0.6803900599479675,0.7851525545120239,-0.04597245529294014,0.6511011123657227,0.8058918118476868,-0.051621537655591965,0.797732412815094,0.7921755909919739,-0.03819243609905243,0.7222069501876831,0.8235478401184082,-0.047976840287446976,0.6792231798171997,0.8411678075790405,-0.05107861012220383,0.6467917561531067,0.8548378944396973,-0.05633142217993736,0.8104816675186157,0.8579609394073486,-0.04823824390769005,0.7462207078933716,0.8913203477859497,-0.05408027768135071,0.7632704377174377,0.8923527002334595,-0.04687633737921715,0.7858048677444458,0.8856750726699829,-0.043606482446193695,0.8244904279708862,0.9218279719352722,-0.057352688163518906,0.7721870541572571,0.940449059009552,-0.06031931936740875,0.7840459942817688,0.9348572492599487,-0.049939315766096115,0.8038945198059082,0.9209448099136353,-0.04282642528414726
39,0.7788505554199219,0.48634272813796997,8.002220397429483e-08,0.7624744772911072,0.44023072719573975,-6.159997428767383e-05,0.7320961356163025,0.4186709523200989,-0.009591668844223022,0.7029370069503784,0.43672266602516174,-0.018679451197385788,0.6844760179519653,0.4633413255214691,-0.02977638505399227,0.7336359024047852,0.3941296339035034,-0.03315434604883194,0.6846110224723816,0.3958141505718231,-0.044257912784814835,0.6583492159843445,0.4005444049835205,-0.05042961239814758,0.6384093761444092,0.4030725955963135,-0.05464030057191849,0.7331240177154541,0.43435609340667725,-0.03932671993970871,0.6800975799560547,0.43026530742645264,-0.0490850992500782,0.6505709290504456,0.4298255145549774,-0.05249296501278877,0.6285260319709778,0.4301668107509613,-0.0564267598092556,0.7306485772132874,0.47564029693603516,-0.042766865342855453,0.6823791861534119,0.47647368907928467,-0.048405230045318604,0.692222535610199,0.4755373001098633,-0.042690712958574295,0.7062867879867554,0.47243133187294006,-0.039145004004240036,0.7277363538742065,0.5138658881187439,-0.04573795199394226,0.6918106079101562,0.5076824426651001,-0.04857756942510605,0.6986944675445557,0.5035721659660339,-0.0413924865424633,0.7097939252853394,0.4989382326602936,-0.03622452914714813,0.9038134813308716,0.8892807960510254,-1.740445156883652e-07,0.8716137409210205,0.7860100865364075,0.005628437269479036,0.8167858123779297,0.739742636680603,-0.0013946484541520476,0.7675981521606445,0.7504611015319824,-0.010303234681487083,0.7347378730773926,0.7811411023139954,-0.02261214330792427,0.796822726726532,0.7259673476219177,-0.026442881673574448,0.7233670353889465,0.7447324991226196,-0.04039263725280762,0.6848119497299194,0.7647241950035095,-0.05042063072323799,0.6545436382293701,0.7808470129966736,-0.05731486156582832,0.8030005693435669,0.7904014587402344,-0.03832242265343666,0.7262239456176758,0.811290979385376,-0.04892188683152199,0.680385947227478,0.8230955004692078,-0.05392730236053467,0.6456189155578613,0.8331584334373474,-0.06069238856434822,0.8119798302650452,0.8577810525894165,-0.047434791922569275,0.7446369528770447,0.8821897506713867,-0.05479817092418671,0.7611535787582397,0.8843992948532104,-0.04939958080649376,0.7838233709335327,0.8793497085571289,-0.04701045900583267,0.8216967582702637,0.9210455417633057,-0.055696260184049606,0.7679847478866577,0.9324073195457458,-0.059792108833789825,0.7800441980361938,0.926613450050354,-0.05054185912013054,0.8001736998558044,0.9136456251144409,-0.044136714190244675
40,0.7813965678215027,0.4933108687400818,1.10699600597286e-08,0.7643226385116577,0.443482905626297,0.0006309584132395685,0.7316411137580872,0.41934236884117126,-0.007517395541071892,0.6988667249679565,0.43252110481262207,-0.015517452731728554,0.6780145168304443,0.4544847309589386,-0.02569705806672573,0.7334310412406921,0.3970939517021179,-0.02817479893565178,0.6860920190811157,0.39463940262794495,-0.038177017122507095,0.6597995758056641,0.3980638086795807,-0.04414192587137222,0.6396651268005371,0.39913511276245117,-0.04836678504943848,0.7322292923927307,0.4350566267967224,-0.034200698137283325,0.6808607578277588,0.4307786822319031,-0.041626960039138794,0.6513196229934692,0.43033814430236816,-0.04420909658074379,0.6283332109451294,0.4312182068824768,-0.04795963317155838,0.7298688292503357,0.4745479226112366,-0.03780616074800491,0.6829766035079956,0.4774836003780365,-0.04176604375243187,0.6931211352348328,0.47837284207344055,-0.03646961599588394,0.7070212364196777,0.47699669003486633,-0.03378723934292793,0.727353036403656,0.5127357840538025,-0.04097018018364906,0.6909357309341431,0.5077030658721924,-0.04306310415267944,0.6976026296615601,0.5055848956108093,-0.03610636666417122,0.7087975144386292,0.5021302700042725,-0.031347740441560745,0.9052852392196655,0.8872947096824646,-1.9323134381465934e-07,0.8735846877098083,0.7822614312171936,0.0069521632976830006,0.8205406665802002,0.7381377220153809,-0.0003308323794044554,0.7723951935768127,0.7497007250785828,-0.00977554451674223,0.7402440309524536,0.7793943285942078,-0.02271881140768528,0.7997881174087524,0.7215173840522766,-0.026543129235506058,0.7254681587219238,0.7443593740463257,-0.03944218158721924,0.6869176626205444,0.7665091156959534,-0.04807219281792641,0.6565285921096802,0.783250629901886,-0.05405445769429207,0.8059285283088684,0.7854188680648804,-0.03903113678097725,0.7279942631721497,0.8091503381729126,-0.0492359921336174,0.6824594736099243,0.8240859508514404,-0.05322190374135971,0.6483118534088135,0.8356764316558838,-0.05922914296388626,0.8153665661811829,0.853779673576355,-0.04846580699086189,0.7491732239723206,0.8793232440948486,-0.054873883724212646,0.7651225328445435,0.8812446594238281,-0.0488596074283123,0.78743577003479,0.8753480911254883,-0.04639048129320145,0.8254691362380981,0.9180121421813965,-0.05695492401719093,0.7722195386886597,0.9298089146614075,-0.05999987944960594,0.7833244204521179,0.9234786629676819,-0.050236787647008896,0.8028298616409302,0.9092020988464355,-0.04369315877556801
