frame,feature_0,feature_1,feature_2,feature_3,feature_4,feature_5,feature_6,feature_7,feature_8,feature_9,feature_10,feature_11,feature_12,feature_13,feature_14,feature_15,feature_16,feature_17,feature_18,feature_19,feature_20,feature_21,feature_22,feature_23,feature_24,feature_25,feature_26,feature_27,feature_28,feature_29,feature_30,feature_31,feature_32,feature_33,feature_34,feature_35,feature_36,feature_37,feature_38,feature_39,feature_40,feature_41,feature_42,feature_43,feature_44,feature_45,feature_46,feature_47,feature_48,feature_49,feature_50,feature_51,feature_52,feature_53,feature_54,feature_55,feature_56,feature_57,feature_58,feature_59,feature_60,feature_61,feature_62,feature_63,feature_64,feature_65,feature_66,feature_67,feature_68,feature_69,feature_70,feature_71,feature_72,feature_73,feature_74,feature_75,feature_76,feature_77,feature_78,feature_79,feature_80,feature_81,feature_82,feature_83,feature_84,feature_85,feature_86,feature_87,feature_88,feature_89,feature_90,feature_91,feature_92,feature_93,feature_94,feature_95,feature_96,feature_97,feature_98,feature_99,feature_100,feature_101,feature_102,feature_103,feature_104,feature_105,feature_106,feature_107,feature_108,feature_109,feature_110,feature_111,feature_112,feature_113,feature_114,feature_115,feature_116,feature_117,feature_118,feature_119,feature_120,feature_121,feature_122,feature_123,feature_124,feature_125
1,1.0087932348251343,0.7306069135665894,2.3813913063719383e-09,0.9814950823783875,0.642308235168457,-0.010686193592846394,0.9329702258110046,0.5909218192100525,-0.03256131708621979,0.883529543876648,0.6008618474006653,-0.051582299172878265,0.8518218398094177,0.6444485783576965,-0.07434333860874176,0.9410350322723389,0.5811929702758789,-0.07186781615018845,0.852087140083313,0.5814002156257629,-0.09263867884874344,0.8058120608329773,0.5907262563705444,-0.10341370105743408,0.7709770202636719,0.5949108600616455,-0.11061324179172516,0.9493643641471863,0.6583461165428162,-0.07844485342502594,0.85112464427948,0.6541451811790466,-0.0989171639084816,0.7944088578224182,0.6472970247268677,-0.10495681315660477,0.7529370784759521,0.6457586884498596,-0.1121952086687088,0.9486817121505737,0.7319884896278381,-0.08057379722595215,0.8577403426170349,0.713990330696106,-0.09516129642724991,0.8679057955741882,0.700553297996521,-0.0842173621058464,0.8887553215026855,0.6980639100074768,-0.07683846354484558,0.9402564764022827,0.7943693399429321,-0.08265010267496109,0.8639470934867859,0.7640138268470764,-0.09203365445137024,0.8678173422813416,0.7456029653549194,-0.07939542829990387,0.8842754364013672,0.7371997833251953,-0.07016512006521225,0.5757083892822266,0.6971435546875,9.602261030750014e-08,0.5567967295646667,0.6061975359916687,-0.003931744955480099,0.508659839630127,0.5540862083435059,-0.016942687332630157,0.4628596901893616,0.5411315560340881,-0.028511548414826393,0.4355259835720062,0.5292373299598694,-0.04319161921739578,0.49687460064888,0.5547735095024109,-0.0525265708565712,0.4180862009525299,0.5552440881729126,-0.06738210469484329,0.3762131929397583,0.5596761107444763,-0.07553970068693161,0.3448195159435272,0.5598742961883545,-0.08165577799081802,0.4969731271266937,0.6196595430374146,-0.05723194777965546,0.41056132316589355,0.6143498420715332,-0.07057816535234451,0.36190763115882874,0.6028012633323669,-0.07523895055055618,0.32653021812438965,0.6000243425369263,-0.08165290206670761,0.4982791244983673,0.686939001083374,-0.057433441281318665,0.43097031116485596,0.6748363375663757,-0.06241251155734062,0.4480142593383789,0.6629418730735779,-0.050977375358343124,0.47071409225463867,0.6598910093307495,-0.0446632020175457,0.5008318424224854,0.74320387840271,-0.05749012157320976,0.44409263134002686,0.7199903726577759,-0.060483667999506,0.45668748021125793,0.7095281481742859,-0.048561207950115204,0.47728076577186584,0.7056500911712646,-0.040060579776763916
2,1.0087932348251343,0.7306069135665894,2.3813913063719383e-09,0.9814950823783875,0.642308235168457,-0.010686193592846394,0.9329702258110046,0.5909218192100525,-0.03256131708621979,0.883529543876648,0.6008618474006653,-0.051582299172878265,0.8518218398094177,0.6444485783576965,-0.07434333860874176,0.9410350322723389,0.5811929702758789,-0.07186781615018845,0.852087140083313,0.5814002156257629,-0.09263867884874344,0.8058120608329773,0.5907262563705444,-0.10341370105743408,0.7709770202636719,0.5949108600616455,-0.11061324179172516,0.9493643641471863,0.6583461165428162,-0.07844485342502594,0.85112464427948,0.6541451811790466,-0.0989171639084816,0.7944088578224182,0.6472970247268677,-0.10495681315660477,0.7529370784759521,0.6457586884498596,-0.1121952086687088,0.9486817121505737,0.7319884896278381,-0.08057379722595215,0.8577403426170349,0.713990330696106,-0.09516129642724991,0.8679057955741882,0.700553297996521,-0.0842173621058464,0.8887553215026855,0.6980639100074768,-0.07683846354484558,0.9402564764022827,0.7943693399429321,-0.08265010267496109,0.8639470934867859,0.7640138268470764,-0.09203365445137024,0.8678173422813416,0.7456029653549194,-0.07939542829990387,0.8842754364013672,0.7371997833251953,-0.07016512006521225,0.5757083892822266,0.6971435546875,9.602261030750014e-08,0.5567967295646667,0.6061975359916687,-0.003931744955480099,0.508659839630127,0.5540862083435059,-0.016942687332630157,0.4628596901893616,0.5411315560340881,-0.028511548414826393,0.4355259835720062,0.5292373299598694,-0.04319161921739578,0.49687460064888,0.5547735095024109,-0.0525265708565712,0.4180862009525299,0.5552440881729126,-0.06738210469484329,0.3762131929397583,0.5596761107444763,-0.07553970068693161,0.3448195159435272,0.5598742961883545,-0.08165577799081802,0.4969731271266937,0.6196595430374146,-0.05723194777965546,0.41056132316589355,0.6143498420715332,-0.07057816535234451,0.36190763115882874,0.6028012633323669,-0.07523895055055618,0.32653021812438965,0.6000243425369263,-0.08165290206670761,0.4982791244983673,0.686939001083374,-0.057433441281318665,0.43097031116485596,0.6748363375663757,-0.06241251155734062,0.4480142593383789,0.6629418730735779,-0.050977375358343124,0.47071409225463867,0.6598910093307495,-0.0446632020175457,0.5008318424224854,0.74320387840271,-0.05749012157320976,0.44409263134002686,0.7199903726577759,-0.060483667999506,0.45668748021125793,0.7095281481742859,-0.048561207950115204,0.47728076577186584,0.7056500911712646,-0.040060579776763916
3,1.0055255889892578,0.744306206703186,-1.2975000629467104e-08,0.9794370532035828,0.6535201072692871,-0.008177410811185837,0.9283221960067749,0.6057161688804626,-0.029001755639910698,0.8749763369560242,0.6201409697532654,-0.0474620945751667,0.8418679237365723,0.6652587056159973,-0.06982593238353729,0.9348796010017395,0.583784282207489,-0.06657833606004715,0.8448975682258606,0.5844154357910156,-0.08448527753353119,0.7982964515686035,0.5934286117553711,-0.09420208632946014,0.7629534006118774,0.5964874625205994,-0.10113073885440826,0.9413912296295166,0.6591235399246216,-0.07328497618436813,0.8428003191947937,0.6519293785095215,-0.09074298292398453,0.7863836884498596,0.6429411172866821,-0.09670094400644302,0.7437455654144287,0.6386967897415161,-0.1045757383108139,0.9389203786849976,0.7314772605895996,-0.07521410286426544,0.8508553504943848,0.7112756371498108,-0.08551318943500519,0.8619883060455322,0.6997883319854736,-0.0749560296535492,0.8825653195381165,0.6973466873168945,-0.06910042464733124,0.9295244216918945,0.7926076054573059,-0.07696717232465744,0.8550089001655579,0.7598205804824829,-0.08237013220787048,0.8611021041870117,0.7428908348083496,-0.06887534260749817,0.8791959285736084,0.7344670295715332,-0.05994175747036934,0.5756296515464783,0.6978104114532471,7.274397262335697e-08,0.5572797060012817,0.6053427457809448,-0.0031859921291470528,0.5100286602973938,0.551459014415741,-0.015036624856293201,0.46532773971557617,0.5387532711029053,-0.025649981573224068,0.4362408220767975,0.5283918976783752,-0.039584558457136154,0.4971309304237366,0.5553538799285889,-0.04972051829099655,0.41922998428344727,0.5553499460220337,-0.06428837776184082,0.37733229994773865,0.5602089762687683,-0.07294794172048569,0.3458784818649292,0.5610135793685913,-0.07947412878274918,0.49715614318847656,0.6203374862670898,-0.05490219593048096,0.41175907850265503,0.6147163510322571,-0.06700970977544785,0.3637804388999939,0.6030855178833008,-0.07168588042259216,0.32823893427848816,0.5998302698135376,-0.0783836618065834,0.4987328052520752,0.6873599290847778,-0.05580466240644455,0.43174970149993896,0.6759471893310547,-0.06061692535877228,0.44899982213974,0.6642841696739197,-0.050434935837984085,0.47170501947402954,0.6604476571083069,-0.045208077877759933,0.5018044710159302,0.7443591356277466,-0.05646849051117897,0.44611868262290955,0.7221957445144653,-0.060260310769081116,0.45926186442375183,0.7115563750267029,-0.04917201027274132,0.4804179072380066,0.7069166898727417,-0.04131061211228371
4,0.5764438509941101,0.6977992653846741,1.0307202558124118e-07,0.5565231442451477,0.6067883968353271,-0.003411999437958002,0.508622407913208,0.5569127202033997,-0.016994012519717216,0.4635595679283142,0.549086332321167,-0.02962326630949974,0.4357125163078308,0.545039176940918,-0.045472025871276855,0.4976046681404114,0.5561073422431946,-0.05283182114362717,0.4189085364341736,0.5570395588874817,-0.06924454122781754,0.37804168462753296,0.5619481205940247,-0.07919582724571228,0.34601712226867676,0.564391016960144,-0.08676783740520477,0.49843746423721313,0.6212285161018372,-0.059080615639686584,0.4111550450325012,0.6163009405136108,-0.0735747292637825,0.36132410168647766,0.6076043248176575,-0.08004707098007202,0.32448500394821167,0.606844425201416,-0.08799843490123749,0.5000364184379578,0.6901259422302246,-0.06092631071805954,0.4318080544471741,0.677893877029419,-0.06735125929117203,0.45058882236480713,0.667078971862793,-0.05653509125113487,0.47465628385543823,0.6626947522163391,-0.05061699450016022,0.5029979348182678,0.7475171685218811,-0.06257925182580948,0.44645315408706665,0.7245556712150574,-0.06735251843929291,0.46039044857025146,0.713341474533081,-0.05612185224890709,0.48198264837265015,0.7085071206092834,-0.04809055104851723,0.9988942742347717,0.7474857568740845,-7.231795962070464e-08,0.973529577255249,0.6560837626457214,-0.004744667559862137,0.923911988735199,0.6079598665237427,-0.023825721815228462,0.8706897497177124,0.6206716299057007,-0.040827568620443344,0.8360170125961304,0.6627833247184753,-0.061567433178424835,0.9258472323417664,0.5823748111724854,-0.06365533918142319,0.837807297706604,0.5793222188949585,-0.08107268810272217,0.7911712527275085,0.5889480710029602,-0.09091639518737793,0.7561779022216797,0.5917415022850037,-0.09831100702285767,0.9329503774642944,0.6557519435882568,-0.07124002277851105,0.8333948254585266,0.6503512859344482,-0.08783850818872452,0.7775614261627197,0.6414044499397278,-0.09354270249605179,0.7357949614524841,0.6343363523483276,-0.10174617916345596,0.9313462376594543,0.7271796464920044,-0.07371959835290909,0.8420158624649048,0.7105432152748108,-0.08160179108381271,0.8522751927375793,0.7011905908584595,-0.06924250721931458,0.8727207779884338,0.696461021900177,-0.06302802264690399,0.9242570996284485,0.7874916791915894,-0.07588569819927216,0.8491319417953491,0.7589200735092163,-0.07906144857406616,0.8511474132537842,0.7421350479125977,-0.06439055502414703,0.8658713698387146,0.7288611531257629,-0.0549808144569397
5,0.5764438509941101,0.6977992653846741,1.0307202558124118e-07,0.5565231442451477,0.6067883968353271,-0.003411999437958002,0.508622407913208,0.5569127202033997,-0.016994012519717216,0.4635595679283142,0.549086332321167,-0.02962326630949974,0.4357125163078308,0.545039176940918,-0.045472025871276855,0.4976046681404114,0.5561073422431946,-0.05283182114362717,0.4189085364341736,0.5570395588874817,-0.06924454122781754,0.37804168462753296,0.5619481205940247,-0.07919582724571228,0.34601712226867676,0.564391016960144,-0.08676783740520477,0.49843746423721313,0.6212285161018372,-0.059080615639686584,0.4111550450325012,0.6163009405136108,-0.0735747292637825,0.36132410168647766,0.6076043248176575,-0.08004707098007202,0.32448500394821167,0.606844425201416,-0.08799843490123749,0.5000364184379578,0.6901259422302246,-0.06092631071805954,0.4318080544471741,0.677893877029419,-0.06735125929117203,0.45058882236480713,0.667078971862793,-0.05653509125113487,0.47465628385543823,0.6626947522163391,-0.05061699450016022,0.5029979348182678,0.7475171685218811,-0.06257925182580948,0.44645315408706665,0.7245556712150574,-0.06735251843929291,0.46039044857025146,0.713341474533081,-0.05612185224890709,0.48198264837265015,0.7085071206092834,-0.04809055104851723,0.9988942742347717,0.7474857568740845,-7.231795962070464e-08,0.973529577255249,0.6560837626457214,-0.004744667559862137,0.923911988735199,0.6079598665237427,-0.023825721815228462,0.8706897497177124,0.6206716299057007,-0.040827568620443344,0.8360170125961304,0.6627833247184753,-0.061567433178424835,0.9258472323417664,0.5823748111724854,-0.06365533918142319,0.837807297706604,0.5793222188949585,-0.08107268810272217,0.7911712527275085,0.5889480710029602,-0.09091639518737793,0.7561779022216797,0.5917415022850037,-0.09831100702285767,0.9329503774642944,0.6557519435882568,-0.07124002277851105,0.8333948254585266,0.6503512859344482,-0.08783850818872452,0.7775614261627197,0.6414044499397278,-0.09354270249605179,0.7357949614524841,0.6343363523483276,-0.10174617916345596,0.9313462376594543,0.7271796464920044,-0.07371959835290909,0.8420158624649048,0.7105432152748108,-0.08160179108381271,0.8522751927375793,0.7011905908584595,-0.06924250721931458,0.8727207779884338,0.696461021900177,-0.06302802264690399,0.9242570996284485,0.7874916791915894,-0.07588569819927216,0.8491319417953491,0.7589200735092163,-0.07906144857406616,0.8511474132537842,0.7421350479125977,-0.06439055502414703,0.8658713698387146,0.7288611531257629,-0.0549808144569397
6,0.5750667452812195,0.7077137231826782,6.754725490054625e-08,0.5580393671989441,0.6150537133216858,-0.0005799694336019456,0.5134871602058411,0.5603325963020325,-0.012207291088998318,0.46841979026794434,0.542949914932251,-0.02331991121172905,0.4393158555030823,0.5227999687194824,-0.0379084050655365,0.4970451295375824,0.5591782331466675,-0.04613335803151131,0.4216694235801697,0.5606228113174438,-0.06265223026275635,0.37744730710983276,0.5650275349617004,-0.07329059392213821,0.34629637002944946,0.5644879937171936,-0.08135044574737549,0.49898773431777954,0.6226869821548462,-0.0520504005253315,0.41346806287765503,0.6182846426963806,-0.0678955689072609,0.3672168552875519,0.6050828695297241,-0.07487598806619644,0.33527418971061707,0.5983101725578308,-0.08269429951906204,0.5014556050300598,0.6898561120033264,-0.05338029935956001,0.43645143508911133,0.6824674606323242,-0.05906500294804573,0.45292967557907104,0.6797447204589844,-0.04585384577512741,0.4751993417739868,0.6778498888015747,-0.037885770201683044,0.5048122406005859,0.747937798500061,-0.05434160307049751,0.4493636190891266,0.7269715666770935,-0.057735152542591095,0.46272218227386475,0.7215999364852905,-0.04422602429986,0.4837724566459656,0.7190598845481873,-0.033994607627391815,0.9845396280288696,0.7454712390899658,2.8750298142199426e-08,0.9598076343536377,0.6437164545059204,-0.008521617390215397,0.9113550186157227,0.5935474634170532,-0.028787005692720413,0.86114102602005,0.6030603647232056,-0.046739332377910614,0.8272079825401306,0.638582706451416,-0.06907861679792404,0.9157723188400269,0.5837239027023315,-0.0659891813993454,0.8290177583694458,0.5808867812156677,-0.08506829291582108,0.7786102294921875,0.5867273807525635,-0.09632645547389984,0.7422484159469604,0.5900563597679138,-0.1039116159081459,0.9236599802970886,0.6603848934173584,-0.07160535454750061,0.8266366720199585,0.6539493799209595,-0.08943615853786469,0.7708646059036255,0.6389800310134888,-0.09555529057979584,0.7329077124595642,0.6297562122344971,-0.10325656086206436,0.9214755296707153,0.7326956391334534,-0.0725807249546051,0.8328369855880737,0.7126699686050415,-0.08111969381570816,0.8361278772354126,0.6976208686828613,-0.06964033097028732,0.8540549874305725,0.6918220520019531,-0.06330437958240509,0.9120543599128723,0.7916536331176758,-0.07357919961214066,0.8381761312484741,0.7541590929031372,-0.07813328504562378,0.8363643884658813,0.7318516373634338,-0.0645771399140358,0.8500986099243164,0.7190132737159729,-0.055060602724552155
7,0.5730645656585693,0.7137914896011353,4.16346317422267e-08,0.5587831735610962,0.6192821860313416,-0.0006036650156602263,0.5157274603843689,0.5648190975189209,-0.011779732070863247,0.4729152321815491,0.5425387620925903,-0.0225126501172781,0.44028013944625854,0.5185071229934692,-0.03673150762915611,0.49731120467185974,0.5593737363815308,-0.042774979025125504,0.4243309497833252,0.5617787837982178,-0.05874069407582283,0.3807823359966278,0.5640029311180115,-0.06917452067136765,0.35068774223327637,0.5609465837478638,-0.07702895253896713,0.49892282485961914,0.6207706332206726,-0.04886334761977196,0.41501444578170776,0.6192774176597595,-0.0637858510017395,0.3717929720878601,0.6084962487220764,-0.0693763792514801,0.3423224687576294,0.6028696894645691,-0.07591554522514343,0.5015778541564941,0.6876442432403564,-0.05079375207424164,0.4371868371963501,0.6818981766700745,-0.0572693906724453,0.4525315463542938,0.6823036670684814,-0.04385928437113762,0.4743192195892334,0.6835834383964539,-0.03535744547843933,0.5050963759422302,0.7468926906585693,-0.05234883353114128,0.45124635100364685,0.7292960286140442,-0.058091674000024796,0.4633944034576416,0.7245039939880371,-0.045606471598148346,0.48389261960983276,0.7224720120429993,-0.03534267470240593,0.9719958305358887,0.749474287033081,-1.2044035102576345e-08,0.9500982761383057,0.6456413269042969,-0.004343808628618717,0.9009702801704407,0.5927309989929199,-0.021239396184682846,0.8488593697547913,0.6042532920837402,-0.03696233034133911,0.8127889037132263,0.6438771486282349,-0.05758287012577057,0.903188943862915,0.5789854526519775,-0.05642062798142433,0.81739342212677,0.5753302574157715,-0.07360155135393143,0.7666168808937073,0.582771897315979,-0.08490344136953354,0.730536162853241,0.586613655090332,-0.09288735687732697,0.9089543223381042,0.6548762917518616,-0.06369209289550781,0.8129932880401611,0.646327555179596,-0.07786580920219421,0.7576139569282532,0.6319031119346619,-0.08372698724269867,0.7194626927375793,0.6234972476959229,-0.09192248433828354,0.9062604308128357,0.7287601232528687,-0.0664871484041214,0.820301353931427,0.7082471251487732,-0.0729706808924675,0.8287330865859985,0.7006117105484009,-0.06197544187307358,0.8499794006347656,0.7001997828483582,-0.05646338313817978,0.8979650735855103,0.7911604642868042,-0.06906664371490479,0.8271523118019104,0.754100501537323,-0.0737466886639595,0.830940842628479,0.7358450889587402,-0.06080251932144165,0.8484482765197754,0.7251763343811035,-0.051802657544612885
8,0.5740448236465454,0.706657350063324,1.023751039497256e-07,0.558772087097168,0.6144920587539673,-0.0010411841794848442,0.5143457651138306,0.5634757876396179,-0.013257279992103577,0.4711909890174866,0.5492405295372009,-0.024627817794680595,0.4409014582633972,0.5362449884414673,-0.03927230089902878,0.49934718012809753,0.5601673722267151,-0.04701484739780426,0.42490267753601074,0.5620808005332947,-0.06309293210506439,0.3808724880218506,0.5661394000053406,-0.07366763055324554,0.3505280315876007,0.56545090675354,-0.08179999887943268,0.501152515411377,0.6244834661483765,-0.0523618645966053,0.41683006286621094,0.6203198432922363,-0.06902345269918442,0.3717086613178253,0.6056628227233887,-0.07649337500333786,0.34111547470092773,0.5988204479217529,-0.084503173828125,0.503418505191803,0.6920480728149414,-0.05295085161924362,0.43835288286209106,0.6816328167915344,-0.058968786150217056,0.4530090391635895,0.6762135028839111,-0.045718152076005936,0.4747852683067322,0.6742293834686279,-0.037608552724123,0.5062383413314819,0.7489673495292664,-0.05311166122555733,0.4514419436454773,0.7274577617645264,-0.056579768657684326,0.4634448289871216,0.7208596467971802,-0.04309624433517456,0.48398369550704956,0.7179917693138123,-0.03285864368081093,0.9660349488258362,0.7441260814666748,-1.1076527250963863e-08,0.942933201789856,0.6387860774993896,-0.006980312056839466,0.8933461308479309,0.5846959352493286,-0.025735091418027878,0.8400540947914124,0.5947584509849548,-0.04234069958329201,0.8033616542816162,0.6358176469802856,-0.06385662406682968,0.8978796005249023,0.5771822929382324,-0.06339161843061447,0.8101977109909058,0.5740981101989746,-0.08169005811214447,0.7584841251373291,0.5802053809165955,-0.09266272932291031,0.7216163873672485,0.5833801627159119,-0.10001306235790253,0.9042686820030212,0.6542529463768005,-0.06893763691186905,0.8068295121192932,0.6477369666099548,-0.08428165316581726,0.7511188387870789,0.6336051821708679,-0.08898943662643433,0.7131747007369995,0.6255436539649963,-0.09588264673948288,0.9016695022583008,0.7280887961387634,-0.06980912387371063,0.8134228587150574,0.708848237991333,-0.07702909409999847,0.8177966475486755,0.6966273188591003,-0.06546137481927872,0.8369805812835693,0.6929776668548584,-0.05917499214410782,0.8925707936286926,0.7897506952285767,-0.07050592452287674,0.8205865025520325,0.7531139850616455,-0.0756145641207695,0.8185556530952454,0.7304137349128723,-0.06298571079969406,0.8316042423248291,0.7160083055496216,-0.05395619198679924
9,0.5740999579429626,0.7090672254562378,8.57489652617005e-08,0.5586891770362854,0.6164233088493347,0.0006259515066631138,0.5137537121772766,0.565291166305542,-0.010735900141298771,0.46948254108428955,0.5521078109741211,-0.02170807681977749,0.43759363889694214,0.5435720682144165,-0.03617342561483383,0.4987401068210602,0.5605177283287048,-0.04459802433848381,0.42384153604507446,0.5649376511573792,-0.06064131483435631,0.37956055998802185,0.5685182213783264,-0.0717688798904419,0.34875738620758057,0.5676670670509338,-0.08034086227416992,0.5005249977111816,0.6251720786094666,-0.05077878758311272,0.41639062762260437,0.621246874332428,-0.06583341956138611,0.3717162609100342,0.6069828271865845,-0.07286372780799866,0.3413252532482147,0.5997373461723328,-0.08088158071041107,0.5032199025154114,0.6927738785743713,-0.052274350076913834,0.43834343552589417,0.683286190032959,-0.056783195585012436,0.45307958126068115,0.6781981587409973,-0.0438174270093441,0.47513794898986816,0.6761175990104675,-0.036351848393678665,0.5064783692359924,0.7500097751617432,-0.05332229658961296,0.45223569869995117,0.7308400273323059,-0.056446466594934464,0.46389201283454895,0.7242003679275513,-0.04368922859430313,0.48409441113471985,0.7198956608772278,-0.03409561514854431,0.9656522274017334,0.7489148378372192,9.140195267320905e-09,0.9407785534858704,0.6419774293899536,-0.007101848255842924,0.8909897804260254,0.5917513370513916,-0.02692842297255993,0.8383616209030151,0.6039097905158997,-0.04476142302155495,0.8026499152183533,0.647217333316803,-0.06690241396427155,0.8924672603607178,0.5788264274597168,-0.0627409964799881,0.8056590557098389,0.5750139951705933,-0.08144698292016983,0.7551149129867554,0.5809510350227356,-0.09324737638235092,0.7186518907546997,0.5839824676513672,-0.10138817131519318,0.8987336158752441,0.6564974188804626,-0.068846195936203,0.8009858131408691,0.6495258212089539,-0.08554030954837799,0.744953989982605,0.6332816481590271,-0.09220191836357117,0.7066234350204468,0.6226885318756104,-0.10078959167003632,0.8955970406532288,0.7297722101211548,-0.07024096697568893,0.8066558241844177,0.7087743878364563,-0.07733872532844543,0.8127803802490234,0.6951532363891602,-0.06565044075250626,0.8327631950378418,0.689743161201477,-0.059690073132514954,0.8867295980453491,0.7900122404098511,-0.07167509943246841,0.8144438862800598,0.7537617683410645,-0.07475440949201584,0.8157321810722351,0.7333159446716309,-0.06039274483919144,0.8311983346939087,0.721199631690979,-0.050669752061367035
10,0.575908899307251,0.7129539847373962,2.8561364828760816e-08,0.5603971481323242,0.6184712052345276,-0.002337977522984147,0.5153219103813171,0.5628796815872192,-0.014241199940443039,0.47143229842185974,0.5394333600997925,-0.02504144236445427,0.4419909119606018,0.5120803713798523,-0.03921172395348549,0.49965038895606995,0.5603618621826172,-0.04787128418684006,0.42578625679016113,0.5619584321975708,-0.06445395946502686,0.3819822669029236,0.5652925968170166,-0.0744466707110405,0.3513244390487671,0.5633306503295898,-0.08186911791563034,0.5004909634590149,0.6226510405540466,-0.0529305599629879,0.4166867733001709,0.6196353435516357,-0.06840915232896805,0.3712870180606842,0.6077472567558289,-0.07418479770421982,0.3398193418979645,0.6025015711784363,-0.08114274591207504,0.5026195049285889,0.6887557506561279,-0.05358581244945526,0.43849608302116394,0.6824864745140076,-0.059323281049728394,0.4537782669067383,0.680690348148346,-0.04595968872308731,0.4755356013774872,0.6805235147476196,-0.038029175251722336,0.5059673190116882,0.746786892414093,-0.054023366421461105,0.45087680220603943,0.7278627157211304,-0.058186084032058716,0.46305403113365173,0.7222508788108826,-0.0451817624270916,0.483684241771698,0.7200155258178711,-0.035141896456480026,0.9565696120262146,0.7431049942970276,1.1233903052243477e-07,0.9272181987762451,0.6436367630958557,-0.011475782841444016,0.8701914548873901,0.5977128148078918,-0.03268434852361679,0.8146693706512451,0.6186398863792419,-0.050864383578300476,0.7804923057556152,0.6694023013114929,-0.07248368859291077,0.8866214156150818,0.5898810029029846,-0.06973255425691605,0.7944334149360657,0.5852977633476257,-0.08833000063896179,0.7451754808425903,0.5880866646766663,-0.09787532687187195,0.7074692249298096,0.5870116353034973,-0.10464037954807281,0.8924528956413269,0.6687532067298889,-0.0752071961760521,0.7935026288032532,0.6599591970443726,-0.09460749477148056,0.7372117042541504,0.6491075754165649,-0.10007878392934799,0.6975045204162598,0.6460732221603394,-0.10667898505926132,0.8894761800765991,0.7427464723587036,-0.0762854740023613,0.7987174391746521,0.7206272482872009,-0.08938796073198318,0.8080080151557922,0.7020658850669861,-0.07936684042215347,0.8292705416679382,0.69878089427948,-0.0725746899843216,0.8794369101524353,0.8035297393798828,-0.07738982141017914,0.8068493604660034,0.7663005590438843,-0.08504907786846161,0.8127692341804504,0.7451409101486206,-0.07277878373861313,0.8317014575004578,0.7380328178405762,-0.06399243324995041
11,0.5746538639068604,0.7152693271636963,7.29022087142539e-09,0.5607048273086548,0.6221411824226379,-0.0011879195226356387,0.5172309279441833,0.5643005967140198,-0.01223321445286274,0.4745626747608185,0.5370643734931946,-0.02233000472187996,0.44498926401138306,0.5076739192008972,-0.03588347136974335,0.5033063292503357,0.5591716766357422,-0.044312331825494766,0.43098294734954834,0.5581334829330444,-0.05877767503261566,0.38867664337158203,0.5614122748374939,-0.06751160323619843,0.36033904552459717,0.5597721338272095,-0.0739537924528122,0.503834068775177,0.6219061613082886,-0.04924802482128143,0.42227086424827576,0.6176491379737854,-0.06203946843743324,0.38021034002304077,0.6072955131530762,-0.06567210704088211,0.35191255807876587,0.6040186882019043,-0.07109803706407547,0.5055851340293884,0.688047468662262,-0.050013914704322815,0.4415328800678253,0.6794034242630005,-0.05452781543135643,0.4555598199367523,0.6798136234283447,-0.041107479482889175,0.476744145154953,0.68310546875,-0.03326680138707161,0.507522463798523,0.7458929419517517,-0.050382182002067566,0.45381230115890503,0.7265289425849915,-0.05417061224579811,0.4638923108577728,0.723286509513855,-0.04149802029132843,0.4831419289112091,0.7234567403793335,-0.03168348968029022,0.9544126987457275,0.7621148228645325,4.859878188767652e-08,0.9225566983222961,0.6590820550918579,-0.007738448213785887,0.8681476712226868,0.6133139729499817,-0.028592819347977638,0.8118581771850586,0.6361091136932373,-0.047166477888822556,0.7767733931541443,0.6903117895126343,-0.06970004737377167,0.8779633641242981,0.5992313623428345,-0.06689652800559998,0.7860960960388184,0.595530092716217,-0.08541585505008698,0.7369666695594788,0.6019359230995178,-0.09600140154361725,0.7009497880935669,0.6044358015060425,-0.10368287563323975,0.8866057395935059,0.6762446761131287,-0.07362768054008484,0.7856593132019043,0.6685984134674072,-0.09233022481203079,0.7282483577728271,0.6578475832939148,-0.09842221438884735,0.6861494779586792,0.6534125208854675,-0.10639916360378265,0.88434898853302,0.7516988515853882,-0.07553065568208694,0.7919827699661255,0.734214723110199,-0.08583731204271317,0.8032788038253784,0.7187025547027588,-0.07412847876548767,0.8255487680435181,0.7139411568641663,-0.0675196722149849,0.8746402859687805,0.8157280087471008,-0.077280193567276,0.7982977032661438,0.7802459001541138,-0.08250062167644501,0.8050176501274109,0.7613255381584167,-0.06813868880271912,0.8252747654914856,0.7546303272247314,-0.05854552239179611
12,0.5825288891792297,0.7135568261146545,8.002093210279781e-08,0.5676217079162598,0.621165931224823,-0.004625662695616484,0.520555853843689,0.567421555519104,-0.019047576934099197,0.4747054874897003,0.5488328337669373,-0.03206877410411835,0.4415912628173828,0.5321319103240967,-0.04903201013803482,0.5074125528335571,0.5657331943511963,-0.053602252155542374,0.4320933520793915,0.5634706020355225,-0.0697929635643959,0.388949453830719,0.5678018927574158,-0.08040334284305573,0.3571367561817169,0.5682651996612549,-0.08860545605421066,0.5092915296554565,0.6296494603157043,-0.05794812738895416,0.42399609088897705,0.6241651177406311,-0.07192711532115936,0.3763856291770935,0.6100614666938782,-0.0788092091679573,0.34207814931869507,0.6040408611297607,-0.08764906227588654,0.5108358263969421,0.6966375112533569,-0.057739801704883575,0.4444229006767273,0.684293806552887,-0.06357485055923462,0.4604618549346924,0.6774214506149292,-0.05371323600411415,0.4831412434577942,0.6755915284156799,-0.04907401278614998,0.5122258067131042,0.752287745475769,-0.057182427495718,0.45606905221939087,0.727750301361084,-0.06283032894134521,0.46956953406333923,0.7200952768325806,-0.05250159651041031,0.4914620816707611,0.716877818107605,-0.0451812669634819,0.9425356984138489,0.7774764895439148,-8.49941805824983e-09,0.9139248132705688,0.6659252643585205,-0.005619965493679047,0.8601008653640747,0.6161441802978516,-0.02575497515499592,0.8049948215484619,0.63279128074646,-0.043660033494234085,0.7689400315284729,0.6810084581375122,-0.06582740694284439,0.8624822497367859,0.6038591265678406,-0.06681010872125626,0.7706681489944458,0.6044875383377075,-0.08555619418621063,0.7184439897537231,0.6153194308280945,-0.09632930904626846,0.6799567341804504,0.620887279510498,-0.10353483259677887,0.8710290789604187,0.6863968372344971,-0.07349931448698044,0.767336905002594,0.6858243346214294,-0.09200365096330643,0.705379843711853,0.6724774837493896,-0.09849365055561066,0.6612821221351624,0.663889467716217,-0.1064598485827446,0.8692352771759033,0.7646844983100891,-0.07469519972801208,0.7770013809204102,0.7462550401687622,-0.08287078142166138,0.7804098129272461,0.7274056673049927,-0.0703522339463234,0.798262357711792,0.7165068984031677,-0.06318402290344238,0.8607303500175476,0.828996479511261,-0.07547427713871002,0.7839192748069763,0.7929518222808838,-0.07766813784837723,0.7793387174606323,0.7662498950958252,-0.06185004860162735,0.7900956869125366,0.7459558248519897,-0.050971049815416336
13,0.5825756788253784,0.7125271558761597,9.513256316040497e-08,0.5668424963951111,0.6183598041534424,-0.005583925638347864,0.5186464190483093,0.5660688877105713,-0.02037934958934784,0.47105661034584045,0.5524918437004089,-0.03305382654070854,0.4380630850791931,0.5391446948051453,-0.04931238666176796,0.5099617838859558,0.5657367706298828,-0.05706632137298584,0.4333822429180145,0.5650210380554199,-0.07456590980291367,0.38870862126350403,0.5706418752670288,-0.085645392537117,0.35675784945487976,0.5735716223716736,-0.09376192837953568,0.5109446048736572,0.6313698291778564,-0.060069892555475235,0.4251426160335541,0.6263801455497742,-0.07525020837783813,0.37630927562713623,0.6120860576629639,-0.08212711662054062,0.3415246605873108,0.6071429252624512,-0.09055870026350021,0.5119544267654419,0.698350191116333,-0.05831409618258476,0.4452916979789734,0.684385359287262,-0.06393937766551971,0.45893508195877075,0.6746018528938293,-0.05285733938217163,0.48043251037597656,0.6731094717979431,-0.0470472127199173,0.5126320719718933,0.7541700601577759,-0.05631069839000702,0.45648032426834106,0.7268856763839722,-0.06078757718205452,0.46781423687934875,0.7178512215614319,-0.049339596182107925,0.4885885715484619,0.7161881923675537,-0.04107474163174629,0.9365601539611816,0.7717432975769043,6.719588441228552e-09,0.9040535092353821,0.6615521907806396,-0.006539188791066408,0.8463537693023682,0.6110500693321228,-0.026693817228078842,0.7883517146110535,0.6270617842674255,-0.0445525124669075,0.7514585852622986,0.6746112704277039,-0.06689374148845673,0.8556568622589111,0.6035370230674744,-0.06744354218244553,0.7613989114761353,0.6052166223526001,-0.08534122258424759,0.7102239727973938,0.6160096526145935,-0.09526105225086212,0.6717981696128845,0.6234484314918518,-0.10203071683645248,0.864643394947052,0.6874710321426392,-0.07400630414485931,0.7594582438468933,0.6852214336395264,-0.09204744547605515,0.6986206769943237,0.6765848994255066,-0.0976291373372078,0.6551339030265808,0.6728589534759521,-0.10505656898021698,0.8634231090545654,0.7680813670158386,-0.07527701556682587,0.7695850729942322,0.7466855049133301,-0.08466620743274689,0.7758075594902039,0.7288668751716614,-0.07335496693849564,0.7959284782409668,0.7223966121673584,-0.06682232022285461,0.8548794388771057,0.8352470397949219,-0.07603542506694794,0.7752929329872131,0.7959117293357849,-0.08009935915470123,0.775992214679718,0.770888090133667,-0.06570181250572205,0.7934535145759583,0.7568262219429016,-0.055892057716846466
14,0.9297013282775879,0.7738147377967834,3.064296194565941e-08,0.8993710875511169,0.6590773463249207,-0.007526115048676729,0.8412235379219055,0.6100861430168152,-0.028635909780859947,0.7834784388542175,0.6307195425033569,-0.04702708125114441,0.7465109825134277,0.6794462203979492,-0.07001166045665741,0.8502842783927917,0.6028761863708496,-0.07143080979585648,0.7572954893112183,0.6026037931442261,-0.09052865952253342,0.7050556540489197,0.6131166219711304,-0.10099561512470245,0.6664596796035767,0.6203643083572388,-0.10797977447509766,0.8588653206825256,0.6859627366065979,-0.07719621062278748,0.7547630071640015,0.6846074461936951,-0.0968797355890274,0.6923757195472717,0.6745108962059021,-0.10274768620729446,0.6484429836273193,0.6693766713142395,-0.11008571088314056,0.8578253388404846,0.7666634321212769,-0.07736248522996902,0.7642579078674316,0.747106671333313,-0.08672289550304413,0.7684112191200256,0.7293311953544617,-0.07408994436264038,0.7880498766899109,0.721839189529419,-0.0666152760386467,0.8497464060783386,0.8342700004577637,-0.07711470872163773,0.7716745138168335,0.7966051697731018,-0.08096438646316528,0.7713580131530762,0.7710627317428589,-0.06563933938741684,0.7890354990959167,0.755745530128479,-0.05488605052232742,0.5804194211959839,0.7072243690490723,1.570924439420196e-07,0.5635939836502075,0.6179669499397278,-0.004220639355480671,0.517566442489624,0.5666223168373108,-0.018656300380825996,0.47181710600852966,0.550333559513092,-0.031749024987220764,0.43966981768608093,0.5309344530105591,-0.048409778624773026,0.5090376138687134,0.5663831830024719,-0.053468648344278336,0.43209922313690186,0.5695463418960571,-0.07168750464916229,0.38772013783454895,0.5745668411254883,-0.08324775099754333,0.35599029064178467,0.5747376680374146,-0.09162569046020508,0.5096660852432251,0.6315107345581055,-0.05829836055636406,0.42361924052238464,0.6255402565002441,-0.0744222104549408,0.3756670355796814,0.6112529039382935,-0.08161559700965881,0.34272366762161255,0.6048436164855957,-0.08965963870286942,0.5112230777740479,0.6985095143318176,-0.058707356452941895,0.4438411593437195,0.6864648461341858,-0.06576397269964218,0.45800918340682983,0.6772823333740234,-0.054467566311359406,0.48019611835479736,0.6737778186798096,-0.04775548353791237,0.5128582119941711,0.7553398609161377,-0.0588497631251812,0.45795243978500366,0.7317498922348022,-0.06426643580198288,0.4698645770549774,0.7233492136001587,-0.05264231562614441,0.49014443159103394,0.7205778360366821,-0.04376552253961563
15,0.9297013282775879,0.7738147377967834,3.064296194565941e-08,0.8993710875511169,0.6590773463249207,-0.007526115048676729,0.8412235379219055,0.6100861430168152,-0.028635909780859947,0.7834784388542175,0.6307195425033569,-0.04702708125114441,0.7465109825134277,0.6794462203979492,-0.07001166045665741,0.8502842783927917,0.6028761863708496,-0.07143080979585648,0.7572954893112183,0.6026037931442261,-0.09052865952253342,0.7050556540489197,0.6131166219711304,-0.10099561512470245,0.6664596796035767,0.6203643083572388,-0.10797977447509766,0.8588653206825256,0.6859627366065979,-0.07719621062278748,0.7547630071640015,0.6846074461936951,-0.0968797355890274,0.6923757195472717,0.6745108962059021,-0.10274768620729446,0.6484429836273193,0.6693766713142395,-0.11008571088314056,0.8578253388404846,0.7666634321212769,-0.07736248522996902,0.7642579078674316,0.747106671333313,-0.08672289550304413,0.7684112191200256,0.7293311953544617,-0.07408994436264038,0.7880498766899109,0.721839189529419,-0.0666152760386467,0.8497464060783386,0.8342700004577637,-0.07711470872163773,0.7716745138168335,0.7966051697731018,-0.08096438646316528,0.7713580131530762,0.7710627317428589,-0.06563933938741684,0.7890354990959167,0.755745530128479,-0.05488605052232742,0.5804194211959839,0.7072243690490723,1.570924439420196e-07,0.5635939836502075,0.6179669499397278,-0.004220639355480671,0.517566442489624,0.5666223168373108,-0.018656300380825996,0.47181710600852966,0.550333559513092,-0.031749024987220764,0.43966981768608093,0.5309344530105591,-0.048409778624773026,0.5090376138687134,0.5663831830024719,-0.053468648344278336,0.43209922313690186,0.5695463418960571,-0.07168750464916229,0.38772013783454895,0.5745668411254883,-0.08324775099754333,0.35599029064178467,0.5747376680374146,-0.09162569046020508,0.5096660852432251,0.6315107345581055,-0.05829836055636406,0.42361924052238464,0.6255402565002441,-0.0744222104549408,0.3756670355796814,0.6112529039382935,-0.08161559700965881,0.34272366762161255,0.6048436164855957,-0.08965963870286942,0.5112230777740479,0.6985095143318176,-0.058707356452941895,0.4438411593437195,0.6864648461341858,-0.06576397269964218,0.45800918340682983,0.6772823333740234,-0.054467566311359406,0.48019611835479736,0.6737778186798096,-0.04775548353791237,0.5128582119941711,0.7553398609161377,-0.0588497631251812,0.45795243978500366,0.7317498922348022,-0.06426643580198288,0.4698645770549774,0.7233492136001587,-0.05264231562614441,0.49014443159103394,0.7205778360366821,-0.04376552253961563
16,0.9260463714599609,0.7706180810928345,8.870728862575561e-08,0.8963744640350342,0.6545739769935608,-0.009202509187161922,0.8370325565338135,0.6074984073638916,-0.03156433254480362,0.7788939476013184,0.6333988904953003,-0.05076631158590317,0.742424488067627,0.6857172250747681,-0.07452225685119629,0.845731258392334,0.6017335057258606,-0.07647990435361862,0.7487363815307617,0.5997055768966675,-0.0950312688946724,0.6956156492233276,0.6087234616279602,-0.1045638844370842,0.6561273336410522,0.6139048933982849,-0.11113666743040085,0.8542650938034058,0.6885191798210144,-0.08189411461353302,0.7483741044998169,0.6873549222946167,-0.1021779477596283,0.6850098967552185,0.6747146844863892,-0.1079389676451683,0.6407941579818726,0.6691319942474365,-0.11516415327787399,0.853171706199646,0.7708356380462646,-0.08140749484300613,0.757662296295166,0.7478304505348206,-0.09097901731729507,0.7622823715209961,0.7259467244148254,-0.07781058549880981,0.7826636433601379,0.7178220748901367,-0.06984277814626694,0.8450126647949219,0.8377981185913086,-0.08066530525684357,0.7649534344673157,0.7987037897109985,-0.08428184688091278,0.7633970975875854,0.7708263397216797,-0.06868187338113785,0.779527485370636,0.7531791925430298,-0.057894516736269,0.582942545413971,0.709812581539154,1.4982917662109685e-07,0.5657445788383484,0.6206611394882202,-0.005479501560330391,0.5178739428520203,0.5703479051589966,-0.02081032283604145,0.4706709086894989,0.5600975155830383,-0.03438115119934082,0.4392015039920807,0.548032820224762,-0.05136723071336746,0.5110835433006287,0.5681400299072266,-0.059314560145139694,0.43183794617652893,0.5675129890441895,-0.07810797542333603,0.3881892263889313,0.5697544813156128,-0.08952316641807556,0.35544148087501526,0.570679247379303,-0.09771121293306351,0.5111149549484253,0.6340329647064209,-0.0637550950050354,0.4238891005516052,0.626675546169281,-0.07979732751846313,0.37453413009643555,0.6135900020599365,-0.0860334187746048,0.3385455012321472,0.6104676723480225,-0.09364596009254456,0.511613667011261,0.7011846303939819,-0.06357825547456741,0.44393712282180786,0.6842283606529236,-0.07002659142017365,0.46054041385650635,0.671288251876831,-0.05798018351197243,0.4834866225719452,0.6689885854721069,-0.05118880793452263,0.5127266049385071,0.7575187683105469,-0.06333271414041519,0.45723697543144226,0.7283760905265808,-0.06813656538724899,0.47010332345962524,0.7157403826713562,-0.056376710534095764,0.49070456624031067,0.7124180793762207,-0.04780155047774315
17,0.9233051538467407,0.7711954116821289,-2.1515267789595782e-08,0.8948514461517334,0.6549346446990967,-0.002687638159841299,0.8388148546218872,0.605426013469696,-0.021274209022521973,0.7817985415458679,0.6320533752441406,-0.03896927833557129,0.7454755306243896,0.6850544810295105,-0.06157336384057999,0.8371924757957458,0.5868095755577087,-0.06003177911043167,0.7458135485649109,0.5866098403930664,-0.07956086844205856,0.6918715238571167,0.5993680953979492,-0.09213011711835861,0.6528931260108948,0.6070160269737244,-0.10093177109956741,0.8463268280029297,0.6718801856040955,-0.06942448019981384,0.7413445711135864,0.6698209643363953,-0.08641327917575836,0.6814619302749634,0.6573382616043091,-0.0930861309170723,0.6387507915496826,0.6489732265472412,-0.10213454067707062,0.8462536931037903,0.7542605996131897,-0.07388271391391754,0.7517487406730652,0.7390251159667969,-0.08137203752994537,0.7631992697715759,0.7284571528434753,-0.06790191680192947,0.786693274974823,0.7238726615905762,-0.06069276109337807,0.8408094644546509,0.8244506120681763,-0.07804958522319794,0.7631945013999939,0.790014386177063,-0.0810108333826065,0.7682320475578308,0.7714246511459351,-0.06428606808185577,0.7872883677482605,0.7600988149642944,-0.05288376286625862,0.5823076367378235,0.7037603259086609,2.0661039457081642e-07,0.5644166469573975,0.6168888807296753,-0.004454764071851969,0.5173881649971008,0.5687492489814758,-0.019783705472946167,0.47083550691604614,0.5579443573951721,-0.03366310894489288,0.4393170475959778,0.5431278944015503,-0.05071457847952843,0.5093681812286377,0.5669780373573303,-0.05614523962140083,0.4313082993030548,0.5699013471603394,-0.074974924325943,0.3876311779022217,0.5736573338508606,-0.086249440908432,0.35616880655288696,0.5731661915779114,-0.0943809449672699,0.5095344185829163,0.6325737237930298,-0.06092255190014839,0.42254123091697693,0.6261382699012756,-0.07876218855381012,0.3745233416557312,0.6124037504196167,-0.08597445487976074,0.3417976498603821,0.6086390018463135,-0.09355992078781128,0.510634183883667,0.7001723051071167,-0.061050720512866974,0.4426547884941101,0.6874275803565979,-0.06780482828617096,0.4592476785182953,0.6759945154190063,-0.05447640269994736,0.4820120334625244,0.6712074875831604,-0.04619689658284187,0.5127461552619934,0.7562782764434814,-0.06104905158281326,0.4568220376968384,0.7309108376502991,-0.0648498460650444,0.4704912304878235,0.7204236388206482,-0.05156263709068298,0.49097198247909546,0.7175118327140808,-0.04162837937474251
18,0.5813281536102295,0.7094331979751587,1.5839175659948523e-07,0.564458429813385,0.6200905442237854,-0.003800487145781517,0.5165649652481079,0.5746863484382629,-0.01861920952796936,0.4696115553379059,0.5717781782150269,-0.032053545117378235,0.43826109170913696,0.5688272714614868,-0.04899683967232704,0.5072365999221802,0.5682011246681213,-0.05732212960720062,0.42806774377822876,0.5694804787635803,-0.0760587602853775,0.38452887535095215,0.5724785327911377,-0.0881468802690506,0.3516748547554016,0.5746346116065979,-0.0969230979681015,0.5073963403701782,0.6339277029037476,-0.06220332905650139,0.42005205154418945,0.629417896270752,-0.07845439016819,0.3708302974700928,0.6179513931274414,-0.08528413623571396,0.33517009019851685,0.6163583993911743,-0.09327170997858047,0.5082248449325562,0.7018519639968872,-0.0623241551220417,0.4414006471633911,0.6872693300247192,-0.06805654615163803,0.45791709423065186,0.6734566688537598,-0.056041132658720016,0.4808041453361511,0.6700175404548645,-0.04933182895183563,0.5095664858818054,0.7587438225746155,-0.06228595972061157,0.45491892099380493,0.7311509847640991,-0.06621859967708588,0.4677397310733795,0.7178626656532288,-0.05438170209527016,0.48829764127731323,0.7130480408668518,-0.04582889378070831,0.916211724281311,0.7554126381874084,6.109895256400932e-09,0.8859110474586487,0.6366406083106995,-0.006163075100630522,0.8284198045730591,0.5870773196220398,-0.02769962139427662,0.7693050503730774,0.6106676459312439,-0.04693230986595154,0.7318165898323059,0.6621706485748291,-0.07105095684528351,0.8391411900520325,0.5798122882843018,-0.07096510380506516,0.7426747679710388,0.5802897214889526,-0.08885011821985245,0.6895768046379089,0.5926192998886108,-0.09870409965515137,0.6494816541671753,0.5991058349609375,-0.10587308555841446,0.848229706287384,0.66664057970047,-0.07833273708820343,0.7390388250350952,0.6664183139801025,-0.09647171199321747,0.6757118701934814,0.6595954298973083,-0.10188267379999161,0.6293649673461914,0.6574721932411194,-0.10994064807891846,0.8463444709777832,0.7502371072769165,-0.07990749180316925,0.749530553817749,0.7301564812660217,-0.08866316080093384,0.7587981224060059,0.7109653949737549,-0.07525435090065002,0.7798406481742859,0.7026634216308594,-0.06826823949813843,0.8367539048194885,0.8193380832672119,-0.08096214383840561,0.7556727528572083,0.782768964767456,-0.0842297375202179,0.7602888345718384,0.7570536732673645,-0.06733324378728867,0.780327558517456,0.7409120798110962,-0.05631730332970619
19,0.5813281536102295,0.7094331979751587,1.5839175659948523e-07,0.564458429813385,0.6200905442237854,-0.003800487145781517,0.5165649652481079,0.5746863484382629,-0.01861920952796936,0.4696115553379059,0.5717781782150269,-0.032053545117378235,0.43826109170913696,0.5688272714614868,-0.04899683967232704,0.5072365999221802,0.5682011246681213,-0.05732212960720062,0.42806774377822876,0.5694804787635803,-0.0760587602853775,0.38452887535095215,0.5724785327911377,-0.0881468802690506,0.3516748547554016,0.5746346116065979,-0.0969230979681015,0.5073963403701782,0.6339277029037476,-0.06220332905650139,0.42005205154418945,0.629417896270752,-0.07845439016819,0.3708302974700928,0.6179513931274414,-0.08528413623571396,0.33517009019851685,0.6163583993911743,-0.09327170997858047,0.5082248449325562,0.7018519639968872,-0.0623241551220417,0.4414006471633911,0.6872693300247192,-0.06805654615163803,0.45791709423065186,0.6734566688537598,-0.056041132658720016,0.4808041453361511,0.6700175404548645,-0.04933182895183563,0.5095664858818054,0.7587438225746155,-0.06228595972061157,0.45491892099380493,0.7311509847640991,-0.06621859967708588,0.4677397310733795,0.7178626656532288,-0.05438170209527016,0.48829764127731323,0.7130480408668518,-0.04582889378070831,0.916211724281311,0.7554126381874084,6.109895256400932e-09,0.8859110474586487,0.6366406083106995,-0.006163075100630522,0.8284198045730591,0.5870773196220398,-0.02769962139427662,0.7693050503730774,0.6106676459312439,-0.04693230986595154,0.7318165898323059,0.6621706485748291,-0.07105095684528351,0.8391411900520325,0.5798122882843018,-0.07096510380506516,0.7426747679710388,0.5802897214889526,-0.08885011821985245,0.6895768046379089,0.5926192998886108,-0.09870409965515137,0.6494816541671753,0.5991058349609375,-0.10587308555841446,0.848229706287384,0.66664057970047,-0.07833273708820343,0.7390388250350952,0.6664183139801025,-0.09647171199321747,0.6757118701934814,0.6595954298973083,-0.10188267379999161,0.6293649673461914,0.6574721932411194,-0.10994064807891846,0.8463444709777832,0.7502371072769165,-0.07990749180316925,0.749530553817749,0.7301564812660217,-0.08866316080093384,0.7587981224060059,0.7109653949737549,-0.07525435090065002,0.7798406481742859,0.7026634216308594,-0.06826823949813843,0.8367539048194885,0.8193380832672119,-0.08096214383840561,0.7556727528572083,0.782768964767456,-0.0842297375202179,0.7602888345718384,0.7570536732673645,-0.06733324378728867,0.780327558517456,0.7409120798110962,-0.05631730332970619
20,0.5788711905479431,0.7080482840538025,1.7110023975419608e-07,0.5626591444015503,0.620177686214447,-0.0025862478651106358,0.5166631937026978,0.5744742155075073,-0.01662152074277401,0.4702977240085602,0.5690181851387024,-0.0294258464127779,0.43811845779418945,0.5645007491111755,-0.04574225842952728,0.5062481760978699,0.5689703226089478,-0.053719211369752884,0.4285242557525635,0.5709651112556458,-0.07163224369287491,0.38492199778556824,0.5741269588470459,-0.08377370238304138,0.35261034965515137,0.5744138956069946,-0.0929129421710968,0.5061784386634827,0.6333768963813782,-0.05889663100242615,0.4199583828449249,0.6289818286895752,-0.07451474666595459,0.3718355894088745,0.6167709827423096,-0.08158441632986069,0.3377183675765991,0.6134660840034485,-0.08980514854192734,0.5070384740829468,0.7004980444908142,-0.059330377727746964,0.4406139850616455,0.6885360479354858,-0.0643196552991867,0.45653820037841797,0.6768708229064941,-0.05196677893400192,0.4793318510055542,0.6728567481040955,-0.04510471224784851,0.508776068687439,0.7572042942047119,-0.05954751372337341,0.4545002281665802,0.7328534126281738,-0.06334972381591797,0.4675995409488678,0.7222588658332825,-0.05128755047917366,0.487748384475708,0.7182493209838867,-0.04247342422604561,0.9176065325737,0.7594150304794312,-2.19540439161392e-08,0.887244462966919,0.6384487748146057,-0.005507841240614653,0.8286340236663818,0.5858336091041565,-0.027115875855088234,0.7689167857170105,0.6063107252120972,-0.04631268233060837,0.7306095361709595,0.657168447971344,-0.07021568715572357,0.8380523324012756,0.575727105140686,-0.0725567638874054,0.7411578893661499,0.5752400159835815,-0.092364601790905,0.6862362623214722,0.5869248509407043,-0.10349962115287781,0.6458804607391357,0.5940030813217163,-0.11134648323059082,0.8474994897842407,0.6637986898422241,-0.08002971857786179,0.7366430163383484,0.6632069945335388,-0.09967605024576187,0.6726596355438232,0.6524510383605957,-0.10521601140499115,0.6275432705879211,0.6479242444038391,-0.11330334097146988,0.8451802134513855,0.7479057312011719,-0.08164864778518677,0.7444170713424683,0.7260271906852722,-0.08945036679506302,0.7536897659301758,0.7083798050880432,-0.07322009652853012,0.7766305208206177,0.7015332579612732,-0.06437979638576508,0.8355625867843628,0.8170681595802307,-0.08303125947713852,0.7509644627571106,0.7783267498016357,-0.08561690896749496,0.7544277906417847,0.7539465427398682,-0.06764111667871475,0.7744969725608826,0.7393535375595093,-0.05558556318283081
21,0.5806702375411987,0.7075059413909912,1.2939757709773403e-07,0.5640913248062134,0.6178897619247437,-0.0033204269129782915,0.5165812969207764,0.5686843991279602,-0.017165035009384155,0.469587117433548,0.5581519603729248,-0.029978686943650246,0.43970605731010437,0.5420547723770142,-0.04629909247159958,0.5058125853538513,0.5667920708656311,-0.052815113216638565,0.4285399913787842,0.5689312219619751,-0.07047124207019806,0.38486263155937195,0.5731280446052551,-0.0818694531917572,0.35281431674957275,0.5751716494560242,-0.09026224166154861,0.5068438053131104,0.6318702101707458,-0.058071404695510864,0.4215734004974365,0.6259575486183167,-0.07342293858528137,0.37302669882774353,0.6129593849182129,-0.08090852946043015,0.33786123991012573,0.6095645427703857,-0.08943817764520645,0.5084351897239685,0.6992501616477966,-0.05874437838792801,0.44168975949287415,0.6862088441848755,-0.06514954566955566,0.4579481780529022,0.6774060130119324,-0.05421162769198418,0.48038867115974426,0.6751230359077454,-0.04797504097223282,0.5105112195014954,0.7551929950714111,-0.059121400117874146,0.45496833324432373,0.7306910157203674,-0.06416213512420654,0.4682154655456543,0.71978759765625,-0.05294077843427658,0.48941734433174133,0.7149239778518677,-0.0445159487426281,0.9057875871658325,0.7480440735816956,1.1733694016413665e-08,0.876122236251831,0.6328431963920593,-0.009528499096632004,0.8214068412780762,0.5851804614067078,-0.032485779374837875,0.764064371585846,0.6079972982406616,-0.05277135595679283,0.7274205684661865,0.660895586013794,-0.07743429392576218,0.8250906467437744,0.569923996925354,-0.07189986854791641,0.7339925765991211,0.5673537850379944,-0.09326261281967163,0.6794682741165161,0.5770555138587952,-0.10626842826604843,0.6402671933174133,0.5833550095558167,-0.1155087873339653,0.8362134099006653,0.6516265273094177,-0.07752665877342224,0.7273802161216736,0.6556569933891296,-0.0988222062587738,0.6631337404251099,0.6430885791778564,-0.10725786536931992,0.616970956325531,0.6374894380569458,-0.11739546060562134,0.8357427716255188,0.7321767210960388,-0.0778915211558342,0.7388187050819397,0.7239542007446289,-0.08785825222730637,0.750816285610199,0.7078642249107361,-0.07384229451417923,0.7745974063873291,0.7004930973052979,-0.06616947799921036,0.8280660510063171,0.7993150949478149,-0.07833713293075562,0.7471984624862671,0.772127628326416,-0.08292965590953827,0.7539820075035095,0.7533357739448547,-0.06612863391637802,0.7748944759368896,0.7426432371139526,-0.05468014255166054
22,0.5812337398529053,0.7083804607391357,1.2864366283338313e-07,0.5643779635429382,0.6181885004043579,-0.0038336068391799927,0.5169457793235779,0.5682666301727295,-0.01750979572534561,0.46992987394332886,0.5567864775657654,-0.029981223866343498,0.44067609310150146,0.5429830551147461,-0.045706819742918015,0.5061074495315552,0.5663685202598572,-0.05175771936774254,0.4293525218963623,0.5670769214630127,-0.06857797503471375,0.3863360285758972,0.5718925595283508,-0.07911345362663269,0.35470521450042725,0.5744005441665649,-0.08696436882019043,0.5064321160316467,0.6312577128410339,-0.05668717250227928,0.42237889766693115,0.6263468265533447,-0.07202131301164627,0.3738589286804199,0.6142392158508301,-0.0795849859714508,0.3386417329311371,0.6117166876792908,-0.08813697099685669,0.5075976252555847,0.6988368630409241,-0.057113148272037506,0.4423182010650635,0.6861522793769836,-0.06378498673439026,0.4590180814266205,0.6763940453529358,-0.05326789617538452,0.48142412304878235,0.6740909218788147,-0.047238945960998535,0.5094095468521118,0.7547069787979126,-0.057250916957855225,0.4548060894012451,0.7298216223716736,-0.062248680740594864,0.4682253301143646,0.7201654314994812,-0.05115080997347832,0.4886624813079834,0.7170590758323669,-0.04289710894227028,0.9071682095527649,0.7384654879570007,-1.3453901104298893e-08,0.8781686425209045,0.6214805841445923,-0.007021096535027027,0.8213942050933838,0.5691304206848145,-0.03019813448190689,0.7617572546005249,0.590814471244812,-0.0505419559776783,0.7233291864395142,0.6424722075462341,-0.07565280050039291,0.828213095664978,0.5502787232398987,-0.07636949419975281,0.7325714826583862,0.5490382313728333,-0.09764028340578079,0.6775833368301392,0.5598129034042358,-0.10993639379739761,0.6383420825004578,0.5670038461685181,-0.11835029721260071,0.837749719619751,0.6363726258277893,-0.08265430480241776,0.7266067266464233,0.6364980936050415,-0.10329882800579071,0.6626406908035278,0.6234655976295471,-0.10940481722354889,0.6176632642745972,0.6176555752754211,-0.11772013455629349,0.8358614444732666,0.7200791835784912,-0.0828629732131958,0.7345293164253235,0.7004351615905762,-0.0907641053199768,0.7430154085159302,0.682181715965271,-0.07400234788656235,0.7653717994689941,0.6738744378089905,-0.06480167806148529,0.826513946056366,0.7898656129837036,-0.082860067486763,0.743161141872406,0.7549045085906982,-0.0857422724366188,0.7477591633796692,0.730055570602417,-0.06743400543928146,0.7685949802398682,0.7133130431175232,-0.05489669740200043
23,0.5800067782402039,0.7045984268188477,1.5038359890695574e-07,0.5630978941917419,0.6179307103157043,-0.004436968360096216,0.5156447291374207,0.5696850419044495,-0.01805828884243965,0.4694558382034302,0.5571531057357788,-0.03039213828742504,0.43917447328567505,0.5383103489875793,-0.04608181491494179,0.5053948760032654,0.5670038461685181,-0.05153147131204605,0.4281826317310333,0.5710334181785583,-0.06848801672458649,0.38406261801719666,0.575932502746582,-0.0791732519865036,0.35253971815109253,0.5770666003227234,-0.08698616921901703,0.5062264204025269,0.6321905851364136,-0.05602081120014191,0.42079800367355347,0.6264175176620483,-0.07107898592948914,0.372392475605011,0.6128507256507874,-0.07832172513008118,0.3383166790008545,0.6085296273231506,-0.08642060309648514,0.5079702734947205,0.699173629283905,-0.05620772764086723,0.44158998131752014,0.6855990886688232,-0.06317940354347229,0.4565797448158264,0.6755744218826294,-0.053080957382917404,0.47843870520591736,0.6724019646644592,-0.04702804237604141,0.5098462700843811,0.7549598813056946,-0.05610288307070732,0.45499005913734436,0.7303735017776489,-0.06161459907889366,0.46759724617004395,0.720090389251709,-0.05092693120241165,0.48796576261520386,0.7162690162658691,-0.042700059711933136,0.9072009921073914,0.7296819686889648,-4.233218220406343e-08,0.8776236772537231,0.6096795201301575,-0.006384674925357103,0.8197278380393982,0.555650532245636,-0.029948236420750618,0.7589278817176819,0.5742567181587219,-0.0503365658223629,0.7187095880508423,0.6232565641403198,-0.07591447234153748,0.8274545073509216,0.5422809720039368,-0.08142021298408508,0.7311054468154907,0.5434276461601257,-0.1034979373216629,0.6762920618057251,0.5564286112785339,-0.11542300879955292,0.635939359664917,0.5659230947494507,-0.12313917279243469,0.8372718095779419,0.6313149929046631,-0.0878266841173172,0.7271170020103455,0.6310483813285828,-0.10856552422046661,0.6633217334747314,0.6207586526870728,-0.11276835203170776,0.6177046298980713,0.617658793926239,-0.11943892389535904,0.8360192179679871,0.7167733311653137,-0.08781296014785767,0.7362136244773865,0.6970906257629395,-0.09592945128679276,0.7421964406967163,0.679558277130127,-0.0788050964474678,0.7631175518035889,0.6724671125411987,-0.06922827661037445,0.8269228935241699,0.7874531745910645,-0.08731312304735184,0.7422817945480347,0.7504547238349915,-0.09091633558273315,0.7411068081855774,0.7231663465499878,-0.07339692860841751,0.7581369280815125,0.7028542757034302,-0.06121695041656494
24,0.5794442892074585,0.7098263502120972,1.709463788301946e-07,0.5625694394111633,0.616987943649292,-0.002472545253112912,0.5163125395774841,0.5700234174728394,-0.016703901812434196,0.4696119725704193,0.5664564371109009,-0.02979000099003315,0.4387933611869812,0.565687894821167,-0.04641706496477127,0.5046499967575073,0.5676624178886414,-0.05309750512242317,0.42817574739456177,0.5711026191711426,-0.07069846987724304,0.3835216760635376,0.5748034715652466,-0.08221275359392166,0.35230398178100586,0.5749337673187256,-0.09098830074071884,0.5065086483955383,0.6328619718551636,-0.05773793160915375,0.41890645027160645,0.6277271509170532,-0.07484724372625351,0.3710360527038574,0.6124128699302673,-0.08298985660076141,0.33957338333129883,0.6060739755630493,-0.09183939546346664,0.5083970427513123,0.7008799314498901,-0.05736749619245529,0.43997979164123535,0.6858413219451904,-0.06219523400068283,0.45298832654953003,0.6775966882705688,-0.048717256635427475,0.4747970402240753,0.6747336983680725,-0.04089244455099106,0.5099692344665527,0.7574709057807922,-0.05677563697099686,0.4528854191303253,0.7300785779953003,-0.05954648554325104,0.4636472463607788,0.7207711935043335,-0.046564482152462006,0.483382910490036,0.7179329991340637,-0.037064649164676666,0.9017215967178345,0.7293180227279663,-3.802039927336409e-08,0.8739359378814697,0.6101871132850647,-0.005440896842628717,0.8164808750152588,0.5545315146446228,-0.027451692149043083,0.756173849105835,0.5728821754455566,-0.04705193266272545,0.7162668108940125,0.6172425746917725,-0.07175162434577942,0.8222763538360596,0.5401557683944702,-0.07527264207601547,0.7252965569496155,0.5382573008537292,-0.09820642322301865,0.6697506308555603,0.550015926361084,-0.11188706755638123,0.6298679113388062,0.5578807592391968,-0.12091712653636932,0.8305256366729736,0.627073347568512,-0.08231674134731293,0.7217710614204407,0.6231489777565002,-0.10191866755485535,0.6604572534561157,0.6095722913742065,-0.10664703696966171,0.6167111396789551,0.6017720699310303,-0.11401364952325821,0.8290318846702576,0.7114274501800537,-0.08358602970838547,0.7307687997817993,0.6930388808250427,-0.09094627946615219,0.7410541772842407,0.6787102818489075,-0.07446661591529846,0.7651022672653198,0.6726692914962769,-0.0655997171998024,0.8204917311668396,0.7831312417984009,-0.08458308130502701,0.7387076616287231,0.7474985122680664,-0.08870486170053482,0.743461549282074,0.7259634733200073,-0.07167282700538635,0.7654906511306763,0.7110539078712463,-0.05975326895713806
25,0.5812119245529175,0.7079964876174927,1.593662659615802e-07,0.5643278956413269,0.6180906295776367,-0.0035863707307726145,0.5163770914077759,0.57101970911026,-0.017529457807540894,0.468584269285202,0.5676859617233276,-0.03041265159845352,0.4365147054195404,0.5683726668357849,-0.04673423990607262,0.505649983882904,0.5700039267539978,-0.05324530601501465,0.42780011892318726,0.5705883502960205,-0.0714922547340393,0.3843125104904175,0.5724889636039734,-0.08354093134403229,0.3518121838569641,0.5733473896980286,-0.09228754043579102,0.5056557059288025,0.635349452495575,-0.05866590142250061,0.42062193155288696,0.6264650225639343,-0.07389161735773087,0.37231001257896423,0.6122159361839294,-0.08134651184082031,0.33773764967918396,0.6082981824874878,-0.08981306105852127,0.5070481300354004,0.7025661468505859,-0.059609875082969666,0.44079121947288513,0.688255250453949,-0.06541529297828674,0.4571301341056824,0.67814701795578,-0.05457206070423126,0.480132132768631,0.6758117079734802,-0.048531245440244675,0.5094429850578308,0.7584946155548096,-0.060450512915849686,0.45469900965690613,0.7327698469161987,-0.06483062356710434,0.4680835008621216,0.7222850322723389,-0.05359669402241707,0.4889824390411377,0.718750536441803,-0.0453345887362957,0.9026162624359131,0.7249137163162231,-4.996405422730277e-08,0.8728957176208496,0.6078709959983826,-0.002548482269048691,0.814408540725708,0.5535090565681458,-0.02282753773033619,0.753119945526123,0.5760079622268677,-0.04102003946900368,0.7150356769561768,0.626354992389679,-0.06469453871250153,0.820149302482605,0.5356063842773438,-0.07323138415813446,0.7225549817085266,0.5374797582626343,-0.09317275136709213,0.6677478551864624,0.5505884885787964,-0.10432790219783783,0.6280977129936218,0.5593685507774353,-0.11203157901763916,0.829811155796051,0.6220410466194153,-0.08108404278755188,0.7185652852058411,0.6217808723449707,-0.09992524236440659,0.6548774242401123,0.6142705082893372,-0.10411951690912247,0.6091734766960144,0.6128847002983093,-0.11091191321611404,0.8287305235862732,0.7078725099563599,-0.08250860869884491,0.7274670004844666,0.6898521184921265,-0.0900879055261612,0.7383837103843689,0.6750426292419434,-0.07304698973894119,0.762703537940979,0.6683517694473267,-0.0632895827293396,0.8200289607048035,0.7819688320159912,-0.08313576877117157,0.7365556955337524,0.7452941536903381,-0.08710762113332748,0.7427441477775574,0.7233693599700928,-0.06915418058633804,0.765143096446991,0.7078991532325745,-0.05637846514582634
26,0.5782679915428162,0.697020411491394,2.3062321474753844e-07,0.5605437755584717,0.6125720143318176,-0.00448704045265913,0.514400064945221,0.5693511366844177,-0.018918126821517944,0.4688498377799988,0.5692536234855652,-0.03194707632064819,0.4376605153083801,0.5694379806518555,-0.04813114553689957,0.5041077136993408,0.5657109022140503,-0.05497720092535019,0.42743128538131714,0.5723986029624939,-0.07297762483358383,0.3845040798187256,0.576718807220459,-0.08400063216686249,0.35298267006874084,0.5761346220970154,-0.09196033328771591,0.504417896270752,0.633368194103241,-0.06004883348941803,0.41758909821510315,0.6297946572303772,-0.0774480327963829,0.36965906620025635,0.6168180108070374,-0.08498907089233398,0.3373216688632965,0.6139198541641235,-0.09243374317884445,0.5061554908752441,0.7021809220314026,-0.060536812990903854,0.4398350417613983,0.6889341473579407,-0.06823022663593292,0.45649558305740356,0.6763351559638977,-0.056484803557395935,0.4789508581161499,0.6712067127227783,-0.04860750585794449,0.5090000033378601,0.7591688632965088,-0.060798898339271545,0.4546314775943756,0.7345466017723083,-0.06505606323480606,0.46829843521118164,0.7212444543838501,-0.05243683606386185,0.4884124994277954,0.7161180973052979,-0.04268084466457367,0.9028899073600769,0.7312332987785339,-7.717484606928338e-08,0.8751590251922607,0.608632504940033,-0.0016907118260860443,0.8166540861129761,0.5557069778442383,-0.021505746990442276,0.7556154131889343,0.5791651606559753,-0.03956028074026108,0.716768205165863,0.6290057897567749,-0.06248653307557106,0.8209609389305115,0.533383309841156,-0.06774244457483292,0.7235193252563477,0.5310828685760498,-0.08846019953489304,0.6668059825897217,0.5447219014167786,-0.100584477186203,0.6268012523651123,0.5539023876190186,-0.1084732785820961,0.8277484178543091,0.6201596260070801,-0.07601740211248398,0.7171897292137146,0.6189281940460205,-0.09444230049848557,0.6541508436203003,0.6059996485710144,-0.09870001673698425,0.6093208193778992,0.597976565361023,-0.10533131659030914,0.8252596855163574,0.7047537565231323,-0.07837382704019547,0.7257062792778015,0.6853016018867493,-0.08509297668933868,0.7351199984550476,0.6703288555145264,-0.06770824640989304,0.7580968737602234,0.6630457639694214,-0.057635437697172165,0.8169463872909546,0.7775003910064697,-0.0801379531621933,0.7350776791572571,0.7412374019622803,-0.08262410014867783,0.7396639585494995,0.7186994552612305,-0.06373545527458191,0.7604010701179504,0.7020667791366577,-0.05013063922524452
27,0.5791913270950317,0.6982463002204895,2.130276044454149e-07,0.5612737536430359,0.6134052872657776,-0.004405956715345383,0.514480710029602,0.5696600675582886,-0.018773535266518593,0.4685594141483307,0.5648720264434814,-0.03178969398140907,0.4375073313713074,0.556480348110199,-0.04784899577498436,0.5050051212310791,0.5656213760375977,-0.05507534742355347,0.4265204668045044,0.5726062059402466,-0.0730556771159172,0.3834936320781708,0.5775483846664429,-0.08392975479364395,0.35172227025032043,0.5777530074119568,-0.09184184670448303,0.5051236152648926,0.632576048374176,-0.060216885060071945,0.4174952507019043,0.6289806962013245,-0.07754260301589966,0.3693693280220032,0.6165168881416321,-0.08482609689235687,0.33631598949432373,0.6141605377197266,-0.09227054566144943,0.506615400314331,0.7013214230537415,-0.060831908136606216,0.4393351078033447,0.686804473400116,-0.06879403442144394,0.45648443698883057,0.6736079454421997,-0.05704938992857933,0.47912514209747314,0.6687588095664978,-0.04928499087691307,0.5092020630836487,0.7584132552146912,-0.06119207665324211,0.4545162618160248,0.733250081539154,-0.06622909009456635,0.46825942397117615,0.7194434404373169,-0.05412909388542175,0.48838913440704346,0.7142080068588257,-0.044740334153175354,0.9006593823432922,0.7272570133209229,-8.027807041344204e-08,0.8722594976425171,0.6056898236274719,-0.0025314847007393837,0.8136433362960815,0.5537515878677368,-0.022784896194934845,0.7530998587608337,0.5787642598152161,-0.04166671633720398,0.7138482928276062,0.6277583241462708,-0.06560427695512772,0.8180944323539734,0.5301268696784973,-0.06756362318992615,0.720370352268219,0.5295623540878296,-0.08912064880132675,0.6640641689300537,0.5439971685409546,-0.10202033072710037,0.6238896250724792,0.553716242313385,-0.1106579452753067,0.8261618614196777,0.6163209080696106,-0.07661627233028412,0.7168441414833069,0.6151461005210876,-0.09563978761434555,0.6551137566566467,0.6046888828277588,-0.1006564274430275,0.610082745552063,0.5987794399261475,-0.10807467252016068,0.8250947594642639,0.7023048996925354,-0.08010904490947723,0.7262129187583923,0.688890814781189,-0.08856309950351715,0.7402385473251343,0.678250789642334,-0.07262683659791946,0.7660834193229675,0.6733835339546204,-0.06357629597187042,0.818230926990509,0.7769812941551208,-0.08309090882539749,0.7363604307174683,0.7451251745223999,-0.08785416185855865,0.7448092103004456,0.7279517650604248,-0.07014111429452896,0.7689061760902405,0.7166264057159424,-0.057386137545108795
28,0.5795312523841858,0.7091628909111023,1.3093813322484493e-07,0.5623772740364075,0.617366373538971,-0.0022013450507074594,0.5155605673789978,0.5685511827468872,-0.016233084723353386,0.4696069359779358,0.5602337718009949,-0.028963621705770493,0.4371303915977478,0.5525326728820801,-0.045135680586099625,0.5039260387420654,0.566730797290802,-0.05434521287679672,0.42709141969680786,0.5697237253189087,-0.07175950706005096,0.3819803297519684,0.5751253366470337,-0.08265107125043869,0.35035523772239685,0.5768997073173523,-0.09080389887094498,0.5064070224761963,0.6333562731742859,-0.058993931859731674,0.4186890125274658,0.6296577453613281,-0.07600889354944229,0.37019264698028564,0.6151226162910461,-0.08338803052902222,0.3376014232635498,0.6107366681098938,-0.09167856723070145,0.5088596940040588,0.7019917964935303,-0.05851510167121887,0.44069093465805054,0.6867356300354004,-0.06420115381479263,0.45498910546302795,0.6774181127548218,-0.05071783438324928,0.47731301188468933,0.6754155158996582,-0.04269403591752052,0.510762631893158,0.7586103677749634,-0.05763344094157219,0.4527433216571808,0.7307243943214417,-0.0616154819726944,0.4644169807434082,0.7210249304771423,-0.0487399622797966,0.4851861596107483,0.7184433341026306,-0.039038702845573425,0.8937199115753174,0.7062122821807861,1.9966075459620924e-09,0.8617208003997803,0.5915440917015076,-0.005652682855725288,0.7976061105728149,0.5439096093177795,-0.027584999799728394,0.7327381372451782,0.5760589838027954,-0.04684019088745117,0.6938309669494629,0.6320993304252625,-0.07131440192461014,0.8116118907928467,0.5242695808410645,-0.07638229429721832,0.7105945944786072,0.5263997316360474,-0.09572073817253113,0.6565191149711609,0.5421473979949951,-0.10607028007507324,0.6166242361068726,0.5533650517463684,-0.11328919231891632,0.8183943629264832,0.6106545329093933,-0.08383945375680923,0.7095315456390381,0.6074342131614685,-0.10235193371772766,0.6480330228805542,0.6057873368263245,-0.10669801384210587,0.6024514436721802,0.6082059741020203,-0.11374139040708542,0.8162779211997986,0.6965293288230896,-0.08512996137142181,0.7166533470153809,0.6818692088127136,-0.09410684555768967,0.7301421761512756,0.6661906838417053,-0.0805797427892685,0.7555907964706421,0.6588125228881836,-0.07347265630960464,0.8071518540382385,0.7707222104072571,-0.08563773334026337,0.7248041033744812,0.7352072596549988,-0.08970276266336441,0.7328614592552185,0.7147594094276428,-0.07307132333517075,0.7559247612953186,0.7027497887611389,-0.06215721741318703
29,0.5805622935295105,0.7065451741218567,1.4675052284474077e-07,0.5629072189331055,0.6165205836296082,-0.0033710449934005737,0.5158955454826355,0.5692241787910461,-0.017287854105234146,0.4693896174430847,0.5648020505905151,-0.029871560633182526,0.4386015236377716,0.5642151832580566,-0.04612363874912262,0.5035338401794434,0.5682214498519897,-0.05375617742538452,0.4264295995235443,0.5710317492485046,-0.07006733864545822,0.38261348009109497,0.5758053660392761,-0.08043394237756729,0.3511810302734375,0.5778924822807312,-0.08812929689884186,0.5055931806564331,0.6350159645080566,-0.05818580836057663,0.41926491260528564,0.6314020752906799,-0.07327128946781158,0.37038201093673706,0.6176915168762207,-0.08016350865364075,0.33616238832473755,0.6131188273429871,-0.0881400927901268,0.5078813433647156,0.7029272317886353,-0.05780772119760513,0.44045111536979675,0.6884855031967163,-0.06348945200443268,0.4541577100753784,0.6762957572937012,-0.05292389169335365,0.4759635031223297,0.6727399230003357,-0.04691294580698013,0.509740948677063,0.7589343190193176,-0.05703812837600708,0.45293059945106506,0.7320523858070374,-0.06113845854997635,0.4643096327781677,0.718951940536499,-0.050020430237054825,0.48501336574554443,0.7131288647651672,-0.04180831089615822,0.892560601234436,0.708854615688324,-1.9508938464696257e-08,0.8622552156448364,0.5942468643188477,-0.004190986044704914,0.8010722994804382,0.5442346334457397,-0.02494642697274685,0.7394730448722839,0.5700842142105103,-0.04320449382066727,0.7017611265182495,0.6212090253829956,-0.06670428067445755,0.8084816336631775,0.5263919234275818,-0.07536474615335464,0.7092547416687012,0.5282852649688721,-0.0946439728140831,0.6551890969276428,0.5445972084999084,-0.10506600141525269,0.6158146262168884,0.5572649240493774,-0.11211791634559631,0.8172497749328613,0.6131325960159302,-0.08287070691585541,0.7084622383117676,0.6136671900749207,-0.10156144946813583,0.6463279128074646,0.6095961928367615,-0.10567457228899002,0.6005427837371826,0.6099141240119934,-0.11249202489852905,0.8164365291595459,0.6991626620292664,-0.08405636996030807,0.7176121473312378,0.6854391694068909,-0.09243113547563553,0.7281342148780823,0.6687077879905701,-0.07834513485431671,0.7519428730010986,0.6607702374458313,-0.07084180414676666,0.8086652755737305,0.7727494239807129,-0.08436228334903717,0.7255661487579346,0.7381969690322876,-0.08782898634672165,0.7322545051574707,0.7164202928543091,-0.07064615935087204,0.7559009790420532,0.7024130821228027,-0.05910586565732956
30,0.5805622935295105,0.7065451741218567,1.4675052284474077e-07,0.5629072189331055,0.6165205836296082,-0.0033710449934005737,0.5158955454826355,0.5692241787910461,-0.017287854105234146,0.4693896174430847,0.5648020505905151,-0.029871560633182526,0.4386015236377716,0.5642151832580566,-0.04612363874912262,0.5035338401794434,0.5682214498519897,-0.05375617742538452,0.4264295995235443,0.5710317492485046,-0.07006733864545822,0.38261348009109497,0.5758053660392761,-0.08043394237756729,0.3511810302734375,0.5778924822807312,-0.08812929689884186,0.5055931806564331,0.6350159645080566,-0.05818580836057663,0.41926491260528564,0.6314020752906799,-0.07327128946781158,0.37038201093673706,0.6176915168762207,-0.08016350865364075,0.33616238832473755,0.6131188273429871,-0.0881400927901268,0.5078813433647156,0.7029272317886353,-0.05780772119760513,0.44045111536979675,0.6884855031967163,-0.06348945200443268,0.4541577100753784,0.6762957572937012,-0.05292389169335365,0.4759635031223297,0.6727399230003357,-0.04691294580698013,0.509740948677063,0.7589343190193176,-0.05703812837600708,0.45293059945106506,0.7320523858070374,-0.06113845854997635,0.4643096327781677,0.718951940536499,-0.050020430237054825,0.48501336574554443,0.7131288647651672,-0.04180831089615822,0.892560601234436,0.708854615688324,-1.9508938464696257e-08,0.8622552156448364,0.5942468643188477,-0.004190986044704914,0.8010722994804382,0.5442346334457397,-0.02494642697274685,0.7394730448722839,0.5700842142105103,-0.04320449382066727,0.7017611265182495,0.6212090253829956,-0.06670428067445755,0.8084816336631775,0.5263919234275818,-0.07536474615335464,0.7092547416687012,0.5282852649688721,-0.0946439728140831,0.6551890969276428,0.5445972084999084,-0.10506600141525269,0.6158146262168884,0.5572649240493774,-0.11211791634559631,0.8172497749328613,0.6131325960159302,-0.08287070691585541,0.7084622383117676,0.6136671900749207,-0.10156144946813583,0.6463279128074646,0.6095961928367615,-0.10567457228899002,0.6005427837371826,0.6099141240119934,-0.11249202489852905,0.8164365291595459,0.6991626620292664,-0.08405636996030807,0.7176121473312378,0.6854391694068909,-0.09243113547563553,0.7281342148780823,0.6687077879905701,-0.07834513485431671,0.7519428730010986,0.6607702374458313,-0.07084180414676666,0.8086652755737305,0.7727494239807129,-0.08436228334903717,0.7255661487579346,0.7381969690322876,-0.08782898634672165,0.7322545051574707,0.7164202928543091,-0.07064615935087204,0.7559009790420532,0.7024130821228027,-0.05910586565732956
31,0.5787418484687805,0.7087757587432861,1.603837915808981e-07,0.5616172552108765,0.6167724132537842,-0.0009754042257554829,0.5155245065689087,0.5682417154312134,-0.014672336168587208,0.469658762216568,0.561844527721405,-0.027437834069132805,0.4382917284965515,0.5582261085510254,-0.043736305087804794,0.5034390091896057,0.5682564973831177,-0.05318601056933403,0.42671018838882446,0.5710093975067139,-0.07063089311122894,0.3819026052951813,0.5752444267272949,-0.08193723112344742,0.35001564025878906,0.5762001276016235,-0.09030680358409882,0.5052914023399353,0.6354234218597412,-0.058346301317214966,0.4180528521537781,0.6295922994613647,-0.07512307912111282,0.36894115805625916,0.6129837036132812,-0.08292829245328903,0.33531877398490906,0.6070112586021423,-0.09140226989984512,0.5071575045585632,0.7031586170196533,-0.0582645982503891,0.4392736852169037,0.6859747767448425,-0.06386863440275192,0.45302045345306396,0.6737523078918457,-0.05152864754199982,0.47511789202690125,0.670519232749939,-0.04413300380110741,0.5084365606307983,0.7582662105560303,-0.05763958394527435,0.451877236366272,0.7290861010551453,-0.06101255118846893,0.46350598335266113,0.7167066335678101,-0.04856085032224655,0.48402202129364014,0.711675763130188,-0.03920987620949745,0.8922911882400513,0.716164231300354,-2.7391141799171237e-08,0.8616381287574768,0.5976314544677734,-0.003683253889903426,0.8006297945976257,0.5484806299209595,-0.024919485673308372,0.7400287985801697,0.5761386752128601,-0.043164778500795364,0.7033048868179321,0.6308823823928833,-0.0666981190443039,0.8071364760398865,0.5342831015586853,-0.07770885527133942,0.7090389728546143,0.5387744903564453,-0.09707865118980408,0.6544551253318787,0.5553216934204102,-0.10711336135864258,0.6145011186599731,0.5676853656768799,-0.11364899575710297,0.8167268633842468,0.6219561100006104,-0.08430460840463638,0.7064486145973206,0.6267464756965637,-0.10300805419683456,0.642753005027771,0.6224279999732971,-0.1061091348528862,0.5971190929412842,0.6222627758979797,-0.11182744801044464,0.8162904381752014,0.7072268128395081,-0.08412602543830872,0.7169736623764038,0.6920723915100098,-0.09110846370458603,0.7230086922645569,0.671054482460022,-0.07539614289999008,0.744259238243103,0.658808171749115,-0.06664831936359406,0.8086802959442139,0.7800320386886597,-0.08298015594482422,0.7251725792884827,0.7458207607269287,-0.0849391520023346,0.7278222441673279,0.7189022898674011,-0.06691038608551025,0.7483774423599243,0.6977968811988831,-0.05453186854720116
32,0.5802997946739197,0.7086078524589539,1.214162210771974e-07,0.5635718703269958,0.6155357956886292,-0.0015007710317149758,0.5168254375457764,0.565838098526001,-0.014787733554840088,0.4702817499637604,0.5620115399360657,-0.026848988607525826,0.4380062520503998,0.5654923915863037,-0.042438726872205734,0.5030168294906616,0.5664652585983276,-0.05254310369491577,0.4269612431526184,0.568199872970581,-0.06870058178901672,0.3833840489387512,0.5745046138763428,-0.0787941962480545,0.3520381450653076,0.5771600604057312,-0.08628739416599274,0.5053327679634094,0.6346281170845032,-0.05757332965731621,0.4195603132247925,0.6299304962158203,-0.0729607492685318,0.37097465991973877,0.6162895560264587,-0.07952620089054108,0.3368251919746399,0.6126711368560791,-0.08718369901180267,0.507678210735321,0.7031657099723816,-0.05751721188426018,0.4409767985343933,0.6872150301933289,-0.06304486840963364,0.456223726272583,0.6766939759254456,-0.05094529688358307,0.4783742427825928,0.673827052116394,-0.04374965280294418,0.509762704372406,0.7594175934791565,-0.05689712241292,0.4529165029525757,0.7304012179374695,-0.06009384244680405,0.4653541147708893,0.7203471660614014,-0.04716687649488449,0.4862246811389923,0.7171375751495361,-0.03758272901177406,0.8920257687568665,0.7127296328544617,4.550924082025176e-09,0.8606983423233032,0.5980262756347656,-0.004217070993036032,0.7990829944610596,0.5495212078094482,-0.025730988010764122,0.7371239066123962,0.5751894116401672,-0.04436580464243889,0.698328971862793,0.6260197162628174,-0.06807848066091537,0.8073195815086365,0.5354387164115906,-0.07891201972961426,0.7068374156951904,0.5394856929779053,-0.09860150516033173,0.6531624794006348,0.5556126832962036,-0.10860220342874527,0.6136749982833862,0.5677862763404846,-0.11525395512580872,0.8159080743789673,0.6223942041397095,-0.08619415760040283,0.7068247199058533,0.6237308979034424,-0.10550512373447418,0.645371675491333,0.6200796961784363,-0.10858625918626785,0.600693941116333,0.6205354332923889,-0.11438016593456268,0.815337598323822,0.7081838846206665,-0.08689913898706436,0.7165534496307373,0.6923490166664124,-0.0949769988656044,0.7245721220970154,0.6744360327720642,-0.07934275269508362,0.7465919256210327,0.6656793355941772,-0.07071889191865921,0.8079784512519836,0.7812473773956299,-0.08675432205200195,0.7253392934799194,0.7462983131408691,-0.08953100442886353,0.7292268872261047,0.7224113941192627,-0.07178071141242981,0.7502463459968567,0.7058136463165283,-0.05979713425040245
33,0.5771028399467468,0.7064462304115295,1.45923152672367e-07,0.5588182210922241,0.6169630289077759,-0.002331486204639077,0.5137151479721069,0.567482590675354,-0.015898974612355232,0.4713464081287384,0.5510324239730835,-0.028055669739842415,0.44106513261795044,0.5263792276382446,-0.04309585317969322,0.5031818747520447,0.5658442378044128,-0.05313780903816223,0.427223801612854,0.5702747702598572,-0.07025556266307831,0.3820250630378723,0.5756902694702148,-0.08018723875284195,0.3514997959136963,0.5745552778244019,-0.08778776228427887,0.5058234930038452,0.631838858127594,-0.05765683576464653,0.41870662569999695,0.6279166340827942,-0.07610540091991425,0.37148886919021606,0.613071620464325,-0.0834801122546196,0.34199294447898865,0.60633784532547,-0.09113254398107529,0.5087291598320007,0.7000598311424255,-0.057058185338974,0.4409317672252655,0.6857821345329285,-0.06429355591535568,0.4532788097858429,0.6794108152389526,-0.049754928797483444,0.47519028186798096,0.6769641041755676,-0.040235236287117004,0.5106356739997864,0.7568352222442627,-0.056031547486782074,0.4540434777736664,0.7302646040916443,-0.061346910893917084,0.46484601497650146,0.7213054299354553,-0.04829850047826767,0.48479461669921875,0.7172762751579285,-0.0377296507358551,0.8978437185287476,0.7045732736587524,-5.8950497816567804e-08,0.864234983921051,0.5868327617645264,-0.0023164241574704647,0.80302894115448,0.53300940990448,-0.02326359413564205,0.7409398555755615,0.5576300621032715,-0.04175567254424095,0.7020294666290283,0.6121258735656738,-0.06592434644699097,0.8126311898231506,0.5202035307884216,-0.07886386662721634,0.7107097506523132,0.530560314655304,-0.09933175146579742,0.6550452709197998,0.5512492656707764,-0.10990162193775177,0.614284336566925,0.5655040144920349,-0.11701977998018265,0.8228822946548462,0.6100948452949524,-0.08676943182945251,0.7073148488998413,0.6180868148803711,-0.10535132884979248,0.6432321667671204,0.6188338994979858,-0.107791006565094,0.5966755151748657,0.6241862177848816,-0.11354062706232071,0.8223761320114136,0.699759840965271,-0.08777565509080887,0.7199959754943848,0.6881980895996094,-0.09470624476671219,0.7327986359596252,0.6713081002235413,-0.07653828710317612,0.7579789161682129,0.6636762619018555,-0.0663849338889122,0.8144404292106628,0.7770817279815674,-0.0878414437174797,0.7305814027786255,0.7421681880950928,-0.09113694727420807,0.7388067245483398,0.7194538116455078,-0.07206545770168304,0.7617818117141724,0.7043386697769165,-0.058775708079338074
34,0.5771028399467468,0.7064462304115295,1.45923152672367e-07,0.5588182210922241,0.6169630289077759,-0.002331486204639077,0.5137151479721069,0.567482590675354,-0.015898974612355232,0.4713464081287384,0.5510324239730835,-0.028055669739842415,0.44106513261795044,0.5263792276382446,-0.04309585317969322,0.5031818747520447,0.5658442378044128,-0.05313780903816223,0.427223801612854,0.5702747702598572,-0.07025556266307831,0.3820250630378723,0.5756902694702148,-0.08018723875284195,0.3514997959136963,0.5745552778244019,-0.08778776228427887,0.5058234930038452,0.631838858127594,-0.05765683576464653,0.41870662569999695,0.6279166340827942,-0.07610540091991425,0.37148886919021606,0.613071620464325,-0.0834801122546196,0.34199294447898865,0.60633784532547,-0.09113254398107529,0.5087291598320007,0.7000598311424255,-0.057058185338974,0.4409317672252655,0.6857821345329285,-0.06429355591535568,0.4532788097858429,0.6794108152389526,-0.049754928797483444,0.47519028186798096,0.6769641041755676,-0.040235236287117004,0.5106356739997864,0.7568352222442627,-0.056031547486782074,0.4540434777736664,0.7302646040916443,-0.061346910893917084,0.46484601497650146,0.7213054299354553,-0.04829850047826767,0.48479461669921875,0.7172762751579285,-0.0377296507358551,0.8978437185287476,0.7045732736587524,-5.8950497816567804e-08,0.864234983921051,0.5868327617645264,-0.0023164241574704647,0.80302894115448,0.53300940990448,-0.02326359413564205,0.7409398555755615,0.5576300621032715,-0.04175567254424095,0.7020294666290283,0.6121258735656738,-0.06592434644699097,0.8126311898231506,0.5202035307884216,-0.07886386662721634,0.7107097506523132,0.530560314655304,-0.09933175146579742,0.6550452709197998,0.5512492656707764,-0.10990162193775177,0.614284336566925,0.5655040144920349,-0.11701977998018265,0.8228822946548462,0.6100948452949524,-0.08676943182945251,0.7073148488998413,0.6180868148803711,-0.10535132884979248,0.6432321667671204,0.6188338994979858,-0.107791006565094,0.5966755151748657,0.6241862177848816,-0.11354062706232071,0.8223761320114136,0.699759840965271,-0.08777565509080887,0.7199959754943848,0.6881980895996094,-0.09470624476671219,0.7327986359596252,0.6713081002235413,-0.07653828710317612,0.7579789161682129,0.6636762619018555,-0.0663849338889122,0.8144404292106628,0.7770817279815674,-0.0878414437174797,0.7305814027786255,0.7421681880950928,-0.09113694727420807,0.7388067245483398,0.7194538116455078,-0.07206545770168304,0.7617818117141724,0.7043386697769165,-0.058775708079338074
35,0.5771471858024597,0.695020318031311,2.2779630626246217e-07,0.5596818923950195,0.6120502352714539,-0.0024654956068843603,0.5138221383094788,0.5705335736274719,-0.016553228721022606,0.46996206045150757,0.5690909028053284,-0.029495174065232277,0.43924733996391296,0.5675098896026611,-0.045726340264081955,0.5030940771102905,0.5635475516319275,-0.05290907248854637,0.42780765891075134,0.5730375051498413,-0.07086002826690674,0.38482803106307983,0.5782417058944702,-0.08235769718885422,0.3543705344200134,0.5772126913070679,-0.09076163172721863,0.5052791833877563,0.6314282417297363,-0.05857246369123459,0.41994714736938477,0.6299178600311279,-0.07615971565246582,0.3734035789966583,0.6174677014350891,-0.0845014899969101,0.3434281349182129,0.6142773628234863,-0.0925719365477562,0.5085111260414124,0.7001262903213501,-0.059330523014068604,0.4414689242839813,0.6889316439628601,-0.06708724051713943,0.4567933678627014,0.67979496717453,-0.05528571829199791,0.47884702682495117,0.6749052405357361,-0.047278665006160736,0.5117880702018738,0.7572599053382874,-0.059567950665950775,0.45613881945610046,0.7343166470527649,-0.06390399485826492,0.4689688980579376,0.7231106758117676,-0.05082518607378006,0.4889378547668457,0.7178894281387329,-0.04054301604628563,0.901240348815918,0.6963616013526917,-7.128923584787117e-08,0.8677448630332947,0.5762921571731567,-0.004412202630192041,0.8049253821372986,0.5230490565299988,-0.026859324425458908,0.7400005459785461,0.5504856705665588,-0.04648161679506302,0.7005796432495117,0.6084580421447754,-0.07177914679050446,0.8148634433746338,0.5065799951553345,-0.08074069768190384,0.7130914926528931,0.5167193412780762,-0.10253728181123734,0.6560855507850647,0.5377973914146423,-0.11426826566457748,0.6143347024917603,0.5532426834106445,-0.12206673622131348,0.8252538442611694,0.5969155430793762,-0.08794032782316208,0.7097260355949402,0.6068174242973328,-0.10765480995178223,0.6442548036575317,0.6080186367034912,-0.1112656518816948,0.596703827381134,0.6136803030967712,-0.11793261021375656,0.8248699903488159,0.6860806345939636,-0.08842547237873077,0.720061719417572,0.6762535572052002,-0.0961095467209816,0.7320361137390137,0.6600309014320374,-0.07847321778535843,0.7572066187858582,0.6521028280258179,-0.06883218884468079,0.8165057897567749,0.7627009153366089,-0.08815940469503403,0.7303940057754517,0.7291946411132812,-0.09185457974672318,0.7375650405883789,0.706429123878479,-0.07311923801898956,0.7600340843200684,0.6895443201065063,-0.06023147702217102
36,0.5782038569450378,0.7005236148834229,1.905083308884059e-07,0.5600014925003052,0.6157274842262268,-0.003258167300373316,0.5135996341705322,0.5688008069992065,-0.01746237836778164,0.46907946467399597,0.5576056241989136,-0.030302230268716812,0.4374854564666748,0.5431398153305054,-0.0465199276804924,0.5046209692955017,0.5659641027450562,-0.05381111800670624,0.4289552867412567,0.5708662867546082,-0.07153769582509995,0.3848786950111389,0.5751850605010986,-0.08278881758451462,0.35424700379371643,0.573476254940033,-0.09128440916538239,0.5070719718933105,0.6311897039413452,-0.058722395449876785,0.4206250309944153,0.6270375847816467,-0.0761185958981514,0.37334930896759033,0.6128538846969604,-0.08403060585260391,0.34259557723999023,0.6056074500083923,-0.09231436252593994,0.5098352432250977,0.6983155012130737,-0.058788593858480453,0.44116875529289246,0.6864342093467712,-0.06595242023468018,0.4537872076034546,0.6791058778762817,-0.053744878619909286,0.47529280185699463,0.6753400564193726,-0.046058181673288345,0.5119216442108154,0.7550554871559143,-0.058478016406297684,0.45490336418151855,0.730933666229248,-0.06369945406913757,0.4659010171890259,0.7204892635345459,-0.05174287408590317,0.4861365258693695,0.7156175374984741,-0.04235726222395897,0.8974862694740295,0.688156247138977,-1.127169468873035e-08,0.8628941774368286,0.5712165236473083,-0.008102666586637497,0.800741970539093,0.5211972594261169,-0.032855670899152756,0.7365895509719849,0.5515093207359314,-0.05431376025080681,0.6965571045875549,0.6139523386955261,-0.08138047903776169,0.8141080737113953,0.5054641366004944,-0.0845613181591034,0.7110236287117004,0.5137835741043091,-0.10720253735780716,0.6552384495735168,0.5338494181632996,-0.11899466812610626,0.6139258742332458,0.5472733974456787,-0.12681151926517487,0.8238598108291626,0.5956783294677734,-0.09155730158090591,0.7110531330108643,0.6001937389373779,-0.11310848593711853,0.6476098299026489,0.601543128490448,-0.11756939440965652,0.6013949513435364,0.6053454875946045,-0.12449353188276291,0.8237464427947998,0.6836776733398438,-0.09229978173971176,0.7182834148406982,0.6748515367507935,-0.10423146933317184,0.7299614548683167,0.6603842377662659,-0.08958792686462402,0.755607008934021,0.6526937484741211,-0.08119090646505356,0.8146758675575256,0.7589974403381348,-0.09241533279418945,0.7289465665817261,0.7277008295059204,-0.09916586428880692,0.7343184947967529,0.7055602073669434,-0.08268766850233078,0.7557327747344971,0.6895549297332764,-0.07140748202800751
37,0.5767145156860352,0.6978898048400879,2.153688996031633e-07,0.559177577495575,0.6115977168083191,-0.004353510215878487,0.5136755704879761,0.5644696354866028,-0.018493182957172394,0.4688427746295929,0.5558832287788391,-0.031133951619267464,0.43831098079681396,0.5442221164703369,-0.046902816742658615,0.5033778548240662,0.5657073855400085,-0.0532720610499382,0.42797356843948364,0.5715867280960083,-0.07089192420244217,0.38472187519073486,0.5763666033744812,-0.08168070018291473,0.3543086051940918,0.5750316381454468,-0.08953119814395905,0.5053215622901917,0.6328181028366089,-0.05773744359612465,0.42026299238204956,0.627367377281189,-0.07511628419160843,0.3735142946243286,0.6130246520042419,-0.08284150063991547,0.34282737970352173,0.6074617505073547,-0.09037864208221436,0.5080928206443787,0.700310468673706,-0.057606615126132965,0.44008612632751465,0.6868486404418945,-0.06585964560508728,0.4540695548057556,0.6770379543304443,-0.05441780760884285,0.4758155047893524,0.6724297404289246,-0.046483710408210754,0.5104838609695435,0.756510317325592,-0.0570850633084774,0.45481744408607483,0.7308261394500732,-0.062269460409879684,0.4667504131793976,0.7194276452064514,-0.050106365233659744,0.4868377149105072,0.7145353555679321,-0.040334302932024,0.9019948840141296,0.675305962562561,4.112350637797135e-08,0.8651214838027954,0.5660465359687805,-0.009454529732465744,0.8035852909088135,0.5147203207015991,-0.03393500670790672,0.7415699362754822,0.5395258069038391,-0.055275045335292816,0.7048597931861877,0.5985551476478577,-0.08165626227855682,0.8190363645553589,0.4986056685447693,-0.08164691925048828,0.7149007320404053,0.5109041929244995,-0.10296883434057236,0.6600944399833679,0.5292214751243591,-0.11423694342374802,0.6176820993423462,0.5394539833068848,-0.1225024089217186,0.8290814161300659,0.5912742614746094,-0.08965983986854553,0.716153621673584,0.5959861278533936,-0.11069539189338684,0.6527297496795654,0.596708357334137,-0.1163281500339508,0.6066919565200806,0.6010974645614624,-0.12471739202737808,0.828976035118103,0.6812731623649597,-0.09195151925086975,0.7244077920913696,0.6663717031478882,-0.10593020170927048,0.7374072670936584,0.6490395069122314,-0.09313733130693436,0.763098955154419,0.6419817209243774,-0.08590221405029297,0.8199487328529358,0.7581409811973572,-0.09383732080459595,0.7352966666221619,0.7241812944412231,-0.10261993110179901,0.7428430914878845,0.7017529010772705,-0.08775833994150162,0.7645085453987122,0.6892954111099243,-0.07793966680765152
38,0.5767145156860352,0.6978898048400879,2.153688996031633e-07,0.559177577495575,0.6115977168083191,-0.004353510215878487,0.5136755704879761,0.5644696354866028,-0.018493182957172394,0.4688427746295929,0.5558832287788391,-0.031133951619267464,0.43831098079681396,0.5442221164703369,-0.046902816742658615,0.5033778548240662,0.5657073855400085,-0.0532720610499382,0.42797356843948364,0.5715867280960083,-0.07089192420244217,0.38472187519073486,0.5763666033744812,-0.08168070018291473,0.3543086051940918,0.5750316381454468,-0.08953119814395905,0.5053215622901917,0.6328181028366089,-0.05773744359612465,0.42026299238204956,0.627367377281189,-0.07511628419160843,0.3735142946243286,0.6130246520042419,-0.08284150063991547,0.34282737970352173,0.6074617505073547,-0.09037864208221436,0.5080928206443787,0.700310468673706,-0.057606615126132965,0.44008612632751465,0.6868486404418945,-0.06585964560508728,0.4540695548057556,0.6770379543304443,-0.05441780760884285,0.4758155047893524,0.6724297404289246,-0.046483710408210754,0.5104838609695435,0.756510317325592,-0.0570850633084774,0.45481744408607483,0.7308261394500732,-0.062269460409879684,0.4667504131793976,0.7194276452064514,-0.050106365233659744,0.4868377149105072,0.7145353555679321,-0.040334302932024,0.9019948840141296,0.675305962562561,4.112350637797135e-08,0.8651214838027954,0.5660465359687805,-0.009454529732465744,0.8035852909088135,0.5147203207015991,-0.03393500670790672,0.7415699362754822,0.5395258069038391,-0.055275045335292816,0.7048597931861877,0.5985551476478577,-0.08165626227855682,0.8190363645553589,0.4986056685447693,-0.08164691925048828,0.7149007320404053,0.5109041929244995,-0.10296883434057236,0.6600944399833679,0.5292214751243591,-0.11423694342374802,0.6176820993423462,0.5394539833068848,-0.1225024089217186,0.8290814161300659,0.5912742614746094,-0.08965983986854553,0.716153621673584,0.5959861278533936,-0.11069539189338684,0.6527297496795654,0.596708357334137,-0.1163281500339508,0.6066919565200806,0.6010974645614624,-0.12471739202737808,0.828976035118103,0.6812731623649597,-0.09195151925086975,0.7244077920913696,0.6663717031478882,-0.10593020170927048,0.7374072670936584,0.6490395069122314,-0.09313733130693436,0.763098955154419,0.6419817209243774,-0.08590221405029297,0.8199487328529358,0.7581409811973572,-0.09383732080459595,0.7352966666221619,0.7241812944412231,-0.10261993110179901,0.7428430914878845,0.7017529010772705,-0.08775833994150162,0.7645085453987122,0.6892954111099243,-0.07793966680765152
39,0.5758711099624634,0.6961296796798706,2.1237832470433204e-07,0.5574512481689453,0.6107385158538818,-0.0023918752558529377,0.5133181810379028,0.5637539625167847,-0.016649533063173294,0.46915799379348755,0.5543017983436584,-0.02957235835492611,0.43932515382766724,0.5414809584617615,-0.045609720051288605,0.5029926300048828,0.5654201507568359,-0.05497778579592705,0.4272506833076477,0.5712264180183411,-0.07355652004480362,0.3842248320579529,0.5767236351966858,-0.08449458330869675,0.3541664481163025,0.5766463875770569,-0.09231318533420563,0.505540668964386,0.6316310167312622,-0.06026570871472359,0.41947975754737854,0.6269643902778625,-0.07872999459505081,0.3729279637336731,0.6144276857376099,-0.08608011156320572,0.34305864572525024,0.6103256940841675,-0.09321489930152893,0.5087330937385559,0.6992032527923584,-0.06053714081645012,0.4400487244129181,0.686704695224762,-0.06758376955986023,0.4531658887863159,0.677657961845398,-0.053613174706697464,0.47464337944984436,0.6729008555412292,-0.044234275817871094,0.5116667747497559,0.7559514045715332,-0.06043260544538498,0.45481279492378235,0.7318830490112305,-0.06400369852781296,0.4655223786830902,0.7206538319587708,-0.050060853362083435,0.48496633768081665,0.7156328558921814,-0.03906823322176933,0.9136120676994324,0.6923445463180542,-2.899451700955069e-08,0.8778765201568604,0.5730368494987488,-0.006347451824694872,0.8184551000595093,0.5217286944389343,-0.029803171753883362,0.7569134831428528,0.5490477681159973,-0.05041657015681267,0.7186792492866516,0.6070787906646729,-0.07622120529413223,0.8263986706733704,0.5037366151809692,-0.07884962856769562,0.7257708311080933,0.5117751955986023,-0.10007549822330475,0.6695668697357178,0.530229389667511,-0.11208035051822662,0.6279886960983276,0.5436312556266785,-0.12022224813699722,0.8392476439476013,0.5938683748245239,-0.08623897284269333,0.724631130695343,0.6025253534317017,-0.10709335654973984,0.659999668598175,0.60159832239151,-0.11277324706315994,0.6142866611480713,0.6051331162452698,-0.12088285386562347,0.839682936668396,0.6817046403884888,-0.08731891214847565,0.7338851094245911,0.6714242696762085,-0.09680287539958954,0.7425105571746826,0.6546390056610107,-0.08132877945899963,0.7654846906661987,0.6456428170204163,-0.07292097061872482,0.8309293985366821,0.7557827830314636,-0.08781248331069946,0.7431013584136963,0.7236009836196899,-0.09141809493303299,0.7467515468597412,0.6989661455154419,-0.07318153232336044,0.7666069269180298,0.680115818977356,-0.06095787510275841
40,0.5792442560195923,0.7024398446083069,1.432843106385917e-07,0.5620059370994568,0.6141075491905212,-0.004182904493063688,0.5155535340309143,0.5639705061912537,-0.018414858728647232,0.4695546627044678,0.5503262877464294,-0.03132868930697441,0.4394703805446625,0.5287653803825378,-0.04757055640220642,0.5038787126541138,0.5667905211448669,-0.053360749036073685,0.427409827709198,0.5687490701675415,-0.07138051837682724,0.38332217931747437,0.5735793709754944,-0.08260983973741531,0.3518049716949463,0.5758715867996216,-0.0905674397945404,0.5048923492431641,0.6324077248573303,-0.05770649388432503,0.4192277789115906,0.626239001750946,-0.07414798438549042,0.3705090880393982,0.612563967704773,-0.08195635676383972,0.3363760709762573,0.6084317564964294,-0.0903109535574913,0.5070091485977173,0.6998283863067627,-0.057404931634664536,0.44062092900276184,0.6850872039794922,-0.06404517590999603,0.45615264773368835,0.6765680313110352,-0.05246380344033241,0.47783952951431274,0.6742168068885803,-0.045463863760232925,0.5094522833824158,0.755583643913269,-0.05684654042124748,0.45340877771377563,0.7297236919403076,-0.06121130287647247,0.46617674827575684,0.719948410987854,-0.04901327192783356,0.4867574870586395,0.7168505191802979,-0.03973538056015968,0.9131199717521667,0.7023133039474487,-6.096011162526338e-08,0.8760519027709961,0.5831872224807739,-0.005632068961858749,0.8143764138221741,0.536207914352417,-0.028740476816892624,0.7531195282936096,0.5696043372154236,-0.049624014645814896,0.7171419262886047,0.630415678024292,-0.075441874563694,0.8254384994506836,0.5082840919494629,-0.07420048117637634,0.7258521318435669,0.5176798701286316,-0.09661716967821121,0.6687228679656982,0.5395321846008301,-0.1103011816740036,0.6284642219543457,0.5551064014434814,-0.11989647150039673,0.8388474583625793,0.5979923009872437,-0.08254526555538177,0.7250509262084961,0.6088168621063232,-0.1027122214436531,0.6597461700439453,0.606869637966156,-0.10871008783578873,0.6134995222091675,0.6093761324882507,-0.11777057498693466,0.8400413393974304,0.687696635723114,-0.08520368486642838,0.7359086275100708,0.6828376650810242,-0.09411415457725525,0.7487162947654724,0.6668785810470581,-0.07753195613622665,0.7745741605758667,0.6582043170928955,-0.06891264766454697,0.8330552577972412,0.7652300596237183,-0.08761809021234512,0.7462253570556641,0.7381247282028198,-0.09244413673877716,0.7543649077415466,0.717309832572937,-0.07404208928346634,0.7781844735145569,0.7034066915512085,-0.061664946377277374
