frame,feature_0,feature_1,feature_2,feature_3,feature_4,feature_5,feature_6,feature_7,feature_8,feature_9,feature_10,feature_11,feature_12,feature_13,feature_14,feature_15,feature_16,feature_17,feature_18,feature_19,feature_20,feature_21,feature_22,feature_23,feature_24,feature_25,feature_26,feature_27,feature_28,feature_29,feature_30,feature_31,feature_32,feature_33,feature_34,feature_35,feature_36,feature_37,feature_38,feature_39,feature_40,feature_41,feature_42,feature_43,feature_44,feature_45,feature_46,feature_47,feature_48,feature_49,feature_50,feature_51,feature_52,feature_53,feature_54,feature_55,feature_56,feature_57,feature_58,feature_59,feature_60,feature_61,feature_62,feature_63,feature_64,feature_65,feature_66,feature_67,feature_68,feature_69,feature_70,feature_71,feature_72,feature_73,feature_74,feature_75,feature_76,feature_77,feature_78,feature_79,feature_80,feature_81,feature_82,feature_83,feature_84,feature_85,feature_86,feature_87,feature_88,feature_89,feature_90,feature_91,feature_92,feature_93,feature_94,feature_95,feature_96,feature_97,feature_98,feature_99,feature_100,feature_101,feature_102,feature_103,feature_104,feature_105,feature_106,feature_107,feature_108,feature_109,feature_110,feature_111,feature_112,feature_113,feature_114,feature_115,feature_116,feature_117,feature_118,feature_119,feature_120,feature_121,feature_122,feature_123,feature_124,feature_125
1,0.980979323387146,0.7789055705070496,1.3844332791279612e-08,0.9587721824645996,0.6839523315429688,-0.005606720689684153,0.9112939238548279,0.6424589157104492,-0.021993350237607956,0.8655657768249512,0.6568334102630615,-0.03600049391388893,0.8358942270278931,0.6982793807983398,-0.05334237590432167,0.9155260920524597,0.6413423418998718,-0.05722301825881004,0.838752269744873,0.6391797661781311,-0.07332705706357956,0.7948492765426636,0.6483478546142578,-0.08201774209737778,0.7620288729667664,0.6542033553123474,-0.08721233904361725,0.9207272529602051,0.7083486318588257,-0.061167161911726,0.8366297483444214,0.7052083015441895,-0.0767357274889946,0.786206066608429,0.6918617486953735,-0.08082491904497147,0.7509582042694092,0.6832588315010071,-0.08564754575490952,0.9181078672409058,0.7701749801635742,-0.06046470254659653,0.8425976634025574,0.7502826452255249,-0.06638767570257187,0.839390218257904,0.7302244901657104,-0.054615359753370285,0.8504166603088379,0.7178223729133606,-0.04712648689746857,0.9104202389717102,0.8196684122085571,-0.059567101299762726,0.849094808101654,0.787893533706665,-0.060314204543828964,0.8428628444671631,0.7630788087844849,-0.0465158075094223,0.8506967425346375,0.7450175285339355,-0.036468327045440674,0.6143895387649536,0.7070827484130859,-1.8460512762885628e-07,0.6123331189155579,0.6259685158729553,-0.0026214143726974726,0.5953947305679321,0.5611696243286133,-0.010956471785902977,0.5848763585090637,0.5191762447357178,-0.01903839409351349,0.5780597925186157,0.4840374290943146,-0.02944653108716011,0.5749544501304626,0.5561408400535583,-0.031296562403440475,0.5171443223953247,0.5439313650131226,-0.04273385927081108,0.4846932291984558,0.5410451292991638,-0.049134738743305206,0.46148180961608887,0.5348842740058899,-0.05374162271618843,0.5756562948226929,0.5996301174163818,-0.036520373076200485,0.5114625692367554,0.593420147895813,-0.0487460121512413,0.47714781761169434,0.5830171704292297,-0.05247002840042114,0.4500483274459839,0.5750079154968262,-0.05660532787442207,0.5752198696136475,0.6485569477081299,-0.03923992067575455,0.5263404846191406,0.6469066739082336,-0.047834403812885284,0.540341854095459,0.6557976007461548,-0.038322027772665024,0.5568898916244507,0.658759593963623,-0.031863488256931305,0.5740121603012085,0.6938772201538086,-0.04165639728307724,0.5325321555137634,0.6790515184402466,-0.04760592803359032,0.543165922164917,0.6825523972511292,-0.03643354773521423,0.5596204400062561,0.6836803555488586,-0.027213728055357933
2,0.981157660484314,0.7797347903251648,9.259695232799459e-10,0.9591034650802612,0.6873844861984253,-0.0054191420786082745,0.9134520292282104,0.6469748020172119,-0.02186371572315693,0.8677100539207458,0.663626492023468,-0.03599293529987335,0.8385753035545349,0.7059539556503296,-0.05348016321659088,0.9154548645019531,0.6384721398353577,-0.056892234832048416,0.8390313386917114,0.636187732219696,-0.07173868268728256,0.7954366207122803,0.6446728110313416,-0.08015243709087372,0.7633946537971497,0.6499208211898804,-0.08598349988460541,0.9220957159996033,0.7038578987121582,-0.0609118677675724,0.8367500901222229,0.6999897360801697,-0.07579130679368973,0.7860460877418518,0.6867334842681885,-0.08117068558931351,0.749530553817749,0.677902340888977,-0.08807837218046188,0.9199699759483337,0.7660304307937622,-0.06014721840620041,0.8439447283744812,0.748753011226654,-0.06481435894966125,0.8472960591316223,0.7323174476623535,-0.05375193804502487,0.8622682690620422,0.7235443592071533,-0.04797914996743202,0.9124319553375244,0.8167589902877808,-0.05920412018895149,0.8486256003379822,0.7856264114379883,-0.05954938009381294,0.8461921811103821,0.7637308835983276,-0.04639256000518799,0.8563083410263062,0.7481054067611694,-0.03775487467646599,0.6137344241142273,0.7045612335205078,-1.6954365378296643e-07,0.6114228367805481,0.622843325138092,-0.0027868440374732018,0.5936789512634277,0.559057891368866,-0.011507607065141201,0.5813047289848328,0.5228815078735352,-0.01980329118669033,0.5735266208648682,0.499792218208313,-0.030533550307154655,0.5754344463348389,0.5578189492225647,-0.0326397567987442,0.5181755423545837,0.5453219413757324,-0.043623730540275574,0.4864228367805481,0.5424631237983704,-0.04919157549738884,0.46419432759284973,0.5360808968544006,-0.05319599807262421,0.5761675238609314,0.6024197340011597,-0.03760550916194916,0.5124807357788086,0.5941057205200195,-0.04881668463349342,0.47958776354789734,0.5831345915794373,-0.051063619554042816,0.45360082387924194,0.5758160948753357,-0.054021842777729034,0.5756493210792542,0.6509287357330322,-0.040016770362854004,0.5263972282409668,0.6471497416496277,-0.047873709350824356,0.5396115183830261,0.6520742177963257,-0.03792329877614975,0.5554851293563843,0.6530777215957642,-0.03108418919146061,0.5741598606109619,0.6951050758361816,-0.0421517938375473,0.5333208441734314,0.6781003475189209,-0.04769951477646828,0.5437504053115845,0.6790458559989929,-0.03652310371398926,0.5599604249000549,0.6792929172515869,-0.02721719816327095
3,0.981157660484314,0.7797347903251648,9.259695232799459e-10,0.9591034650802612,0.6873844861984253,-0.0054191420786082745,0.9134520292282104,0.6469748020172119,-0.02186371572315693,0.8677100539207458,0.663626492023468,-0.03599293529987335,0.8385753035545349,0.7059539556503296,-0.05348016321659088,0.9154548645019531,0.6384721398353577,-0.056892234832048416,0.8390313386917114,0.636187732219696,-0.07173868268728256,0.7954366207122803,0.6446728110313416,-0.08015243709087372,0.7633946537971497,0.6499208211898804,-0.08598349988460541,0.9220957159996033,0.7038578987121582,-0.0609118677675724,0.8367500901222229,0.6999897360801697,-0.07579130679368973,0.7860460877418518,0.6867334842681885,-0.08117068558931351,0.749530553817749,0.677902340888977,-0.08807837218046188,0.9199699759483337,0.7660304307937622,-0.06014721840620041,0.8439447283744812,0.748753011226654,-0.06481435894966125,0.8472960591316223,0.7323174476623535,-0.05375193804502487,0.8622682690620422,0.7235443592071533,-0.04797914996743202,0.9124319553375244,0.8167589902877808,-0.05920412018895149,0.8486256003379822,0.7856264114379883,-0.05954938009381294,0.8461921811103821,0.7637308835983276,-0.04639256000518799,0.8563083410263062,0.7481054067611694,-0.03775487467646599,0.6137344241142273,0.7045612335205078,-1.6954365378296643e-07,0.6114228367805481,0.622843325138092,-0.0027868440374732018,0.5936789512634277,0.559057891368866,-0.011507607065141201,0.5813047289848328,0.5228815078735352,-0.01980329118669033,0.5735266208648682,0.499792218208313,-0.030533550307154655,0.5754344463348389,0.5578189492225647,-0.0326397567987442,0.5181755423545837,0.5453219413757324,-0.043623730540275574,0.4864228367805481,0.5424631237983704,-0.04919157549738884,0.46419432759284973,0.5360808968544006,-0.05319599807262421,0.5761675238609314,0.6024197340011597,-0.03760550916194916,0.5124807357788086,0.5941057205200195,-0.04881668463349342,0.47958776354789734,0.5831345915794373,-0.051063619554042816,0.45360082387924194,0.5758160948753357,-0.054021842777729034,0.5756493210792542,0.6509287357330322,-0.040016770362854004,0.5263972282409668,0.6471497416496277,-0.047873709350824356,0.5396115183830261,0.6520742177963257,-0.03792329877614975,0.5554851293563843,0.6530777215957642,-0.03108418919146061,0.5741598606109619,0.6951050758361816,-0.0421517938375473,0.5333208441734314,0.6781003475189209,-0.04769951477646828,0.5437504053115845,0.6790458559989929,-0.03652310371398926,0.5599604249000549,0.6792929172515869,-0.02721719816327095
4,0.9798080921173096,0.7795348763465881,4.416719878719277e-09,0.9587261080741882,0.6852790713310242,-0.005524293519556522,0.9120775461196899,0.6446976065635681,-0.021969299763441086,0.8658704161643982,0.6608896851539612,-0.03613513335585594,0.8366594314575195,0.7029434442520142,-0.05372428894042969,0.915439784526825,0.6390385627746582,-0.05689123645424843,0.8380193114280701,0.6368257403373718,-0.07232307642698288,0.7939768433570862,0.6447626352310181,-0.08105730265378952,0.7622069120407104,0.6508625149726868,-0.08687934279441833,0.921694815158844,0.7054848074913025,-0.06083540990948677,0.8364593982696533,0.6998478174209595,-0.07602984458208084,0.7853726148605347,0.6847406029701233,-0.08132059127092361,0.7488996386528015,0.6757546067237854,-0.08790145069360733,0.9197009205818176,0.7684509754180908,-0.06007533520460129,0.8439586162567139,0.7502347230911255,-0.06513787806034088,0.8445230722427368,0.7319047451019287,-0.05433620139956474,0.8578258156776428,0.7212395668029785,-0.04848780855536461,0.9123921394348145,0.8197464942932129,-0.05912663787603378,0.8489986062049866,0.7888292074203491,-0.05983422324061394,0.8443270325660706,0.7657357454299927,-0.047059450298547745,0.8530126214027405,0.7492520809173584,-0.03852319344878197,0.614687979221344,0.7063547372817993,-1.9575820431327884e-07,0.6110833287239075,0.6232559680938721,-0.003022911725565791,0.5938396453857422,0.5585036873817444,-0.01248912513256073,0.5842456817626953,0.521148681640625,-0.02155943773686886,0.5782623887062073,0.49339714646339417,-0.03297068551182747,0.5755943059921265,0.5555422306060791,-0.03370260074734688,0.518047034740448,0.54324871301651,-0.046138178557157516,0.4854958653450012,0.5417870283126831,-0.05307022109627724,0.4617646634578705,0.5367685556411743,-0.05797628313302994,0.5762799978256226,0.6000853776931763,-0.03924151510000229,0.5122844576835632,0.5917815566062927,-0.052285678684711456,0.4774057865142822,0.5813668966293335,-0.056527361273765564,0.4498681426048279,0.573298454284668,-0.06124289706349373,0.575632631778717,0.6489312052726746,-0.04221823439002037,0.5276870131492615,0.646014928817749,-0.05143895000219345,0.5417054891586304,0.6529140472412109,-0.043222859501838684,0.5586050748825073,0.6534019112586975,-0.0378900021314621,0.5741877555847168,0.6939157843589783,-0.04485372453927994,0.5325281620025635,0.6784559488296509,-0.050623975694179535,0.5434274673461914,0.679850697517395,-0.0400364026427269,0.5602954030036926,0.679023802280426,-0.031709134578704834
5,0.9811994433403015,0.7796670198440552,2.2056275028603523e-08,0.9600861072540283,0.683721661567688,-0.005092333536595106,0.9131367802619934,0.6410713791847229,-0.021089907735586166,0.8671214580535889,0.655685544013977,-0.03462138772010803,0.8377204537391663,0.6957529783248901,-0.05149079114198685,0.9153630137443542,0.6397146582603455,-0.0576976053416729,0.8360247611999512,0.6372222900390625,-0.07364984601736069,0.7911728024482727,0.6444676518440247,-0.0817350223660469,0.7584278583526611,0.6484639644622803,-0.08647052943706512,0.9209036231040955,0.707046389579773,-0.06176495924592018,0.8350681662559509,0.7023907899856567,-0.07715054601430893,0.783353865146637,0.6869401335716248,-0.08051249384880066,0.7471127510070801,0.6765325665473938,-0.08456619083881378,0.9186479449272156,0.7697441577911377,-0.061155930161476135,0.8424627780914307,0.7504907250404358,-0.06707745790481567,0.8387230038642883,0.728482186794281,-0.055365946143865585,0.8496884107589722,0.7145636677742004,-0.047601837664842606,0.9112429618835449,0.8211385011672974,-0.06021541729569435,0.8481740951538086,0.7891332507133484,-0.061248235404491425,0.8401555418968201,0.7634784579277039,-0.047725610435009,0.8468076586723328,0.7442924380302429,-0.037637531757354736,0.6137017011642456,0.7031086683273315,-1.6594577800788102e-07,0.6120818853378296,0.6243905425071716,-0.0021211234852671623,0.5945552587509155,0.5617362260818481,-0.00990845076739788,0.5829081535339355,0.5238467454910278,-0.01782621443271637,0.5757637619972229,0.49735701084136963,-0.028129594400525093,0.5743165016174316,0.5530362725257874,-0.027984002605080605,0.5174601674079895,0.542350709438324,-0.037797555327415466,0.4863843321800232,0.5408703088760376,-0.04282117635011673,0.4643988609313965,0.5361339449882507,-0.04655648395419121,0.5746473073959351,0.5969251394271851,-0.03354356065392494,0.511889636516571,0.5905342698097229,-0.044460229575634,0.4800651967525482,0.5807080268859863,-0.04746818542480469,0.4550931453704834,0.5738946199417114,-0.05082295089960098,0.5742484927177429,0.6455748677253723,-0.03682432696223259,0.5250961780548096,0.6438478231430054,-0.045424722135066986,0.5380676984786987,0.6516171097755432,-0.03664226084947586,0.5536404848098755,0.6546606421470642,-0.030270643532276154,0.5731931924819946,0.6902620792388916,-0.0397583469748497,0.5321252942085266,0.6744276881217957,-0.04630432277917862,0.5424267053604126,0.678013801574707,-0.035930484533309937,0.558422863483429,0.6797823905944824,-0.026967672631144524
6,0.9784254431724548,0.7785879969596863,-2.4702368150997245e-08,0.9580537676811218,0.686934769153595,-0.0017349169356748462,0.9126297235488892,0.6444057822227478,-0.016475750133395195,0.8652788400650024,0.6551740765571594,-0.030426979064941406,0.8342469930648804,0.6905900239944458,-0.04841098561882973,0.910206139087677,0.6345430612564087,-0.05072261020541191,0.8318127989768982,0.6327864527702332,-0.06738335639238358,0.786046028137207,0.6406671404838562,-0.07817354798316956,0.7541855573654175,0.6469765305519104,-0.08548173308372498,0.915457010269165,0.6985363364219666,-0.056296441704034805,0.8310545086860657,0.6949635148048401,-0.07126598060131073,0.7800096273422241,0.6827523708343506,-0.07734043896198273,0.7443474531173706,0.6791273355484009,-0.08444561064243317,0.9141416549682617,0.7621967196464539,-0.05716189742088318,0.8409767150878906,0.7474284172058105,-0.060895636677742004,0.8475589752197266,0.7394350171089172,-0.04785091429948807,0.8661695718765259,0.7378165125846863,-0.04046361520886421,0.908175528049469,0.8161404132843018,-0.05788630619645119,0.8453762531280518,0.7867910861968994,-0.05910357087850571,0.8457866907119751,0.7714595794677734,-0.0455034077167511,0.8601024150848389,0.7633874416351318,-0.03564056381583214,0.6105726361274719,0.7102103233337402,-2.381675869855826e-07,0.612934410572052,0.6253254413604736,-0.0024823173880577087,0.597305417060852,0.5598263740539551,-0.00926079973578453,0.584426760673523,0.5220039486885071,-0.015645571053028107,0.5743538737297058,0.4976910352706909,-0.02407519891858101,0.5787349343299866,0.5550605058670044,-0.027403678745031357,0.5217726826667786,0.5425322651863098,-0.036373235285282135,0.48975783586502075,0.5421385169029236,-0.04031888395547867,0.4674382507801056,0.5371178984642029,-0.042904265224933624,0.5766594409942627,0.5977070927619934,-0.03184233978390694,0.5151491761207581,0.5888683199882507,-0.04271581023931503,0.48087942600250244,0.5793156623840332,-0.045551151037216187,0.4536559283733368,0.5729091167449951,-0.04841245710849762,0.5741725564002991,0.6435518860816956,-0.03384136036038399,0.5281251668930054,0.6438260078430176,-0.04204203188419342,0.535340428352356,0.6507260203361511,-0.03374393284320831,0.5463701486587524,0.6547452807426453,-0.02761234901845455,0.5711694955825806,0.6867284178733826,-0.03552223742008209,0.5326089859008789,0.6735678911209106,-0.0406918004155159,0.5401139259338379,0.6777766346931458,-0.030133353546261787,0.5535904169082642,0.6810995936393738,-0.021035784855484962
7,0.9784254431724548,0.7785879969596863,-2.4702368150997245e-08,0.9580537676811218,0.686934769153595,-0.0017349169356748462,0.9126297235488892,0.6444057822227478,-0.016475750133395195,0.8652788400650024,0.6551740765571594,-0.030426979064941406,0.8342469930648804,0.6905900239944458,-0.04841098561882973,0.910206139087677,0.6345430612564087,-0.05072261020541191,0.8318127989768982,0.6327864527702332,-0.06738335639238358,0.786046028137207,0.6406671404838562,-0.07817354798316956,0.7541855573654175,0.6469765305519104,-0.08548173308372498,0.915457010269165,0.6985363364219666,-0.056296441704034805,0.8310545086860657,0.6949635148048401,-0.07126598060131073,0.7800096273422241,0.6827523708343506,-0.07734043896198273,0.7443474531173706,0.6791273355484009,-0.08444561064243317,0.9141416549682617,0.7621967196464539,-0.05716189742088318,0.8409767150878906,0.7474284172058105,-0.060895636677742004,0.8475589752197266,0.7394350171089172,-0.04785091429948807,0.8661695718765259,0.7378165125846863,-0.04046361520886421,0.908175528049469,0.8161404132843018,-0.05788630619645119,0.8453762531280518,0.7867910861968994,-0.05910357087850571,0.8457866907119751,0.7714595794677734,-0.0455034077167511,0.8601024150848389,0.7633874416351318,-0.03564056381583214,0.6105726361274719,0.7102103233337402,-2.381675869855826e-07,0.612934410572052,0.6253254413604736,-0.0024823173880577087,0.597305417060852,0.5598263740539551,-0.00926079973578453,0.584426760673523,0.5220039486885071,-0.015645571053028107,0.5743538737297058,0.4976910352706909,-0.02407519891858101,0.5787349343299866,0.5550605058670044,-0.027403678745031357,0.5217726826667786,0.5425322651863098,-0.036373235285282135,0.48975783586502075,0.5421385169029236,-0.04031888395547867,0.4674382507801056,0.5371178984642029,-0.042904265224933624,0.5766594409942627,0.5977070927619934,-0.03184233978390694,0.5151491761207581,0.5888683199882507,-0.04271581023931503,0.48087942600250244,0.5793156623840332,-0.045551151037216187,0.4536559283733368,0.5729091167449951,-0.04841245710849762,0.5741725564002991,0.6435518860816956,-0.03384136036038399,0.5281251668930054,0.6438260078430176,-0.04204203188419342,0.535340428352356,0.6507260203361511,-0.03374393284320831,0.5463701486587524,0.6547452807426453,-0.02761234901845455,0.5711694955825806,0.6867284178733826,-0.03552223742008209,0.5326089859008789,0.6735678911209106,-0.0406918004155159,0.5401139259338379,0.6777766346931458,-0.030133353546261787,0.5535904169082642,0.6810995936393738,-0.021035784855484962
8,0.9780476689338684,0.777953028678894,-5.419748916324352e-08,0.9613421559333801,0.6860969662666321,-0.003444004338234663,0.9142685532569885,0.64173424243927,-0.01710546389222145,0.8653167486190796,0.6468064785003662,-0.029925525188446045,0.8330312371253967,0.6750030517578125,-0.046713344752788544,0.911897599697113,0.6327592730522156,-0.04573979601264,0.8353879451751709,0.631862998008728,-0.06082078814506531,0.7902038097381592,0.6399652361869812,-0.07072225213050842,0.7594951391220093,0.6463691592216492,-0.07737979292869568,0.9167934656143188,0.6964191198348999,-0.050424836575984955,0.8334219455718994,0.6938933730125427,-0.06295861303806305,0.7848975658416748,0.6813300848007202,-0.06813757121562958,0.7517255544662476,0.6766618490219116,-0.07477837800979614,0.9155346751213074,0.7589783668518066,-0.05122038349509239,0.8423448801040649,0.7459142208099365,-0.05598879233002663,0.8492191433906555,0.7379238605499268,-0.04555352404713631,0.8678284287452698,0.737268328666687,-0.03969242423772812,0.9094268679618835,0.8122514486312866,-0.051862142980098724,0.8467988967895508,0.7838782072067261,-0.055362846702337265,0.8500310182571411,0.7699832320213318,-0.04379430040717125,0.8672847151756287,0.7639627456665039,-0.035096898674964905,0.6117990016937256,0.7112338542938232,-2.3817550243165897e-07,0.6123861074447632,0.6272954940795898,-0.0025280960835516453,0.5966424942016602,0.5627442002296448,-0.009313609451055527,0.585830807685852,0.5225948095321655,-0.01572422683238983,0.5793932676315308,0.4915740191936493,-0.02410981059074402,0.5782344341278076,0.5561366081237793,-0.02713979035615921,0.5216291546821594,0.5431472659111023,-0.03636164963245392,0.4895531237125397,0.5412310361862183,-0.04061223194003105,0.4671449363231659,0.5357340574264526,-0.04343196377158165,0.577345609664917,0.5981468558311462,-0.031326889991760254,0.515874981880188,0.5902992486953735,-0.042295340448617935,0.4831232726573944,0.5802062153816223,-0.04552696272730827,0.45706644654273987,0.5720601677894592,-0.04880870506167412,0.5760765671730042,0.6434552669525146,-0.033065784722566605,0.5276206731796265,0.6474710702896118,-0.040939148515462875,0.5355309247970581,0.6571487784385681,-0.03241955116391182,0.5476766228675842,0.6623729467391968,-0.02634514681994915,0.5738265514373779,0.6864826679229736,-0.03455217927694321,0.5337689518928528,0.6756749153137207,-0.03985690325498581,0.5411010980606079,0.6814979910850525,-0.029468398541212082,0.5550461411476135,0.6849247217178345,-0.020500443875789642
9,0.9781450629234314,0.7754349112510681,-5.902363042764591e-08,0.9619425535202026,0.6822408437728882,-0.0005314283189363778,0.917107880115509,0.6368405222892761,-0.012727627530694008,0.8703469634056091,0.642956554889679,-0.024753976613283157,0.8393001556396484,0.6737764477729797,-0.041082412004470825,0.9118273854255676,0.6290687322616577,-0.041912149637937546,0.8365651369094849,0.6279640197753906,-0.05575771629810333,0.7914028167724609,0.636058509349823,-0.06580707430839539,0.7600346803665161,0.6426174640655518,-0.07300475239753723,0.9169028997421265,0.6929548978805542,-0.0480966754257679,0.8344801068305969,0.6894406080245972,-0.05876285582780838,0.7856221199035645,0.6765958070755005,-0.064293272793293,0.7508072257041931,0.6717827320098877,-0.0719219371676445,0.9160573482513428,0.7560319900512695,-0.05021747946739197,0.8445056080818176,0.7420129776000977,-0.053261831402778625,0.8535454273223877,0.7354103326797485,-0.04337212070822716,0.8728908896446228,0.7359983921051025,-0.03865669667720795,0.9109957814216614,0.8100433945655823,-0.052010275423526764,0.8490194082260132,0.7808033227920532,-0.054370056837797165,0.8537138104438782,0.7684959769248962,-0.04262750223278999,0.8714783191680908,0.7636908888816833,-0.03439861163496971,0.6127395033836365,0.7068405151367188,-1.9092625791472528e-07,0.612178385257721,0.6263850927352905,-0.0016162669053301215,0.5935702323913574,0.5648636221885681,-0.008713948540389538,0.5790867209434509,0.5298194289207458,-0.01594647392630577,0.56849604845047,0.5100685954093933,-0.025575490668416023,0.5761438012123108,0.5555393695831299,-0.025234729051589966,0.5224436521530151,0.5434275269508362,-0.03402499854564667,0.4920494556427002,0.5432388782501221,-0.038294799625873566,0.47085949778556824,0.5394984483718872,-0.04119664430618286,0.5763755440711975,0.5969601273536682,-0.030485423281788826,0.5152896046638489,0.59138423204422,-0.0390959233045578,0.48383206129074097,0.5822234749794006,-0.04132283478975296,0.458465576171875,0.57505863904953,-0.04417155683040619,0.5760268568992615,0.6433148384094238,-0.033507511019706726,0.5270470976829529,0.6471304893493652,-0.040085319429636,0.5376797914505005,0.6565618515014648,-0.03180355951189995,0.5514145493507385,0.6604835987091064,-0.026063919067382812,0.5744657516479492,0.6866585612297058,-0.03620999678969383,0.5325912237167358,0.6744980216026306,-0.041293077170848846,0.5413988828659058,0.6789371371269226,-0.031144682317972183,0.5565652847290039,0.6815146207809448,-0.022413743659853935
10,0.9781450629234314,0.7754349112510681,-5.902363042764591e-08,0.9619425535202026,0.6822408437728882,-0.0005314283189363778,0.917107880115509,0.6368405222892761,-0.012727627530694008,0.8703469634056091,0.642956554889679,-0.024753976613283157,0.8393001556396484,0.6737764477729797,-0.041082412004470825,0.9118273854255676,0.6290687322616577,-0.041912149637937546,0.8365651369094849,0.6279640197753906,-0.05575771629810333,0.7914028167724609,0.636058509349823,-0.06580707430839539,0.7600346803665161,0.6426174640655518,-0.07300475239753723,0.9169028997421265,0.6929548978805542,-0.0480966754257679,0.8344801068305969,0.6894406080245972,-0.05876285582780838,0.7856221199035645,0.6765958070755005,-0.064293272793293,0.7508072257041931,0.6717827320098877,-0.0719219371676445,0.9160573482513428,0.7560319900512695,-0.05021747946739197,0.8445056080818176,0.7420129776000977,-0.053261831402778625,0.8535454273223877,0.7354103326797485,-0.04337212070822716,0.8728908896446228,0.7359983921051025,-0.03865669667720795,0.9109957814216614,0.8100433945655823,-0.052010275423526764,0.8490194082260132,0.7808033227920532,-0.054370056837797165,0.8537138104438782,0.7684959769248962,-0.04262750223278999,0.8714783191680908,0.7636908888816833,-0.03439861163496971,0.6127395033836365,0.7068405151367188,-1.9092625791472528e-07,0.612178385257721,0.6263850927352905,-0.0016162669053301215,0.5935702323913574,0.5648636221885681,-0.008713948540389538,0.5790867209434509,0.5298194289207458,-0.01594647392630577,0.56849604845047,0.5100685954093933,-0.025575490668416023,0.5761438012123108,0.5555393695831299,-0.025234729051589966,0.5224436521530151,0.5434275269508362,-0.03402499854564667,0.4920494556427002,0.5432388782501221,-0.038294799625873566,0.47085949778556824,0.5394984483718872,-0.04119664430618286,0.5763755440711975,0.5969601273536682,-0.030485423281788826,0.5152896046638489,0.59138423204422,-0.0390959233045578,0.48383206129074097,0.5822234749794006,-0.04132283478975296,0.458465576171875,0.57505863904953,-0.04417155683040619,0.5760268568992615,0.6433148384094238,-0.033507511019706726,0.5270470976829529,0.6471304893493652,-0.040085319429636,0.5376797914505005,0.6565618515014648,-0.03180355951189995,0.5514145493507385,0.6604835987091064,-0.026063919067382812,0.5744657516479492,0.6866585612297058,-0.03620999678969383,0.5325912237167358,0.6744980216026306,-0.041293077170848846,0.5413988828659058,0.6789371371269226,-0.031144682317972183,0.5565652847290039,0.6815146207809448,-0.022413743659853935
11,0.9795839786529541,0.7709129452705383,-2.081861794067663e-08,0.9586696624755859,0.6761166453361511,-0.002499914960935712,0.91086345911026,0.6323243975639343,-0.017328888177871704,0.8628656268119812,0.6456595063209534,-0.03072577342391014,0.8318382501602173,0.6835798025131226,-0.047958891838788986,0.9108431935310364,0.6231268048286438,-0.052818238735198975,0.831871747970581,0.6224410533905029,-0.06753896176815033,0.787379264831543,0.6294565796852112,-0.07599694281816483,0.7555438280105591,0.6331695318222046,-0.08190849423408508,0.9171388149261475,0.6903531551361084,-0.05837525427341461,0.8302544355392456,0.6876477599143982,-0.07305062562227249,0.7790520191192627,0.6753171682357788,-0.07756663113832474,0.7431256771087646,0.6690682172775269,-0.08342188596725464,0.9157894253730774,0.7560768127441406,-0.05914529040455818,0.8402485847473145,0.7397280931472778,-0.06393453478813171,0.8440981507301331,0.7260672450065613,-0.052099552005529404,0.8607633709907532,0.7202444076538086,-0.04524342715740204,0.9096648097038269,0.8102633953094482,-0.0595095232129097,0.8450613617897034,0.7788617014884949,-0.061171211302280426,0.8422216176986694,0.758268415927887,-0.048353444784879684,0.853743851184845,0.7448592782020569,-0.03917199745774269,0.6126488447189331,0.7071204781532288,-2.2521905407302256e-07,0.611296534538269,0.6283356547355652,-0.0006065856432542205,0.5956194400787354,0.5685319900512695,-0.006925986614078283,0.5865359902381897,0.5283322334289551,-0.013669471256434917,0.5804944634437561,0.4867987036705017,-0.022391697391867638,0.5777237415313721,0.5540005564689636,-0.02145129069685936,0.5239471793174744,0.5421438813209534,-0.029600685462355614,0.4928780794143677,0.5421463847160339,-0.03430001437664032,0.47078782320022583,0.5381708741188049,-0.03769770264625549,0.5757713913917542,0.5940712690353394,-0.02705508843064308,0.516079306602478,0.5864956974983215,-0.036786846816539764,0.48395267128944397,0.576780378818512,-0.0411931611597538,0.45848679542541504,0.5690342783927917,-0.046028152108192444,0.5740318298339844,0.6385385990142822,-0.030332358554005623,0.528093159198761,0.6416757106781006,-0.03693879395723343,0.5372153520584106,0.653684139251709,-0.028822222724556923,0.5499758124351501,0.6608474254608154,-0.023891035467386246,0.5718806385993958,0.6804991960525513,-0.03337642550468445,0.5335556864738464,0.6705507636070251,-0.03808128088712692,0.5420650243759155,0.6785706281661987,-0.027792273089289665,0.5558009743690491,0.68312668800354,-0.01946377195417881
12,0.9783573746681213,0.7700377106666565,-3.7796862528693964e-08,0.9580875635147095,0.6749177575111389,-0.0013568020658567548,0.9104664325714111,0.6311054825782776,-0.015273474156856537,0.8623641133308411,0.6442283987998962,-0.028824010863900185,0.8310239315032959,0.679867684841156,-0.0464702807366848,0.9072360396385193,0.6190451979637146,-0.046727992594242096,0.8272802829742432,0.619296669960022,-0.06182287260890007,0.7815468907356262,0.6264663934707642,-0.07154665142297745,0.7491162419319153,0.6302976012229919,-0.07840097695589066,0.912492036819458,0.6838961243629456,-0.05339692160487175,0.8259564638137817,0.6817770004272461,-0.06644196808338165,0.7758488655090332,0.6707902550697327,-0.07155496627092361,0.7403259873390198,0.6657313704490662,-0.07837080955505371,0.9112820029258728,0.748386561870575,-0.055783096700906754,0.8372517824172974,0.7369081377983093,-0.06011325865983963,0.8469040393829346,0.729811429977417,-0.04872315376996994,0.8674266934394836,0.7279603481292725,-0.04254664108157158,0.9058580994606018,0.8036696314811707,-0.057915784418582916,0.8426315784454346,0.7764469385147095,-0.06019562855362892,0.8483786582946777,0.7630696892738342,-0.04703110456466675,0.8671732544898987,0.756080150604248,-0.03757498785853386,0.6138834357261658,0.698509931564331,-1.4114701230028004e-07,0.610903263092041,0.6216056942939758,-0.0005059915129095316,0.5924110412597656,0.5597324967384338,-0.00680467439815402,0.5800417065620422,0.5217563509941101,-0.013481483794748783,0.5710747241973877,0.49565237760543823,-0.022977326065301895,0.5723821520805359,0.5512217283248901,-0.024449432268738747,0.5177318453788757,0.5448247194290161,-0.03238917514681816,0.4880015254020691,0.543173611164093,-0.036970481276512146,0.4675171673297882,0.5371306538581848,-0.04088370501995087,0.5727620720863342,0.5951711535453796,-0.030687669292092323,0.5131090879440308,0.5898703336715698,-0.038363900035619736,0.48321038484573364,0.5811325907707214,-0.04080989956855774,0.45968955755233765,0.5746267437934875,-0.044496409595012665,0.5728626251220703,0.6433662176132202,-0.034754831343889236,0.5245842337608337,0.6435175538063049,-0.041111502796411514,0.5363022089004517,0.6521421670913696,-0.034069761633872986,0.551081120967865,0.6549053192138672,-0.02971561811864376,0.5722537636756897,0.6882963180541992,-0.038383644074201584,0.5315573215484619,0.6754534244537354,-0.04376610741019249,0.5409542918205261,0.6795374155044556,-0.034713245928287506,0.5565553903579712,0.6806431412696838,-0.027401985600590706
13,0.9754196405410767,0.7735509276390076,-3.967361550394344e-08,0.9532580971717834,0.6778026223182678,-0.0026270048692822456,0.904125452041626,0.6318342089653015,-0.016690023243427277,0.8549745082855225,0.6397336721420288,-0.030015714466571808,0.822005569934845,0.6730195879936218,-0.047467462718486786,0.9002692699432373,0.620727002620697,-0.04726775363087654,0.8204145431518555,0.6234272122383118,-0.06318365782499313,0.7733505964279175,0.6308584213256836,-0.07344529777765274,0.7403663396835327,0.6358507871627808,-0.08040861040353775,0.9071102142333984,0.6865724921226501,-0.05348594859242439,0.8192948698997498,0.6875547766685486,-0.06702760607004166,0.7693483829498291,0.6763299703598022,-0.07213400304317474,0.7346821427345276,0.6701480150222778,-0.07862643897533417,0.9071723222732544,0.7511569261550903,-0.055704619735479355,0.8291975855827332,0.7433575987815857,-0.06118776649236679,0.8355650305747986,0.734840989112854,-0.05015954375267029,0.8542739152908325,0.7308788299560547,-0.04379768297076225,0.9026010632514954,0.8073399066925049,-0.05773460119962692,0.8358163833618164,0.7812322974205017,-0.06081879138946533,0.8362812399864197,0.7661811113357544,-0.048179205507040024,0.8508643507957458,0.7565664649009705,-0.03885103389620781,0.614769458770752,0.6951277256011963,-1.1552443623941144e-07,0.6104509830474854,0.6187359690666199,0.0014869015431031585,0.592798113822937,0.560296356678009,-0.004986884072422981,0.5836403965950012,0.521124005317688,-0.012221971526741982,0.5772199034690857,0.48964178562164307,-0.022126151248812675,0.5702140927314758,0.5511686205863953,-0.02467215806245804,0.5163808465003967,0.5453077554702759,-0.033462539315223694,0.48554205894470215,0.5439945459365845,-0.038833700120449066,0.46435537934303284,0.5385194420814514,-0.04340856894850731,0.5711753368377686,0.5942431688308716,-0.03150941804051399,0.510581374168396,0.5885677337646484,-0.04172473028302193,0.480446457862854,0.5790238380432129,-0.045779503881931305,0.45760244131088257,0.572080135345459,-0.050594501197338104,0.5720131993293762,0.6421115398406982,-0.03558601438999176,0.5227956771850586,0.6389329433441162,-0.042532630264759064,0.5354227423667908,0.6481380462646484,-0.03399928659200668,0.551429271697998,0.6527292728424072,-0.02859637513756752,0.572211503982544,0.6863009929656982,-0.03908706083893776,0.5308755040168762,0.6714622974395752,-0.044327665120363235,0.541072428226471,0.6757771968841553,-0.03436625748872757,0.5567561388015747,0.6769305467605591,-0.02639709785580635
14,0.9689069390296936,0.7621477246284485,7.276303648495741e-08,0.9445146918296814,0.6720470190048218,-0.006785710342228413,0.8963955640792847,0.6329503655433655,-0.022770360112190247,0.8480988144874573,0.6463833451271057,-0.036790307611227036,0.8177269101142883,0.6834303140640259,-0.0545792393386364,0.8921273946762085,0.6264125108718872,-0.05201949179172516,0.815146803855896,0.6284418702125549,-0.06728128343820572,0.7700437307357788,0.6338731646537781,-0.07546737045049667,0.7376861572265625,0.636079728603363,-0.08049628883600235,0.8991554379463196,0.6907718777656555,-0.055325403809547424,0.8130543828010559,0.6941229701042175,-0.07002153992652893,0.7624310851097107,0.6815020442008972,-0.07430403679609299,0.7280898094177246,0.6731067299842834,-0.07891585677862167,0.8988505601882935,0.7529596090316772,-0.0547054298222065,0.8212088942527771,0.7443876266479492,-0.06095275282859802,0.8157671093940735,0.7282799482345581,-0.05078577995300293,0.8251965045928955,0.7168041467666626,-0.04376458376646042,0.8926920294761658,0.8064879179000854,-0.05400153622031212,0.825370728969574,0.7816692590713501,-0.05544344708323479,0.8168936371803284,0.7609449028968811,-0.04314659908413887,0.8238608241081238,0.7444556951522827,-0.03373681381344795,0.6130082011222839,0.6986826658248901,-1.518163372793424e-07,0.6110391616821289,0.620976448059082,0.00023628820781596005,0.5939253568649292,0.5617694854736328,-0.005656418856233358,0.5828365087509155,0.523341953754425,-0.012034243904054165,0.5762026309967041,0.4894465208053589,-0.02097967639565468,0.5736347436904907,0.5521048307418823,-0.02366401068866253,0.520207405090332,0.5450574159622192,-0.030789241194725037,0.4905937910079956,0.5429966449737549,-0.03426828980445862,0.47058480978012085,0.5360080003738403,-0.03747222200036049,0.5735108256340027,0.5947670936584473,-0.030155746266245842,0.5136671662330627,0.5887548923492432,-0.037519775331020355,0.4848983883857727,0.5788028240203857,-0.03933165222406387,0.46257483959198,0.5714722275733948,-0.042603086680173874,0.5734240412712097,0.6416099667549133,-0.03437747806310654,0.5246158242225647,0.6420444250106812,-0.040478285402059555,0.5354699492454529,0.6502528190612793,-0.03258892148733139,0.5493805408477783,0.6526550650596619,-0.0277931597083807,0.5726677179336548,0.6860239505767822,-0.03815879300236702,0.5320026874542236,0.6736330986022949,-0.043890804052352905,0.5406931638717651,0.6781946420669556,-0.03466581553220749,0.5556459426879883,0.6798580884933472,-0.02708258107304573
15,0.9610402584075928,0.7564491033554077,1.1992635506885563e-07,0.9350143671035767,0.6672162413597107,-0.0057694208808243275,0.8852828741073608,0.6272867321968079,-0.021805519238114357,0.8357715010643005,0.6450575590133667,-0.0361146442592144,0.803443193435669,0.6826359629631042,-0.05455426126718521,0.8821501731872559,0.6248136758804321,-0.053525131195783615,0.8038658499717712,0.6333719491958618,-0.06993747502565384,0.7576910257339478,0.6419410705566406,-0.07950755953788757,0.7257670164108276,0.6473295092582703,-0.08562283962965012,0.8896489143371582,0.6917844414710999,-0.056979455053806305,0.8024578094482422,0.6930520534515381,-0.07165472209453583,0.7537207007408142,0.6821494102478027,-0.07646917551755905,0.7228823900222778,0.6758078336715698,-0.0818437859416008,0.8914955854415894,0.7569483518600464,-0.0562295988202095,0.8136411309242249,0.7453799247741699,-0.0622006356716156,0.8136568665504456,0.7337762713432312,-0.0518127977848053,0.8288866877555847,0.7267802357673645,-0.04484542831778526,0.888240396976471,0.8116885423660278,-0.05521344766020775,0.8224353194236755,0.7816324830055237,-0.057763196527957916,0.8175843954086304,0.7653989791870117,-0.04601107910275459,0.8278578519821167,0.755611777305603,-0.03696407750248909,0.6139383912086487,0.6978635787963867,-1.4407251569537038e-07,0.6114185452461243,0.6204334497451782,-0.001005355967208743,0.5933011174201965,0.5610227584838867,-0.007895180024206638,0.5820386409759521,0.5235087871551514,-0.015018257312476635,0.5757758617401123,0.4910939633846283,-0.024815216660499573,0.5733744502067566,0.5516581535339355,-0.026071500033140182,0.5195459127426147,0.544654130935669,-0.03419146686792374,0.48955637216567993,0.5422945022583008,-0.03858160972595215,0.4693194627761841,0.5350891947746277,-0.04243601858615875,0.5732613801956177,0.5941570997238159,-0.03205297887325287,0.5135400891304016,0.5889018177986145,-0.039987556636333466,0.4848390817642212,0.579582691192627,-0.042066801339387894,0.4628258943557739,0.5722751021385193,-0.04564939811825752,0.5732213258743286,0.6410949230194092,-0.035785239189863205,0.5246528387069702,0.6417511701583862,-0.041869401931762695,0.5366105437278748,0.6495221853256226,-0.03399049490690231,0.5519256591796875,0.6509555578231812,-0.029449092224240303,0.5724563598632812,0.6856124401092529,-0.03918800875544548,0.5313325524330139,0.6736927032470703,-0.04454455152153969,0.540841281414032,0.6773089170455933,-0.035220272839069366,0.5568334460258484,0.6779657006263733,-0.02782968059182167
16,0.9572939872741699,0.7661333680152893,1.2585033459799888e-07,0.9311158657073975,0.6705102920532227,-0.006033973768353462,0.8805089592933655,0.6329876780509949,-0.0220052320510149,0.8327651619911194,0.6536954641342163,-0.03573879599571228,0.8034218549728394,0.6956024169921875,-0.05340682342648506,0.8800378441810608,0.6350008845329285,-0.055399101227521896,0.8001515865325928,0.6388934850692749,-0.06995140761137009,0.7552433013916016,0.6463034152984619,-0.07669118046760559,0.7222474813461304,0.6487796306610107,-0.08061525970697403,0.8871151208877563,0.7033190131187439,-0.05890677869319916,0.7980194091796875,0.7056083083152771,-0.07389406859874725,0.7455717325210571,0.6927070021629333,-0.07713992893695831,0.7102130651473999,0.6837224960327148,-0.08052302896976471,0.8875270485877991,0.7678360939025879,-0.05794229358434677,0.8071417212486267,0.7504922747612,-0.06503944098949432,0.7959115505218506,0.7264540195465088,-0.05438099056482315,0.8016670942306519,0.709736168384552,-0.046427275985479355,0.8825407028198242,0.8212249279022217,-0.05657375231385231,0.8152017593383789,0.7922037243843079,-0.058681782335042953,0.8084233999252319,0.7681288123130798,-0.045411497354507446,0.8186734318733215,0.7509604692459106,-0.034862324595451355,0.6127980947494507,0.6954311728477478,-1.309925039549853e-07,0.6105757355690002,0.6164050698280334,-0.00035784716601483524,0.5885235667228699,0.5598936676979065,-0.008060001768171787,0.5672484636306763,0.5356032848358154,-0.016354335471987724,0.5502438545227051,0.5284042954444885,-0.027882935479283333,0.572056233882904,0.5488119721412659,-0.02525288797914982,0.516196608543396,0.5443354249000549,-0.03331403061747551,0.4856213927268982,0.5439737439155579,-0.03815704211592674,0.4647940993309021,0.5381721258163452,-0.042330119758844376,0.5728029012680054,0.59398353099823,-0.03188924863934517,0.5118012428283691,0.5885710716247559,-0.03925280272960663,0.4814028739929199,0.5797164440155029,-0.04158138483762741,0.45766884088516235,0.5722479820251465,-0.04531101882457733,0.5730874538421631,0.642858624458313,-0.03619925677776337,0.524009644985199,0.6430847644805908,-0.042297668755054474,0.5351957082748413,0.6509054899215698,-0.035605479031801224,0.5499861240386963,0.6528905034065247,-0.03163774311542511,0.5721766352653503,0.6880218386650085,-0.0400029793381691,0.5311580300331116,0.674635648727417,-0.04515694081783295,0.5406163334846497,0.6773985624313354,-0.036001842468976974,0.5566011667251587,0.6781257390975952,-0.02878653071820736
17,0.958961009979248,0.7693536281585693,1.1635105323648531e-07,0.9324467182159424,0.6715604066848755,-0.006142823491245508,0.8812453150749207,0.6327759027481079,-0.021363118663430214,0.8320861458778381,0.6486825942993164,-0.03424118459224701,0.8011542558670044,0.688366711139679,-0.0508604533970356,0.8805751204490662,0.6357760429382324,-0.052179574966430664,0.7992634773254395,0.6412917375564575,-0.06572262197732925,0.7541503310203552,0.6482448577880859,-0.07209568470716476,0.7208356857299805,0.6505441069602966,-0.07575012743473053,0.8872694373130798,0.7043452262878418,-0.05541755259037018,0.7974134087562561,0.7075255513191223,-0.06917056441307068,0.7455042600631714,0.6943870186805725,-0.07220213115215302,0.7103204727172852,0.6844331622123718,-0.07545342296361923,0.8872061371803284,0.7690704464912415,-0.054425451904535294,0.8058434724807739,0.7540233135223389,-0.06142335757613182,0.791969358921051,0.7298156023025513,-0.05187050253152847,0.7949870824813843,0.7114683389663696,-0.04469224438071251,0.8818135857582092,0.8226313591003418,-0.0529681034386158,0.8149738907814026,0.795769453048706,-0.05501845106482506,0.8068400621414185,0.7720962762832642,-0.04221620783209801,0.8150677680969238,0.7537437677383423,-0.03206932172179222,0.6140199303627014,0.6975180506706238,-1.3871301973722439e-07,0.6099783182144165,0.6196836829185486,-0.0005790005088783801,0.5936083793640137,0.5582056045532227,-0.008233177475631237,0.5849964618682861,0.5191285014152527,-0.01602025330066681,0.5792706608772278,0.48794621229171753,-0.026582542806863785,0.5709987878799438,0.5525773167610168,-0.02967679314315319,0.5157118439674377,0.5453099012374878,-0.03932582214474678,0.4846622943878174,0.543363094329834,-0.044709835201501846,0.4633544087409973,0.5376006960868835,-0.048976488411426544,0.5717712640762329,0.5971308350563049,-0.03555307909846306,0.5106135010719299,0.5882059335708618,-0.045540086925029755,0.479471355676651,0.577897310256958,-0.04813597351312637,0.45570406317710876,0.5703830718994141,-0.05201820656657219,0.5723625421524048,0.6453921794891357,-0.03878090903162956,0.5229669809341431,0.6378728151321411,-0.0455457866191864,0.5354264974594116,0.6441011428833008,-0.03687307611107826,0.5514759421348572,0.6473850607872009,-0.03156439960002899,0.5720974802970886,0.6900848746299744,-0.04157060384750366,0.5307398438453674,0.6710058450698853,-0.04626476392149925,0.5404213070869446,0.6723845601081848,-0.03603380173444748,0.556512176990509,0.6730923652648926,-0.0281240101903677
18,0.9561830163002014,0.773291826248169,1.2127591730859422e-07,0.9287859201431274,0.6774588823318481,-0.005798170808702707,0.8784236311912537,0.6376112699508667,-0.021257895976305008,0.8292205929756165,0.6542142629623413,-0.03491027653217316,0.7993677854537964,0.6932641267776489,-0.052124492824077606,0.8756483793258667,0.6398898959159851,-0.051809873431921005,0.7943747639656067,0.6434181928634644,-0.06671369075775146,0.7490918040275574,0.6504279375076294,-0.07473544031381607,0.7162875533103943,0.6526954770088196,-0.07980642467737198,0.8805693984031677,0.7091879844665527,-0.05558817461133003,0.7919735908508301,0.7108387351036072,-0.07001113146543503,0.7397499084472656,0.6973583698272705,-0.07471077889204025,0.7042983770370483,0.6880184412002563,-0.07991251349449158,0.8800880312919617,0.774785041809082,-0.05520346760749817,0.8020052909851074,0.7604920268058777,-0.06169256195425987,0.800674557685852,0.7410445809364319,-0.052311353385448456,0.8139811754226685,0.7289852499961853,-0.045832809060811996,0.8756458759307861,0.8292039036750793,-0.05461476743221283,0.8099213242530823,0.8006513118743896,-0.056776050478219986,0.8068534731864929,0.7792916893959045,-0.04494860768318176,0.8187086582183838,0.7646595239639282,-0.03592244163155556,0.6143864393234253,0.6959479451179504,-1.2721361031253764e-07,0.610042929649353,0.6145848631858826,-0.0011369843268767,0.5919735431671143,0.5530145764350891,-0.010110984556376934,0.5775896310806274,0.5199888348579407,-0.019107690081000328,0.5651869773864746,0.5047746896743774,-0.03120448812842369,0.5715188980102539,0.5533760190010071,-0.03278433531522751,0.5154992341995239,0.5465610027313232,-0.04293365776538849,0.4838980436325073,0.5458130240440369,-0.04834422096610069,0.46205633878707886,0.5408831834793091,-0.05271926522254944,0.5726672410964966,0.5984217524528503,-0.038534894585609436,0.5107219219207764,0.5904994010925293,-0.04871735721826553,0.47868451476097107,0.5802525281906128,-0.051040880382061005,0.453990638256073,0.5732188820838928,-0.054963164031505585,0.5730352997779846,0.6464943289756775,-0.041484277695417404,0.522282600402832,0.6395568251609802,-0.04777194559574127,0.5351013541221619,0.6442973613739014,-0.0392506904900074,0.5522600412368774,0.6462701559066772,-0.03444972261786461,0.5725211501121521,0.689680814743042,-0.04403916373848915,0.5300127267837524,0.6721910238265991,-0.04805253446102142,0.5402051210403442,0.6723442673683167,-0.03813975304365158,0.5576527714729309,0.6721769571304321,-0.030912918969988823
19,0.9445242881774902,0.7788900136947632,1.273031386972434e-07,0.918723464012146,0.6803678870201111,-0.0070306360721588135,0.8678987622261047,0.63741534948349,-0.023054637014865875,0.8178725838661194,0.647548496723175,-0.03619436174631119,0.7848114967346191,0.6823376417160034,-0.052807312458753586,0.866043746471405,0.645333468914032,-0.05629434064030647,0.7836363315582275,0.6470592021942139,-0.07174777239561081,0.7372149229049683,0.6523573398590088,-0.07873080670833588,0.70368492603302,0.6536329388618469,-0.08219611644744873,0.8712099194526672,0.7151815891265869,-0.05863812565803528,0.7813333868980408,0.7130797505378723,-0.07435031980276108,0.7285776138305664,0.6970043182373047,-0.07665624469518661,0.6932872533798218,0.6871492862701416,-0.07850191742181778,0.8701167702674866,0.7796859741210938,-0.05673173815011978,0.7883158326148987,0.759082555770874,-0.06401853263378143,0.7715379595756531,0.7337403893470764,-0.0527961403131485,0.7724661231040955,0.7174074649810791,-0.04371887445449829,0.8644484281539917,0.8323326110839844,-0.05445164442062378,0.7962652444839478,0.7999212741851807,-0.05525151267647743,0.7824540734291077,0.7750695943832397,-0.04147675260901451,0.785799503326416,0.7579282522201538,-0.03022790141403675,0.6157145500183105,0.7008434534072876,-1.3826313249865052e-07,0.6124486327171326,0.6202652454376221,-0.0002782536903396249,0.5948731899261475,0.5594163537025452,-0.007643616292625666,0.5834930539131165,0.5213901996612549,-0.015406063757836819,0.575818657875061,0.48943936824798584,-0.025879543274641037,0.5722352266311646,0.553371250629425,-0.02796054445207119,0.5172886252403259,0.5467584133148193,-0.037415992468595505,0.4858507215976715,0.5460410714149475,-0.04214609041810036,0.46492284536361694,0.5409528017044067,-0.0458596870303154,0.572973906993866,0.597459614276886,-0.03413569554686546,0.511728048324585,0.5891391634941101,-0.04387195035815239,0.4819188117980957,0.5784586071968079,-0.04622483253479004,0.4594968557357788,0.5708458423614502,-0.04983566328883171,0.5737151503562927,0.6444334387779236,-0.03783861920237541,0.5228593349456787,0.6411664485931396,-0.04478154703974724,0.5352040529251099,0.6481497883796692,-0.03654032200574875,0.5514999032020569,0.6507998108863831,-0.031502120196819305,0.5736810564994812,0.687886118888855,-0.041118722409009933,0.5311191082000732,0.6725437045097351,-0.04631742089986801,0.5409373641014099,0.6743874549865723,-0.03696782514452934,0.557392418384552,0.6746780276298523,-0.029563259333372116
20,0.9445242881774902,0.7788900136947632,1.273031386972434e-07,0.918723464012146,0.6803678870201111,-0.0070306360721588135,0.8678987622261047,0.63741534948349,-0.023054637014865875,0.8178725838661194,0.647548496723175,-0.03619436174631119,0.7848114967346191,0.6823376417160034,-0.052807312458753586,0.866043746471405,0.645333468914032,-0.05629434064030647,0.7836363315582275,0.6470592021942139,-0.07174777239561081,0.7372149229049683,0.6523573398590088,-0.07873080670833588,0.70368492603302,0.6536329388618469,-0.08219611644744873,0.8712099194526672,0.7151815891265869,-0.05863812565803528,0.7813333868980408,0.7130797505378723,-0.07435031980276108,0.7285776138305664,0.6970043182373047,-0.07665624469518661,0.6932872533798218,0.6871492862701416,-0.07850191742181778,0.8701167702674866,0.7796859741210938,-0.05673173815011978,0.7883158326148987,0.759082555770874,-0.06401853263378143,0.7715379595756531,0.7337403893470764,-0.0527961403131485,0.7724661231040955,0.7174074649810791,-0.04371887445449829,0.8644484281539917,0.8323326110839844,-0.05445164442062378,0.7962652444839478,0.7999212741851807,-0.05525151267647743,0.7824540734291077,0.7750695943832397,-0.04147675260901451,0.785799503326416,0.7579282522201538,-0.03022790141403675,0.6157145500183105,0.7008434534072876,-1.3826313249865052e-07,0.6124486327171326,0.6202652454376221,-0.0002782536903396249,0.5948731899261475,0.5594163537025452,-0.007643616292625666,0.5834930539131165,0.5213901996612549,-0.015406063757836819,0.575818657875061,0.48943936824798584,-0.025879543274641037,0.5722352266311646,0.553371250629425,-0.02796054445207119,0.5172886252403259,0.5467584133148193,-0.037415992468595505,0.4858507215976715,0.5460410714149475,-0.04214609041810036,0.46492284536361694,0.5409528017044067,-0.0458596870303154,0.572973906993866,0.597459614276886,-0.03413569554686546,0.511728048324585,0.5891391634941101,-0.04387195035815239,0.4819188117980957,0.5784586071968079,-0.04622483253479004,0.4594968557357788,0.5708458423614502,-0.04983566328883171,0.5737151503562927,0.6444334387779236,-0.03783861920237541,0.5228593349456787,0.6411664485931396,-0.04478154703974724,0.5352040529251099,0.6481497883796692,-0.03654032200574875,0.5514999032020569,0.6507998108863831,-0.031502120196819305,0.5736810564994812,0.687886118888855,-0.041118722409009933,0.5311191082000732,0.6725437045097351,-0.04631742089986801,0.5409373641014099,0.6743874549865723,-0.03696782514452934,0.557392418384552,0.6746780276298523,-0.029563259333372116
21,0.6174464821815491,0.6974372267723083,-7.866058382433039e-08,0.6133595705032349,0.6180276274681091,0.0005398968351073563,0.5916066765785217,0.5646421909332275,-0.008674793876707554,0.5727964639663696,0.5388690233230591,-0.018506163731217384,0.5589358806610107,0.5259101390838623,-0.031268030405044556,0.5716809630393982,0.5533419847488403,-0.030991127714514732,0.5162240266799927,0.544373095035553,-0.04131580889225006,0.4839291572570801,0.5439229011535645,-0.046656206250190735,0.46176445484161377,0.5387955904006958,-0.05088790878653526,0.5727287530899048,0.5979058146476746,-0.03762039542198181,0.5103167295455933,0.5886924862861633,-0.04961942508816719,0.4782572388648987,0.577522337436676,-0.05306434631347656,0.4538595676422119,0.5696793794631958,-0.05727639049291611,0.5728667974472046,0.6460407376289368,-0.04120297729969025,0.5226859450340271,0.642038106918335,-0.048333972692489624,0.5361197590827942,0.6484543085098267,-0.039503246545791626,0.5533119440078735,0.6507872939109802,-0.03398172929883003,0.5726445913314819,0.6889949440956116,-0.044240258634090424,0.5307440161705017,0.6735931038856506,-0.04792128875851631,0.5411428809165955,0.6756182312965393,-0.03738781064748764,0.5576368570327759,0.6763389706611633,-0.029522685334086418,0.936438262462616,0.7908594608306885,5.3335661220899055e-08,0.9093455076217651,0.6914806365966797,-0.0048586237244307995,0.8565289974212646,0.6505115628242493,-0.020071320235729218,0.8055717945098877,0.6641321182250977,-0.0333237461745739,0.7722635865211487,0.7018962502479553,-0.04996493086218834,0.8556723594665527,0.6495155096054077,-0.0515928640961647,0.7721657752990723,0.6499518752098083,-0.06508403271436691,0.7273073196411133,0.6570664048194885,-0.07200022041797638,0.6939966678619385,0.6594638228416443,-0.07631243020296097,0.8599305748939514,0.7202268838882446,-0.056021712720394135,0.7716387510299683,0.7208312749862671,-0.07036521285772324,0.7206469178199768,0.7086122632026672,-0.07445690780878067,0.6849602460861206,0.7004023194313049,-0.07907331734895706,0.8590956926345825,0.7865905165672302,-0.05610457807779312,0.7835046052932739,0.7705360054969788,-0.06254736334085464,0.7784801721572876,0.7495869994163513,-0.05382031947374344,0.7874215245246887,0.7394154667854309,-0.04795278608798981,0.8545457720756531,0.8400412201881409,-0.05573476105928421,0.7869662046432495,0.808896541595459,-0.05644170939922333,0.7760273218154907,0.7836532592773438,-0.044262371957302094,0.7805027961730957,0.7664169073104858,-0.03534911572933197
22,0.6163738369941711,0.6968444585800171,-7.955907221912639e-08,0.6121001243591309,0.6192858815193176,0.0012575594009831548,0.5917595624923706,0.5617885589599609,-0.005805760156363249,0.5752489566802979,0.5269931554794312,-0.013630229979753494,0.5630453824996948,0.505670964717865,-0.02423047088086605,0.5725111961364746,0.5550826191902161,-0.025829214602708817,0.5203284621238708,0.5456006526947021,-0.03480319678783417,0.4898889660835266,0.5438768863677979,-0.03926499933004379,0.4684908390045166,0.5391618609428406,-0.04294633865356445,0.5723233819007874,0.5972127318382263,-0.032863080501556396,0.5126652717590332,0.5889867544174194,-0.04262639582157135,0.48335400223731995,0.5809171795845032,-0.045316942036151886,0.4606887698173523,0.5758035778999329,-0.04899320751428604,0.57181715965271,0.6446333527565002,-0.03732382133603096,0.5227130651473999,0.6434816122055054,-0.04421573504805565,0.5363833904266357,0.6515819430351257,-0.036845020949840546,0.5528058409690857,0.6553782224655151,-0.03225316107273102,0.5713633894920349,0.6889137029647827,-0.041171394288539886,0.5307744145393372,0.6761034727096558,-0.04616522043943405,0.5412735939025879,0.6783136129379272,-0.03754102438688278,0.5567684173583984,0.67897629737854,-0.030816590413451195,0.9234350919723511,0.7953921556472778,1.3358118167161592e-07,0.8940958380699158,0.6988296508789062,-0.007818246260285378,0.8389522433280945,0.6628974080085754,-0.024136114865541458,0.788865327835083,0.682974636554718,-0.037540409713983536,0.756834864616394,0.7249386310577393,-0.05345504730939865,0.8431908488273621,0.6664038300514221,-0.058413125574588776,0.7589552402496338,0.6659771800041199,-0.07455550879240036,0.7153460383415222,0.6695400476455688,-0.08219163119792938,0.6811928749084473,0.6689797043800354,-0.08663208037614822,0.8464359045028687,0.7416239976882935,-0.06246740743517876,0.761542022228241,0.7357099652290344,-0.07863026112318039,0.7107338309288025,0.723989725112915,-0.0821513906121254,0.6742998957633972,0.7184484004974365,-0.0860770121216774,0.8449214696884155,0.8082799315452576,-0.06250853091478348,0.767251193523407,0.7819986343383789,-0.07188400626182556,0.7662671804428101,0.7560234069824219,-0.06269069015979767,0.7788485884666443,0.7450274229049683,-0.05591350421309471,0.839948832988739,0.8610273003578186,-0.062407318502664566,0.7760158777236938,0.821701169013977,-0.06548672914505005,0.772782027721405,0.7945917844772339,-0.05364593490958214,0.781897783279419,0.7801592946052551,-0.044778864830732346
23,0.6163498163223267,0.7003805637359619,-8.330253109534169e-08,0.6126097440719604,0.6213274002075195,0.0016690779011696577,0.5908860564231873,0.5677580833435059,-0.005864258855581284,0.5718870759010315,0.5389471054077148,-0.014463390223681927,0.5584039092063904,0.5243100523948669,-0.026028743013739586,0.571686863899231,0.5541777014732361,-0.025078950449824333,0.5187139511108398,0.5442615151405334,-0.03478796035051346,0.48728856444358826,0.5418749451637268,-0.04013994336128235,0.46582281589508057,0.5361969470977783,-0.044303830713033676,0.571926474571228,0.5967862010002136,-0.03227341175079346,0.5110666751861572,0.5881756544113159,-0.04277586564421654,0.4810718894004822,0.5789843797683716,-0.04566261172294617,0.45820730924606323,0.5731635689735413,-0.04919671639800072,0.5718806385993958,0.64437335729599,-0.036901798099279404,0.5217770338058472,0.6427479386329651,-0.04392792657017708,0.5348846912384033,0.6507049202919006,-0.03585124760866165,0.5512706637382507,0.6547143459320068,-0.030445849522948265,0.5716853737831116,0.6887427568435669,-0.04096326231956482,0.5301189422607422,0.6745062470436096,-0.045404572039842606,0.5398783087730408,0.676837146282196,-0.035774894058704376,0.5553984045982361,0.6782445311546326,-0.028120819479227066,0.9276902079582214,0.8108106851577759,7.658137235466711e-08,0.8989838361740112,0.7099233269691467,-0.006896925624459982,0.8439294099807739,0.6678112149238586,-0.02322632446885109,0.7918164730072021,0.6883782148361206,-0.03701149672269821,0.7601358890533447,0.7355908155441284,-0.053628694266080856,0.8490065336227417,0.6746545433998108,-0.05643618851900101,0.7635538578033447,0.6739622950553894,-0.0724194347858429,0.7202578783035278,0.6787552833557129,-0.08099044114351273,0.6868354678153992,0.6778575778007507,-0.08648602664470673,0.8520996570587158,0.7500037550926208,-0.060941919684410095,0.7639442682266235,0.7415141463279724,-0.07579483091831207,0.7132387757301331,0.7294938564300537,-0.07926777750253677,0.6765275001525879,0.7236852645874023,-0.08398569375276566,0.849894106388092,0.8165808320045471,-0.061460431665182114,0.7724945545196533,0.7893219590187073,-0.06975684314966202,0.775013267993927,0.7685003876686096,-0.0604931116104126,0.7897862195968628,0.7628077268600464,-0.054298244416713715,0.8438189029693604,0.868342399597168,-0.06187323108315468,0.7813326120376587,0.8278643488883972,-0.0646997019648552,0.7796105146408081,0.8036943674087524,-0.0528976246714592,0.7902120351791382,0.793032169342041,-0.044521886855363846
24,0.6163498163223267,0.7003805637359619,-8.330253109534169e-08,0.6126097440719604,0.6213274002075195,0.0016690779011696577,0.5908860564231873,0.5677580833435059,-0.005864258855581284,0.5718870759010315,0.5389471054077148,-0.014463390223681927,0.5584039092063904,0.5243100523948669,-0.026028743013739586,0.571686863899231,0.5541777014732361,-0.025078950449824333,0.5187139511108398,0.5442615151405334,-0.03478796035051346,0.48728856444358826,0.5418749451637268,-0.04013994336128235,0.46582281589508057,0.5361969470977783,-0.044303830713033676,0.571926474571228,0.5967862010002136,-0.03227341175079346,0.5110666751861572,0.5881756544113159,-0.04277586564421654,0.4810718894004822,0.5789843797683716,-0.04566261172294617,0.45820730924606323,0.5731635689735413,-0.04919671639800072,0.5718806385993958,0.64437335729599,-0.036901798099279404,0.5217770338058472,0.6427479386329651,-0.04392792657017708,0.5348846912384033,0.6507049202919006,-0.03585124760866165,0.5512706637382507,0.6547143459320068,-0.030445849522948265,0.5716853737831116,0.6887427568435669,-0.04096326231956482,0.5301189422607422,0.6745062470436096,-0.045404572039842606,0.5398783087730408,0.676837146282196,-0.035774894058704376,0.5553984045982361,0.6782445311546326,-0.028120819479227066,0.9276902079582214,0.8108106851577759,7.658137235466711e-08,0.8989838361740112,0.7099233269691467,-0.006896925624459982,0.8439294099807739,0.6678112149238586,-0.02322632446885109,0.7918164730072021,0.6883782148361206,-0.03701149672269821,0.7601358890533447,0.7355908155441284,-0.053628694266080856,0.8490065336227417,0.6746545433998108,-0.05643618851900101,0.7635538578033447,0.6739622950553894,-0.0724194347858429,0.7202578783035278,0.6787552833557129,-0.08099044114351273,0.6868354678153992,0.6778575778007507,-0.08648602664470673,0.8520996570587158,0.7500037550926208,-0.060941919684410095,0.7639442682266235,0.7415141463279724,-0.07579483091831207,0.7132387757301331,0.7294938564300537,-0.07926777750253677,0.6765275001525879,0.7236852645874023,-0.08398569375276566,0.849894106388092,0.8165808320045471,-0.061460431665182114,0.7724945545196533,0.7893219590187073,-0.06975684314966202,0.775013267993927,0.7685003876686096,-0.0604931116104126,0.7897862195968628,0.7628077268600464,-0.054298244416713715,0.8438189029693604,0.868342399597168,-0.06187323108315468,0.7813326120376587,0.8278643488883972,-0.0646997019648552,0.7796105146408081,0.8036943674087524,-0.0528976246714592,0.7902120351791382,0.793032169342041,-0.044521886855363846
25,0.9321961998939514,0.8102421164512634,8.863533196290518e-08,0.9014627933502197,0.7124001979827881,-0.006899052765220404,0.8463299870491028,0.6716278791427612,-0.02345903404057026,0.7947522401809692,0.6902127265930176,-0.037370771169662476,0.7630527019500732,0.7360149621963501,-0.053860753774642944,0.852302074432373,0.6754434108734131,-0.05646396428346634,0.7665902376174927,0.6752455830574036,-0.0728379637002945,0.7231531739234924,0.6793326139450073,-0.08128033578395844,0.6895352005958557,0.6780076622962952,-0.08656244724988937,0.8552005887031555,0.7511049509048462,-0.06120062619447708,0.7669617533683777,0.7412984371185303,-0.0765574499964714,0.7180205583572388,0.729406476020813,-0.07943101972341537,0.6830962896347046,0.7239888906478882,-0.0833899974822998,0.8531171679496765,0.8181204795837402,-0.06206224858760834,0.7769030332565308,0.7906721234321594,-0.07111333310604095,0.7813228368759155,0.76857590675354,-0.06108662858605385,0.797140896320343,0.7610604763031006,-0.05415959656238556,0.8475138545036316,0.8708503246307373,-0.06286372244358063,0.7865449786186218,0.8323994874954224,-0.06582444906234741,0.7872915267944336,0.8075660467147827,-0.05330811068415642,0.7993742823600769,0.7956093549728394,-0.044401198625564575,0.6155518889427185,0.6978884935379028,-6.958131137935197e-08,0.6121094226837158,0.6208966374397278,0.0013542933156713843,0.5857232213020325,0.5721598267555237,-0.006931362673640251,0.5591086149215698,0.5545125603675842,-0.016120582818984985,0.5387714505195618,0.5528717637062073,-0.028454795479774475,0.5715115070343018,0.5539613366127014,-0.026921892538666725,0.5184659957885742,0.5438467860221863,-0.03621569648385048,0.48763108253479004,0.5415852665901184,-0.041201356798410416,0.4667656421661377,0.5357130765914917,-0.04522068798542023,0.5721986293792725,0.5975032448768616,-0.033802248537540436,0.5113018155097961,0.5890113711357117,-0.0438113659620285,0.48202523589134216,0.5805062055587769,-0.04622136056423187,0.4600192904472351,0.5753336548805237,-0.049539949744939804,0.5720900893211365,0.644894540309906,-0.037952255457639694,0.5221819877624512,0.6424936652183533,-0.044404421001672745,0.5351619720458984,0.6490367650985718,-0.03637612611055374,0.551750898361206,0.6525259613990784,-0.03122858889400959,0.5713478922843933,0.6877853274345398,-0.041499145328998566,0.530551552772522,0.6732168197631836,-0.045642755925655365,0.5401226282119751,0.6744396686553955,-0.03620181977748871,0.5555219054222107,0.674735963344574,-0.028867632150650024
26,0.6150915622711182,0.6982659101486206,-7.281128944214288e-08,0.6113168597221375,0.6192665100097656,0.0013066737446933985,0.5865823030471802,0.568366289138794,-0.007650209125131369,0.5619953870773315,0.5490506291389465,-0.01740003377199173,0.5415398478507996,0.5475785136222839,-0.030451182276010513,0.5701984167098999,0.5556861758232117,-0.029422299936413765,0.5154801607131958,0.5461283326148987,-0.03962856903672218,0.4833061099052429,0.5454659461975098,-0.045648496598005295,0.4608400762081146,0.5407716631889343,-0.0503392219543457,0.5704449415206909,0.6005451679229736,-0.036306459456682205,0.5087857842445374,0.5910552740097046,-0.04671294242143631,0.4771660566329956,0.5816028118133545,-0.049737993627786636,0.45289498567581177,0.5752367973327637,-0.05388189107179642,0.5698880553245544,0.6486738920211792,-0.040246766060590744,0.5207325220108032,0.6438575983047485,-0.04633220657706261,0.5344752073287964,0.6489858627319336,-0.03858345374464989,0.5516172647476196,0.6512644290924072,-0.03411334380507469,0.5691728591918945,0.6912034749984741,-0.04356390982866287,0.5293517112731934,0.6756957769393921,-0.047087859362363815,0.5399922728538513,0.6763702630996704,-0.03743080422282219,0.5563820600509644,0.6760892271995544,-0.03039046935737133,0.9417447447776794,0.7916164398193359,2.12065902616132e-08,0.9123457670211792,0.6950441598892212,-0.0027329721488058567,0.8598596453666687,0.6546124815940857,-0.016765978187322617,0.8089514970779419,0.6756353378295898,-0.03022555261850357,0.7782566547393799,0.7234621644020081,-0.04728371277451515,0.859980046749115,0.6467253565788269,-0.045194827020168304,0.7784779071807861,0.6474122405052185,-0.060354385524988174,0.7351321578025818,0.6534832119941711,-0.0699663758277893,0.7010152339935303,0.6556313633918762,-0.07647233456373215,0.8639039397239685,0.7165036201477051,-0.05291987583041191,0.7789324522018433,0.7137349843978882,-0.06672842055559158,0.7286532521247864,0.7079888582229614,-0.07160676270723343,0.6910011172294617,0.70749431848526,-0.07754430919885635,0.8635574579238892,0.7826355695724487,-0.05705685541033745,0.788102388381958,0.7693129181861877,-0.06536761671304703,0.7959033846855164,0.755675196647644,-0.05719869211316109,0.813672661781311,0.7515894174575806,-0.05200611799955368,0.8600200414657593,0.8386021256446838,-0.06091566011309624,0.7971534729003906,0.8094947338104248,-0.06433729082345963,0.8008460998535156,0.7933167815208435,-0.05220422148704529,0.8163599967956543,0.7861012816429138,-0.043560732156038284
27,0.6158705949783325,0.7027103304862976,-1.111802774289572e-07,0.6111944317817688,0.6242138147354126,-0.0017692000837996602,0.5887830853462219,0.5672876834869385,-0.011660217307507992,0.5695710778236389,0.5369218587875366,-0.021774079650640488,0.5562382936477661,0.5199770927429199,-0.03490682318806648,0.5690057277679443,0.5593729019165039,-0.033319052308797836,0.5107001066207886,0.5491499900817871,-0.04597945883870125,0.47741201519966125,0.5478736758232117,-0.05395938456058502,0.45291978120803833,0.5435001850128174,-0.05984113737940788,0.5697515606880188,0.6037111282348633,-0.03908878564834595,0.5064346194267273,0.594167172908783,-0.05123290792107582,0.47199225425720215,0.583307147026062,-0.055538032203912735,0.445011168718338,0.5746678113937378,-0.060732901096343994,0.5695114135742188,0.6521539092063904,-0.04219833016395569,0.5193825960159302,0.6459183692932129,-0.049947917461395264,0.5341663360595703,0.6511132717132568,-0.04236842319369316,0.5523057579994202,0.6520110368728638,-0.03791382908821106,0.5689834356307983,0.6955511569976807,-0.044947218149900436,0.527927041053772,0.6791752576828003,-0.04982653260231018,0.5398457050323486,0.6800523996353149,-0.04024770110845566,0.5574598908424377,0.6790710687637329,-0.03319867327809334,0.9445289373397827,0.7944896221160889,-1.2416919936697468e-08,0.9194469451904297,0.6946098804473877,-0.0023915532510727644,0.8700137734413147,0.6493146419525146,-0.015759093686938286,0.8205201625823975,0.6568673849105835,-0.02708195336163044,0.7857578992843628,0.6904585361480713,-0.04271138086915016,0.8637789487838745,0.6424849629402161,-0.04955891892313957,0.7824864983558655,0.6419845819473267,-0.06459558755159378,0.7365536689758301,0.6485456228256226,-0.07165317982435226,0.7030819654464722,0.6510517597198486,-0.07546966522932053,0.8716670870780945,0.7091876268386841,-0.05455015227198601,0.7784985303878784,0.7090412378311157,-0.06892269849777222,0.7269819378852844,0.703009307384491,-0.07133694738149643,0.6924023628234863,0.7007612586021423,-0.0739959329366684,0.8725922107696533,0.7748855352401733,-0.05544464290142059,0.7874913215637207,0.7643951177597046,-0.064045749604702,0.7582986950874329,0.7459498643875122,-0.05621271952986717,0.7469795346260071,0.732150137424469,-0.050316862761974335,0.8690465092658997,0.8329004645347595,-0.05527156963944435,0.8009500503540039,0.8061851859092712,-0.058754999190568924,0.78031986951828,0.7826517820358276,-0.04775511100888252,0.7748615741729736,0.7638735175132751,-0.03877076134085655
28,0.6158705949783325,0.7027103304862976,-1.111802774289572e-07,0.6111944317817688,0.6242138147354126,-0.0017692000837996602,0.5887830853462219,0.5672876834869385,-0.011660217307507992,0.5695710778236389,0.5369218587875366,-0.021774079650640488,0.5562382936477661,0.5199770927429199,-0.03490682318806648,0.5690057277679443,0.5593729019165039,-0.033319052308797836,0.5107001066207886,0.5491499900817871,-0.04597945883870125,0.47741201519966125,0.5478736758232117,-0.05395938456058502,0.45291978120803833,0.5435001850128174,-0.05984113737940788,0.5697515606880188,0.6037111282348633,-0.03908878564834595,0.5064346194267273,0.594167172908783,-0.05123290792107582,0.47199225425720215,0.583307147026062,-0.055538032203912735,0.445011168718338,0.5746678113937378,-0.060732901096343994,0.5695114135742188,0.6521539092063904,-0.04219833016395569,0.5193825960159302,0.6459183692932129,-0.049947917461395264,0.5341663360595703,0.6511132717132568,-0.04236842319369316,0.5523057579994202,0.6520110368728638,-0.03791382908821106,0.5689834356307983,0.6955511569976807,-0.044947218149900436,0.527927041053772,0.6791752576828003,-0.04982653260231018,0.5398457050323486,0.6800523996353149,-0.04024770110845566,0.5574598908424377,0.6790710687637329,-0.03319867327809334,0.9445289373397827,0.7944896221160889,-1.2416919936697468e-08,0.9194469451904297,0.6946098804473877,-0.0023915532510727644,0.8700137734413147,0.6493146419525146,-0.015759093686938286,0.8205201625823975,0.6568673849105835,-0.02708195336163044,0.7857578992843628,0.6904585361480713,-0.04271138086915016,0.8637789487838745,0.6424849629402161,-0.04955891892313957,0.7824864983558655,0.6419845819473267,-0.06459558755159378,0.7365536689758301,0.6485456228256226,-0.07165317982435226,0.7030819654464722,0.6510517597198486,-0.07546966522932053,0.8716670870780945,0.7091876268386841,-0.05455015227198601,0.7784985303878784,0.7090412378311157,-0.06892269849777222,0.7269819378852844,0.703009307384491,-0.07133694738149643,0.6924023628234863,0.7007612586021423,-0.0739959329366684,0.8725922107696533,0.7748855352401733,-0.05544464290142059,0.7874913215637207,0.7643951177597046,-0.064045749604702,0.7582986950874329,0.7459498643875122,-0.05621271952986717,0.7469795346260071,0.732150137424469,-0.050316862761974335,0.8690465092658997,0.8329004645347595,-0.05527156963944435,0.8009500503540039,0.8061851859092712,-0.058754999190568924,0.78031986951828,0.7826517820358276,-0.04775511100888252,0.7748615741729736,0.7638735175132751,-0.03877076134085655
29,0.6072240471839905,0.7033898234367371,-5.7040733025814916e-08,0.6000914573669434,0.6287684440612793,-0.0004650129994843155,0.5850391983985901,0.5671479105949402,-0.00734024727717042,0.5830967426300049,0.5209119915962219,-0.01489823404699564,0.5814273953437805,0.48255106806755066,-0.02468816004693508,0.5571805238723755,0.5708971619606018,-0.022622136399149895,0.5054610967636108,0.5596335530281067,-0.03235884755849838,0.47585052251815796,0.5575783252716064,-0.039353225380182266,0.4534637928009033,0.5532585382461548,-0.044700510799884796,0.5558043122291565,0.6119382381439209,-0.028978338465094566,0.49789273738861084,0.6032717227935791,-0.03827045485377312,0.46645301580429077,0.5945106744766235,-0.044892337173223495,0.44155803322792053,0.586790919303894,-0.05200362205505371,0.556104302406311,0.6584542393684387,-0.0330997109413147,0.5108608603477478,0.6612159609794617,-0.040275245904922485,0.5255504846572876,0.6694068908691406,-0.036844681948423386,0.5427436232566833,0.6718677878379822,-0.03503155708312988,0.5569586157798767,0.7016675472259521,-0.036830976605415344,0.5190303921699524,0.694034993648529,-0.041937243193387985,0.53057861328125,0.6980823874473572,-0.034771159291267395,0.5457186698913574,0.6990095376968384,-0.02931816689670086,0.9522895216941833,0.7981708645820618,-4.10053679900102e-08,0.9278395175933838,0.7059687376022339,-0.0024035607930272818,0.8797396421432495,0.6626931428909302,-0.01765400916337967,0.8331121206283569,0.6731621026992798,-0.03207459673285484,0.8027902841567993,0.7011622190475464,-0.05073124170303345,0.8753470182418823,0.6409125328063965,-0.05001227185130119,0.7946828603744507,0.6410036683082581,-0.06742805987596512,0.7472364902496338,0.647031843662262,-0.07868712395429611,0.7135343551635742,0.6493355631828308,-0.0863177552819252,0.8833355903625488,0.7081480622291565,-0.05722009763121605,0.7920613288879395,0.7052680850028992,-0.0720863938331604,0.7410166263580322,0.6943225264549255,-0.07736451923847198,0.7049939632415771,0.6865038871765137,-0.08412009477615356,0.8839521408081055,0.7754089832305908,-0.060312483459711075,0.8028280138969421,0.7661941051483154,-0.06769245117902756,0.8087686896324158,0.7607559561729431,-0.056476838886737823,0.8266661763191223,0.7575467824935913,-0.04980536922812462,0.8794180750846863,0.8353845477104187,-0.06301429867744446,0.8107029795646667,0.8088992834091187,-0.0672583132982254,0.8107249140739441,0.7918964624404907,-0.05396260693669319,0.8241569399833679,0.7784118056297302,-0.04406443238258362
30,0.9474835991859436,0.8046046495437622,-1.484311411559247e-07,0.9287925958633423,0.7045109868049622,-0.0021998954471200705,0.8824946284294128,0.6536014676094055,-0.015538835898041725,0.8336977362632751,0.6545538902282715,-0.028064489364624023,0.7998166680335999,0.6787145137786865,-0.045125801116228104,0.8790616989135742,0.6434165239334106,-0.04582670331001282,0.7969422936439514,0.6399208307266235,-0.06065945327281952,0.7487031817436218,0.64605313539505,-0.06947136670351028,0.7151645421981812,0.6461513042449951,-0.07523578405380249,0.8871418833732605,0.712436318397522,-0.05169035121798515,0.7946375012397766,0.7082900404930115,-0.06289911270141602,0.7438799142837524,0.6944093108177185,-0.0648314580321312,0.7082687020301819,0.6879881024360657,-0.06906653940677643,0.8877242803573608,0.7797584533691406,-0.053631704300642014,0.8082859516143799,0.7650822401046753,-0.0605301596224308,0.8156777620315552,0.7574572563171387,-0.048300664871931076,0.8342400789260864,0.7580358982086182,-0.040330640971660614,0.8822575807571411,0.8371875286102295,-0.054991111159324646,0.813273549079895,0.8036372065544128,-0.061841852962970734,0.8168318271636963,0.788446307182312,-0.04848925769329071,0.8346922397613525,0.7814107537269592,-0.037371642887592316,0.605098307132721,0.6950547099113464,5.1274142265356204e-08,0.596510112285614,0.6305602788925171,-0.0005185170448385179,0.5670493841171265,0.5941122174263,-0.01176662277430296,0.5386815667152405,0.5881502032279968,-0.02364642173051834,0.5205106139183044,0.5912920236587524,-0.03898466005921364,0.5521315932273865,0.5722033977508545,-0.03375296667218208,0.49792641401290894,0.5654586553573608,-0.04593488574028015,0.4673270285129547,0.5657801628112793,-0.054122261703014374,0.4441438913345337,0.5629230737686157,-0.06033037230372429,0.5526169538497925,0.6165034770965576,-0.04083220288157463,0.48938754200935364,0.608686089515686,-0.0534139946103096,0.45393067598342896,0.6005883812904358,-0.05976339802145958,0.42755571007728577,0.596862256526947,-0.06624273955821991,0.5522753000259399,0.6665686964988708,-0.04480109363794327,0.5018762350082397,0.6665921807289124,-0.05304431542754173,0.5151693820953369,0.6723304390907288,-0.04707283154129982,0.5330126881599426,0.6756237149238586,-0.0430552177131176,0.5516937375068665,0.7122164964675903,-0.04819327965378761,0.5106055736541748,0.6985718607902527,-0.0533340722322464,0.5211394429206848,0.698538601398468,-0.044546838849782944,0.5367624759674072,0.6993476748466492,-0.03776947781443596
31,0.9545637965202332,0.8048731088638306,-1.1677928313247321e-07,0.9337555170059204,0.7058196663856506,-0.0008055242360569537,0.884419322013855,0.656589925289154,-0.013801897875964642,0.8330825567245483,0.6659186482429504,-0.026611102744936943,0.7991642355918884,0.7007831335067749,-0.04396720603108406,0.8826999664306641,0.6427358388900757,-0.043261073529720306,0.8013624548912048,0.6402086615562439,-0.0578036792576313,0.7538731098175049,0.6479484438896179,-0.06736794114112854,0.7207427024841309,0.6512513160705566,-0.07402299344539642,0.8904093503952026,0.7109097242355347,-0.05056838318705559,0.7989187240600586,0.7067540287971497,-0.062297236174345016,0.7473128437995911,0.6953204274177551,-0.06681659072637558,0.7111801505088806,0.6892558336257935,-0.0733766108751297,0.8908581733703613,0.7785659432411194,-0.053852666169404984,0.8090612888336182,0.7658669948577881,-0.06039709597826004,0.8169093728065491,0.7626307010650635,-0.05060344561934471,0.8365113735198975,0.7633638381958008,-0.04500090703368187,0.8860941529273987,0.8370656967163086,-0.056505922228097916,0.8169612288475037,0.8076270818710327,-0.06216350197792053,0.8210151195526123,0.7949678897857666,-0.05006805434823036,0.8391404151916504,0.7882134318351746,-0.04078688099980354,0.6015361547470093,0.6911726593971252,5.565705052390513e-08,0.5920255184173584,0.6257829070091248,0.003489238442853093,0.5617153644561768,0.5904685854911804,-0.0037874761037528515,0.5291440486907959,0.5876879692077637,-0.01230346504598856,0.5059518814086914,0.6024764776229858,-0.023973926901817322,0.546265721321106,0.5686896443367004,-0.02544884756207466,0.49239516258239746,0.566850483417511,-0.03481069952249527,0.4616209864616394,0.5673509240150452,-0.04189532622694969,0.43946248292922974,0.5649228692054749,-0.047832831740379333,0.5464953184127808,0.6131672263145447,-0.033262938261032104,0.4843628406524658,0.6090011596679688,-0.04432203248143196,0.4500173032283783,0.6006403565406799,-0.0519663468003273,0.4263858497142792,0.5965241193771362,-0.05946655571460724,0.5460343956947327,0.6627699732780457,-0.037602148950099945,0.4960940182209015,0.6635183691978455,-0.042773645371198654,0.5084936618804932,0.6699783802032471,-0.03646694868803024,0.5257492065429688,0.671358585357666,-0.03264652192592621,0.5463526248931885,0.7069799900054932,-0.04130272939801216,0.5047895312309265,0.6954980492591858,-0.043897803872823715,0.5145345330238342,0.6966305375099182,-0.034929994493722916,0.5294573903083801,0.6969466209411621,-0.028188172727823257
32,0.9588728547096252,0.8020200729370117,-4.551514720674277e-09,0.9372417330741882,0.7052499055862427,-0.003791831200942397,0.889356255531311,0.6626713871955872,-0.019821854308247566,0.8395079374313354,0.680241584777832,-0.034981586039066315,0.8077548146247864,0.7212834358215332,-0.054194215685129166,0.8867932558059692,0.6463536024093628,-0.05126960203051567,0.8069628477096558,0.6424423456192017,-0.0677524209022522,0.7598530054092407,0.647754967212677,-0.07826893031597137,0.726398229598999,0.6512090563774109,-0.08558458089828491,0.893818736076355,0.714116632938385,-0.057398125529289246,0.8034470677375793,0.7089036107063293,-0.07300407439470291,0.7518430948257446,0.6950961947441101,-0.07972317188978195,0.715579628944397,0.687072217464447,-0.08766885846853256,0.8926231861114502,0.7807798385620117,-0.05916250869631767,0.8117765188217163,0.7661342620849609,-0.0653771311044693,0.8218699097633362,0.7578665018081665,-0.05437660589814186,0.8426178097724915,0.7549057602882385,-0.04824143648147583,0.8864317536354065,0.8372912406921387,-0.06073922663927078,0.8194480538368225,0.806194543838501,-0.06314931809902191,0.8253148198127747,0.7898805737495422,-0.04965319484472275,0.8435047268867493,0.7799655199050903,-0.040208350867033005,0.5964155197143555,0.6898933053016663,3.7333037994358165e-08,0.5874278545379639,0.6244362592697144,0.0027400192338973284,0.5550011992454529,0.5886573195457458,-0.004264546558260918,0.5207722187042236,0.5887678861618042,-0.012337387539446354,0.49764731526374817,0.6064037084579468,-0.023788878694176674,0.5411643981933594,0.5658233165740967,-0.024332301691174507,0.48822107911109924,0.5626898407936096,-0.03190165013074875,0.4581145644187927,0.5632573366165161,-0.03785138204693794,0.43619292974472046,0.5607807040214539,-0.04320118576288223,0.5414503812789917,0.6106771230697632,-0.03158896043896675,0.48090243339538574,0.6063551306724548,-0.040359511971473694,0.447043776512146,0.5992624759674072,-0.04670371487736702,0.42320266366004944,0.5968499779701233,-0.05367133393883705,0.541075587272644,0.6605784893035889,-0.035621657967567444,0.4920097887516022,0.6589912176132202,-0.039749547839164734,0.5035192966461182,0.664915144443512,-0.03424258530139923,0.5200082659721375,0.6684563755989075,-0.0313720703125,0.541010320186615,0.7055315971374512,-0.039029043167829514,0.4991559088230133,0.6902865767478943,-0.04135643318295479,0.5079305171966553,0.6904411911964417,-0.033056601881980896,0.5224471688270569,0.6918189525604248,-0.027131929993629456
33,0.9609496593475342,0.7944920063018799,-5.02788068956761e-08,0.9402392506599426,0.6942875385284424,-0.004596332088112831,0.8921563625335693,0.6483383178710938,-0.021010326221585274,0.8421885371208191,0.6657915711402893,-0.03623082488775253,0.8100782632827759,0.7107489705085754,-0.05579226464033127,0.8880326747894287,0.6332799792289734,-0.05389288067817688,0.806663453578949,0.631897509098053,-0.06880996376276016,0.760158360004425,0.6383851170539856,-0.07746425271034241,0.7268543839454651,0.6402706503868103,-0.08382309973239899,0.8952720761299133,0.703677237033844,-0.05994147062301636,0.803759753704071,0.7017099261283875,-0.07514344155788422,0.7508613467216492,0.689623236656189,-0.0806306004524231,0.7113919854164124,0.6836145520210266,-0.08769388496875763,0.8950402140617371,0.7726740837097168,-0.06141311675310135,0.8163490295410156,0.7602583765983582,-0.06901399791240692,0.8272783160209656,0.7508454918861389,-0.058802325278520584,0.8469506502151489,0.7485148310661316,-0.05298669636249542,0.8899832367897034,0.8310582041740417,-0.062495701014995575,0.8216442465782166,0.7986910939216614,-0.06623008847236633,0.8270837068557739,0.78268963098526,-0.05248963087797165,0.8447533249855042,0.7747978568077087,-0.0427752286195755,0.5823841691017151,0.6809513568878174,4.814572918121485e-08,0.5704328417778015,0.6150848269462585,0.00022212351905182004,0.5357438921928406,0.575901210308075,-0.007060798816382885,0.498640239238739,0.5706128478050232,-0.014872484840452671,0.4726051390171051,0.5820789337158203,-0.025807717815041542,0.5243091583251953,0.5609480142593384,-0.02504342421889305,0.4701045751571655,0.5613985061645508,-0.03340031951665878,0.43920931220054626,0.5616656541824341,-0.0395674929022789,0.4178709387779236,0.5594464540481567,-0.04484647884964943,0.5259914994239807,0.6046403646469116,-0.030886422842741013,0.4659748077392578,0.6036276817321777,-0.04105385020375252,0.4329138994216919,0.5961799621582031,-0.048079393804073334,0.4100530445575714,0.5936394929885864,-0.05521881580352783,0.5267577767372131,0.6536673903465271,-0.03377094864845276,0.4780418276786804,0.6556612253189087,-0.03854368254542351,0.4879939556121826,0.6619738936424255,-0.032802384346723557,0.5032402276992798,0.6655390858650208,-0.029536688700318336,0.5267099738121033,0.6982905864715576,-0.0363321378827095,0.4826413094997406,0.6839427947998047,-0.038944393396377563,0.4893728196620941,0.6837143301963806,-0.030876945704221725,0.5029453039169312,0.685543417930603,-0.025013448670506477
34,0.9623514413833618,0.7929738163948059,-8.601069367841774e-08,0.9410896897315979,0.6918177008628845,-0.003731874283403158,0.891985297203064,0.64579838514328,-0.01934415102005005,0.8404337763786316,0.662784218788147,-0.03372946009039879,0.8076511025428772,0.706452488899231,-0.0525515116751194,0.8884277939796448,0.6297187805175781,-0.05244613438844681,0.8060443997383118,0.6312358379364014,-0.06584753841161728,0.75956130027771,0.6388259530067444,-0.0735190287232399,0.7261865735054016,0.6396241784095764,-0.07943637669086456,0.8971931338310242,0.7000082731246948,-0.05839024484157562,0.8049289584159851,0.700373649597168,-0.07240685075521469,0.7508140206336975,0.6893900036811829,-0.07759284973144531,0.7105898261070251,0.6834121942520142,-0.0846625342965126,0.8977459669113159,0.7690033912658691,-0.059528104960918427,0.818098247051239,0.7584033012390137,-0.066522516310215,0.8275668025016785,0.7479667663574219,-0.05637618899345398,0.8464801907539368,0.7428154945373535,-0.05079995095729828,0.8926684856414795,0.8273745775222778,-0.06007097661495209,0.822162389755249,0.7985950708389282,-0.06394311040639877,0.8271670341491699,0.7819967865943909,-0.05022886395454407,0.8452341556549072,0.7712095975875854,-0.04045133665204048,0.5741896629333496,0.6762799024581909,1.030880270036505e-08,0.5604225993156433,0.6103143692016602,0.0001885498786577955,0.5255232453346252,0.5693697929382324,-0.007326063234359026,0.4892818033695221,0.5583807826042175,-0.01433652639389038,0.46315479278564453,0.5635575652122498,-0.024005016312003136,0.5166014432907104,0.5573937892913818,-0.030825480818748474,0.4611711800098419,0.557293176651001,-0.03964237868785858,0.42931294441223145,0.5594804286956787,-0.0454183891415596,0.40864574909210205,0.5597856640815735,-0.050199903547763824,0.5188050270080566,0.6028204560279846,-0.03521513193845749,0.45749425888061523,0.6025540232658386,-0.04550665244460106,0.4233531951904297,0.5957385897636414,-0.05093013122677803,0.4005588889122009,0.5930876135826111,-0.056962206959724426,0.5193821787834167,0.6520379781723022,-0.03608492389321327,0.4682087302207947,0.6527736186981201,-0.03814219683408737,0.47088682651519775,0.656877338886261,-0.029222214594483376,0.48198962211608887,0.6592555046081543,-0.024478375911712646,0.5197452306747437,0.6961132287979126,-0.03679107502102852,0.4736124277114868,0.680206835269928,-0.03706050291657448,0.47030940651893616,0.676080048084259,-0.027732007205486298,0.4760337173938751,0.6757395267486572,-0.021159702911973
35,0.9623514413833618,0.7929738163948059,-8.601069367841774e-08,0.9410896897315979,0.6918177008628845,-0.003731874283403158,0.891985297203064,0.64579838514328,-0.01934415102005005,0.8404337763786316,0.662784218788147,-0.03372946009039879,0.8076511025428772,0.706452488899231,-0.0525515116751194,0.8884277939796448,0.6297187805175781,-0.05244613438844681,0.8060443997383118,0.6312358379364014,-0.06584753841161728,0.75956130027771,0.6388259530067444,-0.0735190287232399,0.7261865735054016,0.6396241784095764,-0.07943637669086456,0.8971931338310242,0.7000082731246948,-0.05839024484157562,0.8049289584159851,0.700373649597168,-0.07240685075521469,0.7508140206336975,0.6893900036811829,-0.07759284973144531,0.7105898261070251,0.6834121942520142,-0.0846625342965126,0.8977459669113159,0.7690033912658691,-0.059528104960918427,0.818098247051239,0.7584033012390137,-0.066522516310215,0.8275668025016785,0.7479667663574219,-0.05637618899345398,0.8464801907539368,0.7428154945373535,-0.05079995095729828,0.8926684856414795,0.8273745775222778,-0.06007097661495209,0.822162389755249,0.7985950708389282,-0.06394311040639877,0.8271670341491699,0.7819967865943909,-0.05022886395454407,0.8452341556549072,0.7712095975875854,-0.04045133665204048,0.5741896629333496,0.6762799024581909,1.030880270036505e-08,0.5604225993156433,0.6103143692016602,0.0001885498786577955,0.5255232453346252,0.5693697929382324,-0.007326063234359026,0.4892818033695221,0.5583807826042175,-0.01433652639389038,0.46315479278564453,0.5635575652122498,-0.024005016312003136,0.5166014432907104,0.5573937892913818,-0.030825480818748474,0.4611711800098419,0.557293176651001,-0.03964237868785858,0.42931294441223145,0.5594804286956787,-0.0454183891415596,0.40864574909210205,0.5597856640815735,-0.050199903547763824,0.5188050270080566,0.6028204560279846,-0.03521513193845749,0.45749425888061523,0.6025540232658386,-0.04550665244460106,0.4233531951904297,0.5957385897636414,-0.05093013122677803,0.4005588889122009,0.5930876135826111,-0.056962206959724426,0.5193821787834167,0.6520379781723022,-0.03608492389321327,0.4682087302207947,0.6527736186981201,-0.03814219683408737,0.47088682651519775,0.656877338886261,-0.029222214594483376,0.48198962211608887,0.6592555046081543,-0.024478375911712646,0.5197452306747437,0.6961132287979126,-0.03679107502102852,0.4736124277114868,0.680206835269928,-0.03706050291657448,0.47030940651893616,0.676080048084259,-0.027732007205486298,0.4760337173938751,0.6757395267486572,-0.021159702911973
36,0.9627455472946167,0.7925269603729248,-8.710890853080855e-08,0.9421210289001465,0.6905156373977661,-0.0019517071777954698,0.8932009935379028,0.6433731913566589,-0.0157408956438303,0.8432921767234802,0.6559311151504517,-0.029121296480298042,0.809912383556366,0.6966525316238403,-0.04711482301354408,0.8859325647354126,0.6283949613571167,-0.04625646024942398,0.8034626841545105,0.6310856342315674,-0.06046499311923981,0.7564324140548706,0.6398141980171204,-0.06975748389959335,0.7230334281921387,0.6437395215034485,-0.0764504075050354,0.8944886922836304,0.6982524991035461,-0.05312855541706085,0.8024930357933044,0.6992964744567871,-0.0658491849899292,0.7508688569068909,0.6892128586769104,-0.07112077623605728,0.7128041386604309,0.6840893030166626,-0.0783412829041481,0.8957579731941223,0.7678044438362122,-0.05576644465327263,0.8160058856010437,0.757495641708374,-0.06261377781629562,0.8274226188659668,0.7509944438934326,-0.053196318447589874,0.8482949137687683,0.7500441074371338,-0.048044174909591675,0.8918628692626953,0.8279447555541992,-0.05783788487315178,0.8224080801010132,0.797241747379303,-0.06237994506955147,0.8277648687362671,0.7823599576950073,-0.049539413303136826,0.8460111618041992,0.7741588354110718,-0.04025019705295563,0.5620633959770203,0.6691677570343018,9.302092962570896e-08,0.5499467253684998,0.6052702069282532,-0.0004534101171884686,0.5156286954879761,0.5690525770187378,-0.007638987619429827,0.48103976249694824,0.5656294822692871,-0.014920035377144814,0.45635974407196045,0.5781253576278687,-0.02492549829185009,0.5044513940811157,0.5548520684242249,-0.024174580350518227,0.45294415950775146,0.555454671382904,-0.03206690773367882,0.42250117659568787,0.5545662045478821,-0.03812083974480629,0.40197044610977173,0.5519025921821594,-0.04341689869761467,0.5054238438606262,0.5991153120994568,-0.029240446165204048,0.4477827548980713,0.5981901288032532,-0.03817350044846535,0.41668277978897095,0.5912426710128784,-0.04392126202583313,0.39568382501602173,0.5880327820777893,-0.05014009028673172,0.505633533000946,0.6478354334831238,-0.03168411925435066,0.45787668228149414,0.6508243083953857,-0.03514500707387924,0.4663134217262268,0.6552944183349609,-0.028805648908019066,0.48098933696746826,0.6560797691345215,-0.025241833180189133,0.5056910514831543,0.6919044852256775,-0.033992551267147064,0.4652014672756195,0.6785951852798462,-0.03540334105491638,0.46997255086898804,0.6767958402633667,-0.027356605976819992,0.4814407229423523,0.6765754222869873,-0.02171722613275051
37,0.9609934091567993,0.7901163101196289,-8.945660567860614e-08,0.9409518241882324,0.6896277666091919,-0.0007229836191982031,0.8910197019577026,0.6397400498390198,-0.013701867312192917,0.8391311764717102,0.6453471779823303,-0.026302926242351532,0.804000198841095,0.678700864315033,-0.0435556136071682,0.8845791816711426,0.6277135610580444,-0.04616933688521385,0.8011528253555298,0.6294163465499878,-0.0614851750433445,0.752668023109436,0.6383132934570312,-0.07173439115285873,0.7197873592376709,0.6440737247467041,-0.0788208395242691,0.8921144008636475,0.6957492828369141,-0.0526035912334919,0.8014068603515625,0.6963736414909363,-0.0644647479057312,0.7503524422645569,0.6858740448951721,-0.06891804188489914,0.714080810546875,0.682099461555481,-0.07562536001205444,0.8924533724784851,0.7640860080718994,-0.05476967990398407,0.813974916934967,0.7559515833854675,-0.05875621363520622,0.8244142532348633,0.7503745555877686,-0.04671495780348778,0.8457107543945312,0.7498181462287903,-0.04027942568063736,0.8875898122787476,0.8230342864990234,-0.0565640889108181,0.8186357021331787,0.7950965166091919,-0.059428926557302475,0.8235473036766052,0.7818241715431213,-0.045903850346803665,0.8425659537315369,0.7745376825332642,-0.03605227544903755,0.5569250583648682,0.6726850271224976,9.431757064248814e-08,0.545961320400238,0.6080337166786194,-0.0004000520275440067,0.5122191905975342,0.5714115500450134,-0.007341058924794197,0.47784778475761414,0.5669228434562683,-0.014373387210071087,0.4535921514034271,0.5772305727005005,-0.024046510457992554,0.5015448927879333,0.557972252368927,-0.023713456466794014,0.45049554109573364,0.557603120803833,-0.0315840058028698,0.420693576335907,0.5562022924423218,-0.037820618599653244,0.4003021717071533,0.5519265532493591,-0.043348122388124466,0.5013577938079834,0.6024007797241211,-0.02888364903628826,0.4446984827518463,0.6004182696342468,-0.03734287992119789,0.4143725037574768,0.5925271511077881,-0.042958930134773254,0.3937107026576996,0.5888139009475708,-0.04923265427350998,0.5009691715240479,0.651648998260498,-0.03149319440126419,0.4556128680706024,0.653253972530365,-0.03468255698680878,0.4642823040485382,0.6589167714118958,-0.02843235619366169,0.4785490930080414,0.661194920539856,-0.025116099044680595,0.5006228089332581,0.6965910196304321,-0.03399888426065445,0.46226072311401367,0.6830138564109802,-0.03522491827607155,0.46758201718330383,0.6817381978034973,-0.02719135582447052,0.4792653024196625,0.6820629835128784,-0.021675100550055504
38,0.962727963924408,0.7784538865089417,-2.0972793279838697e-08,0.9365984797477722,0.6797358393669128,-0.0020447089336812496,0.8854840993881226,0.6402207612991333,-0.017874009907245636,0.8353524208068848,0.6643105745315552,-0.03240662068128586,0.8039571046829224,0.7104213237762451,-0.05109410360455513,0.8857002258300781,0.6233430504798889,-0.053612563759088516,0.8010176420211792,0.6236805319786072,-0.06926202028989792,0.7528949975967407,0.6344552636146545,-0.078309565782547,0.7180286645889282,0.6386673450469971,-0.0842362493276596,0.8920975923538208,0.6925638318061829,-0.05990368872880936,0.7988787889480591,0.6924855709075928,-0.0743030309677124,0.7453405857086182,0.6810043454170227,-0.07867171615362167,0.7073808908462524,0.6712389588356018,-0.0844574049115181,0.8912769556045532,0.7595525979995728,-0.0613151453435421,0.8102059364318848,0.749670684337616,-0.06631780415773392,0.8120019435882568,0.733235239982605,-0.05497485771775246,0.8273305296897888,0.7217389941215515,-0.04839035123586655,0.8851233720779419,0.8173443675041199,-0.06221986934542656,0.8165884613990784,0.7895677089691162,-0.06283368915319443,0.8119773268699646,0.7665023803710938,-0.04856708273291588,0.8222772479057312,0.747294545173645,-0.038461074233055115,0.5573239326477051,0.6904722452163696,1.0898180136109659e-07,0.5429576635360718,0.6191185116767883,-0.00043192660086788237,0.5078381299972534,0.5842697620391846,-0.01014619693160057,0.47224968671798706,0.5874727368354797,-0.02040671370923519,0.4483987092971802,0.6076833605766296,-0.03371039032936096,0.4949108362197876,0.5688722729682922,-0.030698230490088463,0.4379030466079712,0.5666152834892273,-0.04149414598941803,0.4054148495197296,0.5665979981422424,-0.04949475824832916,0.3811163306236267,0.5639058351516724,-0.05629749223589897,0.4956497848033905,0.6151536107063293,-0.03651336207985878,0.4329203963279724,0.6103819012641907,-0.04865472763776779,0.39743420481681824,0.6002830862998962,-0.05642400309443474,0.3723696768283844,0.594872236251831,-0.06456639617681503,0.4952253997325897,0.66764235496521,-0.03903844952583313,0.4469880163669586,0.6668796539306641,-0.043311748653650284,0.45959800481796265,0.6687687635421753,-0.03618095815181732,0.47704046964645386,0.6692239046096802,-0.03248803690075874,0.4948134422302246,0.7146642208099365,-0.041387889534235,0.45296138525009155,0.6977529525756836,-0.04334184527397156,0.4635164737701416,0.6956872940063477,-0.03442032262682915,0.47988951206207275,0.6966971755027771,-0.028338076546788216
39,0.962727963924408,0.7784538865089417,-2.0972793279838697e-08,0.9365984797477722,0.6797358393669128,-0.0020447089336812496,0.8854840993881226,0.6402207612991333,-0.017874009907245636,0.8353524208068848,0.6643105745315552,-0.03240662068128586,0.8039571046829224,0.7104213237762451,-0.05109410360455513,0.8857002258300781,0.6233430504798889,-0.053612563759088516,0.8010176420211792,0.6236805319786072,-0.06926202028989792,0.7528949975967407,0.6344552636146545,-0.078309565782547,0.7180286645889282,0.6386673450469971,-0.0842362493276596,0.8920975923538208,0.6925638318061829,-0.05990368872880936,0.7988787889480591,0.6924855709075928,-0.0743030309677124,0.7453405857086182,0.6810043454170227,-0.07867171615362167,0.7073808908462524,0.6712389588356018,-0.0844574049115181,0.8912769556045532,0.7595525979995728,-0.0613151453435421,0.8102059364318848,0.749670684337616,-0.06631780415773392,0.8120019435882568,0.733235239982605,-0.05497485771775246,0.8273305296897888,0.7217389941215515,-0.04839035123586655,0.8851233720779419,0.8173443675041199,-0.06221986934542656,0.8165884613990784,0.7895677089691162,-0.06283368915319443,0.8119773268699646,0.7665023803710938,-0.04856708273291588,0.8222772479057312,0.747294545173645,-0.038461074233055115,0.5573239326477051,0.6904722452163696,1.0898180136109659e-07,0.5429576635360718,0.6191185116767883,-0.00043192660086788237,0.5078381299972534,0.5842697620391846,-0.01014619693160057,0.47224968671798706,0.5874727368354797,-0.02040671370923519,0.4483987092971802,0.6076833605766296,-0.03371039032936096,0.4949108362197876,0.5688722729682922,-0.030698230490088463,0.4379030466079712,0.5666152834892273,-0.04149414598941803,0.4054148495197296,0.5665979981422424,-0.04949475824832916,0.3811163306236267,0.5639058351516724,-0.05629749223589897,0.4956497848033905,0.6151536107063293,-0.03651336207985878,0.4329203963279724,0.6103819012641907,-0.04865472763776779,0.39743420481681824,0.6002830862998962,-0.05642400309443474,0.3723696768283844,0.594872236251831,-0.06456639617681503,0.4952253997325897,0.66764235496521,-0.03903844952583313,0.4469880163669586,0.6668796539306641,-0.043311748653650284,0.45959800481796265,0.6687687635421753,-0.03618095815181732,0.47704046964645386,0.6692239046096802,-0.03248803690075874,0.4948134422302246,0.7146642208099365,-0.041387889534235,0.45296138525009155,0.6977529525756836,-0.04334184527397156,0.4635164737701416,0.6956872940063477,-0.03442032262682915,0.47988951206207275,0.6966971755027771,-0.028338076546788216
40,0.9618694186210632,0.7641323804855347,9.209082918459899e-08,0.9353526830673218,0.662260115146637,-0.00888466089963913,0.8828093409538269,0.6201541423797607,-0.027605459094047546,0.8302732110023499,0.642126202583313,-0.043515220284461975,0.7984788417816162,0.6905331611633301,-0.06327474117279053,0.8879314661026001,0.6193594336509705,-0.062230516225099564,0.803902268409729,0.6179949641227722,-0.07690996676683426,0.7581608295440674,0.62375807762146,-0.08440033346414566,0.7234687209129333,0.6264006495475769,-0.08954762667417526,0.8946666717529297,0.6920838356018066,-0.06552442908287048,0.8025575876235962,0.6906664967536926,-0.08190669119358063,0.747663140296936,0.6783245205879211,-0.08750694990158081,0.7086890935897827,0.6723586916923523,-0.09418565034866333,0.893011748790741,0.7610342502593994,-0.06386249512434006,0.8117618560791016,0.7424517869949341,-0.07129785418510437,0.8130693435668945,0.7216758131980896,-0.06100839748978615,0.8276852369308472,0.712995707988739,-0.054805688560009,0.8851255178451538,0.8161754012107849,-0.06201719492673874,0.8157529234886169,0.7803620100021362,-0.06365111470222473,0.8145424127578735,0.7552914619445801,-0.04978497698903084,0.8283023238182068,0.7413465976715088,-0.04026603698730469,0.5535246133804321,0.7012121677398682,9.224949337749422e-08,0.5411468148231506,0.6268252730369568,-0.0023650999646633863,0.5058969855308533,0.5855452418327332,-0.010752188973128796,0.46749624609947205,0.5844756960868835,-0.017800524830818176,0.4416157603263855,0.602619469165802,-0.02797306887805462,0.49052703380584717,0.5833190083503723,-0.03473954275250435,0.43021389842033386,0.5789196491241455,-0.04458247870206833,0.3975125849246979,0.5790761709213257,-0.050609953701496124,0.3724030554294586,0.5782965421676636,-0.05478523299098015,0.4895400404930115,0.6352857947349548,-0.038032274693250656,0.42565715312957764,0.6263315677642822,-0.04727968946099281,0.3887920677661896,0.6153778433799744,-0.05137455090880394,0.3603697419166565,0.6099012494087219,-0.05567420274019241,0.48897677659988403,0.6865538358688354,-0.038054853677749634,0.4346454441547394,0.6774675250053406,-0.042797040194272995,0.4290520250797272,0.6697584390640259,-0.037907082587480545,0.4319493770599365,0.6669514179229736,-0.03472905233502388,0.4890984892845154,0.7312952876091003,-0.03752011060714722,0.4451996982097626,0.7102072238922119,-0.03852158784866333,0.44716742634773254,0.7037620544433594,-0.02903830073773861,0.4583331346511841,0.7024235129356384,-0.02194465696811676
