frame,feature_0,feature_1,feature_2,feature_3,feature_4,feature_5,feature_6,feature_7,feature_8,feature_9,feature_10,feature_11,feature_12,feature_13,feature_14,feature_15,feature_16,feature_17,feature_18,feature_19,feature_20,feature_21,feature_22,feature_23,feature_24,feature_25,feature_26,feature_27,feature_28,feature_29,feature_30,feature_31,feature_32,feature_33,feature_34,feature_35,feature_36,feature_37,feature_38,feature_39,feature_40,feature_41,feature_42,feature_43,feature_44,feature_45,feature_46,feature_47,feature_48,feature_49,feature_50,feature_51,feature_52,feature_53,feature_54,feature_55,feature_56,feature_57,feature_58,feature_59,feature_60,feature_61,feature_62,feature_63,feature_64,feature_65,feature_66,feature_67,feature_68,feature_69,feature_70,feature_71,feature_72,feature_73,feature_74,feature_75,feature_76,feature_77,feature_78,feature_79,feature_80,feature_81,feature_82,feature_83,feature_84,feature_85,feature_86,feature_87,feature_88,feature_89,feature_90,feature_91,feature_92,feature_93,feature_94,feature_95,feature_96,feature_97,feature_98,feature_99,feature_100,feature_101,feature_102,feature_103,feature_104,feature_105,feature_106,feature_107,feature_108,feature_109,feature_110,feature_111,feature_112,feature_113,feature_114,feature_115,feature_116,feature_117,feature_118,feature_119,feature_120,feature_121,feature_122,feature_123,feature_124,feature_125
1,0.26668089628219604,0.2606256306171417,-6.236790994762487e-08,0.2596725821495056,0.21452273428440094,0.004046998918056488,0.2374701350927353,0.18598569929599762,0.0018003856530413032,0.21475066244602203,0.18591457605361938,-0.0016837003640830517,0.19874131679534912,0.19610747694969177,-0.007200834807008505,0.22515711188316345,0.1570912003517151,-0.006816765759140253,0.193940207362175,0.15134523808956146,-0.010696621611714363,0.17430686950683594,0.15021833777427673,-0.01371461246162653,0.159708172082901,0.1492420881986618,-0.016227317973971367,0.22857020795345306,0.1781981885433197,-0.012178675271570683,0.19068196415901184,0.18040746450424194,-0.014781612902879715,0.17189082503318787,0.1782730221748352,-0.01648513600230217,0.15633520483970642,0.17351296544075012,-0.019103841856122017,0.23177039623260498,0.207225039601326,-0.016132332384586334,0.19770190119743347,0.22127698361873627,-0.017188288271427155,0.20715676248073578,0.22915992140769958,-0.014457815326750278,0.21860572695732117,0.22622749209403992,-0.013646925799548626,0.23425009846687317,0.23821617662906647,-0.019558822736144066,0.20705248415470123,0.24498696625232697,-0.020291976630687714,0.2146395444869995,0.24819618463516235,-0.015652893111109734,0.2258879691362381,0.24395745992660522,-0.012553699314594269,0.9130837917327881,0.817607581615448,1.9231721992696293e-08,0.8746172785758972,0.7637619972229004,-0.0005343869561329484,0.819754421710968,0.756475567817688,-0.009711699560284615,0.7801424264907837,0.7881210446357727,-0.01946135424077511,0.7582232356071472,0.8297008275985718,-0.03224734589457512,0.8070610165596008,0.7327648997306824,-0.03437475860118866,0.7474085092544556,0.7690652012825012,-0.0497073233127594,0.7125740051269531,0.7921767830848694,-0.05970635637640953,0.6841028928756714,0.8101905584335327,-0.06713131070137024,0.8187992572784424,0.782563328742981,-0.04541756585240364,0.754098117351532,0.8251497149467468,-0.05871254578232765,0.7143536806106567,0.8546568751335144,-0.06435354799032211,0.6847358345985413,0.8809774518013,-0.07052648067474365,0.8357531428337097,0.8399428725242615,-0.05409151688218117,0.779949426651001,0.8984405398368835,-0.06670262664556503,0.7981541752815247,0.8903753757476807,-0.061500344425439835,0.819934070110321,0.8738474249839783,-0.057600244879722595,0.8548387289047241,0.897648811340332,-0.06235809996724129,0.809863805770874,0.9390117526054382,-0.07363367825746536,0.8226056694984436,0.9289416074752808,-0.06690368801355362,0.8406723141670227,0.9097447395324707,-0.06090438365936279
2,0.26668089628219604,0.2606256306171417,-6.236790994762487e-08,0.2596725821495056,0.21452273428440094,0.004046998918056488,0.2374701350927353,0.18598569929599762,0.0018003856530413032,0.21475066244602203,0.18591457605361938,-0.0016837003640830517,0.19874131679534912,0.19610747694969177,-0.007200834807008505,0.22515711188316345,0.1570912003517151,-0.006816765759140253,0.193940207362175,0.15134523808956146,-0.010696621611714363,0.17430686950683594,0.15021833777427673,-0.01371461246162653,0.159708172082901,0.1492420881986618,-0.016227317973971367,0.22857020795345306,0.1781981885433197,-0.012178675271570683,0.19068196415901184,0.18040746450424194,-0.014781612902879715,0.17189082503318787,0.1782730221748352,-0.01648513600230217,0.15633520483970642,0.17351296544075012,-0.019103841856122017,0.23177039623260498,0.207225039601326,-0.016132332384586334,0.19770190119743347,0.22127698361873627,-0.017188288271427155,0.20715676248073578,0.22915992140769958,-0.014457815326750278,0.21860572695732117,0.22622749209403992,-0.013646925799548626,0.23425009846687317,0.23821617662906647,-0.019558822736144066,0.20705248415470123,0.24498696625232697,-0.020291976630687714,0.2146395444869995,0.24819618463516235,-0.015652893111109734,0.2258879691362381,0.24395745992660522,-0.012553699314594269,0.9130837917327881,0.817607581615448,1.9231721992696293e-08,0.8746172785758972,0.7637619972229004,-0.0005343869561329484,0.819754421710968,0.756475567817688,-0.009711699560284615,0.7801424264907837,0.7881210446357727,-0.01946135424077511,0.7582232356071472,0.8297008275985718,-0.03224734589457512,0.8070610165596008,0.7327648997306824,-0.03437475860118866,0.7474085092544556,0.7690652012825012,-0.0497073233127594,0.7125740051269531,0.7921767830848694,-0.05970635637640953,0.6841028928756714,0.8101905584335327,-0.06713131070137024,0.8187992572784424,0.782563328742981,-0.04541756585240364,0.754098117351532,0.8251497149467468,-0.05871254578232765,0.7143536806106567,0.8546568751335144,-0.06435354799032211,0.6847358345985413,0.8809774518013,-0.07052648067474365,0.8357531428337097,0.8399428725242615,-0.05409151688218117,0.779949426651001,0.8984405398368835,-0.06670262664556503,0.7981541752815247,0.8903753757476807,-0.061500344425439835,0.819934070110321,0.8738474249839783,-0.057600244879722595,0.8548387289047241,0.897648811340332,-0.06235809996724129,0.809863805770874,0.9390117526054382,-0.07363367825746536,0.8226056694984436,0.9289416074752808,-0.06690368801355362,0.8406723141670227,0.9097447395324707,-0.06090438365936279
3,0.26821914315223694,0.25914835929870605,-5.9588238343621924e-08,0.2603273391723633,0.21318092942237854,0.0032259607687592506,0.2367413341999054,0.1852542757987976,0.0005436664796434343,0.2129572331905365,0.18912048637866974,-0.0032304739579558372,0.1969252973794937,0.20196202397346497,-0.009107663296163082,0.22431960701942444,0.15535390377044678,-0.00785168819129467,0.19164666533470154,0.15040850639343262,-0.012208417989313602,0.17098543047904968,0.14985227584838867,-0.01593894511461258,0.15600264072418213,0.14799806475639343,-0.019187143072485924,0.22841964662075043,0.1767125129699707,-0.012984344735741615,0.18953774869441986,0.17980213463306427,-0.01569361425936222,0.1701483130455017,0.17848190665245056,-0.01787080429494381,0.1541348248720169,0.17350317537784576,-0.020999647676944733,0.2323247492313385,0.2058088183403015,-0.016745388507843018,0.1971181035041809,0.22171124815940857,-0.01783439703285694,0.2058214247226715,0.23172807693481445,-0.014916334301233292,0.21683552861213684,0.22992469370365143,-0.01406314130872488,0.23522628843784332,0.23716066777706146,-0.020098712295293808,0.20749357342720032,0.24663791060447693,-0.020856477320194244,0.2147548645734787,0.2515372633934021,-0.015886832028627396,0.22568292915821075,0.24797865748405457,-0.012575005181133747,0.9085558652877808,0.8329069018363953,-5.046857509682923e-08,0.874113917350769,0.7634971737861633,0.002636363497003913,0.8211092948913574,0.7451895475387573,-0.006120222620666027,0.7797967791557312,0.7742064595222473,-0.01527517568320036,0.7557765245437622,0.8130708336830139,-0.02825360931456089,0.8065493702888489,0.7218032479286194,-0.035510558634996414,0.7432085871696472,0.758176326751709,-0.05063902214169502,0.7058141231536865,0.7815945744514465,-0.061144351959228516,0.6774669289588928,0.7968839406967163,-0.06884513050317764,0.8190971612930298,0.7742170095443726,-0.04602990299463272,0.7482158541679382,0.8154746294021606,-0.058090485632419586,0.7062905430793762,0.8447979688644409,-0.062283407896757126,0.6776342391967773,0.8650517463684082,-0.06772059947252274,0.8338209986686707,0.8335652947425842,-0.05347885563969612,0.7660194039344788,0.8809836506843567,-0.06210187077522278,0.7707401514053345,0.8873263597488403,-0.055560652166604996,0.7869325280189514,0.8800534009933472,-0.05163254216313362,0.8487616777420044,0.8917397260665894,-0.060209427028894424,0.796040415763855,0.9237892031669617,-0.06674173474311829,0.8011101484298706,0.9171258807182312,-0.05803566053509712,0.8175193071365356,0.8991603255271912,-0.05105651915073395
4,0.26821914315223694,0.25914835929870605,-5.9588238343621924e-08,0.2603273391723633,0.21318092942237854,0.0032259607687592506,0.2367413341999054,0.1852542757987976,0.0005436664796434343,0.2129572331905365,0.18912048637866974,-0.0032304739579558372,0.1969252973794937,0.20196202397346497,-0.009107663296163082,0.22431960701942444,0.15535390377044678,-0.00785168819129467,0.19164666533470154,0.15040850639343262,-0.012208417989313602,0.17098543047904968,0.14985227584838867,-0.01593894511461258,0.15600264072418213,0.14799806475639343,-0.019187143072485924,0.22841964662075043,0.1767125129699707,-0.012984344735741615,0.18953774869441986,0.17980213463306427,-0.01569361425936222,0.1701483130455017,0.17848190665245056,-0.01787080429494381,0.1541348248720169,0.17350317537784576,-0.020999647676944733,0.2323247492313385,0.2058088183403015,-0.016745388507843018,0.1971181035041809,0.22171124815940857,-0.01783439703285694,0.2058214247226715,0.23172807693481445,-0.014916334301233292,0.21683552861213684,0.22992469370365143,-0.01406314130872488,0.23522628843784332,0.23716066777706146,-0.020098712295293808,0.20749357342720032,0.24663791060447693,-0.020856477320194244,0.2147548645734787,0.2515372633934021,-0.015886832028627396,0.22568292915821075,0.24797865748405457,-0.012575005181133747,0.9085558652877808,0.8329069018363953,-5.046857509682923e-08,0.874113917350769,0.7634971737861633,0.002636363497003913,0.8211092948913574,0.7451895475387573,-0.006120222620666027,0.7797967791557312,0.7742064595222473,-0.01527517568320036,0.7557765245437622,0.8130708336830139,-0.02825360931456089,0.8065493702888489,0.7218032479286194,-0.035510558634996414,0.7432085871696472,0.758176326751709,-0.05063902214169502,0.7058141231536865,0.7815945744514465,-0.061144351959228516,0.6774669289588928,0.7968839406967163,-0.06884513050317764,0.8190971612930298,0.7742170095443726,-0.04602990299463272,0.7482158541679382,0.8154746294021606,-0.058090485632419586,0.7062905430793762,0.8447979688644409,-0.062283407896757126,0.6776342391967773,0.8650517463684082,-0.06772059947252274,0.8338209986686707,0.8335652947425842,-0.05347885563969612,0.7660194039344788,0.8809836506843567,-0.06210187077522278,0.7707401514053345,0.8873263597488403,-0.055560652166604996,0.7869325280189514,0.8800534009933472,-0.05163254216313362,0.8487616777420044,0.8917397260665894,-0.060209427028894424,0.796040415763855,0.9237892031669617,-0.06674173474311829,0.8011101484298706,0.9171258807182312,-0.05803566053509712,0.8175193071365356,0.8991603255271912,-0.05105651915073395
5,0.26582762598991394,0.2557840347290039,-6.408972552662817e-08,0.2579531669616699,0.21143993735313416,0.0036238795146346092,0.23481811583042145,0.18436184525489807,0.00143904285505414,0.2117217779159546,0.18623195588588715,-0.0017321109771728516,0.19602268934249878,0.1982487291097641,-0.007022489793598652,0.2244986891746521,0.1566067636013031,-0.007977701723575592,0.1935213953256607,0.15219920873641968,-0.012040392495691776,0.1735847294330597,0.15316036343574524,-0.015344221144914627,0.15892094373703003,0.15314844250679016,-0.018032919615507126,0.22788777947425842,0.17818573117256165,-0.01275197695940733,0.18992310762405396,0.18164390325546265,-0.014739935286343098,0.17080546915531158,0.18080748617649078,-0.01639377884566784,0.15526236593723297,0.17687347531318665,-0.01908639818429947,0.23127318918704987,0.20688007771968842,-0.01602817326784134,0.19786560535430908,0.2232268899679184,-0.016398835927248,0.20541824400424957,0.23083068430423737,-0.013831828720867634,0.21535179018974304,0.22835089266300201,-0.013144818134605885,0.2338317483663559,0.23745301365852356,-0.01881909742951393,0.20760753750801086,0.2472277283668518,-0.018947536125779152,0.21390603482723236,0.2502942681312561,-0.014204968698322773,0.22389289736747742,0.2463805377483368,-0.010991031304001808,0.9096981287002563,0.8257272839546204,-5.797770441517969e-08,0.8730947375297546,0.7605674862861633,0.0028075322043150663,0.8182631731033325,0.7492655515670776,-0.006978458724915981,0.777859091758728,0.7839615941047668,-0.017190800979733467,0.7543043494224548,0.8251376748085022,-0.031111599877476692,0.8064946532249451,0.7185313701629639,-0.03802718594670296,0.742676854133606,0.7559735774993896,-0.053473714739084244,0.7064714431762695,0.7802395224571228,-0.06421073526144028,0.6781306862831116,0.7966371774673462,-0.07244403660297394,0.8196272253990173,0.7702950835227966,-0.04934098571538925,0.7485780119895935,0.8143101334571838,-0.061176273971796036,0.7082362174987793,0.8438430428504944,-0.06526422500610352,0.6793710589408875,0.8659312129020691,-0.07134899497032166,0.8348773121833801,0.829985499382019,-0.057424355298280716,0.7683674097061157,0.8822187781333923,-0.06553054600954056,0.7802118062973022,0.8816942572593689,-0.058006707578897476,0.8001224398612976,0.868939220905304,-0.05431223660707474,0.8503679037094116,0.8882849216461182,-0.06483937054872513,0.7980335354804993,0.9234718680381775,-0.07199617475271225,0.8064415454864502,0.9152489900588989,-0.06317169964313507,0.8240243196487427,0.8957299590110779,-0.056620288640260696
6,0.909894585609436,0.8234068155288696,-2.5660364499913157e-08,0.8736052513122559,0.7574421763420105,0.002737895119935274,0.8201388120651245,0.7447341680526733,-0.0071850731037557125,0.7806576490402222,0.7784139513969421,-0.01747054234147072,0.7573735117912292,0.8199468851089478,-0.03162067010998726,0.8081163167953491,0.720655083656311,-0.038692548871040344,0.7447760701179504,0.7577639818191528,-0.05394449457526207,0.7082878351211548,0.7829098105430603,-0.06410026550292969,0.6804987192153931,0.7988559007644653,-0.07173531502485275,0.821316123008728,0.7745609879493713,-0.04993480443954468,0.7498915195465088,0.8158935904502869,-0.06176415830850601,0.7094826698303223,0.8444499373435974,-0.0654153823852539,0.6815184950828552,0.8647366166114807,-0.07079176604747772,0.8368608951568604,0.8355498313903809,-0.0578497089445591,0.7680518627166748,0.8823837041854858,-0.06634781509637833,0.7777407169342041,0.881486713886261,-0.05886583775281906,0.7967545986175537,0.868851900100708,-0.05475403368473053,0.8529331088066101,0.8945735692977905,-0.06499523669481277,0.8003848195075989,0.9240326881408691,-0.07233884930610657,0.8074156641960144,0.914813220500946,-0.06327007710933685,0.8243569731712341,0.8959760665893555,-0.0562170147895813,0.2661806643009186,0.2541280686855316,-8.12707980912819e-08,0.2575300335884094,0.210747629404068,0.0032841560896486044,0.23380853235721588,0.18414993584156036,0.0004725914041046053,0.21128085255622864,0.18571007251739502,-0.003380680689588189,0.19618850946426392,0.19689667224884033,-0.0094522750005126,0.22413548827171326,0.15806844830513,-0.010283833369612694,0.19152572751045227,0.15233905613422394,-0.01607661508023739,0.17077501118183136,0.15277187526226044,-0.020429374650120735,0.15585803985595703,0.15240469574928284,-0.023797454312443733,0.22809191048145294,0.17983300983905792,-0.015675866976380348,0.18860070407390594,0.18243683874607086,-0.019169354811310768,0.1680399775505066,0.18323169648647308,-0.021016031503677368,0.15206237137317657,0.18127883970737457,-0.02378760650753975,0.23169198632240295,0.2085118293762207,-0.019689342007040977,0.19666758179664612,0.22305186092853546,-0.02142556942999363,0.20415185391902924,0.23302453756332397,-0.018236299976706505,0.21466076374053955,0.23220503330230713,-0.01707838475704193,0.2346610277891159,0.23933151364326477,-0.02327597141265869,0.20699773728847504,0.2490290105342865,-0.02456410974264145,0.21320664882659912,0.2540082633495331,-0.019619513303041458,0.22333426773548126,0.2509964108467102,-0.016212839633226395
7,0.9162185192108154,0.8227993845939636,-5.558841564834438e-08,0.879557728767395,0.7610445618629456,0.0021133411210030317,0.8244593739509583,0.7521389126777649,-0.007894107140600681,0.7831573486328125,0.7867028713226318,-0.01840280555188656,0.7587066888809204,0.8264106512069702,-0.03250960633158684,0.8128941655158997,0.7190074324607849,-0.037203945219516754,0.74968022108078,0.7559314966201782,-0.052502408623695374,0.7137020826339722,0.7801027894020081,-0.06273985654115677,0.6853753924369812,0.7969528436660767,-0.0704711526632309,0.8252378702163696,0.7696560025215149,-0.048590414226055145,0.7548045516014099,0.8138636350631714,-0.0603240504860878,0.7146401405334473,0.8432058095932007,-0.06425686925649643,0.6854169964790344,0.8668073415756226,-0.0699809268116951,0.8405466675758362,0.8280752897262573,-0.0569603331387043,0.777124285697937,0.8823044896125793,-0.06534374505281448,0.791483998298645,0.8799217939376831,-0.0581192746758461,0.8116815090179443,0.8658176064491272,-0.05447634682059288,0.8566223978996277,0.8855230808258057,-0.06477952748537064,0.8056582808494568,0.9224152565002441,-0.07225239276885986,0.8158807754516602,0.9148053526878357,-0.06374605000019073,0.8334057331085205,0.895720362663269,-0.057365089654922485,0.26504409313201904,0.2455042600631714,-4.009940113292032e-08,0.25577735900878906,0.20370174944400787,0.0014922809787094593,0.2324618101119995,0.17884615063667297,-0.0029983283020555973,0.20860743522644043,0.18584197759628296,-0.008290420286357403,0.1940382570028305,0.20211736857891083,-0.015503661707043648,0.2223254293203354,0.1591285765171051,-0.014521191827952862,0.18601126968860626,0.15786874294281006,-0.021552827209234238,0.16429653763771057,0.15948578715324402,-0.02593340165913105,0.14879542589187622,0.16040463745594025,-0.029544739052653313,0.22708618640899658,0.18064604699611664,-0.01995972730219364,0.186043843626976,0.18470823764801025,-0.02711871825158596,0.16334879398345947,0.1853991448879242,-0.03058798983693123,0.14568442106246948,0.18396557867527008,-0.034130651503801346,0.23089748620986938,0.2101307213306427,-0.023896759375929832,0.1953887790441513,0.22543275356292725,-0.02778545208275318,0.20519980788230896,0.23312023282051086,-0.023580685257911682,0.21705611050128937,0.2281637191772461,-0.021262288093566895,0.23473502695560455,0.2405869960784912,-0.02752779610455036,0.2061675488948822,0.2511637806892395,-0.02925991266965866,0.21462339162826538,0.253734827041626,-0.023307807743549347,0.22578144073486328,0.24837976694107056,-0.019208064302802086
8,0.9162185192108154,0.8227993845939636,-5.558841564834438e-08,0.879557728767395,0.7610445618629456,0.0021133411210030317,0.8244593739509583,0.7521389126777649,-0.007894107140600681,0.7831573486328125,0.7867028713226318,-0.01840280555188656,0.7587066888809204,0.8264106512069702,-0.03250960633158684,0.8128941655158997,0.7190074324607849,-0.037203945219516754,0.74968022108078,0.7559314966201782,-0.052502408623695374,0.7137020826339722,0.7801027894020081,-0.06273985654115677,0.6853753924369812,0.7969528436660767,-0.0704711526632309,0.8252378702163696,0.7696560025215149,-0.048590414226055145,0.7548045516014099,0.8138636350631714,-0.0603240504860878,0.7146401405334473,0.8432058095932007,-0.06425686925649643,0.6854169964790344,0.8668073415756226,-0.0699809268116951,0.8405466675758362,0.8280752897262573,-0.0569603331387043,0.777124285697937,0.8823044896125793,-0.06534374505281448,0.791483998298645,0.8799217939376831,-0.0581192746758461,0.8116815090179443,0.8658176064491272,-0.05447634682059288,0.8566223978996277,0.8855230808258057,-0.06477952748537064,0.8056582808494568,0.9224152565002441,-0.07225239276885986,0.8158807754516602,0.9148053526878357,-0.06374605000019073,0.8334057331085205,0.895720362663269,-0.057365089654922485,0.26504409313201904,0.2455042600631714,-4.009940113292032e-08,0.25577735900878906,0.20370174944400787,0.0014922809787094593,0.2324618101119995,0.17884615063667297,-0.0029983283020555973,0.20860743522644043,0.18584197759628296,-0.008290420286357403,0.1940382570028305,0.20211736857891083,-0.015503661707043648,0.2223254293203354,0.1591285765171051,-0.014521191827952862,0.18601126968860626,0.15786874294281006,-0.021552827209234238,0.16429653763771057,0.15948578715324402,-0.02593340165913105,0.14879542589187622,0.16040463745594025,-0.029544739052653313,0.22708618640899658,0.18064604699611664,-0.01995972730219364,0.186043843626976,0.18470823764801025,-0.02711871825158596,0.16334879398345947,0.1853991448879242,-0.03058798983693123,0.14568442106246948,0.18396557867527008,-0.034130651503801346,0.23089748620986938,0.2101307213306427,-0.023896759375929832,0.1953887790441513,0.22543275356292725,-0.02778545208275318,0.20519980788230896,0.23312023282051086,-0.023580685257911682,0.21705611050128937,0.2281637191772461,-0.021262288093566895,0.23473502695560455,0.2405869960784912,-0.02752779610455036,0.2061675488948822,0.2511637806892395,-0.02925991266965866,0.21462339162826538,0.253734827041626,-0.023307807743549347,0.22578144073486328,0.24837976694107056,-0.019208064302802086
9,0.2660139501094818,0.2563522458076477,-6.59871162156378e-08,0.2574864327907562,0.21167324483394623,0.0037314537912607193,0.2349214106798172,0.184391051530838,0.0017983443103730679,0.21243636310100555,0.18572449684143066,-0.0012800655094906688,0.1965939849615097,0.19709256291389465,-0.006323757115751505,0.2231253832578659,0.15544673800468445,-0.0062696379609405994,0.19178913533687592,0.1515640765428543,-0.010214203037321568,0.1721494495868683,0.1519468128681183,-0.013575516641139984,0.15807408094406128,0.15079808235168457,-0.016379952430725098,0.22674675285816193,0.17645099759101868,-0.01147758774459362,0.18928749859333038,0.18021130561828613,-0.013545230962336063,0.17058216035366058,0.1790669560432434,-0.015388594008982182,0.1554110050201416,0.1744866967201233,-0.018194977194070816,0.23029357194900513,0.20482473075389862,-0.015398696064949036,0.19719961285591125,0.22131626307964325,-0.016205182299017906,0.20444977283477783,0.22994112968444824,-0.013853650540113449,0.21418455243110657,0.22832724452018738,-0.013236243277788162,0.23317977786064148,0.23557233810424805,-0.018893182277679443,0.20673677325248718,0.24594399333000183,-0.01955474354326725,0.21237851679325104,0.249294251203537,-0.015158730559051037,0.22165901958942413,0.24586880207061768,-0.012124728411436081,0.9149735569953918,0.8293445706367493,-7.094847376265534e-08,0.8789063692092896,0.762741208076477,0.003526136511936784,0.8252817988395691,0.7475730776786804,-0.005175068974494934,0.7841022610664368,0.7785632014274597,-0.014580824412405491,0.758466899394989,0.8167641162872314,-0.02780926041305065,0.8110564947128296,0.723882794380188,-0.034526318311691284,0.7491375207901001,0.7605503797531128,-0.04976216331124306,0.7124790549278259,0.7840084433555603,-0.0607723742723465,0.6842719316482544,0.7988295555114746,-0.06906779110431671,0.8241236805915833,0.7760610580444336,-0.04590577259659767,0.7533077597618103,0.818985641002655,-0.05684523284435272,0.7123185992240906,0.8461779356002808,-0.0611935555934906,0.6830723285675049,0.8653199672698975,-0.0673660859465599,0.8402131795883179,0.8347504138946533,-0.05420174449682236,0.7755805850028992,0.8839061260223389,-0.061573565006256104,0.7880876064300537,0.882616400718689,-0.054581418633461,0.8084120750427246,0.8679391145706177,-0.05114652216434479,0.8568418622016907,0.8916996717453003,-0.061861518770456314,0.8048746585845947,0.925116777420044,-0.06859738379716873,0.8130728602409363,0.9174951314926147,-0.060016658157110214,0.8301249742507935,0.8980416655540466,-0.05345242843031883
10,0.9109484553337097,0.8213500380516052,-1.906986391020382e-08,0.8751329183578491,0.7612166404724121,0.001089018420316279,0.8207393884658813,0.7520538568496704,-0.009485787712037563,0.7812336087226868,0.7879724502563477,-0.020428454503417015,0.7584356665611267,0.829426109790802,-0.03503435477614403,0.8095142245292664,0.7232833504676819,-0.038052160292863846,0.7477537393569946,0.7595723867416382,-0.0536402203142643,0.7127187252044678,0.7837589979171753,-0.06454386562108994,0.6850875020027161,0.7995327711105347,-0.07298263162374496,0.8223038911819458,0.7745875120162964,-0.04911356791853905,0.7535017132759094,0.8160904049873352,-0.061003368347883224,0.7141340970993042,0.8445902466773987,-0.06569104641675949,0.6851726174354553,0.8676421642303467,-0.07215437293052673,0.8380168676376343,0.8331982493400574,-0.05719919130206108,0.7740933299064636,0.8830817937850952,-0.06608317047357559,0.7898070216178894,0.8780410885810852,-0.059326108545064926,0.8111613988876343,0.8631207346916199,-0.05603766441345215,0.8544168472290039,0.8901834487915039,-0.06475716829299927,0.8037535548210144,0.923295259475708,-0.07340870052576065,0.8144421577453613,0.9137992858886719,-0.06555907428264618,0.8320779204368591,0.8941726088523865,-0.059607237577438354,0.2625710368156433,0.25287702679634094,-8.880010682332795e-08,0.25535133481025696,0.20651915669441223,0.002907071728259325,0.2334919571876526,0.1771850436925888,0.0008986155153252184,0.21234193444252014,0.17721351981163025,-0.002180839190259576,0.1976434290409088,0.1894121766090393,-0.007355920970439911,0.22206895053386688,0.1531534045934677,-0.007867742329835892,0.19168975949287415,0.1483733355998993,-0.01272169966250658,0.17255385220050812,0.14921750128269196,-0.016600817441940308,0.15794061124324799,0.14866843819618225,-0.019596273079514503,0.22491112351417542,0.1747024804353714,-0.012801483273506165,0.1884566843509674,0.1783258467912674,-0.015303323976695538,0.16911396384239197,0.17992675304412842,-0.016726335510611534,0.15375810861587524,0.17831569910049438,-0.019120778888463974,0.22756986320018768,0.2029992789030075,-0.016598211601376534,0.19511491060256958,0.217828631401062,-0.017344852909445763,0.20164333283901215,0.22684992849826813,-0.014289412647485733,0.21091198921203613,0.2267443835735321,-0.013293858617544174,0.22998102009296417,0.23372837901115417,-0.020158058032393456,0.2040870040655136,0.2428598552942276,-0.020403629168868065,0.209443598985672,0.24668395519256592,-0.015469258651137352,0.21861325204372406,0.24398618936538696,-0.012144218198955059
11,0.9109484553337097,0.8213500380516052,-1.906986391020382e-08,0.8751329183578491,0.7612166404724121,0.001089018420316279,0.8207393884658813,0.7520538568496704,-0.009485787712037563,0.7812336087226868,0.7879724502563477,-0.020428454503417015,0.7584356665611267,0.829426109790802,-0.03503435477614403,0.8095142245292664,0.7232833504676819,-0.038052160292863846,0.7477537393569946,0.7595723867416382,-0.0536402203142643,0.7127187252044678,0.7837589979171753,-0.06454386562108994,0.6850875020027161,0.7995327711105347,-0.07298263162374496,0.8223038911819458,0.7745875120162964,-0.04911356791853905,0.7535017132759094,0.8160904049873352,-0.061003368347883224,0.7141340970993042,0.8445902466773987,-0.06569104641675949,0.6851726174354553,0.8676421642303467,-0.07215437293052673,0.8380168676376343,0.8331982493400574,-0.05719919130206108,0.7740933299064636,0.8830817937850952,-0.06608317047357559,0.7898070216178894,0.8780410885810852,-0.059326108545064926,0.8111613988876343,0.8631207346916199,-0.05603766441345215,0.8544168472290039,0.8901834487915039,-0.06475716829299927,0.8037535548210144,0.923295259475708,-0.07340870052576065,0.8144421577453613,0.9137992858886719,-0.06555907428264618,0.8320779204368591,0.8941726088523865,-0.059607237577438354,0.2625710368156433,0.25287702679634094,-8.880010682332795e-08,0.25535133481025696,0.20651915669441223,0.002907071728259325,0.2334919571876526,0.1771850436925888,0.0008986155153252184,0.21234193444252014,0.17721351981163025,-0.002180839190259576,0.1976434290409088,0.1894121766090393,-0.007355920970439911,0.22206895053386688,0.1531534045934677,-0.007867742329835892,0.19168975949287415,0.1483733355998993,-0.01272169966250658,0.17255385220050812,0.14921750128269196,-0.016600817441940308,0.15794061124324799,0.14866843819618225,-0.019596273079514503,0.22491112351417542,0.1747024804353714,-0.012801483273506165,0.1884566843509674,0.1783258467912674,-0.015303323976695538,0.16911396384239197,0.17992675304412842,-0.016726335510611534,0.15375810861587524,0.17831569910049438,-0.019120778888463974,0.22756986320018768,0.2029992789030075,-0.016598211601376534,0.19511491060256958,0.217828631401062,-0.017344852909445763,0.20164333283901215,0.22684992849826813,-0.014289412647485733,0.21091198921203613,0.2267443835735321,-0.013293858617544174,0.22998102009296417,0.23372837901115417,-0.020158058032393456,0.2040870040655136,0.2428598552942276,-0.020403629168868065,0.209443598985672,0.24668395519256592,-0.015469258651137352,0.21861325204372406,0.24398618936538696,-0.012144218198955059
12,0.0,0.0,0.0,0.0,0.0,0.0,0.0,0.0,0.0,0.0,0.0,0.0,0.0,0.0,0.0,0.0,0.0,0.0,0.0,0.0,0.0,0.0,0.0,0.0,0.0,0.0,0.0,0.0,0.0,0.0,0.0,0.0,0.0,0.0,0.0,0.0,0.0,0.0,0.0,0.0,0.0,0.0,0.0,0.0,0.0,0.0,0.0,0.0,0.0,0.0,0.0,0.0,0.0,0.0,0.0,0.0,0.0,0.0,0.0,0.0,0.0,0.0,0.0,0.26235800981521606,0.25147005915641785,-8.970880571723683e-08,0.25445887446403503,0.20436905324459076,0.002390436362475157,0.23481135070323944,0.17137305438518524,-0.0007805941859260201,0.21455730497837067,0.16525541245937347,-0.005000005476176739,0.1991613209247589,0.17284610867500305,-0.011553202755749226,0.2230515331029892,0.14524368941783905,-0.01205057930201292,0.1884092390537262,0.1337605118751526,-0.019003218039870262,0.16665329039096832,0.1313871294260025,-0.023978017270565033,0.14982125163078308,0.12916289269924164,-0.027512123808264732,0.22609606385231018,0.16535387933254242,-0.017504483461380005,0.18479925394058228,0.16071386635303497,-0.022523699328303337,0.16183900833129883,0.15850938856601715,-0.025071075186133385,0.143463596701622,0.154000923037529,-0.027989812195301056,0.22851397097110748,0.19501811265945435,-0.021562326699495316,0.1930578351020813,0.20859947800636292,-0.024416940286755562,0.2004673033952713,0.22012877464294434,-0.021564442664384842,0.21156743168830872,0.2199493944644928,-0.02030808851122856,0.22966690361499786,0.22783982753753662,-0.025274086743593216,0.20035535097122192,0.23523665964603424,-0.027041299268603325,0.2066480815410614,0.24053889513015747,-0.021911688148975372,0.21775947511196136,0.2379678189754486,-0.018218575045466423
13,0.9089220762252808,0.8045111298561096,-6.148039943809636e-08,0.8737190365791321,0.7468066811561584,0.0014398485654965043,0.8195870518684387,0.7362052798271179,-0.008197838440537453,0.7790603637695312,0.770779013633728,-0.018116971477866173,0.7552031874656677,0.8110885620117188,-0.03157113865017891,0.8078901767730713,0.7078108787536621,-0.036765627562999725,0.7465068101882935,0.7449818253517151,-0.052526336163282394,0.7116252183914185,0.7676699161529541,-0.06354984641075134,0.6850548386573792,0.7819454073905945,-0.07172075659036636,0.8211085796356201,0.7589788436889648,-0.04750056564807892,0.7525571584701538,0.7996631264686584,-0.059615567326545715,0.7133699059486389,0.8269249796867371,-0.06405466049909592,0.6848452687263489,0.8475110530853271,-0.06979763507843018,0.8371471762657166,0.8165482878684998,-0.05539675056934357,0.7744424343109131,0.8655900955200195,-0.06425805389881134,0.787973165512085,0.8648383617401123,-0.057430483400821686,0.8084654211997986,0.8524113893508911,-0.05352909117937088,0.8530118465423584,0.873166561126709,-0.06280232965946198,0.803157389163971,0.905671238899231,-0.07056936621665955,0.8110986948013306,0.8994153141975403,-0.06253641098737717,0.8272466063499451,0.8832932114601135,-0.05619041249155998,0.2633953094482422,0.2474881261587143,-9.262020483902234e-08,0.2551129460334778,0.20104540884494781,0.001764459302648902,0.23339340090751648,0.16624972224235535,-0.0015605181688442826,0.2111058533191681,0.16115377843379974,-0.005771855358034372,0.1954958438873291,0.16856300830841064,-0.012264533899724483,0.2240225225687027,0.1420312374830246,-0.012516780756413937,0.18814218044281006,0.13057555258274078,-0.019326990470290184,0.16596724092960358,0.12762711942195892,-0.024055659770965576,0.14975929260253906,0.12462364137172699,-0.027581313624978065,0.22705569863319397,0.1640566885471344,-0.01784365065395832,0.185286283493042,0.15951022505760193,-0.022680332884192467,0.16185325384140015,0.1573917418718338,-0.024971550330519676,0.14337898790836334,0.15227574110031128,-0.02783726342022419,0.22927771508693695,0.19433265924453735,-0.02194722555577755,0.19303305447101593,0.20664730668067932,-0.025317756459116936,0.20128609240055084,0.21924345195293427,-0.022962717339396477,0.21310652792453766,0.21965253353118896,-0.022072389721870422,0.23059867322444916,0.22717192769050598,-0.02569136582314968,0.2010646015405655,0.23381245136260986,-0.028142619878053665,0.20762166380882263,0.23990130424499512,-0.02366730011999607,0.21861861646175385,0.23769065737724304,-0.020539434626698494
14,0.8994398713111877,0.7966035604476929,-1.6271421543478937e-08,0.863400936126709,0.7416836023330688,-0.00012822728604078293,0.8103649616241455,0.7352150678634644,-0.01054269541054964,0.7713515162467957,0.7773808836936951,-0.02167295105755329,0.7505263090133667,0.8238516449928284,-0.036477845162153244,0.7984564304351807,0.7049737572669983,-0.03367716446518898,0.7395370006561279,0.7397703528404236,-0.04895379766821861,0.7048381567001343,0.7606933116912842,-0.05968703329563141,0.677604079246521,0.7730715274810791,-0.06771869212388992,0.8109710216522217,0.7524215579032898,-0.04435967281460762,0.7451276779174805,0.7914881706237793,-0.05720159783959389,0.7049626708030701,0.8191322684288025,-0.06323380768299103,0.6748050451278687,0.8408608436584473,-0.06958220899105072,0.8271004557609558,0.8075154423713684,-0.0524749793112278,0.7676768898963928,0.8585211038589478,-0.06354060024023056,0.7831411957740784,0.8582753539085388,-0.05896684527397156,0.8040236830711365,0.8453474044799805,-0.05566202104091644,0.8437047600746155,0.8625209927558899,-0.060027725994586945,0.795860767364502,0.8985138535499573,-0.06895215809345245,0.8054984211921692,0.8925601840019226,-0.06139199435710907,0.8222975730895996,0.8759669065475464,-0.05499844253063202,0.2652958631515503,0.2539183795452118,-6.076483316519443e-08,0.258514940738678,0.20579683780670166,0.0032912681344896555,0.23677290976047516,0.17361919581890106,-0.000416813709307462,0.21289776265621185,0.1716626137495041,-0.0051589482463896275,0.19596856832504272,0.18041622638702393,-0.01232952531427145,0.22480648756027222,0.1471429318189621,-0.012364482507109642,0.19016149640083313,0.13903649151325226,-0.017921069636940956,0.16832515597343445,0.13598136603832245,-0.0216387826949358,0.15311239659786224,0.1321837604045868,-0.024804864078760147,0.22868749499320984,0.16886281967163086,-0.017795853316783905,0.1862005591392517,0.16793522238731384,-0.0212919432669878,0.16523459553718567,0.16622039675712585,-0.022184688597917557,0.14836780726909637,0.16177111864089966,-0.024377115070819855,0.2315637618303299,0.19962316751480103,-0.021655021235346794,0.19392438232898712,0.2102167159318924,-0.023032011464238167,0.20331241190433502,0.2209978699684143,-0.01883435808122158,0.21580716967582703,0.2205073982477188,-0.017242835834622383,0.23316723108291626,0.23241813480854034,-0.025034047663211823,0.20328789949417114,0.23717272281646729,-0.026330189779400826,0.21053217351436615,0.24205821752548218,-0.021154604852199554,0.22235797345638275,0.23994582891464233,-0.017684059217572212
15,0.8994398713111877,0.7966035604476929,-1.6271421543478937e-08,0.863400936126709,0.7416836023330688,-0.00012822728604078293,0.8103649616241455,0.7352150678634644,-0.01054269541054964,0.7713515162467957,0.7773808836936951,-0.02167295105755329,0.7505263090133667,0.8238516449928284,-0.036477845162153244,0.7984564304351807,0.7049737572669983,-0.03367716446518898,0.7395370006561279,0.7397703528404236,-0.04895379766821861,0.7048381567001343,0.7606933116912842,-0.05968703329563141,0.677604079246521,0.7730715274810791,-0.06771869212388992,0.8109710216522217,0.7524215579032898,-0.04435967281460762,0.7451276779174805,0.7914881706237793,-0.05720159783959389,0.7049626708030701,0.8191322684288025,-0.06323380768299103,0.6748050451278687,0.8408608436584473,-0.06958220899105072,0.8271004557609558,0.8075154423713684,-0.0524749793112278,0.7676768898963928,0.8585211038589478,-0.06354060024023056,0.7831411957740784,0.8582753539085388,-0.05896684527397156,0.8040236830711365,0.8453474044799805,-0.05566202104091644,0.8437047600746155,0.8625209927558899,-0.060027725994586945,0.795860767364502,0.8985138535499573,-0.06895215809345245,0.8054984211921692,0.8925601840019226,-0.06139199435710907,0.8222975730895996,0.8759669065475464,-0.05499844253063202,0.2652958631515503,0.2539183795452118,-6.076483316519443e-08,0.258514940738678,0.20579683780670166,0.0032912681344896555,0.23677290976047516,0.17361919581890106,-0.000416813709307462,0.21289776265621185,0.1716626137495041,-0.0051589482463896275,0.19596856832504272,0.18041622638702393,-0.01232952531427145,0.22480648756027222,0.1471429318189621,-0.012364482507109642,0.19016149640083313,0.13903649151325226,-0.017921069636940956,0.16832515597343445,0.13598136603832245,-0.0216387826949358,0.15311239659786224,0.1321837604045868,-0.024804864078760147,0.22868749499320984,0.16886281967163086,-0.017795853316783905,0.1862005591392517,0.16793522238731384,-0.0212919432669878,0.16523459553718567,0.16622039675712585,-0.022184688597917557,0.14836780726909637,0.16177111864089966,-0.024377115070819855,0.2315637618303299,0.19962316751480103,-0.021655021235346794,0.19392438232898712,0.2102167159318924,-0.023032011464238167,0.20331241190433502,0.2209978699684143,-0.01883435808122158,0.21580716967582703,0.2205073982477188,-0.017242835834622383,0.23316723108291626,0.23241813480854034,-0.025034047663211823,0.20328789949417114,0.23717272281646729,-0.026330189779400826,0.21053217351436615,0.24205821752548218,-0.021154604852199554,0.22235797345638275,0.23994582891464233,-0.017684059217572212
16,0.8913980722427368,0.8066492676734924,-1.2428562001787213e-07,0.8562800884246826,0.7391281127929688,0.002505298238247633,0.8031536936759949,0.7283400893211365,-0.008240108378231525,0.7629833817481995,0.7674294114112854,-0.020416082814335823,0.7417200207710266,0.812761664390564,-0.03603212162852287,0.7864792943000793,0.6992877125740051,-0.032020945101976395,0.7235167026519775,0.7348904609680176,-0.048815660178661346,0.689913809299469,0.7609972953796387,-0.060554925352334976,0.6637949347496033,0.780918538570404,-0.0687713697552681,0.8012723326683044,0.7480254173278809,-0.04398597776889801,0.7338474988937378,0.7896161079406738,-0.058312006294727325,0.6942092180252075,0.817955493927002,-0.0635829046368599,0.6638363599777222,0.8389139175415039,-0.06923328340053558,0.8176814913749695,0.8044367432594299,-0.053557392209768295,0.7566990852355957,0.856072187423706,-0.06389130651950836,0.7704893350601196,0.8590195775032043,-0.057299427688121796,0.7901567816734314,0.8491867780685425,-0.052871860563755035,0.8333346843719482,0.8604564666748047,-0.06258504092693329,0.7819894552230835,0.8958619236946106,-0.06910685449838638,0.7902992963790894,0.8907682299613953,-0.059659194201231,0.8070096373558044,0.87380450963974,-0.05233636125922203,0.265123188495636,0.2588159739971161,-7.539912871834531e-08,0.2577453851699829,0.21297919750213623,0.001459947437979281,0.23595161736011505,0.18315967917442322,-0.0010941518703475595,0.21337772905826569,0.18090520799160004,-0.004662638995796442,0.19754701852798462,0.19102491438388824,-0.01018908154219389,0.22532466053962708,0.1563415229320526,-0.007572264410555363,0.19455905258655548,0.15114252269268036,-0.012829163111746311,0.1748804748058319,0.1504451483488083,-0.017070187255740166,0.16005197167396545,0.14876750111579895,-0.020303603261709213,0.22866389155387878,0.17767006158828735,-0.012164109386503696,0.19045518338680267,0.17913375794887543,-0.01486151572316885,0.1705964356660843,0.17827168107032776,-0.01681843213737011,0.15518802404403687,0.17414122819900513,-0.01946171000599861,0.23154538869857788,0.20686957240104675,-0.015928179025650024,0.1971207708120346,0.22257199883460999,-0.018186544999480247,0.20353542268276215,0.23234131932258606,-0.01689893566071987,0.21349754929542542,0.23110036551952362,-0.016672097146511078,0.23385070264339447,0.23901140689849854,-0.019441718235611916,0.20724397897720337,0.2499346137046814,-0.021531900390982628,0.2121189534664154,0.254398375749588,-0.01813974604010582,0.22106117010116577,0.2520813047885895,-0.015614058822393417
17,0.8854092955589294,0.8135665059089661,-1.3363811035560502e-07,0.8515655398368835,0.739944338798523,0.0031193129252642393,0.8018305897712708,0.7193745970726013,-0.007079058326780796,0.7618638873100281,0.747767448425293,-0.018780352547764778,0.7376390099525452,0.7875284552574158,-0.03411487862467766,0.7847859263420105,0.6996636986732483,-0.032176658511161804,0.7224904298782349,0.7368878126144409,-0.04905111342668533,0.6883143186569214,0.7618862390518188,-0.06025514379143715,0.6617805361747742,0.7803617119789124,-0.0680912509560585,0.8004224896430969,0.7476344704627991,-0.04421344771981239,0.7312007546424866,0.7926892638206482,-0.059660159051418304,0.6910727620124817,0.8211649060249329,-0.06408797204494476,0.6613951325416565,0.8410279750823975,-0.06866326928138733,0.8172744512557983,0.804023802280426,-0.053749945014715195,0.7555609941482544,0.8575197458267212,-0.06467520445585251,0.7686532735824585,0.8603023886680603,-0.056386109441518784,0.7880159616470337,0.8483978509902954,-0.05049651488661766,0.8331482410430908,0.8595684170722961,-0.0627305805683136,0.7823445796966553,0.8950205445289612,-0.06966332346200943,0.791016161441803,0.8896104693412781,-0.059313323348760605,0.8083661794662476,0.8709402680397034,-0.05103325843811035,0.2674698233604431,0.2654811143875122,-7.351302144797955e-08,0.25757500529289246,0.22071215510368347,0.002039727522060275,0.23421825468540192,0.19206252694129944,-0.00017002316599246114,0.21056456863880157,0.18980512022972107,-0.0034216120839118958,0.19420763850212097,0.19966892898082733,-0.008555038832128048,0.22314290702342987,0.16482087969779968,-0.0060457997024059296,0.19304895401000977,0.16050603985786438,-0.010908525437116623,0.17389415204524994,0.16085748374462128,-0.014849863946437836,0.159169003367424,0.15998534858226776,-0.01787370629608631,0.2266339659690857,0.18418391048908234,-0.010576183907687664,0.18811985850334167,0.18895381689071655,-0.012308255769312382,0.16949579119682312,0.18924395740032196,-0.013833386823534966,0.1545795500278473,0.18487244844436646,-0.016395779326558113,0.23007768392562866,0.21188437938690186,-0.014345993287861347,0.19618622958660126,0.2321731448173523,-0.015578117221593857,0.20540134608745575,0.24118463695049286,-0.014305229298770428,0.21677826344966888,0.23782536387443542,-0.014479762874543667,0.23338662087917328,0.2429656684398651,-0.017867913469672203,0.20736117660999298,0.25734320282936096,-0.019347405061125755,0.21452799439430237,0.2625780701637268,-0.016159538179636,0.22501839697360992,0.2592279613018036,-0.014023499563336372
18,0.8854092955589294,0.8135665059089661,-1.3363811035560502e-07,0.8515655398368835,0.739944338798523,0.0031193129252642393,0.8018305897712708,0.7193745970726013,-0.007079058326780796,0.7618638873100281,0.747767448425293,-0.018780352547764778,0.7376390099525452,0.7875284552574158,-0.03411487862467766,0.7847859263420105,0.6996636986732483,-0.032176658511161804,0.7224904298782349,0.7368878126144409,-0.04905111342668533,0.6883143186569214,0.7618862390518188,-0.06025514379143715,0.6617805361747742,0.7803617119789124,-0.0680912509560585,0.8004224896430969,0.7476344704627991,-0.04421344771981239,0.7312007546424866,0.7926892638206482,-0.059660159051418304,0.6910727620124817,0.8211649060249329,-0.06408797204494476,0.6613951325416565,0.8410279750823975,-0.06866326928138733,0.8172744512557983,0.804023802280426,-0.053749945014715195,0.7555609941482544,0.8575197458267212,-0.06467520445585251,0.7686532735824585,0.8603023886680603,-0.056386109441518784,0.7880159616470337,0.8483978509902954,-0.05049651488661766,0.8331482410430908,0.8595684170722961,-0.0627305805683136,0.7823445796966553,0.8950205445289612,-0.06966332346200943,0.791016161441803,0.8896104693412781,-0.059313323348760605,0.8083661794662476,0.8709402680397034,-0.05103325843811035,0.2674698233604431,0.2654811143875122,-7.351302144797955e-08,0.25757500529289246,0.22071215510368347,0.002039727522060275,0.23421825468540192,0.19206252694129944,-0.00017002316599246114,0.21056456863880157,0.18980512022972107,-0.0034216120839118958,0.19420763850212097,0.19966892898082733,-0.008555038832128048,0.22314290702342987,0.16482087969779968,-0.0060457997024059296,0.19304895401000977,0.16050603985786438,-0.010908525437116623,0.17389415204524994,0.16085748374462128,-0.014849863946437836,0.159169003367424,0.15998534858226776,-0.01787370629608631,0.2266339659690857,0.18418391048908234,-0.010576183907687664,0.18811985850334167,0.18895381689071655,-0.012308255769312382,0.16949579119682312,0.18924395740032196,-0.013833386823534966,0.1545795500278473,0.18487244844436646,-0.016395779326558113,0.23007768392562866,0.21188437938690186,-0.014345993287861347,0.19618622958660126,0.2321731448173523,-0.015578117221593857,0.20540134608745575,0.24118463695049286,-0.014305229298770428,0.21677826344966888,0.23782536387443542,-0.014479762874543667,0.23338662087917328,0.2429656684398651,-0.017867913469672203,0.20736117660999298,0.25734320282936096,-0.019347405061125755,0.21452799439430237,0.2625780701637268,-0.016159538179636,0.22501839697360992,0.2592279613018036,-0.014023499563336372
19,0.0,0.0,0.0,0.0,0.0,0.0,0.0,0.0,0.0,0.0,0.0,0.0,0.0,0.0,0.0,0.0,0.0,0.0,0.0,0.0,0.0,0.0,0.0,0.0,0.0,0.0,0.0,0.0,0.0,0.0,0.0,0.0,0.0,0.0,0.0,0.0,0.0,0.0,0.0,0.0,0.0,0.0,0.0,0.0,0.0,0.0,0.0,0.0,0.0,0.0,0.0,0.0,0.0,0.0,0.0,0.0,0.0,0.0,0.0,0.0,0.0,0.0,0.0,0.2688831686973572,0.2615582048892975,-8.027142683886268e-08,0.26043131947517395,0.21829546988010406,0.0022295701783150434,0.23677772283554077,0.19036854803562164,-0.000716607493814081,0.21319074928760529,0.19237713515758514,-0.004605673253536224,0.1976381540298462,0.2051188051700592,-0.01087783183902502,0.2235877960920334,0.16924600303173065,-0.01013854518532753,0.1892804652452469,0.16864365339279175,-0.01623813435435295,0.16798952221870422,0.16939136385917664,-0.020970433950424194,0.15213192999362946,0.1684015542268753,-0.024714309722185135,0.22760482132434845,0.1887456476688385,-0.01502707228064537,0.18848471343517303,0.19696684181690216,-0.018656296655535698,0.1677183210849762,0.20184069871902466,-0.02035639062523842,0.15127140283584595,0.2013230323791504,-0.02283724956214428,0.2317700982093811,0.2167150378227234,-0.018770229071378708,0.19729959964752197,0.2369213104248047,-0.020841876044869423,0.20533429086208344,0.247493714094162,-0.017913836985826492,0.2163979709148407,0.24422630667686462,-0.016839278861880302,0.23566973209381104,0.24772343039512634,-0.022194625809788704,0.20842978358268738,0.26275941729545593,-0.02353779971599579,0.215446338057518,0.26756319403648376,-0.018630312755703926,0.22669491171836853,0.26249027252197266,-0.015260948799550533
20,0.8900175094604492,0.8166177272796631,-7.751898323249407e-08,0.8553657531738281,0.753429651260376,0.002092603361234069,0.8050510883331299,0.7373530864715576,-0.007130722049623728,0.7660247087478638,0.767343282699585,-0.016729630529880524,0.7418913245201111,0.8061566352844238,-0.030262475833296776,0.7909532189369202,0.7166512608528137,-0.036587588489055634,0.731488823890686,0.7532076239585876,-0.05204327404499054,0.6963939070701599,0.7790873646736145,-0.06277202814817429,0.6695844531059265,0.7970187664031982,-0.07054641097784042,0.8066927194595337,0.7650027871131897,-0.04715532809495926,0.7383117079734802,0.8108384609222412,-0.058826372027397156,0.6975951194763184,0.8403013944625854,-0.06299608200788498,0.6687566637992859,0.8614144325256348,-0.06869354844093323,0.823948860168457,0.821682870388031,-0.05478996783494949,0.7614374160766602,0.8737392425537109,-0.06291481107473373,0.771358072757721,0.8753653764724731,-0.056327857077121735,0.7904535531997681,0.8635286092758179,-0.05275169014930725,0.8399600386619568,0.8772854804992676,-0.06179141253232956,0.7880722284317017,0.9138606786727905,-0.06864389032125473,0.7934062480926514,0.9078395366668701,-0.060244884341955185,0.8089384436607361,0.8895217776298523,-0.053658340126276016,0.26885905861854553,0.25958484411239624,-6.235814709043552e-08,0.26115840673446655,0.21551448106765747,0.001711873454041779,0.2363831251859665,0.18852390348911285,-0.0019595345947891474,0.2119406759738922,0.19209016859531403,-0.0064194998703897,0.19638226926326752,0.20590397715568542,-0.01329023577272892,0.22416098415851593,0.16826526820659637,-0.011689148843288422,0.1896573156118393,0.16611796617507935,-0.01700509339570999,0.16763311624526978,0.16831865906715393,-0.020820196717977524,0.15194576978683472,0.16875235736370087,-0.024020152166485786,0.22801543772220612,0.18929389119148254,-0.016361817717552185,0.18765968084335327,0.1963016837835312,-0.01985558308660984,0.16602346301078796,0.20006343722343445,-0.021671295166015625,0.14863334596157074,0.19972485303878784,-0.024409282952547073,0.2319028377532959,0.21864452958106995,-0.019620567560195923,0.1972755640745163,0.2366350144147873,-0.021739641204476357,0.20662282407283783,0.24659059941768646,-0.018812749534845352,0.21798919141292572,0.24465450644493103,-0.017791008576750755,0.2353472113609314,0.25017815828323364,-0.02246585488319397,0.20844900608062744,0.26303452253341675,-0.023970186710357666,0.21641254425048828,0.2668639123439789,-0.01902831718325615,0.2274227887392044,0.2621968388557434,-0.015717411413788795
21,0.8900175094604492,0.8166177272796631,-7.751898323249407e-08,0.8553657531738281,0.753429651260376,0.002092603361234069,0.8050510883331299,0.7373530864715576,-0.007130722049623728,0.7660247087478638,0.767343282699585,-0.016729630529880524,0.7418913245201111,0.8061566352844238,-0.030262475833296776,0.7909532189369202,0.7166512608528137,-0.036587588489055634,0.731488823890686,0.7532076239585876,-0.05204327404499054,0.6963939070701599,0.7790873646736145,-0.06277202814817429,0.6695844531059265,0.7970187664031982,-0.07054641097784042,0.8066927194595337,0.7650027871131897,-0.04715532809495926,0.7383117079734802,0.8108384609222412,-0.058826372027397156,0.6975951194763184,0.8403013944625854,-0.06299608200788498,0.6687566637992859,0.8614144325256348,-0.06869354844093323,0.823948860168457,0.821682870388031,-0.05478996783494949,0.7614374160766602,0.8737392425537109,-0.06291481107473373,0.771358072757721,0.8753653764724731,-0.056327857077121735,0.7904535531997681,0.8635286092758179,-0.05275169014930725,0.8399600386619568,0.8772854804992676,-0.06179141253232956,0.7880722284317017,0.9138606786727905,-0.06864389032125473,0.7934062480926514,0.9078395366668701,-0.060244884341955185,0.8089384436607361,0.8895217776298523,-0.053658340126276016,0.26885905861854553,0.25958484411239624,-6.235814709043552e-08,0.26115840673446655,0.21551448106765747,0.001711873454041779,0.2363831251859665,0.18852390348911285,-0.0019595345947891474,0.2119406759738922,0.19209016859531403,-0.0064194998703897,0.19638226926326752,0.20590397715568542,-0.01329023577272892,0.22416098415851593,0.16826526820659637,-0.011689148843288422,0.1896573156118393,0.16611796617507935,-0.01700509339570999,0.16763311624526978,0.16831865906715393,-0.020820196717977524,0.15194576978683472,0.16875235736370087,-0.024020152166485786,0.22801543772220612,0.18929389119148254,-0.016361817717552185,0.18765968084335327,0.1963016837835312,-0.01985558308660984,0.16602346301078796,0.20006343722343445,-0.021671295166015625,0.14863334596157074,0.19972485303878784,-0.024409282952547073,0.2319028377532959,0.21864452958106995,-0.019620567560195923,0.1972755640745163,0.2366350144147873,-0.021739641204476357,0.20662282407283783,0.24659059941768646,-0.018812749534845352,0.21798919141292572,0.24465450644493103,-0.017791008576750755,0.2353472113609314,0.25017815828323364,-0.02246585488319397,0.20844900608062744,0.26303452253341675,-0.023970186710357666,0.21641254425048828,0.2668639123439789,-0.01902831718325615,0.2274227887392044,0.2621968388557434,-0.015717411413788795
22,0.8949270844459534,0.8194582462310791,-1.1560627655171629e-07,0.8576099872589111,0.7561203241348267,0.0038906068075448275,0.8038191795349121,0.7451553344726562,-0.00504063256084919,0.7638023495674133,0.7802425622940063,-0.014952953904867172,0.7389675974845886,0.8210566639900208,-0.028717076405882835,0.7906850576400757,0.7179475426673889,-0.03268372640013695,0.7305430173873901,0.7558417916297913,-0.04779569059610367,0.696712851524353,0.7827572822570801,-0.058779872953891754,0.6708862781524658,0.801593542098999,-0.06682179123163223,0.8062658309936523,0.7669597864151001,-0.04442211985588074,0.7375985383987427,0.8139076232910156,-0.0552731454372406,0.6987061500549316,0.8438997268676758,-0.059554681181907654,0.6701173186302185,0.8647689819335938,-0.06562550365924835,0.8238732218742371,0.8237836956977844,-0.053308721631765366,0.7614049911499023,0.8771339058876038,-0.060693349689245224,0.7742542028427124,0.8776895999908447,-0.05395589768886566,0.7936286926269531,0.86432284116745,-0.05087178200483322,0.8405824303627014,0.879615068435669,-0.06151396036148071,0.790759265422821,0.916209876537323,-0.06802354007959366,0.7991822957992554,0.9103670716285706,-0.05941762775182724,0.815459668636322,0.8926840424537659,-0.05307156592607498,0.27192339301109314,0.2629428207874298,-7.043489347324794e-08,0.26331594586372375,0.216533824801445,0.0025497067254036665,0.23929226398468018,0.1890655755996704,-0.0010687770554795861,0.215473473072052,0.19078798592090607,-0.0056588915176689625,0.19898414611816406,0.20226942002773285,-0.01268687006086111,0.22636280953884125,0.16546106338500977,-0.011038691736757755,0.19194696843624115,0.16541174054145813,-0.017171431332826614,0.16993683576583862,0.16754168272018433,-0.02213378995656967,0.15419290959835052,0.16769848763942719,-0.026120463386178017,0.23118489980697632,0.18828119337558746,-0.01617196388542652,0.19078734517097473,0.19663198292255402,-0.020046496763825417,0.17006853222846985,0.19990304112434387,-0.022325141355395317,0.15361085534095764,0.19861532747745514,-0.025527171790599823,0.23566575348377228,0.21845678985118866,-0.019928915426135063,0.19981738924980164,0.2364881932735443,-0.022218981757760048,0.20829445123672485,0.2460409253835678,-0.019436141476035118,0.22002774477005005,0.2431751787662506,-0.018639402464032173,0.23973871767520905,0.24971166253089905,-0.02324029430747032,0.21172164380550385,0.2619507908821106,-0.02493458241224289,0.2188851684331894,0.2660101354122162,-0.02017453871667385,0.23014086484909058,0.2607579827308655,-0.01697111502289772
23,0.892830491065979,0.8191125988960266,-1.1370978825198108e-07,0.8580508828163147,0.7548432946205139,0.0017283041961491108,0.8030480742454529,0.7481135129928589,-0.009184510447084904,0.7611780166625977,0.7929481863975525,-0.020843351259827614,0.7364172339439392,0.8389204144477844,-0.03617196902632713,0.7881186008453369,0.7138150334358215,-0.03470037132501602,0.7286601066589355,0.7525334358215332,-0.05061959847807884,0.694783091545105,0.7789599895477295,-0.06159311160445213,0.668763279914856,0.7977522611618042,-0.06954304873943329,0.805418848991394,0.7620858550071716,-0.04577849060297012,0.7363947033882141,0.8129140734672546,-0.05904962867498398,0.6967704892158508,0.8423089981079102,-0.06378304213285446,0.667128324508667,0.8621976971626282,-0.06949827075004578,0.8237696886062622,0.8175507187843323,-0.05414314195513725,0.7622631192207336,0.875576376914978,-0.06410083174705505,0.7764095664024353,0.8755573034286499,-0.057249292731285095,0.796377956867218,0.8609092831611633,-0.052983373403549194,0.8409014344215393,0.8722209930419922,-0.06184624880552292,0.7899606823921204,0.9107930660247803,-0.0689053162932396,0.7997255325317383,0.9050405025482178,-0.05925598740577698,0.817634105682373,0.8865506649017334,-0.05173790082335472,0.2767174243927002,0.26993119716644287,-9.449176729958708e-08,0.26901671290397644,0.22285977005958557,0.002520218724384904,0.24495558440685272,0.19395874440670013,-0.0007403406780213118,0.2210530936717987,0.19463689625263214,-0.0051352838054299355,0.20452183485031128,0.2061719298362732,-0.01183828990906477,0.23061591386795044,0.16610652208328247,-0.009529855102300644,0.19569000601768494,0.16542008519172668,-0.015598958358168602,0.17389243841171265,0.16698364913463593,-0.020633336156606674,0.15786507725715637,0.16636094450950623,-0.024733617901802063,0.23535937070846558,0.18802273273468018,-0.014843670651316643,0.19410501420497894,0.19559408724308014,-0.01871861331164837,0.17354996502399445,0.19805243611335754,-0.021265780553221703,0.1571705937385559,0.195252925157547,-0.024778058752417564,0.23956847190856934,0.21725215017795563,-0.018982399255037308,0.2025785595178604,0.23508593440055847,-0.021668655797839165,0.21218982338905334,0.24513208866119385,-0.019265534356236458,0.22477048635482788,0.2425331026315689,-0.01877271942794323,0.24352186918258667,0.24761143326759338,-0.02272956259548664,0.2149781733751297,0.25992462038993835,-0.0248333178460598,0.22271955013275146,0.26588883996009827,-0.020284393802285194,0.23450340330600739,0.26218557357788086,-0.017293360084295273
24,0.8939073085784912,0.8151451945304871,-9.319513338823526e-08,0.8555193543434143,0.7566638588905334,0.002515161409974098,0.799813449382782,0.7524237036705017,-0.007306181825697422,0.7591730356216431,0.7949004769325256,-0.017572231590747833,0.7339475750923157,0.8371902704238892,-0.03152673691511154,0.787865161895752,0.7180684804916382,-0.03580764681100845,0.7277674078941345,0.7570364475250244,-0.05167769640684128,0.6935586929321289,0.7845577001571655,-0.06368817389011383,0.6671738028526306,0.8039103746414185,-0.07258755713701248,0.8048163652420044,0.7659903168678284,-0.04681209847331047,0.7363645434379578,0.8134982585906982,-0.05765761807560921,0.6965363025665283,0.8436046242713928,-0.06269899010658264,0.6669257283210754,0.8661971688270569,-0.06978455185890198,0.8236415386199951,0.8218312859535217,-0.054845649749040604,0.7606418132781982,0.8769609928131104,-0.06200950965285301,0.7730041146278381,0.8774405121803284,-0.05553579330444336,0.7926693558692932,0.864660918712616,-0.052896883338689804,0.8411928415298462,0.8766793608665466,-0.062277745455503464,0.790112316608429,0.9156480431556702,-0.0690963864326477,0.7975127100944519,0.9103966951370239,-0.060795143246650696,0.813808023929596,0.8928785920143127,-0.0546974241733551,0.27656736969947815,0.2655370235443115,-9.88764696785438e-08,0.2686629295349121,0.21994440257549286,0.0018413085490465164,0.24270783364772797,0.18983136117458344,-0.0018745330162346363,0.2172541469335556,0.18704412877559662,-0.006276300176978111,0.19971993565559387,0.19407081604003906,-0.012870500795543194,0.22980864346027374,0.16468100249767303,-0.011075077578425407,0.19325779378414154,0.1647641807794571,-0.016605563461780548,0.17082372307777405,0.16743221879005432,-0.020716428756713867,0.1548057198524475,0.16678056120872498,-0.024267541244626045,0.23531600832939148,0.1853589564561844,-0.015679990872740746,0.19205495715141296,0.19503258168697357,-0.019114818423986435,0.17125308513641357,0.19960686564445496,-0.02045746147632599,0.15411269664764404,0.1974923312664032,-0.02307535521686077,0.2397575080394745,0.21454134583473206,-0.019030442461371422,0.20200645923614502,0.23415414988994598,-0.02150796353816986,0.21183419227600098,0.2451583743095398,-0.01837102323770523,0.224081888794899,0.2423618584871292,-0.017448052763938904,0.24404354393482208,0.24469195306301117,-0.021963031962513924,0.21548642218112946,0.2601339519023895,-0.02417263388633728,0.2234073430299759,0.2655474841594696,-0.01966317556798458,0.23491844534873962,0.26017045974731445,-0.016714252531528473
25,0.8939073085784912,0.8151451945304871,-9.319513338823526e-08,0.8555193543434143,0.7566638588905334,0.002515161409974098,0.799813449382782,0.7524237036705017,-0.007306181825697422,0.7591730356216431,0.7949004769325256,-0.017572231590747833,0.7339475750923157,0.8371902704238892,-0.03152673691511154,0.787865161895752,0.7180684804916382,-0.03580764681100845,0.7277674078941345,0.7570364475250244,-0.05167769640684128,0.6935586929321289,0.7845577001571655,-0.06368817389011383,0.6671738028526306,0.8039103746414185,-0.07258755713701248,0.8048163652420044,0.7659903168678284,-0.04681209847331047,0.7363645434379578,0.8134982585906982,-0.05765761807560921,0.6965363025665283,0.8436046242713928,-0.06269899010658264,0.6669257283210754,0.8661971688270569,-0.06978455185890198,0.8236415386199951,0.8218312859535217,-0.054845649749040604,0.7606418132781982,0.8769609928131104,-0.06200950965285301,0.7730041146278381,0.8774405121803284,-0.05553579330444336,0.7926693558692932,0.864660918712616,-0.052896883338689804,0.8411928415298462,0.8766793608665466,-0.062277745455503464,0.790112316608429,0.9156480431556702,-0.0690963864326477,0.7975127100944519,0.9103966951370239,-0.060795143246650696,0.813808023929596,0.8928785920143127,-0.0546974241733551,0.27656736969947815,0.2655370235443115,-9.88764696785438e-08,0.2686629295349121,0.21994440257549286,0.0018413085490465164,0.24270783364772797,0.18983136117458344,-0.0018745330162346363,0.2172541469335556,0.18704412877559662,-0.006276300176978111,0.19971993565559387,0.19407081604003906,-0.012870500795543194,0.22980864346027374,0.16468100249767303,-0.011075077578425407,0.19325779378414154,0.1647641807794571,-0.016605563461780548,0.17082372307777405,0.16743221879005432,-0.020716428756713867,0.1548057198524475,0.16678056120872498,-0.024267541244626045,0.23531600832939148,0.1853589564561844,-0.015679990872740746,0.19205495715141296,0.19503258168697357,-0.019114818423986435,0.17125308513641357,0.19960686564445496,-0.02045746147632599,0.15411269664764404,0.1974923312664032,-0.02307535521686077,0.2397575080394745,0.21454134583473206,-0.019030442461371422,0.20200645923614502,0.23415414988994598,-0.02150796353816986,0.21183419227600098,0.2451583743095398,-0.01837102323770523,0.224081888794899,0.2423618584871292,-0.017448052763938904,0.24404354393482208,0.24469195306301117,-0.021963031962513924,0.21548642218112946,0.2601339519023895,-0.02417263388633728,0.2234073430299759,0.2655474841594696,-0.01966317556798458,0.23491844534873962,0.26017045974731445,-0.016714252531528473
26,0.8890769481658936,0.8281817436218262,-1.0657185356421905e-07,0.8507886528968811,0.7677432894706726,0.0017800936475396156,0.7945250868797302,0.7662698030471802,-0.008496096357703209,0.7525339722633362,0.8138806223869324,-0.01965443044900894,0.7286769151687622,0.8603159785270691,-0.03438963368535042,0.7815850377082825,0.7311778664588928,-0.0325019508600235,0.7189136147499084,0.7674543261528015,-0.049260009080171585,0.6846534609794617,0.7965381741523743,-0.061035703867673874,0.6581416726112366,0.8189688324928284,-0.06909684091806412,0.7973612546920776,0.7769206762313843,-0.043707460165023804,0.7293545007705688,0.8235000967979431,-0.056054290384054184,0.6898271441459656,0.8553194403648376,-0.06145106628537178,0.6599164605140686,0.8787456750869751,-0.06778866797685623,0.8155340552330017,0.8312265872955322,-0.05247597396373749,0.7573229670524597,0.8919934034347534,-0.061673618853092194,0.7700913548469543,0.8942645788192749,-0.056213002651929855,0.788628101348877,0.8807231187820435,-0.05319984257221222,0.8329403400421143,0.8856807947158813,-0.060677893459796906,0.7846906185150146,0.9292808175086975,-0.06748715788125992,0.7932786345481873,0.9252954125404358,-0.05881567671895027,0.8096622228622437,0.9085370302200317,-0.052174728363752365,0.2743157148361206,0.26922813057899475,-9.057475836016238e-08,0.2671605050563812,0.22007188200950623,0.0034968543332070112,0.24453142285346985,0.1906415969133377,0.0012505443301051855,0.22128063440322876,0.19058208167552948,-0.0022342964075505733,0.20520800352096558,0.20295344293117523,-0.007766048889607191,0.23046500980854034,0.15998972952365875,-0.006657100282609463,0.1977710872888565,0.1559842973947525,-0.011232190765440464,0.17740732431411743,0.15508145093917847,-0.015419741161167622,0.16183049976825714,0.15243813395500183,-0.0189934354275465,0.2327398657798767,0.18063600361347198,-0.011692792177200317,0.1938582956790924,0.18522007763385773,-0.01447747927159071,0.1744583547115326,0.18530096113681793,-0.01706535741686821,0.15857502818107605,0.1803714483976364,-0.020651135593652725,0.23510178923606873,0.2091253399848938,-0.015398778021335602,0.20081529021263123,0.2257765382528305,-0.01640220172703266,0.21076089143753052,0.23486782610416412,-0.014004679396748543,0.2230234146118164,0.23265065252780914,-0.013698264956474304,0.2377168834209442,0.23951135575771332,-0.018740125000476837,0.2118118554353714,0.24916493892669678,-0.018936680629849434,0.2198907732963562,0.25424912571907043,-0.014015200547873974,0.23158815503120422,0.2506908178329468,-0.010962395928800106
27,0.27321481704711914,0.2690289616584778,-5.2322949528615936e-08,0.26577281951904297,0.22111523151397705,0.0033740808721631765,0.2433183640241623,0.192585289478302,0.0004119803779758513,0.2190263569355011,0.19367611408233643,-0.003852935740724206,0.2019454538822174,0.2048206627368927,-0.010183872655034065,0.2307024598121643,0.15805566310882568,-0.005667295306921005,0.19797363877296448,0.15437950193881989,-0.009753000922501087,0.17778681218624115,0.15319757163524628,-0.013976912945508957,0.16293460130691528,0.1506442427635193,-0.017497872933745384,0.23371149599552155,0.17760127782821655,-0.010933371260762215,0.19693337380886078,0.18048110604286194,-0.01299919281154871,0.17873461544513702,0.17795820534229279,-0.01621599681675434,0.162986159324646,0.17103633284568787,-0.020294882357120514,0.23695874214172363,0.20632308721542358,-0.014856992289423943,0.20415665209293365,0.22321808338165283,-0.015305115841329098,0.21407902240753174,0.23349037766456604,-0.0140191949903965,0.22577248513698578,0.2309991866350174,-0.014633703976869583,0.23908105492591858,0.2378086894750595,-0.018358223140239716,0.21296364068984985,0.2475113868713379,-0.018451808020472527,0.22151808440685272,0.2532196342945099,-0.014123514294624329,0.23355111479759216,0.25011974573135376,-0.011563203297555447,0.8783676028251648,0.832286536693573,-7.525804335273278e-08,0.8398310542106628,0.7714360952377319,0.0012847662437707186,0.7864847183227539,0.7625695466995239,-0.00784309208393097,0.7459976673126221,0.7964214086532593,-0.017079196870326996,0.7213689684867859,0.834601104259491,-0.029853971675038338,0.7727551460266113,0.7367014288902283,-0.03515863046050072,0.7123925685882568,0.7777202129364014,-0.050749123096466064,0.6782045960426331,0.8055607080459595,-0.061724334955215454,0.6517003178596497,0.8254888653755188,-0.06946757435798645,0.7885545492172241,0.7854936122894287,-0.044989656656980515,0.7216705083847046,0.8353573679924011,-0.05643890053033829,0.6822544932365417,0.8680117130279541,-0.06135845556855202,0.6544215083122253,0.8909502029418945,-0.06744187325239182,0.8065935969352722,0.8412699103355408,-0.0520431250333786,0.7468969821929932,0.898964524269104,-0.06020465865731239,0.748495876789093,0.9084595441818237,-0.054967816919088364,0.7605588436126709,0.9029961824417114,-0.052127085626125336,0.8233579993247986,0.896220862865448,-0.058560796082019806,0.7752447128295898,0.9388263821601868,-0.06518401950597763,0.7764711380004883,0.9367333650588989,-0.057612381875514984,0.7885746359825134,0.9222720861434937,-0.051420699805021286
28,0.27490878105163574,0.2691763639450073,-9.04291894698872e-08,0.267173171043396,0.21971461176872253,0.003339806804433465,0.24461957812309265,0.18944621086120605,0.00016089250857476145,0.2211909145116806,0.1904086321592331,-0.004083629231899977,0.20412664115428925,0.20349225401878357,-0.010653451085090637,0.23134414851665497,0.15844550728797913,-0.009727098979055882,0.19750237464904785,0.15346892178058624,-0.014422638341784477,0.17612789571285248,0.15246254205703735,-0.018500570207834244,0.16095861792564392,0.14988023042678833,-0.021960323676466942,0.23482680320739746,0.17977984249591827,-0.014817253686487675,0.19501513242721558,0.18416526913642883,-0.01686890237033367,0.175513356924057,0.18418334424495697,-0.01844281144440174,0.16013336181640625,0.180371955037117,-0.021454723551869392,0.2382132112979889,0.20930874347686768,-0.01842031441628933,0.20310552418231964,0.22355039417743683,-0.018420971930027008,0.2124445140361786,0.23225107789039612,-0.0153674790635705,0.2246702015399933,0.2304147481918335,-0.015006870031356812,0.24108675122261047,0.24048949778079987,-0.021619262173771858,0.21351641416549683,0.2483331561088562,-0.021558977663517,0.22107090055942535,0.2528674304485321,-0.016378410160541534,0.2329840213060379,0.249896839261055,-0.01320451870560646,0.8787474036216736,0.8434356451034546,-1.1258964605076471e-07,0.8401649594306946,0.7797438502311707,0.0012857691617682576,0.785995364189148,0.7690906524658203,-0.008604567497968674,0.744510293006897,0.8042327761650085,-0.01889483816921711,0.719513475894928,0.8451535701751709,-0.0327216200530529,0.7714519500732422,0.7374658584594727,-0.035746339708566666,0.7093979120254517,0.7810468673706055,-0.052257563918828964,0.6754684448242188,0.8102364540100098,-0.06362377852201462,0.6487870216369629,0.8323361277580261,-0.07146214693784714,0.786899745464325,0.7864416837692261,-0.04638266563415527,0.7195091843605042,0.8368556499481201,-0.05856741592288017,0.6809729337692261,0.8719466924667358,-0.06341418623924255,0.6525105834007263,0.8979792594909668,-0.06936001777648926,0.8048485517501831,0.8432088494300842,-0.054333366453647614,0.745906412601471,0.9029959440231323,-0.06332682818174362,0.7544071078300476,0.9080820679664612,-0.057663045823574066,0.7702450752258301,0.8974860906600952,-0.05449537932872772,0.821661651134491,0.8994534015655518,-0.061763420701026917,0.7739970088005066,0.9423875212669373,-0.0686035305261612,0.7800197005271912,0.9392809867858887,-0.06051649898290634,0.7943370938301086,0.9229236245155334,-0.054135795682668686
29,0.27490878105163574,0.2691763639450073,-9.04291894698872e-08,0.267173171043396,0.21971461176872253,0.003339806804433465,0.24461957812309265,0.18944621086120605,0.00016089250857476145,0.2211909145116806,0.1904086321592331,-0.004083629231899977,0.20412664115428925,0.20349225401878357,-0.010653451085090637,0.23134414851665497,0.15844550728797913,-0.009727098979055882,0.19750237464904785,0.15346892178058624,-0.014422638341784477,0.17612789571285248,0.15246254205703735,-0.018500570207834244,0.16095861792564392,0.14988023042678833,-0.021960323676466942,0.23482680320739746,0.17977984249591827,-0.014817253686487675,0.19501513242721558,0.18416526913642883,-0.01686890237033367,0.175513356924057,0.18418334424495697,-0.01844281144440174,0.16013336181640625,0.180371955037117,-0.021454723551869392,0.2382132112979889,0.20930874347686768,-0.01842031441628933,0.20310552418231964,0.22355039417743683,-0.018420971930027008,0.2124445140361786,0.23225107789039612,-0.0153674790635705,0.2246702015399933,0.2304147481918335,-0.015006870031356812,0.24108675122261047,0.24048949778079987,-0.021619262173771858,0.21351641416549683,0.2483331561088562,-0.021558977663517,0.22107090055942535,0.2528674304485321,-0.016378410160541534,0.2329840213060379,0.249896839261055,-0.01320451870560646,0.8787474036216736,0.8434356451034546,-1.1258964605076471e-07,0.8401649594306946,0.7797438502311707,0.0012857691617682576,0.785995364189148,0.7690906524658203,-0.008604567497968674,0.744510293006897,0.8042327761650085,-0.01889483816921711,0.719513475894928,0.8451535701751709,-0.0327216200530529,0.7714519500732422,0.7374658584594727,-0.035746339708566666,0.7093979120254517,0.7810468673706055,-0.052257563918828964,0.6754684448242188,0.8102364540100098,-0.06362377852201462,0.6487870216369629,0.8323361277580261,-0.07146214693784714,0.786899745464325,0.7864416837692261,-0.04638266563415527,0.7195091843605042,0.8368556499481201,-0.05856741592288017,0.6809729337692261,0.8719466924667358,-0.06341418623924255,0.6525105834007263,0.8979792594909668,-0.06936001777648926,0.8048485517501831,0.8432088494300842,-0.054333366453647614,0.745906412601471,0.9029959440231323,-0.06332682818174362,0.7544071078300476,0.9080820679664612,-0.057663045823574066,0.7702450752258301,0.8974860906600952,-0.05449537932872772,0.821661651134491,0.8994534015655518,-0.061763420701026917,0.7739970088005066,0.9423875212669373,-0.0686035305261612,0.7800197005271912,0.9392809867858887,-0.06051649898290634,0.7943370938301086,0.9229236245155334,-0.054135795682668686
30,0.275373250246048,0.2704758048057556,-8.159537401297712e-08,0.267839252948761,0.2202206701040268,0.004423221107572317,0.24592453241348267,0.18963396549224854,0.0020883851684629917,0.22362610697746277,0.18573227524757385,-0.0017139383126050234,0.20787717401981354,0.19356054067611694,-0.007734307087957859,0.23032863438129425,0.16316092014312744,-0.006206757389008999,0.19663339853286743,0.16182689368724823,-0.010843828320503235,0.17563918232917786,0.16189423203468323,-0.014856134541332722,0.16065633296966553,0.16000792384147644,-0.018232984468340874,0.23410511016845703,0.18418432772159576,-0.01189370360225439,0.1949942708015442,0.1905824840068817,-0.014256397262215614,0.17644208669662476,0.1911475956439972,-0.016014086082577705,0.16118960082530975,0.18751046061515808,-0.01894170604646206,0.2378120869398117,0.21337658166885376,-0.016261283308267593,0.2028542459011078,0.22969835996627808,-0.017204424366354942,0.21269384026527405,0.2390526533126831,-0.014384979382157326,0.224625825881958,0.23716071248054504,-0.013773401267826557,0.2414071410894394,0.24438287317752838,-0.020155033096671104,0.21447181701660156,0.25504299998283386,-0.020968282595276833,0.2222270965576172,0.2599799335002899,-0.01631695032119751,0.23333190381526947,0.25675177574157715,-0.01327313482761383,0.8776666522026062,0.8383334279060364,-9.336833528550414e-08,0.836458683013916,0.7782458662986755,0.0024875064846128225,0.7804857492446899,0.7731121182441711,-0.007173585239797831,0.7390021681785583,0.8137902021408081,-0.01757148467004299,0.7150765061378479,0.8582438826560974,-0.03162064030766487,0.766281247138977,0.7392317056655884,-0.034007467329502106,0.7061845660209656,0.7844835519790649,-0.04937642440199852,0.67262864112854,0.8134142160415649,-0.06008339300751686,0.6455386877059937,0.8340592980384827,-0.06799890100955963,0.7817534804344177,0.7883297204971313,-0.04564853757619858,0.7147855758666992,0.8405320644378662,-0.05664118379354477,0.676969587802887,0.875309407711029,-0.06114109233021736,0.6491236090660095,0.9025906920433044,-0.06734249740839005,0.800772488117218,0.8452160358428955,-0.054507821798324585,0.7421544194221497,0.9063524603843689,-0.06291729211807251,0.7553706765174866,0.904977023601532,-0.057178422808647156,0.7743083834648132,0.8904104828834534,-0.0543934665620327,0.819854199886322,0.9012647867202759,-0.06275422126054764,0.7723971605300903,0.9457118511199951,-0.07000420242547989,0.7814626097679138,0.9383379817008972,-0.06229155510663986,0.7974840402603149,0.9188631772994995,-0.05643994361162186
31,0.27501776814460754,0.2673538029193878,-9.192917360678621e-08,0.2660967707633972,0.2198457419872284,0.002878453815355897,0.24353647232055664,0.1904325783252716,-0.0006212390144355595,0.2210945188999176,0.1927645206451416,-0.005114048253744841,0.2060067355632782,0.20568163692951202,-0.01197797805070877,0.2291809618473053,0.16501937806606293,-0.0128451157361269,0.19253042340278625,0.16233490407466888,-0.019274862483143806,0.16984406113624573,0.1642007678747177,-0.024204296991229057,0.15300992131233215,0.16378049552440643,-0.028133902698755264,0.2340102344751358,0.18655306100845337,-0.01754555106163025,0.19185444712638855,0.19173835217952728,-0.022242140024900436,0.16927006840705872,0.19337411224842072,-0.02495020255446434,0.1509028971195221,0.19086501002311707,-0.028514444828033447,0.2379230260848999,0.2167198359966278,-0.020504619926214218,0.2023947834968567,0.2337704300880432,-0.021869350224733353,0.2123141586780548,0.24321889877319336,-0.01811370439827442,0.2249179482460022,0.2404155135154724,-0.01689419336616993,0.2410663366317749,0.24755991995334625,-0.02305757999420166,0.2136138677597046,0.26025694608688354,-0.023188499733805656,0.221800297498703,0.2647892236709595,-0.01756049320101738,0.23359207808971405,0.2598259747028351,-0.014036392793059349,0.8788898587226868,0.8402439951896667,-1.0979483278106272e-07,0.8392931818962097,0.7776421904563904,0.002703932812437415,0.7813572883605957,0.7791316509246826,-0.008270788006484509,0.7397332787513733,0.8319717049598694,-0.020296946167945862,0.7168670892715454,0.8825655579566956,-0.03591223433613777,0.7661346793174744,0.7381362318992615,-0.03345527499914169,0.7035942673683167,0.778865396976471,-0.04979417100548744,0.6701016426086426,0.8071868419647217,-0.06193478778004646,0.6435176134109497,0.8282051086425781,-0.07081308960914612,0.7828513383865356,0.7871258854866028,-0.04561701789498329,0.7146013975143433,0.8377720713615417,-0.05704431235790253,0.6757778525352478,0.8700342178344727,-0.0624350905418396,0.6459699869155884,0.8948214054107666,-0.06958473473787308,0.8020545244216919,0.8438429832458496,-0.05506378039717674,0.7410110831260681,0.904275119304657,-0.06298339366912842,0.7569751739501953,0.9007103443145752,-0.056533969938755035,0.777381420135498,0.884299099445343,-0.05371905863285065,0.8206667900085449,0.8999595046043396,-0.06392588466405869,0.770556628704071,0.9425890445709229,-0.07024230808019638,0.7811176180839539,0.9345583915710449,-0.06122037395834923,0.7981075644493103,0.9147140979766846,-0.054812975227832794
32,0.27234596014022827,0.27297329902648926,-9.96846480916247e-08,0.26652586460113525,0.22224155068397522,0.0024672553408890963,0.24447181820869446,0.1926245093345642,-0.001141117885708809,0.22161522507667542,0.190850168466568,-0.00566039327532053,0.20557764172554016,0.20101241767406464,-0.012670495547354221,0.22994592785835266,0.16841699182987213,-0.012933493591845036,0.19550426304340363,0.166100412607193,-0.01881316304206848,0.1735258847475052,0.16732484102249146,-0.022901063784956932,0.1576181948184967,0.1658545583486557,-0.026094749569892883,0.23329918086528778,0.19050589203834534,-0.01749652624130249,0.19250167906284332,0.19793067872524261,-0.02086251601576805,0.17158710956573486,0.1999049335718155,-0.021852044388651848,0.15505152940750122,0.19803272187709808,-0.024048933759331703,0.23643162846565247,0.2202998399734497,-0.020520159974694252,0.20190897583961487,0.23744046688079834,-0.021667398512363434,0.21072563529014587,0.24544858932495117,-0.017923882231116295,0.22199885547161102,0.24322375655174255,-0.01664530485868454,0.23900656402111053,0.25133195519447327,-0.023177076131105423,0.21267984807491302,0.26351869106292725,-0.024250909686088562,0.2193036824464798,0.2671341001987457,-0.019290579482913017,0.22961561381816864,0.26290562748908997,-0.01589026488363743,0.8834521770477295,0.8484928011894226,-1.2173295260708983e-07,0.8429511189460754,0.7815728783607483,0.0025638211518526077,0.7845568060874939,0.7818893194198608,-0.0078660286962986,0.7436099648475647,0.8335481882095337,-0.01941915787756443,0.7216521501541138,0.886952817440033,-0.03454200178384781,0.7714812159538269,0.7449301481246948,-0.03164392709732056,0.7074304223060608,0.7858318090438843,-0.04769154265522957,0.6740961074829102,0.8161199688911438,-0.05925697088241577,0.6478816866874695,0.8403777480125427,-0.06725519895553589,0.7872463464736938,0.7967105507850647,-0.04363967478275299,0.719111442565918,0.845623254776001,-0.054915133863687515,0.6804879903793335,0.8789143562316895,-0.06021885946393013,0.6507868766784668,0.9058665633201599,-0.06697314232587814,0.805383026599884,0.8553606271743774,-0.05315743386745453,0.7459887266159058,0.9139273762702942,-0.061617475003004074,0.7624238133430481,0.9079852104187012,-0.056614864617586136,0.7827577590942383,0.8919588327407837,-0.054466936737298965,0.8228393793106079,0.9130169153213501,-0.06198395788669586,0.7736592292785645,0.95252525806427,-0.06806465983390808,0.7855014801025391,0.9442025423049927,-0.059315845370292664,0.8026948571205139,0.9261326193809509,-0.05320743843913078
33,0.27234596014022827,0.27297329902648926,-9.96846480916247e-08,0.26652586460113525,0.22224155068397522,0.0024672553408890963,0.24447181820869446,0.1926245093345642,-0.001141117885708809,0.22161522507667542,0.190850168466568,-0.00566039327532053,0.20557764172554016,0.20101241767406464,-0.012670495547354221,0.22994592785835266,0.16841699182987213,-0.012933493591845036,0.19550426304340363,0.166100412607193,-0.01881316304206848,0.1735258847475052,0.16732484102249146,-0.022901063784956932,0.1576181948184967,0.1658545583486557,-0.026094749569892883,0.23329918086528778,0.19050589203834534,-0.01749652624130249,0.19250167906284332,0.19793067872524261,-0.02086251601576805,0.17158710956573486,0.1999049335718155,-0.021852044388651848,0.15505152940750122,0.19803272187709808,-0.024048933759331703,0.23643162846565247,0.2202998399734497,-0.020520159974694252,0.20190897583961487,0.23744046688079834,-0.021667398512363434,0.21072563529014587,0.24544858932495117,-0.017923882231116295,0.22199885547161102,0.24322375655174255,-0.01664530485868454,0.23900656402111053,0.25133195519447327,-0.023177076131105423,0.21267984807491302,0.26351869106292725,-0.024250909686088562,0.2193036824464798,0.2671341001987457,-0.019290579482913017,0.22961561381816864,0.26290562748908997,-0.01589026488363743,0.8834521770477295,0.8484928011894226,-1.2173295260708983e-07,0.8429511189460754,0.7815728783607483,0.0025638211518526077,0.7845568060874939,0.7818893194198608,-0.0078660286962986,0.7436099648475647,0.8335481882095337,-0.01941915787756443,0.7216521501541138,0.886952817440033,-0.03454200178384781,0.7714812159538269,0.7449301481246948,-0.03164392709732056,0.7074304223060608,0.7858318090438843,-0.04769154265522957,0.6740961074829102,0.8161199688911438,-0.05925697088241577,0.6478816866874695,0.8403777480125427,-0.06725519895553589,0.7872463464736938,0.7967105507850647,-0.04363967478275299,0.719111442565918,0.845623254776001,-0.054915133863687515,0.6804879903793335,0.8789143562316895,-0.06021885946393013,0.6507868766784668,0.9058665633201599,-0.06697314232587814,0.805383026599884,0.8553606271743774,-0.05315743386745453,0.7459887266159058,0.9139273762702942,-0.061617475003004074,0.7624238133430481,0.9079852104187012,-0.056614864617586136,0.7827577590942383,0.8919588327407837,-0.054466936737298965,0.8228393793106079,0.9130169153213501,-0.06198395788669586,0.7736592292785645,0.95252525806427,-0.06806465983390808,0.7855014801025391,0.9442025423049927,-0.059315845370292664,0.8026948571205139,0.9261326193809509,-0.05320743843913078
34,0.888961911201477,0.8575937747955322,-1.5255990604146064e-07,0.8494589924812317,0.7899550795555115,0.002493873005732894,0.7919530272483826,0.7855846881866455,-0.008156600408256054,0.7499172687530518,0.8328826427459717,-0.01942806877195835,0.7248547673225403,0.8844050765037537,-0.03441952168941498,0.7772477269172668,0.7559043169021606,-0.035455040633678436,0.7140741348266602,0.8021499514579773,-0.05097205564379692,0.6801106333732605,0.8364578485488892,-0.06128782033920288,0.654011607170105,0.8634064793586731,-0.0684976726770401,0.794963538646698,0.8081355094909668,-0.04665914550423622,0.7246460914611816,0.8651326894760132,-0.05803600698709488,0.6852806210517883,0.9002444744110107,-0.06199302896857262,0.6555269360542297,0.9270317554473877,-0.06775055825710297,0.8142311573028564,0.8669937252998352,-0.05494401603937149,0.7544828653335571,0.9313941597938538,-0.06236843019723892,0.7691042423248291,0.9244943261146545,-0.055610541254282,0.7881156802177429,0.9059315919876099,-0.0524890273809433,0.8321977853775024,0.9244587421417236,-0.06248869746923447,0.7817212343215942,0.9683851599693298,-0.06762149930000305,0.7925785183906555,0.9593055248260498,-0.05766803398728371,0.8094537854194641,0.9385755062103271,-0.050681885331869125,0.2718248665332794,0.2800505459308624,-8.73738343898367e-08,0.2668167054653168,0.22873827815055847,0.00273166224360466,0.2456691563129425,0.19829963147640228,0.0010571919847279787,0.22464866936206818,0.19078198075294495,-0.0013935818569734693,0.20826201140880585,0.19663473963737488,-0.00562839861959219,0.2329154908657074,0.17510885000228882,-0.007417629472911358,0.20193500816822052,0.17374883592128754,-0.010676265694200993,0.1818869709968567,0.17537958920001984,-0.013506787829101086,0.16751053929328918,0.17562410235404968,-0.015945127233862877,0.2353336066007614,0.19758862257003784,-0.011212833225727081,0.1988479048013687,0.204787477850914,-0.012546363286674023,0.1794533133506775,0.2044438272714615,-0.014159864746034145,0.16456103324890137,0.20165592432022095,-0.016975998878479004,0.23773051798343658,0.22804483771324158,-0.013634547591209412,0.20563551783561707,0.24401667714118958,-0.01404484175145626,0.20971162617206573,0.25195634365081787,-0.012630141340196133,0.2174186259508133,0.25309744477272034,-0.012860354036092758,0.2398110330104828,0.2600918412208557,-0.01565520465373993,0.21617689728736877,0.27001523971557617,-0.016747426241636276,0.21777813136577606,0.272152304649353,-0.01380491815507412,0.22289404273033142,0.27075278759002686,-0.011795461177825928
35,0.8928996920585632,0.8634560704231262,-1.287127133764443e-07,0.8535316586494446,0.7950199842453003,0.001772593823261559,0.7954399585723877,0.7878172993659973,-0.008665412664413452,0.7524743676185608,0.8315787315368652,-0.01985945925116539,0.727303147315979,0.881646990776062,-0.03484037145972252,0.7804440259933472,0.7607026696205139,-0.035435862839221954,0.7158330082893372,0.8051573634147644,-0.052232034504413605,0.6821540594100952,0.8377301096916199,-0.06376263499259949,0.6567388772964478,0.8648808598518372,-0.07144255191087723,0.7963322401046753,0.8148986101150513,-0.04665180668234825,0.726581335067749,0.8667460083961487,-0.05853695049881935,0.6876057386398315,0.8999122381210327,-0.06337843090295792,0.6575056314468384,0.9270596504211426,-0.06962626427412033,0.8150559663772583,0.8746573328971863,-0.055192846804857254,0.7554557919502258,0.9374468326568604,-0.06322828680276871,0.772582471370697,0.9300665259361267,-0.05689849704504013,0.7929636836051941,0.9112356901168823,-0.05391531437635422,0.8330294489860535,0.9323145747184753,-0.06314174830913544,0.7823654413223267,0.9760616421699524,-0.06865979731082916,0.7939706444740295,0.9669179916381836,-0.05914006382226944,0.8106029629707336,0.9460021257400513,-0.052520766854286194,0.27470842003822327,0.28041183948516846,-5.884675147171947e-08,0.2684099078178406,0.231967955827713,0.001740032690577209,0.24583443999290466,0.20083701610565186,-0.002027546986937523,0.2236103117465973,0.19517667591571808,-0.006515136454254389,0.20673653483390808,0.20086172223091125,-0.01316965650767088,0.23257441818714142,0.17711511254310608,-0.012074762023985386,0.19720688462257385,0.17513500154018402,-0.016737256199121475,0.1764584183692932,0.17605116963386536,-0.01989036239683628,0.1620364487171173,0.1751984804868698,-0.022615326568484306,0.23583479225635529,0.19807612895965576,-0.016602732241153717,0.19564221799373627,0.20273061096668243,-0.02070092223584652,0.1758320927619934,0.20337124168872833,-0.02300959639251232,0.1596524715423584,0.20099610090255737,-0.026034045964479446,0.23872977495193481,0.2273082286119461,-0.019504373893141747,0.2037101686000824,0.24639898538589478,-0.02164551056921482,0.21301352977752686,0.2553231418132782,-0.019145777449011803,0.2245389074087143,0.25314468145370483,-0.018603490665555,0.24096286296844482,0.2570563852787018,-0.021982118487358093,0.21402162313461304,0.26905569434165955,-0.023347698152065277,0.2219473123550415,0.2728688418865204,-0.018925223499536514,0.23322845995426178,0.2682127356529236,-0.016086116433143616
36,0.8928996920585632,0.8634560704231262,-1.287127133764443e-07,0.8535316586494446,0.7950199842453003,0.001772593823261559,0.7954399585723877,0.7878172993659973,-0.008665412664413452,0.7524743676185608,0.8315787315368652,-0.01985945925116539,0.727303147315979,0.881646990776062,-0.03484037145972252,0.7804440259933472,0.7607026696205139,-0.035435862839221954,0.7158330082893372,0.8051573634147644,-0.052232034504413605,0.6821540594100952,0.8377301096916199,-0.06376263499259949,0.6567388772964478,0.8648808598518372,-0.07144255191087723,0.7963322401046753,0.8148986101150513,-0.04665180668234825,0.726581335067749,0.8667460083961487,-0.05853695049881935,0.6876057386398315,0.8999122381210327,-0.06337843090295792,0.6575056314468384,0.9270596504211426,-0.06962626427412033,0.8150559663772583,0.8746573328971863,-0.055192846804857254,0.7554557919502258,0.9374468326568604,-0.06322828680276871,0.772582471370697,0.9300665259361267,-0.05689849704504013,0.7929636836051941,0.9112356901168823,-0.05391531437635422,0.8330294489860535,0.9323145747184753,-0.06314174830913544,0.7823654413223267,0.9760616421699524,-0.06865979731082916,0.7939706444740295,0.9669179916381836,-0.05914006382226944,0.8106029629707336,0.9460021257400513,-0.052520766854286194,0.27470842003822327,0.28041183948516846,-5.884675147171947e-08,0.2684099078178406,0.231967955827713,0.001740032690577209,0.24583443999290466,0.20083701610565186,-0.002027546986937523,0.2236103117465973,0.19517667591571808,-0.006515136454254389,0.20673653483390808,0.20086172223091125,-0.01316965650767088,0.23257441818714142,0.17711511254310608,-0.012074762023985386,0.19720688462257385,0.17513500154018402,-0.016737256199121475,0.1764584183692932,0.17605116963386536,-0.01989036239683628,0.1620364487171173,0.1751984804868698,-0.022615326568484306,0.23583479225635529,0.19807612895965576,-0.016602732241153717,0.19564221799373627,0.20273061096668243,-0.02070092223584652,0.1758320927619934,0.20337124168872833,-0.02300959639251232,0.1596524715423584,0.20099610090255737,-0.026034045964479446,0.23872977495193481,0.2273082286119461,-0.019504373893141747,0.2037101686000824,0.24639898538589478,-0.02164551056921482,0.21301352977752686,0.2553231418132782,-0.019145777449011803,0.2245389074087143,0.25314468145370483,-0.018603490665555,0.24096286296844482,0.2570563852787018,-0.021982118487358093,0.21402162313461304,0.26905569434165955,-0.023347698152065277,0.2219473123550415,0.2728688418865204,-0.018925223499536514,0.23322845995426178,0.2682127356529236,-0.016086116433143616
37,0.8968504071235657,0.870585024356842,-1.40198054054963e-07,0.8577568531036377,0.8040722012519836,0.0007077918271534145,0.8018200993537903,0.7908399701118469,-0.009277007542550564,0.7602192163467407,0.8251567482948303,-0.01992788538336754,0.7360391616821289,0.8733166456222534,-0.03451503440737724,0.7837612628936768,0.7705534100532532,-0.035298559814691544,0.7190908193588257,0.8176895976066589,-0.05170883983373642,0.6851899027824402,0.8505812287330627,-0.06324519962072372,0.6603758335113525,0.8758970499038696,-0.07095438241958618,0.8000688552856445,0.8248202204704285,-0.04590608552098274,0.7324657440185547,0.8772460222244263,-0.05785290524363518,0.692903995513916,0.9107075929641724,-0.06254668533802032,0.662815511226654,0.9370484352111816,-0.06850442290306091,0.8192849159240723,0.8841171264648438,-0.054078731685876846,0.7607206106185913,0.9482253789901733,-0.06281408667564392,0.7738989591598511,0.9437195062637329,-0.05751773342490196,0.7932473421096802,0.9276764392852783,-0.054895687848329544,0.8371210098266602,0.9410876035690308,-0.0618235319852829,0.7857117056846619,0.9857534170150757,-0.06827115267515182,0.7931019067764282,0.9795711040496826,-0.05990653485059738,0.8083949685096741,0.9617589712142944,-0.053809523582458496,0.2747963070869446,0.28111374378204346,-4.9949992586562075e-08,0.2678830921649933,0.23295247554779053,0.0015443512238562107,0.24456331133842468,0.2030651569366455,-0.0021856233943253756,0.22228500247001648,0.19697396457195282,-0.006796776317059994,0.20623400807380676,0.19995315372943878,-0.013353020884096622,0.23073320090770721,0.1770937740802765,-0.00951840728521347,0.196646586060524,0.17790476977825165,-0.013149121776223183,0.17639920115470886,0.1786191463470459,-0.01563112623989582,0.16260027885437012,0.17738458514213562,-0.01815733127295971,0.23515835404396057,0.1976526826620102,-0.014364995993673801,0.19441936910152435,0.20577263832092285,-0.01719389110803604,0.1755099594593048,0.20690667629241943,-0.018827257677912712,0.16012617945671082,0.20427747070789337,-0.021575702354311943,0.23921053111553192,0.2274593859910965,-0.017954133450984955,0.2037506103515625,0.2477181851863861,-0.019949859008193016,0.21347443759441376,0.257648766040802,-0.017705881968140602,0.22503456473350525,0.255834698677063,-0.017451511695981026,0.24222701787948608,0.2586466670036316,-0.02117500640451908,0.21430720388889313,0.2718580365180969,-0.023298926651477814,0.2222147285938263,0.2761465013027191,-0.01956818997859955,0.23346133530139923,0.2724049687385559,-0.017208032310009003
38,0.906116783618927,0.8691147565841675,-9.660188027282857e-08,0.8663089871406555,0.8159846067428589,-0.0022977078333497047,0.8097042441368103,0.8079189658164978,-0.012018311768770218,0.7691575288772583,0.8420804142951965,-0.021838584914803505,0.746556282043457,0.888056755065918,-0.03526017814874649,0.7922325730323792,0.7864964604377747,-0.03638960421085358,0.7335146069526672,0.8380548357963562,-0.05232185125350952,0.699674129486084,0.8735761642456055,-0.06351092457771301,0.6742540001869202,0.8995451927185059,-0.07139500230550766,0.8087246417999268,0.8387260437011719,-0.046062830835580826,0.743381917476654,0.8980076909065247,-0.058338165283203125,0.7023195624351501,0.9342644214630127,-0.06480632722377777,0.6727680563926697,0.9637750387191772,-0.07206027954816818,0.829530656337738,0.8968587517738342,-0.05343102291226387,0.7729771137237549,0.9655861854553223,-0.06502602994441986,0.7836652994155884,0.9623892307281494,-0.061898160725831985,0.8025572896003723,0.9480339884757996,-0.05969342589378357,0.8497657179832458,0.9541645646095276,-0.06051114946603775,0.800709068775177,1.0040825605392456,-0.07087616622447968,0.8058157563209534,1.0015864372253418,-0.06524253636598587,0.8211947679519653,0.9888173341751099,-0.060135990381240845,0.2728015184402466,0.27991849184036255,-5.588815099599742e-08,0.2671416401863098,0.23267221450805664,0.0020749326795339584,0.24495378136634827,0.20340150594711304,-0.0011290275724604726,0.22257082164287567,0.19989067316055298,-0.00522875040769577,0.20625931024551392,0.20636188983917236,-0.011367252096533775,0.2294863611459732,0.17744678258895874,-0.0090293874964118,0.19569295644760132,0.17869409918785095,-0.012774387374520302,0.17527344822883606,0.1803722232580185,-0.015238229185342789,0.16161733865737915,0.1795760542154312,-0.017477327957749367,0.2332485020160675,0.19806843996047974,-0.013394211418926716,0.19349852204322815,0.20908789336681366,-0.015469382517039776,0.17552095651626587,0.2102489471435547,-0.01620836928486824,0.16088508069515228,0.20770283043384552,-0.018149113282561302,0.2368796169757843,0.22751761972904205,-0.016500728204846382,0.20313946902751923,0.25014638900756836,-0.01745975948870182,0.21283115446567535,0.2584274411201477,-0.014508971013128757,0.2238808274269104,0.25594499707221985,-0.013617643155157566,0.2394401729106903,0.2581867277622223,-0.01924731582403183,0.2134854793548584,0.2724919319152832,-0.02067454718053341,0.221130833029747,0.2759896516799927,-0.01667892187833786,0.23148931562900543,0.2717846930027008,-0.013863577507436275
39,0.9066070318222046,0.8731109499931335,-1.0684387774517745e-07,0.8681698441505432,0.8185446858406067,-0.003424483584240079,0.8133631348609924,0.8112901449203491,-0.014188281260430813,0.7731527090072632,0.8480422496795654,-0.024434350430965424,0.7507961988449097,0.895459771156311,-0.0382063128054142,0.7961110472679138,0.7893344163894653,-0.04007721319794655,0.7371060848236084,0.840382993221283,-0.05753074958920479,0.7035777568817139,0.877986490726471,-0.06949467957019806,0.679655909538269,0.9064106941223145,-0.07749614119529724,0.8129989504814148,0.8416275382041931,-0.04845408722758293,0.747521698474884,0.9051454663276672,-0.061987750232219696,0.7068486213684082,0.9437099695205688,-0.06828975677490234,0.6775366067886353,0.9725505113601685,-0.07526680827140808,0.8326677680015564,0.8983547687530518,-0.0544736310839653,0.7761751413345337,0.9718010425567627,-0.06579750776290894,0.7858786582946777,0.9653475284576416,-0.06214699149131775,0.8034330606460571,0.945940375328064,-0.05986824259161949,0.851003885269165,0.9534888863563538,-0.06024264544248581,0.8034161925315857,1.0047067403793335,-0.06952004134654999,0.8099256157875061,0.9975641965866089,-0.06319226324558258,0.8253500461578369,0.9781680107116699,-0.05785570666193962,0.2721412181854248,0.28177618980407715,-7.333635920758752e-08,0.26652541756629944,0.23274914920330048,0.0027245646342635155,0.24529878795146942,0.20297501981258392,-0.0002891784533858299,0.22377298772335052,0.19789767265319824,-0.004346336703747511,0.20790588855743408,0.2028413712978363,-0.01049677561968565,0.2295941412448883,0.17779602110385895,-0.008781383745372295,0.19745029509067535,0.17940019071102142,-0.012541741132736206,0.17757868766784668,0.18087618052959442,-0.015320881269872189,0.16380098462104797,0.18007871508598328,-0.01777314580976963,0.2338353544473648,0.19894663989543915,-0.013550952076911926,0.19616897404193878,0.2113182544708252,-0.014923189766705036,0.17805494368076324,0.21220947802066803,-0.015500650741159916,0.16299882531166077,0.20974001288414001,-0.017564112320542336,0.23773527145385742,0.22911791503429413,-0.017047662287950516,0.2043808102607727,0.2505529224872589,-0.01726873777806759,0.21326282620429993,0.25811609625816345,-0.014423820190131664,0.22377900779247284,0.25596290826797485,-0.013948646374046803,0.24069024622440338,0.26030057668685913,-0.020180396735668182,0.21464622020721436,0.2743765115737915,-0.021249042823910713,0.2210874706506729,0.27772974967956543,-0.017245298251509666,0.23085670173168182,0.27425724267959595,-0.014536568894982338
40,0.9066070318222046,0.8731109499931335,-1.0684387774517745e-07,0.8681698441505432,0.8185446858406067,-0.003424483584240079,0.8133631348609924,0.8112901449203491,-0.014188281260430813,0.7731527090072632,0.8480422496795654,-0.024434350430965424,0.7507961988449097,0.895459771156311,-0.0382063128054142,0.7961110472679138,0.7893344163894653,-0.04007721319794655,0.7371060848236084,0.840382993221283,-0.05753074958920479,0.7035777568817139,0.877986490726471,-0.06949467957019806,0.679655909538269,0.9064106941223145,-0.07749614119529724,0.8129989504814148,0.8416275382041931,-0.04845408722758293,0.747521698474884,0.9051454663276672,-0.061987750232219696,0.7068486213684082,0.9437099695205688,-0.06828975677490234,0.6775366067886353,0.9725505113601685,-0.07526680827140808,0.8326677680015564,0.8983547687530518,-0.0544736310839653,0.7761751413345337,0.9718010425567627,-0.06579750776290894,0.7858786582946777,0.9653475284576416,-0.06214699149131775,0.8034330606460571,0.945940375328064,-0.05986824259161949,0.851003885269165,0.9534888863563538,-0.06024264544248581,0.8034161925315857,1.0047067403793335,-0.06952004134654999,0.8099256157875061,0.9975641965866089,-0.06319226324558258,0.8253500461578369,0.9781680107116699,-0.05785570666193962,0.2721412181854248,0.28177618980407715,-7.333635920758752e-08,0.26652541756629944,0.23274914920330048,0.0027245646342635155,0.24529878795146942,0.20297501981258392,-0.0002891784533858299,0.22377298772335052,0.19789767265319824,-0.004346336703747511,0.20790588855743408,0.2028413712978363,-0.01049677561968565,0.2295941412448883,0.17779602110385895,-0.008781383745372295,0.19745029509067535,0.17940019071102142,-0.012541741132736206,0.17757868766784668,0.18087618052959442,-0.015320881269872189,0.16380098462104797,0.18007871508598328,-0.01777314580976963,0.2338353544473648,0.19894663989543915,-0.013550952076911926,0.19616897404193878,0.2113182544708252,-0.014923189766705036,0.17805494368076324,0.21220947802066803,-0.015500650741159916,0.16299882531166077,0.20974001288414001,-0.017564112320542336,0.23773527145385742,0.22911791503429413,-0.017047662287950516,0.2043808102607727,0.2505529224872589,-0.01726873777806759,0.21326282620429993,0.25811609625816345,-0.014423820190131664,0.22377900779247284,0.25596290826797485,-0.013948646374046803,0.24069024622440338,0.26030057668685913,-0.020180396735668182,0.21464622020721436,0.2743765115737915,-0.021249042823910713,0.2210874706506729,0.27772974967956543,-0.017245298251509666,0.23085670173168182,0.27425724267959595,-0.014536568894982338
