frame,feature_0,feature_1,feature_2,feature_3,feature_4,feature_5,feature_6,feature_7,feature_8,feature_9,feature_10,feature_11,feature_12,feature_13,feature_14,feature_15,feature_16,feature_17,feature_18,feature_19,feature_20,feature_21,feature_22,feature_23,feature_24,feature_25,feature_26,feature_27,feature_28,feature_29,feature_30,feature_31,feature_32,feature_33,feature_34,feature_35,feature_36,feature_37,feature_38,feature_39,feature_40,feature_41,feature_42,feature_43,feature_44,feature_45,feature_46,feature_47,feature_48,feature_49,feature_50,feature_51,feature_52,feature_53,feature_54,feature_55,feature_56,feature_57,feature_58,feature_59,feature_60,feature_61,feature_62,feature_63,feature_64,feature_65,feature_66,feature_67,feature_68,feature_69,feature_70,feature_71,feature_72,feature_73,feature_74,feature_75,feature_76,feature_77,feature_78,feature_79,feature_80,feature_81,feature_82,feature_83,feature_84,feature_85,feature_86,feature_87,feature_88,feature_89,feature_90,feature_91,feature_92,feature_93,feature_94,feature_95,feature_96,feature_97,feature_98,feature_99,feature_100,feature_101,feature_102,feature_103,feature_104,feature_105,feature_106,feature_107,feature_108,feature_109,feature_110,feature_111,feature_112,feature_113,feature_114,feature_115,feature_116,feature_117,feature_118,feature_119,feature_120,feature_121,feature_122,feature_123,feature_124,feature_125
1,0.28766730427742004,0.4818473160266876,-1.34856520617177e-07,0.2705812454223633,0.46028319001197815,-0.00940602459013462,0.2599318027496338,0.4211462736129761,-0.013636008836328983,0.2645690441131592,0.3859109580516815,-0.018196498975157738,0.2765079736709595,0.37020087242126465,-0.02112220786511898,0.26119327545166016,0.37360620498657227,-0.0034000161103904247,0.2565324008464813,0.32539331912994385,-0.013891763985157013,0.2550569772720337,0.3324744999408722,-0.020126471295952797,0.25506800413131714,0.3545868992805481,-0.022470837458968163,0.27381521463394165,0.3681781589984894,-0.0031838957220315933,0.26855897903442383,0.3143519461154938,-0.013744973577558994,0.26603561639785767,0.3310038149356842,-0.01739414781332016,0.2665938138961792,0.3585810363292694,-0.016994794830679893,0.2872873842716217,0.3713589012622833,-0.005083202384412289,0.28500115871429443,0.3200625479221344,-0.0150053845718503,0.2814881503582001,0.3357304632663727,-0.015791067853569984,0.28129783272743225,0.3620759844779968,-0.013331133872270584,0.30117297172546387,0.38099029660224915,-0.00809022132307291,0.29940706491470337,0.3441326320171356,-0.01622510701417923,0.2957996726036072,0.3490374684333801,-0.017876645550131798,0.29468169808387756,0.3679369390010834,-0.016791105270385742,0.6713194251060486,0.6066188812255859,-3.147737004383089e-07,0.6411759257316589,0.5694095492362976,-0.007915670052170753,0.6249157190322876,0.5178511142730713,-0.014180398546159267,0.6404969692230225,0.4822884500026703,-0.022932957857847214,0.6642698645591736,0.4920862019062042,-0.029820719733834267,0.6362552642822266,0.45457717776298523,0.0002044985885731876,0.6370261311531067,0.38460150361061096,-0.015491621568799019,0.6314099431037903,0.4149509370326996,-0.026188582181930542,0.6309910416603088,0.4504335820674896,-0.03172314912080765,0.6551455855369568,0.4531872868537903,-0.003534231334924698,0.6575554013252258,0.3774418234825134,-0.018224872648715973,0.6501986980438232,0.4200676679611206,-0.02305903472006321,0.6497142314910889,0.4585109353065491,-0.023158112540841103,0.6740102767944336,0.45840004086494446,-0.010129915550351143,0.6780149936676025,0.3874896764755249,-0.021084483712911606,0.669181227684021,0.42412257194519043,-0.019241079688072205,0.6675788164138794,0.4621896743774414,-0.015122173354029655,0.6939775943756104,0.4714421331882477,-0.018475405871868134,0.6951181292533875,0.4185962975025177,-0.023986147716641426,0.6865369081497192,0.43557465076446533,-0.02224796824157238,0.683122456073761,0.46451932191848755,-0.019834091886878014
2,0.28766730427742004,0.4818473160266876,-1.34856520617177e-07,0.2705812454223633,0.46028319001197815,-0.00940602459013462,0.2599318027496338,0.4211462736129761,-0.013636008836328983,0.2645690441131592,0.3859109580516815,-0.018196498975157738,0.2765079736709595,0.37020087242126465,-0.02112220786511898,0.26119327545166016,0.37360620498657227,-0.0034000161103904247,0.2565324008464813,0.32539331912994385,-0.013891763985157013,0.2550569772720337,0.3324744999408722,-0.020126471295952797,0.25506800413131714,0.3545868992805481,-0.022470837458968163,0.27381521463394165,0.3681781589984894,-0.0031838957220315933,0.26855897903442383,0.3143519461154938,-0.013744973577558994,0.26603561639785767,0.3310038149356842,-0.01739414781332016,0.2665938138961792,0.3585810363292694,-0.016994794830679893,0.2872873842716217,0.3713589012622833,-0.005083202384412289,0.28500115871429443,0.3200625479221344,-0.0150053845718503,0.2814881503582001,0.3357304632663727,-0.015791067853569984,0.28129783272743225,0.3620759844779968,-0.013331133872270584,0.30117297172546387,0.38099029660224915,-0.00809022132307291,0.29940706491470337,0.3441326320171356,-0.01622510701417923,0.2957996726036072,0.3490374684333801,-0.017876645550131798,0.29468169808387756,0.3679369390010834,-0.016791105270385742,0.6713194251060486,0.6066188812255859,-3.147737004383089e-07,0.6411759257316589,0.5694095492362976,-0.007915670052170753,0.6249157190322876,0.5178511142730713,-0.014180398546159267,0.6404969692230225,0.4822884500026703,-0.022932957857847214,0.6642698645591736,0.4920862019062042,-0.029820719733834267,0.6362552642822266,0.45457717776298523,0.0002044985885731876,0.6370261311531067,0.38460150361061096,-0.015491621568799019,0.6314099431037903,0.4149509370326996,-0.026188582181930542,0.6309910416603088,0.4504335820674896,-0.03172314912080765,0.6551455855369568,0.4531872868537903,-0.003534231334924698,0.6575554013252258,0.3774418234825134,-0.018224872648715973,0.6501986980438232,0.4200676679611206,-0.02305903472006321,0.6497142314910889,0.4585109353065491,-0.023158112540841103,0.6740102767944336,0.45840004086494446,-0.010129915550351143,0.6780149936676025,0.3874896764755249,-0.021084483712911606,0.669181227684021,0.42412257194519043,-0.019241079688072205,0.6675788164138794,0.4621896743774414,-0.015122173354029655,0.6939775943756104,0.4714421331882477,-0.018475405871868134,0.6951181292533875,0.4185962975025177,-0.023986147716641426,0.6865369081497192,0.43557465076446533,-0.02224796824157238,0.683122456073761,0.46451932191848755,-0.019834091886878014
3,0.2875894010066986,0.48220154643058777,-1.5286586574347893e-07,0.2696419954299927,0.4592304825782776,-0.008623972535133362,0.2588545083999634,0.41864854097366333,-0.01230545062571764,0.26530542969703674,0.3841886520385742,-0.016575323417782784,0.27944669127464294,0.3757465183734894,-0.019279366359114647,0.2609390914440155,0.37328869104385376,-0.0013026000233367085,0.2567363977432251,0.32590430974960327,-0.011043846607208252,0.25459203124046326,0.3354710638523102,-0.017118722200393677,0.25482070446014404,0.3580905497074127,-0.019728783518075943,0.2735152244567871,0.36771029233932495,-0.0015935302944853902,0.2692665159702301,0.31454941630363464,-0.011500479653477669,0.26576149463653564,0.33258774876594543,-0.01497726608067751,0.26637789607048035,0.3596479594707489,-0.014708359725773335,0.28708726167678833,0.370432585477829,-0.004029240924865007,0.28551217913627625,0.3199126720428467,-0.01325979270040989,0.2810935080051422,0.3370523452758789,-0.01396732684224844,0.28112876415252686,0.36324775218963623,-0.011741678230464458,0.3012637794017792,0.37977880239486694,-0.007633207831531763,0.29960402846336365,0.34204328060150146,-0.015075351111590862,0.2948397994041443,0.3486443758010864,-0.01643584482371807,0.29335716366767883,0.3687160015106201,-0.015490777790546417,0.6707087755203247,0.6045248508453369,-3.2358877888327697e-07,0.6417906880378723,0.5699673295021057,-0.008107955567538738,0.6255465149879456,0.5192334651947021,-0.01427248865365982,0.6409813761711121,0.4843166768550873,-0.02280680276453495,0.664951741695404,0.4934808015823364,-0.029428690671920776,0.6358047723770142,0.4530699849128723,-0.0004316042468417436,0.6365893483161926,0.38436615467071533,-0.01616806909441948,0.6316437125205994,0.41793444752693176,-0.026579489931464195,0.6314778327941895,0.45317649841308594,-0.03194641321897507,0.6547490954399109,0.45094427466392517,-0.0041360752657055855,0.6565735340118408,0.37720730900764465,-0.018634401261806488,0.6498411297798157,0.4216359257698059,-0.022878875955939293,0.6496654748916626,0.4584484398365021,-0.022668985649943352,0.6738161444664001,0.45654019713401794,-0.010741918347775936,0.6776796579360962,0.3869021236896515,-0.02207346074283123,0.6691681146621704,0.4252951741218567,-0.019664395600557327,0.6677969694137573,0.4617103338241577,-0.015159050934016705,0.6941861510276794,0.4712124466896057,-0.019052831456065178,0.6950742602348328,0.4190722703933716,-0.02516036480665207,0.6861151456832886,0.4376659691333771,-0.02321314625442028,0.6825025081634521,0.4657366871833801,-0.020562229678034782
4,0.288915753364563,0.4776797294616699,-1.465867711658575e-07,0.2716551125049591,0.4573880434036255,-0.009245669469237328,0.2604752779006958,0.41771382093429565,-0.013445635326206684,0.26687178015708923,0.38476186990737915,-0.01785586029291153,0.282089501619339,0.3765248656272888,-0.020695216953754425,0.26307570934295654,0.372672975063324,-0.0042636822909116745,0.2583079934120178,0.32618436217308044,-0.014874233864247799,0.25607410073280334,0.3345668315887451,-0.020876523107290268,0.2563124895095825,0.35681429505348206,-0.023215409368276596,0.2753177583217621,0.3665409982204437,-0.004236758686602116,0.270512193441391,0.3139478266239166,-0.015092544257640839,0.2662913203239441,0.33215418457984924,-0.01788683794438839,0.2667776942253113,0.3591010272502899,-0.01679174043238163,0.28863969445228577,0.36887127161026,-0.006293767597526312,0.2866937816143036,0.32021385431289673,-0.0163465216755867,0.28186509013175964,0.3374392092227936,-0.016321156173944473,0.28199875354766846,0.36269819736480713,-0.013261727057397366,0.3029140532016754,0.3780105710029602,-0.00947663839906454,0.3005674183368683,0.34228190779685974,-0.017587723210453987,0.29624754190444946,0.35005730390548706,-0.018723521381616592,0.2955654263496399,0.369709312915802,-0.01731461100280285,0.6708129048347473,0.604934811592102,-3.0149328722473e-07,0.641157329082489,0.5686567425727844,-0.007977517321705818,0.6252689957618713,0.5178968906402588,-0.014189478009939194,0.6420358419418335,0.4831492006778717,-0.022753432393074036,0.6665612459182739,0.4922848641872406,-0.029507122933864594,0.6348714828491211,0.45532113313674927,-0.0004999208031222224,0.6362152695655823,0.38634955883026123,-0.015878072008490562,0.6322625279426575,0.4174268841743469,-0.0263853520154953,0.6319472789764404,0.4520018696784973,-0.03194465488195419,0.6544929146766663,0.4524625837802887,-0.004280589520931244,0.6575995087623596,0.3769482374191284,-0.018214872106909752,0.6519837975502014,0.41898325085639954,-0.022948075085878372,0.6509710550308228,0.4557035267353058,-0.02329399809241295,0.6735930442810059,0.45762601494789124,-0.01081803161650896,0.67771315574646,0.38833698630332947,-0.02136150747537613,0.6704083681106567,0.42480945587158203,-0.01949317939579487,0.6684333682060242,0.4607478976249695,-0.015632595866918564,0.6933549642562866,0.47131630778312683,-0.01904180832207203,0.694593608379364,0.41905534267425537,-0.02428790181875229,0.6871248483657837,0.4361764192581177,-0.02227548137307167,0.6837252378463745,0.4634798467159271,-0.019868671894073486
5,0.2891535460948944,0.4763285517692566,-1.3980064750285237e-07,0.27074965834617615,0.45734405517578125,-0.009630648419260979,0.2607024610042572,0.4187000095844269,-0.013812744058668613,0.2672268748283386,0.38434985280036926,-0.018196063116192818,0.2802957594394684,0.372099369764328,-0.020688524469733238,0.260936975479126,0.37349119782447815,-0.0036811705213040113,0.2575954794883728,0.32580041885375977,-0.013740272261202335,0.25653275847435,0.3345649540424347,-0.01944156549870968,0.25738725066185,0.35692375898361206,-0.02159167267382145,0.27414563298225403,0.3677184283733368,-0.003185151843354106,0.27051010727882385,0.31583455204963684,-0.012888693250715733,0.26834335923194885,0.33318015933036804,-0.015767794102430344,0.2694511115550995,0.35912248492240906,-0.015083606354892254,0.28807079792022705,0.3701770305633545,-0.004810371436178684,0.28681614995002747,0.3213927149772644,-0.013717646710574627,0.2832184135913849,0.33665186166763306,-0.013701454736292362,0.2832205891609192,0.361534059047699,-0.010982644744217396,0.30252739787101746,0.37880927324295044,-0.007673364598304033,0.3020128309726715,0.342111736536026,-0.014947420917451382,0.29785653948783875,0.3457326889038086,-0.016227833926677704,0.2958081364631653,0.3634377419948578,-0.015117833390831947,0.6710659861564636,0.6016551852226257,-2.854733054391545e-07,0.6409323811531067,0.5662257075309753,-0.007157150190323591,0.625530481338501,0.516087532043457,-0.012573783285915852,0.6421616077423096,0.4821398854255676,-0.020611124113202095,0.6659772396087646,0.4951533079147339,-0.026917647570371628,0.6364606618881226,0.45364809036254883,0.002070185961201787,0.6374550461769104,0.3857349157333374,-0.013016793876886368,0.6341344118118286,0.4153057336807251,-0.023434916511178017,0.634972333908081,0.44807004928588867,-0.02887384593486786,0.6552450656890869,0.4518968164920807,-0.0019578379578888416,0.6586747169494629,0.37686657905578613,-0.01590435765683651,0.6530442833900452,0.4185684323310852,-0.02073094993829727,0.6527525186538696,0.45400843024253845,-0.02089725062251091,0.6737174391746521,0.4574037194252014,-0.008835210464894772,0.6783358454704285,0.3876192271709442,-0.019482340663671494,0.6706480979919434,0.4243968427181244,-0.017702069133520126,0.6690796613693237,0.45990556478500366,-0.013577954843640327,0.6929759979248047,0.47095274925231934,-0.017362790182232857,0.6946870684623718,0.4178580343723297,-0.022210735827684402,0.6865653395652771,0.4346485435962677,-0.020014842972159386,0.6830269694328308,0.4618678689002991,-0.0173394326120615
6,0.28757283091545105,0.4810084402561188,-1.6890913911993266e-07,0.2729704976081848,0.45777249336242676,-0.008516263216733932,0.26350951194763184,0.42283016443252563,-0.012483663856983185,0.26693689823150635,0.3900933563709259,-0.01676184870302677,0.2743130326271057,0.372635155916214,-0.019236505031585693,0.2633019685745239,0.37311026453971863,-0.003920421469956636,0.25889986753463745,0.3244059085845947,-0.013621203601360321,0.25703760981559753,0.3351323902606964,-0.018751511350274086,0.25661298632621765,0.35792240500450134,-0.020537851378321648,0.2762153744697571,0.3685515224933624,-0.004069861490279436,0.2717798948287964,0.3141612708568573,-0.013782748952507973,0.26922082901000977,0.33369824290275574,-0.01639171876013279,0.26894813776016235,0.36056971549987793,-0.015655871480703354,0.28993380069732666,0.3715645372867584,-0.006184551864862442,0.28763917088508606,0.31989169120788574,-0.01534525491297245,0.2843701243400574,0.33840352296829224,-0.015172448009252548,0.28335511684417725,0.36250028014183044,-0.012473437003791332,0.3040667176246643,0.38139185309410095,-0.009319798089563847,0.30238673090934753,0.34485772252082825,-0.016909072175621986,0.2994043529033661,0.35114341974258423,-0.017864389345049858,0.2979218363761902,0.3676411211490631,-0.016590403392910957,0.6705967783927917,0.599757194519043,-2.934737324267189e-07,0.6415978074073792,0.5663299560546875,-0.008216287940740585,0.6265943646430969,0.5158159732818604,-0.014062648639082909,0.642834484577179,0.4816979169845581,-0.022107567638158798,0.6659610271453857,0.4924951195716858,-0.028123218566179276,0.6358009576797485,0.4527735114097595,-0.0001916689216159284,0.6367966532707214,0.3852878510951996,-0.015254669822752476,0.6336119771003723,0.41857466101646423,-0.025253959000110626,0.6340749859809875,0.4518970549106598,-0.03047303855419159,0.6551199555397034,0.450606107711792,-0.003770052222535014,0.6578724980354309,0.3776002526283264,-0.017612295225262642,0.6527725458145142,0.42049795389175415,-0.02202644571661949,0.6526179313659668,0.45451751351356506,-0.02212546393275261,0.673994779586792,0.455944299697876,-0.010184270329773426,0.6784079670906067,0.3886798918247223,-0.02075606770813465,0.6712923049926758,0.4248112142086029,-0.0187741219997406,0.6698506474494934,0.458476722240448,-0.014785099774599075,0.693511962890625,0.469189316034317,-0.018314702436327934,0.6947938203811646,0.4183054268360138,-0.02342061512172222,0.6871830224990845,0.4347129464149475,-0.02148986980319023,0.6840753555297852,0.46045488119125366,-0.01911940611898899
7,0.28757283091545105,0.4810084402561188,-1.6890913911993266e-07,0.2729704976081848,0.45777249336242676,-0.008516263216733932,0.26350951194763184,0.42283016443252563,-0.012483663856983185,0.26693689823150635,0.3900933563709259,-0.01676184870302677,0.2743130326271057,0.372635155916214,-0.019236505031585693,0.2633019685745239,0.37311026453971863,-0.003920421469956636,0.25889986753463745,0.3244059085845947,-0.013621203601360321,0.25703760981559753,0.3351323902606964,-0.018751511350274086,0.25661298632621765,0.35792240500450134,-0.020537851378321648,0.2762153744697571,0.3685515224933624,-0.004069861490279436,0.2717798948287964,0.3141612708568573,-0.013782748952507973,0.26922082901000977,0.33369824290275574,-0.01639171876013279,0.26894813776016235,0.36056971549987793,-0.015655871480703354,0.28993380069732666,0.3715645372867584,-0.006184551864862442,0.28763917088508606,0.31989169120788574,-0.01534525491297245,0.2843701243400574,0.33840352296829224,-0.015172448009252548,0.28335511684417725,0.36250028014183044,-0.012473437003791332,0.3040667176246643,0.38139185309410095,-0.009319798089563847,0.30238673090934753,0.34485772252082825,-0.016909072175621986,0.2994043529033661,0.35114341974258423,-0.017864389345049858,0.2979218363761902,0.3676411211490631,-0.016590403392910957,0.6705967783927917,0.599757194519043,-2.934737324267189e-07,0.6415978074073792,0.5663299560546875,-0.008216287940740585,0.6265943646430969,0.5158159732818604,-0.014062648639082909,0.642834484577179,0.4816979169845581,-0.022107567638158798,0.6659610271453857,0.4924951195716858,-0.028123218566179276,0.6358009576797485,0.4527735114097595,-0.0001916689216159284,0.6367966532707214,0.3852878510951996,-0.015254669822752476,0.6336119771003723,0.41857466101646423,-0.025253959000110626,0.6340749859809875,0.4518970549106598,-0.03047303855419159,0.6551199555397034,0.450606107711792,-0.003770052222535014,0.6578724980354309,0.3776002526283264,-0.017612295225262642,0.6527725458145142,0.42049795389175415,-0.02202644571661949,0.6526179313659668,0.45451751351356506,-0.02212546393275261,0.673994779586792,0.455944299697876,-0.010184270329773426,0.6784079670906067,0.3886798918247223,-0.02075606770813465,0.6712923049926758,0.4248112142086029,-0.0187741219997406,0.6698506474494934,0.458476722240448,-0.014785099774599075,0.693511962890625,0.469189316034317,-0.018314702436327934,0.6947938203811646,0.4183054268360138,-0.02342061512172222,0.6871830224990845,0.4347129464149475,-0.02148986980319023,0.6840753555297852,0.46045488119125366,-0.01911940611898899
8,0.28997236490249634,0.4815513491630554,-1.5658920915484487e-07,0.2729051411151886,0.45720869302749634,-0.009078916162252426,0.2641540467739105,0.41788458824157715,-0.013365714810788631,0.2723771631717682,0.38587287068367004,-0.01816929318010807,0.2857264578342438,0.37288156151771545,-0.021282685920596123,0.2656187117099762,0.3722929358482361,-0.0020266815554350615,0.2618075907230377,0.32609015703201294,-0.012677802704274654,0.25916847586631775,0.33803680539131165,-0.019292891025543213,0.2585330605506897,0.3618394434452057,-0.021944811567664146,0.2782326340675354,0.3681045472621918,-0.002075457014143467,0.2744904160499573,0.3153926432132721,-0.012599858455359936,0.2706799805164337,0.33498165011405945,-0.016277819871902466,0.27089637517929077,0.3613048195838928,-0.016042128205299377,0.2916359007358551,0.371933251619339,-0.004321758635342121,0.2904933989048004,0.3223087787628174,-0.013601909391582012,0.2863328754901886,0.33903682231903076,-0.01403738558292389,0.28589117527008057,0.3635256290435791,-0.011634713038802147,0.3055669963359833,0.38225826621055603,-0.007759458851069212,0.3048667907714844,0.34468963742256165,-0.014308475889265537,0.3008582890033722,0.34946492314338684,-0.01492473017424345,0.29895463585853577,0.3664613664150238,-0.013575307093560696,0.6709546446800232,0.6016114950180054,-3.2642066116750357e-07,0.6414469480514526,0.566300094127655,-0.007828610949218273,0.6257174015045166,0.5157783031463623,-0.013698585331439972,0.6414027214050293,0.4817070960998535,-0.02199818193912506,0.6649001240730286,0.49181124567985535,-0.02838175557553768,0.6373613476753235,0.4523771405220032,0.0002401382225798443,0.6389085054397583,0.38317885994911194,-0.01552275475114584,0.6335415840148926,0.415730357170105,-0.02606143243610859,0.6329578757286072,0.4508484899997711,-0.031489741057157516,0.6560524106025696,0.45077601075172424,-0.003400383749976754,0.6588181853294373,0.3757384717464447,-0.01772589050233364,0.6513699293136597,0.4196738004684448,-0.022032732143998146,0.6511062979698181,0.4560760259628296,-0.02199183776974678,0.6748834252357483,0.4563348591327667,-0.009968314319849014,0.6797943711280823,0.3859502971172333,-0.02098689414560795,0.6704887747764587,0.42307353019714355,-0.018522094935178757,0.6689744591712952,0.45901018381118774,-0.01413150504231453,0.695108950138092,0.4708700180053711,-0.01825234852731228,0.6971474885940552,0.4173877537250519,-0.02377467229962349,0.6874129772186279,0.43520286679267883,-0.02163195051252842,0.6833157539367676,0.463253915309906,-0.019051406532526016
9,0.291138231754303,0.48014697432518005,-1.4350439414556604e-07,0.2753969132900238,0.4618402421474457,-0.010506754741072655,0.2663971781730652,0.41921812295913696,-0.014097594656050205,0.2718861401081085,0.38572177290916443,-0.01765868254005909,0.28379204869270325,0.37568044662475586,-0.019448796287178993,0.26659074425697327,0.37523868680000305,-0.004465931095182896,0.2631656527519226,0.33016446232795715,-0.015104182995855808,0.2606918513774872,0.33697712421417236,-0.020779602229595184,0.2609531581401825,0.3606090545654297,-0.022678157314658165,0.27888721227645874,0.36910194158554077,-0.003471395932137966,0.2757219672203064,0.31829172372817993,-0.014688781462609768,0.27171677350997925,0.3324859142303467,-0.017463691532611847,0.2721208930015564,0.3605835735797882,-0.01609024591743946,0.29260876774787903,0.37196144461631775,-0.004824659321457148,0.29117733240127563,0.3238568902015686,-0.01570439338684082,0.28599292039871216,0.33669114112854004,-0.016324058175086975,0.28535929322242737,0.362978994846344,-0.013345417566597462,0.3073718547821045,0.3809925317764282,-0.007375612854957581,0.3054639399051666,0.34454455971717834,-0.016696380451321602,0.3002890646457672,0.34982943534851074,-0.018868394196033478,0.29826822876930237,0.3714660108089447,-0.017882786691188812,0.6717860102653503,0.6016902923583984,-3.178118390678719e-07,0.6422962546348572,0.5660836696624756,-0.006859324406832457,0.6272318363189697,0.515720009803772,-0.01205297652631998,0.6421869993209839,0.4826323390007019,-0.019917072728276253,0.6649041771888733,0.49184125661849976,-0.025913629680871964,0.6377156376838684,0.4518355429172516,0.00212049949914217,0.6395180821418762,0.3833620548248291,-0.013229424133896828,0.6345252990722656,0.4154056906700134,-0.023403070867061615,0.6337651610374451,0.45015624165534973,-0.02839936502277851,0.6563242673873901,0.45094138383865356,-0.0018448299961164594,0.6592333912849426,0.377040296792984,-0.016083596274256706,0.6521745324134827,0.4193360507488251,-0.020655557513237,0.6516873836517334,0.455671101808548,-0.02057480625808239,0.6751301884651184,0.4571063220500946,-0.00870057288557291,0.6797508597373962,0.3863946497440338,-0.01984836906194687,0.6711417436599731,0.4220466911792755,-0.017977764829993248,0.669632613658905,0.45783713459968567,-0.013704304583370686,0.6951379179954529,0.4719386398792267,-0.017132427543401718,0.6967465877532959,0.4181293249130249,-0.023002423346042633,0.6878662705421448,0.43413928151130676,-0.02131696790456772,0.6841550469398499,0.46140843629837036,-0.018770357593894005
10,0.2901080548763275,0.4807666838169098,-1.5055132962515927e-07,0.27463793754577637,0.46019208431243896,-0.008997973054647446,0.2653713524341583,0.42092227935791016,-0.012871154583990574,0.2706003785133362,0.3870885670185089,-0.016917722299695015,0.28163981437683105,0.37528741359710693,-0.019392376765608788,0.2653316855430603,0.37474218010902405,-0.004007953219115734,0.2628529965877533,0.3278091251850128,-0.013759301975369453,0.2622098922729492,0.33804625272750854,-0.019216621294617653,0.26228779554367065,0.36047273874282837,-0.02131510339677334,0.27850282192230225,0.3692900240421295,-0.0037772967480123043,0.2755264341831207,0.3172406852245331,-0.013279599137604237,0.2736320197582245,0.3351442813873291,-0.016113867983222008,0.27331778407096863,0.36044934391975403,-0.015574228949844837,0.29253920912742615,0.3721141517162323,-0.005524068605154753,0.29115498065948486,0.3232106566429138,-0.014935236424207687,0.28806671500205994,0.34065690636634827,-0.015364189632236958,0.28678327798843384,0.3646354675292969,-0.01307655405253172,0.3068188428878784,0.3814544975757599,-0.008262936025857925,0.30520233511924744,0.34480273723602295,-0.016661740839481354,0.3015453517436981,0.354839026927948,-0.018074722960591316,0.29950085282325745,0.37552639842033386,-0.017045244574546814,0.6712738275527954,0.5982621312141418,-2.784976516068127e-07,0.643042802810669,0.5640496015548706,-0.008020228706300259,0.6279670596122742,0.5142883658409119,-0.013570369221270084,0.6426190733909607,0.4811409115791321,-0.021332520991563797,0.66496741771698,0.49333417415618896,-0.026932217180728912,0.6378409266471863,0.4486791789531708,0.0018963559996336699,0.6391812562942505,0.38366246223449707,-0.012831811793148518,0.6363456845283508,0.41635599732398987,-0.022381547838449478,0.636942982673645,0.44899892807006836,-0.027120985090732574,0.6564367413520813,0.44778671860694885,-0.0015848529292270541,0.6589847803115845,0.3775789141654968,-0.01618063822388649,0.6542476415634155,0.42101776599884033,-0.020844925194978714,0.6540624499320984,0.45554590225219727,-0.020448578521609306,0.6751918196678162,0.4540785849094391,-0.007977904751896858,0.6789304614067078,0.3882811963558197,-0.019566286355257034,0.6721736788749695,0.4254720211029053,-0.017801234498620033,0.6710925102233887,0.45936664938926697,-0.013209412805736065,0.6947360038757324,0.46893346309661865,-0.015992024913430214,0.6956457495689392,0.4194225072860718,-0.02214430458843708,0.6881468296051025,0.43606507778167725,-0.02061094157397747,0.6852990984916687,0.4613160789012909,-0.01787053979933262
11,0.2901080548763275,0.4807666838169098,-1.5055132962515927e-07,0.27463793754577637,0.46019208431243896,-0.008997973054647446,0.2653713524341583,0.42092227935791016,-0.012871154583990574,0.2706003785133362,0.3870885670185089,-0.016917722299695015,0.28163981437683105,0.37528741359710693,-0.019392376765608788,0.2653316855430603,0.37474218010902405,-0.004007953219115734,0.2628529965877533,0.3278091251850128,-0.013759301975369453,0.2622098922729492,0.33804625272750854,-0.019216621294617653,0.26228779554367065,0.36047273874282837,-0.02131510339677334,0.27850282192230225,0.3692900240421295,-0.0037772967480123043,0.2755264341831207,0.3172406852245331,-0.013279599137604237,0.2736320197582245,0.3351442813873291,-0.016113867983222008,0.27331778407096863,0.36044934391975403,-0.015574228949844837,0.29253920912742615,0.3721141517162323,-0.005524068605154753,0.29115498065948486,0.3232106566429138,-0.014935236424207687,0.28806671500205994,0.34065690636634827,-0.015364189632236958,0.28678327798843384,0.3646354675292969,-0.01307655405253172,0.3068188428878784,0.3814544975757599,-0.008262936025857925,0.30520233511924744,0.34480273723602295,-0.016661740839481354,0.3015453517436981,0.354839026927948,-0.018074722960591316,0.29950085282325745,0.37552639842033386,-0.017045244574546814,0.6712738275527954,0.5982621312141418,-2.784976516068127e-07,0.643042802810669,0.5640496015548706,-0.008020228706300259,0.6279670596122742,0.5142883658409119,-0.013570369221270084,0.6426190733909607,0.4811409115791321,-0.021332520991563797,0.66496741771698,0.49333417415618896,-0.026932217180728912,0.6378409266471863,0.4486791789531708,0.0018963559996336699,0.6391812562942505,0.38366246223449707,-0.012831811793148518,0.6363456845283508,0.41635599732398987,-0.022381547838449478,0.636942982673645,0.44899892807006836,-0.027120985090732574,0.6564367413520813,0.44778671860694885,-0.0015848529292270541,0.6589847803115845,0.3775789141654968,-0.01618063822388649,0.6542476415634155,0.42101776599884033,-0.020844925194978714,0.6540624499320984,0.45554590225219727,-0.020448578521609306,0.6751918196678162,0.4540785849094391,-0.007977904751896858,0.6789304614067078,0.3882811963558197,-0.019566286355257034,0.6721736788749695,0.4254720211029053,-0.017801234498620033,0.6710925102233887,0.45936664938926697,-0.013209412805736065,0.6947360038757324,0.46893346309661865,-0.015992024913430214,0.6956457495689392,0.4194225072860718,-0.02214430458843708,0.6881468296051025,0.43606507778167725,-0.02061094157397747,0.6852990984916687,0.4613160789012909,-0.01787053979933262
12,0.2916133999824524,0.48160967230796814,-1.434090108887176e-07,0.2746698260307312,0.46107786893844604,-0.009510451927781105,0.2647548019886017,0.4209652543067932,-0.01358140166848898,0.2717077136039734,0.38915586471557617,-0.017909599468111992,0.2858225107192993,0.38096287846565247,-0.020647883415222168,0.26665908098220825,0.37399327754974365,-0.003305045422166586,0.26360756158828735,0.32808345556259155,-0.013424771837890148,0.26243457198143005,0.3387596905231476,-0.019594235345721245,0.2627815902233124,0.3616626560688019,-0.022221852093935013,0.27901333570480347,0.3694359064102173,-0.0030396392103284597,0.2761143147945404,0.31936532258987427,-0.012946086935698986,0.27308258414268494,0.33783164620399475,-0.016204824671149254,0.27350619435310364,0.36358657479286194,-0.015932444483041763,0.2922564446926117,0.37260448932647705,-0.00497925840318203,0.2915530204772949,0.32457929849624634,-0.014300062321126461,0.28721049427986145,0.34034526348114014,-0.015065082348883152,0.28652137517929077,0.3651137351989746,-0.012972626835107803,0.3062669038772583,0.38213276863098145,-0.008116969838738441,0.30491745471954346,0.345234751701355,-0.015910178422927856,0.3005174398422241,0.352267324924469,-0.01754601299762726,0.2987149953842163,0.37238991260528564,-0.01680593751370907,0.6720216870307922,0.5991880893707275,-3.1180803716779337e-07,0.642979621887207,0.5655238032341003,-0.007531530223786831,0.6272292137145996,0.5162086486816406,-0.012936443090438843,0.6418522596359253,0.4821756184101105,-0.02075783722102642,0.6649509072303772,0.4900009334087372,-0.026659416034817696,0.6380463242530823,0.4503757059574127,0.0011421615490689874,0.6391341090202332,0.38378676772117615,-0.01400663610547781,0.6345531344413757,0.4147566258907318,-0.023930657655000687,0.6341541409492493,0.4485686719417572,-0.028872201219201088,0.656701385974884,0.44867271184921265,-0.002597290789708495,0.6590805053710938,0.376396507024765,-0.01686485856771469,0.6524804830551147,0.4187576174736023,-0.021378058940172195,0.652219831943512,0.4545643925666809,-0.02123113162815571,0.6754509210586548,0.4545649588108063,-0.009197860024869442,0.6796872019767761,0.3873227536678314,-0.020655015483498573,0.6713441610336304,0.4235374629497528,-0.01889927126467228,0.6699479222297668,0.4583621025085449,-0.01462949812412262,0.695216953754425,0.4693083167076111,-0.017374953255057335,0.696540355682373,0.4172287881374359,-0.023497458547353745,0.6879481077194214,0.43353116512298584,-0.02188529074192047,0.6843814253807068,0.4600687026977539,-0.019347749650478363
13,0.2911236882209778,0.4841565489768982,-1.5218741111766576e-07,0.2739166021347046,0.4624369144439697,-0.008411773480474949,0.2637373208999634,0.42226818203926086,-0.01209314912557602,0.27011919021606445,0.3894840180873871,-0.01620604284107685,0.28381356596946716,0.37970948219299316,-0.01879015937447548,0.26703354716300964,0.37610292434692383,-0.0029400684870779514,0.26365745067596436,0.3287675678730011,-0.012901438400149345,0.2618766129016876,0.338299959897995,-0.01896470971405506,0.26157423853874207,0.36080771684646606,-0.021541979163885117,0.27910250425338745,0.37164807319641113,-0.0032282809261232615,0.27564358711242676,0.31854939460754395,-0.013465889729559422,0.27255138754844666,0.33675992488861084,-0.016842348501086235,0.2727373540401459,0.36365044116973877,-0.016521302983164787,0.2921992540359497,0.37488582730293274,-0.0055335890501737595,0.2913689911365509,0.3244226574897766,-0.014746679924428463,0.2873741686344147,0.33994197845458984,-0.015504521317780018,0.28679952025413513,0.36499419808387756,-0.01343436911702156,0.3061944246292114,0.38457190990448,-0.008933049626648426,0.3050757050514221,0.3475658893585205,-0.016556516289711,0.3009212017059326,0.3537837862968445,-0.018191495910286903,0.2990163564682007,0.37342724204063416,-0.017496822401881218,0.6727215647697449,0.5974755883216858,-2.6941674491354206e-07,0.6435058116912842,0.5648164749145508,-0.009309398010373116,0.6273610591888428,0.5148497819900513,-0.015468759462237358,0.6432065963745117,0.48125308752059937,-0.023590771481394768,0.6674551963806152,0.4931197166442871,-0.02959882654249668,0.637649655342102,0.4511185884475708,0.0002197276335209608,0.6390811204910278,0.3858790099620819,-0.014749267138540745,0.6361085176467896,0.41596779227256775,-0.02466062642633915,0.6366361975669861,0.44873854517936707,-0.029748231172561646,0.6567488312721252,0.44897615909576416,-0.0027622601483017206,0.6597214341163635,0.3776991069316864,-0.01714469864964485,0.6544398665428162,0.41876301169395447,-0.02193468250334263,0.6541792750358582,0.4535107910633087,-0.021917961537837982,0.6753877997398376,0.45448434352874756,-0.008745169267058372,0.6796781420707703,0.3896978795528412,-0.02028983272612095,0.672417402267456,0.4245542287826538,-0.019154563546180725,0.6708433628082275,0.4583260715007782,-0.015217003412544727,0.6945512294769287,0.46823227405548096,-0.016463503241539,0.6957146525382996,0.41903313994407654,-0.022524993866682053,0.6881046295166016,0.4346023201942444,-0.021343421190977097,0.6848997473716736,0.4603722095489502,-0.019117135554552078
14,0.28894442319869995,0.4794536530971527,-1.5366805428129737e-07,0.27284756302833557,0.4570285677909851,-0.008215869776904583,0.2629155218601227,0.4179037809371948,-0.01195194199681282,0.27018091082572937,0.386941134929657,-0.01607939787209034,0.28485190868377686,0.38042891025543213,-0.018758002668619156,0.26522746682167053,0.3746124505996704,-0.0026099460665136576,0.2621341049671173,0.32908129692077637,-0.012153984978795052,0.26103493571281433,0.3398791551589966,-0.017980385571718216,0.26115790009498596,0.3629865348339081,-0.020494865253567696,0.2776772975921631,0.3696679472923279,-0.0028124740347266197,0.27449551224708557,0.318786084651947,-0.012265953235328197,0.2714391350746155,0.3366096317768097,-0.015349249355494976,0.2712572515010834,0.362731009721756,-0.015116989612579346,0.29122617840766907,0.37277430295944214,-0.005009350832551718,0.29025864601135254,0.3245868980884552,-0.014027814380824566,0.28618913888931274,0.3397861123085022,-0.014762315899133682,0.2853083908557892,0.3640052080154419,-0.012826633639633656,0.3052649199962616,0.3826766014099121,-0.008233817294239998,0.3031005859375,0.3467292785644531,-0.015828706324100494,0.2987250089645386,0.3547484576702118,-0.017240526154637337,0.29694104194641113,0.3749162554740906,-0.01646159403026104,0.6718098521232605,0.5971400737762451,-2.8332902957117767e-07,0.6427770853042603,0.5653507709503174,-0.00890172179788351,0.6275434494018555,0.5143647193908691,-0.01472617406398058,0.6437901854515076,0.48086845874786377,-0.0225436519831419,0.6672306656837463,0.492496132850647,-0.028212040662765503,0.6373802423477173,0.4512375295162201,0.0001402361667715013,0.6386352181434631,0.38570255041122437,-0.014860016293823719,0.636113166809082,0.4172835946083069,-0.02459815889596939,0.6369404792785645,0.45046257972717285,-0.02954796515405178,0.6566534042358398,0.44901689887046814,-0.002957618795335293,0.6597088575363159,0.3779652714729309,-0.017181921750307083,0.6547099947929382,0.42095649242401123,-0.02155086025595665,0.654364287853241,0.4555768072605133,-0.021261533722281456,0.6753287315368652,0.45460352301597595,-0.008996411226689816,0.6795777082443237,0.3899223208427429,-0.020284324884414673,0.6725482940673828,0.42652496695518494,-0.018409794196486473,0.6711249947547913,0.4599591791629791,-0.014072171412408352,0.6945320963859558,0.4682941138744354,-0.016745971515774727,0.6954251527786255,0.4192703366279602,-0.022502148523926735,0.6882573962211609,0.4359396994113922,-0.02082006074488163,0.6855149269104004,0.4613928496837616,-0.01831059902906418
15,0.28932300209999084,0.4806666374206543,-1.45353766356493e-07,0.2722567319869995,0.460130900144577,-0.009788300842046738,0.2622497081756592,0.4207305908203125,-0.013934245333075523,0.26926806569099426,0.3871570825576782,-0.018217574805021286,0.2838200032711029,0.3798951506614685,-0.020809262990951538,0.26462647318840027,0.3751451373100281,-0.003401409834623337,0.26163211464881897,0.32870081067085266,-0.013000104576349258,0.2599175274372101,0.3382980227470398,-0.018744386732578278,0.25982603430747986,0.3608771860599518,-0.02121874876320362,0.2772654891014099,0.37014657258987427,-0.002876626094803214,0.274594783782959,0.3188788592815399,-0.012809011153876781,0.2714824378490448,0.33686700463294983,-0.01634584367275238,0.2714925706386566,0.36358940601348877,-0.016251621767878532,0.29074934124946594,0.3730664551258087,-0.004438532516360283,0.29011327028274536,0.32500749826431274,-0.013604634441435337,0.2861102819442749,0.33975040912628174,-0.014852282591164112,0.28559353947639465,0.3644598722457886,-0.013154876418411732,0.30491819977760315,0.38242173194885254,-0.007188594900071621,0.30333006381988525,0.34641748666763306,-0.014651619829237461,0.2992325723171234,0.35238346457481384,-0.0166154857724905,0.2974635064601898,0.3719623386859894,-0.016245674341917038,0.672461986541748,0.5989392399787903,-2.8374245175655233e-07,0.642972469329834,0.5661270618438721,-0.00884157419204712,0.6272659301757812,0.514959454536438,-0.014700831845402718,0.6433190107345581,0.4809173345565796,-0.022674942389130592,0.6673048138618469,0.4936438202857971,-0.0285054799169302,0.637933075428009,0.4518492817878723,0.0007598765660077333,0.6392278671264648,0.3854557275772095,-0.01453140377998352,0.6360535621643066,0.4162716567516327,-0.024468500167131424,0.6366660594940186,0.4494255483150482,-0.029455695301294327,0.6569945812225342,0.45014435052871704,-0.002411595545709133,0.6599106192588806,0.378844678401947,-0.017039036378264427,0.654459536075592,0.42146846652030945,-0.021580681204795837,0.6543071866035461,0.4561707675457001,-0.021290738135576248,0.6755467057228088,0.4556453227996826,-0.008615794591605663,0.6798670887947083,0.3899870812892914,-0.020260799676179886,0.6724244356155396,0.42665091156959534,-0.01840176247060299,0.6710230708122253,0.46070364117622375,-0.01392116118222475,0.6946917176246643,0.46925199031829834,-0.016549628227949142,0.6957221627235413,0.41933661699295044,-0.022393686696887016,0.6880923509597778,0.4360192120075226,-0.02067444659769535,0.6851831078529358,0.46187326312065125,-0.01805920898914337
16,0.28932300209999084,0.4806666374206543,-1.45353766356493e-07,0.2722567319869995,0.460130900144577,-0.009788300842046738,0.2622497081756592,0.4207305908203125,-0.013934245333075523,0.26926806569099426,0.3871570825576782,-0.018217574805021286,0.2838200032711029,0.3798951506614685,-0.020809262990951538,0.26462647318840027,0.3751451373100281,-0.003401409834623337,0.26163211464881897,0.32870081067085266,-0.013000104576349258,0.2599175274372101,0.3382980227470398,-0.018744386732578278,0.25982603430747986,0.3608771860599518,-0.02121874876320362,0.2772654891014099,0.37014657258987427,-0.002876626094803214,0.274594783782959,0.3188788592815399,-0.012809011153876781,0.2714824378490448,0.33686700463294983,-0.01634584367275238,0.2714925706386566,0.36358940601348877,-0.016251621767878532,0.29074934124946594,0.3730664551258087,-0.004438532516360283,0.29011327028274536,0.32500749826431274,-0.013604634441435337,0.2861102819442749,0.33975040912628174,-0.014852282591164112,0.28559353947639465,0.3644598722457886,-0.013154876418411732,0.30491819977760315,0.38242173194885254,-0.007188594900071621,0.30333006381988525,0.34641748666763306,-0.014651619829237461,0.2992325723171234,0.35238346457481384,-0.0166154857724905,0.2974635064601898,0.3719623386859894,-0.016245674341917038,0.672461986541748,0.5989392399787903,-2.8374245175655233e-07,0.642972469329834,0.5661270618438721,-0.00884157419204712,0.6272659301757812,0.514959454536438,-0.014700831845402718,0.6433190107345581,0.4809173345565796,-0.022674942389130592,0.6673048138618469,0.4936438202857971,-0.0285054799169302,0.637933075428009,0.4518492817878723,0.0007598765660077333,0.6392278671264648,0.3854557275772095,-0.01453140377998352,0.6360535621643066,0.4162716567516327,-0.024468500167131424,0.6366660594940186,0.4494255483150482,-0.029455695301294327,0.6569945812225342,0.45014435052871704,-0.002411595545709133,0.6599106192588806,0.378844678401947,-0.017039036378264427,0.654459536075592,0.42146846652030945,-0.021580681204795837,0.6543071866035461,0.4561707675457001,-0.021290738135576248,0.6755467057228088,0.4556453227996826,-0.008615794591605663,0.6798670887947083,0.3899870812892914,-0.020260799676179886,0.6724244356155396,0.42665091156959534,-0.01840176247060299,0.6710230708122253,0.46070364117622375,-0.01392116118222475,0.6946917176246643,0.46925199031829834,-0.016549628227949142,0.6957221627235413,0.41933661699295044,-0.022393686696887016,0.6880923509597778,0.4360192120075226,-0.02067444659769535,0.6851831078529358,0.46187326312065125,-0.01805920898914337
17,0.28844231367111206,0.48139142990112305,-1.532781794821858e-07,0.2723540663719177,0.4606538712978363,-0.009334967471659184,0.2624281346797943,0.42033851146698,-0.013102531433105469,0.26799795031547546,0.385088711977005,-0.01690036617219448,0.2803708612918854,0.37554407119750977,-0.01893814094364643,0.2636284828186035,0.37624526023864746,-0.003782919142395258,0.26122578978538513,0.3291739821434021,-0.013225753791630268,0.2602138817310333,0.33888399600982666,-0.018436122685670853,0.2601868510246277,0.3614448606967926,-0.02051224559545517,0.27686259150505066,0.370575487613678,-0.0032328481320291758,0.27369454503059387,0.31869781017303467,-0.012964760884642601,0.2716066837310791,0.33704081177711487,-0.016085702925920486,0.2716159224510193,0.36322256922721863,-0.01573559083044529,0.29071536660194397,0.3729531466960907,-0.004695557057857513,0.28880324959754944,0.3249448537826538,-0.01418577041476965,0.2860671579837799,0.3414968252182007,-0.015277048572897911,0.28546398878097534,0.36592116951942444,-0.013462496921420097,0.3047824501991272,0.3818491995334625,-0.007192203775048256,0.3030906915664673,0.3462631106376648,-0.01551443338394165,0.29976606369018555,0.35481080412864685,-0.017668599262833595,0.29817312955856323,0.3748815059661865,-0.01730482093989849,0.6718088388442993,0.5998594760894775,-2.88192921971131e-07,0.6423709988594055,0.5658271908760071,-0.008190901018679142,0.6263543367385864,0.5162080526351929,-0.013978802599012852,0.6422013640403748,0.48310187458992004,-0.022056819871068,0.6662604212760925,0.4951120615005493,-0.028127502650022507,0.63712477684021,0.4526686668395996,0.0010956978658214211,0.6378970742225647,0.3860129714012146,-0.01432005688548088,0.6348066329956055,0.41661328077316284,-0.024604957550764084,0.6355321407318115,0.4496347904205322,-0.02986203506588936,0.6561349630355835,0.4505923390388489,-0.002459808485582471,0.65887051820755,0.37818366289138794,-0.01693495735526085,0.6536046862602234,0.4211815297603607,-0.02168118767440319,0.653530478477478,0.4559130072593689,-0.0216970331966877,0.6747673749923706,0.4557918906211853,-0.008976460434496403,0.678928554058075,0.3896092176437378,-0.020231224596500397,0.6716693639755249,0.4265008270740509,-0.01830853708088398,0.670372724533081,0.46033939719200134,-0.01396357174962759,0.6941128969192505,0.46932896971702576,-0.01720288023352623,0.6952714323997498,0.4186899662017822,-0.022483590990304947,0.687751829624176,0.43506285548210144,-0.02040325105190277,0.6847361922264099,0.4602353870868683,-0.017703264951705933
18,0.28845497965812683,0.48543301224708557,-1.6995910812056536e-07,0.2717335522174835,0.4610673189163208,-0.007019226439297199,0.2630532681941986,0.4194709062576294,-0.009724368341267109,0.2702743113040924,0.38837313652038574,-0.013223693706095219,0.282509446144104,0.37942713499069214,-0.015349756926298141,0.2658633291721344,0.3755967319011688,-0.0007073686574585736,0.2628093957901001,0.3273276090621948,-0.010497616603970528,0.2600199282169342,0.3383001685142517,-0.016028322279453278,0.25972092151641846,0.3612907826900482,-0.01794539764523506,0.277957022190094,0.3711073398590088,-0.0012995835859328508,0.27489960193634033,0.31886526942253113,-0.011524707078933716,0.26986047625541687,0.33895090222358704,-0.014017440378665924,0.26995205879211426,0.3656598925590515,-0.012586344964802265,0.2911900579929352,0.3740902841091156,-0.0039712488651275635,0.29015088081359863,0.32358843088150024,-0.013503708876669407,0.2843972146511078,0.3420349061489105,-0.013222387060523033,0.2838808298110962,0.3679775297641754,-0.009895755909383297,0.30538514256477356,0.3837909996509552,-0.007613859139382839,0.3035966157913208,0.34577107429504395,-0.015280130319297314,0.29819631576538086,0.35450229048728943,-0.016002293676137924,0.29665517807006836,0.37533608078956604,-0.014244962483644485,0.6719701886177063,0.5994249582290649,-2.9155228276067646e-07,0.6425226330757141,0.5655697584152222,-0.00818122923374176,0.6270499229431152,0.5159895420074463,-0.013738215900957584,0.6428866982460022,0.48267003893852234,-0.021522508934140205,0.6662964820861816,0.49218061566352844,-0.027262981981039047,0.6367748975753784,0.45214661955833435,0.0008739939657971263,0.637793242931366,0.3849623203277588,-0.014216314069926739,0.6349707245826721,0.4149218797683716,-0.024256501346826553,0.6349795460700989,0.4479198157787323,-0.029354656115174294,0.6558147072792053,0.45031851530075073,-0.0024444491136819124,0.6581505537033081,0.37889522314071655,-0.016608845442533493,0.6533122658729553,0.42125704884529114,-0.021324824541807175,0.652728796005249,0.4562802314758301,-0.021490275859832764,0.6746151447296143,0.4555206894874573,-0.00868704728782177,0.6789917945861816,0.38976380228996277,-0.019769402220845222,0.6718485951423645,0.42561644315719604,-0.018089119344949722,0.6698276996612549,0.459707111120224,-0.014070510864257812,0.6941340565681458,0.4688465893268585,-0.016619039699435234,0.6959009766578674,0.4183063805103302,-0.02226167544722557,0.6880775690078735,0.4341163635253906,-0.020675690844655037,0.6840745210647583,0.45952004194259644,-0.018352648243308067
19,0.2889845669269562,0.4809274673461914,-1.3567228052124847e-07,0.2724542021751404,0.4606391191482544,-0.00959471333771944,0.2622166872024536,0.4206779897212982,-0.013682583346962929,0.268704354763031,0.38755130767822266,-0.01794850453734398,0.2830032408237457,0.37901821732521057,-0.020536307245492935,0.26390865445137024,0.37549352645874023,-0.0038548565935343504,0.26127898693084717,0.3294633626937866,-0.013527574017643929,0.26036518812179565,0.3371639549732208,-0.01937691867351532,0.2602264881134033,0.3589707314968109,-0.02190440334379673,0.2762613296508789,0.3705272674560547,-0.0034102480858564377,0.27316975593566895,0.32007938623428345,-0.012825386598706245,0.27077388763427734,0.3354991376399994,-0.01615782082080841,0.27044373750686646,0.3611268103122711,-0.01615460216999054,0.2896210253238678,0.37353402376174927,-0.005051137879490852,0.2887911796569824,0.3253161907196045,-0.01389053463935852,0.28511178493499756,0.33810698986053467,-0.014951554127037525,0.2838774621486664,0.36249297857284546,-0.013330451212823391,0.3037647008895874,0.3828475773334503,-0.007875744253396988,0.30239298939704895,0.3473976254463196,-0.015682561323046684,0.2985052764415741,0.35289496183395386,-0.0177950207144022,0.2963012754917145,0.37269127368927,-0.017486006021499634,0.6715866327285767,0.5983248353004456,-2.7998720497635077e-07,0.6428234577178955,0.5645862817764282,-0.008896514773368835,0.6263755559921265,0.5159000754356384,-0.015160185284912586,0.6412526965141296,0.4832651913166046,-0.0235632061958313,0.6652513742446899,0.49546509981155396,-0.0298854298889637,0.6366642117500305,0.4506783187389374,0.0005221302271820605,0.637518584728241,0.38509371876716614,-0.015033802017569542,0.6344733238220215,0.4160011112689972,-0.025098029524087906,0.6348657608032227,0.44913649559020996,-0.030066322535276413,0.6555783152580261,0.44920098781585693,-0.002758443122729659,0.6578484773635864,0.37842291593551636,-0.01803658902645111,0.6525974869728088,0.4215579032897949,-0.023001015186309814,0.6524330377578735,0.4571888744831085,-0.02278970740735531,0.6744104623794556,0.4548398554325104,-0.009060526266694069,0.6786285638809204,0.3902598023414612,-0.02140727825462818,0.6711527109146118,0.4271583557128906,-0.020114315673708916,0.6695955991744995,0.4617385268211365,-0.01570129208266735,0.6939965486526489,0.4687458574771881,-0.017041636630892754,0.6952852010726929,0.41874006390571594,-0.023628855124115944,0.6872655153274536,0.4350994825363159,-0.022354725748300552,0.683855414390564,0.46091949939727783,-0.019806405529379845
20,0.29073938727378845,0.4770749807357788,-1.3283772659633541e-07,0.2757073938846588,0.45857033133506775,-0.009126471355557442,0.2655906677246094,0.42438799142837524,-0.013052858412265778,0.2672770619392395,0.39217883348464966,-0.016801487654447556,0.2743823528289795,0.37446877360343933,-0.01873069629073143,0.2657850384712219,0.3775428831577301,-0.005588155705481768,0.26283708214759827,0.33230969309806824,-0.01545525062829256,0.2606690227985382,0.3376511037349701,-0.02033522166311741,0.26043257117271423,0.35936617851257324,-0.021727366372942924,0.27876928448677063,0.371890664100647,-0.005000697914510965,0.27577221393585205,0.31902286410331726,-0.015365753322839737,0.2728969156742096,0.3307388722896576,-0.01757013238966465,0.27279552817344666,0.35605114698410034,-0.01622108183801174,0.292653352022171,0.3744033873081207,-0.006333682686090469,0.29137539863586426,0.32598692178726196,-0.015896949917078018,0.28778737783432007,0.33753281831741333,-0.015772031620144844,0.2870825529098511,0.3598260283470154,-0.01282564364373684,0.307043194770813,0.38423648476600647,-0.008640364743769169,0.3058115243911743,0.34847161173820496,-0.0160534530878067,0.3019006550312042,0.35334548354148865,-0.01678236946463585,0.29980960488319397,0.37192606925964355,-0.01523309201002121,0.6722613573074341,0.6008001565933228,-3.2486477152815496e-07,0.6423342823982239,0.5671075582504272,-0.007530042435973883,0.6264721155166626,0.5172460675239563,-0.01299003604799509,0.6420878767967224,0.48339521884918213,-0.020984139293432236,0.6658318638801575,0.49005958437919617,-0.027012286707758904,0.6369280815124512,0.45277056097984314,0.0010523275705054402,0.6376926898956299,0.3841184079647064,-0.014579817652702332,0.6334820985794067,0.41780203580856323,-0.02492348477244377,0.6334320306777954,0.45266520977020264,-0.030095580965280533,0.6559461355209351,0.45085740089416504,-0.002682812511920929,0.6577891111373901,0.3771238327026367,-0.016968516632914543,0.6515693664550781,0.42099669575691223,-0.021505044773221016,0.6515366435050964,0.456841379404068,-0.021546894684433937,0.6748296022415161,0.45639368891716003,-0.009349226951599121,0.6784136891365051,0.3860171139240265,-0.020609097555279732,0.6703211069107056,0.4230949282646179,-0.018476853147149086,0.6691770553588867,0.4587494134902954,-0.014118260703980923,0.6950205564498901,0.4708646237850189,-0.017657848075032234,0.6958643794059753,0.4164764881134033,-0.02372051775455475,0.6871316432952881,0.43308189511299133,-0.02196214534342289,0.6834191083908081,0.46048492193222046,-0.019397281110286713
21,0.29126131534576416,0.4815230965614319,-1.2049775932609919e-07,0.27620938420295715,0.46099454164505005,-0.009555530734360218,0.2670573592185974,0.42542219161987305,-0.013553008437156677,0.2684062123298645,0.39312809705734253,-0.017505833879113197,0.27185869216918945,0.37207841873168945,-0.019768673926591873,0.2665137052536011,0.3769807815551758,-0.005291925277560949,0.26298826932907104,0.3311510384082794,-0.016127673909068108,0.2624549865722656,0.33633774518966675,-0.022252170369029045,0.2627842128276825,0.35817286372184753,-0.02436545304954052,0.27943751215934753,0.370902419090271,-0.005090097431093454,0.2756616175174713,0.3169657289981842,-0.01643674075603485,0.2746666371822357,0.33206337690353394,-0.019898129627108574,0.2752741277217865,0.35961779952049255,-0.019172798842191696,0.29344990849494934,0.37317952513694763,-0.0069619049318134785,0.29216963052749634,0.32379281520843506,-0.017110075801610947,0.2899225950241089,0.33788809180259705,-0.01794513873755932,0.28916093707084656,0.36174365878105164,-0.015549428761005402,0.30803170800209045,0.38272470235824585,-0.009906931780278683,0.3072175085544586,0.34744367003440857,-0.017832081764936447,0.3036844730377197,0.35336706042289734,-0.0190813560038805,0.3007521629333496,0.37251177430152893,-0.017814526334404945,0.6715483665466309,0.600475549697876,-2.977855046992772e-07,0.6427356600761414,0.565150260925293,-0.007742661517113447,0.6268160343170166,0.5165043473243713,-0.013628282584249973,0.6420146226882935,0.4841139018535614,-0.02197093516588211,0.6658132672309875,0.49347150325775146,-0.028441399335861206,0.6368528008460999,0.4516180753707886,0.000963261176366359,0.6381222009658813,0.3846392333507538,-0.014471524395048618,0.6341989040374756,0.4156618118286133,-0.024726517498493195,0.6339332461357117,0.4490308463573456,-0.029948515817523003,0.6556797027587891,0.4505946934223175,-0.0028859118465334177,0.6582500338554382,0.3781610429286957,-0.01740814372897148,0.6521995663642883,0.42072269320487976,-0.022290021181106567,0.6517250537872314,0.45615535974502563,-0.022523056715726852,0.6744502782821655,0.4567968249320984,-0.009650727733969688,0.6793283820152283,0.3894617557525635,-0.021228879690170288,0.6710634231567383,0.42540255188941956,-0.01974552869796753,0.6689624190330505,0.46027496457099915,-0.015711093321442604,0.6942121386528015,0.4714745581150055,-0.018033862113952637,0.6960702538490295,0.41953885555267334,-0.024101143702864647,0.687435507774353,0.4355512261390686,-0.022582218050956726,0.6831884980201721,0.46200549602508545,-0.020198561251163483
22,0.29126131534576416,0.4815230965614319,-1.2049775932609919e-07,0.27620938420295715,0.46099454164505005,-0.009555530734360218,0.2670573592185974,0.42542219161987305,-0.013553008437156677,0.2684062123298645,0.39312809705734253,-0.017505833879113197,0.27185869216918945,0.37207841873168945,-0.019768673926591873,0.2665137052536011,0.3769807815551758,-0.005291925277560949,0.26298826932907104,0.3311510384082794,-0.016127673909068108,0.2624549865722656,0.33633774518966675,-0.022252170369029045,0.2627842128276825,0.35817286372184753,-0.02436545304954052,0.27943751215934753,0.370902419090271,-0.005090097431093454,0.2756616175174713,0.3169657289981842,-0.01643674075603485,0.2746666371822357,0.33206337690353394,-0.019898129627108574,0.2752741277217865,0.35961779952049255,-0.019172798842191696,0.29344990849494934,0.37317952513694763,-0.0069619049318134785,0.29216963052749634,0.32379281520843506,-0.017110075801610947,0.2899225950241089,0.33788809180259705,-0.01794513873755932,0.28916093707084656,0.36174365878105164,-0.015549428761005402,0.30803170800209045,0.38272470235824585,-0.009906931780278683,0.3072175085544586,0.34744367003440857,-0.017832081764936447,0.3036844730377197,0.35336706042289734,-0.0190813560038805,0.3007521629333496,0.37251177430152893,-0.017814526334404945,0.6715483665466309,0.600475549697876,-2.977855046992772e-07,0.6427356600761414,0.565150260925293,-0.007742661517113447,0.6268160343170166,0.5165043473243713,-0.013628282584249973,0.6420146226882935,0.4841139018535614,-0.02197093516588211,0.6658132672309875,0.49347150325775146,-0.028441399335861206,0.6368528008460999,0.4516180753707886,0.000963261176366359,0.6381222009658813,0.3846392333507538,-0.014471524395048618,0.6341989040374756,0.4156618118286133,-0.024726517498493195,0.6339332461357117,0.4490308463573456,-0.029948515817523003,0.6556797027587891,0.4505946934223175,-0.0028859118465334177,0.6582500338554382,0.3781610429286957,-0.01740814372897148,0.6521995663642883,0.42072269320487976,-0.022290021181106567,0.6517250537872314,0.45615535974502563,-0.022523056715726852,0.6744502782821655,0.4567968249320984,-0.009650727733969688,0.6793283820152283,0.3894617557525635,-0.021228879690170288,0.6710634231567383,0.42540255188941956,-0.01974552869796753,0.6689624190330505,0.46027496457099915,-0.015711093321442604,0.6942121386528015,0.4714745581150055,-0.018033862113952637,0.6960702538490295,0.41953885555267334,-0.024101143702864647,0.687435507774353,0.4355512261390686,-0.022582218050956726,0.6831884980201721,0.46200549602508545,-0.020198561251163483
23,0.29105865955352783,0.4808991253376007,-1.2930833293012256e-07,0.2766790986061096,0.45925372838974,-0.010617449879646301,0.26753339171409607,0.42223936319351196,-0.015359320677816868,0.26965513825416565,0.38859823346138,-0.019842179492115974,0.2781126797199249,0.3690181076526642,-0.02244524098932743,0.2664797008037567,0.37523984909057617,-0.006115176249295473,0.26284998655319214,0.32765358686447144,-0.016720380634069443,0.26188379526138306,0.333858847618103,-0.022308344021439552,0.26200538873672485,0.3559533953666687,-0.024187903851270676,0.2794492840766907,0.3693992793560028,-0.005171273835003376,0.275601863861084,0.3145938813686371,-0.016340045258402824,0.2739826738834381,0.33054956793785095,-0.019607920199632645,0.27411308884620667,0.3573771119117737,-0.018908746540546417,0.293278306722641,0.3717746138572693,-0.006304112263023853,0.29154619574546814,0.3215929865837097,-0.016862045973539352,0.28876328468322754,0.33704105019569397,-0.01757340505719185,0.2876104414463043,0.3610385060310364,-0.01509992778301239,0.30737993121147156,0.3810848891735077,-0.00850744266062975,0.3060113489627838,0.34458601474761963,-0.017165660858154297,0.30248531699180603,0.3527371287345886,-0.018659595400094986,0.30008065700531006,0.3728359043598175,-0.017536155879497528,0.671356737613678,0.6010438799858093,-3.0802561923337635e-07,0.6420835852622986,0.5671004056930542,-0.008296920917928219,0.6261825561523438,0.5165000557899475,-0.01444088015705347,0.6420079469680786,0.4829508066177368,-0.02283785119652748,0.6660661101341248,0.4933115243911743,-0.029177509248256683,0.6366205811500549,0.45326802134513855,-0.000889162824023515,0.6386020183563232,0.38414907455444336,-0.01657547801733017,0.6345629096031189,0.41751646995544434,-0.026802990585565567,0.6341018080711365,0.4520796239376068,-0.03198254853487015,0.6555264592170715,0.45205190777778625,-0.004290132783353329,0.6584727168083191,0.3782791495323181,-0.0186172965914011,0.6525940895080566,0.422311395406723,-0.022855063900351524,0.6522805094718933,0.4578236937522888,-0.022763527929782867,0.6742212772369385,0.4576259255409241,-0.010580304078757763,0.6790754199028015,0.3882887065410614,-0.02161954902112484,0.671168327331543,0.42501452565193176,-0.01938716322183609,0.6696224808692932,0.4603138267993927,-0.015085128135979176,0.6939626336097717,0.47139883041381836,-0.018598807975649834,0.6956437230110168,0.41824871301651,-0.024266546592116356,0.6873473525047302,0.43443596363067627,-0.022516634315252304,0.6837095022201538,0.46109458804130554,-0.020136449486017227
24,0.2912535071372986,0.4815196096897125,-1.2961997697402694e-07,0.27661654353141785,0.45921590924263,-0.00913928635418415,0.2686794698238373,0.41948267817497253,-0.013056752271950245,0.27392423152923584,0.3878141939640045,-0.017146002501249313,0.2850605547428131,0.3745957016944885,-0.01958974450826645,0.2663138508796692,0.37547340989112854,-0.004751292988657951,0.2626112997531891,0.32879433035850525,-0.01534893736243248,0.26303786039352417,0.33418047428131104,-0.02131662704050541,0.26392030715942383,0.35632947087287903,-0.02344992570579052,0.2789679765701294,0.36904722452163696,-0.004538580775260925,0.27510035037994385,0.315742552280426,-0.015489962883293629,0.27446094155311584,0.3308752477169037,-0.018805375322699547,0.27485233545303345,0.35835474729537964,-0.01815316267311573,0.2931845486164093,0.37124118208885193,-0.006334745325148106,0.2918735444545746,0.3223365545272827,-0.016597267240285873,0.28955206274986267,0.33625537157058716,-0.017442496493458748,0.28833574056625366,0.3611757159233093,-0.015068348497152328,0.3077767789363861,0.379946231842041,-0.009145764634013176,0.30660897493362427,0.34322381019592285,-0.017591478303074837,0.30306899547576904,0.35039958357810974,-0.019141843542456627,0.30044519901275635,0.37147119641304016,-0.018069209530949593,0.6715649962425232,0.5999354720115662,-2.9242238497317885e-07,0.642166018486023,0.5654383897781372,-0.008625885471701622,0.6260895729064941,0.5161483287811279,-0.014980955980718136,0.6421862840652466,0.48276931047439575,-0.023492887616157532,0.6661456227302551,0.494253545999527,-0.0298799779266119,0.6355266571044922,0.45260030031204224,-0.000281310552963987,0.6364758014678955,0.38563966751098633,-0.01569918543100357,0.6339394450187683,0.4195474684238434,-0.025951605290174484,0.6345798969268799,0.4530074894428253,-0.031298600137233734,0.6549035310745239,0.45031648874282837,-0.003703740891069174,0.6572259664535522,0.37827569246292114,-0.017958901822566986,0.6530851721763611,0.4226539731025696,-0.0224425308406353,0.6529486775398254,0.45721128582954407,-0.02253228984773159,0.6739195585250854,0.4551389217376709,-0.010051441378891468,0.67780601978302,0.38884952664375305,-0.020963868126273155,0.6714091300964355,0.4265945553779602,-0.018657708540558815,0.6698877811431885,0.4606271982192993,-0.014330496080219746,0.693520724773407,0.46822142601013184,-0.018178291618824005,0.6946648955345154,0.4177323281764984,-0.023410623893141747,0.6873572468757629,0.4354088306427002,-0.021226150915026665,0.6839371919631958,0.4614412188529968,-0.018597492948174477
25,0.2903278172016144,0.47445791959762573,-1.3969659562462766e-07,0.27505797147750854,0.45449164509773254,-0.01006702147424221,0.26623624563217163,0.41704678535461426,-0.014672589488327503,0.27118241786956787,0.38490232825279236,-0.019115621224045753,0.28198879957199097,0.36901915073394775,-0.02183285728096962,0.2666228413581848,0.37258949875831604,-0.006459871772676706,0.2631620764732361,0.32599568367004395,-0.016713501885533333,0.2622862756252289,0.33514729142189026,-0.02218290977180004,0.2622455954551697,0.3583410382270813,-0.02417505718767643,0.2796007990837097,0.36701256036758423,-0.005712038837373257,0.27619943022727966,0.31393009424209595,-0.016267718747258186,0.27487555146217346,0.3306083083152771,-0.01945093460381031,0.27470919489860535,0.35670286417007446,-0.019085535779595375,0.2933885455131531,0.36944422125816345,-0.006908885203301907,0.29208657145500183,0.3206089437007904,-0.01690121926367283,0.2896665036678314,0.3367484509944916,-0.017663929611444473,0.28851357102394104,0.3606830835342407,-0.015596731565892696,0.30744004249572754,0.37852025032043457,-0.009153606370091438,0.30625221133232117,0.34302818775177,-0.01761285774409771,0.3027762174606323,0.35220322012901306,-0.01933840848505497,0.30045807361602783,0.3724060356616974,-0.018669359385967255,0.6715461611747742,0.5979258418083191,-2.855688592262595e-07,0.6429805755615234,0.5632370710372925,-0.008433920331299305,0.6268310546875,0.5154528021812439,-0.01452338881790638,0.6414504051208496,0.48387157917022705,-0.022910786792635918,0.6642972826957703,0.4939596354961395,-0.02918352372944355,0.6367659568786621,0.4494617283344269,0.0014166012406349182,0.6375024318695068,0.3851485550403595,-0.01444192323833704,0.6343796253204346,0.41797930002212524,-0.024976251646876335,0.6347875595092773,0.4510335326194763,-0.030210863798856735,0.6557798981666565,0.4484412968158722,-0.0021348274312913418,0.658134937286377,0.378336638212204,-0.01756874844431877,0.6528326869010925,0.42191576957702637,-0.022838687524199486,0.6527753472328186,0.4570029079914093,-0.02289000153541565,0.6746729016304016,0.4542020559310913,-0.008764172904193401,0.6790071129798889,0.39011794328689575,-0.02112886868417263,0.6715745329856873,0.4268031418323517,-0.01993878372013569,0.6701643466949463,0.4608756899833679,-0.015611446462571621,0.69435054063797,0.4679466485977173,-0.01706341654062271,0.6961050033569336,0.41828861832618713,-0.023345740512013435,0.6881681680679321,0.43421459197998047,-0.021961305290460587,0.6849266290664673,0.45918965339660645,-0.01939413510262966
26,0.2903278172016144,0.47445791959762573,-1.3969659562462766e-07,0.27505797147750854,0.45449164509773254,-0.01006702147424221,0.26623624563217163,0.41704678535461426,-0.014672589488327503,0.27118241786956787,0.38490232825279236,-0.019115621224045753,0.28198879957199097,0.36901915073394775,-0.02183285728096962,0.2666228413581848,0.37258949875831604,-0.006459871772676706,0.2631620764732361,0.32599568367004395,-0.016713501885533333,0.2622862756252289,0.33514729142189026,-0.02218290977180004,0.2622455954551697,0.3583410382270813,-0.02417505718767643,0.2796007990837097,0.36701256036758423,-0.005712038837373257,0.27619943022727966,0.31393009424209595,-0.016267718747258186,0.27487555146217346,0.3306083083152771,-0.01945093460381031,0.27470919489860535,0.35670286417007446,-0.019085535779595375,0.2933885455131531,0.36944422125816345,-0.006908885203301907,0.29208657145500183,0.3206089437007904,-0.01690121926367283,0.2896665036678314,0.3367484509944916,-0.017663929611444473,0.28851357102394104,0.3606830835342407,-0.015596731565892696,0.30744004249572754,0.37852025032043457,-0.009153606370091438,0.30625221133232117,0.34302818775177,-0.01761285774409771,0.3027762174606323,0.35220322012901306,-0.01933840848505497,0.30045807361602783,0.3724060356616974,-0.018669359385967255,0.6715461611747742,0.5979258418083191,-2.855688592262595e-07,0.6429805755615234,0.5632370710372925,-0.008433920331299305,0.6268310546875,0.5154528021812439,-0.01452338881790638,0.6414504051208496,0.48387157917022705,-0.022910786792635918,0.6642972826957703,0.4939596354961395,-0.02918352372944355,0.6367659568786621,0.4494617283344269,0.0014166012406349182,0.6375024318695068,0.3851485550403595,-0.01444192323833704,0.6343796253204346,0.41797930002212524,-0.024976251646876335,0.6347875595092773,0.4510335326194763,-0.030210863798856735,0.6557798981666565,0.4484412968158722,-0.0021348274312913418,0.658134937286377,0.378336638212204,-0.01756874844431877,0.6528326869010925,0.42191576957702637,-0.022838687524199486,0.6527753472328186,0.4570029079914093,-0.02289000153541565,0.6746729016304016,0.4542020559310913,-0.008764172904193401,0.6790071129798889,0.39011794328689575,-0.02112886868417263,0.6715745329856873,0.4268031418323517,-0.01993878372013569,0.6701643466949463,0.4608756899833679,-0.015611446462571621,0.69435054063797,0.4679466485977173,-0.01706341654062271,0.6961050033569336,0.41828861832618713,-0.023345740512013435,0.6881681680679321,0.43421459197998047,-0.021961305290460587,0.6849266290664673,0.45918965339660645,-0.01939413510262966
27,0.2903013229370117,0.48441794514656067,-1.4818795079918345e-07,0.27533596754074097,0.45934557914733887,-0.010082588531076908,0.26688385009765625,0.420852929353714,-0.014250192791223526,0.27018845081329346,0.38761240243911743,-0.018471751362085342,0.27724698185920715,0.36862245202064514,-0.02081843465566635,0.26646292209625244,0.3736385107040405,-0.004662730731070042,0.262603223323822,0.32673969864845276,-0.01515774056315422,0.26120391488075256,0.33577942848205566,-0.02103886567056179,0.26099899411201477,0.35895946621894836,-0.023215357214212418,0.27968454360961914,0.36881932616233826,-0.00407941872254014,0.2761777639389038,0.3139689266681671,-0.014908948913216591,0.2743217647075653,0.3313145041465759,-0.018643693998456,0.2739408314228058,0.35858529806137085,-0.018520591780543327,0.29357272386550903,0.3719756305217743,-0.0056389993987977505,0.2925068140029907,0.3197751045227051,-0.015951763838529587,0.2898494303226471,0.33597052097320557,-0.017302118241786957,0.288324773311615,0.36152151226997375,-0.015423761680722237,0.3074088990688324,0.38183364272117615,-0.008294673636555672,0.3067166805267334,0.34482836723327637,-0.01702682487666607,0.30373087525367737,0.3503379225730896,-0.019347839057445526,0.30138257145881653,0.36868900060653687,-0.018969910219311714,0.6725819706916809,0.6017442345619202,-3.0509258408528694e-07,0.6429303884506226,0.5669519305229187,-0.007230994291603565,0.6269159317016602,0.5177174210548401,-0.01288148108869791,0.6422080993652344,0.4857843816280365,-0.020939866080880165,0.6654102206230164,0.49516910314559937,-0.027022235095500946,0.6366028189659119,0.4528234899044037,0.0006736739887855947,0.6374142169952393,0.38485604524612427,-0.014816338196396828,0.6340072154998779,0.417894184589386,-0.02504592202603817,0.6338193416595459,0.4527209401130676,-0.030095063149929047,0.6557521820068359,0.4521569311618805,-0.0031351109500974417,0.6578357815742493,0.3798777163028717,-0.017288336530327797,0.6525566577911377,0.42322587966918945,-0.021793685853481293,0.652286946773529,0.45918625593185425,-0.021820737048983574,0.6747556924819946,0.45807820558547974,-0.009772125631570816,0.6789316534996033,0.3904775381088257,-0.02076771669089794,0.6715015769004822,0.4274206757545471,-0.018664777278900146,0.6698892712593079,0.46288082003593445,-0.014338997192680836,0.694727897644043,0.47208431363105774,-0.017998330295085907,0.6957972645759583,0.42066138982772827,-0.023644529283046722,0.688018262386322,0.4373569190502167,-0.021668799221515656,0.6846281290054321,0.4636290967464447,-0.01896975189447403
28,0.2905885577201843,0.48392653465270996,-1.3760455885858391e-07,0.27607375383377075,0.45897430181503296,-0.009589585475623608,0.2681141793727875,0.41969621181488037,-0.013421222567558289,0.2724509537220001,0.387216717004776,-0.01748039200901985,0.28172069787979126,0.370319128036499,-0.01978566125035286,0.26753106713294983,0.3739328980445862,-0.0037318074610084295,0.2637653052806854,0.3273177742958069,-0.014005027711391449,0.2627023160457611,0.3337942361831665,-0.019900107756257057,0.2626231014728546,0.3557392656803131,-0.02203115075826645,0.2802489697933197,0.36860454082489014,-0.0033909983467310667,0.276269793510437,0.31397494673728943,-0.013909080065786839,0.2747077941894531,0.32930439710617065,-0.0177057646214962,0.2747887969017029,0.35644543170928955,-0.01753881387412548,0.293870747089386,0.3715019226074219,-0.005186763126403093,0.29269206523895264,0.32036834955215454,-0.015458080917596817,0.29008159041404724,0.33509790897369385,-0.017060456797480583,0.2885895073413849,0.36071068048477173,-0.015194734558463097,0.30769237875938416,0.3811669945716858,-0.008027038536965847,0.3074270188808441,0.3441869020462036,-0.016626952216029167,0.30448877811431885,0.3488292992115021,-0.01882845163345337,0.30197131633758545,0.3672551214694977,-0.018236806616187096,0.6732519268989563,0.6014586687088013,-2.851439830919844e-07,0.6437039375305176,0.5715965032577515,-0.008563024923205376,0.6264116764068604,0.5229470133781433,-0.014321543276309967,0.640386164188385,0.48791131377220154,-0.022111477330327034,0.6640788316726685,0.4962110221385956,-0.027792440727353096,0.637395441532135,0.4548768401145935,0.0006095776334404945,0.6377050876617432,0.38997265696525574,-0.014168573543429375,0.6349868774414062,0.4216238260269165,-0.023774901404976845,0.6358144283294678,0.4554608464241028,-0.028585100546479225,0.6564056873321533,0.4528410732746124,-0.0025679529644548893,0.6579171419143677,0.38306647539138794,-0.016857042908668518,0.6536576151847839,0.42656561732292175,-0.02132924646139145,0.6540499329566956,0.4622797966003418,-0.020995132625102997,0.6751987934112549,0.4582608640193939,-0.008660703897476196,0.6783862709999084,0.3938911259174347,-0.02028316631913185,0.6721454858779907,0.431220144033432,-0.018565569072961807,0.6713032722473145,0.4656944274902344,-0.014166667126119137,0.6948752999305725,0.4720778167247772,-0.016374124214053154,0.694877028465271,0.42275169491767883,-0.02264227159321308,0.6875559091567993,0.4405122399330139,-0.02102518454194069,0.6846559047698975,0.4667407274246216,-0.018347712233662605
29,0.2903728783130646,0.48205387592315674,-1.315394655421187e-07,0.2756079137325287,0.45963215827941895,-0.009561053477227688,0.26633673906326294,0.4228470027446747,-0.014172726310789585,0.267780601978302,0.3903958201408386,-0.01891685649752617,0.27320635318756104,0.3713567852973938,-0.02196963131427765,0.26592540740966797,0.3752248287200928,-0.005933943670243025,0.26312100887298584,0.32660794258117676,-0.015949342399835587,0.26135268807411194,0.332523375749588,-0.021528352051973343,0.26043322682380676,0.3533429503440857,-0.023651642724871635,0.27867770195007324,0.3702159821987152,-0.005681185983121395,0.27556195855140686,0.31527143716812134,-0.015709836035966873,0.2738778591156006,0.330126017332077,-0.01920408383011818,0.2731251120567322,0.35671910643577576,-0.019273852929472923,0.2925437092781067,0.3728049695491791,-0.007333055604249239,0.29145142436027527,0.32103803753852844,-0.01652642711997032,0.28876176476478577,0.33456748723983765,-0.017571110278367996,0.2869816720485687,0.35861513018608093,-0.015947744250297546,0.3068528175354004,0.38142797350883484,-0.010038977488875389,0.3061458170413971,0.3451557159423828,-0.017602968961000443,0.3026847541332245,0.3497951030731201,-0.01924888603389263,0.29990577697753906,0.36768051981925964,-0.018707262352108955,0.6730921268463135,0.6036950349807739,-2.975586994580226e-07,0.6434047222137451,0.5708648562431335,-0.008090985007584095,0.6262075901031494,0.5220971703529358,-0.013944270089268684,0.6409112811088562,0.48876088857650757,-0.02205914631485939,0.6650213003158569,0.4970894157886505,-0.02802930772304535,0.6361393332481384,0.4555940628051758,0.0006969777750782669,0.6369860768318176,0.3891144096851349,-0.01466318592429161,0.6345256567001343,0.4223462641239166,-0.024560431018471718,0.6351445913314819,0.4559076130390167,-0.029482008889317513,0.655634343624115,0.453858882188797,-0.0028369491919875145,0.6578763723373413,0.38301992416381836,-0.017440829426050186,0.653283417224884,0.42822685837745667,-0.02190103940665722,0.6532586812973022,0.463506817817688,-0.02165636420249939,0.674769937992096,0.45919448137283325,-0.009313581511378288,0.6787117719650269,0.39401042461395264,-0.02102992683649063,0.671795129776001,0.43243008852005005,-0.018929779529571533,0.6703947186470032,0.4670127034187317,-0.014295781031250954,0.6945934295654297,0.47290781140327454,-0.0174080990254879,0.6954160332679749,0.4220755398273468,-0.023429157212376595,0.6876435279846191,0.4394916296005249,-0.021476518362760544,0.6842097043991089,0.46537625789642334,-0.01863792911171913
30,0.2888854742050171,0.48592978715896606,-1.5463750457911374e-07,0.2724774181842804,0.4591415822505951,-0.009331971406936646,0.2638455927371979,0.4203532338142395,-0.013725134544074535,0.26850903034210205,0.3863462209701538,-0.01863214001059532,0.27748867869377136,0.36765938997268677,-0.02175123058259487,0.2644834816455841,0.3740178346633911,-0.0033529619686305523,0.26063406467437744,0.3226715326309204,-0.014307503588497639,0.2591462731361389,0.3341335952281952,-0.020660853013396263,0.2590096890926361,0.35789474844932556,-0.023050256073474884,0.2773857116699219,0.36941811442375183,-0.003301951801404357,0.27317288517951965,0.3136902451515198,-0.014237108640372753,0.27108123898506165,0.3328121602535248,-0.018101144582033157,0.27116671204566956,0.36043858528137207,-0.01807309314608574,0.29115304350852966,0.37236613035202026,-0.005460679065436125,0.28932660818099976,0.31895068287849426,-0.01538174506276846,0.28652894496917725,0.3369525969028473,-0.016091380268335342,0.2858206629753113,0.3629448413848877,-0.013891218230128288,0.3050789535045624,0.38150325417518616,-0.008770531974732876,0.3039608597755432,0.3436041474342346,-0.016604473814368248,0.30048561096191406,0.3505103886127472,-0.017943717539310455,0.29853466153144836,0.3692009747028351,-0.01695075072348118,0.6722308397293091,0.6040875911712646,-3.043147671633051e-07,0.6423715353012085,0.570036768913269,-0.007814273238182068,0.6257742643356323,0.5198383331298828,-0.013534141704440117,0.640984058380127,0.4859963357448578,-0.021608907729387283,0.6652716398239136,0.495836466550827,-0.02769102342426777,0.6366668343544006,0.45371630787849426,0.0008891813340596855,0.6372337341308594,0.3865091800689697,-0.014504022896289825,0.6335141062736511,0.4194510281085968,-0.02477453462779522,0.6334208846092224,0.4540725350379944,-0.029947511851787567,0.6558367013931274,0.4525652527809143,-0.002695394679903984,0.6572874784469604,0.38210901618003845,-0.016893135383725166,0.6517273187637329,0.426166832447052,-0.021298378705978394,0.6519207954406738,0.46214771270751953,-0.021189147606492043,0.674768328666687,0.4586637318134308,-0.009239069186151028,0.6784906983375549,0.3922329843044281,-0.020494990050792694,0.6708106994628906,0.4290938079357147,-0.0185377299785614,0.6694331169128418,0.4645642936229706,-0.014220373705029488,0.6946258544921875,0.4732472002506256,-0.017436958849430084,0.695892870426178,0.4219391942024231,-0.02332422137260437,0.6872615814208984,0.4392130374908447,-0.02147427387535572,0.6831376552581787,0.46649169921875,-0.01881219819188118
31,0.2888854742050171,0.48592978715896606,-1.5463750457911374e-07,0.2724774181842804,0.4591415822505951,-0.009331971406936646,0.2638455927371979,0.4203532338142395,-0.013725134544074535,0.26850903034210205,0.3863462209701538,-0.01863214001059532,0.27748867869377136,0.36765938997268677,-0.02175123058259487,0.2644834816455841,0.3740178346633911,-0.0033529619686305523,0.26063406467437744,0.3226715326309204,-0.014307503588497639,0.2591462731361389,0.3341335952281952,-0.020660853013396263,0.2590096890926361,0.35789474844932556,-0.023050256073474884,0.2773857116699219,0.36941811442375183,-0.003301951801404357,0.27317288517951965,0.3136902451515198,-0.014237108640372753,0.27108123898506165,0.3328121602535248,-0.018101144582033157,0.27116671204566956,0.36043858528137207,-0.01807309314608574,0.29115304350852966,0.37236613035202026,-0.005460679065436125,0.28932660818099976,0.31895068287849426,-0.01538174506276846,0.28652894496917725,0.3369525969028473,-0.016091380268335342,0.2858206629753113,0.3629448413848877,-0.013891218230128288,0.3050789535045624,0.38150325417518616,-0.008770531974732876,0.3039608597755432,0.3436041474342346,-0.016604473814368248,0.30048561096191406,0.3505103886127472,-0.017943717539310455,0.29853466153144836,0.3692009747028351,-0.01695075072348118,0.6722308397293091,0.6040875911712646,-3.043147671633051e-07,0.6423715353012085,0.570036768913269,-0.007814273238182068,0.6257742643356323,0.5198383331298828,-0.013534141704440117,0.640984058380127,0.4859963357448578,-0.021608907729387283,0.6652716398239136,0.495836466550827,-0.02769102342426777,0.6366668343544006,0.45371630787849426,0.0008891813340596855,0.6372337341308594,0.3865091800689697,-0.014504022896289825,0.6335141062736511,0.4194510281085968,-0.02477453462779522,0.6334208846092224,0.4540725350379944,-0.029947511851787567,0.6558367013931274,0.4525652527809143,-0.002695394679903984,0.6572874784469604,0.38210901618003845,-0.016893135383725166,0.6517273187637329,0.426166832447052,-0.021298378705978394,0.6519207954406738,0.46214771270751953,-0.021189147606492043,0.674768328666687,0.4586637318134308,-0.009239069186151028,0.6784906983375549,0.3922329843044281,-0.020494990050792694,0.6708106994628906,0.4290938079357147,-0.0185377299785614,0.6694331169128418,0.4645642936229706,-0.014220373705029488,0.6946258544921875,0.4732472002506256,-0.017436958849430084,0.695892870426178,0.4219391942024231,-0.02332422137260437,0.6872615814208984,0.4392130374908447,-0.02147427387535572,0.6831376552581787,0.46649169921875,-0.01881219819188118
32,0.28881213068962097,0.4790116548538208,-1.5279658782674232e-07,0.2725328803062439,0.45664548873901367,-0.00962728913873434,0.26301780343055725,0.4181617796421051,-0.013762250542640686,0.2660810053348541,0.3834502398967743,-0.01808883249759674,0.2720547318458557,0.36089715361595154,-0.02059249021112919,0.2648099362850189,0.3717268407344818,-0.004539924673736095,0.2608416974544525,0.32283467054367065,-0.014922230504453182,0.2594796419143677,0.33301612734794617,-0.02051146887242794,0.25934743881225586,0.35675060749053955,-0.02233675867319107,0.27795663475990295,0.3667452335357666,-0.0041172620840370655,0.27414268255233765,0.3119940161705017,-0.014508520253002644,0.27215173840522766,0.32984229922294617,-0.01790873147547245,0.2721196115016937,0.3576326072216034,-0.0174939576536417,0.29176536202430725,0.36947327852249146,-0.005795474164187908,0.28991082310676575,0.31772974133491516,-0.015609309077262878,0.2869702875614166,0.3345774710178375,-0.01645524986088276,0.2861522436141968,0.36028245091438293,-0.014245069585740566,0.3058226704597473,0.37864044308662415,-0.008564351126551628,0.3048294186592102,0.34104564785957336,-0.01683848164975643,0.3009323477745056,0.3466838002204895,-0.018595648929476738,0.29860711097717285,0.36539068818092346,-0.017757851630449295,0.6704139709472656,0.6038532257080078,-2.787320738661947e-07,0.64141446352005,0.5709237456321716,-0.007887976244091988,0.625313937664032,0.5211976170539856,-0.013683434575796127,0.641366720199585,0.487962007522583,-0.021715659648180008,0.6659008264541626,0.49642521142959595,-0.027992960065603256,0.6355770230293274,0.45714348554611206,-0.00023911967582535,0.6361158490180969,0.38988637924194336,-0.015283367596566677,0.633812665939331,0.41958263516426086,-0.025427747517824173,0.6351407170295715,0.45264843106269836,-0.03071890026330948,0.6550217866897583,0.4541899561882019,-0.00402749003842473,0.6578527092933655,0.38179874420166016,-0.017775658518075943,0.6531311273574829,0.42369070649147034,-0.022465979680418968,0.6532052755355835,0.45839065313339233,-0.02272677794098854,0.6736123561859131,0.4596565067768097,-0.01057340670377016,0.6778593063354492,0.39264756441116333,-0.021380385383963585,0.6708724498748779,0.42931973934173584,-0.019647706300020218,0.6696609258651733,0.46379178762435913,-0.015726624056696892,0.6927201151847839,0.4738856852054596,-0.018722889944911003,0.6939582228660583,0.4223734736442566,-0.024242108687758446,0.6861466765403748,0.439465194940567,-0.022242140024900436,0.6828035116195679,0.4662182033061981,-0.019688667729496956
33,0.28939104080200195,0.4796922206878662,-1.5553378318600153e-07,0.2733139395713806,0.45651817321777344,-0.009148185141384602,0.26294293999671936,0.4188165068626404,-0.01295803114771843,0.26568475365638733,0.38375797867774963,-0.017100801691412926,0.2723948359489441,0.3652151823043823,-0.01937800459563732,0.26460933685302734,0.37159866094589233,-0.0028623396065086126,0.2606948912143707,0.32338446378707886,-0.012869751080870628,0.25908082723617554,0.3352893590927124,-0.018370484933257103,0.259136825799942,0.3584864139556885,-0.020275883376598358,0.2780097424983978,0.36645305156707764,-0.002630254253745079,0.2743934988975525,0.3127869963645935,-0.012622852809727192,0.2719528377056122,0.33100825548171997,-0.015776485204696655,0.27185413241386414,0.3570513129234314,-0.015195358544588089,0.29201653599739075,0.36908039450645447,-0.004563071299344301,0.2900513708591461,0.31817173957824707,-0.014133141376078129,0.2866535484790802,0.33443015813827515,-0.014802563935518265,0.2856117784976959,0.35894468426704407,-0.012412555515766144,0.3061114549636841,0.37835434079170227,-0.007585000712424517,0.30456581711769104,0.3410702049732208,-0.015584798529744148,0.3007831573486328,0.34688839316368103,-0.017198573797941208,0.2986154556274414,0.365560919046402,-0.016230206936597824,0.6694056391716003,0.6027466058731079,-3.088316304911132e-07,0.6404716968536377,0.569970428943634,-0.00746555533260107,0.6246452331542969,0.519992470741272,-0.012869004160165787,0.6404465436935425,0.48634082078933716,-0.0205866526812315,0.6641120910644531,0.4949279725551605,-0.026418419554829597,0.6344906687736511,0.45411425828933716,0.0007820011815056205,0.6346222162246704,0.3873036801815033,-0.014552013017237186,0.6315361857414246,0.42036861181259155,-0.02446018159389496,0.6323593854904175,0.45445096492767334,-0.02939438447356224,0.6539025902748108,0.4521564543247223,-0.002966719213873148,0.6554710268974304,0.3817070424556732,-0.016906429082155228,0.6497863531112671,0.4262939691543579,-0.020796265453100204,0.6499431133270264,0.46090540289878845,-0.02036089450120926,0.6730147004127502,0.45829251408576965,-0.009616972878575325,0.6766742467880249,0.391791969537735,-0.02113429643213749,0.6686297059059143,0.43106314539909363,-0.018480367958545685,0.6675426959991455,0.4656476080417633,-0.013643576763570309,0.6931512355804443,0.4734629988670349,-0.01779964193701744,0.6934782862663269,0.42257893085479736,-0.02401926927268505,0.6849223375320435,0.4420091211795807,-0.021711818873882294,0.6818643808364868,0.46875736117362976,-0.018647052347660065
34,0.28985822200775146,0.47550803422927856,-1.4985930363309308e-07,0.27267101407051086,0.454697847366333,-0.009523384273052216,0.2628712058067322,0.415475994348526,-0.013554537668824196,0.26948830485343933,0.38294774293899536,-0.017842324450612068,0.2832069993019104,0.3716508150100708,-0.02039298228919506,0.26521262526512146,0.3694787323474884,-0.0032364600338041782,0.2620452344417572,0.32376059889793396,-0.013474946841597557,0.25976869463920593,0.3343488574028015,-0.019320519641041756,0.2597314119338989,0.35816600918769836,-0.021615294739603996,0.27803894877433777,0.3649927079677582,-0.003062936244532466,0.2752842903137207,0.31219977140426636,-0.01366647519171238,0.27155280113220215,0.33045148849487305,-0.01709572784602642,0.27146726846694946,0.3573729395866394,-0.016585197299718857,0.2915020287036896,0.3689427673816681,-0.005041179712861776,0.29132694005966187,0.32005196809768677,-0.014968246221542358,0.28711557388305664,0.33604928851127625,-0.01579705812036991,0.2865157127380371,0.36145779490470886,-0.013459673151373863,0.30569225549697876,0.37946319580078125,-0.008171923458576202,0.30514100193977356,0.34248462319374084,-0.016442138701677322,0.30120259523391724,0.34712493419647217,-0.01835976541042328,0.29933926463127136,0.36566999554634094,-0.017654355615377426,0.6692935228347778,0.6037153005599976,-3.0422015129261126e-07,0.6402597427368164,0.5702948570251465,-0.007845369167625904,0.6238663196563721,0.520772397518158,-0.013880596496164799,0.6389588713645935,0.48671042919158936,-0.022218728438019753,0.6625778675079346,0.49379977583885193,-0.028671137988567352,0.6336058974266052,0.4539546072483063,6.524065975099802e-05,0.6340416073799133,0.3875015377998352,-0.015577633865177631,0.6307880282402039,0.4206630289554596,-0.02594694122672081,0.6311655044555664,0.45463985204696655,-0.0312320739030838,0.6529111266136169,0.45207545161247253,-0.0037833184469491243,0.6545163989067078,0.38059622049331665,-0.018050966784358025,0.6492594480514526,0.42496246099472046,-0.02242547646164894,0.6491714715957642,0.46012839674949646,-0.022358711808919907,0.6722269058227539,0.4580104947090149,-0.010506486520171165,0.6759084463119507,0.39111587405204773,-0.02197052538394928,0.6684175133705139,0.43038320541381836,-0.019491616636514664,0.6669638752937317,0.46543213725090027,-0.014874418266117573,0.6926102638244629,0.4728411138057709,-0.01883651874959469,0.6931598782539368,0.4219453036785126,-0.024832511320710182,0.6848487854003906,0.4414805769920349,-0.022447433322668076,0.6813528537750244,0.46826234459877014,-0.019436653703451157
35,0.28985822200775146,0.47550803422927856,-1.4985930363309308e-07,0.27267101407051086,0.454697847366333,-0.009523384273052216,0.2628712058067322,0.415475994348526,-0.013554537668824196,0.26948830485343933,0.38294774293899536,-0.017842324450612068,0.2832069993019104,0.3716508150100708,-0.02039298228919506,0.26521262526512146,0.3694787323474884,-0.0032364600338041782,0.2620452344417572,0.32376059889793396,-0.013474946841597557,0.25976869463920593,0.3343488574028015,-0.019320519641041756,0.2597314119338989,0.35816600918769836,-0.021615294739603996,0.27803894877433777,0.3649927079677582,-0.003062936244532466,0.2752842903137207,0.31219977140426636,-0.01366647519171238,0.27155280113220215,0.33045148849487305,-0.01709572784602642,0.27146726846694946,0.3573729395866394,-0.016585197299718857,0.2915020287036896,0.3689427673816681,-0.005041179712861776,0.29132694005966187,0.32005196809768677,-0.014968246221542358,0.28711557388305664,0.33604928851127625,-0.01579705812036991,0.2865157127380371,0.36145779490470886,-0.013459673151373863,0.30569225549697876,0.37946319580078125,-0.008171923458576202,0.30514100193977356,0.34248462319374084,-0.016442138701677322,0.30120259523391724,0.34712493419647217,-0.01835976541042328,0.29933926463127136,0.36566999554634094,-0.017654355615377426,0.6692935228347778,0.6037153005599976,-3.0422015129261126e-07,0.6402597427368164,0.5702948570251465,-0.007845369167625904,0.6238663196563721,0.520772397518158,-0.013880596496164799,0.6389588713645935,0.48671042919158936,-0.022218728438019753,0.6625778675079346,0.49379977583885193,-0.028671137988567352,0.6336058974266052,0.4539546072483063,6.524065975099802e-05,0.6340416073799133,0.3875015377998352,-0.015577633865177631,0.6307880282402039,0.4206630289554596,-0.02594694122672081,0.6311655044555664,0.45463985204696655,-0.0312320739030838,0.6529111266136169,0.45207545161247253,-0.0037833184469491243,0.6545163989067078,0.38059622049331665,-0.018050966784358025,0.6492594480514526,0.42496246099472046,-0.02242547646164894,0.6491714715957642,0.46012839674949646,-0.022358711808919907,0.6722269058227539,0.4580104947090149,-0.010506486520171165,0.6759084463119507,0.39111587405204773,-0.02197052538394928,0.6684175133705139,0.43038320541381836,-0.019491616636514664,0.6669638752937317,0.46543213725090027,-0.014874418266117573,0.6926102638244629,0.4728411138057709,-0.01883651874959469,0.6931598782539368,0.4219453036785126,-0.024832511320710182,0.6848487854003906,0.4414805769920349,-0.022447433322668076,0.6813528537750244,0.46826234459877014,-0.019436653703451157
36,0.28996115922927856,0.47559261322021484,-1.4369462064678373e-07,0.27558112144470215,0.45784270763397217,-0.010734820738434792,0.2652164697647095,0.4186464548110962,-0.015069917775690556,0.2670651376247406,0.3844060003757477,-0.018995165824890137,0.2737441062927246,0.3667854964733124,-0.0211630966514349,0.2663555443286896,0.3739243149757385,-0.006827543023973703,0.2622006833553314,0.32704785466194153,-0.0176321379840374,0.2603987753391266,0.33425402641296387,-0.023186534643173218,0.26041945815086365,0.35674941539764404,-0.024908242747187614,0.2789285182952881,0.3676401674747467,-0.005620799493044615,0.27445530891418457,0.31469491124153137,-0.016522543504834175,0.27162793278694153,0.33063337206840515,-0.019044561311602592,0.27176547050476074,0.3579113483428955,-0.01772134378552437,0.2923581600189209,0.3695605397224426,-0.006576251704245806,0.28992804884910583,0.32104894518852234,-0.017025012522935867,0.2860906720161438,0.336205393075943,-0.01743485778570175,0.2852907180786133,0.36043065786361694,-0.014614522457122803,0.30632930994033813,0.3780343234539032,-0.008649246767163277,0.30454933643341064,0.3416156470775604,-0.01730646751821041,0.3002640902996063,0.3501148819923401,-0.01875959523022175,0.2980796992778778,0.3713666498661041,-0.017490966245532036,0.6689648032188416,0.6027543544769287,-3.1053255611368513e-07,0.6400943398475647,0.569406270980835,-0.00809323601424694,0.6246856451034546,0.5203914642333984,-0.014030374586582184,0.6408064365386963,0.48715925216674805,-0.0222306065261364,0.6647725701332092,0.492673397064209,-0.02857288531959057,0.6326225996017456,0.45700687170028687,-0.0001625895529286936,0.6343638896942139,0.3893122971057892,-0.015469660982489586,0.6322240829467773,0.4227883815765381,-0.025688305497169495,0.632401168346405,0.4579184055328369,-0.030884001404047012,0.6525636315345764,0.4546743929386139,-0.0035446116235107183,0.6551147103309631,0.382723867893219,-0.01746479608118534,0.6510093808174133,0.42663487792015076,-0.02220957539975643,0.6507126688957214,0.46194562315940857,-0.022736890241503716,0.672255277633667,0.4597642123699188,-0.009763925336301327,0.6764143705368042,0.3906260132789612,-0.021035978570580482,0.6696441769599915,0.4280175566673279,-0.019301986321806908,0.6678054332733154,0.46336451172828674,-0.015445028431713581,0.6926788687705994,0.4736379086971283,-0.01755618117749691,0.6929365396499634,0.4213121235370636,-0.023970872163772583,0.6851339936256409,0.4394685924053192,-0.022524617612361908,0.6813852787017822,0.46681514382362366,-0.020280735567212105
37,0.2899811267852783,0.4797329306602478,-1.4335262221720768e-07,0.27302059531211853,0.45820415019989014,-0.009783954359591007,0.2635321617126465,0.4171660244464874,-0.013592380098998547,0.2704578638076782,0.38271084427833557,-0.0175242330878973,0.28516167402267456,0.3727956712245941,-0.0195489302277565,0.26560354232788086,0.3723534345626831,-0.0023356329184025526,0.2635015845298767,0.3258509635925293,-0.011846112087368965,0.2611362934112549,0.3336016535758972,-0.017301147803664207,0.2605435252189636,0.35633692145347595,-0.01934133470058441,0.27846285700798035,0.3674846291542053,-0.0014646559720858932,0.275893896818161,0.31589275598526,-0.011092104949057102,0.2723066210746765,0.33089497685432434,-0.01409396156668663,0.27230316400527954,0.35685962438583374,-0.013493319973349571,0.29199838638305664,0.37084561586380005,-0.002833383856341243,0.2917420566082001,0.3224411606788635,-0.012184136547148228,0.2874723970890045,0.33550500869750977,-0.013007180765271187,0.28669530153274536,0.3599570095539093,-0.01079990528523922,0.306120902299881,0.3806103467941284,-0.00536288321018219,0.3058529198169708,0.34476223587989807,-0.013076973147690296,0.3019488751888275,0.3499310314655304,-0.014800182543694973,0.3001416027545929,0.3692816495895386,-0.014001821167767048,0.6690407991409302,0.6029754877090454,-3.11485166548664e-07,0.6400097608566284,0.5700839161872864,-0.008039877749979496,0.6241670250892639,0.5209404230117798,-0.014188296161592007,0.6399674415588379,0.48765984177589417,-0.02261524088680744,0.663825273513794,0.4939750134944916,-0.029175061732530594,0.6333724856376648,0.45625463128089905,-0.0010212138295173645,0.6345939636230469,0.38778072595596313,-0.016580866649746895,0.6315950155258179,0.4214595556259155,-0.026841774582862854,0.631726861000061,0.4561564028263092,-0.03211203217506409,0.6529521942138672,0.45423075556755066,-0.004616257734596729,0.6552132964134216,0.38135001063346863,-0.018406961113214493,0.6502431631088257,0.42495235800743103,-0.022715991362929344,0.6499894261360168,0.4594574570655823,-0.023014163598418236,0.6722251772880554,0.4599551558494568,-0.011027675122022629,0.6762902140617371,0.39046329259872437,-0.02193422056734562,0.6688581109046936,0.42816612124443054,-0.019561735913157463,0.6671586036682129,0.4628404378890991,-0.015424841083586216,0.6924816966056824,0.47466611862182617,-0.019060079008340836,0.6931983232498169,0.42191919684410095,-0.025004582479596138,0.6849502921104431,0.4399352967739105,-0.0230521522462368,0.6811450123786926,0.46674686670303345,-0.02057257480919361
38,0.2903721332550049,0.4803837239742279,-1.3127670683843462e-07,0.27437731623649597,0.4605662226676941,-0.010133668780326843,0.26538509130477905,0.42122799158096313,-0.013937286101281643,0.2704322040081024,0.38731271028518677,-0.017727157101035118,0.2825918197631836,0.37194696068763733,-0.01968865469098091,0.2660324275493622,0.3756771981716156,-0.0041582295671105385,0.2630996108055115,0.32962262630462646,-0.01435466855764389,0.26140955090522766,0.3341885209083557,-0.01985110156238079,0.26125043630599976,0.35546964406967163,-0.0216883085668087,0.2788924276828766,0.37043359875679016,-0.003298933617770672,0.2755972743034363,0.3177466094493866,-0.014010698534548283,0.27244722843170166,0.3309022784233093,-0.017300117760896683,0.27230891585350037,0.35752737522125244,-0.016453629359602928,0.29243209958076477,0.3734498620033264,-0.004619275219738483,0.29137417674064636,0.32401806116104126,-0.01497364416718483,0.2871294915676117,0.3351772427558899,-0.015981899574398994,0.28613972663879395,0.359627366065979,-0.01344436313956976,0.30657702684402466,0.3828837275505066,-0.007042533718049526,0.30536818504333496,0.34632858633995056,-0.0156493429094553,0.3014615774154663,0.3495510220527649,-0.017711220309138298,0.29969289898872375,0.36831408739089966,-0.01680067554116249,0.66851806640625,0.6039904356002808,-3.188219466210285e-07,0.6397576928138733,0.5693577527999878,-0.007526393514126539,0.6237457990646362,0.5195389986038208,-0.013503779657185078,0.6384953260421753,0.48578721284866333,-0.02195395901799202,0.6621878743171692,0.49322235584259033,-0.02843512035906315,0.6330565214157104,0.45512253046035767,0.00015695371257606894,0.63459312915802,0.38614124059677124,-0.01573452353477478,0.6314799785614014,0.4218755066394806,-0.026057377457618713,0.6317685842514038,0.45711830258369446,-0.031209606677293777,0.6525937914848328,0.4538108706474304,-0.003783831838518381,0.6550889015197754,0.3804486095905304,-0.01826164498925209,0.6498977541923523,0.42614731192588806,-0.022698279470205307,0.6497277021408081,0.46141308546066284,-0.022716807201504707,0.6719847917556763,0.459634393453598,-0.010603012517094612,0.6760680675506592,0.38906756043434143,-0.02204391546547413,0.6684635877609253,0.42844459414482117,-0.01941833458840847,0.6669712662696838,0.4642615020275116,-0.014756903983652592,0.6923361420631409,0.47439801692962646,-0.019012462347745895,0.6926097869873047,0.4209347665309906,-0.025101391598582268,0.6840521693229675,0.4396854639053345,-0.022899292409420013,0.6803955435752869,0.4671774208545685,-0.02002117596566677
39,0.2910127341747284,0.48117202520370483,-1.4599031317175104e-07,0.27706485986709595,0.4607008993625641,-0.00921664573252201,0.2672572433948517,0.4239400625228882,-0.01261136494576931,0.26855194568634033,0.3899964690208435,-0.015964215621352196,0.2736005187034607,0.3703417181968689,-0.01748914271593094,0.2674744725227356,0.37536996603012085,-0.0038451955188065767,0.2631922662258148,0.3286765217781067,-0.013799288310110569,0.2617959976196289,0.3366742730140686,-0.019277121871709824,0.26189517974853516,0.35920798778533936,-0.02104700542986393,0.280308336019516,0.36980703473091125,-0.0033066081814467907,0.2758246958255768,0.3168153762817383,-0.013173973187804222,0.2736738324165344,0.33220863342285156,-0.015884485095739365,0.2735995054244995,0.35851073265075684,-0.01492629200220108,0.2937413156032562,0.37209826707839966,-0.004909838549792767,0.2913649082183838,0.32264649868011475,-0.014498014003038406,0.288250207901001,0.3374694883823395,-0.01501818373799324,0.2872447669506073,0.3607480525970459,-0.01246438268572092,0.30732613801956177,0.3813652992248535,-0.007538610137999058,0.3055204451084137,0.34506353735923767,-0.015443626791238785,0.301846444606781,0.35259121656417847,-0.016669636592268944,0.29942429065704346,0.3726966083049774,-0.015356317162513733,0.6693143248558044,0.6024994850158691,-3.0927759553378564e-07,0.6398364901542664,0.5694141387939453,-0.007873404771089554,0.6236032843589783,0.5196595788002014,-0.013679590076208115,0.638745129108429,0.4854282736778259,-0.021861156448721886,0.6623749732971191,0.4905930459499359,-0.02823711186647415,0.6339489817619324,0.453865110874176,0.00015727909340057522,0.634236216545105,0.38602229952812195,-0.015342201106250286,0.630605936050415,0.4173354506492615,-0.025738688185811043,0.6303824186325073,0.4519074857234955,-0.03099004551768303,0.6528480648994446,0.4524567425251007,-0.003503001295030117,0.6538022756576538,0.37991976737976074,-0.01787460967898369,0.6483962535858154,0.42255184054374695,-0.022756176069378853,0.6482585072517395,0.459157794713974,-0.023039313033223152,0.6718852519989014,0.4583517909049988,-0.010021769441664219,0.6753911972045898,0.3899390995502472,-0.02176354080438614,0.6676739454269409,0.42734450101852417,-0.020205911248922348,0.6660441756248474,0.4638842046260834,-0.016141191124916077,0.6921508312225342,0.4726978838443756,-0.018115080893039703,0.6928080916404724,0.42039066553115845,-0.024883275851607323,0.6843100786209106,0.43816766142845154,-0.02348271943628788,0.6804532408714294,0.46607840061187744,-0.02104301191866398
40,0.2910127341747284,0.48117202520370483,-1.4599031317175104e-07,0.27706485986709595,0.4607008993625641,-0.00921664573252201,0.2672572433948517,0.4239400625228882,-0.01261136494576931,0.26855194568634033,0.3899964690208435,-0.015964215621352196,0.2736005187034607,0.3703417181968689,-0.01748914271593094,0.2674744725227356,0.37536996603012085,-0.0038451955188065767,0.2631922662258148,0.3286765217781067,-0.013799288310110569,0.2617959976196289,0.3366742730140686,-0.019277121871709824,0.26189517974853516,0.35920798778533936,-0.02104700542986393,0.280308336019516,0.36980703473091125,-0.0033066081814467907,0.2758246958255768,0.3168153762817383,-0.013173973187804222,0.2736738324165344,0.33220863342285156,-0.015884485095739365,0.2735995054244995,0.35851073265075684,-0.01492629200220108,0.2937413156032562,0.37209826707839966,-0.004909838549792767,0.2913649082183838,0.32264649868011475,-0.014498014003038406,0.288250207901001,0.3374694883823395,-0.01501818373799324,0.2872447669506073,0.3607480525970459,-0.01246438268572092,0.30732613801956177,0.3813652992248535,-0.007538610137999058,0.3055204451084137,0.34506353735923767,-0.015443626791238785,0.301846444606781,0.35259121656417847,-0.016669636592268944,0.29942429065704346,0.3726966083049774,-0.015356317162513733,0.6693143248558044,0.6024994850158691,-3.0927759553378564e-07,0.6398364901542664,0.5694141387939453,-0.007873404771089554,0.6236032843589783,0.5196595788002014,-0.013679590076208115,0.638745129108429,0.4854282736778259,-0.021861156448721886,0.6623749732971191,0.4905930459499359,-0.02823711186647415,0.6339489817619324,0.453865110874176,0.00015727909340057522,0.634236216545105,0.38602229952812195,-0.015342201106250286,0.630605936050415,0.4173354506492615,-0.025738688185811043,0.6303824186325073,0.4519074857234955,-0.03099004551768303,0.6528480648994446,0.4524567425251007,-0.003503001295030117,0.6538022756576538,0.37991976737976074,-0.01787460967898369,0.6483962535858154,0.42255184054374695,-0.022756176069378853,0.6482585072517395,0.459157794713974,-0.023039313033223152,0.6718852519989014,0.4583517909049988,-0.010021769441664219,0.6753911972045898,0.3899390995502472,-0.02176354080438614,0.6676739454269409,0.42734450101852417,-0.020205911248922348,0.6660441756248474,0.4638842046260834,-0.016141191124916077,0.6921508312225342,0.4726978838443756,-0.018115080893039703,0.6928080916404724,0.42039066553115845,-0.024883275851607323,0.6843100786209106,0.43816766142845154,-0.02348271943628788,0.6804532408714294,0.46607840061187744,-0.02104301191866398
