frame,feature_0,feature_1,feature_2,feature_3,feature_4,feature_5,feature_6,feature_7,feature_8,feature_9,feature_10,feature_11,feature_12,feature_13,feature_14,feature_15,feature_16,feature_17,feature_18,feature_19,feature_20,feature_21,feature_22,feature_23,feature_24,feature_25,feature_26,feature_27,feature_28,feature_29,feature_30,feature_31,feature_32,feature_33,feature_34,feature_35,feature_36,feature_37,feature_38,feature_39,feature_40,feature_41,feature_42,feature_43,feature_44,feature_45,feature_46,feature_47,feature_48,feature_49,feature_50,feature_51,feature_52,feature_53,feature_54,feature_55,feature_56,feature_57,feature_58,feature_59,feature_60,feature_61,feature_62,feature_63,feature_64,feature_65,feature_66,feature_67,feature_68,feature_69,feature_70,feature_71,feature_72,feature_73,feature_74,feature_75,feature_76,feature_77,feature_78,feature_79,feature_80,feature_81,feature_82,feature_83,feature_84,feature_85,feature_86,feature_87,feature_88,feature_89,feature_90,feature_91,feature_92,feature_93,feature_94,feature_95,feature_96,feature_97,feature_98,feature_99,feature_100,feature_101,feature_102,feature_103,feature_104,feature_105,feature_106,feature_107,feature_108,feature_109,feature_110,feature_111,feature_112,feature_113,feature_114,feature_115,feature_116,feature_117,feature_118,feature_119,feature_120,feature_121,feature_122,feature_123,feature_124,feature_125
1,0.33680200576782227,0.5617698431015015,-9.826588609485043e-08,0.3079940378665924,0.5364331007003784,-0.020485958084464073,0.2946498990058899,0.45823177695274353,-0.0275387205183506,0.3050018846988678,0.39531683921813965,-0.034713976085186005,0.3295687437057495,0.3898642957210541,-0.039666395634412766,0.2996295392513275,0.39102092385292053,0.003385610179975629,0.2959718108177185,0.3371957540512085,-0.012679805979132652,0.2916610538959503,0.3347001373767853,-0.024735385552048683,0.29064756631851196,0.36076271533966064,-0.03019591048359871,0.3177279233932495,0.38067755103111267,0.006908646784722805,0.31695541739463806,0.3053519129753113,-0.008551494218409061,0.3102549910545349,0.3149958848953247,-0.01742241531610489,0.3075351119041443,0.35439321398735046,-0.018726423382759094,0.3370252251625061,0.3848387598991394,0.005654712673276663,0.3408079445362091,0.30954545736312866,-0.01109385583549738,0.33240145444869995,0.3221673369407654,-0.018906081095337868,0.32833707332611084,0.36522048711776733,-0.01870018243789673,0.35939911007881165,0.39721599221229553,0.002218883018940687,0.3596579432487488,0.33654797077178955,-0.011543766595423222,0.3538771867752075,0.3400670886039734,-0.018454955890774727,0.34947386384010315,0.371756911277771,-0.019814277067780495,0.6493387222290039,0.5686309933662415,-8.236197857058869e-08,0.6316910982131958,0.5485444664955139,-0.005707529839128256,0.6241247057914734,0.5141229629516602,-0.008854137733578682,0.6336522102355957,0.4952278435230255,-0.012991592288017273,0.6459774971008301,0.5006692409515381,-0.015909846872091293,0.6315250992774963,0.4781479239463806,0.00046263253898359835,0.6329411268234253,0.44096195697784424,-0.007686832454055548,0.6334932446479797,0.4572453200817108,-0.0135048171505332,0.6334829926490784,0.47770488262176514,-0.016197005286812782,0.6426399946212769,0.4773469567298889,-0.0003890935331583023,0.6450908780097961,0.4376153349876404,-0.0074733528308570385,0.6448811888694763,0.459096223115921,-0.010348382405936718,0.6441001892089844,0.4797312021255493,-0.010537594556808472,0.6531448364257812,0.48203423619270325,-0.002955693518742919,0.6561390161514282,0.4440908133983612,-0.00824203435331583,0.6543636918067932,0.462554931640625,-0.007845348678529263,0.6525647044181824,0.4828059673309326,-0.005990305449813604,0.6637376546859741,0.4914364814758301,-0.006551094353199005,0.665316641330719,0.46432700753211975,-0.009695100598037243,0.6632062792778015,0.471059650182724,-0.009329328313469887,0.6607480049133301,0.48453542590141296,-0.00815275777131319
2,0.33680200576782227,0.5617698431015015,-9.826588609485043e-08,0.3079940378665924,0.5364331007003784,-0.020485958084464073,0.2946498990058899,0.45823177695274353,-0.0275387205183506,0.3050018846988678,0.39531683921813965,-0.034713976085186005,0.3295687437057495,0.3898642957210541,-0.039666395634412766,0.2996295392513275,0.39102092385292053,0.003385610179975629,0.2959718108177185,0.3371957540512085,-0.012679805979132652,0.2916610538959503,0.3347001373767853,-0.024735385552048683,0.29064756631851196,0.36076271533966064,-0.03019591048359871,0.3177279233932495,0.38067755103111267,0.006908646784722805,0.31695541739463806,0.3053519129753113,-0.008551494218409061,0.3102549910545349,0.3149958848953247,-0.01742241531610489,0.3075351119041443,0.35439321398735046,-0.018726423382759094,0.3370252251625061,0.3848387598991394,0.005654712673276663,0.3408079445362091,0.30954545736312866,-0.01109385583549738,0.33240145444869995,0.3221673369407654,-0.018906081095337868,0.32833707332611084,0.36522048711776733,-0.01870018243789673,0.35939911007881165,0.39721599221229553,0.002218883018940687,0.3596579432487488,0.33654797077178955,-0.011543766595423222,0.3538771867752075,0.3400670886039734,-0.018454955890774727,0.34947386384010315,0.371756911277771,-0.019814277067780495,0.6493387222290039,0.5686309933662415,-8.236197857058869e-08,0.6316910982131958,0.5485444664955139,-0.005707529839128256,0.6241247057914734,0.5141229629516602,-0.008854137733578682,0.6336522102355957,0.4952278435230255,-0.012991592288017273,0.6459774971008301,0.5006692409515381,-0.015909846872091293,0.6315250992774963,0.4781479239463806,0.00046263253898359835,0.6329411268234253,0.44096195697784424,-0.007686832454055548,0.6334932446479797,0.4572453200817108,-0.0135048171505332,0.6334829926490784,0.47770488262176514,-0.016197005286812782,0.6426399946212769,0.4773469567298889,-0.0003890935331583023,0.6450908780097961,0.4376153349876404,-0.0074733528308570385,0.6448811888694763,0.459096223115921,-0.010348382405936718,0.6441001892089844,0.4797312021255493,-0.010537594556808472,0.6531448364257812,0.48203423619270325,-0.002955693518742919,0.6561390161514282,0.4440908133983612,-0.00824203435331583,0.6543636918067932,0.462554931640625,-0.007845348678529263,0.6525647044181824,0.4828059673309326,-0.005990305449813604,0.6637376546859741,0.4914364814758301,-0.006551094353199005,0.665316641330719,0.46432700753211975,-0.009695100598037243,0.6632062792778015,0.471059650182724,-0.009329328313469887,0.6607480049133301,0.48453542590141296,-0.00815275777131319
3,0.33466842770576477,0.5590105652809143,-1.1380121378579133e-07,0.3063126504421234,0.5358293652534485,-0.01784454472362995,0.2930258512496948,0.4577607810497284,-0.023202402517199516,0.3037336468696594,0.3962100148200989,-0.02896406129002571,0.32804617285728455,0.3932206630706787,-0.032670218497514725,0.2968996465206146,0.39140546321868896,0.004462558310478926,0.2919250428676605,0.33826693892478943,-0.009987571276724339,0.288017213344574,0.3349285125732422,-0.020742220804095268,0.28781765699386597,0.35813379287719727,-0.025587867945432663,0.3149379789829254,0.3797803819179535,0.007055311463773251,0.31387001276016235,0.3055293560028076,-0.006925985682755709,0.3073897361755371,0.3165701925754547,-0.014135879464447498,0.3058270514011383,0.35463079810142517,-0.014464539475739002,0.33475813269615173,0.3836386501789093,0.005253358744084835,0.3387836217880249,0.3084445297718048,-0.01023386511951685,0.33003538846969604,0.3215421736240387,-0.016447173431515694,0.3265308141708374,0.3622264564037323,-0.015360207296907902,0.3577556014060974,0.39625227451324463,0.001455729710869491,0.3590948283672333,0.3363962769508362,-0.011335679329931736,0.3525809347629547,0.3394606113433838,-0.01705939695239067,0.34805384278297424,0.3689420819282532,-0.017658831551671028,0.6475704908370972,0.570289134979248,-1.0492423285768382e-07,0.6314709782600403,0.5482014417648315,-0.004904158879071474,0.6240127086639404,0.5148870944976807,-0.007966296747326851,0.632465124130249,0.4957927167415619,-0.012123598717153072,0.6446586847305298,0.49760913848876953,-0.01508800033479929,0.6322343349456787,0.478715181350708,0.0008995873504318297,0.6334683299064636,0.4424755871295929,-0.006857634522020817,0.632008969783783,0.45775091648101807,-0.012174122966825962,0.6309971809387207,0.4780608117580414,-0.014519722200930119,0.6426158547401428,0.4785013794898987,-0.00032927951542660594,0.6445484161376953,0.4392324984073639,-0.007757187820971012,0.6430003046989441,0.4607680141925812,-0.01075033564120531,0.6420301795005798,0.48245730996131897,-0.01087183691561222,0.6529164910316467,0.48323047161102295,-0.0031066653318703175,0.6550912261009216,0.4449980556964874,-0.008387143723666668,0.6525053977966309,0.4628794491291046,-0.007854240015149117,0.6507154703140259,0.4825481176376343,-0.005900627002120018,0.663457453250885,0.4926406145095825,-0.006794029846787453,0.663946807384491,0.4643409550189972,-0.009263445623219013,0.6611149311065674,0.47104892134666443,-0.008355138823390007,0.658637285232544,0.48451533913612366,-0.0069000921212136745
4,0.3345668613910675,0.5646740794181824,-9.079639795572803e-08,0.30521246790885925,0.5376408100128174,-0.02225816436111927,0.2913568615913391,0.4585415720939636,-0.030337156727910042,0.30247920751571655,0.3963751494884491,-0.038221776485443115,0.32952433824539185,0.3950660228729248,-0.04370613023638725,0.2962094247341156,0.38916611671447754,0.0017848806455731392,0.2920522689819336,0.3352902829647064,-0.015379633754491806,0.28868305683135986,0.33456408977508545,-0.028307106345891953,0.28851747512817383,0.3618479073047638,-0.03433661907911301,0.3151104152202606,0.3787163197994232,0.005701512563973665,0.3140625059604645,0.3032627999782562,-0.010826093144714832,0.30840593576431274,0.3145965337753296,-0.020289894193410873,0.30651193857192993,0.35509181022644043,-0.021871766075491905,0.335196852684021,0.38315677642822266,0.004676495678722858,0.3389337956905365,0.3081987798213959,-0.01257080864161253,0.33114761114120483,0.3208006024360657,-0.020332802087068558,0.32748547196388245,0.36340755224227905,-0.02001212351024151,0.3583943843841553,0.3965068459510803,0.0012235231697559357,0.35824084281921387,0.33599573373794556,-0.012712284922599792,0.35286080837249756,0.33891382813453674,-0.019603993743658066,0.3488118648529053,0.36936935782432556,-0.02088182605803013,0.6484361886978149,0.5720610618591309,-1.0325940280608847e-07,0.6308889985084534,0.5499634146690369,-0.005323100835084915,0.6224362850189209,0.5174123048782349,-0.008713386952877045,0.6302146315574646,0.497188925743103,-0.013136480934917927,0.6418176889419556,0.497150719165802,-0.016211559996008873,0.6309686899185181,0.4800255000591278,0.00082755321636796,0.631712794303894,0.4428355097770691,-0.007583092898130417,0.6310189962387085,0.4598718285560608,-0.013498561456799507,0.6309013366699219,0.48064592480659485,-0.016152894124388695,0.6418373584747314,0.4791657030582428,-0.00017986385500989854,0.6438842415809631,0.4396207332611084,-0.008040684275329113,0.6427706480026245,0.462369441986084,-0.011181189678609371,0.6421357989311218,0.4836242198944092,-0.011291987262666225,0.6522412300109863,0.482448011636734,-0.0028462514746934175,0.6538404822349548,0.4453056752681732,-0.008003614842891693,0.6516512632369995,0.46428924798965454,-0.007049353793263435,0.6503850221633911,0.4839065968990326,-0.0048149279318749905,0.6629118323326111,0.490410715341568,-0.0065482365898787975,0.6626574993133545,0.46348416805267334,-0.00879718642681837,0.6604028344154358,0.4709579348564148,-0.007688563317060471,0.6585066318511963,0.48403215408325195,-0.006041604094207287
5,0.3367840647697449,0.55899977684021,-8.78500614476252e-08,0.30805519223213196,0.5348222851753235,-0.020634517073631287,0.2929067015647888,0.4588353633880615,-0.02804112806916237,0.3004184067249298,0.3913849890232086,-0.03576446324586868,0.3227073550224304,0.3805857300758362,-0.04075955972075462,0.2965630292892456,0.38287317752838135,0.0034864002373069525,0.29254239797592163,0.3250144124031067,-0.012584146112203598,0.2898724377155304,0.3241031765937805,-0.023761754855513573,0.2888418734073639,0.35370221734046936,-0.02822907082736492,0.3158682882785797,0.37340882420539856,0.006919178646057844,0.3137180209159851,0.29664281010627747,-0.008175212889909744,0.3080706000328064,0.31106847524642944,-0.015411458909511566,0.30617526173591614,0.3519953191280365,-0.01501179113984108,0.33628833293914795,0.3789268732070923,0.005554243456572294,0.33858421444892883,0.30507367849349976,-0.010091566480696201,0.33134251832962036,0.3183099031448364,-0.014541123993694782,0.3283328413963318,0.35908064246177673,-0.011710159480571747,0.35902413725852966,0.39280232787132263,0.0018039019778370857,0.3600340485572815,0.3326008915901184,-0.010472433641552925,0.35442450642585754,0.3327178955078125,-0.015101149678230286,0.3496454656124115,0.36168578267097473,-0.014361834153532982,0.6475353837013245,0.5709911584854126,-9.749902574185398e-08,0.6298781037330627,0.5496208667755127,-0.005186156369745731,0.6223328113555908,0.515482485294342,-0.008006826043128967,0.6308870315551758,0.495953768491745,-0.011882915161550045,0.642029881477356,0.4983307123184204,-0.01459016464650631,0.6301609873771667,0.47877007722854614,0.0011553848162293434,0.6314020156860352,0.4424658715724945,-0.006725110113620758,0.6315838694572449,0.45924851298332214,-0.012563965283334255,0.6312069892883301,0.47998154163360596,-0.015329992398619652,0.6411941051483154,0.47838181257247925,0.00013325577310752124,0.6434299945831299,0.4397640824317932,-0.006985328625887632,0.6430776715278625,0.46212440729141235,-0.010254214517772198,0.6422529816627502,0.48306334018707275,-0.01080305129289627,0.6515693068504333,0.4827728569507599,-0.002517146058380604,0.6536262631416321,0.4461997449398041,-0.007622814271599054,0.6517841815948486,0.4655282497406006,-0.007260613609105349,0.6499495506286621,0.48591694235801697,-0.005581192206591368,0.6620579361915588,0.4919489324092865,-0.006159603595733643,0.6623164415359497,0.4655633568763733,-0.008971125818789005,0.6601709723472595,0.4737148582935333,-0.008398476056754589,0.6577577590942383,0.4876028299331665,-0.007192699704319239
6,0.3367840647697449,0.55899977684021,-8.78500614476252e-08,0.30805519223213196,0.5348222851753235,-0.020634517073631287,0.2929067015647888,0.4588353633880615,-0.02804112806916237,0.3004184067249298,0.3913849890232086,-0.03576446324586868,0.3227073550224304,0.3805857300758362,-0.04075955972075462,0.2965630292892456,0.38287317752838135,0.0034864002373069525,0.29254239797592163,0.3250144124031067,-0.012584146112203598,0.2898724377155304,0.3241031765937805,-0.023761754855513573,0.2888418734073639,0.35370221734046936,-0.02822907082736492,0.3158682882785797,0.37340882420539856,0.006919178646057844,0.3137180209159851,0.29664281010627747,-0.008175212889909744,0.3080706000328064,0.31106847524642944,-0.015411458909511566,0.30617526173591614,0.3519953191280365,-0.01501179113984108,0.33628833293914795,0.3789268732070923,0.005554243456572294,0.33858421444892883,0.30507367849349976,-0.010091566480696201,0.33134251832962036,0.3183099031448364,-0.014541123993694782,0.3283328413963318,0.35908064246177673,-0.011710159480571747,0.35902413725852966,0.39280232787132263,0.0018039019778370857,0.3600340485572815,0.3326008915901184,-0.010472433641552925,0.35442450642585754,0.3327178955078125,-0.015101149678230286,0.3496454656124115,0.36168578267097473,-0.014361834153532982,0.6475353837013245,0.5709911584854126,-9.749902574185398e-08,0.6298781037330627,0.5496208667755127,-0.005186156369745731,0.6223328113555908,0.515482485294342,-0.008006826043128967,0.6308870315551758,0.495953768491745,-0.011882915161550045,0.642029881477356,0.4983307123184204,-0.01459016464650631,0.6301609873771667,0.47877007722854614,0.0011553848162293434,0.6314020156860352,0.4424658715724945,-0.006725110113620758,0.6315838694572449,0.45924851298332214,-0.012563965283334255,0.6312069892883301,0.47998154163360596,-0.015329992398619652,0.6411941051483154,0.47838181257247925,0.00013325577310752124,0.6434299945831299,0.4397640824317932,-0.006985328625887632,0.6430776715278625,0.46212440729141235,-0.010254214517772198,0.6422529816627502,0.48306334018707275,-0.01080305129289627,0.6515693068504333,0.4827728569507599,-0.002517146058380604,0.6536262631416321,0.4461997449398041,-0.007622814271599054,0.6517841815948486,0.4655282497406006,-0.007260613609105349,0.6499495506286621,0.48591694235801697,-0.005581192206591368,0.6620579361915588,0.4919489324092865,-0.006159603595733643,0.6623164415359497,0.4655633568763733,-0.008971125818789005,0.6601709723472595,0.4737148582935333,-0.008398476056754589,0.6577577590942383,0.4876028299331665,-0.007192699704319239
7,0.33517253398895264,0.5555084943771362,-1.2442127683698345e-07,0.3071485161781311,0.5319598913192749,-0.01865450106561184,0.2925492525100708,0.45418235659599304,-0.025008566677570343,0.3010867238044739,0.3886157274246216,-0.03220263496041298,0.32466962933540344,0.3816595673561096,-0.036682549864053726,0.29844847321510315,0.37862032651901245,0.0054105003364384174,0.29562294483184814,0.3209945559501648,-0.010441863909363747,0.29140332341194153,0.32507938146591187,-0.021913746371865273,0.28925591707229614,0.35764238238334656,-0.02673392929136753,0.31685876846313477,0.370527446269989,0.007943753153085709,0.3153085708618164,0.2964182496070862,-0.007014993578195572,0.30836522579193115,0.31134232878685,-0.014707245863974094,0.3065211772918701,0.35280823707580566,-0.014934621751308441,0.33618032932281494,0.3770650327205658,0.005781991872936487,0.3396144211292267,0.30505263805389404,-0.009516406804323196,0.3312985301017761,0.31954488158226013,-0.014127922244369984,0.3282092809677124,0.3615992069244385,-0.011642537079751492,0.35829758644104004,0.3913590610027313,0.0013168614823371172,0.3604367673397064,0.3315916657447815,-0.010478213429450989,0.35484394431114197,0.3317902386188507,-0.014949050731956959,0.35028696060180664,0.36080724000930786,-0.014365400187671185,0.647485613822937,0.5700748562812805,-1.1336143046491998e-07,0.6302052736282349,0.5492966175079346,-0.005355193745344877,0.6225972175598145,0.5164781212806702,-0.008428518660366535,0.6311444044113159,0.49649763107299805,-0.012465615756809711,0.6432581543922424,0.49641481041908264,-0.015466565266251564,0.6307356357574463,0.4823143780231476,4.302700835978612e-05,0.6317444443702698,0.4440726339817047,-0.007600283250212669,0.6313812136650085,0.45935624837875366,-0.013013993389904499,0.6312078833580017,0.47937554121017456,-0.015603933483362198,0.6413819789886475,0.4815928339958191,-0.0009746943251229823,0.6435388922691345,0.440518319606781,-0.008033579215407372,0.6424593925476074,0.46208786964416504,-0.011279723607003689,0.641653299331665,0.4828026592731476,-0.011903648264706135,0.6517114043235779,0.48573413491249084,-0.003488394431769848,0.6540815830230713,0.44642922282218933,-0.00899514090269804,0.6517751216888428,0.46476420760154724,-0.008889061398804188,0.6502248644828796,0.484758585691452,-0.0073848613537848,0.6623623967170715,0.49487587809562683,-0.006900389213114977,0.6632463932037354,0.4666300415992737,-0.010280837304890156,0.6606032848358154,0.4748070538043976,-0.009939340874552727,0.6582282781600952,0.48927468061447144,-0.0088962959125638
8,0.33257967233657837,0.553659200668335,-1.2562315987452166e-07,0.3050480782985687,0.5288068056106567,-0.017473163083195686,0.2911534905433655,0.45159658789634705,-0.023412810638546944,0.3027949035167694,0.38982921838760376,-0.029971566051244736,0.3293819725513458,0.38920512795448303,-0.034236688166856766,0.29648691415786743,0.38049188256263733,0.004956274759024382,0.2933887541294098,0.32657310366630554,-0.010005282238125801,0.28980112075805664,0.3283187747001648,-0.02125396952033043,0.2886516749858856,0.35648828744888306,-0.026344452053308487,0.3148598372936249,0.37102460861206055,0.007243855390697718,0.3145309388637543,0.29878541827201843,-0.0067438604310154915,0.30853503942489624,0.31240972876548767,-0.014240211807191372,0.3065459132194519,0.35217469930648804,-0.014842692762613297,0.3343939781188965,0.37661007046699524,0.00514645129442215,0.3386163115501404,0.3056904971599579,-0.009625401347875595,0.3310554623603821,0.3201577663421631,-0.015419792383909225,0.32779547572135925,0.3614627420902252,-0.014225676655769348,0.35681718587875366,0.3907132148742676,0.0009955583373084664,0.3584309220314026,0.33229678869247437,-0.010613149963319302,0.35432758927345276,0.3352104723453522,-0.015652917325496674,0.3512071967124939,0.36443570256233215,-0.01591702364385128,0.6468391418457031,0.5722804665565491,-1.2351816280897765e-07,0.6300638318061829,0.5494146347045898,-0.004597089719027281,0.6232613921165466,0.5158617496490479,-0.007401541341096163,0.63204425573349,0.4955870807170868,-0.011375182308256626,0.6437389254570007,0.4958902597427368,-0.01441208552569151,0.6308459639549255,0.4816812574863434,0.0006676969933323562,0.6319114565849304,0.4429095387458801,-0.007200685795396566,0.6312679052352905,0.45820122957229614,-0.012732712551951408,0.6305038332939148,0.4788782000541687,-0.015279090963304043,0.6414284110069275,0.48140206933021545,-0.0007876165327616036,0.6434697508811951,0.43918246030807495,-0.008241778239607811,0.6425050497055054,0.4613989293575287,-0.011551376432180405,0.6416324377059937,0.48308801651000977,-0.012070244178175926,0.6518638730049133,0.4863394498825073,-0.0036943985614925623,0.6540501117706299,0.4465092122554779,-0.009262350387871265,0.6517979502677917,0.4657606780529022,-0.008980314247310162,0.6501600742340088,0.4862123727798462,-0.007299050688743591,0.6626419425010681,0.49641093611717224,-0.007451197132468224,0.6628497242927551,0.46692216396331787,-0.010380835272371769,0.6600664258003235,0.4754965901374817,-0.009627359919250011,0.6576874256134033,0.4902417063713074,-0.008349137380719185
9,0.33257967233657837,0.553659200668335,-1.2562315987452166e-07,0.3050480782985687,0.5288068056106567,-0.017473163083195686,0.2911534905433655,0.45159658789634705,-0.023412810638546944,0.3027949035167694,0.38982921838760376,-0.029971566051244736,0.3293819725513458,0.38920512795448303,-0.034236688166856766,0.29648691415786743,0.38049188256263733,0.004956274759024382,0.2933887541294098,0.32657310366630554,-0.010005282238125801,0.28980112075805664,0.3283187747001648,-0.02125396952033043,0.2886516749858856,0.35648828744888306,-0.026344452053308487,0.3148598372936249,0.37102460861206055,0.007243855390697718,0.3145309388637543,0.29878541827201843,-0.0067438604310154915,0.30853503942489624,0.31240972876548767,-0.014240211807191372,0.3065459132194519,0.35217469930648804,-0.014842692762613297,0.3343939781188965,0.37661007046699524,0.00514645129442215,0.3386163115501404,0.3056904971599579,-0.009625401347875595,0.3310554623603821,0.3201577663421631,-0.015419792383909225,0.32779547572135925,0.3614627420902252,-0.014225676655769348,0.35681718587875366,0.3907132148742676,0.0009955583373084664,0.3584309220314026,0.33229678869247437,-0.010613149963319302,0.35432758927345276,0.3352104723453522,-0.015652917325496674,0.3512071967124939,0.36443570256233215,-0.01591702364385128,0.6468391418457031,0.5722804665565491,-1.2351816280897765e-07,0.6300638318061829,0.5494146347045898,-0.004597089719027281,0.6232613921165466,0.5158617496490479,-0.007401541341096163,0.63204425573349,0.4955870807170868,-0.011375182308256626,0.6437389254570007,0.4958902597427368,-0.01441208552569151,0.6308459639549255,0.4816812574863434,0.0006676969933323562,0.6319114565849304,0.4429095387458801,-0.007200685795396566,0.6312679052352905,0.45820122957229614,-0.012732712551951408,0.6305038332939148,0.4788782000541687,-0.015279090963304043,0.6414284110069275,0.48140206933021545,-0.0007876165327616036,0.6434697508811951,0.43918246030807495,-0.008241778239607811,0.6425050497055054,0.4613989293575287,-0.011551376432180405,0.6416324377059937,0.48308801651000977,-0.012070244178175926,0.6518638730049133,0.4863394498825073,-0.0036943985614925623,0.6540501117706299,0.4465092122554779,-0.009262350387871265,0.6517979502677917,0.4657606780529022,-0.008980314247310162,0.6501600742340088,0.4862123727798462,-0.007299050688743591,0.6626419425010681,0.49641093611717224,-0.007451197132468224,0.6628497242927551,0.46692216396331787,-0.010380835272371769,0.6600664258003235,0.4754965901374817,-0.009627359919250011,0.6576874256134033,0.4902417063713074,-0.008349137380719185
10,0.33269426226615906,0.5576030015945435,-1.0072215417267216e-07,0.30343538522720337,0.5332098007202148,-0.020525047555565834,0.2880638837814331,0.45470094680786133,-0.027578840032219887,0.2982533574104309,0.3891158998012543,-0.03483455255627632,0.32620611786842346,0.3864128887653351,-0.03928108140826225,0.29470881819725037,0.38103151321411133,0.0029251642990857363,0.29163500666618347,0.3250671923160553,-0.013760946691036224,0.288171648979187,0.32648465037345886,-0.025431349873542786,0.28688544034957886,0.3575265109539032,-0.030271677300333977,0.31387871503829956,0.37090203166007996,0.006463903468102217,0.31290650367736816,0.2955487072467804,-0.008938351646065712,0.3062589168548584,0.3089946210384369,-0.016167787835001945,0.30410611629486084,0.34999555349349976,-0.015888351947069168,0.3338300585746765,0.37654146552085876,0.005149933975189924,0.3376445770263672,0.30449455976486206,-0.010439151898026466,0.3291822671890259,0.31804680824279785,-0.014949344098567963,0.3259265720844269,0.35878294706344604,-0.012196896597743034,0.3567400276660919,0.3913654386997223,0.0013886126689612865,0.3587113320827484,0.33242037892341614,-0.010595555417239666,0.3529963195323944,0.3315510153770447,-0.015481059439480305,0.3482874631881714,0.3585410714149475,-0.015065556392073631,0.6466841697692871,0.572136402130127,-1.1352020834465293e-07,0.6294432282447815,0.5496437549591064,-0.005717449821531773,0.6230478882789612,0.5146294236183167,-0.008734981529414654,0.6330903768539429,0.4952811598777771,-0.01284091081470251,0.6448617577552795,0.5001509189605713,-0.015911484137177467,0.6307244300842285,0.48025694489479065,0.00037444254849106073,0.6317437291145325,0.44191524386405945,-0.00772117218002677,0.6314612627029419,0.4587059020996094,-0.013157605193555355,0.6314345598220825,0.4795287549495697,-0.015543224290013313,0.6414502859115601,0.48026812076568604,-0.0006408492918126285,0.6432790756225586,0.4398348033428192,-0.008595774881541729,0.6422509551048279,0.4632672071456909,-0.011777120642364025,0.6416540741920471,0.4850640296936035,-0.011927438899874687,0.6519508957862854,0.4853155314922333,-0.0033193370327353477,0.6542658805847168,0.4462132453918457,-0.009552089497447014,0.6516577005386353,0.4665035009384155,-0.009581172838807106,0.64995276927948,0.4875642657279968,-0.007751074153929949,0.6625861525535583,0.4951287508010864,-0.00695135910063982,0.6633265018463135,0.4655991792678833,-0.010534362867474556,0.659862756729126,0.4745010733604431,-0.010221447795629501,0.6569547653198242,0.49005720019340515,-0.009010117501020432
11,0.33269426226615906,0.5576030015945435,-1.0072215417267216e-07,0.30343538522720337,0.5332098007202148,-0.020525047555565834,0.2880638837814331,0.45470094680786133,-0.027578840032219887,0.2982533574104309,0.3891158998012543,-0.03483455255627632,0.32620611786842346,0.3864128887653351,-0.03928108140826225,0.29470881819725037,0.38103151321411133,0.0029251642990857363,0.29163500666618347,0.3250671923160553,-0.013760946691036224,0.288171648979187,0.32648465037345886,-0.025431349873542786,0.28688544034957886,0.3575265109539032,-0.030271677300333977,0.31387871503829956,0.37090203166007996,0.006463903468102217,0.31290650367736816,0.2955487072467804,-0.008938351646065712,0.3062589168548584,0.3089946210384369,-0.016167787835001945,0.30410611629486084,0.34999555349349976,-0.015888351947069168,0.3338300585746765,0.37654146552085876,0.005149933975189924,0.3376445770263672,0.30449455976486206,-0.010439151898026466,0.3291822671890259,0.31804680824279785,-0.014949344098567963,0.3259265720844269,0.35878294706344604,-0.012196896597743034,0.3567400276660919,0.3913654386997223,0.0013886126689612865,0.3587113320827484,0.33242037892341614,-0.010595555417239666,0.3529963195323944,0.3315510153770447,-0.015481059439480305,0.3482874631881714,0.3585410714149475,-0.015065556392073631,0.6466841697692871,0.572136402130127,-1.1352020834465293e-07,0.6294432282447815,0.5496437549591064,-0.005717449821531773,0.6230478882789612,0.5146294236183167,-0.008734981529414654,0.6330903768539429,0.4952811598777771,-0.01284091081470251,0.6448617577552795,0.5001509189605713,-0.015911484137177467,0.6307244300842285,0.48025694489479065,0.00037444254849106073,0.6317437291145325,0.44191524386405945,-0.00772117218002677,0.6314612627029419,0.4587059020996094,-0.013157605193555355,0.6314345598220825,0.4795287549495697,-0.015543224290013313,0.6414502859115601,0.48026812076568604,-0.0006408492918126285,0.6432790756225586,0.4398348033428192,-0.008595774881541729,0.6422509551048279,0.4632672071456909,-0.011777120642364025,0.6416540741920471,0.4850640296936035,-0.011927438899874687,0.6519508957862854,0.4853155314922333,-0.0033193370327353477,0.6542658805847168,0.4462132453918457,-0.009552089497447014,0.6516577005386353,0.4665035009384155,-0.009581172838807106,0.64995276927948,0.4875642657279968,-0.007751074153929949,0.6625861525535583,0.4951287508010864,-0.00695135910063982,0.6633265018463135,0.4655991792678833,-0.010534362867474556,0.659862756729126,0.4745010733604431,-0.010221447795629501,0.6569547653198242,0.49005720019340515,-0.009010117501020432
12,0.6470399498939514,0.5696927309036255,-1.0109779680078645e-07,0.6300153732299805,0.5495122671127319,-0.00569952791556716,0.6223486661911011,0.5151315927505493,-0.00890960544347763,0.6316235065460205,0.49543583393096924,-0.013123732060194016,0.6442241668701172,0.5009282827377319,-0.016083359718322754,0.6308204531669617,0.47879257798194885,9.678576316218823e-05,0.6322963833808899,0.44155797362327576,-0.00814956333488226,0.6315387487411499,0.45833420753479004,-0.013566047884523869,0.6312807202339172,0.47885438799858093,-0.015922484919428825,0.6414631605148315,0.47869640588760376,-0.0008153181406669319,0.6437253952026367,0.4384646415710449,-0.008614283055067062,0.6421195268630981,0.46124011278152466,-0.01124044694006443,0.6416134238243103,0.48264962434768677,-0.010981910862028599,0.6517717838287354,0.48353591561317444,-0.0034343989100307226,0.6543187499046326,0.4458492696285248,-0.009340254589915276,0.6515442728996277,0.46498703956604004,-0.008762686513364315,0.6500959396362305,0.4851366877555847,-0.006523907650262117,0.6624224781990051,0.4928801357746124,-0.007048625499010086,0.6637366414070129,0.46397078037261963,-0.010154511779546738,0.6607204675674438,0.4714544415473938,-0.00954482052475214,0.6581355929374695,0.48589837551116943,-0.008154606446623802,0.3345622718334198,0.5531979203224182,-1.328833434399712e-07,0.3072638213634491,0.5291553139686584,-0.018216311931610107,0.2922751009464264,0.45418187975883484,-0.02447848953306675,0.30102989077568054,0.39001724123954773,-0.031325697898864746,0.32622209191322327,0.37904080748558044,-0.035457365214824677,0.29561781883239746,0.37614160776138306,0.003581640776246786,0.294130802154541,0.3158671259880066,-0.012543958611786366,0.29156002402305603,0.32148680090904236,-0.024032585322856903,0.28912097215652466,0.3563563823699951,-0.028648342937231064,0.3146931231021881,0.36820870637893677,0.005998090375214815,0.31374111771583557,0.2914547324180603,-0.00853228010237217,0.30892837047576904,0.309217244386673,-0.015985671430826187,0.3072225749492645,0.35108762979507446,-0.016297267749905586,0.33514416217803955,0.37503379583358765,0.003935756627470255,0.33849775791168213,0.3038714826107025,-0.01118705328553915,0.331866979598999,0.31986287236213684,-0.01611512154340744,0.32903292775154114,0.36080750823020935,-0.014197168871760368,0.35782361030578613,0.39015841484069824,-0.0002384998369961977,0.36021333932876587,0.33222654461860657,-0.012023160234093666,0.3547983765602112,0.33378151059150696,-0.016421379521489143,0.34990420937538147,0.36190611124038696,-0.01599554531276226
13,0.6472092270851135,0.5703269243240356,-9.744486106910699e-08,0.6303766965866089,0.5500439405441284,-0.0053026629611849785,0.6227578520774841,0.5163159966468811,-0.008288096636533737,0.6314877271652222,0.4969332218170166,-0.012364888563752174,0.643386721611023,0.5004724264144897,-0.015251795761287212,0.6307470202445984,0.4797469973564148,0.0007912933360785246,0.6321749687194824,0.44324010610580444,-0.00717585114762187,0.631381630897522,0.4592534005641937,-0.01273250114172697,0.630723774433136,0.4793528616428375,-0.015257247723639011,0.6412246823310852,0.4793330729007721,-0.00021717477648053318,0.6431195139884949,0.4406167268753052,-0.007835879921913147,0.6421823501586914,0.462459534406662,-0.010957899503409863,0.6417717933654785,0.4836791753768921,-0.011149139143526554,0.6516295075416565,0.4837082028388977,-0.0028730391059070826,0.6537211537361145,0.446318119764328,-0.008420374244451523,0.6515056490898132,0.4649038016796112,-0.008320039138197899,0.6500385999679565,0.48520663380622864,-0.006563990842550993,0.6623198986053467,0.49254289269447327,-0.006503949407488108,0.6627627015113831,0.4652899503707886,-0.00945171806961298,0.6604899764060974,0.4718778729438782,-0.00924826879054308,0.658466100692749,0.4852795898914337,-0.008221019990742207,0.33497354388237,0.5529189109802246,-1.2558498951875663e-07,0.30719083547592163,0.5311892032623291,-0.018694326281547546,0.29177960753440857,0.4548882842063904,-0.02478737197816372,0.3009960651397705,0.38886451721191406,-0.031174417585134506,0.32648104429244995,0.3788870573043823,-0.03491031005978584,0.2959330677986145,0.3773891031742096,0.0029673732351511717,0.2950897812843323,0.31674057245254517,-0.012601291760802269,0.29370665550231934,0.32168251276016235,-0.02357591688632965,0.29217255115509033,0.3550834357738495,-0.028062205761671066,0.3155069351196289,0.3693977892398834,0.005905205383896828,0.31471720337867737,0.29327380657196045,-0.00839564111083746,0.31065496802330017,0.3104090988636017,-0.015787050127983093,0.3090187907218933,0.35175713896751404,-0.016234401613473892,0.33594661951065063,0.37599512934684753,0.004389637149870396,0.3391725420951843,0.30559882521629333,-0.010866901837289333,0.332875519990921,0.32122910022735596,-0.01637602038681507,0.3301089107990265,0.36211463809013367,-0.01496946718543768,0.35872822999954224,0.39095720648765564,0.0007738099666312337,0.3603462874889374,0.33348163962364197,-0.011742155998945236,0.35526055097579956,0.33542752265930176,-0.017057456076145172,0.35073328018188477,0.3634093999862671,-0.017328280955553055
14,0.6476165652275085,0.5708671808242798,-1.004419303285431e-07,0.6302627921104431,0.5508797764778137,-0.00497384462505579,0.6225974559783936,0.5167083144187927,-0.0077100275084376335,0.6305301785469055,0.49597644805908203,-0.011607974767684937,0.6417052745819092,0.49850574135780334,-0.014372630044817924,0.6305069923400879,0.4798334240913391,0.0013979937648400664,0.6313352584838867,0.4431213140487671,-0.006024358328431845,0.6310033202171326,0.4594379961490631,-0.011389235034584999,0.6306039690971375,0.4795222282409668,-0.013884608633816242,0.6411615014076233,0.4794522523880005,0.0002893045893870294,0.6427781581878662,0.4404674768447876,-0.006470496766269207,0.6423696875572205,0.461899995803833,-0.009436926804482937,0.6419255137443542,0.4827744960784912,-0.009782157838344574,0.6516332626342773,0.484085351228714,-0.002427884843200445,0.6535525918006897,0.44619783759117126,-0.007388769648969173,0.6517226099967957,0.4648227393627167,-0.007127183489501476,0.6501079797744751,0.48522496223449707,-0.00547159556299448,0.6621343493461609,0.49296897649765015,-0.006107864901423454,0.6626582741737366,0.4652777314186096,-0.008913415484130383,0.660453200340271,0.4725593328475952,-0.008517660200595856,0.6581826210021973,0.48669740557670593,-0.007412377744913101,0.33620133996009827,0.5581111907958984,-1.0668512118172657e-07,0.3085258901119232,0.5337531566619873,-0.01786046102643013,0.29414868354797363,0.45620596408843994,-0.023533223196864128,0.3027026355266571,0.3915170729160309,-0.029669756069779396,0.32704684138298035,0.38075268268585205,-0.03333495929837227,0.29751449823379517,0.3822263777256012,0.004825872834771872,0.2947169840335846,0.32418519258499146,-0.010401451028883457,0.2940908968448639,0.32606804370880127,-0.02125641703605652,0.2934143543243408,0.35681480169296265,-0.025566088035702705,0.31675994396209717,0.3735533654689789,0.007604107726365328,0.3155367076396942,0.2991185486316681,-0.006484774872660637,0.312200129032135,0.31610554456710815,-0.013531602919101715,0.3103330731391907,0.3569866716861725,-0.013478903099894524,0.3371562659740448,0.37950921058654785,0.005918891169130802,0.3412271738052368,0.3074631690979004,-0.009490356780588627,0.3348352611064911,0.32451000809669495,-0.014226637780666351,0.330840528011322,0.36634159088134766,-0.01194292027503252,0.3599280118942261,0.3935168385505676,0.0022133507300168276,0.3620063364505768,0.33624589443206787,-0.01064889132976532,0.3569439947605133,0.34014561772346497,-0.015452680177986622,0.35197213292121887,0.36868441104888916,-0.01496580708771944
15,0.6476165652275085,0.5708671808242798,-1.004419303285431e-07,0.6302627921104431,0.5508797764778137,-0.00497384462505579,0.6225974559783936,0.5167083144187927,-0.0077100275084376335,0.6305301785469055,0.49597644805908203,-0.011607974767684937,0.6417052745819092,0.49850574135780334,-0.014372630044817924,0.6305069923400879,0.4798334240913391,0.0013979937648400664,0.6313352584838867,0.4431213140487671,-0.006024358328431845,0.6310033202171326,0.4594379961490631,-0.011389235034584999,0.6306039690971375,0.4795222282409668,-0.013884608633816242,0.6411615014076233,0.4794522523880005,0.0002893045893870294,0.6427781581878662,0.4404674768447876,-0.006470496766269207,0.6423696875572205,0.461899995803833,-0.009436926804482937,0.6419255137443542,0.4827744960784912,-0.009782157838344574,0.6516332626342773,0.484085351228714,-0.002427884843200445,0.6535525918006897,0.44619783759117126,-0.007388769648969173,0.6517226099967957,0.4648227393627167,-0.007127183489501476,0.6501079797744751,0.48522496223449707,-0.00547159556299448,0.6621343493461609,0.49296897649765015,-0.006107864901423454,0.6626582741737366,0.4652777314186096,-0.008913415484130383,0.660453200340271,0.4725593328475952,-0.008517660200595856,0.6581826210021973,0.48669740557670593,-0.007412377744913101,0.33620133996009827,0.5581111907958984,-1.0668512118172657e-07,0.3085258901119232,0.5337531566619873,-0.01786046102643013,0.29414868354797363,0.45620596408843994,-0.023533223196864128,0.3027026355266571,0.3915170729160309,-0.029669756069779396,0.32704684138298035,0.38075268268585205,-0.03333495929837227,0.29751449823379517,0.3822263777256012,0.004825872834771872,0.2947169840335846,0.32418519258499146,-0.010401451028883457,0.2940908968448639,0.32606804370880127,-0.02125641703605652,0.2934143543243408,0.35681480169296265,-0.025566088035702705,0.31675994396209717,0.3735533654689789,0.007604107726365328,0.3155367076396942,0.2991185486316681,-0.006484774872660637,0.312200129032135,0.31610554456710815,-0.013531602919101715,0.3103330731391907,0.3569866716861725,-0.013478903099894524,0.3371562659740448,0.37950921058654785,0.005918891169130802,0.3412271738052368,0.3074631690979004,-0.009490356780588627,0.3348352611064911,0.32451000809669495,-0.014226637780666351,0.330840528011322,0.36634159088134766,-0.01194292027503252,0.3599280118942261,0.3935168385505676,0.0022133507300168276,0.3620063364505768,0.33624589443206787,-0.01064889132976532,0.3569439947605133,0.34014561772346497,-0.015452680177986622,0.35197213292121887,0.36868441104888916,-0.01496580708771944
16,0.6468386054039001,0.5687913298606873,-9.892172414538436e-08,0.6299538016319275,0.5485981702804565,-0.0050536454655230045,0.6222974061965942,0.5137463212013245,-0.007748373784124851,0.6314440369606018,0.49630415439605713,-0.011542093940079212,0.6438219547271729,0.5032852292060852,-0.014127584174275398,0.6313360333442688,0.4787662625312805,0.0010879496112465858,0.631953239440918,0.44237083196640015,-0.0066609918139874935,0.6306748986244202,0.4586758315563202,-0.01176464557647705,0.6303285360336304,0.47834688425064087,-0.01394977979362011,0.6417664885520935,0.4788365662097931,-6.728313110215822e-06,0.6429707407951355,0.4397267997264862,-0.0074448361992836,0.6415240168571472,0.46138879656791687,-0.009916771203279495,0.6413189768791199,0.48255982995033264,-0.009486181661486626,0.6520780324935913,0.48379945755004883,-0.002776086563244462,0.653777539730072,0.44680559635162354,-0.008151009678840637,0.6512448191642761,0.46534910798072815,-0.007552276831120253,0.6501376032829285,0.4849838316440582,-0.0053498107008636,0.6628473997116089,0.49296095967292786,-0.0065210661850869656,0.6634935736656189,0.4646633267402649,-0.009306281805038452,0.6603863835334778,0.4716431498527527,-0.00867850799113512,0.658099889755249,0.4856431186199188,-0.007273993920534849,0.3382476568222046,0.5585338473320007,-8.413844909682666e-08,0.314808189868927,0.5335426926612854,-0.018155425786972046,0.3027525246143341,0.4595109522342682,-0.02501698210835457,0.3111114501953125,0.3982568383216858,-0.032420773059129715,0.3337974548339844,0.3921072483062744,-0.03741886094212532,0.30699655413627625,0.38706421852111816,0.00333783938549459,0.3034362196922302,0.330740362405777,-0.013058259151875973,0.3014003038406372,0.3287258446216583,-0.025513235479593277,0.29904091358184814,0.35959818959236145,-0.03112562745809555,0.3237464725971222,0.379383385181427,0.005655541084706783,0.3217945396900177,0.3063605725765228,-0.010020465590059757,0.3184075355529785,0.3158992528915405,-0.0200796015560627,0.31572863459587097,0.3579835891723633,-0.02259160950779915,0.3413216173648834,0.3852972984313965,0.0036779106594622135,0.3438863456249237,0.31348806619644165,-0.011828357353806496,0.33871927857398987,0.3256832957267761,-0.018342087045311928,0.33502787351608276,0.3682253956794739,-0.017843395471572876,0.3613967299461365,0.39955517649650574,-0.00038461002986878157,0.3609132170677185,0.3423239588737488,-0.012999423779547215,0.3582886755466461,0.3425983786582947,-0.018664497882127762,0.35532334446907043,0.370716392993927,-0.019259225577116013
17,0.6471443772315979,0.5691052675247192,-9.453320615193661e-08,0.6300241351127625,0.5486853122711182,-0.00431616697460413,0.6224977374076843,0.5144098401069641,-0.00635892990976572,0.6308495402336121,0.4962078928947449,-0.009573383256793022,0.6423771977424622,0.502739429473877,-0.011525205336511135,0.6308027505874634,0.4808574318885803,0.0024852105416357517,0.6302642822265625,0.4449077248573303,-0.0045195226557552814,0.6295771598815918,0.4605363607406616,-0.009199674241244793,0.6296422481536865,0.4797792434692383,-0.011133559979498386,0.6412229537963867,0.48024091124534607,0.0014302340568974614,0.6415077447891235,0.4424015283584595,-0.0054780724458396435,0.6402935981750488,0.4631345868110657,-0.007808382157236338,0.6401914954185486,0.4833202660083771,-0.007286407984793186,0.6515533924102783,0.484391987323761,-0.001231824280694127,0.6526688933372498,0.4480491578578949,-0.0059640072286129,0.6504052877426147,0.46498191356658936,-0.0052327546291053295,0.6496901512145996,0.48349061608314514,-0.0030133461114019156,0.6625801920890808,0.4928556978702545,-0.004823532421141863,0.6627382636070251,0.46721968054771423,-0.006842355709522963,0.6603736281394958,0.47109293937683105,-0.00614443514496088,0.6590647101402283,0.48100459575653076,-0.004762644879519939,0.33880338072776794,0.5644066333770752,-8.181772415127853e-08,0.31309351325035095,0.5386965274810791,-0.02013373002409935,0.3001621961593628,0.4635586440563202,-0.027871405705809593,0.3106711506843567,0.4001131057739258,-0.03562919422984123,0.3359253704547882,0.3950651288032532,-0.04103454202413559,0.30506399273872375,0.3905881345272064,0.0033210376277565956,0.3036491274833679,0.335144579410553,-0.01255313865840435,0.30060452222824097,0.3378222584724426,-0.025009330362081528,0.2987852096557617,0.36928603053092957,-0.0308222733438015,0.3229934275150299,0.38280561566352844,0.006976984441280365,0.32461756467819214,0.3094363212585449,-0.0077307624742388725,0.32052087783813477,0.32116201519966125,-0.017270248383283615,0.31772610545158386,0.36109527945518494,-0.01959269680082798,0.341720312833786,0.38909366726875305,0.006034390069544315,0.3468775749206543,0.31721317768096924,-0.009220194071531296,0.3414239287376404,0.33085131645202637,-0.017340412363409996,0.33738815784454346,0.3727589249610901,-0.01812334544956684,0.3628290295600891,0.4035786986351013,0.002943964209407568,0.363576740026474,0.3455504775047302,-0.009314006194472313,0.35974282026290894,0.3482126295566559,-0.015965646132826805,0.35530781745910645,0.37682271003723145,-0.017697684466838837
18,0.6469581723213196,0.5676866173744202,-6.268947316812046e-08,0.6298000812530518,0.548738420009613,-0.005072642117738724,0.6221354603767395,0.5148265957832336,-0.007460786495357752,0.6307550072669983,0.4958357512950897,-0.010898861102759838,0.641964316368103,0.5030900835990906,-0.013164679519832134,0.6295454502105713,0.4806027114391327,0.0016909552505239844,0.6298665404319763,0.4449784755706787,-0.0050306059420108795,0.6295796632766724,0.4595034718513489,-0.00950668752193451,0.6294646263122559,0.4777747392654419,-0.011340475641191006,0.6398610472679138,0.47973787784576416,0.0008251359104178846,0.6408602595329285,0.44185516238212585,-0.005738071631640196,0.6405141353607178,0.4605591297149658,-0.008295007050037384,0.6402549743652344,0.47971248626708984,-0.008042329922318459,0.6500712037086487,0.4840964078903198,-0.001653755083680153,0.6515104174613953,0.44741493463516235,-0.006752082612365484,0.649719774723053,0.4649592638015747,-0.006737095303833485,0.6485965251922607,0.48424848914146423,-0.004900035448372364,0.6607906222343445,0.4925803244113922,-0.005058425012975931,0.6614713668823242,0.4668751657009125,-0.007867733016610146,0.6592051982879639,0.47195181250572205,-0.007703951094299555,0.6574438214302063,0.48330777883529663,-0.006572664715349674,0.3399837017059326,0.5654320120811462,-1.0524090043873002e-07,0.31463220715522766,0.5410685539245605,-0.018582774326205254,0.3032364249229431,0.46421897411346436,-0.024888962507247925,0.31326135993003845,0.4019104838371277,-0.03164198249578476,0.33629921078681946,0.3986222445964813,-0.036252498626708984,0.30821123719215393,0.39958125352859497,0.004049201030284166,0.30339542031288147,0.34628450870513916,-0.011035807430744171,0.29897335171699524,0.3424491286277771,-0.0224541537463665,0.2972257137298584,0.3666153848171234,-0.027784381061792374,0.3252326250076294,0.3895549178123474,0.006845646537840366,0.32472649216651917,0.31631338596343994,-0.007986215874552727,0.3184993863105774,0.3256021738052368,-0.01640043407678604,0.3157691955566406,0.3636382818222046,-0.01762489601969719,0.3433384597301483,0.393709272146225,0.0052748206071555614,0.347023069858551,0.31894809007644653,-0.009899893775582314,0.33927494287490845,0.33293575048446655,-0.015128263272345066,0.3357027471065521,0.3756416440010071,-0.013549207709729671,0.36460211873054504,0.40645575523376465,0.0014805004466325045,0.36488866806030273,0.34685251116752625,-0.010796457529067993,0.3597179651260376,0.3491624891757965,-0.01581094041466713,0.355812132358551,0.37879708409309387,-0.016007734462618828
19,0.6473830938339233,0.5676411986351013,-6.075860881082917e-08,0.6300618648529053,0.5493155121803284,-0.004916244652122259,0.6219372153282166,0.5151902437210083,-0.007235967554152012,0.6301048994064331,0.49547722935676575,-0.01056339405477047,0.6413249373435974,0.5012550950050354,-0.01269238255918026,0.6283390522003174,0.48045608401298523,0.0015272640157490969,0.6291334629058838,0.44444209337234497,-0.005139067769050598,0.6298314332962036,0.4588134288787842,-0.009492317214608192,0.6297746896743774,0.47734972834587097,-0.011242424137890339,0.6392428278923035,0.479489266872406,0.0006119792233221233,0.6403634548187256,0.44121965765953064,-0.005733340512961149,0.6407452821731567,0.4599100351333618,-0.008263851515948772,0.6403302550315857,0.47875818610191345,-0.008147594518959522,0.6498395800590515,0.48399388790130615,-0.0018749950686469674,0.6514863967895508,0.44661974906921387,-0.006859399378299713,0.650152325630188,0.46405622363090515,-0.006789965555071831,0.6488353610038757,0.48292961716651917,-0.005047348327934742,0.6607856750488281,0.4929380416870117,-0.005235635209828615,0.6613988280296326,0.46704861521720886,-0.007989983074367046,0.6595051884651184,0.47137176990509033,-0.007809842471033335,0.6578047871589661,0.4813045263290405,-0.006763522978872061,0.33890512585639954,0.5670515298843384,-1.1356138429619023e-07,0.3138529658317566,0.5411388874053955,-0.019917290657758713,0.301200270652771,0.46536552906036377,-0.027570193633437157,0.3097419738769531,0.4009506404399872,-0.03554181009531021,0.3331637382507324,0.39752814173698425,-0.041172150522470474,0.30802252888679504,0.396737664937973,0.0027991128154098988,0.30400875210762024,0.3423861563205719,-0.013418538495898247,0.29858362674713135,0.3412153422832489,-0.02559681423008442,0.2959834039211273,0.36800646781921387,-0.03127479553222656,0.3248063921928406,0.3873085081577301,0.005844562314450741,0.3243924677371979,0.31334248185157776,-0.01029148232191801,0.31718870997428894,0.3248644173145294,-0.01945613883435726,0.3141140043735504,0.36469766497612,-0.020918071269989014,0.3427075147628784,0.39160817861557007,0.004389905370771885,0.3466101586818695,0.3179342448711395,-0.011500955559313297,0.3383291959762573,0.3333410620689392,-0.017291387543082237,0.3345623314380646,0.3763466775417328,-0.015936151146888733,0.363867849111557,0.40444591641426086,0.0006577488384209573,0.36422044038772583,0.34505805373191833,-0.011261503212153912,0.35902976989746094,0.34821516275405884,-0.01617121882736683,0.3552098870277405,0.378006249666214,-0.016359761357307434
20,0.6479190587997437,0.5694385766983032,-8.650901861528837e-08,0.6301495432853699,0.5490394830703735,-0.004034073557704687,0.622124195098877,0.5136460065841675,-0.005799277685582638,0.6302134990692139,0.4948042631149292,-0.008917626924812794,0.6417766809463501,0.5012195706367493,-0.010885815136134624,0.6289253234863281,0.48005953431129456,0.003164903959259391,0.6295515298843384,0.443685382604599,-0.0037052230909466743,0.6303427219390869,0.45964694023132324,-0.008461168967187405,0.6303005814552307,0.4790869653224945,-0.010507786646485329,0.6395480632781982,0.4793305993080139,0.0018234559101983905,0.6404232382774353,0.441440612077713,-0.0046760765835642815,0.6409786939620972,0.4629594683647156,-0.007347591686993837,0.6407445669174194,0.4832115173339844,-0.007335796486586332,0.6501753926277161,0.4834362864494324,-0.0011494486825540662,0.6513147354125977,0.44660890102386475,-0.005931085906922817,0.6503819823265076,0.46570807695388794,-0.0057934052310884,0.6491813659667969,0.4856943190097809,-0.004097843077033758,0.6611705422401428,0.4916081130504608,-0.005006672348827124,0.6613693237304688,0.46479547023773193,-0.007515369448810816,0.6597064733505249,0.4718537926673889,-0.007186702452600002,0.6579411029815674,0.4850381314754486,-0.0061170910485088825,0.3385812044143677,0.5621151924133301,-1.336212562819128e-07,0.31433752179145813,0.5366438031196594,-0.017056632786989212,0.3021458685398102,0.46141019463539124,-0.02311825379729271,0.3116455078125,0.40122777223587036,-0.02994788996875286,0.33593836426734924,0.4005407392978668,-0.034681592136621475,0.3073795735836029,0.3957328498363495,0.0035924026742577553,0.3027058243751526,0.34139350056648254,-0.011648505926132202,0.29764604568481445,0.3389127254486084,-0.023190515115857124,0.2948300838470459,0.3633231818675995,-0.028641244396567345,0.324230432510376,0.38629233837127686,0.005352401174604893,0.3224688172340393,0.31273096799850464,-0.009350727312266827,0.31598037481307983,0.3213009834289551,-0.01774454675614834,0.3127764165401459,0.3592580556869507,-0.019185837358236313,0.34232765436172485,0.39103081822395325,0.0029811677522957325,0.3453120291233063,0.3167063295841217,-0.01175261102616787,0.33711618185043335,0.3302842378616333,-0.016612738370895386,0.3330417573451996,0.37140244245529175,-0.014950336888432503,0.3634811043739319,0.4040215313434601,-0.0015061326557770371,0.3634660840034485,0.3444146513938904,-0.013027727603912354,0.3584992289543152,0.3452189564704895,-0.017415743321180344,0.35466986894607544,0.3723430037498474,-0.017322653904557228
21,0.6469038724899292,0.5674952864646912,-7.618401554054799e-08,0.6298784017562866,0.5469998717308044,-0.004639390856027603,0.6223039031028748,0.5128109455108643,-0.007056555710732937,0.6314506530761719,0.4960465729236603,-0.010624437592923641,0.6426747441291809,0.5049764513969421,-0.0130131421610713,0.6291626691818237,0.47862935066223145,0.001591693377122283,0.6297076344490051,0.4429919421672821,-0.005415973253548145,0.6301518082618713,0.4596097767353058,-0.009678295813500881,0.6303499937057495,0.4784335196018219,-0.011296571232378483,0.6397397518157959,0.47802233695983887,0.0003567679086700082,0.6411184668540955,0.4408223032951355,-0.006414247211068869,0.641035258769989,0.46330341696739197,-0.008545953780412674,0.6405627727508545,0.48282390832901,-0.007979221642017365,0.6502054929733276,0.48276010155677795,-0.0024773289915174246,0.6517013311386108,0.4472857713699341,-0.007814733311533928,0.6500827074050903,0.4678102135658264,-0.007329091429710388,0.6488205194473267,0.48728159070014954,-0.0051427436992526054,0.6610934734344482,0.4916969835758209,-0.0061784544959664345,0.6616452932357788,0.46530860662460327,-0.009081660769879818,0.6595319509506226,0.47348347306251526,-0.008480614051222801,0.6576101183891296,0.4867038130760193,-0.007019990589469671,0.33921441435813904,0.5560249090194702,-1.2305785901389754e-07,0.31429967284202576,0.5336092710494995,-0.015967797487974167,0.3015042543411255,0.46042272448539734,-0.021460598334670067,0.30905967950820923,0.4001721441745758,-0.02772553637623787,0.33007657527923584,0.3929840922355652,-0.03206828981637955,0.30745142698287964,0.39658084511756897,0.004990093410015106,0.3024595081806183,0.3427835702896118,-0.008845895528793335,0.2962469160556793,0.33837252855300903,-0.01919141784310341,0.29344382882118225,0.3601635992527008,-0.023851217702031136,0.32335785031318665,0.38583627343177795,0.006750377360731363,0.3213072419166565,0.31352996826171875,-0.00630650669336319,0.31399214267730713,0.3228139579296112,-0.013107452541589737,0.3118421137332916,0.3579074740409851,-0.013640040531754494,0.3412177264690399,0.38886818289756775,0.004429871216416359,0.34365522861480713,0.3146645426750183,-0.010000552982091904,0.3344740569591522,0.3287343382835388,-0.014457955956459045,0.3308655023574829,0.3680669367313385,-0.012663700617849827,0.3621044456958771,0.399915874004364,0.00023857613268774003,0.36305150389671326,0.3408527374267578,-0.01159545499831438,0.3560900390148163,0.3452679216861725,-0.015560973435640335,0.3514268398284912,0.3746369779109955,-0.015157747082412243
22,0.6469846367835999,0.5723016858100891,-1.022998574740086e-07,0.6298848986625671,0.550312876701355,-0.004702063277363777,0.6222707033157349,0.5157625675201416,-0.007369308266788721,0.6305630803108215,0.49795740842819214,-0.011326543986797333,0.6415194869041443,0.5031409859657288,-0.014107060618698597,0.6296142339706421,0.4800468981266022,0.001682731439359486,0.6307499408721924,0.44410932064056396,-0.006350943353027105,0.6301738023757935,0.46210119128227234,-0.011841833591461182,0.6298983097076416,0.48262351751327515,-0.014178107492625713,0.6400996446609497,0.47962862253189087,0.00024279003264382482,0.6418237686157227,0.4416200816631317,-0.007581066805869341,0.6411163806915283,0.46565818786621094,-0.010499556548893452,0.6408162713050842,0.48735934495925903,-0.010307936929166317,0.6507211923599243,0.4840208888053894,-0.002857920480892062,0.6525379419326782,0.44764024019241333,-0.008366238325834274,0.6506413221359253,0.4678065776824951,-0.007820604369044304,0.6492946147918701,0.488124281167984,-0.005630268715322018,0.6615450382232666,0.49284636974334717,-0.0069082798436284065,0.6622881889343262,0.4652867913246155,-0.009390684776008129,0.6594928503036499,0.4739195704460144,-0.00839002151042223,0.6569359302520752,0.4885435104370117,-0.006748138926923275,0.3374149203300476,0.5501559376716614,-7.577315841444943e-08,0.31319642066955566,0.5235640406608582,-0.017224131152033806,0.30037933588027954,0.4541102647781372,-0.024316228926181793,0.3068263828754425,0.3932135999202728,-0.032159224152565,0.328748881816864,0.38773205876350403,-0.03770961984992027,0.30226054787635803,0.3861982822418213,0.004201863426715136,0.2960602939128876,0.33343085646629333,-0.011156724765896797,0.2938978374004364,0.32916533946990967,-0.02260916493833065,0.29323816299438477,0.352800577878952,-0.027668647468090057,0.31927552819252014,0.376400887966156,0.006349946837872267,0.3168666660785675,0.3045789897441864,-0.007698871195316315,0.3131536841392517,0.31489086151123047,-0.015344523824751377,0.31143131852149963,0.35099154710769653,-0.016239140182733536,0.3379758298397064,0.3806971609592438,0.004267845768481493,0.34130915999412537,0.30839818716049194,-0.010206629522144794,0.3348272442817688,0.322196900844574,-0.014676385559141636,0.33090248703956604,0.3604578971862793,-0.01265462301671505,0.359282523393631,0.3928477168083191,0.0001862733333837241,0.3611522614955902,0.3357526957988739,-0.010675480589270592,0.35711029171943665,0.33798491954803467,-0.014498290605843067,0.35269811749458313,0.3644532263278961,-0.0139029361307621
23,0.6471196413040161,0.5719618201255798,-9.957494029322334e-08,0.6298090219497681,0.5502693057060242,-0.004629178438335657,0.6224240064620972,0.5154372453689575,-0.007058111485093832,0.6308357119560242,0.4977623224258423,-0.010737135075032711,0.6418110728263855,0.5032551884651184,-0.013160962611436844,0.6301614046096802,0.4796820282936096,0.0021391466725617647,0.6313466429710388,0.4440423250198364,-0.005580101162195206,0.6306445598602295,0.46193423867225647,-0.010897830128669739,0.6302915215492249,0.4820272624492645,-0.013198014348745346,0.6406379342079163,0.47963759303092957,0.0007818745216354728,0.6421816349029541,0.4417722821235657,-0.006697807461023331,0.641412079334259,0.46504607796669006,-0.009564187377691269,0.6410613059997559,0.4862353503704071,-0.00941696111112833,0.6511098146438599,0.4842948019504547,-0.0022521011997014284,0.6527187824249268,0.4476659595966339,-0.007502510212361813,0.6508700847625732,0.46717217564582825,-0.00698854448273778,0.649559736251831,0.48710164427757263,-0.0048808143474161625,0.6618258953094482,0.4933128356933594,-0.006239764392375946,0.6622210741043091,0.4662074148654938,-0.00860190112143755,0.6598607301712036,0.473739892244339,-0.007764296606183052,0.6577540636062622,0.48728910088539124,-0.006273203529417515,0.335900217294693,0.55330491065979,-1.0376487580288085e-07,0.3106551766395569,0.5260193943977356,-0.015638256445527077,0.2997838258743286,0.44942349195480347,-0.020091881975531578,0.3105669319629669,0.3897894322872162,-0.02532484382390976,0.3334835171699524,0.39320167899131775,-0.028526298701763153,0.30389678478240967,0.38733240962028503,0.007848856970667839,0.299349308013916,0.3322666883468628,-0.004711676388978958,0.2933950126171112,0.32586580514907837,-0.01465938612818718,0.29100438952445984,0.34711819887161255,-0.01903637684881687,0.32023173570632935,0.37709933519363403,0.010227835737168789,0.31827598810195923,0.30578315258026123,-0.0011726063676178455,0.3115357458591461,0.3107825517654419,-0.007787348702549934,0.3094829320907593,0.3443940579891205,-0.008288075216114521,0.33776170015335083,0.3810136318206787,0.008460430428385735,0.3401199281215668,0.3080627918243408,-0.003930052742362022,0.3319278359413147,0.31682145595550537,-0.008801579475402832,0.3288152813911438,0.35346198081970215,-0.0074218884110450745,0.3582308888435364,0.39204317331314087,0.004727156832814217,0.35904738306999207,0.333284854888916,-0.004862642381340265,0.35385456681251526,0.33284294605255127,-0.00894283875823021,0.3509770333766937,0.35887378454208374,-0.008818223141133785
24,0.6473150253295898,0.5723793506622314,-9.534341671724178e-08,0.6297065019607544,0.551490843296051,-0.004721838980913162,0.6223812103271484,0.5167343020439148,-0.007158262655138969,0.6306006908416748,0.4972332715988159,-0.010809103026986122,0.6413488984107971,0.5017677545547485,-0.013283451087772846,0.6298702955245972,0.48029592633247375,0.0020792759023606777,0.630670428276062,0.44397270679473877,-0.005387451034039259,0.6307318806648254,0.4602445960044861,-0.010733190923929214,0.630620539188385,0.48054561018943787,-0.013083209283649921,0.6405879259109497,0.48005664348602295,0.0009306505089625716,0.6422279477119446,0.44238346815109253,-0.006170765962451696,0.6420432925224304,0.4642539918422699,-0.00922478549182415,0.6418144702911377,0.4857195019721985,-0.009359939955174923,0.651004433631897,0.4845968782901764,-0.0018486258340999484,0.6527761220932007,0.44783729314804077,-0.006885321345180273,0.6510753631591797,0.4665486216545105,-0.006639644969254732,0.6497938632965088,0.48735374212265015,-0.004810806829482317,0.6614884734153748,0.4934574365615845,-0.005596871487796307,0.661822497844696,0.46645990014076233,-0.008229251950979233,0.6597542762756348,0.47345930337905884,-0.007783147972077131,0.6577799320220947,0.4876662492752075,-0.006534285843372345,0.3345580995082855,0.5506948232650757,-1.0470692757280631e-07,0.3096368610858917,0.52274489402771,-0.015950916334986687,0.297776460647583,0.4474852383136749,-0.0211110170930624,0.30685925483703613,0.38736608624458313,-0.027247639372944832,0.3289606273174286,0.386404812335968,-0.031108461320400238,0.3003707528114319,0.37872037291526794,0.006515841465443373,0.2965656816959381,0.3220781087875366,-0.006970221176743507,0.2929406762123108,0.31958940625190735,-0.017068468034267426,0.29068347811698914,0.34334588050842285,-0.021405616775155067,0.31772738695144653,0.3695821464061737,0.008330772630870342,0.31474682688713074,0.2963293194770813,-0.0038212151266634464,0.3106348514556885,0.3071260154247284,-0.010271362029016018,0.3086399734020233,0.34273049235343933,-0.01049003005027771,0.3363279402256012,0.37566766142845154,0.005986113101243973,0.3388061225414276,0.30219411849975586,-0.007082318887114525,0.3324396312236786,0.3158043920993805,-0.010959303937852383,0.3285138010978699,0.35342881083488464,-0.008690163493156433,0.35750076174736023,0.389163613319397,0.0016205846332013607,0.3584318161010742,0.33132246136665344,-0.0086170993745327,0.3538908064365387,0.33159154653549194,-0.012253832072019577,0.34998446702957153,0.355935275554657,-0.01153287012130022
25,0.33429834246635437,0.5516093373298645,-8.245577731713638e-08,0.310240238904953,0.5240442752838135,-0.01844083145260811,0.2985023856163025,0.45236116647720337,-0.024570519104599953,0.3042086660861969,0.39194756746292114,-0.03123396821320057,0.3235514461994171,0.3775772452354431,-0.03581378236413002,0.3010597229003906,0.3840126693248749,0.005341231357306242,0.2957172989845276,0.329755961894989,-0.009092826396226883,0.29112085700035095,0.31979331374168396,-0.0204946156591177,0.28898561000823975,0.33780255913734436,-0.02563745714724064,0.3174632787704468,0.37361469864845276,0.008179321885108948,0.31526029109954834,0.3001604676246643,-0.005206110887229443,0.31033679842948914,0.3045467436313629,-0.013735577464103699,0.30764496326446533,0.33821359276771545,-0.015355231240391731,0.33560872077941895,0.37758252024650574,0.006564208772033453,0.3378394544124603,0.30255401134490967,-0.008268369361758232,0.33117160201072693,0.3109263479709625,-0.015193828381597996,0.3268354535102844,0.348941445350647,-0.014829822815954685,0.3563302457332611,0.3891488313674927,0.0029003596864640713,0.3575494885444641,0.3300803303718567,-0.009243116714060307,0.353102445602417,0.32965731620788574,-0.014955859631299973,0.3488125801086426,0.3566910922527313,-0.015620063059031963,0.6468045711517334,0.5733041167259216,-9.952921686817717e-08,0.6294143199920654,0.552107572555542,-0.004975120536983013,0.622321367263794,0.5168765187263489,-0.0074931420385837555,0.6308060884475708,0.49727776646614075,-0.011191373690962791,0.6414358615875244,0.5030907392501831,-0.013662307523190975,0.6296914219856262,0.4809111952781677,0.001674387720413506,0.6307316422462463,0.44414234161376953,-0.0057130903005599976,0.6305415034294128,0.4608133137226105,-0.010773931629955769,0.6301516890525818,0.48115500807762146,-0.012938879430294037,0.6402722597122192,0.4802538752555847,0.0005876188515685499,0.642177402973175,0.4418787658214569,-0.006519597955048084,0.64177006483078,0.4642157554626465,-0.009212736040353775,0.6413092017173767,0.48536163568496704,-0.009061510674655437,0.6506470441818237,0.48457762598991394,-0.0021485101897269487,0.6526932120323181,0.44773778319358826,-0.007092184387147427,0.6509771943092346,0.4662284851074219,-0.006571867968887091,0.649626612663269,0.48606929183006287,-0.004579086787998676,0.6611796617507935,0.49336278438568115,-0.005883568432182074,0.6621870398521423,0.46573248505592346,-0.00808781385421753,0.659991443157196,0.47224074602127075,-0.0073261018842458725,0.6577797532081604,0.48544934391975403,-0.005968046374619007
26,0.33429834246635437,0.5516093373298645,-8.245577731713638e-08,0.310240238904953,0.5240442752838135,-0.01844083145260811,0.2985023856163025,0.45236116647720337,-0.024570519104599953,0.3042086660861969,0.39194756746292114,-0.03123396821320057,0.3235514461994171,0.3775772452354431,-0.03581378236413002,0.3010597229003906,0.3840126693248749,0.005341231357306242,0.2957172989845276,0.329755961894989,-0.009092826396226883,0.29112085700035095,0.31979331374168396,-0.0204946156591177,0.28898561000823975,0.33780255913734436,-0.02563745714724064,0.3174632787704468,0.37361469864845276,0.008179321885108948,0.31526029109954834,0.3001604676246643,-0.005206110887229443,0.31033679842948914,0.3045467436313629,-0.013735577464103699,0.30764496326446533,0.33821359276771545,-0.015355231240391731,0.33560872077941895,0.37758252024650574,0.006564208772033453,0.3378394544124603,0.30255401134490967,-0.008268369361758232,0.33117160201072693,0.3109263479709625,-0.015193828381597996,0.3268354535102844,0.348941445350647,-0.014829822815954685,0.3563302457332611,0.3891488313674927,0.0029003596864640713,0.3575494885444641,0.3300803303718567,-0.009243116714060307,0.353102445602417,0.32965731620788574,-0.014955859631299973,0.3488125801086426,0.3566910922527313,-0.015620063059031963,0.6468045711517334,0.5733041167259216,-9.952921686817717e-08,0.6294143199920654,0.552107572555542,-0.004975120536983013,0.622321367263794,0.5168765187263489,-0.0074931420385837555,0.6308060884475708,0.49727776646614075,-0.011191373690962791,0.6414358615875244,0.5030907392501831,-0.013662307523190975,0.6296914219856262,0.4809111952781677,0.001674387720413506,0.6307316422462463,0.44414234161376953,-0.0057130903005599976,0.6305415034294128,0.4608133137226105,-0.010773931629955769,0.6301516890525818,0.48115500807762146,-0.012938879430294037,0.6402722597122192,0.4802538752555847,0.0005876188515685499,0.642177402973175,0.4418787658214569,-0.006519597955048084,0.64177006483078,0.4642157554626465,-0.009212736040353775,0.6413092017173767,0.48536163568496704,-0.009061510674655437,0.6506470441818237,0.48457762598991394,-0.0021485101897269487,0.6526932120323181,0.44773778319358826,-0.007092184387147427,0.6509771943092346,0.4662284851074219,-0.006571867968887091,0.649626612663269,0.48606929183006287,-0.004579086787998676,0.6611796617507935,0.49336278438568115,-0.005883568432182074,0.6621870398521423,0.46573248505592346,-0.00808781385421753,0.659991443157196,0.47224074602127075,-0.0073261018842458725,0.6577797532081604,0.48544934391975403,-0.005968046374619007
27,0.33432668447494507,0.550344705581665,-5.82338053334297e-08,0.30928754806518555,0.523750364780426,-0.019591225311160088,0.29712343215942383,0.44938263297080994,-0.026539558544754982,0.304551362991333,0.3857556879520416,-0.033859629184007645,0.3279181122779846,0.3778150677680969,-0.038960572332143784,0.2994062006473541,0.3801608085632324,0.005264561157673597,0.2941284775733948,0.3251570463180542,-0.009168876335024834,0.29066070914268494,0.3162161111831665,-0.02022402547299862,0.2894648313522339,0.33731698989868164,-0.02506256103515625,0.31664934754371643,0.3698337972164154,0.008920328691601753,0.3138313889503479,0.2953833043575287,-0.00438877334818244,0.30961352586746216,0.3017301857471466,-0.012458018958568573,0.3078385591506958,0.33722081780433655,-0.013556241989135742,0.3351218104362488,0.374324232339859,0.008006240241229534,0.3374043107032776,0.2994633913040161,-0.006574295461177826,0.33128395676612854,0.31028926372528076,-0.013067330233752728,0.3277530372142792,0.34997403621673584,-0.012311679311096668,0.35625535249710083,0.3862372636795044,0.00493993703275919,0.3570263683795929,0.32686078548431396,-0.006891745608299971,0.3528086841106415,0.32873034477233887,-0.012551916763186455,0.34912893176078796,0.3581947684288025,-0.013095660135149956,0.6472213268280029,0.5694466829299927,-9.128694244964208e-08,0.6295271515846252,0.550393283367157,-0.005382223520427942,0.6217329502105713,0.5164569020271301,-0.008164536207914352,0.6306180357933044,0.4974151849746704,-0.012018847279250622,0.6424520015716553,0.5020062327384949,-0.014738775789737701,0.6290355324745178,0.4799218475818634,0.0013571513118222356,0.6297607421875,0.4441278874874115,-0.006342169363051653,0.629738986492157,0.46084296703338623,-0.011995983310043812,0.6297885775566101,0.4807743430137634,-0.01467885822057724,0.6398420333862305,0.4789276123046875,0.00042277100146748126,0.6417526602745056,0.4410040080547333,-0.006585191003978252,0.6412954926490784,0.4628859758377075,-0.009569238871335983,0.6409494876861572,0.4834437072277069,-0.009807277470827103,0.6502538323402405,0.4829584062099457,-0.0022028961684554815,0.6526169776916504,0.44666221737861633,-0.007382385432720184,0.6506451368331909,0.4659668505191803,-0.00702239153906703,0.649102509021759,0.4863603115081787,-0.005217261146754026,0.660736083984375,0.491482675075531,-0.005857029464095831,0.661665141582489,0.4655722975730896,-0.008913570083677769,0.65922611951828,0.474204421043396,-0.008507843129336834,0.6569699048995972,0.48874223232269287,-0.007323810365051031
28,0.6461892127990723,0.5680161118507385,-8.884926216978783e-08,0.6290013790130615,0.5490936636924744,-0.0051390933804214,0.6220295429229736,0.5146633982658386,-0.007585760671645403,0.63177490234375,0.496185302734375,-0.01124667190015316,0.6439831256866455,0.5019405484199524,-0.0137639744207263,0.6282212734222412,0.47991469502449036,0.00197054841555655,0.6294147372245789,0.4430730938911438,-0.005698836408555508,0.6297277212142944,0.4596819281578064,-0.010940478183329105,0.6298463940620422,0.4795371890068054,-0.013268825598061085,0.6389867067337036,0.47894755005836487,0.0009213414741680026,0.6409438848495483,0.4405806064605713,-0.006268905475735664,0.6405774354934692,0.46292540431022644,-0.009016177617013454,0.6401543021202087,0.48313072323799133,-0.008922220207750797,0.6494631767272949,0.4832051694393158,-0.001890554209239781,0.6518505215644836,0.44583263993263245,-0.007521551568061113,0.6499060392379761,0.466049462556839,-0.007168280892074108,0.6485062837600708,0.4864512085914612,-0.0051436093635857105,0.6601591110229492,0.4919734597206116,-0.005669205915182829,0.6610239148139954,0.46509185433387756,-0.00906345248222351,0.6585707664489746,0.4736548066139221,-0.00881231389939785,0.6565004587173462,0.4878910779953003,-0.007632208988070488,0.3354913592338562,0.5490857362747192,-7.269341750770764e-08,0.3099272847175598,0.5231078863143921,-0.01960478536784649,0.29817619919776917,0.44809091091156006,-0.025921596214175224,0.3056975305080414,0.3846931755542755,-0.03243696317076683,0.3265443742275238,0.37581920623779297,-0.03695038706064224,0.3015378415584564,0.38254037499427795,0.006200193427503109,0.29515379667282104,0.33029383420944214,-0.00731375627219677,0.2897014617919922,0.31864067912101746,-0.018320754170417786,0.28801190853118896,0.3344544768333435,-0.0235526654869318,0.31790226697921753,0.3709184527397156,0.010040643624961376,0.3153136670589447,0.2982359528541565,-0.002873524557799101,0.30915114283561707,0.3005068302154541,-0.011245016939938068,0.3066539764404297,0.3335971236228943,-0.012813184410333633,0.3359532058238983,0.37368786334991455,0.00926628801971674,0.33801406621932983,0.2980358302593231,-0.005223071668297052,0.3301287293434143,0.30472490191459656,-0.012868334539234638,0.3262491226196289,0.3432061970233917,-0.01313453633338213,0.35715436935424805,0.384209007024765,0.006340276915580034,0.35725951194763184,0.32418403029441833,-0.005707660224288702,0.3519253134727478,0.32457634806632996,-0.012149075977504253,0.34809309244155884,0.3535704016685486,-0.013525730930268764
29,0.6452285051345825,0.5663360357284546,-8.017349983902022e-08,0.6282209753990173,0.5481737852096558,-0.0049532814882695675,0.6217734217643738,0.5139374732971191,-0.007212037220597267,0.6318564414978027,0.4967676103115082,-0.010639614425599575,0.6433995962142944,0.5036333203315735,-0.012962160632014275,0.6280182600021362,0.4798124432563782,0.002115880837664008,0.6290730237960815,0.4440268576145172,-0.005023131612688303,0.6293414831161499,0.4594256579875946,-0.00994813907891512,0.6290754079818726,0.47901982069015503,-0.012109537608921528,0.6386004090309143,0.4782698154449463,0.0010281086433678865,0.6399330496788025,0.440513551235199,-0.005693330429494381,0.6395779252052307,0.46089357137680054,-0.008357089012861252,0.6388111114501953,0.480503648519516,-0.008277627639472485,0.6488726139068604,0.4822881817817688,-0.0017557406099513173,0.6507095098495483,0.4449295401573181,-0.007036898750811815,0.6488125920295715,0.4642367660999298,-0.006709687877446413,0.6474323272705078,0.4839979112148285,-0.004837004002183676,0.6597307324409485,0.49105268716812134,-0.005475796293467283,0.6605165600776672,0.4653455913066864,-0.00863554421812296,0.657900869846344,0.473309725522995,-0.008300737477838993,0.6559649109840393,0.4861534833908081,-0.007137591484934092,0.33364054560661316,0.5487179160118103,-5.528802304866076e-08,0.3077411353588104,0.5206651091575623,-0.018723392859101295,0.2966097891330719,0.4436928331851959,-0.024313921108841896,0.30408215522766113,0.3794378638267517,-0.030548470094799995,0.3267240822315216,0.3735902011394501,-0.034014586359262466,0.2995128035545349,0.37432897090911865,0.008333339355885983,0.29492390155792236,0.32102087140083313,-0.0069381920620799065,0.29078298807144165,0.3127296268939972,-0.018928198143839836,0.2884289622306824,0.33666855096817017,-0.024241454899311066,0.31707197427749634,0.3656083643436432,0.011529525741934776,0.3140062093734741,0.2955509126186371,-0.0034561038482934237,0.3087949752807617,0.29952919483184814,-0.012897146865725517,0.30673399567604065,0.33620965480804443,-0.014577730558812618,0.3354119062423706,0.37109875679016113,0.009918021969497204,0.3371794819831848,0.29876941442489624,-0.004843458067625761,0.3302161991596222,0.30664175748825073,-0.01022674422711134,0.3269714415073395,0.34475594758987427,-0.0084465891122818,0.3569088280200958,0.3835325539112091,0.005956020671874285,0.3576962351799011,0.3255575895309448,-0.0055969348177313805,0.3528602123260498,0.32321903109550476,-0.010732712224125862,0.3489195704460144,0.3487699627876282,-0.010652326047420502
30,0.6452285051345825,0.5663360357284546,-8.017349983902022e-08,0.6282209753990173,0.5481737852096558,-0.0049532814882695675,0.6217734217643738,0.5139374732971191,-0.007212037220597267,0.6318564414978027,0.4967676103115082,-0.010639614425599575,0.6433995962142944,0.5036333203315735,-0.012962160632014275,0.6280182600021362,0.4798124432563782,0.002115880837664008,0.6290730237960815,0.4440268576145172,-0.005023131612688303,0.6293414831161499,0.4594256579875946,-0.00994813907891512,0.6290754079818726,0.47901982069015503,-0.012109537608921528,0.6386004090309143,0.4782698154449463,0.0010281086433678865,0.6399330496788025,0.440513551235199,-0.005693330429494381,0.6395779252052307,0.46089357137680054,-0.008357089012861252,0.6388111114501953,0.480503648519516,-0.008277627639472485,0.6488726139068604,0.4822881817817688,-0.0017557406099513173,0.6507095098495483,0.4449295401573181,-0.007036898750811815,0.6488125920295715,0.4642367660999298,-0.006709687877446413,0.6474323272705078,0.4839979112148285,-0.004837004002183676,0.6597307324409485,0.49105268716812134,-0.005475796293467283,0.6605165600776672,0.4653455913066864,-0.00863554421812296,0.657900869846344,0.473309725522995,-0.008300737477838993,0.6559649109840393,0.4861534833908081,-0.007137591484934092,0.33364054560661316,0.5487179160118103,-5.528802304866076e-08,0.3077411353588104,0.5206651091575623,-0.018723392859101295,0.2966097891330719,0.4436928331851959,-0.024313921108841896,0.30408215522766113,0.3794378638267517,-0.030548470094799995,0.3267240822315216,0.3735902011394501,-0.034014586359262466,0.2995128035545349,0.37432897090911865,0.008333339355885983,0.29492390155792236,0.32102087140083313,-0.0069381920620799065,0.29078298807144165,0.3127296268939972,-0.018928198143839836,0.2884289622306824,0.33666855096817017,-0.024241454899311066,0.31707197427749634,0.3656083643436432,0.011529525741934776,0.3140062093734741,0.2955509126186371,-0.0034561038482934237,0.3087949752807617,0.29952919483184814,-0.012897146865725517,0.30673399567604065,0.33620965480804443,-0.014577730558812618,0.3354119062423706,0.37109875679016113,0.009918021969497204,0.3371794819831848,0.29876941442489624,-0.004843458067625761,0.3302161991596222,0.30664175748825073,-0.01022674422711134,0.3269714415073395,0.34475594758987427,-0.0084465891122818,0.3569088280200958,0.3835325539112091,0.005956020671874285,0.3576962351799011,0.3255575895309448,-0.0055969348177313805,0.3528602123260498,0.32321903109550476,-0.010732712224125862,0.3489195704460144,0.3487699627876282,-0.010652326047420502
31,0.6460708379745483,0.5700346827507019,-8.544306950852842e-08,0.6284920573234558,0.5501222014427185,-0.005634812172502279,0.621271550655365,0.5159831643104553,-0.008531312458217144,0.6307209134101868,0.49799081683158875,-0.01256314106285572,0.6428747177124023,0.501688539981842,-0.015463325195014477,0.6287879943847656,0.4806312918663025,0.0011872632894665003,0.6296371221542358,0.4441332221031189,-0.006863259710371494,0.6294378638267517,0.45995935797691345,-0.012667651288211346,0.6295393705368042,0.48009413480758667,-0.015353208407759666,0.6395680904388428,0.47983163595199585,0.000337438250426203,0.6413795351982117,0.4414919912815094,-0.0071717300452291965,0.6407865285873413,0.46296370029449463,-0.010475396178662777,0.6407766342163086,0.4839261770248413,-0.01079300232231617,0.650015652179718,0.4839661121368408,-0.0022567480336874723,0.6523650884628296,0.44597864151000977,-0.007803104817867279,0.6501647233963013,0.46498486399650574,-0.007769101299345493,0.6489435434341431,0.4859325587749481,-0.006017698906362057,0.660683274269104,0.49263685941696167,-0.005885736085474491,0.6619235277175903,0.46577709913253784,-0.009100163355469704,0.6593077182769775,0.472404807806015,-0.009014521725475788,0.6571056246757507,0.48613089323043823,-0.007974973879754543,0.3331184685230255,0.5456902980804443,-5.826233007155679e-08,0.3069002330303192,0.5160521268844604,-0.02020617574453354,0.29564106464385986,0.43819671869277954,-0.027213729918003082,0.3050309121608734,0.3747246265411377,-0.034683384001255035,0.32988688349723816,0.37620365619659424,-0.03927531838417053,0.30104130506515503,0.3695935606956482,0.00688343308866024,0.2982152998447418,0.3147432506084442,-0.00952483993023634,0.2932799458503723,0.30951356887817383,-0.022350134328007698,0.2901003360748291,0.3375251591205597,-0.028180371969938278,0.31813356280326843,0.3615923821926117,0.010323070921003819,0.31558123230934143,0.29128479957580566,-0.005715639796108007,0.30937710404396057,0.29739323258399963,-0.015790659934282303,0.3071098327636719,0.3353413939476013,-0.017839455977082253,0.33568286895751953,0.36695346236228943,0.008777149021625519,0.33747097849845886,0.2954917252063751,-0.006392407696694136,0.3299257755279541,0.30491793155670166,-0.012018374167382717,0.32656610012054443,0.3435547947883606,-0.010457104071974754,0.35640937089920044,0.37933626770973206,0.004669437184929848,0.3567392826080322,0.3207664489746094,-0.006889737211167812,0.3513084352016449,0.3218229115009308,-0.01200979482382536,0.3470468521118164,0.35010528564453125,-0.012079750187695026
32,0.6461835503578186,0.569779634475708,-8.443525700840837e-08,0.6284163594245911,0.5498391389846802,-0.005197620019316673,0.6210573315620422,0.5160197615623474,-0.0077660721726715565,0.6299618482589722,0.49684596061706543,-0.011557976715266705,0.641762912273407,0.500423014163971,-0.014205274172127247,0.6280770897865295,0.4810812473297119,0.002024488290771842,0.629083514213562,0.44424349069595337,-0.005928134545683861,0.62980055809021,0.46034303307533264,-0.011705935932695866,0.6301169991493225,0.4805538058280945,-0.01438121497631073,0.6389263868331909,0.4799804985523224,0.0009976536966860294,0.6406639814376831,0.4406282305717468,-0.0062618316151201725,0.6407389044761658,0.4623006284236908,-0.009547782130539417,0.640756368637085,0.48299700021743774,-0.00996352918446064,0.6494855284690857,0.4839169383049011,-0.0017984046135097742,0.6519652009010315,0.4456992745399475,-0.007218195591121912,0.6503552794456482,0.46475687623023987,-0.007322120014578104,0.6490468382835388,0.48554182052612305,-0.005738080013543367,0.6601902842521667,0.49234411120414734,-0.005595698952674866,0.6614670753479004,0.4649519622325897,-0.00872038397938013,0.6592605710029602,0.4715919494628906,-0.00875379890203476,0.6570008397102356,0.4852987825870514,-0.007881183177232742,0.3340330719947815,0.5506399869918823,-6.384965445249691e-08,0.3089251220226288,0.5219022035598755,-0.02073265053331852,0.2977844178676605,0.4470377266407013,-0.027523083612322807,0.30494850873947144,0.3825940489768982,-0.03432420268654823,0.32377558946609497,0.36970967054367065,-0.038994431495666504,0.3003653585910797,0.3800450265407562,0.005821755155920982,0.2949603497982025,0.32650262117385864,-0.008469981141388416,0.28964418172836304,0.31363892555236816,-0.02019198052585125,0.2871425151824951,0.32937151193618774,-0.025656964629888535,0.31689271330833435,0.3693070709705353,0.010062121786177158,0.3137783408164978,0.29531851410865784,-0.003091924823820591,0.3080865144729614,0.29588741064071655,-0.011815215460956097,0.305515319108963,0.32724568247795105,-0.013645676895976067,0.33521583676338196,0.3735341727733612,0.009502826258540154,0.3367774486541748,0.2976951003074646,-0.005657355301082134,0.32972925901412964,0.3030822277069092,-0.013565324246883392,0.32581883668899536,0.3408890664577484,-0.013815667480230331,0.3564039468765259,0.38589969277381897,0.006719999946653843,0.3568072021007538,0.32485589385032654,-0.005736084654927254,0.35186535120010376,0.3231086730957031,-0.012147854082286358,0.34772634506225586,0.3506837487220764,-0.013368314132094383
33,0.645165741443634,0.5694385766983032,-1.0522885673935889e-07,0.6279958486557007,0.5484011173248291,-0.005256891716271639,0.6203206777572632,0.5150179862976074,-0.008295766077935696,0.6286304593086243,0.49601656198501587,-0.012440625578165054,0.6398194432258606,0.5014208555221558,-0.015309453010559082,0.6287584900856018,0.47859013080596924,0.0011549947084859014,0.6292994618415833,0.4433249533176422,-0.006792482919991016,0.6283748745918274,0.4604160487651825,-0.012159070000052452,0.6278548240661621,0.4809210002422333,-0.014474792405962944,0.6391947865486145,0.47762754559516907,6.62142556393519e-05,0.640588641166687,0.4403880536556244,-0.007777292747050524,0.6393529176712036,0.4632309675216675,-0.010632152669131756,0.6387773156166077,0.4844913184642792,-0.010444226674735546,0.6494277119636536,0.4814981520175934,-0.0027019199915230274,0.6509020328521729,0.44604620337486267,-0.008361725136637688,0.6486082673072815,0.4649938941001892,-0.007750371471047401,0.6473536491394043,0.4849153757095337,-0.005524169187992811,0.6599555611610413,0.49021559953689575,-0.006464699748903513,0.6600967049598694,0.46446120738983154,-0.009076953865587711,0.6577223539352417,0.4713444709777832,-0.008300922811031342,0.6558555364608765,0.484064519405365,-0.0068239183165133,0.33620303869247437,0.5463061928749084,-1.1242420328017033e-07,0.31059110164642334,0.5185367465019226,-0.017105968669056892,0.29843470454216003,0.44469311833381653,-0.022259483113884926,0.3049410879611969,0.3837122917175293,-0.028131555765867233,0.32589489221572876,0.3618408441543579,-0.0318433977663517,0.30088290572166443,0.37118905782699585,0.005364737007766962,0.2953849732875824,0.3128356337547302,-0.00963261816650629,0.29132792353630066,0.3068293631076813,-0.02144473046064377,0.28920260071754456,0.32984697818756104,-0.026577232405543327,0.3179830014705658,0.36256134510040283,0.007418494671583176,0.3146202862262726,0.2861669659614563,-0.0063561368733644485,0.3102930784225464,0.29484498500823975,-0.015266012400388718,0.3081618845462799,0.33139529824256897,-0.017137812450528145,0.3371564447879791,0.368710458278656,0.005165701732039452,0.33889472484588623,0.294139564037323,-0.009810385294258595,0.3323163092136383,0.30505144596099854,-0.01658627949655056,0.32856911420822144,0.34321051836013794,-0.016245301812887192,0.3585170805454254,0.38283178210258484,0.0010379016166552901,0.36013054847717285,0.323197603225708,-0.010605902411043644,0.3543252646923065,0.3205535411834717,-0.015599345788359642,0.34947845339775085,0.34485891461372375,-0.01589296944439411
34,0.645165741443634,0.5694385766983032,-1.0522885673935889e-07,0.6279958486557007,0.5484011173248291,-0.005256891716271639,0.6203206777572632,0.5150179862976074,-0.008295766077935696,0.6286304593086243,0.49601656198501587,-0.012440625578165054,0.6398194432258606,0.5014208555221558,-0.015309453010559082,0.6287584900856018,0.47859013080596924,0.0011549947084859014,0.6292994618415833,0.4433249533176422,-0.006792482919991016,0.6283748745918274,0.4604160487651825,-0.012159070000052452,0.6278548240661621,0.4809210002422333,-0.014474792405962944,0.6391947865486145,0.47762754559516907,6.62142556393519e-05,0.640588641166687,0.4403880536556244,-0.007777292747050524,0.6393529176712036,0.4632309675216675,-0.010632152669131756,0.6387773156166077,0.4844913184642792,-0.010444226674735546,0.6494277119636536,0.4814981520175934,-0.0027019199915230274,0.6509020328521729,0.44604620337486267,-0.008361725136637688,0.6486082673072815,0.4649938941001892,-0.007750371471047401,0.6473536491394043,0.4849153757095337,-0.005524169187992811,0.6599555611610413,0.49021559953689575,-0.006464699748903513,0.6600967049598694,0.46446120738983154,-0.009076953865587711,0.6577223539352417,0.4713444709777832,-0.008300922811031342,0.6558555364608765,0.484064519405365,-0.0068239183165133,0.33620303869247437,0.5463061928749084,-1.1242420328017033e-07,0.31059110164642334,0.5185367465019226,-0.017105968669056892,0.29843470454216003,0.44469311833381653,-0.022259483113884926,0.3049410879611969,0.3837122917175293,-0.028131555765867233,0.32589489221572876,0.3618408441543579,-0.0318433977663517,0.30088290572166443,0.37118905782699585,0.005364737007766962,0.2953849732875824,0.3128356337547302,-0.00963261816650629,0.29132792353630066,0.3068293631076813,-0.02144473046064377,0.28920260071754456,0.32984697818756104,-0.026577232405543327,0.3179830014705658,0.36256134510040283,0.007418494671583176,0.3146202862262726,0.2861669659614563,-0.0063561368733644485,0.3102930784225464,0.29484498500823975,-0.015266012400388718,0.3081618845462799,0.33139529824256897,-0.017137812450528145,0.3371564447879791,0.368710458278656,0.005165701732039452,0.33889472484588623,0.294139564037323,-0.009810385294258595,0.3323163092136383,0.30505144596099854,-0.01658627949655056,0.32856911420822144,0.34321051836013794,-0.016245301812887192,0.3585170805454254,0.38283178210258484,0.0010379016166552901,0.36013054847717285,0.323197603225708,-0.010605902411043644,0.3543252646923065,0.3205535411834717,-0.015599345788359642,0.34947845339775085,0.34485891461372375,-0.01589296944439411
35,0.6455140113830566,0.5694335103034973,-9.876912798745252e-08,0.6280506253242493,0.5483322143554688,-0.005128128454089165,0.6201072335243225,0.5156316757202148,-0.008093759417533875,0.628070592880249,0.496025413274765,-0.012110002338886261,0.6394728422164917,0.4977714419364929,-0.014926562085747719,0.6274877786636353,0.4794618487358093,0.0004751035594381392,0.6284854412078857,0.44274887442588806,-0.007189234718680382,0.6285791397094727,0.4585033059120178,-0.012301119044423103,0.6281351447105408,0.47942739725112915,-0.014428636990487576,0.638202965259552,0.47810283303260803,-0.00046444404870271683,0.6400092244148254,0.43997564911842346,-0.007884515449404716,0.6398898959159851,0.4621095359325409,-0.01098641287535429,0.6393790245056152,0.483519583940506,-0.011254087090492249,0.6485975384712219,0.48145169019699097,-0.0029295284766703844,0.6502740383148193,0.44527319073677063,-0.008275352418422699,0.648813009262085,0.4640297293663025,-0.008130372501909733,0.6474418044090271,0.4843873977661133,-0.006454553920775652,0.6591787338256836,0.4896466135978699,-0.006309110671281815,0.6593112349510193,0.46369728446006775,-0.008926227688789368,0.6576894521713257,0.47046753764152527,-0.008459929376840591,0.6559591889381409,0.4831259250640869,-0.007306957151740789,0.33878496289253235,0.5398338437080383,-1.1033262126147747e-07,0.3139205574989319,0.5138413906097412,-0.017485812306404114,0.3016256093978882,0.43863314390182495,-0.023326799273490906,0.3092435598373413,0.3783244490623474,-0.0294585432857275,0.32967811822891235,0.3690357208251953,-0.033603183925151825,0.3075486421585083,0.37304461002349854,0.004416964948177338,0.30275440216064453,0.317998468875885,-0.010280792601406574,0.29747113585472107,0.31189587712287903,-0.02217208221554756,0.29456305503845215,0.33499717712402344,-0.027798661962151527,0.32318830490112305,0.36419087648391724,0.007075081579387188,0.32039523124694824,0.2916148900985718,-0.0064569441601634026,0.3151797652244568,0.29647788405418396,-0.015563052147626877,0.3124954104423523,0.33248773217201233,-0.018042631447315216,0.34048569202423096,0.3686850666999817,0.005527027416974306,0.3423727750778198,0.29489052295684814,-0.009043749421834946,0.3353962302207947,0.3037447929382324,-0.016159789636731148,0.3314133286476135,0.3424627482891083,-0.016485093161463737,0.3602624237537384,0.3808611333370209,0.0020378956105560064,0.35888659954071045,0.32164061069488525,-0.010113737545907497,0.3537429869174957,0.3217044770717621,-0.015802588313817978,0.349935382604599,0.34887444972991943,-0.016819166019558907
36,0.6453777551651001,0.5695003271102905,-1.0357880597666735e-07,0.6280192136764526,0.5488830208778381,-0.0052874465472996235,0.6202723979949951,0.5143623948097229,-0.00817482266575098,0.628815770149231,0.49461519718170166,-0.01210781466215849,0.6402603983879089,0.49943771958351135,-0.014818277209997177,0.6276366114616394,0.4786315858364105,0.000591894262470305,0.6285326480865479,0.44220656156539917,-0.007080360781401396,0.6283239126205444,0.4596894085407257,-0.012130058370530605,0.6279707551002502,0.48051169514656067,-0.014304802753031254,0.6383427381515503,0.4775209128856659,-0.00046604909584857523,0.6400855183601379,0.4390505254268646,-0.008041509427130222,0.6397114992141724,0.4627092480659485,-0.010783568024635315,0.6391911506652832,0.4844459891319275,-0.010636896826326847,0.6487764120101929,0.4813075363636017,-0.0031254685018211603,0.6503790616989136,0.445496141910553,-0.008650241419672966,0.6487310528755188,0.4660077393054962,-0.008124131709337234,0.6473293900489807,0.48638781905174255,-0.006079189013689756,0.6593621373176575,0.48972034454345703,-0.0067534432746469975,0.6594188213348389,0.4630541205406189,-0.009597278200089931,0.65742427110672,0.47248488664627075,-0.00890900008380413,0.6554349660873413,0.4872156083583832,-0.007544002961367369,0.3379553556442261,0.5456016659736633,-9.949999935088272e-08,0.3142039179801941,0.5202605724334717,-0.017895866185426712,0.30298176407814026,0.44263756275177,-0.023018667474389076,0.3100860118865967,0.38063088059425354,-0.028502212837338448,0.33144593238830566,0.3734329342842102,-0.03182588145136833,0.30708035826683044,0.37675631046295166,0.005822685081511736,0.301835298538208,0.320550799369812,-0.008203890174627304,0.2970237731933594,0.31286707520484924,-0.019306788221001625,0.2945252060890198,0.3346901834011078,-0.02432033233344555,0.32279616594314575,0.3667813837528229,0.008881117217242718,0.3195825219154358,0.29287195205688477,-0.004249732010066509,0.31417423486709595,0.29826122522354126,-0.012525649741292,0.3114253580570221,0.33411043882369995,-0.014036813750863075,0.3403012752532959,0.371000200510025,0.007573754992336035,0.3420927822589874,0.29604601860046387,-0.006831909995526075,0.3346808850765228,0.3063662350177765,-0.012850410304963589,0.3305462598800659,0.3450467884540558,-0.01199843268841505,0.36095577478408813,0.3827310800552368,0.004227060824632645,0.3608109652996063,0.3236260414123535,-0.007597553078085184,0.35523295402526855,0.32494673132896423,-0.012591778300702572,0.3510884642601013,0.3519858717918396,-0.012821470387279987
37,0.6453777551651001,0.5695003271102905,-1.0357880597666735e-07,0.6280192136764526,0.5488830208778381,-0.0052874465472996235,0.6202723979949951,0.5143623948097229,-0.00817482266575098,0.628815770149231,0.49461519718170166,-0.01210781466215849,0.6402603983879089,0.49943771958351135,-0.014818277209997177,0.6276366114616394,0.4786315858364105,0.000591894262470305,0.6285326480865479,0.44220656156539917,-0.007080360781401396,0.6283239126205444,0.4596894085407257,-0.012130058370530605,0.6279707551002502,0.48051169514656067,-0.014304802753031254,0.6383427381515503,0.4775209128856659,-0.00046604909584857523,0.6400855183601379,0.4390505254268646,-0.008041509427130222,0.6397114992141724,0.4627092480659485,-0.010783568024635315,0.6391911506652832,0.4844459891319275,-0.010636896826326847,0.6487764120101929,0.4813075363636017,-0.0031254685018211603,0.6503790616989136,0.445496141910553,-0.008650241419672966,0.6487310528755188,0.4660077393054962,-0.008124131709337234,0.6473293900489807,0.48638781905174255,-0.006079189013689756,0.6593621373176575,0.48972034454345703,-0.0067534432746469975,0.6594188213348389,0.4630541205406189,-0.009597278200089931,0.65742427110672,0.47248488664627075,-0.00890900008380413,0.6554349660873413,0.4872156083583832,-0.007544002961367369,0.3379553556442261,0.5456016659736633,-9.949999935088272e-08,0.3142039179801941,0.5202605724334717,-0.017895866185426712,0.30298176407814026,0.44263756275177,-0.023018667474389076,0.3100860118865967,0.38063088059425354,-0.028502212837338448,0.33144593238830566,0.3734329342842102,-0.03182588145136833,0.30708035826683044,0.37675631046295166,0.005822685081511736,0.301835298538208,0.320550799369812,-0.008203890174627304,0.2970237731933594,0.31286707520484924,-0.019306788221001625,0.2945252060890198,0.3346901834011078,-0.02432033233344555,0.32279616594314575,0.3667813837528229,0.008881117217242718,0.3195825219154358,0.29287195205688477,-0.004249732010066509,0.31417423486709595,0.29826122522354126,-0.012525649741292,0.3114253580570221,0.33411043882369995,-0.014036813750863075,0.3403012752532959,0.371000200510025,0.007573754992336035,0.3420927822589874,0.29604601860046387,-0.006831909995526075,0.3346808850765228,0.3063662350177765,-0.012850410304963589,0.3305462598800659,0.3450467884540558,-0.01199843268841505,0.36095577478408813,0.3827310800552368,0.004227060824632645,0.3608109652996063,0.3236260414123535,-0.007597553078085184,0.35523295402526855,0.32494673132896423,-0.012591778300702572,0.3510884642601013,0.3519858717918396,-0.012821470387279987
38,0.6449338793754578,0.5696032643318176,-9.900586661615307e-08,0.6269920468330383,0.5497544407844543,-0.005703492555767298,0.6195487976074219,0.5150402784347534,-0.0087720463052392,0.6285417675971985,0.4957563877105713,-0.012905840761959553,0.6401269435882568,0.5023026466369629,-0.015935463830828667,0.6269413232803345,0.479580819606781,0.0005203259061090648,0.6273300647735596,0.44262564182281494,-0.007500731386244297,0.6273057460784912,0.4591655433177948,-0.013091837987303734,0.6273379921913147,0.47984635829925537,-0.015636958181858063,0.6377332806587219,0.47824129462242126,-0.0003331138868816197,0.6391820907592773,0.4392753541469574,-0.007873689755797386,0.6387879848480225,0.46172788739204407,-0.010788294486701488,0.6385504603385925,0.4832538962364197,-0.010816195048391819,0.6483655571937561,0.4821799099445343,-0.0028729678597301245,0.6499444246292114,0.4443429708480835,-0.008473826572299004,0.6480823755264282,0.46419066190719604,-0.008059809915721416,0.6468827128410339,0.48512744903564453,-0.006088718306273222,0.659062922000885,0.4907265901565552,-0.00645232992246747,0.6593915820121765,0.46429169178009033,-0.009696309454739094,0.6570207476615906,0.4730224013328552,-0.009342641569674015,0.655100405216217,0.4877418577671051,-0.008146129548549652,0.3392865061759949,0.5546423196792603,-8.176694876738111e-08,0.31507736444473267,0.5230433940887451,-0.01683715730905533,0.30341002345085144,0.4506685137748718,-0.02176295779645443,0.309095561504364,0.39005380868911743,-0.027123115956783295,0.3266490399837494,0.36798790097236633,-0.030612286180257797,0.30741792917251587,0.3792088031768799,0.008121076971292496,0.30295106768608093,0.3255915343761444,-0.004546430893242359,0.29781556129455566,0.31263935565948486,-0.016585104167461395,0.2939163148403168,0.32748571038246155,-0.02278624288737774,0.3239315152168274,0.37139880657196045,0.010754297487437725,0.3212570250034332,0.3013850450515747,0.00029057098436169326,0.3175026774406433,0.2967526316642761,-0.009423833340406418,0.31368356943130493,0.32321006059646606,-0.013610603287816048,0.3418113589286804,0.3784539997577667,0.00906037911772728,0.3432740271091461,0.3070250153541565,-0.0030825301073491573,0.33853858709335327,0.3042411804199219,-0.011938922107219696,0.33377963304519653,0.33329012989997864,-0.014646255411207676,0.36169981956481934,0.3939283490180969,0.005485805682837963,0.3625263571739197,0.3370248079299927,-0.004790366627275944,0.3590872287750244,0.32535505294799805,-0.011188732460141182,0.35464155673980713,0.3403404951095581,-0.01359539944678545
39,0.6450659036636353,0.569896399974823,-9.486148400128513e-08,0.6277454495429993,0.5490692257881165,-0.005127836484462023,0.6201834082603455,0.5139725804328918,-0.007903260178864002,0.6288949251174927,0.4947534203529358,-0.01177464984357357,0.6402757167816162,0.5016829371452332,-0.014465192332863808,0.6278202533721924,0.4781638979911804,0.0011600395664572716,0.628615140914917,0.44250768423080444,-0.006322013214230537,0.6282764673233032,0.45830038189888,-0.011476806364953518,0.628095269203186,0.4785582721233368,-0.013791201636195183,0.6384441256523132,0.4771846532821655,5.399569636210799e-05,0.6399029493331909,0.4389230012893677,-0.0072195339016616344,0.6394354701042175,0.4606781601905823,-0.009948821738362312,0.6391026973724365,0.4824105501174927,-0.009843929670751095,0.6489150524139404,0.4814727306365967,-0.002676191972568631,0.6505290269851685,0.4451485574245453,-0.007921358570456505,0.6488595008850098,0.46381843090057373,-0.0075350068509578705,0.647621750831604,0.4841327965259552,-0.005637947004288435,0.6596043109893799,0.4903152883052826,-0.006392223294824362,0.6600834727287292,0.4634768068790436,-0.009031728841364384,0.6578609347343445,0.47116532921791077,-0.008460843935608864,0.6558088064193726,0.4855414927005768,-0.007219279184937477,0.338701993227005,0.5448813438415527,-1.0308140474535321e-07,0.31427353620529175,0.5168782472610474,-0.017058400437235832,0.30391645431518555,0.4395163655281067,-0.021580813452601433,0.3120534121990204,0.3772226870059967,-0.026676544919610023,0.3326452374458313,0.3708608150482178,-0.029528839513659477,0.3086181581020355,0.3738810420036316,0.007403841242194176,0.30483362078666687,0.31844767928123474,-0.006107585038989782,0.29958003759384155,0.31115594506263733,-0.016942040994763374,0.29592400789260864,0.3330051898956299,-0.0217033252120018,0.3249245285987854,0.3652781546115875,0.010293050669133663,0.32295089960098267,0.29445576667785645,-0.0022124492097646,0.3166782259941101,0.300487220287323,-0.009957440197467804,0.31294724345207214,0.33475247025489807,-0.011035054922103882,0.3427635431289673,0.37058401107788086,0.008822083473205566,0.3451347351074219,0.2988949418067932,-0.004818500950932503,0.33743566274642944,0.3081195056438446,-0.010414819233119488,0.33287864923477173,0.3457123339176178,-0.009264924563467503,0.36319804191589355,0.38329488039016724,0.005295362789183855,0.3645150661468506,0.3254479765892029,-0.00549667701125145,0.35900387167930603,0.323449045419693,-0.010112380608916283,0.3544335961341858,0.34815287590026855,-0.010132143273949623
40,0.6449707746505737,0.5693946480751038,-8.936740414355882e-08,0.6276103258132935,0.5494383573532104,-0.00562007911503315,0.620387077331543,0.5141450762748718,-0.008395843207836151,0.6299134492874146,0.49634119868278503,-0.012208884581923485,0.6418718099594116,0.5047556161880493,-0.014789565466344357,0.6285818815231323,0.4779289662837982,0.0013278647093102336,0.628890872001648,0.4421738088130951,-0.006542247254401445,0.628288745880127,0.45806440711021423,-0.011996092274785042,0.6283358931541443,0.47806796431541443,-0.014435505494475365,0.6391396522521973,0.4772096574306488,0.0004969125147908926,0.6399593353271484,0.43973857164382935,-0.007220186293125153,0.6391933560371399,0.4612381160259247,-0.010145671665668488,0.6394332051277161,0.48263776302337646,-0.009966126643121243,0.6495378613471985,0.48173588514328003,-0.0021135725546628237,0.6508188247680664,0.44521546363830566,-0.0076517811976373196,0.648890495300293,0.463222861289978,-0.007635017856955528,0.6482259631156921,0.48356762528419495,-0.005794284399598837,0.6603606343269348,0.49063658714294434,-0.005784326232969761,0.6606830954551697,0.4640100598335266,-0.008819016627967358,0.6581522226333618,0.4703764319419861,-0.008817015215754509,0.6564894914627075,0.48416855931282043,-0.007819234393537045,0.339338093996048,0.5457690954208374,-1.0531213945341733e-07,0.3159407675266266,0.5193600058555603,-0.017311550676822662,0.30521160364151,0.444684237241745,-0.022035321220755577,0.311545729637146,0.3822270631790161,-0.027167899534106255,0.3285740911960602,0.3654122054576874,-0.03019234724342823,0.3099263608455658,0.37849390506744385,0.006304676178842783,0.3050934970378876,0.32408398389816284,-0.007054001558572054,0.29978665709495544,0.31383824348449707,-0.017955999821424484,0.2961634695529938,0.331073135137558,-0.023058975115418434,0.32593458890914917,0.36888524889945984,0.009030129760503769,0.324224054813385,0.2962382137775421,-0.0034157996997237206,0.3180658221244812,0.30071043968200684,-0.011321245692670345,0.31478431820869446,0.3313996493816376,-0.01286186370998621,0.34371069073677063,0.37258023023605347,0.007438581436872482,0.34573665261268616,0.3005729913711548,-0.006235848180949688,0.3387492597103119,0.307550311088562,-0.012131834402680397,0.3348083198070526,0.34193962812423706,-0.011548805981874466,0.3641151487827301,0.38455119729042053,0.0038127137813717127,0.3653255105018616,0.3255772888660431,-0.006993522401899099,0.3600462079048157,0.3203253149986267,-0.011553728953003883,0.3555980324745178,0.34111344814300537,-0.011844134889543056
