frame,feature_0,feature_1,feature_2,feature_3,feature_4,feature_5,feature_6,feature_7,feature_8,feature_9,feature_10,feature_11,feature_12,feature_13,feature_14,feature_15,feature_16,feature_17,feature_18,feature_19,feature_20,feature_21,feature_22,feature_23,feature_24,feature_25,feature_26,feature_27,feature_28,feature_29,feature_30,feature_31,feature_32,feature_33,feature_34,feature_35,feature_36,feature_37,feature_38,feature_39,feature_40,feature_41,feature_42,feature_43,feature_44,feature_45,feature_46,feature_47,feature_48,feature_49,feature_50,feature_51,feature_52,feature_53,feature_54,feature_55,feature_56,feature_57,feature_58,feature_59,feature_60,feature_61,feature_62,feature_63,feature_64,feature_65,feature_66,feature_67,feature_68,feature_69,feature_70,feature_71,feature_72,feature_73,feature_74,feature_75,feature_76,feature_77,feature_78,feature_79,feature_80,feature_81,feature_82,feature_83,feature_84,feature_85,feature_86,feature_87,feature_88,feature_89,feature_90,feature_91,feature_92,feature_93,feature_94,feature_95,feature_96,feature_97,feature_98,feature_99,feature_100,feature_101,feature_102,feature_103,feature_104,feature_105,feature_106,feature_107,feature_108,feature_109,feature_110,feature_111,feature_112,feature_113,feature_114,feature_115,feature_116,feature_117,feature_118,feature_119,feature_120,feature_121,feature_122,feature_123,feature_124,feature_125
1,0.258076936006546,0.46039706468582153,-1.2503760160598176e-07,0.2364363670349121,0.44780343770980835,-0.005352172069251537,0.22569617629051208,0.4050258696079254,-0.006086553446948528,0.23238666355609894,0.3728763461112976,-0.007746078539639711,0.24768325686454773,0.3715076148509979,-0.008260630071163177,0.2363511174917221,0.364452600479126,0.0022915760055184364,0.23162686824798584,0.321725457906723,-0.005617947317659855,0.2234804928302765,0.3301989436149597,-0.01013302244246006,0.2232300192117691,0.3504500985145569,-0.011747444048523903,0.24906881153583527,0.3593471646308899,0.0008931617485359311,0.24515794217586517,0.3097514808177948,-0.007890958338975906,0.23467764258384705,0.3210313320159912,-0.010311654768884182,0.23378878831863403,0.3453536629676819,-0.008557667024433613,0.2620958089828491,0.3626605272293091,-0.002413505222648382,0.2619880139827728,0.3137913644313812,-0.011349808424711227,0.25080606341362,0.32367220520973206,-0.012568116188049316,0.24907857179641724,0.3460477590560913,-0.01008201576769352,0.2752247750759125,0.3725586533546448,-0.006460243370383978,0.2712464928627014,0.341987669467926,-0.01414601318538189,0.2612203359603882,0.34150004386901855,-0.01618470437824726,0.25802186131477356,0.354206919670105,-0.015196098946034908,0.7915740013122559,0.6394971609115601,-2.508503200715495e-07,0.767659068107605,0.6084163784980774,-0.01012190617620945,0.755253791809082,0.5558525919914246,-0.015790343284606934,0.7691937685012817,0.5318619608879089,-0.021877581253647804,0.7882694005966187,0.5493813753128052,-0.02563231997191906,0.7738667726516724,0.4936204254627228,-0.0024925335310399532,0.7743700742721558,0.4450770318508148,-0.015991928055882454,0.7683870792388916,0.48144108057022095,-0.024428175762295723,0.7674940228462219,0.5101927518844604,-0.028765305876731873,0.7921578288078308,0.4977206885814667,-0.0037171728909015656,0.7941513061523438,0.445834755897522,-0.016309136524796486,0.7857740521430969,0.49016204476356506,-0.01862185262143612,0.7841091752052307,0.5186451077461243,-0.01712094061076641,0.808573842048645,0.5105431079864502,-0.0077240983955562115,0.8133285641670227,0.46186938881874084,-0.019610919058322906,0.8034950494766235,0.4991234540939331,-0.01651524007320404,0.800471842288971,0.5276237726211548,-0.011180225759744644,0.8246361613273621,0.5331295132637024,-0.013105993159115314,0.8272213339805603,0.49299588799476624,-0.02203875221312046,0.816846489906311,0.5129953026771545,-0.020461104810237885,0.811255156993866,0.5361050367355347,-0.017054066061973572
2,0.7910794019699097,0.6391564011573792,-2.4367415107917623e-07,0.76725834608078,0.6068539619445801,-0.010440662503242493,0.7554895877838135,0.554537296295166,-0.016368871554732323,0.7711599469184875,0.5321193933486938,-0.02263513393700123,0.7902651429176331,0.5522208213806152,-0.026626717299222946,0.7742620706558228,0.49403485655784607,-0.0031134982127696276,0.7750746607780457,0.4458475112915039,-0.01636102795600891,0.7690579295158386,0.4833635091781616,-0.024744587019085884,0.7678532004356384,0.5121628642082214,-0.0291428342461586,0.7925100922584534,0.49865207076072693,-0.004125011619180441,0.7945202589035034,0.44719213247299194,-0.016447938978672028,0.7863667011260986,0.49103742837905884,-0.01882295496761799,0.7843325734138489,0.5192581415176392,-0.017522333189845085,0.8089581727981567,0.5115644335746765,-0.007869532331824303,0.813647985458374,0.4635388255119324,-0.019193030893802643,0.8039047122001648,0.5004929304122925,-0.016171565279364586,0.8005669713020325,0.5287103652954102,-0.011119203642010689,0.8252495527267456,0.5338982939720154,-0.013045878149569035,0.82769376039505,0.4938569664955139,-0.021482329815626144,0.8169756531715393,0.5142484307289124,-0.019794899970293045,0.8109285831451416,0.5375839471817017,-0.0164715014398098,0.2590469419956207,0.46011051535606384,-5.906685984768956e-08,0.23762257397174835,0.44733926653862,-0.006282904651015997,0.2258336991071701,0.4074563682079315,-0.008091563358902931,0.23129896819591522,0.37678512930870056,-0.01041207741945982,0.24638719856739044,0.37281253933906555,-0.011758013628423214,0.23837508261203766,0.3669656217098236,-7.69339021644555e-05,0.2341550886631012,0.32830601930618286,-0.007911322638392448,0.2245185673236847,0.3303668797016144,-0.013269532471895218,0.2221229374408722,0.3468325734138489,-0.015768589451909065,0.25044575333595276,0.3619447648525238,-0.0013458558823913336,0.24720701575279236,0.317099392414093,-0.008986328728497028,0.23578758537769318,0.3206009864807129,-0.012526980601251125,0.2332286238670349,0.34360769391059875,-0.012548974715173244,0.26277509331703186,0.36569809913635254,-0.00433352030813694,0.26249921321868896,0.31894582509994507,-0.012049103155732155,0.25214579701423645,0.3260420858860016,-0.014268068596720695,0.25069594383239746,0.3499462902545929,-0.013425372540950775,0.2753680348396301,0.3773394227027893,-0.008162520825862885,0.27090051770210266,0.3484407663345337,-0.016185760498046875,0.2602683901786804,0.34912732243537903,-0.018761495128273964,0.2559433579444885,0.3651057481765747,-0.01844174414873123
3,0.7907881736755371,0.638321042060852,-2.545511108564824e-07,0.7668250203132629,0.6072880625724792,-0.010897492058575153,0.7544217705726624,0.5553727149963379,-0.016895173117518425,0.7697296738624573,0.5317883491516113,-0.023147067055106163,0.7899787425994873,0.5484305620193481,-0.026932455599308014,0.7743311524391174,0.49162912368774414,-0.0025719867553561926,0.7750914692878723,0.44311219453811646,-0.016892211511731148,0.7690554857254028,0.48050200939178467,-0.025957711040973663,0.7681020498275757,0.5094224810600281,-0.030530475080013275,0.7925896048545837,0.4966026842594147,-0.0033123348839581013,0.7951788902282715,0.4447289705276489,-0.016317211091518402,0.7863124012947083,0.48843252658843994,-0.01884876750409603,0.7842598557472229,0.5169363021850586,-0.01746799424290657,0.809050440788269,0.5096447467803955,-0.0070387572050094604,0.8141749501228333,0.461508572101593,-0.019342711195349693,0.8031359910964966,0.49896177649497986,-0.016246778890490532,0.7994897961616516,0.5277495980262756,-0.01077396422624588,0.8257305026054382,0.5325462222099304,-0.012242043390870094,0.8279524445533752,0.49325573444366455,-0.021345214918255806,0.8166320323944092,0.5141295194625854,-0.01978115364909172,0.8106709718704224,0.5372868776321411,-0.016297178342938423,0.2633918225765228,0.46063297986984253,-1.0556453133858668e-07,0.2400912195444107,0.44872838258743286,-0.0074475654400885105,0.22770455479621887,0.407145619392395,-0.009300824254751205,0.23437418043613434,0.37482815980911255,-0.011787411756813526,0.250285267829895,0.37376293540000916,-0.012958710081875324,0.23976381123065948,0.3626900017261505,0.0010591057362034917,0.2355935424566269,0.32203996181488037,-0.007358320523053408,0.2259710133075714,0.3291328251361847,-0.012280778959393501,0.224175825715065,0.3493427038192749,-0.013998977839946747,0.2516346573829651,0.3564492464065552,0.0005328493425622582,0.24791990220546722,0.30989325046539307,-0.00829533115029335,0.23621752858161926,0.3207026422023773,-0.010344678536057472,0.23424331843852997,0.34737321734428406,-0.008305628784000874,0.26372024416923523,0.35908499360084534,-0.002241219859570265,0.26309362053871155,0.31363531947135925,-0.01123502105474472,0.25217321515083313,0.32490023970603943,-0.012068088166415691,0.2512376308441162,0.35050153732299805,-0.009194412268698215,0.2766343057155609,0.36760208010673523,-0.00602857768535614,0.27426156401634216,0.3343751132488251,-0.013433380983769894,0.26538580656051636,0.33574625849723816,-0.014959823340177536,0.26338765025138855,0.35252732038497925,-0.013566588051617146
4,0.7915391325950623,0.6373133659362793,-2.5917981361089915e-07,0.7679623365402222,0.6062310934066772,-0.010535385459661484,0.7552562952041626,0.5542998909950256,-0.016430584713816643,0.7697327733039856,0.5303158760070801,-0.022707754746079445,0.7899230718612671,0.546212911605835,-0.026540303602814674,0.7747763991355896,0.4923273026943207,-0.002557576633989811,0.7754338979721069,0.4422742426395416,-0.01697768084704876,0.769315242767334,0.47856664657592773,-0.025872021913528442,0.7684102654457092,0.5069270133972168,-0.03025500476360321,0.7929316163063049,0.4969675838947296,-0.003432010766118765,0.79510098695755,0.4442296624183655,-0.01640460453927517,0.7862074971199036,0.48717519640922546,-0.01868235506117344,0.784457802772522,0.5152667760848999,-0.017139913514256477,0.8095735907554626,0.5096030831336975,-0.0072911265306174755,0.8143327236175537,0.45990756154060364,-0.019542532041668892,0.8033438920974731,0.4969533681869507,-0.0162192452698946,0.8000705242156982,0.5253835320472717,-0.01062291394919157,0.8263445496559143,0.5316445827484131,-0.012596088461577892,0.8282851576805115,0.4918041229248047,-0.021528076380491257,0.8168279528617859,0.5126234889030457,-0.019788609817624092,0.811130166053772,0.5357970595359802,-0.01621604897081852,0.2636166214942932,0.46195176243782043,-1.2667369730934297e-07,0.24094928801059723,0.44838324189186096,-0.005966584663838148,0.23004689812660217,0.40466150641441345,-0.007144141476601362,0.23719026148319244,0.37214329838752747,-0.009421863593161106,0.251858651638031,0.37201127409935,-0.01032324880361557,0.24015957117080688,0.36364659667015076,0.0029447460547089577,0.23639129102230072,0.31919798254966736,-0.004771921318024397,0.22793422639369965,0.329987496137619,-0.009329398162662983,0.22773006558418274,0.35090014338493347,-0.011091753840446472,0.25201091170310974,0.3586536645889282,0.0016472666757181287,0.24893178045749664,0.30730193853378296,-0.007224075496196747,0.23834536969661713,0.3210294246673584,-0.009598718024790287,0.23785711824893951,0.3461214303970337,-0.007942678406834602,0.2641904652118683,0.3609248995780945,-0.0017244870541617274,0.26508209109306335,0.310366690158844,-0.010321036912500858,0.2545950412750244,0.32362258434295654,-0.011089393869042397,0.253795325756073,0.34825265407562256,-0.008485444821417332,0.2774006724357605,0.3686577081680298,-0.006053243298083544,0.2769438326358795,0.33342134952545166,-0.012631331570446491,0.26746317744255066,0.3363190293312073,-0.013955828733742237,0.2643713355064392,0.3533502221107483,-0.012892225757241249
5,0.7915391325950623,0.6373133659362793,-2.5917981361089915e-07,0.7679623365402222,0.6062310934066772,-0.010535385459661484,0.7552562952041626,0.5542998909950256,-0.016430584713816643,0.7697327733039856,0.5303158760070801,-0.022707754746079445,0.7899230718612671,0.546212911605835,-0.026540303602814674,0.7747763991355896,0.4923273026943207,-0.002557576633989811,0.7754338979721069,0.4422742426395416,-0.01697768084704876,0.769315242767334,0.47856664657592773,-0.025872021913528442,0.7684102654457092,0.5069270133972168,-0.03025500476360321,0.7929316163063049,0.4969675838947296,-0.003432010766118765,0.79510098695755,0.4442296624183655,-0.01640460453927517,0.7862074971199036,0.48717519640922546,-0.01868235506117344,0.784457802772522,0.5152667760848999,-0.017139913514256477,0.8095735907554626,0.5096030831336975,-0.0072911265306174755,0.8143327236175537,0.45990756154060364,-0.019542532041668892,0.8033438920974731,0.4969533681869507,-0.0162192452698946,0.8000705242156982,0.5253835320472717,-0.01062291394919157,0.8263445496559143,0.5316445827484131,-0.012596088461577892,0.8282851576805115,0.4918041229248047,-0.021528076380491257,0.8168279528617859,0.5126234889030457,-0.019788609817624092,0.811130166053772,0.5357970595359802,-0.01621604897081852,0.2636166214942932,0.46195176243782043,-1.2667369730934297e-07,0.24094928801059723,0.44838324189186096,-0.005966584663838148,0.23004689812660217,0.40466150641441345,-0.007144141476601362,0.23719026148319244,0.37214329838752747,-0.009421863593161106,0.251858651638031,0.37201127409935,-0.01032324880361557,0.24015957117080688,0.36364659667015076,0.0029447460547089577,0.23639129102230072,0.31919798254966736,-0.004771921318024397,0.22793422639369965,0.329987496137619,-0.009329398162662983,0.22773006558418274,0.35090014338493347,-0.011091753840446472,0.25201091170310974,0.3586536645889282,0.0016472666757181287,0.24893178045749664,0.30730193853378296,-0.007224075496196747,0.23834536969661713,0.3210294246673584,-0.009598718024790287,0.23785711824893951,0.3461214303970337,-0.007942678406834602,0.2641904652118683,0.3609248995780945,-0.0017244870541617274,0.26508209109306335,0.310366690158844,-0.010321036912500858,0.2545950412750244,0.32362258434295654,-0.011089393869042397,0.253795325756073,0.34825265407562256,-0.008485444821417332,0.2774006724357605,0.3686577081680298,-0.006053243298083544,0.2769438326358795,0.33342134952545166,-0.012631331570446491,0.26746317744255066,0.3363190293312073,-0.013955828733742237,0.2643713355064392,0.3533502221107483,-0.012892225757241249
6,0.7927789688110352,0.6350710391998291,-2.5269099523939076e-07,0.7699189186096191,0.6022321581840515,-0.00974021852016449,0.7586619853973389,0.5511270761489868,-0.015530910342931747,0.7740539312362671,0.5297198295593262,-0.022070640698075294,0.7939376831054688,0.5487789511680603,-0.026386572048068047,0.7755199670791626,0.4905310869216919,-0.001915346714667976,0.7766265869140625,0.4415632486343384,-0.015577932819724083,0.7708795666694641,0.4779976010322571,-0.02436630055308342,0.7702051997184753,0.507419228553772,-0.028923723846673965,0.7936882376670837,0.49497368931770325,-0.003318279981613159,0.7965133190155029,0.4439532458782196,-0.01610557921230793,0.788296639919281,0.4881678819656372,-0.018798906356096268,0.7866467833518982,0.5175841450691223,-0.01759875752031803,0.8101732730865479,0.5077087879180908,-0.007535184267908335,0.8162842392921448,0.4563558101654053,-0.018997715786099434,0.8059476017951965,0.49237170815467834,-0.01610381342470646,0.8023602962493896,0.5220427513122559,-0.01102591771632433,0.8263118267059326,0.5297998785972595,-0.01318398304283619,0.829728901386261,0.48919564485549927,-0.021611835807561874,0.8188297748565674,0.5084677338600159,-0.020249906927347183,0.8127949237823486,0.5327408909797668,-0.017107713967561722,0.27088528871536255,0.4605838656425476,-1.3814658927913115e-07,0.24795864522457123,0.4492102861404419,-0.0067691076546907425,0.2355581670999527,0.406219482421875,-0.008735042065382004,0.24235816299915314,0.3715054988861084,-0.011869272217154503,0.2591983377933502,0.3703668415546417,-0.01334272138774395,0.24485847353935242,0.3601333200931549,0.0017720963805913925,0.24083556234836578,0.31581583619117737,-0.007257863879203796,0.23222564160823822,0.3298184275627136,-0.012360550463199615,0.23178404569625854,0.35174646973609924,-0.014269816689193249,0.2572222352027893,0.35485899448394775,0.0005431156023405492,0.25398701429367065,0.3031097650527954,-0.009210892952978611,0.24308612942695618,0.3184090256690979,-0.011768770404160023,0.2425263673067093,0.34195682406425476,-0.010148836299777031,0.2696090042591095,0.35725051164627075,-0.002900556195527315,0.26943814754486084,0.3090447783470154,-0.011697746813297272,0.25811198353767395,0.3231930732727051,-0.012431786395609379,0.2563994824886322,0.34642302989959717,-0.009647099301218987,0.28300634026527405,0.3650885820388794,-0.007476890459656715,0.28361397981643677,0.3293544054031372,-0.01341305859386921,0.27531328797340393,0.32881325483322144,-0.014915144070982933,0.2724190056324005,0.3424907326698303,-0.01398871187120676
7,0.7943412661552429,0.6371632814407349,-2.507509293536714e-07,0.7709014415740967,0.6031045913696289,-0.010299266315996647,0.7597185373306274,0.5505032539367676,-0.01648983731865883,0.7746200561523438,0.5303460955619812,-0.023416807875037193,0.7940187454223633,0.5512480735778809,-0.028047824278473854,0.7767627239227295,0.4906351566314697,-0.0024328744038939476,0.77777099609375,0.44100093841552734,-0.01622040569782257,0.7719340920448303,0.47776123881340027,-0.024894308298826218,0.7708858251571655,0.5073272585868835,-0.029327677562832832,0.7948746085166931,0.49518561363220215,-0.0036842229310423136,0.7975572347640991,0.4430917501449585,-0.01675773784518242,0.7891128659248352,0.4868888556957245,-0.019481858238577843,0.7867715358734131,0.516374945640564,-0.018252352252602577,0.8115313053131104,0.5078049302101135,-0.007813478820025921,0.8171663880348206,0.4570130705833435,-0.019526692107319832,0.8067047595977783,0.49360182881355286,-0.01686374843120575,0.8025990128517151,0.5233327150344849,-0.011849545873701572,0.8279703259468079,0.5291987657546997,-0.013424774631857872,0.830869197845459,0.48977819085121155,-0.02168424427509308,0.8201489448547363,0.5090796947479248,-0.020432718098163605,0.814106285572052,0.5324791073799133,-0.017443088814616203,0.27629348635673523,0.46466732025146484,-1.3191893799557874e-07,0.2520759403705597,0.4491683840751648,-0.00746111199259758,0.23899096250534058,0.4070664942264557,-0.009938662871718407,0.24587053060531616,0.37160947918891907,-0.013455293141305447,0.26186081767082214,0.3696497678756714,-0.015196602791547775,0.2481655478477478,0.3607167601585388,0.001262084231711924,0.24333636462688446,0.31676629185676575,-0.008267279714345932,0.2341528832912445,0.32940492033958435,-0.013965296559035778,0.23267719149589539,0.35247480869293213,-0.01594644784927368,0.260072261095047,0.35570067167282104,0.00061043567257002,0.2563330829143524,0.304218053817749,-0.008797688409686089,0.24509745836257935,0.31733736395835876,-0.011179592460393906,0.2437460720539093,0.34234222769737244,-0.009494833648204803,0.27232715487480164,0.3582322895526886,-0.0023480113595724106,0.2713760435581207,0.31149908900260925,-0.010788016021251678,0.2604478895664215,0.32296276092529297,-0.011542849242687225,0.25866639614105225,0.34634512662887573,-0.00879020057618618,0.28599733114242554,0.36589476466178894,-0.006521949078887701,0.28743651509284973,0.3302878141403198,-0.011950313113629818,0.27895334362983704,0.32780471444129944,-0.013127101585268974,0.2743525803089142,0.34137657284736633,-0.012005999684333801
8,0.7947908639907837,0.6365899443626404,-2.556152765009756e-07,0.771618127822876,0.6023585200309753,-0.009710744023323059,0.7592864036560059,0.551230788230896,-0.015711389482021332,0.7738175392150879,0.52750563621521,-0.022319220006465912,0.7937047481536865,0.5451662540435791,-0.026522861793637276,0.7780366539955139,0.48974406719207764,-0.0021265619434416294,0.7785694599151611,0.4407212436199188,-0.016064124181866646,0.7728121280670166,0.4776143431663513,-0.024969520047307014,0.7722172737121582,0.505830705165863,-0.02959984540939331,0.7960551381111145,0.49443864822387695,-0.003529926296323538,0.7981476187705994,0.4424991309642792,-0.0159340538084507,0.7896775603294373,0.4867232143878937,-0.018186276778578758,0.7881335020065308,0.5143367648124695,-0.016942564398050308,0.8127763271331787,0.5070372819900513,-0.007746296934783459,0.8175085783004761,0.45707207918167114,-0.018924443051218987,0.806800365447998,0.494270920753479,-0.015203318558633327,0.8035420775413513,0.5226207971572876,-0.009761634282767773,0.8293525576591492,0.5289907455444336,-0.013416173867881298,0.8318012952804565,0.48865628242492676,-0.02117336168885231,0.8204923272132874,0.5090140700340271,-0.018852263689041138,0.8146264553070068,0.5324046015739441,-0.015181712806224823,0.277388334274292,0.45903632044792175,-1.4190932517976762e-07,0.25481462478637695,0.44592195749282837,-0.0067057376727461815,0.24243256449699402,0.40511345863342285,-0.008762584067881107,0.24903728067874908,0.3711533546447754,-0.011812570504844189,0.26484429836273193,0.36417844891548157,-0.013402538374066353,0.2515373229980469,0.36044466495513916,0.0010581845417618752,0.24681846797466278,0.3176591992378235,-0.008041302673518658,0.23718634247779846,0.3280925452709198,-0.013477679342031479,0.23529481887817383,0.3501430153846741,-0.015387159772217274,0.2632650136947632,0.3558715581893921,0.00010289846250088885,0.2589433193206787,0.30465760827064514,-0.008884593844413757,0.24783539772033691,0.3160635232925415,-0.011444030329585075,0.24677717685699463,0.3402087688446045,-0.010203234851360321,0.275459885597229,0.3585130572319031,-0.002982400357723236,0.2742285132408142,0.310288667678833,-0.011500062420964241,0.2636529505252838,0.3218953609466553,-0.012431717477738857,0.2625890374183655,0.34540942311286926,-0.010072742588818073,0.28918200731277466,0.3660508394241333,-0.0070647671818733215,0.2891760468482971,0.3288477659225464,-0.013006232678890228,0.280784547328949,0.32845520973205566,-0.014084969647228718,0.27756303548812866,0.3434474766254425,-0.01300538145005703
9,0.7947908639907837,0.6365899443626404,-2.556152765009756e-07,0.771618127822876,0.6023585200309753,-0.009710744023323059,0.7592864036560059,0.551230788230896,-0.015711389482021332,0.7738175392150879,0.52750563621521,-0.022319220006465912,0.7937047481536865,0.5451662540435791,-0.026522861793637276,0.7780366539955139,0.48974406719207764,-0.0021265619434416294,0.7785694599151611,0.4407212436199188,-0.016064124181866646,0.7728121280670166,0.4776143431663513,-0.024969520047307014,0.7722172737121582,0.505830705165863,-0.02959984540939331,0.7960551381111145,0.49443864822387695,-0.003529926296323538,0.7981476187705994,0.4424991309642792,-0.0159340538084507,0.7896775603294373,0.4867232143878937,-0.018186276778578758,0.7881335020065308,0.5143367648124695,-0.016942564398050308,0.8127763271331787,0.5070372819900513,-0.007746296934783459,0.8175085783004761,0.45707207918167114,-0.018924443051218987,0.806800365447998,0.494270920753479,-0.015203318558633327,0.8035420775413513,0.5226207971572876,-0.009761634282767773,0.8293525576591492,0.5289907455444336,-0.013416173867881298,0.8318012952804565,0.48865628242492676,-0.02117336168885231,0.8204923272132874,0.5090140700340271,-0.018852263689041138,0.8146264553070068,0.5324046015739441,-0.015181712806224823,0.277388334274292,0.45903632044792175,-1.4190932517976762e-07,0.25481462478637695,0.44592195749282837,-0.0067057376727461815,0.24243256449699402,0.40511345863342285,-0.008762584067881107,0.24903728067874908,0.3711533546447754,-0.011812570504844189,0.26484429836273193,0.36417844891548157,-0.013402538374066353,0.2515373229980469,0.36044466495513916,0.0010581845417618752,0.24681846797466278,0.3176591992378235,-0.008041302673518658,0.23718634247779846,0.3280925452709198,-0.013477679342031479,0.23529481887817383,0.3501430153846741,-0.015387159772217274,0.2632650136947632,0.3558715581893921,0.00010289846250088885,0.2589433193206787,0.30465760827064514,-0.008884593844413757,0.24783539772033691,0.3160635232925415,-0.011444030329585075,0.24677717685699463,0.3402087688446045,-0.010203234851360321,0.275459885597229,0.3585130572319031,-0.002982400357723236,0.2742285132408142,0.310288667678833,-0.011500062420964241,0.2636529505252838,0.3218953609466553,-0.012431717477738857,0.2625890374183655,0.34540942311286926,-0.010072742588818073,0.28918200731277466,0.3660508394241333,-0.0070647671818733215,0.2891760468482971,0.3288477659225464,-0.013006232678890228,0.280784547328949,0.32845520973205566,-0.014084969647228718,0.27756303548812866,0.3434474766254425,-0.01300538145005703
10,0.27887457609176636,0.45831185579299927,-1.0109696546578562e-07,0.25771987438201904,0.4452081322669983,-0.006202985066920519,0.24780072271823883,0.4028705060482025,-0.007814320735633373,0.2554641366004944,0.3711716830730438,-0.010430647060275078,0.26949286460876465,0.36623987555503845,-0.011567812412977219,0.25336557626724243,0.3605400025844574,0.00134114024695009,0.2494409680366516,0.31711965799331665,-0.007605407387018204,0.24446922540664673,0.3260151147842407,-0.013140643946826458,0.24547679722309113,0.34808385372161865,-0.015149296261370182,0.26627117395401,0.35537540912628174,0.00021767444559372962,0.26330697536468506,0.3046805262565613,-0.00883536972105503,0.25660210847854614,0.31585466861724854,-0.011951775290071964,0.257878839969635,0.34026670455932617,-0.011032631620764732,0.27946722507476807,0.35834363102912903,-0.0029678151477128267,0.2794477343559265,0.3100602328777313,-0.011079598218202591,0.2721329629421234,0.3190004527568817,-0.012626191601157188,0.2723999321460724,0.3411009609699249,-0.010834956541657448,0.29367005825042725,0.3659728169441223,-0.007144547998905182,0.29665979743003845,0.330600380897522,-0.013237002305686474,0.29015225172042847,0.3271818459033966,-0.015207984484732151,0.2870255708694458,0.34022581577301025,-0.014778969809412956,0.7957454323768616,0.6358833312988281,-2.549677446950227e-07,0.7723764777183533,0.601698100566864,-0.010277747176587582,0.7613739967346191,0.5491083264350891,-0.016329504549503326,0.7773154973983765,0.5293563604354858,-0.02294672653079033,0.7971721887588501,0.5505488514900208,-0.027265865355730057,0.7792185544967651,0.4884328246116638,-0.0025827449280768633,0.7802613973617554,0.4401094317436218,-0.016541412100195885,0.7742894291877747,0.47751927375793457,-0.025501087307929993,0.7730819582939148,0.5067608952522278,-0.030164552852511406,0.7975722551345825,0.49325257539749146,-0.0038331684190779924,0.8001344203948975,0.44155269861221313,-0.016769543290138245,0.7916231155395508,0.4871004819869995,-0.019374961033463478,0.7893989086151123,0.5161105990409851,-0.01811397634446621,0.8141371607780457,0.5065274834632874,-0.007910381071269512,0.8193148970603943,0.4573577344417572,-0.019713090732693672,0.8088367581367493,0.49627387523651123,-0.01652625948190689,0.8049740195274353,0.5258451104164124,-0.011164190247654915,0.830449640750885,0.5291946530342102,-0.013432963751256466,0.8329755067825317,0.4892018437385559,-0.02191702090203762,0.8224693536758423,0.510189414024353,-0.020121615380048752,0.8168500065803528,0.5336631536483765,-0.016661198809742928
11,0.2807765007019043,0.4577026963233948,-1.4073532383918064e-07,0.25900185108184814,0.44173771142959595,-0.005990354344248772,0.24944685399532318,0.40178442001342773,-0.007719089742749929,0.25836414098739624,0.3706637918949127,-0.010472969152033329,0.27286505699157715,0.364125519990921,-0.011757906526327133,0.2555812895298004,0.3597746193408966,0.0013445899821817875,0.25232189893722534,0.316097229719162,-0.0076813106425106525,0.24640558660030365,0.32820644974708557,-0.013062432408332825,0.24606068432331085,0.35109707713127136,-0.015010694041848183,0.268726110458374,0.3544471263885498,0.0001289084175368771,0.26607438921928406,0.30213770270347595,-0.008865049108862877,0.2582162618637085,0.3172130286693573,-0.011594779789447784,0.25839295983314514,0.3416067659854889,-0.010564583353698254,0.282128244638443,0.3571876287460327,-0.0031083200592547655,0.28239768743515015,0.3092513680458069,-0.011342092417180538,0.2741522192955017,0.32120418548583984,-0.012236429378390312,0.2735421061515808,0.34266164898872375,-0.010134714655578136,0.2965916693210602,0.3650776147842407,-0.007282809820026159,0.29871419072151184,0.3302689492702484,-0.013206776231527328,0.29221996665000916,0.3292589783668518,-0.014542626217007637,0.28935956954956055,0.34197962284088135,-0.01382526010274887,0.7951757907867432,0.6342923641204834,-2.5546276560817205e-07,0.7726468443870544,0.5999213457107544,-0.010227374732494354,0.7626504898071289,0.5488017797470093,-0.016554327681660652,0.7787268757820129,0.5301849842071533,-0.023596256971359253,0.7979534864425659,0.5509225726127625,-0.028372982516884804,0.7802358865737915,0.48800963163375854,-0.0027830929029732943,0.7815105319023132,0.4398685693740845,-0.01656806282699108,0.7749873995780945,0.47701069712638855,-0.025273645296692848,0.7734631299972534,0.5065504312515259,-0.029745569452643394,0.7981950044631958,0.4934000074863434,-0.004093609284609556,0.8010653853416443,0.44297271966934204,-0.017288077622652054,0.7920085787773132,0.48840636014938354,-0.02007579803466797,0.7895914912223816,0.5181621313095093,-0.018869832158088684,0.8145250678062439,0.5067611336708069,-0.00818347092717886,0.820294201374054,0.45763498544692993,-0.019989440217614174,0.8093641996383667,0.4956936836242676,-0.017050063237547874,0.8054586052894592,0.5258385539054871,-0.011827328242361546,0.830497145652771,0.5292508602142334,-0.013720143586397171,0.8338419795036316,0.4902125895023346,-0.02190648950636387,0.8230298161506653,0.5103322267532349,-0.020234907045960426,0.817171037197113,0.5340179204940796,-0.016898885369300842
12,0.2849021553993225,0.46082332730293274,-1.2363344126242737e-07,0.2624523341655731,0.4470803439617157,-0.008315804414451122,0.2513025403022766,0.4024411737918854,-0.01062579732388258,0.2603326439857483,0.368764191865921,-0.013445308431982994,0.27711018919944763,0.3660799264907837,-0.014584888704121113,0.2589033246040344,0.3580765426158905,0.00016378043801523745,0.2553791105747223,0.31430208683013916,-0.00921787228435278,0.2474890649318695,0.32518917322158813,-0.014696028083562851,0.24634264409542084,0.3485153019428253,-0.016621647402644157,0.2719545364379883,0.35302790999412537,0.00013169465819373727,0.2689625024795532,0.3031533658504486,-0.009271386079490185,0.2592942714691162,0.31636843085289,-0.011681566014885902,0.25880855321884155,0.34164297580718994,-0.010133447125554085,0.2849932312965393,0.35629692673683167,-0.0022844041232019663,0.28453293442726135,0.30914363265037537,-0.011165107600390911,0.2747398912906647,0.32133370637893677,-0.011957826092839241,0.2740221917629242,0.34464818239212036,-0.009348826482892036,0.2993191182613373,0.364709734916687,-0.005852572154253721,0.29985806345939636,0.3284263014793396,-0.012491453438997269,0.2923031151294708,0.329641193151474,-0.013897930271923542,0.29012927412986755,0.3452175259590149,-0.012848054990172386,0.7954407930374146,0.6348013281822205,-2.465453690092545e-07,0.7727788686752319,0.601180911064148,-0.01072903722524643,0.7621049284934998,0.5500693917274475,-0.01715676486492157,0.7776104807853699,0.5305575132369995,-0.024172835052013397,0.7971053123474121,0.5513380169868469,-0.028864486142992973,0.7800698280334473,0.4886382818222046,-0.0027715666219592094,0.7818456292152405,0.44047659635543823,-0.016408037394285202,0.775619387626648,0.47774457931518555,-0.02500196173787117,0.7742782831192017,0.5072848796844482,-0.02946113795042038,0.7983434796333313,0.49370795488357544,-0.003906761296093464,0.801774799823761,0.4420889914035797,-0.01702554151415825,0.7928407788276672,0.4861525297164917,-0.019954632967710495,0.790022611618042,0.5157471299171448,-0.018831420689821243,0.8147852420806885,0.5070807337760925,-0.00787566602230072,0.8208489418029785,0.458391010761261,-0.01983604207634926,0.8102495074272156,0.49558085203170776,-0.017266398295760155,0.8059026002883911,0.5251561999320984,-0.012218845076858997,0.8307175636291504,0.529765784740448,-0.013314370065927505,0.8342617154121399,0.49144068360328674,-0.021879127249121666,0.8237577080726624,0.5109483003616333,-0.020600249990820885,0.8176707029342651,0.5340454578399658,-0.017483284696936607
13,0.2868776023387909,0.45552557706832886,-9.756381302850059e-08,0.2652472257614136,0.44356903433799744,-0.008702677674591541,0.25350674986839294,0.4020007252693176,-0.011418263427913189,0.2611134648323059,0.36819764971733093,-0.014438426122069359,0.27659690380096436,0.36089539527893066,-0.015762463212013245,0.2612530291080475,0.35880714654922485,-0.0010873376158997416,0.25697964429855347,0.31565314531326294,-0.010174727067351341,0.25090599060058594,0.32535555958747864,-0.015623647719621658,0.2510247826576233,0.3475874066352844,-0.01759650744497776,0.27395352721214294,0.35293081402778625,-0.0008542648865841329,0.2705460786819458,0.3043336272239685,-0.00976649671792984,0.26270419359207153,0.31661391258239746,-0.012145375832915306,0.26286453008651733,0.3410809338092804,-0.0108549315482378,0.2867945432662964,0.3555823862552643,-0.002889159368351102,0.2864958345890045,0.3092769384384155,-0.01110841240733862,0.2788256108760834,0.32021892070770264,-0.011647721752524376,0.278799831867218,0.34267693758010864,-0.009247729554772377,0.300843209028244,0.3633548319339752,-0.006108259782195091,0.301861971616745,0.329305499792099,-0.0123960692435503,0.2954534590244293,0.3298749625682831,-0.013620611280202866,0.2933710515499115,0.3443481922149658,-0.012620720081031322,0.7953739762306213,0.6348927617073059,-2.4853775926203525e-07,0.7725024223327637,0.5997927784919739,-0.009844564832746983,0.7622872591018677,0.5496213436126709,-0.015671804547309875,0.7789285778999329,0.5297002792358398,-0.022170446813106537,0.7979299426078796,0.5501101016998291,-0.026438236236572266,0.7799016237258911,0.4886400103569031,-0.00199936144053936,0.7819265127182007,0.44208386540412903,-0.015125950798392296,0.775768518447876,0.47927042841911316,-0.023924406617879868,0.7744455337524414,0.5079782009124756,-0.028742389753460884,0.798398494720459,0.49372515082359314,-0.0033596698194742203,0.80189049243927,0.44452613592147827,-0.015567762777209282,0.7931419014930725,0.48965984582901,-0.018496083095669746,0.7908705472946167,0.5179092884063721,-0.01778750866651535,0.8148874044418335,0.5070553421974182,-0.007417245768010616,0.8214898705482483,0.45861923694610596,-0.01822739653289318,0.8105525970458984,0.4954168498516083,-0.015326203778386116,0.8061416745185852,0.524061381816864,-0.010579046793282032,0.8303995132446289,0.5299330949783325,-0.012921526096761227,0.8345728516578674,0.4914233386516571,-0.020466890186071396,0.8234795331954956,0.5110380053520203,-0.01864437758922577,0.8169620633125305,0.5341261029243469,-0.015463700518012047
14,0.28929999470710754,0.45950818061828613,-1.2072638355675736e-07,0.26733648777008057,0.44471120834350586,-0.007440308574587107,0.2556936740875244,0.4024673402309418,-0.009546296671032906,0.26337093114852905,0.3679877519607544,-0.01227971725165844,0.2793809771537781,0.3637462556362152,-0.013334587216377258,0.26225703954696655,0.35942673683166504,0.0008130924543365836,0.2583799362182617,0.3156747817993164,-0.007999111898243427,0.2520853281021118,0.3254142105579376,-0.013181990012526512,0.2517434358596802,0.34801599383354187,-0.015059337951242924,0.2750145494937897,0.3533902168273926,0.0005020444514229894,0.27223894000053406,0.30333346128463745,-0.008565965108573437,0.26438483595848083,0.31633538007736206,-0.011007222346961498,0.2640988826751709,0.3420751094818115,-0.009578196331858635,0.28815367817878723,0.3558952808380127,-0.00199928879737854,0.287616491317749,0.30884814262390137,-0.010601826012134552,0.28023457527160645,0.3201155662536621,-0.011183204129338264,0.28016629815101624,0.34330320358276367,-0.008509592153131962,0.3026403486728668,0.3639316260814667,-0.005548694636672735,0.30258649587631226,0.3287679851055145,-0.012146460823714733,0.2962521016597748,0.32954466342926025,-0.013447876088321209,0.2941199839115143,0.3445144295692444,-0.012339160777628422,0.7964069843292236,0.6380700469017029,-2.6547010634203616e-07,0.7735597491264343,0.6002399921417236,-0.010336083360016346,0.7614750266075134,0.54863041639328,-0.01703682728111744,0.7770692110061646,0.5269543528556824,-0.024279633536934853,0.7967351675033569,0.5487934947013855,-0.02904820255935192,0.7800938487052917,0.4885622262954712,-0.002969089662656188,0.7813523411750793,0.43674302101135254,-0.017340565100312233,0.774918794631958,0.47607606649398804,-0.02656790427863598,0.773859441280365,0.5057903528213501,-0.03143075108528137,0.7986213564872742,0.49426454305648804,-0.004024310037493706,0.800554633140564,0.4414161443710327,-0.0166738573461771,0.7919387817382812,0.48748350143432617,-0.01885995827615261,0.790043294429779,0.5152202844619751,-0.017755338922142982,0.8154032230377197,0.5071215033531189,-0.00795720424503088,0.8195613026618958,0.4575740098953247,-0.019292300567030907,0.8087915182113647,0.49594879150390625,-0.01542228925973177,0.8049905896186829,0.5245348215103149,-0.00991933885961771,0.8318147659301758,0.5291817784309387,-0.013433131389319897,0.832814633846283,0.4875011444091797,-0.02128436230123043,0.8213032484054565,0.508721649646759,-0.018984582275152206,0.8150681853294373,0.5325801968574524,-0.015367967076599598
15,0.28910714387893677,0.45662564039230347,-9.415797563860906e-08,0.26698926091194153,0.4428154528141022,-0.007825342006981373,0.2558148205280304,0.3996799886226654,-0.010061764158308506,0.2645205855369568,0.3663541376590729,-0.012767024338245392,0.28113532066345215,0.36334800720214844,-0.013863127678632736,0.2612914443016052,0.35767900943756104,7.994681072887033e-05,0.2578917145729065,0.3159686028957367,-0.008710660971701145,0.25261324644088745,0.3258915841579437,-0.014032929204404354,0.2526184618473053,0.3486229181289673,-0.015965279191732407,0.27494779229164124,0.3513869345188141,7.180582906585187e-05,0.2723613679409027,0.30310338735580444,-0.008631679229438305,0.26550400257110596,0.31443506479263306,-0.01132538728415966,0.26543524861335754,0.33987340331077576,-0.01017087884247303,0.288663774728775,0.35403600335121155,-0.0020838240161538124,0.2893200218677521,0.3076188564300537,-0.0103531489148736,0.2825345993041992,0.317735880613327,-0.011463622562587261,0.2822098731994629,0.34101828932762146,-0.009265474043786526,0.3034069538116455,0.3621009886264801,-0.005274963099509478,0.3034152090549469,0.33042633533477783,-0.011988484300673008,0.2981281578540802,0.32799938321113586,-0.013989010825753212,0.29638513922691345,0.3396812081336975,-0.013351156376302242,0.7969164252281189,0.6356157064437866,-2.58994049318062e-07,0.7731431126594543,0.6001183986663818,-0.010372800752520561,0.7613838315010071,0.5483431816101074,-0.01662827469408512,0.7771100997924805,0.5271457433700562,-0.02347925864160061,0.7973045110702515,0.546872079372406,-0.02793319895863533,0.7796604633331299,0.48884570598602295,-0.0023937164805829525,0.7804242968559265,0.43861889839172363,-0.01629866287112236,0.7741056680679321,0.47616082429885864,-0.025162963196635246,0.7729855179786682,0.506056010723114,-0.02970394864678383,0.7980083227157593,0.4937257468700409,-0.003428793279454112,0.8002678155899048,0.4414352476596832,-0.01618232950568199,0.7912807464599609,0.486043244600296,-0.018578920513391495,0.7892830967903137,0.5154269337654114,-0.017248928546905518,0.814530074596405,0.5066609382629395,-0.007337084040045738,0.8192348480224609,0.4568583369255066,-0.018783483654260635,0.8080353736877441,0.49398118257522583,-0.0153140127658844,0.8043363094329834,0.5235293507575989,-0.009843926876783371,0.8308748006820679,0.5291032195091248,-0.012753555551171303,0.833043098449707,0.4888497292995453,-0.02064688503742218,0.8218191862106323,0.5085060000419617,-0.018589617684483528,0.8159847259521484,0.5322741866111755,-0.015023179352283478
16,0.28910714387893677,0.45662564039230347,-9.415797563860906e-08,0.26698926091194153,0.4428154528141022,-0.007825342006981373,0.2558148205280304,0.3996799886226654,-0.010061764158308506,0.2645205855369568,0.3663541376590729,-0.012767024338245392,0.28113532066345215,0.36334800720214844,-0.013863127678632736,0.2612914443016052,0.35767900943756104,7.994681072887033e-05,0.2578917145729065,0.3159686028957367,-0.008710660971701145,0.25261324644088745,0.3258915841579437,-0.014032929204404354,0.2526184618473053,0.3486229181289673,-0.015965279191732407,0.27494779229164124,0.3513869345188141,7.180582906585187e-05,0.2723613679409027,0.30310338735580444,-0.008631679229438305,0.26550400257110596,0.31443506479263306,-0.01132538728415966,0.26543524861335754,0.33987340331077576,-0.01017087884247303,0.288663774728775,0.35403600335121155,-0.0020838240161538124,0.2893200218677521,0.3076188564300537,-0.0103531489148736,0.2825345993041992,0.317735880613327,-0.011463622562587261,0.2822098731994629,0.34101828932762146,-0.009265474043786526,0.3034069538116455,0.3621009886264801,-0.005274963099509478,0.3034152090549469,0.33042633533477783,-0.011988484300673008,0.2981281578540802,0.32799938321113586,-0.013989010825753212,0.29638513922691345,0.3396812081336975,-0.013351156376302242,0.7969164252281189,0.6356157064437866,-2.58994049318062e-07,0.7731431126594543,0.6001183986663818,-0.010372800752520561,0.7613838315010071,0.5483431816101074,-0.01662827469408512,0.7771100997924805,0.5271457433700562,-0.02347925864160061,0.7973045110702515,0.546872079372406,-0.02793319895863533,0.7796604633331299,0.48884570598602295,-0.0023937164805829525,0.7804242968559265,0.43861889839172363,-0.01629866287112236,0.7741056680679321,0.47616082429885864,-0.025162963196635246,0.7729855179786682,0.506056010723114,-0.02970394864678383,0.7980083227157593,0.4937257468700409,-0.003428793279454112,0.8002678155899048,0.4414352476596832,-0.01618232950568199,0.7912807464599609,0.486043244600296,-0.018578920513391495,0.7892830967903137,0.5154269337654114,-0.017248928546905518,0.814530074596405,0.5066609382629395,-0.007337084040045738,0.8192348480224609,0.4568583369255066,-0.018783483654260635,0.8080353736877441,0.49398118257522583,-0.0153140127658844,0.8043363094329834,0.5235293507575989,-0.009843926876783371,0.8308748006820679,0.5291032195091248,-0.012753555551171303,0.833043098449707,0.4888497292995453,-0.02064688503742218,0.8218191862106323,0.5085060000419617,-0.018589617684483528,0.8159847259521484,0.5322741866111755,-0.015023179352283478
17,0.29045847058296204,0.46078985929489136,-1.1362890717236951e-07,0.26725003123283386,0.44683730602264404,-0.008596092462539673,0.25636544823646545,0.40178996324539185,-0.01030618418008089,0.26574671268463135,0.3662540912628174,-0.012269715778529644,0.28238561749458313,0.36384788155555725,-0.012501495890319347,0.26087135076522827,0.36102989315986633,0.0007433983264490962,0.2569897174835205,0.3167490065097809,-0.007997634820640087,0.25275367498397827,0.32682591676712036,-0.013135777786374092,0.2537137269973755,0.3504369258880615,-0.01497990544885397,0.27446839213371277,0.3531526029109955,0.0013163088588044047,0.2724018692970276,0.30299654603004456,-0.007613977417349815,0.265848845243454,0.316619873046875,-0.010005340911448002,0.26620084047317505,0.34334373474121094,-0.008428942412137985,0.28809329867362976,0.3545522391796112,-0.00046565846423618495,0.2883911430835724,0.3073385953903198,-0.009217229671776295,0.2815801799297333,0.31866455078125,-0.010046269744634628,0.28163185715675354,0.341865599155426,-0.007452063262462616,0.30291441082954407,0.36170220375061035,-0.0033925105817615986,0.30277714133262634,0.3276037275791168,-0.010997102595865726,0.2971663177013397,0.3300700783729553,-0.013081567361950874,0.2958214282989502,0.3459615707397461,-0.012287266552448273,0.7944862246513367,0.6329893469810486,-2.569124148976698e-07,0.7712769508361816,0.5968532562255859,-0.009806637652218342,0.7601176500320435,0.5463649034500122,-0.01619643159210682,0.7766844034194946,0.5268042683601379,-0.023378431797027588,0.7974793314933777,0.5446387529373169,-0.028327878564596176,0.7783706188201904,0.48400411009788513,-0.0020920743700116873,0.7788686752319336,0.43762561678886414,-0.016499143093824387,0.7727353572845459,0.47613662481307983,-0.025953905656933784,0.7714560031890869,0.5062159299850464,-0.0307462140917778,0.7966530323028564,0.4895763695240021,-0.0036321731749922037,0.7987942695617676,0.4402118921279907,-0.016579266637563705,0.7898561954498291,0.48557209968566895,-0.019128214567899704,0.787621021270752,0.5152794122695923,-0.017823902890086174,0.8134828209877014,0.503516674041748,-0.008042169734835625,0.8177595734596252,0.4558611512184143,-0.01949692703783512,0.8064090013504028,0.49472492933273315,-0.015963757410645485,0.8025235533714294,0.5246853232383728,-0.010373307392001152,0.8296435475349426,0.5266798734664917,-0.013906664215028286,0.8311861157417297,0.4882023334503174,-0.021550260484218597,0.8196418881416321,0.5085378289222717,-0.019154775887727737,0.8136664628982544,0.5319828391075134,-0.015294705517590046
18,0.29040563106536865,0.46110212802886963,-1.1350178397151467e-07,0.266948401927948,0.4465877413749695,-0.008159763179719448,0.25543326139450073,0.40293675661087036,-0.010168526321649551,0.2639502286911011,0.36807966232299805,-0.01280957367271185,0.27919918298721313,0.36617395281791687,-0.013751568272709846,0.26070794463157654,0.3612689673900604,0.0004733284004032612,0.25558698177337646,0.31677958369255066,-0.008649135939776897,0.2512817084789276,0.3255888521671295,-0.013980532065033913,0.2527223229408264,0.34801095724105835,-0.015887347981333733,0.2737911641597748,0.3538103401660919,0.0004670801281463355,0.2704354524612427,0.3026241660118103,-0.00872073881328106,0.2637246549129486,0.31480342149734497,-0.011153720319271088,0.26474398374557495,0.34070950746536255,-0.009677382186055183,0.28729480504989624,0.3553948998451233,-0.0018746631685644388,0.286282479763031,0.3085061311721802,-0.01070985198020935,0.2789655923843384,0.3193061947822571,-0.01164387259632349,0.27938416600227356,0.34318941831588745,-0.009057757444679737,0.30239713191986084,0.36272990703582764,-0.0054078372195363045,0.30359581112861633,0.3270987868309021,-0.012383755296468735,0.2969532907009125,0.3271612823009491,-0.014254746958613396,0.29422008991241455,0.34328699111938477,-0.013438699766993523,0.7949860692024231,0.6313831210136414,-2.5257722313654085e-07,0.7714505195617676,0.5970705151557922,-0.010294604115188122,0.759878933429718,0.5452039837837219,-0.016609618440270424,0.775618314743042,0.5252799391746521,-0.02365265227854252,0.7957285642623901,0.5455595254898071,-0.02846617065370083,0.7777202129364014,0.483525812625885,-0.0016604149714112282,0.7765461206436157,0.43727147579193115,-0.01560414582490921,0.770969569683075,0.4741155505180359,-0.024710161611437798,0.7706185579299927,0.5037816166877747,-0.029403723776340485,0.7958330512046814,0.48781222105026245,-0.0029265049379318953,0.7962368726730347,0.43909573554992676,-0.016133423894643784,0.7879493236541748,0.4831845760345459,-0.018851742148399353,0.7862566113471985,0.5134397745132446,-0.0174920205026865,0.8124752640724182,0.5010601878166199,-0.007124054245650768,0.8155514597892761,0.4539455771446228,-0.01895718276500702,0.8051813840866089,0.4919706881046295,-0.01596815511584282,0.8019659519195557,0.5224128365516663,-0.010585669428110123,0.8288437128067017,0.5235960483551025,-0.012842739000916481,0.8293097019195557,0.4865861237049103,-0.021027514711022377,0.8183762431144714,0.5065049529075623,-0.01938871294260025,0.8130837082862854,0.5297946929931641,-0.015979591757059097
19,0.2906441390514374,0.4633975625038147,-1.1359495033502753e-07,0.2669541537761688,0.4479297697544098,-0.008152690716087818,0.2553907334804535,0.4032168686389923,-0.010331939905881882,0.26383909583091736,0.3681429326534271,-0.013197596184909344,0.2786416709423065,0.3683457672595978,-0.014294322580099106,0.2615959346294403,0.36130496859550476,0.00038986059371382,0.25695735216140747,0.31556928157806396,-0.008937695063650608,0.25154244899749756,0.32503965497016907,-0.014211783185601234,0.25221800804138184,0.34851354360580444,-0.015929702669382095,0.2744189500808716,0.35481932759284973,0.00026945670833811164,0.27132323384284973,0.30344608426094055,-0.009087709710001945,0.263614296913147,0.31507349014282227,-0.011277036741375923,0.2641313076019287,0.34120193123817444,-0.009429004974663258,0.2876867949962616,0.357043594121933,-0.0022225736174732447,0.28671860694885254,0.3096467852592468,-0.011016023345291615,0.27876418828964233,0.320066899061203,-0.011443045921623707,0.2790570557117462,0.3439342975616455,-0.008317744359374046,0.30262643098831177,0.3644786477088928,-0.005952727049589157,0.3035956025123596,0.3280564248561859,-0.012714717537164688,0.29683369398117065,0.32749056816101074,-0.01422873418778181,0.294535368680954,0.34325557947158813,-0.0130110252648592,0.7937423586845398,0.6302563548088074,-2.4862086434040975e-07,0.7699251770973206,0.5969603061676025,-0.009746725670993328,0.7590115070343018,0.5458096861839294,-0.015597113408148289,0.7749255895614624,0.526142418384552,-0.022390849888324738,0.7944207787513733,0.546186625957489,-0.027055567130446434,0.7755649089813232,0.48456907272338867,-0.000799607194494456,0.775974452495575,0.4376324415206909,-0.01412071194499731,0.770351231098175,0.4737512767314911,-0.02282707393169403,0.7696398496627808,0.5028545260429382,-0.02729220502078533,0.7935441732406616,0.4884680509567261,-0.0023343844804912806,0.7956466674804688,0.4388810396194458,-0.01512345764786005,0.7872710227966309,0.4828178882598877,-0.017977166920900345,0.7854123711585999,0.512825071811676,-0.01667255349457264,0.8099697232246399,0.5012615323066711,-0.006722580175846815,0.8144311308860779,0.45339277386665344,-0.01823781430721283,0.8041507601737976,0.4906688928604126,-0.015566714107990265,0.8007273077964783,0.5211261510848999,-0.010360507294535637,0.8259631395339966,0.5233884453773499,-0.012569248676300049,0.8283412456512451,0.4846687912940979,-0.020426882430911064,0.8177877068519592,0.5041407346725464,-0.01875941827893257,0.8122363090515137,0.5281110405921936,-0.01534171774983406
20,0.2906441390514374,0.4633975625038147,-1.1359495033502753e-07,0.2669541537761688,0.4479297697544098,-0.008152690716087818,0.2553907334804535,0.4032168686389923,-0.010331939905881882,0.26383909583091736,0.3681429326534271,-0.013197596184909344,0.2786416709423065,0.3683457672595978,-0.014294322580099106,0.2615959346294403,0.36130496859550476,0.00038986059371382,0.25695735216140747,0.31556928157806396,-0.008937695063650608,0.25154244899749756,0.32503965497016907,-0.014211783185601234,0.25221800804138184,0.34851354360580444,-0.015929702669382095,0.2744189500808716,0.35481932759284973,0.00026945670833811164,0.27132323384284973,0.30344608426094055,-0.009087709710001945,0.263614296913147,0.31507349014282227,-0.011277036741375923,0.2641313076019287,0.34120193123817444,-0.009429004974663258,0.2876867949962616,0.357043594121933,-0.0022225736174732447,0.28671860694885254,0.3096467852592468,-0.011016023345291615,0.27876418828964233,0.320066899061203,-0.011443045921623707,0.2790570557117462,0.3439342975616455,-0.008317744359374046,0.30262643098831177,0.3644786477088928,-0.005952727049589157,0.3035956025123596,0.3280564248561859,-0.012714717537164688,0.29683369398117065,0.32749056816101074,-0.01422873418778181,0.294535368680954,0.34325557947158813,-0.0130110252648592,0.7937423586845398,0.6302563548088074,-2.4862086434040975e-07,0.7699251770973206,0.5969603061676025,-0.009746725670993328,0.7590115070343018,0.5458096861839294,-0.015597113408148289,0.7749255895614624,0.526142418384552,-0.022390849888324738,0.7944207787513733,0.546186625957489,-0.027055567130446434,0.7755649089813232,0.48456907272338867,-0.000799607194494456,0.775974452495575,0.4376324415206909,-0.01412071194499731,0.770351231098175,0.4737512767314911,-0.02282707393169403,0.7696398496627808,0.5028545260429382,-0.02729220502078533,0.7935441732406616,0.4884680509567261,-0.0023343844804912806,0.7956466674804688,0.4388810396194458,-0.01512345764786005,0.7872710227966309,0.4828178882598877,-0.017977166920900345,0.7854123711585999,0.512825071811676,-0.01667255349457264,0.8099697232246399,0.5012615323066711,-0.006722580175846815,0.8144311308860779,0.45339277386665344,-0.01823781430721283,0.8041507601737976,0.4906688928604126,-0.015566714107990265,0.8007273077964783,0.5211261510848999,-0.010360507294535637,0.8259631395339966,0.5233884453773499,-0.012569248676300049,0.8283412456512451,0.4846687912940979,-0.020426882430911064,0.8177877068519592,0.5041407346725464,-0.01875941827893257,0.8122363090515137,0.5281110405921936,-0.01534171774983406
21,0.29068973660469055,0.4633922278881073,-1.1546434564024821e-07,0.26714766025543213,0.44848787784576416,-0.008883865550160408,0.2553989887237549,0.40406057238578796,-0.010986311361193657,0.26329585909843445,0.36938658356666565,-0.01368024293333292,0.2773517668247223,0.36624494194984436,-0.014424250461161137,0.2612701952457428,0.36058998107910156,0.00042577661224640906,0.2562078535556793,0.31556573510169983,-0.009097208268940449,0.2515038251876831,0.3241332173347473,-0.01416710764169693,0.2527521550655365,0.3467158079147339,-0.015621881932020187,0.2738967537879944,0.3538811206817627,0.0007263369625434279,0.27037638425827026,0.3017590045928955,-0.009499034844338894,0.26375797390937805,0.31574100255966187,-0.01156800240278244,0.26512840390205383,0.34401339292526245,-0.00910409726202488,0.2871555984020233,0.3564795255661011,-0.0014713157434016466,0.28639382123947144,0.30841413140296936,-0.011383953504264355,0.2791770100593567,0.3193029463291168,-0.011704307980835438,0.2800213396549225,0.3447655439376831,-0.007888508960604668,0.3023456931114197,0.364883154630661,-0.004935828968882561,0.30381110310554504,0.32901066541671753,-0.012510948814451694,0.2971617579460144,0.32644566893577576,-0.014355864375829697,0.2945730686187744,0.3409106731414795,-0.012959706597030163,0.7936594486236572,0.6262990236282349,-2.2836584889773803e-07,0.7699423432350159,0.5948325991630554,-0.01048867218196392,0.7580722570419312,0.5463006496429443,-0.016796210780739784,0.77391517162323,0.5266397595405579,-0.023641815409064293,0.7934287190437317,0.5449798703193665,-0.028316183015704155,0.7749263048171997,0.48347654938697815,-0.003002643585205078,0.7754619717597961,0.43722566962242126,-0.01686268486082554,0.7694721221923828,0.4736248552799225,-0.02562972716987133,0.7689705491065979,0.5009896159172058,-0.030139757320284843,0.7929093241691589,0.487687349319458,-0.004339705221354961,0.7950623035430908,0.4388723373413086,-0.017443090677261353,0.7872508764266968,0.4826759994029999,-0.02003377676010132,0.7863813042640686,0.5092841386795044,-0.01864836923778057,0.8092945218086243,0.5004717707633972,-0.008518495596945286,0.814346969127655,0.453639954328537,-0.020284058526158333,0.8042827844619751,0.4909612238407135,-0.017034364864230156,0.8015722632408142,0.5180947184562683,-0.011573197320103645,0.825192928314209,0.5223720073699951,-0.014181903563439846,0.8278170228004456,0.4841347634792328,-0.022258609533309937,0.8174595236778259,0.504771888256073,-0.02020897902548313,0.812685489654541,0.5272296071052551,-0.016541481018066406
22,0.290203720331192,0.4616550803184509,-1.094907204901574e-07,0.2658046782016754,0.44807907938957214,-0.00888651143759489,0.25409913063049316,0.4053298234939575,-0.011066961102187634,0.26265743374824524,0.3709697127342224,-0.013714340515434742,0.277191698551178,0.3653269112110138,-0.014591026119887829,0.25995418429374695,0.3628312349319458,-0.0001528477150714025,0.2540750503540039,0.3176928758621216,-0.009692509658634663,0.2507181763648987,0.3252134919166565,-0.014986898750066757,0.2528611719608307,0.3472307622432709,-0.0165935717523098,0.2733149826526642,0.35458624362945557,0.00030907924519851804,0.26925167441368103,0.3023171126842499,-0.009376545436680317,0.26339173316955566,0.31356367468833923,-0.011661043390631676,0.26483288407325745,0.3405943214893341,-0.00966514740139246,0.28698354959487915,0.3561371862888336,-0.001663081580772996,0.28542035818099976,0.3077545762062073,-0.0111539913341403,0.278730571269989,0.31701090931892395,-0.011852094903588295,0.27954360842704773,0.34187349677085876,-0.008662959560751915,0.30225682258605957,0.3639477491378784,-0.004878096282482147,0.3026650846004486,0.32988205552101135,-0.012741247192025185,0.2967015504837036,0.3263542950153351,-0.015102843753993511,0.29463720321655273,0.33961087465286255,-0.014153148978948593,0.7921701669692993,0.6277682781219482,-2.4441658297291724e-07,0.768939733505249,0.5953706502914429,-0.010224229656159878,0.7582187652587891,0.5449850559234619,-0.016280613839626312,0.7741255760192871,0.52559894323349,-0.023032065480947495,0.7930172085762024,0.5450108051300049,-0.02752215601503849,0.7753238081932068,0.48325830698013306,-0.0016335431719198823,0.7755354642868042,0.43793439865112305,-0.01571349985897541,0.7699981331825256,0.4748179614543915,-0.024785978719592094,0.7694946527481079,0.5035487413406372,-0.029379170387983322,0.7932220101356506,0.4876222014427185,-0.0029189935885369778,0.795200765132904,0.43953120708465576,-0.016088884323835373,0.7870423793792725,0.48446977138519287,-0.018644584342837334,0.785680890083313,0.5130918622016907,-0.017148518934845924,0.8095899224281311,0.500651478767395,-0.007147726137191057,0.8143470287322998,0.45330697298049927,-0.019050896167755127,0.8037569522857666,0.4916727840900421,-0.015656547620892525,0.8006552457809448,0.5203615427017212,-0.009975671768188477,0.8256883025169373,0.5226804614067078,-0.012873770669102669,0.8280531167984009,0.4855767786502838,-0.02084789052605629,0.8171641230583191,0.5059170126914978,-0.01870214007794857,0.8119385242462158,0.528001606464386,-0.014934859238564968
23,0.2892361879348755,0.4612107276916504,-1.3790567265914433e-07,0.2654987871646881,0.44719523191452026,-0.009239563718438148,0.25415560603141785,0.4037308394908905,-0.011228876188397408,0.26285266876220703,0.36813274025917053,-0.013496876694262028,0.27844151854515076,0.36312177777290344,-0.013917068019509315,0.2592748999595642,0.36170876026153564,-0.00011709144746419042,0.2543770372867584,0.31665855646133423,-0.009525525383651257,0.25073981285095215,0.32457613945007324,-0.014611054211854935,0.2521044611930847,0.34747493267059326,-0.01619519479572773,0.2727753221988678,0.35394400358200073,0.000578886189032346,0.26931583881378174,0.30060461163520813,-0.00950870756059885,0.2632673680782318,0.31366488337516785,-0.011825140565633774,0.2641631066799164,0.34164437651634216,-0.00973497238010168,0.28662237524986267,0.3555275797843933,-0.0011584744788706303,0.28554317355155945,0.3071553707122803,-0.011127314530313015,0.2790663242340088,0.3177821636199951,-0.011706077493727207,0.28006139397621155,0.34316807985305786,-0.00835962500423193,0.3020271360874176,0.3637107312679291,-0.004145162645727396,0.30175167322158813,0.32904890179634094,-0.012538114562630653,0.29607221484184265,0.32841306924819946,-0.014934547245502472,0.2945266664028168,0.3442331552505493,-0.013978570699691772,0.7917141318321228,0.629336416721344,-2.4566455181229685e-07,0.7685415744781494,0.5948107242584229,-0.01055214460939169,0.757250964641571,0.5445495843887329,-0.017113544046878815,0.7734541893005371,0.525111973285675,-0.024273008108139038,0.7933700680732727,0.5451936721801758,-0.029177740216255188,0.774904191493988,0.48376137018203735,-0.0027948685456067324,0.7760801315307617,0.43649953603744507,-0.016931846737861633,0.7706661224365234,0.4740149974822998,-0.026049286127090454,0.7697105407714844,0.5031646490097046,-0.03074157051742077,0.7932140827178955,0.4890497922897339,-0.003992247860878706,0.7959850430488586,0.4389479458332062,-0.01691405475139618,0.7877355813980103,0.48314642906188965,-0.01950792409479618,0.7854202389717102,0.511961042881012,-0.01834472268819809,0.8097091317176819,0.5025163292884827,-0.008092327043414116,0.8147410154342651,0.4547263979911804,-0.019730035215616226,0.8041464686393738,0.4920211732387543,-0.01660940982401371,0.7999897599220276,0.5210174322128296,-0.011322921141982079,0.8257278800010681,0.5248097777366638,-0.013713500462472439,0.827717125415802,0.4860190749168396,-0.021686160936951637,0.8170322179794312,0.5052196979522705,-0.019825031980872154,0.8111250996589661,0.5278381109237671,-0.01641104184091091
24,0.2892361879348755,0.4612107276916504,-1.3790567265914433e-07,0.2654987871646881,0.44719523191452026,-0.009239563718438148,0.25415560603141785,0.4037308394908905,-0.011228876188397408,0.26285266876220703,0.36813274025917053,-0.013496876694262028,0.27844151854515076,0.36312177777290344,-0.013917068019509315,0.2592748999595642,0.36170876026153564,-0.00011709144746419042,0.2543770372867584,0.31665855646133423,-0.009525525383651257,0.25073981285095215,0.32457613945007324,-0.014611054211854935,0.2521044611930847,0.34747493267059326,-0.01619519479572773,0.2727753221988678,0.35394400358200073,0.000578886189032346,0.26931583881378174,0.30060461163520813,-0.00950870756059885,0.2632673680782318,0.31366488337516785,-0.011825140565633774,0.2641631066799164,0.34164437651634216,-0.00973497238010168,0.28662237524986267,0.3555275797843933,-0.0011584744788706303,0.28554317355155945,0.3071553707122803,-0.011127314530313015,0.2790663242340088,0.3177821636199951,-0.011706077493727207,0.28006139397621155,0.34316807985305786,-0.00835962500423193,0.3020271360874176,0.3637107312679291,-0.004145162645727396,0.30175167322158813,0.32904890179634094,-0.012538114562630653,0.29607221484184265,0.32841306924819946,-0.014934547245502472,0.2945266664028168,0.3442331552505493,-0.013978570699691772,0.7917141318321228,0.629336416721344,-2.4566455181229685e-07,0.7685415744781494,0.5948107242584229,-0.01055214460939169,0.757250964641571,0.5445495843887329,-0.017113544046878815,0.7734541893005371,0.525111973285675,-0.024273008108139038,0.7933700680732727,0.5451936721801758,-0.029177740216255188,0.774904191493988,0.48376137018203735,-0.0027948685456067324,0.7760801315307617,0.43649953603744507,-0.016931846737861633,0.7706661224365234,0.4740149974822998,-0.026049286127090454,0.7697105407714844,0.5031646490097046,-0.03074157051742077,0.7932140827178955,0.4890497922897339,-0.003992247860878706,0.7959850430488586,0.4389479458332062,-0.01691405475139618,0.7877355813980103,0.48314642906188965,-0.01950792409479618,0.7854202389717102,0.511961042881012,-0.01834472268819809,0.8097091317176819,0.5025163292884827,-0.008092327043414116,0.8147410154342651,0.4547263979911804,-0.019730035215616226,0.8041464686393738,0.4920211732387543,-0.01660940982401371,0.7999897599220276,0.5210174322128296,-0.011322921141982079,0.8257278800010681,0.5248097777366638,-0.013713500462472439,0.827717125415802,0.4860190749168396,-0.021686160936951637,0.8170322179794312,0.5052196979522705,-0.019825031980872154,0.8111250996589661,0.5278381109237671,-0.01641104184091091
25,0.2884342074394226,0.4638615548610687,-1.8048393712888355e-07,0.26435673236846924,0.44810599088668823,-0.00810734648257494,0.25258004665374756,0.4032309651374817,-0.01017091702669859,0.2624448537826538,0.3669917583465576,-0.012891375459730625,0.2799389064311981,0.3632063567638397,-0.013933762907981873,0.25786322355270386,0.3607046604156494,0.0002775511529762298,0.2536197900772095,0.3148815631866455,-0.008723043836653233,0.2484288364648819,0.32610249519348145,-0.014272166416049004,0.2490149438381195,0.35090890526771545,-0.016561929136514664,0.2713318169116974,0.3539623022079468,0.00011424253170844167,0.2683069407939911,0.29964521527290344,-0.009090011939406395,0.2614160478115082,0.31396836042404175,-0.01194495614618063,0.2618989050388336,0.3423278331756592,-0.01102671679109335,0.28555428981781006,0.35536399483680725,-0.0022532865405082703,0.2853620648384094,0.3050013780593872,-0.011235271580517292,0.27867433428764343,0.31624269485473633,-0.012752545066177845,0.27877703309059143,0.34155625104904175,-0.0109056131914258,0.30086755752563477,0.3624914884567261,-0.005767681635916233,0.3000197410583496,0.32578688859939575,-0.012730108574032784,0.29427197575569153,0.3261803388595581,-0.014791196212172508,0.2924351394176483,0.34282544255256653,-0.014469239860773087,0.7924011945724487,0.6302722692489624,-2.499176616765908e-07,0.7690102458000183,0.5953480005264282,-0.010478598065674305,0.7571172118186951,0.5449610352516174,-0.017404459416866302,0.7735871076583862,0.5252440571784973,-0.025107204914093018,0.7945406436920166,0.5440689921379089,-0.03062250092625618,0.7740182280540466,0.4838588535785675,-0.003099913941696286,0.7752087712287903,0.43569737672805786,-0.017612073570489883,0.7698590755462646,0.47339344024658203,-0.026980984956026077,0.7688071131706238,0.5022491216659546,-0.031816452741622925,0.792356550693512,0.48879483342170715,-0.004511274863034487,0.7948880195617676,0.43819573521614075,-0.017673034220933914,0.7872620224952698,0.4820362627506256,-0.02041464112699032,0.7851639986038208,0.5107579231262207,-0.01943410374224186,0.8093249201774597,0.5017944574356079,-0.008854497224092484,0.8142998218536377,0.452898770570755,-0.020567767322063446,0.8042241334915161,0.4909842908382416,-0.01749628782272339,0.8001077771186829,0.5208505988121033,-0.012329114601016045,0.8259770274162292,0.523514449596405,-0.014736722223460674,0.8272178769111633,0.4848208725452423,-0.02271248772740364,0.8167616128921509,0.5050374269485474,-0.020950911566615105,0.8111022114753723,0.5283510684967041,-0.01768290065228939
26,0.2871391177177429,0.46567273139953613,-2.170542643398221e-07,0.2645910978317261,0.4477587640285492,-0.007650592364370823,0.253143310546875,0.4039471745491028,-0.010189295746386051,0.26291322708129883,0.36740443110466003,-0.013505734503269196,0.27942726016044617,0.3653258979320526,-0.014879838563501835,0.2573806941509247,0.3594245910644531,0.00039339737850241363,0.25289106369018555,0.3094635009765625,-0.008542328141629696,0.24843698740005493,0.3247855007648468,-0.013623004779219627,0.2492189258337021,0.35218918323516846,-0.015571322292089462,0.27072152495384216,0.3528250753879547,0.00014885695418342948,0.26739799976348877,0.29601362347602844,-0.009271870367228985,0.2613413631916046,0.3169046640396118,-0.011417020112276077,0.2628456652164459,0.34664928913116455,-0.009893449954688549,0.2848883271217346,0.3542073667049408,-0.002205462893471122,0.2842812240123749,0.3013673424720764,-0.011040112935006618,0.27784106135368347,0.31778380274772644,-0.010898960754275322,0.2786763310432434,0.3443271517753601,-0.0077942414209246635,0.3003271222114563,0.362606406211853,-0.0057150255888700485,0.29938003420829773,0.3235485851764679,-0.01216090563684702,0.29379361867904663,0.32703202962875366,-0.013171619735658169,0.29278257489204407,0.3459128141403198,-0.012020837515592575,0.7915065288543701,0.6304253339767456,-2.547127451180131e-07,0.7684406042098999,0.5961704850196838,-0.009921802207827568,0.7566508054733276,0.5451000332832336,-0.016240617260336876,0.7727731466293335,0.5244651436805725,-0.02358989231288433,0.7933564782142639,0.5434290766716003,-0.028968364000320435,0.7736259698867798,0.4835016429424286,-0.0016090539284050465,0.773891031742096,0.43532371520996094,-0.015703989192843437,0.7686981558799744,0.471942663192749,-0.024999797344207764,0.7687555551528931,0.5013399124145508,-0.029920179396867752,0.7919761538505554,0.48810285329818726,-0.0034835159312933683,0.794636607170105,0.43643492460250854,-0.01694192737340927,0.7865809202194214,0.4799412488937378,-0.020312050357460976,0.784744381904602,0.5100927948951721,-0.019486667588353157,0.8089891672134399,0.5013684034347534,-0.008234158158302307,0.8137293457984924,0.4514005184173584,-0.020511137321591377,0.8031933307647705,0.48919007182121277,-0.018179355189204216,0.7992067933082581,0.5197150707244873,-0.013185505755245686,0.8254598379135132,0.5238434672355652,-0.014459976926445961,0.8270303606987,0.48436272144317627,-0.02295738086104393,0.816015362739563,0.504592776298523,-0.021562360227108,0.810279905796051,0.528918981552124,-0.018389523029327393
27,0.28763970732688904,0.46838733553886414,-1.9204318846277602e-07,0.2640397846698761,0.44958364963531494,-0.007844937965273857,0.2517768442630768,0.40542346239089966,-0.010169129818677902,0.26010724902153015,0.36790814995765686,-0.013598861172795296,0.27702727913856506,0.3657529354095459,-0.015148586593568325,0.2572905421257019,0.3614148497581482,0.0016273921355605125,0.25294584035873413,0.311951607465744,-0.007816161960363388,0.24803735315799713,0.3247608244419098,-0.0134187713265419,0.2488052248954773,0.34990954399108887,-0.015515702776610851,0.27036434412002563,0.3551500141620636,0.0010138590587303042,0.266743004322052,0.2986160218715668,-0.00874092523008585,0.26024743914604187,0.31567755341529846,-0.011378246359527111,0.26131296157836914,0.3441448211669922,-0.00994399655610323,0.284394234418869,0.35683220624923706,-0.0019332404481247067,0.2838934063911438,0.304166704416275,-0.01134996023029089,0.27749723196029663,0.3187606930732727,-0.011615509167313576,0.27810579538345337,0.3457897901535034,-0.008327812887728214,0.2995927929878235,0.36416810750961304,-0.006135633680969477,0.29901057481765747,0.32374048233032227,-0.012846904806792736,0.29363590478897095,0.3243301510810852,-0.013948392122983932,0.29211267828941345,0.342257559299469,-0.012566016055643559,0.7922399640083313,0.6305035948753357,-2.6312889644941606e-07,0.7685061693191528,0.5945713520050049,-0.009282739832997322,0.7561440467834473,0.5440118312835693,-0.015457727946341038,0.7724303007125854,0.5219451189041138,-0.02256905660033226,0.7932388782501221,0.5392987132072449,-0.027570335194468498,0.7733412384986877,0.4831378757953644,-0.0018899510614573956,0.7737076878547668,0.43404948711395264,-0.015817716717720032,0.7688902020454407,0.47230029106140137,-0.02514481544494629,0.7685455083847046,0.5017798542976379,-0.030140245333313942,0.7919647693634033,0.48786449432373047,-0.0037459577433764935,0.7942000031471252,0.4365832805633545,-0.01626535877585411,0.7869086861610413,0.4817330241203308,-0.01927640661597252,0.7851827144622803,0.5105722546577454,-0.018709205090999603,0.8088205456733704,0.5009199380874634,-0.00834503024816513,0.8133444786071777,0.45127779245376587,-0.01949993520975113,0.8037110567092896,0.4894457161426544,-0.016581695526838303,0.7999370098114014,0.5194258689880371,-0.011761813424527645,0.8251075744628906,0.5234882235527039,-0.014365920796990395,0.8264991641044617,0.48345497250556946,-0.022058460861444473,0.8163113594055176,0.5037670135498047,-0.020192213356494904,0.8107200860977173,0.527763307094574,-0.016964590176939964
28,0.28763970732688904,0.46838733553886414,-1.9204318846277602e-07,0.2640397846698761,0.44958364963531494,-0.007844937965273857,0.2517768442630768,0.40542346239089966,-0.010169129818677902,0.26010724902153015,0.36790814995765686,-0.013598861172795296,0.27702727913856506,0.3657529354095459,-0.015148586593568325,0.2572905421257019,0.3614148497581482,0.0016273921355605125,0.25294584035873413,0.311951607465744,-0.007816161960363388,0.24803735315799713,0.3247608244419098,-0.0134187713265419,0.2488052248954773,0.34990954399108887,-0.015515702776610851,0.27036434412002563,0.3551500141620636,0.0010138590587303042,0.266743004322052,0.2986160218715668,-0.00874092523008585,0.26024743914604187,0.31567755341529846,-0.011378246359527111,0.26131296157836914,0.3441448211669922,-0.00994399655610323,0.284394234418869,0.35683220624923706,-0.0019332404481247067,0.2838934063911438,0.304166704416275,-0.01134996023029089,0.27749723196029663,0.3187606930732727,-0.011615509167313576,0.27810579538345337,0.3457897901535034,-0.008327812887728214,0.2995927929878235,0.36416810750961304,-0.006135633680969477,0.29901057481765747,0.32374048233032227,-0.012846904806792736,0.29363590478897095,0.3243301510810852,-0.013948392122983932,0.29211267828941345,0.342257559299469,-0.012566016055643559,0.7922399640083313,0.6305035948753357,-2.6312889644941606e-07,0.7685061693191528,0.5945713520050049,-0.009282739832997322,0.7561440467834473,0.5440118312835693,-0.015457727946341038,0.7724303007125854,0.5219451189041138,-0.02256905660033226,0.7932388782501221,0.5392987132072449,-0.027570335194468498,0.7733412384986877,0.4831378757953644,-0.0018899510614573956,0.7737076878547668,0.43404948711395264,-0.015817716717720032,0.7688902020454407,0.47230029106140137,-0.02514481544494629,0.7685455083847046,0.5017798542976379,-0.030140245333313942,0.7919647693634033,0.48786449432373047,-0.0037459577433764935,0.7942000031471252,0.4365832805633545,-0.01626535877585411,0.7869086861610413,0.4817330241203308,-0.01927640661597252,0.7851827144622803,0.5105722546577454,-0.018709205090999603,0.8088205456733704,0.5009199380874634,-0.00834503024816513,0.8133444786071777,0.45127779245376587,-0.01949993520975113,0.8037110567092896,0.4894457161426544,-0.016581695526838303,0.7999370098114014,0.5194258689880371,-0.011761813424527645,0.8251075744628906,0.5234882235527039,-0.014365920796990395,0.8264991641044617,0.48345497250556946,-0.022058460861444473,0.8163113594055176,0.5037670135498047,-0.020192213356494904,0.8107200860977173,0.527763307094574,-0.016964590176939964
29,0.28957054018974304,0.47572141885757446,-1.6934485813635547e-07,0.2635188102722168,0.4509337246417999,-0.007279458921402693,0.2512580156326294,0.40400761365890503,-0.009813637472689152,0.26073771715164185,0.3662847578525543,-0.013425272889435291,0.2772470712661743,0.36556437611579895,-0.015234141610562801,0.25704097747802734,0.36181503534317017,0.0019490772392600775,0.2520715594291687,0.3093452453613281,-0.007561272010207176,0.2496868371963501,0.32215964794158936,-0.014097070321440697,0.2511172294616699,0.34582269191741943,-0.01704585552215576,0.27058184146881104,0.3550258278846741,0.001222201157361269,0.2668053209781647,0.2970781922340393,-0.008322018198668957,0.26209014654159546,0.3160354793071747,-0.011825443245470524,0.2632540464401245,0.3446112275123596,-0.011307488195598125,0.28494685888290405,0.35639509558677673,-0.0016850089887157083,0.28375259041786194,0.30330219864845276,-0.009590094909071922,0.27790313959121704,0.3181726932525635,-0.010267077013850212,0.27807098627090454,0.3448106348514557,-0.007926219142973423,0.3002852201461792,0.36364057660102844,-0.005915767513215542,0.2999919652938843,0.32703641057014465,-0.010817410424351692,0.29597973823547363,0.3260475695133209,-0.012024513445794582,0.29542791843414307,0.34066614508628845,-0.011325452476739883,0.7906615138053894,0.6277626156806946,-2.5299360117969627e-07,0.7681746482849121,0.593288779258728,-0.00899256020784378,0.7568832635879517,0.5444169044494629,-0.014993670396506786,0.773016631603241,0.5245875716209412,-0.022078130394220352,0.7929463982582092,0.5415650606155396,-0.027232367545366287,0.7735775113105774,0.48400163650512695,-0.0016965020913630724,0.7750460505485535,0.43664175271987915,-0.015446643345057964,0.7697436809539795,0.47320643067359924,-0.024407904595136642,0.7690874338150024,0.5024834275245667,-0.02907383441925049,0.7917894124984741,0.48865237832069397,-0.0037996317259967327,0.7956962585449219,0.43772652745246887,-0.016691774129867554,0.787464439868927,0.48145630955696106,-0.019619382917881012,0.7851599454879761,0.5115031599998474,-0.018611744046211243,0.8085083365440369,0.501937747001648,-0.008615626022219658,0.8146027326583862,0.453124076128006,-0.01999707520008087,0.8043931722640991,0.4900745153427124,-0.01718669757246971,0.8003088235855103,0.5198313593864441,-0.012141021899878979,0.8244495987892151,0.5241187214851379,-0.014818917028605938,0.8274862170219421,0.4852973520755768,-0.022518940269947052,0.8171334862709045,0.5047166347503662,-0.020688574761152267,0.8113681077957153,0.528308093547821,-0.01737510785460472
30,0.28829970955848694,0.47310149669647217,-1.7893397341595119e-07,0.26282554864883423,0.4485431909561157,-0.0071233720518648624,0.25029879808425903,0.40231025218963623,-0.00956788845360279,0.25905120372772217,0.36466991901397705,-0.013130336068570614,0.275220662355423,0.3640754818916321,-0.014865145087242126,0.2562490701675415,0.3592873811721802,0.002161415060982108,0.25269991159439087,0.3081052005290985,-0.006971422582864761,0.24770133197307587,0.3222115933895111,-0.013074269518256187,0.2479381561279297,0.3469429910182953,-0.015812354162335396,0.2700282335281372,0.3524828553199768,0.0011854710755869746,0.26743799448013306,0.29596176743507385,-0.007984278723597527,0.260545939207077,0.3127138018608093,-0.011158336885273457,0.26040369272232056,0.3402637839317322,-0.010504070669412613,0.28450533747673035,0.3532930314540863,-0.0019976964686065912,0.28332364559173584,0.30148980021476746,-0.00973361637443304,0.2760677635669708,0.3147919178009033,-0.01035997923463583,0.2755374014377594,0.34036481380462646,-0.008070975542068481,0.3000311553478241,0.3599286675453186,-0.006496945396065712,0.2985595762729645,0.3218979239463806,-0.011316592805087566,0.29263797402381897,0.32210028171539307,-0.012141717597842216,0.2910076677799225,0.33853617310523987,-0.011177117936313152,0.7915600538253784,0.6280156970024109,-2.450944691645418e-07,0.7682523131370544,0.5930876731872559,-0.010204112157225609,0.7567038536071777,0.5434955954551697,-0.016790466383099556,0.7731634378433228,0.52403324842453,-0.024145573377609253,0.7933735251426697,0.5419904589653015,-0.029336947947740555,0.7743162512779236,0.4823760688304901,-0.0026019620709121227,0.7758745551109314,0.43570077419281006,-0.01659799925982952,0.7704142928123474,0.47307342290878296,-0.02567790448665619,0.7691687345504761,0.5019447803497314,-0.030346820130944252,0.7924741506576538,0.48783814907073975,-0.004016808699816465,0.7958676815032959,0.4380839169025421,-0.01684502698481083,0.7877424955368042,0.48195919394493103,-0.019480355083942413,0.7850698828697205,0.5108196139335632,-0.018413355574011803,0.8090811967849731,0.5010518431663513,-0.008303582668304443,0.8145256042480469,0.4526441693305969,-0.019712669774889946,0.8041784763336182,0.49011093378067017,-0.01663825288414955,0.7998099327087402,0.5197269320487976,-0.011478438042104244,0.8252972960472107,0.5228940844535828,-0.014094766229391098,0.8273209929466248,0.48406773805618286,-0.021914489567279816,0.8168713450431824,0.5037829279899597,-0.020087946206331253,0.8107587695121765,0.5270026326179504,-0.0167696475982666
31,0.28829970955848694,0.47310149669647217,-1.7893397341595119e-07,0.26282554864883423,0.4485431909561157,-0.0071233720518648624,0.25029879808425903,0.40231025218963623,-0.00956788845360279,0.25905120372772217,0.36466991901397705,-0.013130336068570614,0.275220662355423,0.3640754818916321,-0.014865145087242126,0.2562490701675415,0.3592873811721802,0.002161415060982108,0.25269991159439087,0.3081052005290985,-0.006971422582864761,0.24770133197307587,0.3222115933895111,-0.013074269518256187,0.2479381561279297,0.3469429910182953,-0.015812354162335396,0.2700282335281372,0.3524828553199768,0.0011854710755869746,0.26743799448013306,0.29596176743507385,-0.007984278723597527,0.260545939207077,0.3127138018608093,-0.011158336885273457,0.26040369272232056,0.3402637839317322,-0.010504070669412613,0.28450533747673035,0.3532930314540863,-0.0019976964686065912,0.28332364559173584,0.30148980021476746,-0.00973361637443304,0.2760677635669708,0.3147919178009033,-0.01035997923463583,0.2755374014377594,0.34036481380462646,-0.008070975542068481,0.3000311553478241,0.3599286675453186,-0.006496945396065712,0.2985595762729645,0.3218979239463806,-0.011316592805087566,0.29263797402381897,0.32210028171539307,-0.012141717597842216,0.2910076677799225,0.33853617310523987,-0.011177117936313152,0.7915600538253784,0.6280156970024109,-2.450944691645418e-07,0.7682523131370544,0.5930876731872559,-0.010204112157225609,0.7567038536071777,0.5434955954551697,-0.016790466383099556,0.7731634378433228,0.52403324842453,-0.024145573377609253,0.7933735251426697,0.5419904589653015,-0.029336947947740555,0.7743162512779236,0.4823760688304901,-0.0026019620709121227,0.7758745551109314,0.43570077419281006,-0.01659799925982952,0.7704142928123474,0.47307342290878296,-0.02567790448665619,0.7691687345504761,0.5019447803497314,-0.030346820130944252,0.7924741506576538,0.48783814907073975,-0.004016808699816465,0.7958676815032959,0.4380839169025421,-0.01684502698481083,0.7877424955368042,0.48195919394493103,-0.019480355083942413,0.7850698828697205,0.5108196139335632,-0.018413355574011803,0.8090811967849731,0.5010518431663513,-0.008303582668304443,0.8145256042480469,0.4526441693305969,-0.019712669774889946,0.8041784763336182,0.49011093378067017,-0.01663825288414955,0.7998099327087402,0.5197269320487976,-0.011478438042104244,0.8252972960472107,0.5228940844535828,-0.014094766229391098,0.8273209929466248,0.48406773805618286,-0.021914489567279816,0.8168713450431824,0.5037829279899597,-0.020087946206331253,0.8107587695121765,0.5270026326179504,-0.0167696475982666
32,0.2878531813621521,0.4695691466331482,-1.7713595923396497e-07,0.262805700302124,0.44850844144821167,-0.00733852619305253,0.24985650181770325,0.4036635756492615,-0.009326819330453873,0.25720685720443726,0.36542943120002747,-0.01258955430239439,0.272288978099823,0.36283576488494873,-0.014137040823698044,0.2556692361831665,0.35966065526008606,0.0037592537701129913,0.25120946764945984,0.3088756501674652,-0.005742834880948067,0.24662642180919647,0.32065677642822266,-0.011986580677330494,0.2479141652584076,0.3434285819530487,-0.014637413434684277,0.2687983810901642,0.3527070879936218,0.0025799141731113195,0.26637160778045654,0.29588034749031067,-0.008046441711485386,0.25938865542411804,0.3128359913825989,-0.011981370858848095,0.2598661482334137,0.3407677710056305,-0.011136509478092194,0.2825014591217041,0.35316362977027893,-0.0010230580810457468,0.28196480870246887,0.3008112907409668,-0.010403532534837723,0.2745857834815979,0.3148602545261383,-0.011855149641633034,0.2750956118106842,0.3412493169307709,-0.009363487362861633,0.2973130941390991,0.3590813875198364,-0.005926740355789661,0.2964935004711151,0.3191101849079132,-0.012226585298776627,0.2901446223258972,0.32095128297805786,-0.013774379156529903,0.28893035650253296,0.33978480100631714,-0.012827426195144653,0.7925007343292236,0.629321813583374,-2.5443122808610497e-07,0.7695841789245605,0.593572735786438,-0.009290938265621662,0.7564758062362671,0.5448219776153564,-0.015932627022266388,0.7715480923652649,0.5235085487365723,-0.023525787517428398,0.7922020554542542,0.5402076244354248,-0.028919560834765434,0.7744548320770264,0.48453986644744873,-0.002700618002563715,0.7760018110275269,0.4348409175872803,-0.017261013388633728,0.7702452540397644,0.47203561663627625,-0.02665799669921398,0.7692100405693054,0.5001844167709351,-0.03150195628404617,0.792489230632782,0.4904356896877289,-0.004593513440340757,0.7959203720092773,0.4383063316345215,-0.01732182875275612,0.7877932190895081,0.48209303617477417,-0.01975236088037491,0.7857249975204468,0.509952962398529,-0.01877618208527565,0.8092292547225952,0.5033428072929382,-0.009301424026489258,0.8149384260177612,0.45337337255477905,-0.02036364935338497,0.8042539358139038,0.4910784363746643,-0.01663993112742901,0.8000140190124512,0.520213782787323,-0.011248468421399593,0.8256427645683289,0.5247520804405212,-0.015479620546102524,0.8278433084487915,0.4845404326915741,-0.022717386484146118,0.8171272277832031,0.5038716793060303,-0.020346008241176605,0.8109927177429199,0.5268197059631348,-0.016802377998828888
33,0.28721046447753906,0.4680714011192322,-1.778719678213747e-07,0.2615004777908325,0.44580310583114624,-0.00714004784822464,0.2492312788963318,0.3996458053588867,-0.008790433406829834,0.25860512256622314,0.36247873306274414,-0.01176141481846571,0.27471309900283813,0.36096543073654175,-0.013088365085422993,0.2554469704627991,0.3586445450782776,0.004055233672261238,0.25011005997657776,0.3086892366409302,-0.005733318626880646,0.24491077661514282,0.32149118185043335,-0.012094723992049694,0.2458711862564087,0.34480398893356323,-0.014677372761070728,0.2688155174255371,0.3511221408843994,0.0029215593822300434,0.26536083221435547,0.2956557869911194,-0.007856459356844425,0.25802797079086304,0.31340834498405457,-0.011648732237517834,0.2585153579711914,0.3418695628643036,-0.010543446987867355,0.2826937139034271,0.3514220416545868,-0.000665809668134898,0.2816699743270874,0.3003903925418854,-0.010096852667629719,0.274100124835968,0.31570976972579956,-0.01120795775204897,0.27468135952949524,0.34242311120033264,-0.008386335335671902,0.2976844012737274,0.35767412185668945,-0.005565380211919546,0.29671698808670044,0.32147130370140076,-0.011795494705438614,0.29089611768722534,0.3222947120666504,-0.013240686617791653,0.29033926129341125,0.33819514513015747,-0.012127582915127277,0.7929782271385193,0.6297232508659363,-2.513885704047425e-07,0.7698879837989807,0.5936157703399658,-0.009683435782790184,0.7569611668586731,0.5442864298820496,-0.016304373741149902,0.7724332809448242,0.5231651663780212,-0.023796124383807182,0.7927736639976501,0.5413253307342529,-0.02904151938855648,0.7750371694564819,0.48303020000457764,-0.0025462426710873842,0.7766755819320679,0.4346020221710205,-0.01698884181678295,0.7705731987953186,0.47298115491867065,-0.02639158070087433,0.7695112228393555,0.5017460584640503,-0.03122900053858757,0.792887806892395,0.4890110194683075,-0.004193697590380907,0.7961491942405701,0.4378238916397095,-0.016834693029522896,0.7875619530677795,0.48179835081100464,-0.019263925030827522,0.7854482531547546,0.5097174048423767,-0.018237251788377762,0.809347927570343,0.501987099647522,-0.008709662593901157,0.8147835731506348,0.4523424506187439,-0.020007342100143433,0.8036335110664368,0.4903963506221771,-0.01648854836821556,0.7993544340133667,0.520093560218811,-0.01108146458864212,0.8253597617149353,0.5236390829086304,-0.014714330434799194,0.8276030421257019,0.4830701947212219,-0.02239781804382801,0.816666305065155,0.5029993653297424,-0.020228968933224678,0.8103724122047424,0.5269320011138916,-0.01668119803071022
34,0.2865547239780426,0.46440762281417847,-1.628620509563916e-07,0.2617398798465729,0.44499891996383667,-0.007613837253302336,0.24866841733455658,0.3999953866004944,-0.010002502240240574,0.2561984658241272,0.3616597652435303,-0.013447257690131664,0.27150142192840576,0.35696184635162354,-0.015246029011905193,0.25408995151519775,0.35725706815719604,0.0023064748384058475,0.24871951341629028,0.30703839659690857,-0.007721906527876854,0.245347261428833,0.3188348114490509,-0.014339773915708065,0.24709556996822357,0.3425198793411255,-0.017222542315721512,0.26756390929222107,0.34910544753074646,0.001336543820798397,0.26368433237075806,0.2929275333881378,-0.008980963379144669,0.2578272521495819,0.31089600920677185,-0.012782431207597256,0.25909048318862915,0.3392072916030884,-0.012160331010818481,0.28180500864982605,0.3492848873138428,-0.0020059833768755198,0.28011253476142883,0.29724985361099243,-0.011065114289522171,0.27317431569099426,0.31288063526153564,-0.012065401300787926,0.2738713026046753,0.3393561840057373,-0.009605368599295616,0.29730480909347534,0.35567378997802734,-0.006637975107878447,0.2953455150127411,0.31795573234558105,-0.012672961689531803,0.28923299908638,0.3205035328865051,-0.013899958692491055,0.2881582975387573,0.33819133043289185,-0.012914098799228668,0.7914184927940369,0.6279826164245605,-2.44281920913636e-07,0.7687806487083435,0.5933372974395752,-0.009474764578044415,0.7578207850456238,0.5435216426849365,-0.01566864177584648,0.7736490964889526,0.5235735774040222,-0.022807735949754715,0.793047308921814,0.5415031313896179,-0.027894841507077217,0.7745299339294434,0.4835067689418793,-0.0020848915446549654,0.7757912278175354,0.4363577961921692,-0.015931423753499985,0.7704181671142578,0.4738999903202057,-0.024869287386536598,0.7695863246917725,0.5031935572624207,-0.02940833568572998,0.7924305200576782,0.4882112443447113,-0.003932955674827099,0.7957765460014343,0.4378657042980194,-0.016795771196484566,0.7876339554786682,0.4817264676094055,-0.019466713070869446,0.7855550646781921,0.5113185048103333,-0.018222849816083908,0.8089624643325806,0.5012790560722351,-0.008565323427319527,0.814944863319397,0.4528472125530243,-0.0198378749191761,0.8047377467155457,0.4903164803981781,-0.01670645922422409,0.8009815812110901,0.5201814770698547,-0.011420628055930138,0.8248406648635864,0.5233120918273926,-0.014664430171251297,0.8278869986534119,0.48524782061576843,-0.02226196974515915,0.8174159526824951,0.5047448873519897,-0.0202643945813179,0.8116959929466248,0.5281020998954773,-0.016780000180006027
35,0.2865547239780426,0.46440762281417847,-1.628620509563916e-07,0.2617398798465729,0.44499891996383667,-0.007613837253302336,0.24866841733455658,0.3999953866004944,-0.010002502240240574,0.2561984658241272,0.3616597652435303,-0.013447257690131664,0.27150142192840576,0.35696184635162354,-0.015246029011905193,0.25408995151519775,0.35725706815719604,0.0023064748384058475,0.24871951341629028,0.30703839659690857,-0.007721906527876854,0.245347261428833,0.3188348114490509,-0.014339773915708065,0.24709556996822357,0.3425198793411255,-0.017222542315721512,0.26756390929222107,0.34910544753074646,0.001336543820798397,0.26368433237075806,0.2929275333881378,-0.008980963379144669,0.2578272521495819,0.31089600920677185,-0.012782431207597256,0.25909048318862915,0.3392072916030884,-0.012160331010818481,0.28180500864982605,0.3492848873138428,-0.0020059833768755198,0.28011253476142883,0.29724985361099243,-0.011065114289522171,0.27317431569099426,0.31288063526153564,-0.012065401300787926,0.2738713026046753,0.3393561840057373,-0.009605368599295616,0.29730480909347534,0.35567378997802734,-0.006637975107878447,0.2953455150127411,0.31795573234558105,-0.012672961689531803,0.28923299908638,0.3205035328865051,-0.013899958692491055,0.2881582975387573,0.33819133043289185,-0.012914098799228668,0.7914184927940369,0.6279826164245605,-2.44281920913636e-07,0.7687806487083435,0.5933372974395752,-0.009474764578044415,0.7578207850456238,0.5435216426849365,-0.01566864177584648,0.7736490964889526,0.5235735774040222,-0.022807735949754715,0.793047308921814,0.5415031313896179,-0.027894841507077217,0.7745299339294434,0.4835067689418793,-0.0020848915446549654,0.7757912278175354,0.4363577961921692,-0.015931423753499985,0.7704181671142578,0.4738999903202057,-0.024869287386536598,0.7695863246917725,0.5031935572624207,-0.02940833568572998,0.7924305200576782,0.4882112443447113,-0.003932955674827099,0.7957765460014343,0.4378657042980194,-0.016795771196484566,0.7876339554786682,0.4817264676094055,-0.019466713070869446,0.7855550646781921,0.5113185048103333,-0.018222849816083908,0.8089624643325806,0.5012790560722351,-0.008565323427319527,0.814944863319397,0.4528472125530243,-0.0198378749191761,0.8047377467155457,0.4903164803981781,-0.01670645922422409,0.8009815812110901,0.5201814770698547,-0.011420628055930138,0.8248406648635864,0.5233120918273926,-0.014664430171251297,0.8278869986534119,0.48524782061576843,-0.02226196974515915,0.8174159526824951,0.5047448873519897,-0.0202643945813179,0.8116959929466248,0.5281020998954773,-0.016780000180006027
36,0.28429174423217773,0.4587642252445221,-1.8032625348496367e-07,0.2600865662097931,0.43684884905815125,-0.005627360660582781,0.24835166335105896,0.39356380701065063,-0.007407779805362225,0.256941556930542,0.35833585262298584,-0.010812654159963131,0.27224600315093994,0.3548737168312073,-0.012993758544325829,0.25338494777679443,0.35378506779670715,0.0038313097320497036,0.24851492047309875,0.3050132095813751,-0.005859672091901302,0.24224254488945007,0.31501543521881104,-0.011984873563051224,0.24235549569129944,0.3374049961566925,-0.014502570033073425,0.26641249656677246,0.3457182049751282,0.0018087978241965175,0.26356327533721924,0.28961458802223206,-0.008735044859349728,0.255326509475708,0.3065933287143707,-0.012419883161783218,0.2553669214248657,0.3348557651042938,-0.011566080152988434,0.28050804138183594,0.34588783979415894,-0.0023990673944354057,0.2794746160507202,0.29514366388320923,-0.0116452407091856,0.2713587284088135,0.3112741708755493,-0.012631942518055439,0.2718068063259125,0.33744296431541443,-0.010122193023562431,0.29608625173568726,0.35226970911026,-0.007676867302507162,0.29504916071891785,0.3150140643119812,-0.013598831370472908,0.28846943378448486,0.31944403052330017,-0.014420940540730953,0.2872686982154846,0.3376791775226593,-0.013213569298386574,0.7927140593528748,0.6290663480758667,-2.588067786746251e-07,0.7697616815567017,0.5936293601989746,-0.008982968516647816,0.757546067237854,0.5438884496688843,-0.015105390921235085,0.7729511857032776,0.5212149024009705,-0.022177625447511673,0.7931265234947205,0.538774311542511,-0.027174541726708412,0.7735916376113892,0.48372435569763184,-0.0019958156626671553,0.7747238874435425,0.43410295248031616,-0.015652641654014587,0.7701025605201721,0.4719492495059967,-0.024788500741124153,0.7694694399833679,0.5011242032051086,-0.029714247211813927,0.7922744750976562,0.48791128396987915,-0.0039390274323523045,0.7951540946960449,0.4359187185764313,-0.016076406463980675,0.7879099249839783,0.48071369528770447,-0.01902785338461399,0.7859302163124084,0.5090762972831726,-0.018558954820036888,0.8092339038848877,0.5004865527153015,-0.008520524948835373,0.814346969127655,0.4506039321422577,-0.01913595013320446,0.8049997091293335,0.4882115423679352,-0.01618780568242073,0.8012399077415466,0.5178072452545166,-0.011550785042345524,0.8255636692047119,0.5227610468864441,-0.014500402845442295,0.8277233839035034,0.4829427897930145,-0.02182120457291603,0.8178929090499878,0.502780020236969,-0.019924689084291458,0.8123878836631775,0.5264140963554382,-0.016831187531352043
37,0.281878262758255,0.45237666368484497,-1.4344800547405612e-07,0.2588573396205902,0.4355182349681854,-0.005878281779587269,0.2464504837989807,0.39222073554992676,-0.007769396994262934,0.2540625035762787,0.3560410737991333,-0.011169901117682457,0.27014195919036865,0.3527105748653412,-0.013165837153792381,0.25204047560691833,0.35097503662109375,0.0031685777939856052,0.24676835536956787,0.30319875478744507,-0.00645100511610508,0.24204400181770325,0.314995676279068,-0.012692748568952084,0.24395370483398438,0.33847615122795105,-0.01530457753688097,0.265226274728775,0.3437608778476715,0.0015015018871054053,0.26207971572875977,0.2894951105117798,-0.00859034899622202,0.25502872467041016,0.3055326044559479,-0.012230836786329746,0.25636613368988037,0.33181190490722656,-0.011415557935833931,0.2789009213447571,0.3446846008300781,-0.0023027171846479177,0.2779644727706909,0.2939207851886749,-0.011017421260476112,0.2707020342350006,0.3089677393436432,-0.01160757802426815,0.27191799879074097,0.3343046307563782,-0.008835668675601482,0.29387998580932617,0.35132119059562683,-0.007224014960229397,0.2927320897579193,0.3153016269207001,-0.013412080705165863,0.28728434443473816,0.31700247526168823,-0.014599625952541828,0.2873820662498474,0.3329619765281677,-0.01337966974824667,0.7928240299224854,0.6280215978622437,-2.592753958197136e-07,0.7694467306137085,0.5935774445533752,-0.008955526165664196,0.7571179866790771,0.5428741574287415,-0.014949978329241276,0.7723504304885864,0.5206015110015869,-0.02196640521287918,0.7925555109977722,0.5379300713539124,-0.02700967714190483,0.7729127407073975,0.4842647910118103,-0.0024880911223590374,0.7741919755935669,0.4329506754875183,-0.016026007011532784,0.7693066000938416,0.46962177753448486,-0.0245478767901659,0.768584668636322,0.4989915192127228,-0.028957495465874672,0.7915221452713013,0.4880184233188629,-0.004521677270531654,0.7944943904876709,0.4345971941947937,-0.016986947506666183,0.7869768738746643,0.47850361466407776,-0.01964663527905941,0.7851550579071045,0.5079619288444519,-0.018702656030654907,0.8086037039756775,0.5004618167877197,-0.009199383668601513,0.8137751817703247,0.4485686719417572,-0.020192446187138557,0.8040006756782532,0.4852726459503174,-0.01731262356042862,0.8002874255180359,0.5147866010665894,-0.012483225204050541,0.8250725865364075,0.5221092700958252,-0.015237977728247643,0.82684326171875,0.4815635085105896,-0.02277996391057968,0.8165521621704102,0.5004646182060242,-0.021054545417428017,0.8109695315361023,0.5238729119300842,-0.01798405684530735
38,0.281878262758255,0.45237666368484497,-1.4344800547405612e-07,0.2588573396205902,0.4355182349681854,-0.005878281779587269,0.2464504837989807,0.39222073554992676,-0.007769396994262934,0.2540625035762787,0.3560410737991333,-0.011169901117682457,0.27014195919036865,0.3527105748653412,-0.013165837153792381,0.25204047560691833,0.35097503662109375,0.0031685777939856052,0.24676835536956787,0.30319875478744507,-0.00645100511610508,0.24204400181770325,0.314995676279068,-0.012692748568952084,0.24395370483398438,0.33847615122795105,-0.01530457753688097,0.265226274728775,0.3437608778476715,0.0015015018871054053,0.26207971572875977,0.2894951105117798,-0.00859034899622202,0.25502872467041016,0.3055326044559479,-0.012230836786329746,0.25636613368988037,0.33181190490722656,-0.011415557935833931,0.2789009213447571,0.3446846008300781,-0.0023027171846479177,0.2779644727706909,0.2939207851886749,-0.011017421260476112,0.2707020342350006,0.3089677393436432,-0.01160757802426815,0.27191799879074097,0.3343046307563782,-0.008835668675601482,0.29387998580932617,0.35132119059562683,-0.007224014960229397,0.2927320897579193,0.3153016269207001,-0.013412080705165863,0.28728434443473816,0.31700247526168823,-0.014599625952541828,0.2873820662498474,0.3329619765281677,-0.01337966974824667,0.7928240299224854,0.6280215978622437,-2.592753958197136e-07,0.7694467306137085,0.5935774445533752,-0.008955526165664196,0.7571179866790771,0.5428741574287415,-0.014949978329241276,0.7723504304885864,0.5206015110015869,-0.02196640521287918,0.7925555109977722,0.5379300713539124,-0.02700967714190483,0.7729127407073975,0.4842647910118103,-0.0024880911223590374,0.7741919755935669,0.4329506754875183,-0.016026007011532784,0.7693066000938416,0.46962177753448486,-0.0245478767901659,0.768584668636322,0.4989915192127228,-0.028957495465874672,0.7915221452713013,0.4880184233188629,-0.004521677270531654,0.7944943904876709,0.4345971941947937,-0.016986947506666183,0.7869768738746643,0.47850361466407776,-0.01964663527905941,0.7851550579071045,0.5079619288444519,-0.018702656030654907,0.8086037039756775,0.5004618167877197,-0.009199383668601513,0.8137751817703247,0.4485686719417572,-0.020192446187138557,0.8040006756782532,0.4852726459503174,-0.01731262356042862,0.8002874255180359,0.5147866010665894,-0.012483225204050541,0.8250725865364075,0.5221092700958252,-0.015237977728247643,0.82684326171875,0.4815635085105896,-0.02277996391057968,0.8165521621704102,0.5004646182060242,-0.021054545417428017,0.8109695315361023,0.5238729119300842,-0.01798405684530735
39,0.28275543451309204,0.4539971947669983,-1.6996482088416087e-07,0.25726747512817383,0.43426403403282166,-0.005977228749543428,0.24541600048542023,0.38959965109825134,-0.007239470258355141,0.2537885308265686,0.3546789288520813,-0.009925272315740585,0.2682635188102722,0.3541163504123688,-0.011131282895803452,0.25015804171562195,0.34968963265419006,0.004250276368111372,0.24471288919448853,0.3012295663356781,-0.005150521174073219,0.2402207851409912,0.31503891944885254,-0.010980923660099506,0.24267208576202393,0.33882126212120056,-0.013284128159284592,0.2631444036960602,0.34250107407569885,0.002574510872364044,0.25979581475257874,0.28552746772766113,-0.00830027461051941,0.2529805302619934,0.30443018674850464,-0.011826915666460991,0.2547810971736908,0.3321551978588104,-0.010564969852566719,0.2768639922142029,0.3429323732852936,-0.0013766640331596136,0.2760044038295746,0.2914254069328308,-0.010873880237340927,0.26868048310279846,0.3070545196533203,-0.011832606047391891,0.2702149748802185,0.33207371830940247,-0.009076305665075779,0.29218775033950806,0.3491137623786926,-0.006426452659070492,0.29166659712791443,0.31050875782966614,-0.012386824004352093,0.2851221561431885,0.3162494897842407,-0.013256765902042389,0.2846710979938507,0.33588260412216187,-0.012023350223898888,0.792148232460022,0.6244220733642578,-2.5682692239570315e-07,0.7690407633781433,0.5920314788818359,-0.009439594112336636,0.7568495273590088,0.5415278077125549,-0.015490233898162842,0.7716005444526672,0.5185092091560364,-0.022474590688943863,0.7910657525062561,0.534417986869812,-0.027444222941994667,0.7730562090873718,0.4816206097602844,-0.002271130448207259,0.7742622494697571,0.43113499879837036,-0.01601407863199711,0.7691953182220459,0.4665825664997101,-0.024795090779662132,0.7686594128608704,0.49605438113212585,-0.02932264283299446,0.7913320064544678,0.48597225546836853,-0.004048680886626244,0.7941968441009521,0.4334924817085266,-0.017075320705771446,0.78667151927948,0.4771351218223572,-0.019999122247099876,0.7850366234779358,0.5069211721420288,-0.018969284370541573,0.8081305623054504,0.49846741557121277,-0.008548613637685776,0.8132064342498779,0.44787687063217163,-0.020225824788212776,0.8035099506378174,0.48438552021980286,-0.017444876953959465,0.7999537587165833,0.5138711929321289,-0.012390967458486557,0.8245372772216797,0.51987224817276,-0.014456823468208313,0.8267256617546082,0.4805557131767273,-0.02252127416431904,0.8164762258529663,0.4997323155403137,-0.020946497097611427,0.8109981417655945,0.5227628350257874,-0.017784589901566505
40,0.2823265492916107,0.4545532464981079,-1.6642594857785298e-07,0.2575637698173523,0.4357350766658783,-0.006246198434382677,0.24479606747627258,0.38951241970062256,-0.007957836613059044,0.2529201805591583,0.3527645766735077,-0.011080129072070122,0.2684585750102997,0.3529658019542694,-0.012696565128862858,0.2494032084941864,0.3498590588569641,0.002370508387684822,0.24525520205497742,0.2999919652938843,-0.007421671412885189,0.23920270800590515,0.3135942816734314,-0.013125812634825706,0.23950669169425964,0.33952710032463074,-0.015137053094804287,0.26209157705307007,0.34242212772369385,0.0009071536478586495,0.258658230304718,0.2856622040271759,-0.009164579212665558,0.25115177035331726,0.3030323386192322,-0.011682488024234772,0.2523329555988312,0.3313274383544922,-0.009931601583957672,0.2754868268966675,0.3432276248931885,-0.0028004348278045654,0.27447351813316345,0.2898842990398407,-0.011622695252299309,0.2669270932674408,0.3058641254901886,-0.011409476399421692,0.2682201862335205,0.33239609003067017,-0.007924841716885567,0.29073384404182434,0.3494897186756134,-0.007676395587623119,0.2901018559932709,0.3095991015434265,-0.013572100549936295,0.2838287353515625,0.3129635155200958,-0.014102838933467865,0.28331390023231506,0.3315156400203705,-0.012442236766219139,0.792201578617096,0.6252726316452026,-2.467248521043075e-07,0.7689726948738098,0.5919083952903748,-0.009403080679476261,0.7570765614509583,0.5422459840774536,-0.015386499464511871,0.7725099921226501,0.5200467705726624,-0.02215452305972576,0.7926077842712402,0.5375435948371887,-0.026807116344571114,0.7734047174453735,0.4824254512786865,-0.0023198979906737804,0.774761974811554,0.4334894120693207,-0.0153819490224123,0.7702438235282898,0.4694676101207733,-0.023975791409611702,0.7692191004753113,0.49786174297332764,-0.028563091531395912,0.7916997075080872,0.48639512062072754,-0.003852830035611987,0.7945151925086975,0.43499040603637695,-0.015744265168905258,0.78769850730896,0.4775562882423401,-0.0184432752430439,0.7854499816894531,0.5060374736785889,-0.017698772251605988,0.8083494901657104,0.4986583888530731,-0.008018655702471733,0.8135174512863159,0.4499521553516388,-0.018584992736577988,0.8045303225517273,0.4859152138233185,-0.015788622200489044,0.8005914092063904,0.514890193939209,-0.011147077195346355,0.8245507478713989,0.5202531218528748,-0.013606073334813118,0.8269527554512024,0.48190125823020935,-0.021110836416482925,0.8175134658813477,0.5006517767906189,-0.019550373777747154,0.8117576241493225,0.5234934687614441,-0.016605092212557793
