frame,feature_0,feature_1,feature_2,feature_3,feature_4,feature_5,feature_6,feature_7,feature_8,feature_9,feature_10,feature_11,feature_12,feature_13,feature_14,feature_15,feature_16,feature_17,feature_18,feature_19,feature_20,feature_21,feature_22,feature_23,feature_24,feature_25,feature_26,feature_27,feature_28,feature_29,feature_30,feature_31,feature_32,feature_33,feature_34,feature_35,feature_36,feature_37,feature_38,feature_39,feature_40,feature_41,feature_42,feature_43,feature_44,feature_45,feature_46,feature_47,feature_48,feature_49,feature_50,feature_51,feature_52,feature_53,feature_54,feature_55,feature_56,feature_57,feature_58,feature_59,feature_60,feature_61,feature_62,feature_63,feature_64,feature_65,feature_66,feature_67,feature_68,feature_69,feature_70,feature_71,feature_72,feature_73,feature_74,feature_75,feature_76,feature_77,feature_78,feature_79,feature_80,feature_81,feature_82,feature_83,feature_84,feature_85,feature_86,feature_87,feature_88,feature_89,feature_90,feature_91,feature_92,feature_93,feature_94,feature_95,feature_96,feature_97,feature_98,feature_99,feature_100,feature_101,feature_102,feature_103,feature_104,feature_105,feature_106,feature_107,feature_108,feature_109,feature_110,feature_111,feature_112,feature_113,feature_114,feature_115,feature_116,feature_117,feature_118,feature_119,feature_120,feature_121,feature_122,feature_123,feature_124,feature_125
1,0.3756331205368042,0.47709256410598755,-1.502119317819961e-07,0.3583202362060547,0.4539860486984253,-0.005448105279356241,0.35233747959136963,0.41404226422309875,-0.008063498884439468,0.3620406687259674,0.38614708185195923,-0.011627263389527798,0.375029057264328,0.3853367269039154,-0.013893033377826214,0.355827659368515,0.3772500157356262,-0.0002987988409586251,0.35714754462242126,0.33269596099853516,-0.008368071168661118,0.35540515184402466,0.34429025650024414,-0.013945624232292175,0.3547344505786896,0.36572885513305664,-0.016590481624007225,0.36817464232444763,0.375449538230896,-0.0016739140264689922,0.36995112895965576,0.32681453227996826,-0.009227164089679718,0.3670359253883362,0.3417636752128601,-0.01268149446696043,0.3664472997188568,0.36453747749328613,-0.013330901972949505,0.38051921129226685,0.3800073564052582,-0.004585664253681898,0.3842078447341919,0.33258864283561707,-0.010757367126643658,0.3803352117538452,0.3449242413043976,-0.011330963112413883,0.37895363569259644,0.36627355217933655,-0.010158170014619827,0.3928776681423187,0.3893880248069763,-0.008420325815677643,0.39489758014678955,0.3554608225822449,-0.012203618884086609,0.39137592911720276,0.35553640127182007,-0.012523023411631584,0.38948947191238403,0.3678797781467438,-0.011937898583710194,0.7559864521026611,0.6063518524169922,-2.2064003246669017e-07,0.7366356253623962,0.5790531635284424,-0.00843773689121008,0.7273487448692322,0.535344660282135,-0.013677123002707958,0.7401862740516663,0.5179247260093689,-0.019859956577420235,0.7563490271568298,0.5333173871040344,-0.024206364527344704,0.7426970601081848,0.48511677980422974,-0.0016421815380454063,0.7436014413833618,0.44260603189468384,-0.013859457336366177,0.7378230094909668,0.47395825386047363,-0.021245202049613,0.7368839383125305,0.5001968145370483,-0.02471851371228695,0.7577873468399048,0.4891829490661621,-0.0029608069453388453,0.7603267431259155,0.44530898332595825,-0.015101070515811443,0.7520483136177063,0.48255494236946106,-0.01758502423763275,0.7501782178878784,0.5093358755111694,-0.016003817319869995,0.7719626426696777,0.4999013841152191,-0.006733000744134188,0.7756171822547913,0.4585607945919037,-0.017254404723644257,0.7655492424964905,0.49037548899650574,-0.014804638922214508,0.7624726295471191,0.5163869261741638,-0.009834082797169685,0.7857256531715393,0.5173225998878479,-0.01175279077142477,0.7857788801193237,0.48569756746292114,-0.0182331632822752,0.7763577699661255,0.5013643503189087,-0.01675070822238922,0.7725319266319275,0.5206783413887024,-0.01366669312119484
2,0.3756331205368042,0.47709256410598755,-1.502119317819961e-07,0.3583202362060547,0.4539860486984253,-0.005448105279356241,0.35233747959136963,0.41404226422309875,-0.008063498884439468,0.3620406687259674,0.38614708185195923,-0.011627263389527798,0.375029057264328,0.3853367269039154,-0.013893033377826214,0.355827659368515,0.3772500157356262,-0.0002987988409586251,0.35714754462242126,0.33269596099853516,-0.008368071168661118,0.35540515184402466,0.34429025650024414,-0.013945624232292175,0.3547344505786896,0.36572885513305664,-0.016590481624007225,0.36817464232444763,0.375449538230896,-0.0016739140264689922,0.36995112895965576,0.32681453227996826,-0.009227164089679718,0.3670359253883362,0.3417636752128601,-0.01268149446696043,0.3664472997188568,0.36453747749328613,-0.013330901972949505,0.38051921129226685,0.3800073564052582,-0.004585664253681898,0.3842078447341919,0.33258864283561707,-0.010757367126643658,0.3803352117538452,0.3449242413043976,-0.011330963112413883,0.37895363569259644,0.36627355217933655,-0.010158170014619827,0.3928776681423187,0.3893880248069763,-0.008420325815677643,0.39489758014678955,0.3554608225822449,-0.012203618884086609,0.39137592911720276,0.35553640127182007,-0.012523023411631584,0.38948947191238403,0.3678797781467438,-0.011937898583710194,0.7559864521026611,0.6063518524169922,-2.2064003246669017e-07,0.7366356253623962,0.5790531635284424,-0.00843773689121008,0.7273487448692322,0.535344660282135,-0.013677123002707958,0.7401862740516663,0.5179247260093689,-0.019859956577420235,0.7563490271568298,0.5333173871040344,-0.024206364527344704,0.7426970601081848,0.48511677980422974,-0.0016421815380454063,0.7436014413833618,0.44260603189468384,-0.013859457336366177,0.7378230094909668,0.47395825386047363,-0.021245202049613,0.7368839383125305,0.5001968145370483,-0.02471851371228695,0.7577873468399048,0.4891829490661621,-0.0029608069453388453,0.7603267431259155,0.44530898332595825,-0.015101070515811443,0.7520483136177063,0.48255494236946106,-0.01758502423763275,0.7501782178878784,0.5093358755111694,-0.016003817319869995,0.7719626426696777,0.4999013841152191,-0.006733000744134188,0.7756171822547913,0.4585607945919037,-0.017254404723644257,0.7655492424964905,0.49037548899650574,-0.014804638922214508,0.7624726295471191,0.5163869261741638,-0.009834082797169685,0.7857256531715393,0.5173225998878479,-0.01175279077142477,0.7857788801193237,0.48569756746292114,-0.0182331632822752,0.7763577699661255,0.5013643503189087,-0.01675070822238922,0.7725319266319275,0.5206783413887024,-0.01366669312119484
3,0.3768729269504547,0.47333618998527527,-1.7728936541061557e-07,0.3591421842575073,0.4509756863117218,-0.005647764541208744,0.3529992401599884,0.41383975744247437,-0.00831332616508007,0.3631203770637512,0.3872629702091217,-0.01182296872138977,0.37644293904304504,0.38447028398513794,-0.013868452049791813,0.35646167397499084,0.37695977091789246,0.00037108862306922674,0.357947438955307,0.3329605460166931,-0.007644027471542358,0.3550756275653839,0.34621378779411316,-0.013007995672523975,0.35401707887649536,0.36826634407043457,-0.015543914400041103,0.36923184990882874,0.37422463297843933,-0.0007290957728400826,0.3705100417137146,0.32405316829681396,-0.008537021465599537,0.3670143187046051,0.342422753572464,-0.01173105463385582,0.3664140999317169,0.3651749789714813,-0.012169376946985722,0.3814229369163513,0.3775253891944885,-0.003441683715209365,0.3840300440788269,0.32968348264694214,-0.009796950966119766,0.3800455927848816,0.34508633613586426,-0.009597365744411945,0.3789595067501068,0.3666134476661682,-0.007921568118035793,0.39411795139312744,0.38682109117507935,-0.007092526648193598,0.3951532542705536,0.35277003049850464,-0.010620790533721447,0.39143693447113037,0.35584014654159546,-0.010184530168771744,0.38925373554229736,0.36889174580574036,-0.009145918302237988,0.7561482787132263,0.6053352355957031,-2.2135151311886148e-07,0.7361995577812195,0.5773454904556274,-0.008113504387438297,0.7267065048217773,0.5337784290313721,-0.012951750308275223,0.7398682236671448,0.5157325863838196,-0.0187116339802742,0.7560769319534302,0.5306801199913025,-0.02265169471502304,0.7420939803123474,0.48322048783302307,-0.0010608338052406907,0.7426797747612,0.4421302080154419,-0.012912366539239883,0.7375451922416687,0.4730973541736603,-0.020123707130551338,0.73671954870224,0.49851542711257935,-0.023554222658276558,0.7572095990180969,0.4870588481426239,-0.002361670369282365,0.759188175201416,0.44406819343566895,-0.014048818498849869,0.7515385150909424,0.4813525974750519,-0.01628291793167591,0.7499233484268188,0.5073264241218567,-0.014635700732469559,0.7714683413505554,0.4979562759399414,-0.00609913794323802,0.7744905352592468,0.4579143226146698,-0.01642845943570137,0.7649255394935608,0.489946186542511,-0.013913050293922424,0.7621634006500244,0.5151752829551697,-0.008945339359343052,0.7853116393089294,0.5158373713493347,-0.011039924807846546,0.7846533060073853,0.4845253825187683,-0.017431024461984634,0.7757450342178345,0.5000935196876526,-0.01588999480009079,0.7723665833473206,0.5184149146080017,-0.012770066037774086
4,0.3781994879245758,0.47561147809028625,-1.5332682323787594e-07,0.3606843054294586,0.45404890179634094,-0.005861116573214531,0.3551124334335327,0.4153469502925873,-0.008020116947591305,0.36570706963539124,0.387694776058197,-0.010872875340282917,0.37875521183013916,0.381467342376709,-0.0124541400000453,0.3569680154323578,0.3775201737880707,0.0012328161392360926,0.3579307496547699,0.33362507820129395,-0.006197786889970303,0.35663992166519165,0.34419766068458557,-0.011639307253062725,0.3562242090702057,0.36564624309539795,-0.014170970767736435,0.3696911633014679,0.3744165003299713,0.0005411772290244699,0.37014439702033997,0.32641154527664185,-0.006573752965778112,0.3676142990589142,0.3415474593639374,-0.010392791591584682,0.36704152822494507,0.36548686027526855,-0.011227849870920181,0.38235238194465637,0.3768678307533264,-0.0017942505655810237,0.3839934468269348,0.3306511640548706,-0.008027211762964725,0.380703330039978,0.34407415986061096,-0.009108154103159904,0.37976983189582825,0.3659934401512146,-0.008197138085961342,0.39507392048835754,0.3837891221046448,-0.004990978166460991,0.39437294006347656,0.35111480951309204,-0.009096869267523289,0.3910253345966339,0.3542173206806183,-0.009435094892978668,0.38988032937049866,0.3674717843532562,-0.008716462180018425,0.7543243765830994,0.6046104431152344,-2.283085223098169e-07,0.735185444355011,0.5764774084091187,-0.007561278063803911,0.7245144844055176,0.5336692929267883,-0.01244638953357935,0.73601895570755,0.5141092538833618,-0.01833106391131878,0.7524093389511108,0.5260618925094604,-0.022494710981845856,0.7412439584732056,0.48318153619766235,-0.0013311973307281733,0.7426124811172485,0.44004493951797485,-0.013176614418625832,0.7370032072067261,0.47000452876091003,-0.02024688385426998,0.7360964417457581,0.4957562983036041,-0.02357168309390545,0.7564185261726379,0.4874926209449768,-0.0029406517278403044,0.7593742609024048,0.44295433163642883,-0.014642976224422455,0.7510520219802856,0.47988659143447876,-0.016847755759954453,0.7489287853240967,0.5065951347351074,-0.015255044214427471,0.7706320881843567,0.4986158609390259,-0.006880086846649647,0.7748094201087952,0.4576073884963989,-0.017280183732509613,0.7646008729934692,0.4892255365848541,-0.01465351227670908,0.761055588722229,0.5148909091949463,-0.009665523655712605,0.784176230430603,0.5167601108551025,-0.011940031312406063,0.7845770120620728,0.484378844499588,-0.018532853573560715,0.7748836874961853,0.5001792907714844,-0.01689971052110195,0.7705550789833069,0.5195019245147705,-0.01372836995869875
5,0.37742888927459717,0.47139430046081543,-1.4195396147442807e-07,0.3602469861507416,0.44996607303619385,-0.00532508734613657,0.3542366623878479,0.411408931016922,-0.007533103693276644,0.36444348096847534,0.3839817941188812,-0.010610737837851048,0.3778184950351715,0.38123413920402527,-0.012556626461446285,0.3580038249492645,0.37408095598220825,0.00045183321344666183,0.35865622758865356,0.3304704427719116,-0.00699190329760313,0.35738903284072876,0.3401569724082947,-0.012201295234262943,0.35693392157554626,0.3599780797958374,-0.014667666517198086,0.3705623745918274,0.3724842667579651,-0.0008626431808806956,0.37197113037109375,0.3244270980358124,-0.007858499884605408,0.3697599172592163,0.3377315402030945,-0.011285633780062199,0.3689010739326477,0.35928279161453247,-0.012000828981399536,0.3828428387641907,0.37687286734580994,-0.0037071644328534603,0.3861438035964966,0.3317137658596039,-0.009709368459880352,0.3829894959926605,0.34402939677238464,-0.010394913144409657,0.38147199153900146,0.3640463054180145,-0.009342975914478302,0.39506036043167114,0.38576826453208923,-0.007425784599035978,0.39579248428344727,0.351851224899292,-0.011282659135758877,0.3923018276691437,0.3541342616081238,-0.011370052583515644,0.39029738306999207,0.3666877746582031,-0.010600133799016476,0.7539112567901611,0.6011639833450317,-1.8243974864162738e-07,0.7347139120101929,0.5732263922691345,-0.009349876083433628,0.7254043221473694,0.5324957966804504,-0.014790408313274384,0.7392216920852661,0.516612708568573,-0.02085348777472973,0.7558367848396301,0.5320368409156799,-0.02523566409945488,0.7410045266151428,0.48285725712776184,-0.0026374096050858498,0.7430720925331116,0.43925026059150696,-0.014234518632292747,0.7374892830848694,0.4654056429862976,-0.021311510354280472,0.7360489964485168,0.4883912205696106,-0.02478226274251938,0.7557770609855652,0.48663145303726196,-0.0035064483527094126,0.7592054009437561,0.4417988061904907,-0.015262226574122906,0.7514514923095703,0.4746592938899994,-0.01821204088628292,0.7492084503173828,0.49856463074684143,-0.017179567366838455,0.7690695524215698,0.49686571955680847,-0.006772201508283615,0.7740488052368164,0.45687100291252136,-0.017181560397148132,0.7642706632614136,0.4864486753940582,-0.0154475262388587,0.7605149149894714,0.5105808973312378,-0.011091038584709167,0.7819756865501404,0.5142630934715271,-0.011304290033876896,0.7838765978813171,0.4829256236553192,-0.017957326024770737,0.7749972939491272,0.4979415237903595,-0.01682361029088497,0.7708514928817749,0.5161141753196716,-0.014046309515833855
6,0.37888532876968384,0.4710279405117035,-1.4098715439558873e-07,0.3615294098854065,0.44941583275794983,-0.005573434755206108,0.35492217540740967,0.4096144139766693,-0.00745981652289629,0.3643551468849182,0.3799837529659271,-0.010082300752401352,0.3778463304042816,0.37539398670196533,-0.011466709896922112,0.35890448093414307,0.3743806481361389,0.0008887110161595047,0.3603723645210266,0.33075085282325745,-0.006690891459584236,0.3590520918369293,0.33782386779785156,-0.011789072304964066,0.3583105802536011,0.3577219545841217,-0.013965100049972534,0.370959609746933,0.3714323341846466,0.0002626476634759456,0.3719410002231598,0.32382678985595703,-0.006707943044602871,0.36951684951782227,0.3370615541934967,-0.009827621281147003,0.36894410848617554,0.35915765166282654,-0.01013473141938448,0.38311588764190674,0.3743138611316681,-0.001983735943213105,0.3851741552352905,0.32867228984832764,-0.007852315902709961,0.381600946187973,0.34195366501808167,-0.008282642811536789,0.38022416830062866,0.3630102574825287,-0.0069262864999473095,0.3954172432422638,0.38177868723869324,-0.005101288668811321,0.3952614665031433,0.3476031720638275,-0.00904060248285532,0.39172738790512085,0.3516734838485718,-0.009190293028950691,0.3900167942047119,0.3666093647480011,-0.008266269229352474,0.7535991668701172,0.6032192707061768,-2.0815244283767242e-07,0.7336981892585754,0.5724571943283081,-0.0082137705758214,0.7250346541404724,0.5313315987586975,-0.013288542628288269,0.7396568059921265,0.5150864720344543,-0.01938476786017418,0.756439745426178,0.5298001766204834,-0.02380632795393467,0.7398500442504883,0.4830593466758728,-0.0007963879615999758,0.7411511540412903,0.4388781189918518,-0.012663803994655609,0.7357334494590759,0.46804749965667725,-0.019792068749666214,0.7347139716148376,0.49260321259498596,-0.023127323016524315,0.7546732425689697,0.4870826005935669,-0.0021765532437711954,0.7580243945121765,0.4407826364040375,-0.01401165034621954,0.7502012252807617,0.4763635993003845,-0.01638222299516201,0.7481070756912231,0.5017005205154419,-0.014866109006106853,0.768508791923523,0.49737587571144104,-0.006041464861482382,0.7731958031654358,0.4556600749492645,-0.016333719715476036,0.7636078000068665,0.48696383833885193,-0.01373018603771925,0.7604133486747742,0.5117233991622925,-0.008792883716523647,0.78206467628479,0.5143890976905823,-0.011134578846395016,0.7826574444770813,0.48218467831611633,-0.017084546387195587,0.7737143039703369,0.4982181191444397,-0.015135543420910835,0.7698006629943848,0.5169588923454285,-0.011905872263014317
7,0.37865445017814636,0.4694831073284149,-1.3973827606150735e-07,0.3618400990962982,0.44891446828842163,-0.00518200034275651,0.35619673132896423,0.41070887446403503,-0.005784268490970135,0.363064706325531,0.3795994520187378,-0.007024090737104416,0.37310755252838135,0.37016230821609497,-0.006893891375511885,0.3595080077648163,0.3731238842010498,0.002335586352273822,0.35935935378074646,0.33032864332199097,-0.004836817272007465,0.3577987551689148,0.3345721662044525,-0.00917435996234417,0.35729148983955383,0.35393670201301575,-0.01054601650685072,0.3712894022464752,0.36936110258102417,0.0019146829145029187,0.3714565932750702,0.32168048620224,-0.00537502858787775,0.36892959475517273,0.33270490169525146,-0.007971832528710365,0.36877891421318054,0.3553766906261444,-0.0072357202880084515,0.3834282159805298,0.3722689747810364,-0.000200245704036206,0.38534799218177795,0.32754990458488464,-0.007019109558314085,0.3818143606185913,0.33752694725990295,-0.007432953454554081,0.381330668926239,0.35775843262672424,-0.005321659613400698,0.39575210213661194,0.3797171115875244,-0.003085312433540821,0.39653488993644714,0.34715282917022705,-0.008444076403975487,0.3927440345287323,0.3486020267009735,-0.009264379739761353,0.3908090591430664,0.3629796504974365,-0.008133540861308575,0.7528915405273438,0.6011974215507507,-2.1317353571248532e-07,0.7327374219894409,0.5744116306304932,-0.0086213955655694,0.7233559489250183,0.5309931039810181,-0.013582713901996613,0.7369598150253296,0.5134038329124451,-0.01928103342652321,0.7537727952003479,0.5283697843551636,-0.023112377151846886,0.73790442943573,0.4813207983970642,-0.0019961190409958363,0.739884078502655,0.4383285343647003,-0.013691803440451622,0.7348446249961853,0.4693288505077362,-0.020621029660105705,0.7338119745254517,0.4941646456718445,-0.023884903639554977,0.7532455325126648,0.4852701425552368,-0.0029491058085113764,0.7569371461868286,0.4406198263168335,-0.014154576696455479,0.7495315670967102,0.4766943156719208,-0.01615065336227417,0.7472983598709106,0.5015221238136292,-0.014627758413553238,0.7674416303634644,0.4959227740764618,-0.006335081998258829,0.7724996209144592,0.45573240518569946,-0.01644286699593067,0.7630886435508728,0.4865577816963196,-0.014006376266479492,0.759234607219696,0.5108278393745422,-0.00931526068598032,0.7812545895576477,0.5131160616874695,-0.010959455743432045,0.7830896377563477,0.4811246991157532,-0.01747266761958599,0.7738798260688782,0.4970012903213501,-0.016066184267401695,0.7689404487609863,0.5157619714736938,-0.013204894959926605
8,0.37910157442092896,0.4687674343585968,-1.4104547574333992e-07,0.36190372705459595,0.44786903262138367,-0.005824204534292221,0.35536643862724304,0.4080222547054291,-0.007461238652467728,0.36359572410583496,0.3779783844947815,-0.009705474600195885,0.37593668699264526,0.3732989430427551,-0.010642037726938725,0.3594419062137604,0.37176063656806946,0.0010951145086437464,0.35983484983444214,0.32804492115974426,-0.00655016815289855,0.35794124007225037,0.3355482220649719,-0.011433823965489864,0.357460081577301,0.3558659553527832,-0.013402847573161125,0.37155070900917053,0.36839115619659424,0.0005430891760624945,0.3719382584095001,0.3202415406703949,-0.0071167671121656895,0.3691190183162689,0.33450448513031006,-0.010130430571734905,0.3691246807575226,0.35767102241516113,-0.00989452563226223,0.3837454915046692,0.37152931094169617,-0.001705020316876471,0.3857186734676361,0.32573840022087097,-0.008563154377043247,0.3819938898086548,0.3386525511741638,-0.009270845912396908,0.3814646303653717,0.3596559464931488,-0.007615635637193918,0.39608073234558105,0.37944599986076355,-0.004795950837433338,0.3956145942211151,0.34674397110939026,-0.009907572530210018,0.3921199440956116,0.3499026298522949,-0.010772938840091228,0.3909263014793396,0.3642440736293793,-0.009980983100831509,0.7523053884506226,0.6005302667617798,-2.1416923345896066e-07,0.7328416109085083,0.5732753276824951,-0.007866346277296543,0.7234556674957275,0.5304911136627197,-0.012799525633454323,0.7366194725036621,0.5132633447647095,-0.018681427463889122,0.7531779408454895,0.5281040668487549,-0.022787438705563545,0.7373144626617432,0.48172587156295776,-0.0019259428372606635,0.7402388453483582,0.43760088086128235,-0.013530240394175053,0.7350651025772095,0.4677847623825073,-0.02035888098180294,0.734025239944458,0.49205511808395386,-0.02365591563284397,0.7525503635406494,0.48587918281555176,-0.0033296828623861074,0.7569535970687866,0.4403260350227356,-0.014209450222551823,0.7493813037872314,0.4763939082622528,-0.015978585928678513,0.7472333908081055,0.50075763463974,-0.014494691975414753,0.7668042182922363,0.4963851273059845,-0.0070780739188194275,0.7724862694740295,0.4546441435813904,-0.016484608873724937,0.7630596160888672,0.48533156514167786,-0.013529832474887371,0.7593246698379517,0.509048581123352,-0.008798148483037949,0.7807152271270752,0.5133519768714905,-0.012045972049236298,0.7827199101448059,0.48076435923576355,-0.017784014344215393,0.7736161947250366,0.49638593196868896,-0.01588939130306244,0.7689299583435059,0.5144831538200378,-0.012935466133058071
9,0.37910157442092896,0.4687674343585968,-1.4104547574333992e-07,0.36190372705459595,0.44786903262138367,-0.005824204534292221,0.35536643862724304,0.4080222547054291,-0.007461238652467728,0.36359572410583496,0.3779783844947815,-0.009705474600195885,0.37593668699264526,0.3732989430427551,-0.010642037726938725,0.3594419062137604,0.37176063656806946,0.0010951145086437464,0.35983484983444214,0.32804492115974426,-0.00655016815289855,0.35794124007225037,0.3355482220649719,-0.011433823965489864,0.357460081577301,0.3558659553527832,-0.013402847573161125,0.37155070900917053,0.36839115619659424,0.0005430891760624945,0.3719382584095001,0.3202415406703949,-0.0071167671121656895,0.3691190183162689,0.33450448513031006,-0.010130430571734905,0.3691246807575226,0.35767102241516113,-0.00989452563226223,0.3837454915046692,0.37152931094169617,-0.001705020316876471,0.3857186734676361,0.32573840022087097,-0.008563154377043247,0.3819938898086548,0.3386525511741638,-0.009270845912396908,0.3814646303653717,0.3596559464931488,-0.007615635637193918,0.39608073234558105,0.37944599986076355,-0.004795950837433338,0.3956145942211151,0.34674397110939026,-0.009907572530210018,0.3921199440956116,0.3499026298522949,-0.010772938840091228,0.3909263014793396,0.3642440736293793,-0.009980983100831509,0.7523053884506226,0.6005302667617798,-2.1416923345896066e-07,0.7328416109085083,0.5732753276824951,-0.007866346277296543,0.7234556674957275,0.5304911136627197,-0.012799525633454323,0.7366194725036621,0.5132633447647095,-0.018681427463889122,0.7531779408454895,0.5281040668487549,-0.022787438705563545,0.7373144626617432,0.48172587156295776,-0.0019259428372606635,0.7402388453483582,0.43760088086128235,-0.013530240394175053,0.7350651025772095,0.4677847623825073,-0.02035888098180294,0.734025239944458,0.49205511808395386,-0.02365591563284397,0.7525503635406494,0.48587918281555176,-0.0033296828623861074,0.7569535970687866,0.4403260350227356,-0.014209450222551823,0.7493813037872314,0.4763939082622528,-0.015978585928678513,0.7472333908081055,0.50075763463974,-0.014494691975414753,0.7668042182922363,0.4963851273059845,-0.0070780739188194275,0.7724862694740295,0.4546441435813904,-0.016484608873724937,0.7630596160888672,0.48533156514167786,-0.013529832474887371,0.7593246698379517,0.509048581123352,-0.008798148483037949,0.7807152271270752,0.5133519768714905,-0.012045972049236298,0.7827199101448059,0.48076435923576355,-0.017784014344215393,0.7736161947250366,0.49638593196868896,-0.01588939130306244,0.7689299583435059,0.5144831538200378,-0.012935466133058071
10,0.37965288758277893,0.46975231170654297,-1.3145618993348762e-07,0.3625073730945587,0.44771283864974976,-0.006330480333417654,0.35627901554107666,0.409376323223114,-0.008270506747066975,0.36442452669143677,0.380138099193573,-0.01079059112817049,0.3754217326641083,0.3744244873523712,-0.012013804167509079,0.35962533950805664,0.37237098813056946,0.0006553618586622179,0.3603667616844177,0.329799622297287,-0.007079924922436476,0.35938769578933716,0.33756399154663086,-0.012483261525630951,0.3587190508842468,0.3586556911468506,-0.014778762124478817,0.3720432221889496,0.36960095167160034,0.0002541797002777457,0.37257543206214905,0.3217041492462158,-0.007298527285456657,0.37024080753326416,0.3328001797199249,-0.011183014139533043,0.3697451949119568,0.3553999066352844,-0.01189513225108385,0.3844786286354065,0.3730771541595459,-0.0018743020482361317,0.3868453800678253,0.32856637239456177,-0.008535533212125301,0.3837028443813324,0.33738553524017334,-0.010436581447720528,0.382827490568161,0.3573238253593445,-0.009910925291478634,0.39671823382377625,0.38132086396217346,-0.004893618635833263,0.3966396749019623,0.34933358430862427,-0.009442124515771866,0.3938140273094177,0.3476898968219757,-0.010847336612641811,0.3928992450237274,0.35832154750823975,-0.01082273293286562,0.7531309723854065,0.5991002321243286,-2.0772709774519171e-07,0.7331819534301758,0.5742917060852051,-0.00824559573084116,0.7227217555046082,0.5319126844406128,-0.013120104558765888,0.7348509430885315,0.5121856927871704,-0.018776629120111465,0.7516078352928162,0.5252830386161804,-0.02260865457355976,0.7376906871795654,0.4813968241214752,-0.0018135366262868047,0.7397030591964722,0.4380059540271759,-0.01318363193422556,0.7348765730857849,0.4670969545841217,-0.01983180269598961,0.7339383363723755,0.4910728931427002,-0.023030756041407585,0.752727210521698,0.48471665382385254,-0.003039277857169509,0.7559720277786255,0.43983837962150574,-0.014103024266660213,0.749140739440918,0.475739061832428,-0.01609269343316555,0.7475581765174866,0.5002005696296692,-0.014583181589841843,0.7667734622955322,0.4950529932975769,-0.006621010601520538,0.7713637351989746,0.4542436897754669,-0.016663622111082077,0.7623440623283386,0.48524191975593567,-0.014157895930111408,0.759033739566803,0.5089006423950195,-0.009476329199969769,0.7805669903755188,0.5125035047531128,-0.01137358509004116,0.7816831469535828,0.48064661026000977,-0.017839208245277405,0.7728177905082703,0.4967272877693176,-0.016362318769097328,0.7684667706489563,0.514911413192749,-0.0134867699816823
11,0.3798377513885498,0.4685076177120209,-1.411058434541701e-07,0.3626340329647064,0.44879913330078125,-0.00619438337162137,0.3559674024581909,0.40984323620796204,-0.008252083323895931,0.36370590329170227,0.37856972217559814,-0.011038822121918201,0.375703901052475,0.37239012122154236,-0.012402933090925217,0.3589401841163635,0.3719574809074402,0.0006856521358713508,0.3598499596118927,0.32782939076423645,-0.007069129962474108,0.3587173521518707,0.3366886377334595,-0.011914224363863468,0.3585803806781769,0.3575644791126251,-0.013792037032544613,0.3710932433605194,0.36884379386901855,4.2735169699881226e-05,0.371827632188797,0.3197939097881317,-0.007759923115372658,0.36934083700180054,0.33397117257118225,-0.010799692012369633,0.369366317987442,0.3571614623069763,-0.010592453181743622,0.3835085332393646,0.3719659447669983,-0.002320394851267338,0.38553470373153687,0.32622113823890686,-0.009458564221858978,0.38188326358795166,0.3391399085521698,-0.010009494610130787,0.38113588094711304,0.3605324923992157,-0.008136514574289322,0.39605146646499634,0.37953585386276245,-0.005575363524258137,0.39626023173332214,0.3450157344341278,-0.01038000825792551,0.3927770256996155,0.3469713628292084,-0.010745910927653313,0.3912612199783325,0.3609708249568939,-0.009630602784454823,0.7530965805053711,0.599513053894043,-2.0234242015249038e-07,0.7330697178840637,0.5717304944992065,-0.008140907622873783,0.7233933210372925,0.5296676158905029,-0.01302808616310358,0.7373127341270447,0.5121237635612488,-0.01875595562160015,0.7544184327125549,0.5267133712768555,-0.02273002453148365,0.7376765012741089,0.48042476177215576,-0.001618509879335761,0.7389834523200989,0.43748313188552856,-0.013454881496727467,0.7341334819793701,0.46855229139328003,-0.020456328988075256,0.7337309122085571,0.49318647384643555,-0.02375551126897335,0.7526681423187256,0.48427486419677734,-0.003060002578422427,0.756330132484436,0.43844684958457947,-0.014621539041399956,0.7490972280502319,0.4754413664340973,-0.016669824719429016,0.747498095035553,0.49980583786964417,-0.014989812858402729,0.7663691639900208,0.49472635984420776,-0.006903109140694141,0.7714117169380188,0.4533621370792389,-0.017179204151034355,0.7621574401855469,0.4862688183784485,-0.014260178431868553,0.7593054175376892,0.5104736089706421,-0.009126723743975163,0.7797946929931641,0.5123136043548584,-0.011918180622160435,0.7810749411582947,0.47962161898612976,-0.01816258206963539,0.7724453210830688,0.49683213233947754,-0.016122182831168175,0.7688629627227783,0.5154028534889221,-0.012785940431058407
12,0.3801474869251251,0.4680211544036865,-1.366402102576103e-07,0.363131046295166,0.4475298523902893,-0.006683634128421545,0.35634246468544006,0.40925097465515137,-0.008765890263020992,0.36355850100517273,0.37806910276412964,-0.011453645303845406,0.3752855360507965,0.37325674295425415,-0.012555977329611778,0.35982972383499146,0.37025150656700134,0.00047655022353865206,0.3602753281593323,0.32637694478034973,-0.007347554434090853,0.35897448658943176,0.3362581133842468,-0.012050057761371136,0.3588804602622986,0.35736963152885437,-0.013790332712233067,0.3718673586845398,0.36727672815322876,0.00023958622477948666,0.37284356355667114,0.31943970918655396,-0.00736610870808363,0.3698340952396393,0.33456912636756897,-0.00993979163467884,0.36978214979171753,0.35676074028015137,-0.009418578818440437,0.38390636444091797,0.3707287311553955,-0.001824114122428,0.38625940680503845,0.3255518972873688,-0.008624564856290817,0.38183337450027466,0.3389856815338135,-0.008690176531672478,0.3809306025505066,0.3598797023296356,-0.006507901009172201,0.39619091153144836,0.3789130449295044,-0.004886743146926165,0.3980097472667694,0.34500038623809814,-0.009702591225504875,0.3940688371658325,0.34637704491615295,-0.010248992592096329,0.39193201065063477,0.3601958155632019,-0.009195240214467049,0.7522109746932983,0.5984331965446472,-2.0975313930193806e-07,0.7322563529014587,0.5716343522071838,-0.008519001305103302,0.7223939299583435,0.5300022959709167,-0.013869594782590866,0.7360352873802185,0.5126603841781616,-0.02000250108540058,0.7535045146942139,0.5274787545204163,-0.024368731305003166,0.7371838092803955,0.48021358251571655,-0.002482036827132106,0.7389777302742004,0.4372296631336212,-0.014386502094566822,0.7341760993003845,0.4677046835422516,-0.021428292617201805,0.7334969639778137,0.4923259913921356,-0.024787696078419685,0.752339780330658,0.48406746983528137,-0.003692092839628458,0.7558500170707703,0.4385700225830078,-0.0153846750035882,0.7486974596977234,0.47579658031463623,-0.017566053196787834,0.7468408346176147,0.5012881755828857,-0.016049819067120552,0.7664371728897095,0.4945825934410095,-0.007265642285346985,0.7713058590888977,0.45332226157188416,-0.017735274508595467,0.7621246576309204,0.4855603277683258,-0.015222514979541302,0.7587679028511047,0.5106963515281677,-0.01036656554788351,0.7802829742431641,0.5120113492012024,-0.012021386064589024,0.7814813256263733,0.47965553402900696,-0.018645532429218292,0.7727265357971191,0.4963845908641815,-0.01707160472869873,0.7684776782989502,0.5154973864555359,-0.014040912501513958
13,0.3801474869251251,0.4680211544036865,-1.366402102576103e-07,0.363131046295166,0.4475298523902893,-0.006683634128421545,0.35634246468544006,0.40925097465515137,-0.008765890263020992,0.36355850100517273,0.37806910276412964,-0.011453645303845406,0.3752855360507965,0.37325674295425415,-0.012555977329611778,0.35982972383499146,0.37025150656700134,0.00047655022353865206,0.3602753281593323,0.32637694478034973,-0.007347554434090853,0.35897448658943176,0.3362581133842468,-0.012050057761371136,0.3588804602622986,0.35736963152885437,-0.013790332712233067,0.3718673586845398,0.36727672815322876,0.00023958622477948666,0.37284356355667114,0.31943970918655396,-0.00736610870808363,0.3698340952396393,0.33456912636756897,-0.00993979163467884,0.36978214979171753,0.35676074028015137,-0.009418578818440437,0.38390636444091797,0.3707287311553955,-0.001824114122428,0.38625940680503845,0.3255518972873688,-0.008624564856290817,0.38183337450027466,0.3389856815338135,-0.008690176531672478,0.3809306025505066,0.3598797023296356,-0.006507901009172201,0.39619091153144836,0.3789130449295044,-0.004886743146926165,0.3980097472667694,0.34500038623809814,-0.009702591225504875,0.3940688371658325,0.34637704491615295,-0.010248992592096329,0.39193201065063477,0.3601958155632019,-0.009195240214467049,0.7522109746932983,0.5984331965446472,-2.0975313930193806e-07,0.7322563529014587,0.5716343522071838,-0.008519001305103302,0.7223939299583435,0.5300022959709167,-0.013869594782590866,0.7360352873802185,0.5126603841781616,-0.02000250108540058,0.7535045146942139,0.5274787545204163,-0.024368731305003166,0.7371838092803955,0.48021358251571655,-0.002482036827132106,0.7389777302742004,0.4372296631336212,-0.014386502094566822,0.7341760993003845,0.4677046835422516,-0.021428292617201805,0.7334969639778137,0.4923259913921356,-0.024787696078419685,0.752339780330658,0.48406746983528137,-0.003692092839628458,0.7558500170707703,0.4385700225830078,-0.0153846750035882,0.7486974596977234,0.47579658031463623,-0.017566053196787834,0.7468408346176147,0.5012881755828857,-0.016049819067120552,0.7664371728897095,0.4945825934410095,-0.007265642285346985,0.7713058590888977,0.45332226157188416,-0.017735274508595467,0.7621246576309204,0.4855603277683258,-0.015222514979541302,0.7587679028511047,0.5106963515281677,-0.01036656554788351,0.7802829742431641,0.5120113492012024,-0.012021386064589024,0.7814813256263733,0.47965553402900696,-0.018645532429218292,0.7727265357971191,0.4963845908641815,-0.01707160472869873,0.7684776782989502,0.5154973864555359,-0.014040912501513958
14,0.37971389293670654,0.4672594666481018,-1.2811544536361907e-07,0.3622925877571106,0.448238730430603,-0.007071391213685274,0.3552773594856262,0.40775224566459656,-0.009381656534969807,0.36391523480415344,0.3770390450954437,-0.012209529988467693,0.37694570422172546,0.37325718998908997,-0.013537446036934853,0.35874083638191223,0.3692736327648163,-0.00016873031563591212,0.3603228032588959,0.3259381055831909,-0.008157216012477875,0.35934463143348694,0.33258768916130066,-0.013480119407176971,0.35879582166671753,0.35332396626472473,-0.0156841017305851,0.3710246980190277,0.3664889931678772,-0.00031497381860390306,0.3719913959503174,0.3191620707511902,-0.007744772359728813,0.3701108992099762,0.33119073510169983,-0.01109599880874157,0.3699224591255188,0.3544882833957672,-0.011296059936285019,0.38318106532096863,0.36997124552726746,-0.002244112780317664,0.3858773410320282,0.32482606172561646,-0.008805803954601288,0.38279616832733154,0.33490562438964844,-0.009751885198056698,0.3817271888256073,0.35642001032829285,-0.00836754497140646,0.3952869772911072,0.37770894169807434,-0.005199099890887737,0.3961145877838135,0.34393346309661865,-0.009989309124648571,0.393339067697525,0.3439106345176697,-0.010977101512253284,0.3918168842792511,0.35772839188575745,-0.010339971631765366,0.7510517239570618,0.5981175899505615,-2.0709342152258614e-07,0.7315854430198669,0.5713915824890137,-0.008283340372145176,0.7212647795677185,0.5308103561401367,-0.013841233216226101,0.7342254519462585,0.5128600597381592,-0.020253410562872887,0.751477062702179,0.5260034799575806,-0.02490946464240551,0.7359351515769958,0.4805978238582611,-0.0029250846710056067,0.7388048768043518,0.437796413898468,-0.014737673103809357,0.7341585755348206,0.4680883288383484,-0.021873943507671356,0.7331981062889099,0.49337276816368103,-0.02538108080625534,0.7513065934181213,0.4847692549228668,-0.004230694379657507,0.7557066082954407,0.4396824240684509,-0.015611318871378899,0.7487439513206482,0.4759560823440552,-0.017852352932095528,0.7464930415153503,0.5016859173774719,-0.016637347638607025,0.7655168771743774,0.49534693360328674,-0.007831811904907227,0.771373987197876,0.45354771614074707,-0.0175937470048666,0.7623187899589539,0.4839519262313843,-0.015170032158493996,0.7582594156265259,0.5087708830833435,-0.010713174007833004,0.7791939973831177,0.5126025676727295,-0.012651833705604076,0.7811954021453857,0.48059847950935364,-0.0189681313931942,0.7724328637123108,0.4950714409351349,-0.01774539239704609,0.7674442529678345,0.5132209658622742,-0.01516040787100792
15,0.37969455122947693,0.46839621663093567,-1.3145120192348259e-07,0.3624846041202545,0.4477733075618744,-0.007080856245011091,0.3556234538555145,0.4077123999595642,-0.009786883369088173,0.3642394244670868,0.3781757056713104,-0.01305456180125475,0.3768201172351837,0.37411174178123474,-0.014866684563457966,0.3589402735233307,0.3684641718864441,-0.0005185951595194638,0.3600798547267914,0.32475772500038147,-0.008948022499680519,0.3590148985385895,0.33319687843322754,-0.014680694788694382,0.3586679697036743,0.35467344522476196,-0.017211735248565674,0.3712681531906128,0.36558687686920166,-0.0008558028494007885,0.37198036909103394,0.31778791546821594,-0.008865904062986374,0.37004318833351135,0.3319677710533142,-0.012629056349396706,0.3700621724128723,0.3556978404521942,-0.01315249688923359,0.38359349966049194,0.36902835965156555,-0.0029686542693525553,0.38580620288848877,0.3226674199104309,-0.00976867601275444,0.38299664855003357,0.334337055683136,-0.010982947424054146,0.382286012172699,0.35629066824913025,-0.009874061681330204,0.39598092436790466,0.3769199550151825,-0.006094019394367933,0.39655932784080505,0.34274762868881226,-0.01089441403746605,0.39392444491386414,0.34396520256996155,-0.011951579712331295,0.392666757106781,0.3583759367465973,-0.011483538895845413,0.7513869404792786,0.5990229845046997,-2.1860935817130667e-07,0.7320095300674438,0.5723942518234253,-0.007761842105537653,0.7215077877044678,0.5312201380729675,-0.013137578964233398,0.7332075834274292,0.5123975276947021,-0.019591087475419044,0.7495496869087219,0.5244583487510681,-0.024373946711421013,0.7358313202857971,0.4809422791004181,-0.002585160778835416,0.7390355467796326,0.4358520209789276,-0.014219298958778381,0.7341263890266418,0.4647896885871887,-0.02106875367462635,0.732879638671875,0.4895022213459015,-0.0243776123970747,0.7510692477226257,0.48543593287467957,-0.004234498832374811,0.7553799748420715,0.438572496175766,-0.015732305124402046,0.7484110593795776,0.474747896194458,-0.01819136179983616,0.7459374666213989,0.5007282495498657,-0.01710633374750614,0.7655537128448486,0.4958111047744751,-0.00808739848434925,0.7708240151405334,0.4530003070831299,-0.017994092777371407,0.7618446350097656,0.4840415120124817,-0.015684055164456367,0.7576017379760742,0.509322464466095,-0.011305559426546097,0.7796474695205688,0.512489914894104,-0.013103079982101917,0.7813220620155334,0.4793414771556854,-0.019461508840322495,0.772599995136261,0.49453431367874146,-0.018126996234059334,0.7675395607948303,0.5133184790611267,-0.015488490462303162
16,0.3796372711658478,0.4700617790222168,-1.23514752203846e-07,0.3626065254211426,0.4468204975128174,-0.0070311990566551685,0.3568326532840729,0.40638506412506104,-0.009439999237656593,0.3664586842060089,0.37788593769073486,-0.012296127155423164,0.3785589933395386,0.37510010600090027,-0.013768784701824188,0.35941824316978455,0.36919212341308594,-0.00010904719965765253,0.36063235998153687,0.326270192861557,-0.007678007706999779,0.3605404198169708,0.33478009700775146,-0.013131591491401196,0.359878271818161,0.3558782935142517,-0.015711694955825806,0.3719240427017212,0.36643102765083313,-0.0002257392625324428,0.37287387251853943,0.3181004524230957,-0.0074763912707567215,0.3720358610153198,0.33137309551239014,-0.01146820280700922,0.3715224862098694,0.3542269766330719,-0.01257369201630354,0.3844762146472931,0.37029966711997986,-0.002054085023701191,0.3867371082305908,0.3250187635421753,-0.008120162412524223,0.38507959246635437,0.3359270691871643,-0.010088273324072361,0.3840876519680023,0.3565918207168579,-0.010000946000218391,0.3969820737838745,0.37912219762802124,-0.004881167318671942,0.39781638979911804,0.3466587960720062,-0.009263933636248112,0.3964768350124359,0.34649649262428284,-0.010955010540783405,0.39569661021232605,0.3576897978782654,-0.011378786526620388,0.751219630241394,0.5997461080551147,-2.1084638035517855e-07,0.73190838098526,0.5730342268943787,-0.008251499384641647,0.721981942653656,0.5315614938735962,-0.013585546985268593,0.7352735996246338,0.5132445096969604,-0.019753526896238327,0.7523450255393982,0.5269830822944641,-0.024116817861795425,0.7362637519836426,0.4813673496246338,-0.0024392399936914444,0.7393730878829956,0.43866077065467834,-0.01401514932513237,0.734499454498291,0.4682174324989319,-0.021012617275118828,0.7333866357803345,0.49296990036964417,-0.024457184597849846,0.7517976760864258,0.48533302545547485,-0.0036336351186037064,0.7561442852020264,0.4406978487968445,-0.014754772186279297,0.7490509748458862,0.47663551568984985,-0.016875388100743294,0.7466437816619873,0.5021194219589233,-0.015572509728372097,0.7662752270698547,0.4957346022129059,-0.007123719900846481,0.7716018557548523,0.45469585061073303,-0.016639644280076027,0.7626549601554871,0.4855039417743683,-0.014074535109102726,0.7587034106254578,0.5102909207344055,-0.009554155170917511,0.7802809476852417,0.5127687454223633,-0.011843838728964329,0.7816550135612488,0.4811958968639374,-0.017960501834750175,0.7732266187667847,0.4963214695453644,-0.016596702858805656,0.7688138484954834,0.5145384073257446,-0.013912580907344818
17,0.3796372711658478,0.4700617790222168,-1.23514752203846e-07,0.3626065254211426,0.4468204975128174,-0.0070311990566551685,0.3568326532840729,0.40638506412506104,-0.009439999237656593,0.3664586842060089,0.37788593769073486,-0.012296127155423164,0.3785589933395386,0.37510010600090027,-0.013768784701824188,0.35941824316978455,0.36919212341308594,-0.00010904719965765253,0.36063235998153687,0.326270192861557,-0.007678007706999779,0.3605404198169708,0.33478009700775146,-0.013131591491401196,0.359878271818161,0.3558782935142517,-0.015711694955825806,0.3719240427017212,0.36643102765083313,-0.0002257392625324428,0.37287387251853943,0.3181004524230957,-0.0074763912707567215,0.3720358610153198,0.33137309551239014,-0.01146820280700922,0.3715224862098694,0.3542269766330719,-0.01257369201630354,0.3844762146472931,0.37029966711997986,-0.002054085023701191,0.3867371082305908,0.3250187635421753,-0.008120162412524223,0.38507959246635437,0.3359270691871643,-0.010088273324072361,0.3840876519680023,0.3565918207168579,-0.010000946000218391,0.3969820737838745,0.37912219762802124,-0.004881167318671942,0.39781638979911804,0.3466587960720062,-0.009263933636248112,0.3964768350124359,0.34649649262428284,-0.010955010540783405,0.39569661021232605,0.3576897978782654,-0.011378786526620388,0.751219630241394,0.5997461080551147,-2.1084638035517855e-07,0.73190838098526,0.5730342268943787,-0.008251499384641647,0.721981942653656,0.5315614938735962,-0.013585546985268593,0.7352735996246338,0.5132445096969604,-0.019753526896238327,0.7523450255393982,0.5269830822944641,-0.024116817861795425,0.7362637519836426,0.4813673496246338,-0.0024392399936914444,0.7393730878829956,0.43866077065467834,-0.01401514932513237,0.734499454498291,0.4682174324989319,-0.021012617275118828,0.7333866357803345,0.49296990036964417,-0.024457184597849846,0.7517976760864258,0.48533302545547485,-0.0036336351186037064,0.7561442852020264,0.4406978487968445,-0.014754772186279297,0.7490509748458862,0.47663551568984985,-0.016875388100743294,0.7466437816619873,0.5021194219589233,-0.015572509728372097,0.7662752270698547,0.4957346022129059,-0.007123719900846481,0.7716018557548523,0.45469585061073303,-0.016639644280076027,0.7626549601554871,0.4855039417743683,-0.014074535109102726,0.7587034106254578,0.5102909207344055,-0.009554155170917511,0.7802809476852417,0.5127687454223633,-0.011843838728964329,0.7816550135612488,0.4811958968639374,-0.017960501834750175,0.7732266187667847,0.4963214695453644,-0.016596702858805656,0.7688138484954834,0.5145384073257446,-0.013912580907344818
18,0.3799331784248352,0.46717968583106995,-1.4800676240156463e-07,0.36274564266204834,0.44606155157089233,-0.006300507113337517,0.3565884828567505,0.4057442247867584,-0.008464069105684757,0.3660154640674591,0.37612101435661316,-0.01131591945886612,0.37893590331077576,0.37249523401260376,-0.012636398896574974,0.3596964478492737,0.36814671754837036,0.0007623154087923467,0.3613086938858032,0.3237784802913666,-0.0069907670840620995,0.3597991466522217,0.33338767290115356,-0.012227974832057953,0.3589147925376892,0.3547655940055847,-0.0145169822499156,0.37170571088790894,0.3662378787994385,0.0002856245555449277,0.37253978848457336,0.3174577057361603,-0.0074717882089316845,0.370211660861969,0.3319143056869507,-0.011046507395803928,0.3700820803642273,0.355440616607666,-0.011454162187874317,0.3839101493358612,0.36986133456230164,-0.0019195546628907323,0.38648316264152527,0.3228885233402252,-0.008579974994063377,0.38350796699523926,0.3342054784297943,-0.00971197709441185,0.38277217745780945,0.35563355684280396,-0.008560561574995518,0.39627403020858765,0.3774280846118927,-0.005071449559181929,0.39654818177223206,0.34368059039115906,-0.009593510068953037,0.39396020770072937,0.3434571623802185,-0.010640225373208523,0.39307379722595215,0.3558812737464905,-0.010274245403707027,0.7508719563484192,0.6001657843589783,-2.1252039061891992e-07,0.7314575910568237,0.5727667212486267,-0.008258240297436714,0.7221402525901794,0.5303540229797363,-0.013481101021170616,0.7357209920883179,0.5124902129173279,-0.01949741318821907,0.7525519728660583,0.5272285342216492,-0.023776384070515633,0.7363513708114624,0.48137587308883667,-0.0025997289922088385,0.7395775318145752,0.43793249130249023,-0.013884201645851135,0.7349371314048767,0.4673088490962982,-0.020818136632442474,0.7336059808731079,0.4922730028629303,-0.024309871718287468,0.7519279718399048,0.48543277382850647,-0.0036817744839936495,0.75616055727005,0.4405094087123871,-0.014475802890956402,0.7492637634277344,0.4766121804714203,-0.01664329133927822,0.7465764880180359,0.5023766756057739,-0.015521160326898098,0.766349196434021,0.49582386016845703,-0.007003658451139927,0.7717764377593994,0.4548782706260681,-0.016265591606497765,0.7629323601722717,0.4858323037624359,-0.013870521448552608,0.7586639523506165,0.510851263999939,-0.009602604433894157,0.780318021774292,0.5127748847007751,-0.011546207591891289,0.781722903251648,0.4810614585876465,-0.01760341227054596,0.773194432258606,0.49678075313568115,-0.016325319185853004,0.7684135437011719,0.5153539180755615,-0.013790280558168888
19,0.37972190976142883,0.4662027359008789,-1.4855606877972605e-07,0.3634451627731323,0.4419732391834259,-0.00621013343334198,0.35719433426856995,0.40246039628982544,-0.009161915630102158,0.367782860994339,0.3749900162220001,-0.012688710354268551,0.3810490667819977,0.3760947287082672,-0.01483074389398098,0.3604937791824341,0.3658113181591034,-0.0005498180398717523,0.3630470037460327,0.32234054803848267,-0.00833020731806755,0.3618730902671814,0.33356940746307373,-0.013796036131680012,0.36027997732162476,0.3550208508968353,-0.016476616263389587,0.37314292788505554,0.3641338646411896,-0.0012879676651209593,0.37566685676574707,0.31637951731681824,-0.00854453630745411,0.3741592466831207,0.3315863609313965,-0.012183714658021927,0.3723547160625458,0.35424724221229553,-0.013234954327344894,0.3852555751800537,0.36806684732437134,-0.0036128934007138014,0.38880929350852966,0.32264047861099243,-0.00939460750669241,0.38723254203796387,0.33520597219467163,-0.010324033908545971,0.38541853427886963,0.35582271218299866,-0.009711496531963348,0.3972134590148926,0.37668541073799133,-0.006894067395478487,0.3978264033794403,0.3432663679122925,-0.010593783110380173,0.3960772752761841,0.34628772735595703,-0.011113476008176804,0.39441925287246704,0.3593456447124481,-0.010878381319344044,0.75086909532547,0.6011249423027039,-2.1622352619488083e-07,0.7313798666000366,0.5734677314758301,-0.008028811775147915,0.722308337688446,0.530490517616272,-0.013110039755702019,0.7359636425971985,0.5122736096382141,-0.019018717110157013,0.7528085112571716,0.5273205041885376,-0.023207899183034897,0.7364684343338013,0.48159655928611755,-0.0025016404688358307,0.7398405075073242,0.4376061260700226,-0.013605186715722084,0.735072672367096,0.46703365445137024,-0.020448490977287292,0.7336689829826355,0.4920562505722046,-0.023942504078149796,0.7519754767417908,0.4855901896953583,-0.003671304089948535,0.756342351436615,0.4400709867477417,-0.014133734628558159,0.7492192983627319,0.47612276673316956,-0.01618002913892269,0.7464587092399597,0.5017169713973999,-0.015092073008418083,0.7662830948829651,0.49603453278541565,-0.007040549535304308,0.7717564105987549,0.4545043408870697,-0.01593712344765663,0.7626895904541016,0.48544278740882874,-0.013428677804768085,0.7584387063980103,0.5103909969329834,-0.00922596175223589,0.780106246471405,0.5131800174713135,-0.011624143458902836,0.7814644575119019,0.4809688627719879,-0.017412977293133736,0.7729089260101318,0.4965224266052246,-0.01604907587170601,0.76821368932724,0.5151559710502625,-0.013551495037972927
20,0.37972190976142883,0.4662027359008789,-1.4855606877972605e-07,0.3634451627731323,0.4419732391834259,-0.00621013343334198,0.35719433426856995,0.40246039628982544,-0.009161915630102158,0.367782860994339,0.3749900162220001,-0.012688710354268551,0.3810490667819977,0.3760947287082672,-0.01483074389398098,0.3604937791824341,0.3658113181591034,-0.0005498180398717523,0.3630470037460327,0.32234054803848267,-0.00833020731806755,0.3618730902671814,0.33356940746307373,-0.013796036131680012,0.36027997732162476,0.3550208508968353,-0.016476616263389587,0.37314292788505554,0.3641338646411896,-0.0012879676651209593,0.37566685676574707,0.31637951731681824,-0.00854453630745411,0.3741592466831207,0.3315863609313965,-0.012183714658021927,0.3723547160625458,0.35424724221229553,-0.013234954327344894,0.3852555751800537,0.36806684732437134,-0.0036128934007138014,0.38880929350852966,0.32264047861099243,-0.00939460750669241,0.38723254203796387,0.33520597219467163,-0.010324033908545971,0.38541853427886963,0.35582271218299866,-0.009711496531963348,0.3972134590148926,0.37668541073799133,-0.006894067395478487,0.3978264033794403,0.3432663679122925,-0.010593783110380173,0.3960772752761841,0.34628772735595703,-0.011113476008176804,0.39441925287246704,0.3593456447124481,-0.010878381319344044,0.75086909532547,0.6011249423027039,-2.1622352619488083e-07,0.7313798666000366,0.5734677314758301,-0.008028811775147915,0.722308337688446,0.530490517616272,-0.013110039755702019,0.7359636425971985,0.5122736096382141,-0.019018717110157013,0.7528085112571716,0.5273205041885376,-0.023207899183034897,0.7364684343338013,0.48159655928611755,-0.0025016404688358307,0.7398405075073242,0.4376061260700226,-0.013605186715722084,0.735072672367096,0.46703365445137024,-0.020448490977287292,0.7336689829826355,0.4920562505722046,-0.023942504078149796,0.7519754767417908,0.4855901896953583,-0.003671304089948535,0.756342351436615,0.4400709867477417,-0.014133734628558159,0.7492192983627319,0.47612276673316956,-0.01618002913892269,0.7464587092399597,0.5017169713973999,-0.015092073008418083,0.7662830948829651,0.49603453278541565,-0.007040549535304308,0.7717564105987549,0.4545043408870697,-0.01593712344765663,0.7626895904541016,0.48544278740882874,-0.013428677804768085,0.7584387063980103,0.5103909969329834,-0.00922596175223589,0.780106246471405,0.5131800174713135,-0.011624143458902836,0.7814644575119019,0.4809688627719879,-0.017412977293133736,0.7729089260101318,0.4965224266052246,-0.01604907587170601,0.76821368932724,0.5151559710502625,-0.013551495037972927
21,0.380817174911499,0.46649807691574097,-1.4710879270296573e-07,0.3630952835083008,0.4446791410446167,-0.006191528867930174,0.3569866418838501,0.4042183756828308,-0.00811105314642191,0.36713463068008423,0.37587666511535645,-0.010548892430961132,0.3796137571334839,0.3740006983280182,-0.011549688875675201,0.3606279492378235,0.36913201212882996,0.00028203707188367844,0.3617662489414215,0.32685452699661255,-0.007467837538570166,0.36083510518074036,0.3369158208370209,-0.012651553377509117,0.360127329826355,0.3581453263759613,-0.014958188869059086,0.3730183243751526,0.3658592998981476,-0.0002856061328202486,0.37354224920272827,0.3183442950248718,-0.007897126488387585,0.37196439504623413,0.33145493268966675,-0.011262740008533001,0.37115663290023804,0.35396331548690796,-0.011653277091681957,0.38502436876296997,0.36906933784484863,-0.0025809628423303366,0.38715583086013794,0.32457658648490906,-0.009180095046758652,0.38507017493247986,0.3355357348918915,-0.01023868191987276,0.3839898109436035,0.35611793398857117,-0.009203951805830002,0.39707157015800476,0.3771802484989166,-0.005824477411806583,0.39716455340385437,0.3452870845794678,-0.010707216337323189,0.3950131833553314,0.34616756439208984,-0.011976564303040504,0.39378058910369873,0.358143150806427,-0.01183102373033762,0.7511082887649536,0.6013655066490173,-2.103403318187702e-07,0.7313545942306519,0.5743677616119385,-0.008336234837770462,0.7223857641220093,0.530128538608551,-0.013367429375648499,0.7359777092933655,0.5119799375534058,-0.019099228084087372,0.7527492642402649,0.5280137658119202,-0.023043159395456314,0.7368585467338562,0.480606347322464,-0.0023925674613565207,0.7402619123458862,0.4375479519367218,-0.013339878991246223,0.7352179288864136,0.46679967641830444,-0.019930103793740273,0.7335604429244995,0.49094146490097046,-0.02324550412595272,0.7522026896476746,0.48472726345062256,-0.003427310613915324,0.756426215171814,0.43980303406715393,-0.013912661001086235,0.7494049072265625,0.4753431975841522,-0.015781734138727188,0.7466179728507996,0.5004535913467407,-0.014464366249740124,0.7664610147476196,0.49540960788726807,-0.006724044680595398,0.7719939947128296,0.4542522132396698,-0.016029641032218933,0.763120174407959,0.4852563440799713,-0.013547454960644245,0.7587317228317261,0.5099409222602844,-0.009195053018629551,0.7803179025650024,0.5126950740814209,-0.011231878772377968,0.7815409302711487,0.4805739223957062,-0.01757759414613247,0.7731999754905701,0.4965941905975342,-0.016373436897993088,0.7686260938644409,0.5150848627090454,-0.013845732435584068
22,0.38055315613746643,0.4686639904975891,-1.6260287338809576e-07,0.3641149699687958,0.4464665949344635,-0.006091741845011711,0.3580336272716522,0.40447908639907837,-0.008571168407797813,0.36826324462890625,0.37551552057266235,-0.01166948489844799,0.38139861822128296,0.37658339738845825,-0.013332713395357132,0.36128854751586914,0.36791354417800903,-0.0009985551005229354,0.36321330070495605,0.3228716254234314,-0.008845537900924683,0.36169004440307617,0.33489108085632324,-0.013993339613080025,0.3604738116264343,0.35725390911102295,-0.016381267458200455,0.3734733462333679,0.3658253252506256,-0.0017784825759008527,0.37523311376571655,0.3168426752090454,-0.009183636866509914,0.3731396496295929,0.333290159702301,-0.012220763601362705,0.3721019923686981,0.35717183351516724,-0.012589783407747746,0.38551419973373413,0.3698120415210724,-0.004152396693825722,0.388597697019577,0.3233599364757538,-0.010068794712424278,0.3862859904766083,0.33689993619918823,-0.010544800199568272,0.38500073552131653,0.35857924818992615,-0.009428284130990505,0.39759019017219543,0.37832894921302795,-0.00752195343375206,0.3986324667930603,0.3444281220436096,-0.011613382026553154,0.396183043718338,0.3465997874736786,-0.012311621569097042,0.39453017711639404,0.35994017124176025,-0.012042887508869171,0.7517974972724915,0.600930392742157,-2.1312848730303813e-07,0.7317101955413818,0.5734165906906128,-0.008541131392121315,0.7222349643707275,0.529940128326416,-0.013827723450958729,0.7358563542366028,0.512266993522644,-0.01977132447063923,0.7530015707015991,0.5271131992340088,-0.02391299232840538,0.736677885055542,0.4804672300815582,-0.0031137559562921524,0.7398929595947266,0.43753477931022644,-0.014534881338477135,0.7350733280181885,0.46759849786758423,-0.021389450877904892,0.7336035966873169,0.49191513657569885,-0.024835221469402313,0.7523196339607239,0.48457932472229004,-0.004144911654293537,0.7564365267753601,0.4396681487560272,-0.014958301559090614,0.7493579387664795,0.476372092962265,-0.016954125836491585,0.7465999126434326,0.5012955069541931,-0.015718800947070122,0.7666254639625549,0.49526554346084595,-0.007434417959302664,0.771672785282135,0.45449429750442505,-0.016830982640385628,0.7627018094062805,0.4859553873538971,-0.014256628230214119,0.7583775520324707,0.5100550055503845,-0.009856232441961765,0.7802960872650146,0.5125899910926819,-0.011943968944251537,0.781067430973053,0.4806284010410309,-0.0181049145758152,0.7727208733558655,0.4964267909526825,-0.016727373003959656,0.768223762512207,0.5142282247543335,-0.014111468568444252
23,0.3809787929058075,0.46783679723739624,-1.5154517996052164e-07,0.3645389974117279,0.4451654851436615,-0.006020656321197748,0.358150839805603,0.40419691801071167,-0.008778680115938187,0.3682239055633545,0.3750075101852417,-0.01216594036668539,0.3808843791484833,0.3758705258369446,-0.014165190979838371,0.36094191670417786,0.36772555112838745,-0.001222653198055923,0.36264118552207947,0.3232211172580719,-0.008980575017631054,0.362352579832077,0.3360302150249481,-0.014215479604899883,0.3615136742591858,0.35792770981788635,-0.01677335612475872,0.3735208809375763,0.3659828007221222,-0.0021448906045407057,0.3754628598690033,0.3172866702079773,-0.009167639538645744,0.37454450130462646,0.3338310718536377,-0.012357696890830994,0.3734878599643707,0.35627511143684387,-0.013164018280804157,0.38570842146873474,0.3703037202358246,-0.004597792401909828,0.38882777094841003,0.32410338521003723,-0.010169965215027332,0.3870711028575897,0.33791014552116394,-0.010672176256775856,0.38543692231178284,0.35846415162086487,-0.009842065162956715,0.3976673483848572,0.3791927993297577,-0.00803966075181961,0.3987314999103546,0.34523412585258484,-0.011780578643083572,0.3967408239841461,0.3475291430950165,-0.01232327613979578,0.3950692415237427,0.3601129651069641,-0.012151881121098995,0.7512219548225403,0.5999428033828735,-2.0972019854070822e-07,0.7314777970314026,0.5718953609466553,-0.008432595990598202,0.7225151658058167,0.530022382736206,-0.013709130696952343,0.7367222905158997,0.5138488411903381,-0.019700927659869194,0.753521203994751,0.5290972590446472,-0.023922886699438095,0.7368074059486389,0.4794185757637024,-0.0024910210631787777,0.7395798563957214,0.43769246339797974,-0.01397212315350771,0.7345805168151855,0.46826666593551636,-0.02091081626713276,0.7333316206932068,0.4923270046710968,-0.02437167800962925,0.752249538898468,0.48364490270614624,-0.0036222494672983885,0.7563669681549072,0.43955448269844055,-0.014631383121013641,0.7491998076438904,0.4761795997619629,-0.016750212758779526,0.7465398907661438,0.5008472800254822,-0.015556790865957737,0.7664077877998352,0.49429452419281006,-0.0070548588410019875,0.7717534899711609,0.45436516404151917,-0.016890395432710648,0.7626110911369324,0.4866826832294464,-0.014433215372264385,0.7583193778991699,0.5113523602485657,-0.009959542192518711,0.7801023721694946,0.5116704702377319,-0.011679168790578842,0.7814276218414307,0.4797542691230774,-0.01813059113919735,0.7728596925735474,0.49670982360839844,-0.016734210774302483,0.7681406140327454,0.5154340267181396,-0.014016490429639816
24,0.3809787929058075,0.46783679723739624,-1.5154517996052164e-07,0.3645389974117279,0.4451654851436615,-0.006020656321197748,0.358150839805603,0.40419691801071167,-0.008778680115938187,0.3682239055633545,0.3750075101852417,-0.01216594036668539,0.3808843791484833,0.3758705258369446,-0.014165190979838371,0.36094191670417786,0.36772555112838745,-0.001222653198055923,0.36264118552207947,0.3232211172580719,-0.008980575017631054,0.362352579832077,0.3360302150249481,-0.014215479604899883,0.3615136742591858,0.35792770981788635,-0.01677335612475872,0.3735208809375763,0.3659828007221222,-0.0021448906045407057,0.3754628598690033,0.3172866702079773,-0.009167639538645744,0.37454450130462646,0.3338310718536377,-0.012357696890830994,0.3734878599643707,0.35627511143684387,-0.013164018280804157,0.38570842146873474,0.3703037202358246,-0.004597792401909828,0.38882777094841003,0.32410338521003723,-0.010169965215027332,0.3870711028575897,0.33791014552116394,-0.010672176256775856,0.38543692231178284,0.35846415162086487,-0.009842065162956715,0.3976673483848572,0.3791927993297577,-0.00803966075181961,0.3987314999103546,0.34523412585258484,-0.011780578643083572,0.3967408239841461,0.3475291430950165,-0.01232327613979578,0.3950692415237427,0.3601129651069641,-0.012151881121098995,0.7512219548225403,0.5999428033828735,-2.0972019854070822e-07,0.7314777970314026,0.5718953609466553,-0.008432595990598202,0.7225151658058167,0.530022382736206,-0.013709130696952343,0.7367222905158997,0.5138488411903381,-0.019700927659869194,0.753521203994751,0.5290972590446472,-0.023922886699438095,0.7368074059486389,0.4794185757637024,-0.0024910210631787777,0.7395798563957214,0.43769246339797974,-0.01397212315350771,0.7345805168151855,0.46826666593551636,-0.02091081626713276,0.7333316206932068,0.4923270046710968,-0.02437167800962925,0.752249538898468,0.48364490270614624,-0.0036222494672983885,0.7563669681549072,0.43955448269844055,-0.014631383121013641,0.7491998076438904,0.4761795997619629,-0.016750212758779526,0.7465398907661438,0.5008472800254822,-0.015556790865957737,0.7664077877998352,0.49429452419281006,-0.0070548588410019875,0.7717534899711609,0.45436516404151917,-0.016890395432710648,0.7626110911369324,0.4866826832294464,-0.014433215372264385,0.7583193778991699,0.5113523602485657,-0.009959542192518711,0.7801023721694946,0.5116704702377319,-0.011679168790578842,0.7814276218414307,0.4797542691230774,-0.01813059113919735,0.7728596925735474,0.49670982360839844,-0.016734210774302483,0.7681406140327454,0.5154340267181396,-0.014016490429639816
25,0.3811158537864685,0.4688321352005005,-1.5074229509082215e-07,0.36408087611198425,0.4457119107246399,-0.00617684330791235,0.3574913442134857,0.4059407711029053,-0.008886615745723248,0.36703234910964966,0.3769207000732422,-0.012316694483160973,0.37982335686683655,0.37404608726501465,-0.014319734647870064,0.36098188161849976,0.3684675693511963,-0.0008399829384870827,0.3628741502761841,0.3236277103424072,-0.008930603973567486,0.3616136312484741,0.335561603307724,-0.014331137761473656,0.3603290021419525,0.3570306599140167,-0.01680181361734867,0.37318336963653564,0.36688467860221863,-0.0017053353367373347,0.3745743930339813,0.31783127784729004,-0.009256777353584766,0.3729022145271301,0.3335624039173126,-0.012704158201813698,0.3718838095664978,0.35646751523017883,-0.013387455604970455,0.3852940797805786,0.37099364399909973,-0.004176137037575245,0.3880787491798401,0.32405996322631836,-0.010454733856022358,0.3856908679008484,0.33754217624664307,-0.011110980994999409,0.3841295838356018,0.35912004113197327,-0.009952467866241932,0.3974107503890991,0.3794949948787689,-0.00762699032202363,0.39771196246147156,0.3450877070426941,-0.01187334954738617,0.39552199840545654,0.34563687443733215,-0.012579037807881832,0.3940384089946747,0.3574689030647278,-0.012186762876808643,0.7514016032218933,0.5989548563957214,-2.0353454033283924e-07,0.7312947511672974,0.5730408430099487,-0.00889444537460804,0.7221878170967102,0.5307744741439819,-0.014200011268258095,0.7361757159233093,0.5138158798217773,-0.02000732347369194,0.7530024647712708,0.5290845632553101,-0.023963317275047302,0.7364850044250488,0.4793506860733032,-0.003068834077566862,0.7390546798706055,0.4382133483886719,-0.014594067819416523,0.7348674535751343,0.4694046378135681,-0.021473517641425133,0.7338570356369019,0.493510901927948,-0.024865498766303062,0.7520079612731934,0.4829058051109314,-0.003967828117311001,0.7559276819229126,0.43937206268310547,-0.014928912743926048,0.749628484249115,0.4764280915260315,-0.016857154667377472,0.747382402420044,0.5007405281066895,-0.015467301942408085,0.7661917805671692,0.4933985769748688,-0.007192245684564114,0.7712565660476685,0.4548460841178894,-0.017101140692830086,0.7627955079078674,0.4873790740966797,-0.014513105154037476,0.758926510810852,0.5111700296401978,-0.009918873198330402,0.7798821926116943,0.5109761953353882,-0.011637603864073753,0.7813010811805725,0.4802413582801819,-0.018243730068206787,0.7728285193443298,0.497822105884552,-0.016748152673244476,0.7681056261062622,0.5161224603652954,-0.013907858170568943
26,0.3810534179210663,0.4677498936653137,-1.5810663001047942e-07,0.36394771933555603,0.4458402097225189,-0.006354234181344509,0.3570087254047394,0.4034360945224762,-0.008956152945756912,0.36773842573165894,0.3744666576385498,-0.012033145874738693,0.38257917761802673,0.3745151162147522,-0.013606490567326546,0.36112597584724426,0.36770573258399963,-0.0011197421699762344,0.3627895414829254,0.3226092457771301,-0.008835366927087307,0.3620348274707794,0.3363765776157379,-0.0139570077881217,0.3610314726829529,0.357967734336853,-0.016475336626172066,0.3737281858921051,0.36618471145629883,-0.0016597374342381954,0.37521785497665405,0.3175751864910126,-0.008685489185154438,0.37361180782318115,0.3349526822566986,-0.011672534979879856,0.3723992109298706,0.3571372628211975,-0.01228491310030222,0.38596823811531067,0.3705731928348541,-0.003801107406616211,0.38919931650161743,0.32517755031585693,-0.009828326292335987,0.38676053285598755,0.33918988704681396,-0.010388815775513649,0.38490980863571167,0.3594475984573364,-0.009449124336242676,0.39827612042427063,0.3798798620700836,-0.00689785135909915,0.39796802401542664,0.3476550579071045,-0.011192023754119873,0.3955759108066559,0.3505619168281555,-0.011999555863440037,0.39410340785980225,0.3625858426094055,-0.0118770906701684,0.7510740756988525,0.5997034907341003,-2.0644498022193147e-07,0.7312173843383789,0.5730767846107483,-0.008906606584787369,0.7220569252967834,0.5301893949508667,-0.014338667504489422,0.7360273599624634,0.5130728483200073,-0.02028103731572628,0.7530532479286194,0.5286412239074707,-0.024323763325810432,0.7364035248756409,0.47995099425315857,-0.0034719372633844614,0.73973548412323,0.437489777803421,-0.01494504977017641,0.7348196506500244,0.46821051836013794,-0.021613171324133873,0.7333651781082153,0.49202850461006165,-0.02488936111330986,0.7518190741539001,0.4842347204685211,-0.0043619293719530106,0.7563675045967102,0.4397348165512085,-0.015383841469883919,0.7495091557502747,0.4765109419822693,-0.017183149233460426,0.7468706965446472,0.500817596912384,-0.015756884589791298,0.7659440636634827,0.49484720826148987,-0.007562478072941303,0.7716684937477112,0.45494741201400757,-0.01734815165400505,0.7629503011703491,0.4869787395000458,-0.014649552293121815,0.7588000893592834,0.5108839869499207,-0.01007396075874567,0.7796446681022644,0.5121438503265381,-0.011997591704130173,0.7813388109207153,0.4804048538208008,-0.01853477954864502,0.7730533480644226,0.49736055731773376,-0.017146866768598557,0.7684028148651123,0.5156313180923462,-0.01446238998323679
27,0.3810534179210663,0.4677498936653137,-1.5810663001047942e-07,0.36394771933555603,0.4458402097225189,-0.006354234181344509,0.3570087254047394,0.4034360945224762,-0.008956152945756912,0.36773842573165894,0.3744666576385498,-0.012033145874738693,0.38257917761802673,0.3745151162147522,-0.013606490567326546,0.36112597584724426,0.36770573258399963,-0.0011197421699762344,0.3627895414829254,0.3226092457771301,-0.008835366927087307,0.3620348274707794,0.3363765776157379,-0.0139570077881217,0.3610314726829529,0.357967734336853,-0.016475336626172066,0.3737281858921051,0.36618471145629883,-0.0016597374342381954,0.37521785497665405,0.3175751864910126,-0.008685489185154438,0.37361180782318115,0.3349526822566986,-0.011672534979879856,0.3723992109298706,0.3571372628211975,-0.01228491310030222,0.38596823811531067,0.3705731928348541,-0.003801107406616211,0.38919931650161743,0.32517755031585693,-0.009828326292335987,0.38676053285598755,0.33918988704681396,-0.010388815775513649,0.38490980863571167,0.3594475984573364,-0.009449124336242676,0.39827612042427063,0.3798798620700836,-0.00689785135909915,0.39796802401542664,0.3476550579071045,-0.011192023754119873,0.3955759108066559,0.3505619168281555,-0.011999555863440037,0.39410340785980225,0.3625858426094055,-0.0118770906701684,0.7510740756988525,0.5997034907341003,-2.0644498022193147e-07,0.7312173843383789,0.5730767846107483,-0.008906606584787369,0.7220569252967834,0.5301893949508667,-0.014338667504489422,0.7360273599624634,0.5130728483200073,-0.02028103731572628,0.7530532479286194,0.5286412239074707,-0.024323763325810432,0.7364035248756409,0.47995099425315857,-0.0034719372633844614,0.73973548412323,0.437489777803421,-0.01494504977017641,0.7348196506500244,0.46821051836013794,-0.021613171324133873,0.7333651781082153,0.49202850461006165,-0.02488936111330986,0.7518190741539001,0.4842347204685211,-0.0043619293719530106,0.7563675045967102,0.4397348165512085,-0.015383841469883919,0.7495091557502747,0.4765109419822693,-0.017183149233460426,0.7468706965446472,0.500817596912384,-0.015756884589791298,0.7659440636634827,0.49484720826148987,-0.007562478072941303,0.7716684937477112,0.45494741201400757,-0.01734815165400505,0.7629503011703491,0.4869787395000458,-0.014649552293121815,0.7588000893592834,0.5108839869499207,-0.01007396075874567,0.7796446681022644,0.5121438503265381,-0.011997591704130173,0.7813388109207153,0.4804048538208008,-0.01853477954864502,0.7730533480644226,0.49736055731773376,-0.017146866768598557,0.7684028148651123,0.5156313180923462,-0.01446238998323679
28,0.3812653422355652,0.4685501754283905,-1.5472511449843296e-07,0.36386576294898987,0.44576922059059143,-0.006532995030283928,0.3577977418899536,0.40360143780708313,-0.008854943327605724,0.36892011761665344,0.375196635723114,-0.011742140166461468,0.38306760787963867,0.3785366714000702,-0.01314291451126337,0.36198943853378296,0.3684948980808258,-7.071388245094568e-05,0.3634569048881531,0.324537068605423,-0.00779519509524107,0.36194080114364624,0.3365490138530731,-0.012995983473956585,0.36081650853157043,0.3586999177932739,-0.015389472246170044,0.374441534280777,0.3662957549095154,-0.0004943167441524565,0.3758300244808197,0.3186770975589752,-0.007695908658206463,0.3734675943851471,0.3339545726776123,-0.01081185694783926,0.3723665773868561,0.35723820328712463,-0.0111111830919981,0.3865607976913452,0.37048089504241943,-0.0026393604930490255,0.3897339999675751,0.32558128237724304,-0.008925294503569603,0.38660210371017456,0.3380689024925232,-0.009798470884561539,0.3848375678062439,0.35945919156074524,-0.008668455295264721,0.39884254336357117,0.3797903060913086,-0.005801794119179249,0.3990035355091095,0.34761860966682434,-0.010354775004088879,0.3964799642562866,0.34901416301727295,-0.011450073681771755,0.3952750861644745,0.3616797924041748,-0.011221276596188545,0.7510053515434265,0.599610447883606,-2.0661133248722763e-07,0.7314174175262451,0.5718746781349182,-0.008754818700253963,0.7222237586975098,0.5302181243896484,-0.014303354546427727,0.7363224625587463,0.5136775970458984,-0.02049364522099495,0.7534608840942383,0.5285735726356506,-0.02487535960972309,0.7365901470184326,0.4796977937221527,-0.003061271971091628,0.7401489019393921,0.43750160932540894,-0.014565412886440754,0.735003650188446,0.46778443455696106,-0.021497817710042,0.7335005402565002,0.49172425270080566,-0.024983465671539307,0.7520084381103516,0.4841897785663605,-0.0040750340558588505,0.7568910717964172,0.4398648738861084,-0.015127798542380333,0.7495651245117188,0.47599300742149353,-0.017249496653676033,0.7467600107192993,0.5004451870918274,-0.016104819253087044,0.7662218809127808,0.49496448040008545,-0.007398480083793402,0.772221565246582,0.45488667488098145,-0.01718071475625038,0.7629629373550415,0.4863503575325012,-0.014701842330396175,0.7584793567657471,0.5105785131454468,-0.01028439775109291,0.7799116373062134,0.5124009251594543,-0.011948861181735992,0.7818031907081604,0.48046210408210754,-0.018340788781642914,0.77305668592453,0.4970453083515167,-0.016937237232923508,0.768135130405426,0.515649139881134,-0.014277689158916473
29,0.3825480043888092,0.46898412704467773,-1.534661748792132e-07,0.36532536149024963,0.4465537965297699,-0.00632496178150177,0.35946136713027954,0.40560364723205566,-0.007935911417007446,0.3691319227218628,0.37721168994903564,-0.010048646479845047,0.38141709566116333,0.37729841470718384,-0.010544921271502972,0.3629177212715149,0.37015652656555176,0.0010986138368025422,0.36399009823799133,0.32548320293426514,-0.006674227770417929,0.3626946806907654,0.3366703987121582,-0.01162003818899393,0.36222565174102783,0.35879847407341003,-0.013496083207428455,0.3754344880580902,0.3679777681827545,0.0009209816344082355,0.37624791264533997,0.3199337422847748,-0.006832784041762352,0.3739035129547119,0.33442017436027527,-0.01001426950097084,0.3733101189136505,0.35812169313430786,-0.00982277188450098,0.387491911649704,0.37168771028518677,-0.0010787505889311433,0.39031898975372314,0.32668787240982056,-0.007835025899112225,0.38756388425827026,0.3379409611225128,-0.008871343918144703,0.38648471236228943,0.35907432436943054,-0.007361772935837507,0.3995867371559143,0.3800971210002899,-0.0040292199701070786,0.39965954422950745,0.3478330671787262,-0.008756103925406933,0.3976694345474243,0.3478392958641052,-0.00999525934457779,0.397097110748291,0.35947123169898987,-0.009528715163469315,0.7517418265342712,0.5991275906562805,-2.0418302426605806e-07,0.7326983213424683,0.5716500878334045,-0.008254347369074821,0.7228232622146606,0.5304272770881653,-0.01357535645365715,0.7353807091712952,0.5132226347923279,-0.01970778778195381,0.7522298097610474,0.5277733206748962,-0.024059558287262917,0.7378911375999451,0.48077043890953064,-0.0023626182228326797,0.7408590316772461,0.437870591878891,-0.013899763114750385,0.7359007596969604,0.46673548221588135,-0.020762648433446884,0.7346625924110413,0.49082818627357483,-0.02409575693309307,0.7529619932174683,0.4852313697338104,-0.0035562196280807257,0.7574492692947388,0.4405645728111267,-0.01494749914854765,0.7500160336494446,0.47631675004959106,-0.01717025227844715,0.7474050521850586,0.5017412900924683,-0.01579979620873928,0.7669450044631958,0.4959579408168793,-0.007043062709271908,0.7723434567451477,0.45554348826408386,-0.016961868852376938,0.7630563974380493,0.4862276613712311,-0.014576352201402187,0.7589867115020752,0.5108460783958435,-0.009974035434424877,0.7803900241851807,0.5132459998130798,-0.011714933440089226,0.7817765474319458,0.4812265634536743,-0.018032701686024666,0.7731887698173523,0.49638429284095764,-0.016703270375728607,0.7686286568641663,0.514828085899353,-0.013936799950897694
30,0.3821895122528076,0.4668956995010376,-1.444019517293782e-07,0.36472347378730774,0.4459362328052521,-0.0058655524626374245,0.35854437947273254,0.40579652786254883,-0.007646393962204456,0.3680388629436493,0.3757854998111725,-0.010198814794421196,0.3808007836341858,0.37491241097450256,-0.01126917265355587,0.3637183606624603,0.36840927600860596,0.0015629801200702786,0.36497581005096436,0.3256790041923523,-0.0057199085131287575,0.36286088824272156,0.3354422450065613,-0.010617943480610847,0.3621383309364319,0.3563263416290283,-0.012725511565804482,0.3756105303764343,0.3660598397254944,0.0009777145460247993,0.37666743993759155,0.3201688528060913,-0.006197439506649971,0.3736822009086609,0.3341963291168213,-0.00913163460791111,0.37331604957580566,0.3569681942462921,-0.009033688344061375,0.38737788796424866,0.3699970841407776,-0.0013397287111729383,0.39039111137390137,0.32588595151901245,-0.007770503871142864,0.38678744435310364,0.33738189935684204,-0.008307386189699173,0.38556477427482605,0.3586139976978302,-0.006587952841073275,0.39921244978904724,0.378644198179245,-0.004615360405296087,0.3999737799167633,0.34631872177124023,-0.009011797606945038,0.3972126841545105,0.3464270532131195,-0.009731329046189785,0.39602959156036377,0.3587516248226166,-0.008950643241405487,0.7519551515579224,0.5990914106369019,-1.9347817215020768e-07,0.7327783703804016,0.5722501873970032,-0.0083612110465765,0.7237821817398071,0.5314571261405945,-0.013540803454816341,0.7375335693359375,0.5142593383789062,-0.019305288791656494,0.7538278102874756,0.5301617383956909,-0.023130245506763458,0.7384753823280334,0.4811462163925171,-0.0034101810306310654,0.7427319884300232,0.4374430775642395,-0.014498698525130749,0.736843466758728,0.46663060784339905,-0.020764077082276344,0.7347565293312073,0.4899064004421234,-0.02377982623875141,0.753564715385437,0.4861687123775482,-0.004516353365033865,0.7588651180267334,0.44019144773483276,-0.015210763551294804,0.7512113451957703,0.4753028154373169,-0.016794878989458084,0.7484762668609619,0.49847105145454407,-0.015184571966528893,0.7674089074134827,0.4974563419818878,-0.007805508561432362,0.773556113243103,0.4557455778121948,-0.017066525295376778,0.7641416788101196,0.4861450493335724,-0.013908807188272476,0.7601977586746216,0.5089508891105652,-0.009066442027688026,0.7809025645256042,0.5154215693473816,-0.012278107926249504,0.7826712727546692,0.4829423427581787,-0.017939046025276184,0.7744956016540527,0.49735185503959656,-0.016020024195313454,0.7703343629837036,0.5139420628547668,-0.013036349788308144
31,0.3821895122528076,0.4668956995010376,-1.444019517293782e-07,0.36472347378730774,0.4459362328052521,-0.0058655524626374245,0.35854437947273254,0.40579652786254883,-0.007646393962204456,0.3680388629436493,0.3757854998111725,-0.010198814794421196,0.3808007836341858,0.37491241097450256,-0.01126917265355587,0.3637183606624603,0.36840927600860596,0.0015629801200702786,0.36497581005096436,0.3256790041923523,-0.0057199085131287575,0.36286088824272156,0.3354422450065613,-0.010617943480610847,0.3621383309364319,0.3563263416290283,-0.012725511565804482,0.3756105303764343,0.3660598397254944,0.0009777145460247993,0.37666743993759155,0.3201688528060913,-0.006197439506649971,0.3736822009086609,0.3341963291168213,-0.00913163460791111,0.37331604957580566,0.3569681942462921,-0.009033688344061375,0.38737788796424866,0.3699970841407776,-0.0013397287111729383,0.39039111137390137,0.32588595151901245,-0.007770503871142864,0.38678744435310364,0.33738189935684204,-0.008307386189699173,0.38556477427482605,0.3586139976978302,-0.006587952841073275,0.39921244978904724,0.378644198179245,-0.004615360405296087,0.3999737799167633,0.34631872177124023,-0.009011797606945038,0.3972126841545105,0.3464270532131195,-0.009731329046189785,0.39602959156036377,0.3587516248226166,-0.008950643241405487,0.7519551515579224,0.5990914106369019,-1.9347817215020768e-07,0.7327783703804016,0.5722501873970032,-0.0083612110465765,0.7237821817398071,0.5314571261405945,-0.013540803454816341,0.7375335693359375,0.5142593383789062,-0.019305288791656494,0.7538278102874756,0.5301617383956909,-0.023130245506763458,0.7384753823280334,0.4811462163925171,-0.0034101810306310654,0.7427319884300232,0.4374430775642395,-0.014498698525130749,0.736843466758728,0.46663060784339905,-0.020764077082276344,0.7347565293312073,0.4899064004421234,-0.02377982623875141,0.753564715385437,0.4861687123775482,-0.004516353365033865,0.7588651180267334,0.44019144773483276,-0.015210763551294804,0.7512113451957703,0.4753028154373169,-0.016794878989458084,0.7484762668609619,0.49847105145454407,-0.015184571966528893,0.7674089074134827,0.4974563419818878,-0.007805508561432362,0.773556113243103,0.4557455778121948,-0.017066525295376778,0.7641416788101196,0.4861450493335724,-0.013908807188272476,0.7601977586746216,0.5089508891105652,-0.009066442027688026,0.7809025645256042,0.5154215693473816,-0.012278107926249504,0.7826712727546692,0.4829423427581787,-0.017939046025276184,0.7744956016540527,0.49735185503959656,-0.016020024195313454,0.7703343629837036,0.5139420628547668,-0.013036349788308144
32,0.38287270069122314,0.4691067337989807,-1.318866367228111e-07,0.3663037419319153,0.44744279980659485,-0.006458182819187641,0.3604157567024231,0.40634775161743164,-0.008196883834898472,0.3692174255847931,0.37528640031814575,-0.010373608209192753,0.3812277019023895,0.3753078877925873,-0.011053236201405525,0.362679660320282,0.37064701318740845,0.0009353693458251655,0.3641927242279053,0.3278994858264923,-0.005734649952501059,0.36348676681518555,0.3380017876625061,-0.010151289403438568,0.362716406583786,0.35828614234924316,-0.012102869339287281,0.3753259778022766,0.3673069477081299,0.0009525895584374666,0.37713807821273804,0.32073503732681274,-0.005520113278180361,0.3752378523349762,0.3360427916049957,-0.008195346221327782,0.37424302101135254,0.35783278942108154,-0.008151817135512829,0.3880314230918884,0.3706975281238556,-0.0007188531453721225,0.39094090461730957,0.3275102376937866,-0.006219279952347279,0.3879970610141754,0.3402504026889801,-0.006958357989788055,0.3863363265991211,0.35976946353912354,-0.005780255887657404,0.40070223808288574,0.37870219349861145,-0.0033718962222337723,0.4015892446041107,0.3474996089935303,-0.007200898602604866,0.3996330201625824,0.3480575382709503,-0.008213039487600327,0.39868059754371643,0.35827144980430603,-0.007974513806402683,0.7510159611701965,0.5982414484024048,-2.038700017692463e-07,0.7317162156105042,0.5719664096832275,-0.00870245136320591,0.7235552072525024,0.5289934277534485,-0.013551479205489159,0.7375047206878662,0.512298047542572,-0.018957283347845078,0.7536181211471558,0.5288675427436829,-0.02250419743359089,0.738874614238739,0.4797607958316803,-0.0026137614622712135,0.7418482899665833,0.43854257464408875,-0.01361495815217495,0.7364383935928345,0.4689096212387085,-0.01998569630086422,0.7346924543380737,0.4927453100681305,-0.023050183430314064,0.7540132999420166,0.48395010828971863,-0.0034199359361082315,0.7581912279129028,0.4410606026649475,-0.014205294661223888,0.7506005764007568,0.47761937975883484,-0.015838533639907837,0.7481650710105896,0.5016129016876221,-0.014143925160169601,0.7677963376045227,0.49485132098197937,-0.006554353516548872,0.7735241055488586,0.4552076458930969,-0.016197452321648598,0.7641777992248535,0.48635053634643555,-0.013467897661030293,0.7603977918624878,0.5097708106040955,-0.008749241940677166,0.7808731198310852,0.512572705745697,-0.010917295701801777,0.7834660410881042,0.4806049168109894,-0.017317600548267365,0.7749280333518982,0.49619027972221375,-0.01589193195104599,0.7704798579216003,0.5139446258544922,-0.013077628798782825
33,0.3820408284664154,0.467568963766098,-1.5080023274549603e-07,0.3647867739200592,0.44573915004730225,-0.005874868016690016,0.3592816889286041,0.40559956431388855,-0.007794209290295839,0.36888036131858826,0.3760632872581482,-0.010511062107980251,0.3816181421279907,0.37347209453582764,-0.011820687912404537,0.36271214485168457,0.3686293363571167,0.001321894582360983,0.36351561546325684,0.3265676200389862,-0.006145076360553503,0.36170920729637146,0.3364138603210449,-0.011211436241865158,0.36098963022232056,0.35763633251190186,-0.013474266976118088,0.37482449412345886,0.36590325832366943,0.0005935605149716139,0.37556302547454834,0.3180214464664459,-0.006800765637308359,0.3725752830505371,0.33309847116470337,-0.010013562627136707,0.3721766769886017,0.3565264940261841,-0.010180341079831123,0.38704147934913635,0.37025853991508484,-0.0018073080573230982,0.38972556591033936,0.3254150450229645,-0.008539662696421146,0.38572296500205994,0.3388504981994629,-0.009208228439092636,0.3843398988246918,0.36118197441101074,-0.00766903767362237,0.39959412813186646,0.37971100211143494,-0.005121496506035328,0.4000099003314972,0.34729480743408203,-0.009947682730853558,0.3969587981700897,0.348530113697052,-0.010801066644489765,0.3957682251930237,0.36149176955223083,-0.010183398611843586,0.752792477607727,0.5976722240447998,-2.054974999055048e-07,0.7328729629516602,0.5710788369178772,-0.00854178424924612,0.7234166264533997,0.5288407206535339,-0.013487381860613823,0.7375717759132385,0.510723888874054,-0.018799658864736557,0.7540176510810852,0.5267395973205566,-0.02220291458070278,0.739724338054657,0.47811830043792725,-0.0036375706549733877,0.7424930334091187,0.4362090528011322,-0.014681271277368069,0.7365843057632446,0.46772250533103943,-0.02099563367664814,0.734883189201355,0.4913026988506317,-0.024111466482281685,0.7548633217811584,0.48287829756736755,-0.004509278107434511,0.7583807110786438,0.43902522325515747,-0.014887377619743347,0.750598669052124,0.4762473404407501,-0.016151361167430878,0.7485421299934387,0.4989143908023834,-0.014430985786020756,0.7684472799301147,0.49437516927719116,-0.007596732582896948,0.7734859585762024,0.4545459747314453,-0.016986098140478134,0.7639927268028259,0.48698198795318604,-0.013708524405956268,0.7608340978622437,0.5099657773971558,-0.008860645815730095,0.7816060781478882,0.5134075284004211,-0.011839107610285282,0.7830483317375183,0.48100826144218445,-0.018153052777051926,0.7742066383361816,0.49843618273735046,-0.01624138653278351,0.7701836228370667,0.5166871547698975,-0.013159156776964664
34,0.38167867064476013,0.46591177582740784,-1.5441116829606472e-07,0.36453089118003845,0.44511157274246216,-0.006372831761837006,0.3594472110271454,0.40502455830574036,-0.008360660634934902,0.3698600232601166,0.3759395480155945,-0.01099229883402586,0.38234466314315796,0.37505143880844116,-0.012129700742661953,0.3625921308994293,0.3677375912666321,0.001704828697256744,0.36375895142555237,0.3259280025959015,-0.005761323031038046,0.36193302273750305,0.33710867166519165,-0.010876295156776905,0.361126571893692,0.3590846359729767,-0.013147206045687199,0.37475940585136414,0.3650328814983368,0.0012758387019857764,0.3757131099700928,0.3179108500480652,-0.006220412440598011,0.3730776309967041,0.33338403701782227,-0.00954978633671999,0.37273067235946655,0.3573821783065796,-0.009700329974293709,0.3868895471096039,0.36903172731399536,-0.0009505503112450242,0.38955020904541016,0.32551315426826477,-0.007814423181116581,0.3865027129650116,0.3381959795951843,-0.008952722884714603,0.38571086525917053,0.3597508370876312,-0.00770954042673111,0.399446040391922,0.37803858518600464,-0.0041306521743535995,0.3996264338493347,0.34714943170547485,-0.008873102255165577,0.3965369164943695,0.349393367767334,-0.009882682003080845,0.39522790908813477,0.3625029921531677,-0.009441842325031757,0.751154363155365,0.5972517728805542,-1.9596150480083452e-07,0.7321141362190247,0.5705961585044861,-0.008355529047548771,0.7237162590026855,0.5280590653419495,-0.013455577194690704,0.738063395023346,0.5122894644737244,-0.01904384233057499,0.75437331199646,0.5295860171318054,-0.022766266018152237,0.7399390935897827,0.47744715213775635,-0.0037297753151506186,0.7432729601860046,0.4360695481300354,-0.014847522601485252,0.7369754314422607,0.4671825170516968,-0.021179616451263428,0.73517245054245,0.4912070333957672,-0.024251719936728477,0.7545474171638489,0.4832685589790344,-0.004812553990632296,0.7586960196495056,0.43933069705963135,-0.015584821812808514,0.7507823705673218,0.4757491946220398,-0.017110412940382957,0.748311460018158,0.4994228780269623,-0.015408094972372055,0.7678125500679016,0.49541226029396057,-0.008075657300651073,0.7734430432319641,0.4539417326450348,-0.017472734674811363,0.7640325427055359,0.48544520139694214,-0.014453365467488766,0.760628342628479,0.5092778205871582,-0.009696907363831997,0.780846357345581,0.5145117044448853,-0.012501606717705727,0.7827128171920776,0.48141881823539734,-0.01875600963830948,0.7740329504013062,0.49744296073913574,-0.017111241817474365,0.7699123024940491,0.5157126188278198,-0.014195451512932777
35,0.38167867064476013,0.46591177582740784,-1.5441116829606472e-07,0.36453089118003845,0.44511157274246216,-0.006372831761837006,0.3594472110271454,0.40502455830574036,-0.008360660634934902,0.3698600232601166,0.3759395480155945,-0.01099229883402586,0.38234466314315796,0.37505143880844116,-0.012129700742661953,0.3625921308994293,0.3677375912666321,0.001704828697256744,0.36375895142555237,0.3259280025959015,-0.005761323031038046,0.36193302273750305,0.33710867166519165,-0.010876295156776905,0.361126571893692,0.3590846359729767,-0.013147206045687199,0.37475940585136414,0.3650328814983368,0.0012758387019857764,0.3757131099700928,0.3179108500480652,-0.006220412440598011,0.3730776309967041,0.33338403701782227,-0.00954978633671999,0.37273067235946655,0.3573821783065796,-0.009700329974293709,0.3868895471096039,0.36903172731399536,-0.0009505503112450242,0.38955020904541016,0.32551315426826477,-0.007814423181116581,0.3865027129650116,0.3381959795951843,-0.008952722884714603,0.38571086525917053,0.3597508370876312,-0.00770954042673111,0.399446040391922,0.37803858518600464,-0.0041306521743535995,0.3996264338493347,0.34714943170547485,-0.008873102255165577,0.3965369164943695,0.349393367767334,-0.009882682003080845,0.39522790908813477,0.3625029921531677,-0.009441842325031757,0.751154363155365,0.5972517728805542,-1.9596150480083452e-07,0.7321141362190247,0.5705961585044861,-0.008355529047548771,0.7237162590026855,0.5280590653419495,-0.013455577194690704,0.738063395023346,0.5122894644737244,-0.01904384233057499,0.75437331199646,0.5295860171318054,-0.022766266018152237,0.7399390935897827,0.47744715213775635,-0.0037297753151506186,0.7432729601860046,0.4360695481300354,-0.014847522601485252,0.7369754314422607,0.4671825170516968,-0.021179616451263428,0.73517245054245,0.4912070333957672,-0.024251719936728477,0.7545474171638489,0.4832685589790344,-0.004812553990632296,0.7586960196495056,0.43933069705963135,-0.015584821812808514,0.7507823705673218,0.4757491946220398,-0.017110412940382957,0.748311460018158,0.4994228780269623,-0.015408094972372055,0.7678125500679016,0.49541226029396057,-0.008075657300651073,0.7734430432319641,0.4539417326450348,-0.017472734674811363,0.7640325427055359,0.48544520139694214,-0.014453365467488766,0.760628342628479,0.5092778205871582,-0.009696907363831997,0.780846357345581,0.5145117044448853,-0.012501606717705727,0.7827128171920776,0.48141881823539734,-0.01875600963830948,0.7740329504013062,0.49744296073913574,-0.017111241817474365,0.7699123024940491,0.5157126188278198,-0.014195451512932777
36,0.38203611969947815,0.4647044539451599,-1.4912674828337913e-07,0.36438629031181335,0.44425708055496216,-0.005502497777342796,0.3587568402290344,0.4054718613624573,-0.0071168760769069195,0.3683280646800995,0.3759537935256958,-0.009546041488647461,0.38051578402519226,0.3740714490413666,-0.010648886673152447,0.36268824338912964,0.36730480194091797,0.002183702075853944,0.3628215193748474,0.32674849033355713,-0.004686752799898386,0.3612143397331238,0.3368215262889862,-0.0094978716224432,0.36092355847358704,0.35761183500289917,-0.011730878613889217,0.37503182888031006,0.3645259141921997,0.00140165607444942,0.37545692920684814,0.31870734691619873,-0.005370796658098698,0.3727283179759979,0.33334431052207947,-0.008498071692883968,0.3724575340747833,0.3562471866607666,-0.008738698437809944,0.3872454762458801,0.3685469627380371,-0.0010336311534047127,0.38938307762145996,0.32521021366119385,-0.007405480369925499,0.38582077622413635,0.3382003903388977,-0.008211146108806133,0.384774386882782,0.36012059450149536,-0.006861567497253418,0.3997644782066345,0.3776545524597168,-0.004351484123617411,0.3997342884540558,0.34601855278015137,-0.009175884537398815,0.39690983295440674,0.3476734161376953,-0.01017280574887991,0.3958972990512848,0.3608187735080719,-0.009675986133515835,0.7517237067222595,0.5970154404640198,-1.9755033520141296e-07,0.7323147654533386,0.5708589553833008,-0.008543206378817558,0.7237288355827332,0.527897834777832,-0.013305784203112125,0.7379465103149414,0.5111836791038513,-0.018446628004312515,0.7538281679153442,0.5287448167800903,-0.021671276539564133,0.7400542497634888,0.4764218330383301,-0.0032183241564780474,0.7431876063346863,0.43585216999053955,-0.014021857641637325,0.7368146181106567,0.467300683259964,-0.020237894728779793,0.7350079417228699,0.4902597665786743,-0.0233333520591259,0.7550168037414551,0.4818243384361267,-0.00413654837757349,0.7591001987457275,0.43939268589019775,-0.014450015500187874,0.7509966492652893,0.4763074219226837,-0.015748048201203346,0.7488059401512146,0.49842220544815063,-0.01399389747530222,0.7684117555618286,0.49398285150527954,-0.0072874100878834724,0.7743220329284668,0.45463865995407104,-0.016515618190169334,0.7645198106765747,0.48662200570106506,-0.013220950029790401,0.7611182332038879,0.5092123746871948,-0.008354485966265202,0.781291127204895,0.5134716629981995,-0.011629914864897728,0.7837719321250916,0.4816809296607971,-0.0177780669182539,0.7747352719306946,0.49859192967414856,-0.015822546556591988,0.7705809473991394,0.5162805914878845,-0.012711715884506702
37,0.38261228799819946,0.4644469618797302,-1.5063338310028485e-07,0.3653028905391693,0.4437379837036133,-0.006236410699784756,0.3593897521495819,0.40483951568603516,-0.008291562087833881,0.36952856183052063,0.37565797567367554,-0.011034662835299969,0.3824562132358551,0.3748619258403778,-0.012270274572074413,0.36286604404449463,0.36711642146110535,0.0021174598950892687,0.36316344141960144,0.3259498178958893,-0.005121879279613495,0.3614548444747925,0.3376471996307373,-0.010180643759667873,0.36117565631866455,0.35978513956069946,-0.012512387707829475,0.37521132826805115,0.3643149733543396,0.0017194632673636079,0.37578126788139343,0.3179292678833008,-0.005563847720623016,0.3727003037929535,0.3338114619255066,-0.008869140408933163,0.3723648190498352,0.3576570153236389,-0.00909501314163208,0.3874983489513397,0.36832910776138306,-0.0004623031709343195,0.3898729085922241,0.3247545659542084,-0.007226533722132444,0.3860478401184082,0.33876001834869385,-0.008124345913529396,0.38511157035827637,0.3610856831073761,-0.006735285744071007,0.4002615511417389,0.37784308195114136,-0.003591998480260372,0.3999572992324829,0.34754911065101624,-0.00840641651302576,0.3968537449836731,0.35041216015815735,-0.009443332441151142,0.39600294828414917,0.36378544569015503,-0.008987683802843094,0.751582145690918,0.5973682403564453,-1.937855529376975e-07,0.7323017120361328,0.571219265460968,-0.008597228676080704,0.7237999439239502,0.5289897918701172,-0.013729018159210682,0.7378919124603271,0.5126845240592957,-0.019296152517199516,0.7540343999862671,0.5303343534469604,-0.022962430492043495,0.7401024103164673,0.47771328687667847,-0.0037024475168436766,0.7435185313224792,0.4367615580558777,-0.014645545743405819,0.7370248436927795,0.4676060378551483,-0.020858850330114365,0.7349860072135925,0.49116024374961853,-0.02388896979391575,0.7548841834068298,0.48343443870544434,-0.00470362463966012,0.759128987789154,0.4398084878921509,-0.01531663816422224,0.751000165939331,0.47581619024276733,-0.016754651442170143,0.7485196590423584,0.4989893436431885,-0.015009286813437939,0.7682297229766846,0.49569374322891235,-0.007909099571406841,0.7741116881370544,0.45511478185653687,-0.017238061875104904,0.7645017504692078,0.4860192537307739,-0.014192688278853893,0.76091468334198,0.5091124773025513,-0.00941884983330965,0.7811980247497559,0.5148619413375854,-0.012304985895752907,0.7835165858268738,0.48244646191596985,-0.01846170239150524,0.774836003780365,0.49785155057907104,-0.016779523342847824,0.7706223726272583,0.515353262424469,-0.013856594450771809
38,0.383088082075119,0.4712613821029663,-1.3207802851411543e-07,0.36659544706344604,0.4482864737510681,-0.006535654421895742,0.36105865240097046,0.40871840715408325,-0.008481726050376892,0.36970609426498413,0.37899479269981384,-0.01096358709037304,0.381756991147995,0.3774855136871338,-0.011876501142978668,0.36400291323661804,0.3709324896335602,0.0007203834829851985,0.3649011254310608,0.3289720416069031,-0.006656861398369074,0.3644440174102783,0.33866915106773376,-0.011488855816423893,0.36403191089630127,0.35936611890792847,-0.013491712510585785,0.3762127161026001,0.36842238903045654,0.0005328536499291658,0.37738949060440063,0.3226667046546936,-0.006447542924433947,0.3752681612968445,0.3373747169971466,-0.009228123351931572,0.3746442198753357,0.3595821261405945,-0.009120133705437183,0.3885279595851898,0.3724648952484131,-0.0014140409184619784,0.3912157118320465,0.3295995593070984,-0.007683517877012491,0.3879050314426422,0.3416132628917694,-0.008118895813822746,0.3865334689617157,0.3620242178440094,-0.006414396222680807,0.40102094411849976,0.38109368085861206,-0.004369883798062801,0.4028448462486267,0.3492271900177002,-0.009007276967167854,0.40036192536354065,0.3483978807926178,-0.00990064162760973,0.3986441195011139,0.3592228293418884,-0.009218329563736916,0.7517457008361816,0.5976860523223877,-2.045288454155525e-07,0.7321261763572693,0.5728306174278259,-0.009356011636555195,0.7239845991134644,0.528823733329773,-0.014215054921805859,0.738045334815979,0.5110319256782532,-0.019408443942666054,0.7542850971221924,0.5281106233596802,-0.022553687915205956,0.7386848330497742,0.4796103537082672,-0.003092766972258687,0.7415094971656799,0.4385979175567627,-0.013903613202273846,0.7360376715660095,0.4698737859725952,-0.019942328333854675,0.7345404028892517,0.4934825301170349,-0.022875724360346794,0.7541159987449646,0.48356521129608154,-0.0035896014887839556,0.7580282092094421,0.4402685761451721,-0.014096307568252087,0.7505497336387634,0.4771864414215088,-0.015342402271926403,0.748406708240509,0.5005031228065491,-0.013423270545899868,0.7679199576377869,0.4948638379573822,-0.0064711663872003555,0.7734194993972778,0.45496320724487305,-0.01619715988636017,0.7642146348953247,0.4860069155693054,-0.013306230306625366,0.7608329057693481,0.508743166923523,-0.008487176150083542,0.7809948921203613,0.5128810405731201,-0.010609282180666924,0.7834012508392334,0.4812946021556854,-0.017269739881157875,0.7747397422790527,0.4964725971221924,-0.015947937965393066,0.7703872919082642,0.5136774778366089,-0.013188027776777744
39,0.383088082075119,0.4712613821029663,-1.3207802851411543e-07,0.36659544706344604,0.4482864737510681,-0.006535654421895742,0.36105865240097046,0.40871840715408325,-0.008481726050376892,0.36970609426498413,0.37899479269981384,-0.01096358709037304,0.381756991147995,0.3774855136871338,-0.011876501142978668,0.36400291323661804,0.3709324896335602,0.0007203834829851985,0.3649011254310608,0.3289720416069031,-0.006656861398369074,0.3644440174102783,0.33866915106773376,-0.011488855816423893,0.36403191089630127,0.35936611890792847,-0.013491712510585785,0.3762127161026001,0.36842238903045654,0.0005328536499291658,0.37738949060440063,0.3226667046546936,-0.006447542924433947,0.3752681612968445,0.3373747169971466,-0.009228123351931572,0.3746442198753357,0.3595821261405945,-0.009120133705437183,0.3885279595851898,0.3724648952484131,-0.0014140409184619784,0.3912157118320465,0.3295995593070984,-0.007683517877012491,0.3879050314426422,0.3416132628917694,-0.008118895813822746,0.3865334689617157,0.3620242178440094,-0.006414396222680807,0.40102094411849976,0.38109368085861206,-0.004369883798062801,0.4028448462486267,0.3492271900177002,-0.009007276967167854,0.40036192536354065,0.3483978807926178,-0.00990064162760973,0.3986441195011139,0.3592228293418884,-0.009218329563736916,0.7517457008361816,0.5976860523223877,-2.045288454155525e-07,0.7321261763572693,0.5728306174278259,-0.009356011636555195,0.7239845991134644,0.528823733329773,-0.014215054921805859,0.738045334815979,0.5110319256782532,-0.019408443942666054,0.7542850971221924,0.5281106233596802,-0.022553687915205956,0.7386848330497742,0.4796103537082672,-0.003092766972258687,0.7415094971656799,0.4385979175567627,-0.013903613202273846,0.7360376715660095,0.4698737859725952,-0.019942328333854675,0.7345404028892517,0.4934825301170349,-0.022875724360346794,0.7541159987449646,0.48356521129608154,-0.0035896014887839556,0.7580282092094421,0.4402685761451721,-0.014096307568252087,0.7505497336387634,0.4771864414215088,-0.015342402271926403,0.748406708240509,0.5005031228065491,-0.013423270545899868,0.7679199576377869,0.4948638379573822,-0.0064711663872003555,0.7734194993972778,0.45496320724487305,-0.01619715988636017,0.7642146348953247,0.4860069155693054,-0.013306230306625366,0.7608329057693481,0.508743166923523,-0.008487176150083542,0.7809948921203613,0.5128810405731201,-0.010609282180666924,0.7834012508392334,0.4812946021556854,-0.017269739881157875,0.7747397422790527,0.4964725971221924,-0.015947937965393066,0.7703872919082642,0.5136774778366089,-0.013188027776777744
40,0.38501012325286865,0.47268298268318176,-1.1847566838696366e-07,0.36940622329711914,0.44888249039649963,-0.0057470896281301975,0.3633763790130615,0.41041094064712524,-0.00729606905952096,0.36992865800857544,0.380069375038147,-0.009409276768565178,0.3783993422985077,0.37901294231414795,-0.010063417255878448,0.3650965392589569,0.3724815547466278,0.0023342641070485115,0.3654831051826477,0.331251323223114,-0.004223938100039959,0.3651975095272064,0.3416735529899597,-0.008892668411135674,0.3648153841495514,0.36224040389060974,-0.010886579751968384,0.37727200984954834,0.36901015043258667,0.002058605197817087,0.37790367007255554,0.3239786624908447,-0.004310609772801399,0.37619948387145996,0.3385969400405884,-0.007280166260898113,0.3754219710826874,0.36018088459968567,-0.007304041646420956,0.3893187940120697,0.3724641501903534,0.00012042015441693366,0.3911506235599518,0.3303861916065216,-0.005317661911249161,0.3882659077644348,0.34335336089134216,-0.005822398234158754,0.3867352604866028,0.3628336489200592,-0.004279410000890493,0.4012007713317871,0.38089945912361145,-0.002736237132921815,0.4024048149585724,0.35059863328933716,-0.006272573955357075,0.4007348418235779,0.3500567674636841,-0.006803302560001612,0.39982908964157104,0.35875794291496277,-0.006024944595992565,0.7523929476737976,0.5984827280044556,-2.1011004491811036e-07,0.7323492169380188,0.5721063017845154,-0.008815162815153599,0.7239536046981812,0.5280223488807678,-0.013563853688538074,0.7382208108901978,0.5101705193519592,-0.018795231357216835,0.7545490264892578,0.5277312994003296,-0.022038064897060394,0.7387344241142273,0.47896939516067505,-0.0023181510623544455,0.7415851950645447,0.43738552927970886,-0.01325110625475645,0.7362065315246582,0.4689633250236511,-0.019629323855042458,0.7347774505615234,0.4930344223976135,-0.02276848815381527,0.7539843320846558,0.4827473759651184,-0.003009034087881446,0.7579033970832825,0.43945688009262085,-0.013494711369276047,0.7504700422286987,0.47688648104667664,-0.014894340187311172,0.7483433485031128,0.5006200075149536,-0.013103082776069641,0.7677929997444153,0.4934244453907013,-0.006074254401028156,0.773051917552948,0.4535481333732605,-0.015299145132303238,0.7638952136039734,0.48557350039482117,-0.012150462716817856,0.7605031728744507,0.5088703632354736,-0.007303691003471613,0.7810268402099609,0.5111935138702393,-0.010416843928396702,0.7827969789505005,0.4794185757637024,-0.01644166186451912,0.7741965651512146,0.49621859192848206,-0.014684808440506458,0.7700861692428589,0.5141846537590027,-0.011726243421435356
