frame,feature_0,feature_1,feature_2,feature_3,feature_4,feature_5,feature_6,feature_7,feature_8,feature_9,feature_10,feature_11,feature_12,feature_13,feature_14,feature_15,feature_16,feature_17,feature_18,feature_19,feature_20,feature_21,feature_22,feature_23,feature_24,feature_25,feature_26,feature_27,feature_28,feature_29,feature_30,feature_31,feature_32,feature_33,feature_34,feature_35,feature_36,feature_37,feature_38,feature_39,feature_40,feature_41,feature_42,feature_43,feature_44,feature_45,feature_46,feature_47,feature_48,feature_49,feature_50,feature_51,feature_52,feature_53,feature_54,feature_55,feature_56,feature_57,feature_58,feature_59,feature_60,feature_61,feature_62,feature_63,feature_64,feature_65,feature_66,feature_67,feature_68,feature_69,feature_70,feature_71,feature_72,feature_73,feature_74,feature_75,feature_76,feature_77,feature_78,feature_79,feature_80,feature_81,feature_82,feature_83,feature_84,feature_85,feature_86,feature_87,feature_88,feature_89,feature_90,feature_91,feature_92,feature_93,feature_94,feature_95,feature_96,feature_97,feature_98,feature_99,feature_100,feature_101,feature_102,feature_103,feature_104,feature_105,feature_106,feature_107,feature_108,feature_109,feature_110,feature_111,feature_112,feature_113,feature_114,feature_115,feature_116,feature_117,feature_118,feature_119,feature_120,feature_121,feature_122,feature_123,feature_124,feature_125
1,0.6530959606170654,0.3798663318157196,-1.4479901722097566e-07,0.6321331262588501,0.3613168001174927,-0.006466970779001713,0.62095707654953,0.32559317350387573,-0.009862997569143772,0.6311131715774536,0.3040934205055237,-0.014537699520587921,0.6479839086532593,0.31204771995544434,-0.018101193010807037,0.6280105113983154,0.2795560657978058,0.002013551536947489,0.6251168847084045,0.24394476413726807,-0.006544833537191153,0.6249057650566101,0.2593047320842743,-0.013382600620388985,0.6267337799072266,0.282420814037323,-0.01698690466582775,0.6407902836799622,0.2754243016242981,0.0005604602629318833,0.6387874484062195,0.23399020731449127,-0.00799803901463747,0.6373726725578308,0.25301966071128845,-0.012697004713118076,0.6379047632217407,0.27777543663978577,-0.0138574643060565,0.6533553600311279,0.27772432565689087,-0.002820034744217992,0.6529179811477661,0.24046969413757324,-0.009716099128127098,0.6499567627906799,0.25832512974739075,-0.011264055036008358,0.6496079564094543,0.2821589708328247,-0.01033856626600027,0.666490375995636,0.2859934866428375,-0.007374072913080454,0.6657524704933167,0.2545996308326721,-0.011487813666462898,0.6609628200531006,0.26150214672088623,-0.011882851831614971,0.6584731936454773,0.27901357412338257,-0.011162145994603634,0.34167131781578064,0.5077218413352966,-1.7241592331629363e-07,0.3210020959377289,0.4845045804977417,-0.01312275044620037,0.3113746643066406,0.4323061406612396,-0.01883758418262005,0.32439136505126953,0.39709770679473877,-0.02471529133617878,0.3461723029613495,0.39861005544662476,-0.02881516143679619,0.3307194709777832,0.3730716407299042,-0.00011661523603834212,0.3316911458969116,0.33176591992378235,-0.012830094434320927,0.3217690587043762,0.3388524353504181,-0.02174052596092224,0.31459417939186096,0.35897982120513916,-0.025899892672896385,0.344900906085968,0.37254154682159424,0.0006152986898086965,0.3454726040363312,0.32400044798851013,-0.01154977548867464,0.33211052417755127,0.3380361795425415,-0.01628759875893593,0.3256571292877197,0.3634467124938965,-0.016212763264775276,0.3587363362312317,0.38108694553375244,-0.0019535645842552185,0.3610064387321472,0.3346582353115082,-0.014871622435748577,0.3474697768688202,0.3489241302013397,-0.0172512698918581,0.3412356376647949,0.3756272494792938,-0.01496895682066679,0.37342163920402527,0.3974836468696594,-0.006089426577091217,0.3737472891807556,0.359222948551178,-0.016459397971630096,0.3639523983001709,0.36554789543151855,-0.01868741773068905,0.3582748472690582,0.3850955367088318,-0.01757568120956421
2,0.653606653213501,0.3790246844291687,-1.516779803978352e-07,0.633135974407196,0.359784871339798,-0.0057566058821976185,0.6220876574516296,0.3257211744785309,-0.008835026063024998,0.6312482953071594,0.3025612533092499,-0.013291602022945881,0.6464499235153198,0.3085915446281433,-0.01662568375468254,0.6278700828552246,0.2805575132369995,0.002651860937476158,0.6252255439758301,0.2431948482990265,-0.00571421068161726,0.6255522966384888,0.25842010974884033,-0.012266051955521107,0.6277341842651367,0.28069213032722473,-0.015608781017363071,0.6406142115592957,0.277065634727478,0.0010468590771779418,0.6389716267585754,0.23499414324760437,-0.007339715026319027,0.6379697918891907,0.2541678547859192,-0.011821764521300793,0.6388872265815735,0.2781337797641754,-0.012882686220109463,0.6531313061714172,0.27896639704704285,-0.0024361310061067343,0.6525754332542419,0.24278810620307922,-0.00923820212483406,0.6499457955360413,0.2600975036621094,-0.010721799917519093,0.6498792767524719,0.2831714451313019,-0.009759658016264439,0.6662522554397583,0.2861776649951935,-0.007029587868601084,0.6651889085769653,0.2543189227581024,-0.010822952724993229,0.6606428027153015,0.26106569170951843,-0.011092237196862698,0.6583214402198792,0.27829232811927795,-0.010373333469033241,0.3424501419067383,0.5046953558921814,-1.7215521097568853e-07,0.321395605802536,0.481487512588501,-0.012522803619503975,0.31228113174438477,0.43146437406539917,-0.018359988927841187,0.3250546455383301,0.3972850441932678,-0.024632234126329422,0.3469404876232147,0.4001586437225342,-0.02904900163412094,0.331726998090744,0.3736727237701416,-0.0002372073067817837,0.33333536982536316,0.32994017004966736,-0.012955030426383018,0.3225712478160858,0.339214563369751,-0.021583417430520058,0.3153083622455597,0.36064836382865906,-0.025402944535017014,0.3457014560699463,0.3735657334327698,0.00015771898324601352,0.3472647964954376,0.32128670811653137,-0.012258768081665039,0.3335394859313965,0.3373824954032898,-0.016689926385879517,0.3277447819709778,0.3642177879810333,-0.016062002629041672,0.3594132363796234,0.382236510515213,-0.002616032725200057,0.36304402351379395,0.33194008469581604,-0.015072711743414402,0.34929952025413513,0.34760430455207825,-0.016689147800207138,0.34401488304138184,0.3752976655960083,-0.013728239573538303,0.37427377700805664,0.398528516292572,-0.006937738973647356,0.37732237577438354,0.35873687267303467,-0.01597401313483715,0.3676777780056,0.36267024278640747,-0.017399989068508148,0.3618457615375519,0.38094770908355713,-0.015838610008358955
3,0.653606653213501,0.3790246844291687,-1.516779803978352e-07,0.633135974407196,0.359784871339798,-0.0057566058821976185,0.6220876574516296,0.3257211744785309,-0.008835026063024998,0.6312482953071594,0.3025612533092499,-0.013291602022945881,0.6464499235153198,0.3085915446281433,-0.01662568375468254,0.6278700828552246,0.2805575132369995,0.002651860937476158,0.6252255439758301,0.2431948482990265,-0.00571421068161726,0.6255522966384888,0.25842010974884033,-0.012266051955521107,0.6277341842651367,0.28069213032722473,-0.015608781017363071,0.6406142115592957,0.277065634727478,0.0010468590771779418,0.6389716267585754,0.23499414324760437,-0.007339715026319027,0.6379697918891907,0.2541678547859192,-0.011821764521300793,0.6388872265815735,0.2781337797641754,-0.012882686220109463,0.6531313061714172,0.27896639704704285,-0.0024361310061067343,0.6525754332542419,0.24278810620307922,-0.00923820212483406,0.6499457955360413,0.2600975036621094,-0.010721799917519093,0.6498792767524719,0.2831714451313019,-0.009759658016264439,0.6662522554397583,0.2861776649951935,-0.007029587868601084,0.6651889085769653,0.2543189227581024,-0.010822952724993229,0.6606428027153015,0.26106569170951843,-0.011092237196862698,0.6583214402198792,0.27829232811927795,-0.010373333469033241,0.3424501419067383,0.5046953558921814,-1.7215521097568853e-07,0.321395605802536,0.481487512588501,-0.012522803619503975,0.31228113174438477,0.43146437406539917,-0.018359988927841187,0.3250546455383301,0.3972850441932678,-0.024632234126329422,0.3469404876232147,0.4001586437225342,-0.02904900163412094,0.331726998090744,0.3736727237701416,-0.0002372073067817837,0.33333536982536316,0.32994017004966736,-0.012955030426383018,0.3225712478160858,0.339214563369751,-0.021583417430520058,0.3153083622455597,0.36064836382865906,-0.025402944535017014,0.3457014560699463,0.3735657334327698,0.00015771898324601352,0.3472647964954376,0.32128670811653137,-0.012258768081665039,0.3335394859313965,0.3373824954032898,-0.016689926385879517,0.3277447819709778,0.3642177879810333,-0.016062002629041672,0.3594132363796234,0.382236510515213,-0.002616032725200057,0.36304402351379395,0.33194008469581604,-0.015072711743414402,0.34929952025413513,0.34760430455207825,-0.016689147800207138,0.34401488304138184,0.3752976655960083,-0.013728239573538303,0.37427377700805664,0.398528516292572,-0.006937738973647356,0.37732237577438354,0.35873687267303467,-0.01597401313483715,0.3676777780056,0.36267024278640747,-0.017399989068508148,0.3618457615375519,0.38094770908355713,-0.015838610008358955
4,0.6535738110542297,0.3786977231502533,-1.4403453008071665e-07,0.6332195401191711,0.35985082387924194,-0.00590213667601347,0.6222223043441772,0.32482782006263733,-0.009029384702444077,0.631132185459137,0.30332645773887634,-0.01353073213249445,0.6462976932525635,0.3114545941352844,-0.01694195531308651,0.6287032961845398,0.2790103852748871,0.002489160979166627,0.626307487487793,0.24297794699668884,-0.005840357858687639,0.6259880065917969,0.25865447521209717,-0.012276671826839447,0.6277076601982117,0.2812032103538513,-0.01553414762020111,0.6412018537521362,0.27543190121650696,0.0007893852889537811,0.6395095586776733,0.23407189548015594,-0.007965408265590668,0.638505220413208,0.25365757942199707,-0.012671886011958122,0.6393240094184875,0.2783253490924835,-0.013638828881084919,0.6535993218421936,0.27741849422454834,-0.0027703470550477505,0.6527033448219299,0.2413216382265091,-0.0098003214225173,0.6505749225616455,0.2594741880893707,-0.011632272973656654,0.6506564617156982,0.28325068950653076,-0.010715560056269169,0.6665351390838623,0.2847925126552582,-0.007429549936205149,0.6649617552757263,0.25374963879585266,-0.011403885670006275,0.661080539226532,0.260357528924942,-0.011892649345099926,0.659207820892334,0.2774369418621063,-0.011185559444129467,0.34223243594169617,0.5042015314102173,-1.530499957880238e-07,0.32209789752960205,0.48348623514175415,-0.013311631046235561,0.3131678104400635,0.4337307810783386,-0.01960536651313305,0.3243372440338135,0.39810726046562195,-0.026227090507745743,0.3458573520183563,0.39850983023643494,-0.030993040651082993,0.33120235800743103,0.37236273288726807,-5.817491910420358e-05,0.3326907753944397,0.33161938190460205,-0.013426759280264378,0.32327303290367126,0.33915162086486816,-0.02287164144217968,0.317653089761734,0.3609998822212219,-0.02726002223789692,0.34600570797920227,0.37088584899902344,0.000512843020260334,0.3488452732563019,0.32112550735473633,-0.012352061457931995,0.3369844853878021,0.3369799852371216,-0.017464304342865944,0.33270400762557983,0.364675909280777,-0.017304515466094017,0.3605193495750427,0.3793438971042633,-0.0022225910797715187,0.36518165469169617,0.33117324113845825,-0.014832216314971447,0.35319632291793823,0.34699928760528564,-0.01675265096127987,0.3493845462799072,0.3751520812511444,-0.014209114946424961,0.37584081292152405,0.39551976323127747,-0.0066060819663107395,0.37828516960144043,0.3590850532054901,-0.01599426008760929,0.36958563327789307,0.36492276191711426,-0.017804890871047974,0.3652999997138977,0.38447946310043335,-0.016536852344870567
5,0.6536399126052856,0.3780074715614319,-1.5083621462963492e-07,0.6331579089164734,0.35892558097839355,-0.0059787677600979805,0.621927797794342,0.32445648312568665,-0.009209319949150085,0.6313701868057251,0.3019089996814728,-0.013768930919468403,0.6473190784454346,0.3084830939769745,-0.017212146893143654,0.6287375092506409,0.279450923204422,0.0020941458642482758,0.6260915994644165,0.24257603287696838,-0.0064486172050237656,0.625918447971344,0.2582913637161255,-0.013131091371178627,0.6277162432670593,0.2803780436515808,-0.0165896974503994,0.641329824924469,0.27612587809562683,0.0005141296423971653,0.6395107507705688,0.23433753848075867,-0.008013734593987465,0.6383137106895447,0.25350409746170044,-0.012487723492085934,0.6390748023986816,0.27723535895347595,-0.013524145819246769,0.6536524295806885,0.2783617377281189,-0.0029528846498578787,0.6529379487037659,0.24198874831199646,-0.009824740700423717,0.6503215432167053,0.2596953511238098,-0.011205139569938183,0.6501636505126953,0.28259697556495667,-0.010147349908947945,0.6665139198303223,0.285946786403656,-0.007551306858658791,0.6652279496192932,0.25430169701576233,-0.011430136859416962,0.6609731316566467,0.260663241147995,-0.011701829731464386,0.6588183045387268,0.2771376967430115,-0.01094027329236269,0.3438335657119751,0.5052558183670044,-1.6605540054115409e-07,0.3236815333366394,0.4845428764820099,-0.013211659155786037,0.314464271068573,0.4324512779712677,-0.019177202135324478,0.3263348639011383,0.3958384692668915,-0.025367528200149536,0.3475143015384674,0.39749306440353394,-0.029914995655417442,0.3326597213745117,0.37578654289245605,-0.0017475357744842768,0.33381253480911255,0.33337292075157166,-0.013862691819667816,0.3238793611526489,0.33822768926620483,-0.02227478288114071,0.3176504075527191,0.35937175154685974,-0.026282191276550293,0.34708172082901,0.3738676607608795,-0.0009353216155432165,0.35062143206596375,0.3200376331806183,-0.012650856748223305,0.33854350447654724,0.3324577212333679,-0.016865741461515427,0.33327555656433105,0.36010703444480896,-0.016461625695228577,0.3611737787723541,0.3821942210197449,-0.0031500018667429686,0.36655840277671814,0.32888272404670715,-0.015214478597044945,0.35439184308052063,0.34295788407325745,-0.016732778400182724,0.3494635224342346,0.37222087383270264,-0.014090958051383495,0.37620314955711365,0.39886221289634705,-0.006930025294423103,0.37889835238456726,0.35803765058517456,-0.016491103917360306,0.3699701428413391,0.36218032240867615,-0.018219517543911934,0.36452537775039673,0.3823172152042389,-0.016958871856331825
6,0.6540725231170654,0.37787172198295593,-1.5358884297711484e-07,0.6334506273269653,0.3588222563266754,-0.005458706524223089,0.6222912669181824,0.3241131007671356,-0.008345908485352993,0.6310552358627319,0.30220332741737366,-0.012610802426934242,0.6461557745933533,0.30955007672309875,-0.015804776921868324,0.6286678910255432,0.2794257700443268,0.0024576212745159864,0.6258021593093872,0.2422671765089035,-0.005691916216164827,0.625796914100647,0.2579241693019867,-0.011969336308538914,0.627544105052948,0.28027719259262085,-0.015181533992290497,0.6412657499313354,0.2754114270210266,0.0007722729933448136,0.6392474174499512,0.23337581753730774,-0.007421555928885937,0.6383581757545471,0.2531543970108032,-0.011634774506092072,0.6389463543891907,0.2773932218551636,-0.012518375180661678,0.6536739468574524,0.27702295780181885,-0.00270844460465014,0.6523811221122742,0.24006615579128265,-0.00917992927134037,0.6502537727355957,0.2588629424571991,-0.010293221101164818,0.6501141786575317,0.28231921792030334,-0.00916353054344654,0.6666054129600525,0.28422310948371887,-0.0072830901481211185,0.6647081971168518,0.252759724855423,-0.011062219738960266,0.6608167290687561,0.2603180408477783,-0.011242173612117767,0.6589261889457703,0.27735111117362976,-0.010434825904667377,0.34530580043792725,0.5034286379814148,-1.6829100957238552e-07,0.3251549005508423,0.4815816581249237,-0.014088034629821777,0.3156161308288574,0.42974138259887695,-0.02081357315182686,0.3276160657405853,0.39275941252708435,-0.027606207877397537,0.34926632046699524,0.39410847425460815,-0.032730598002672195,0.3344270586967468,0.37280339002609253,-0.0034567774273455143,0.33585795760154724,0.3282778859138489,-0.016541430726647377,0.3253212571144104,0.3343851864337921,-0.02544054202735424,0.31847813725471497,0.35733893513679504,-0.029583875089883804,0.34844157099723816,0.37164393067359924,-0.0023507068399339914,0.3518233001232147,0.3169121742248535,-0.014961759559810162,0.33899182081222534,0.3300115466117859,-0.01968243159353733,0.33292171359062195,0.35911330580711365,-0.01952008344233036,0.3622945249080658,0.38045087456703186,-0.004342847969383001,0.36763277649879456,0.3269658088684082,-0.017152942717075348,0.3547392189502716,0.34120869636535645,-0.019344069063663483,0.3488248884677887,0.37149062752723694,-0.017058521509170532,0.3772706985473633,0.3975096046924591,-0.007924838922917843,0.37981900572776794,0.3567085862159729,-0.018330832943320274,0.37041157484054565,0.36203238368034363,-0.02078610472381115,0.36411845684051514,0.38397079706192017,-0.019935566931962967
7,0.6540725231170654,0.37787172198295593,-1.5358884297711484e-07,0.6334506273269653,0.3588222563266754,-0.005458706524223089,0.6222912669181824,0.3241131007671356,-0.008345908485352993,0.6310552358627319,0.30220332741737366,-0.012610802426934242,0.6461557745933533,0.30955007672309875,-0.015804776921868324,0.6286678910255432,0.2794257700443268,0.0024576212745159864,0.6258021593093872,0.2422671765089035,-0.005691916216164827,0.625796914100647,0.2579241693019867,-0.011969336308538914,0.627544105052948,0.28027719259262085,-0.015181533992290497,0.6412657499313354,0.2754114270210266,0.0007722729933448136,0.6392474174499512,0.23337581753730774,-0.007421555928885937,0.6383581757545471,0.2531543970108032,-0.011634774506092072,0.6389463543891907,0.2773932218551636,-0.012518375180661678,0.6536739468574524,0.27702295780181885,-0.00270844460465014,0.6523811221122742,0.24006615579128265,-0.00917992927134037,0.6502537727355957,0.2588629424571991,-0.010293221101164818,0.6501141786575317,0.28231921792030334,-0.00916353054344654,0.6666054129600525,0.28422310948371887,-0.0072830901481211185,0.6647081971168518,0.252759724855423,-0.011062219738960266,0.6608167290687561,0.2603180408477783,-0.011242173612117767,0.6589261889457703,0.27735111117362976,-0.010434825904667377,0.34530580043792725,0.5034286379814148,-1.6829100957238552e-07,0.3251549005508423,0.4815816581249237,-0.014088034629821777,0.3156161308288574,0.42974138259887695,-0.02081357315182686,0.3276160657405853,0.39275941252708435,-0.027606207877397537,0.34926632046699524,0.39410847425460815,-0.032730598002672195,0.3344270586967468,0.37280339002609253,-0.0034567774273455143,0.33585795760154724,0.3282778859138489,-0.016541430726647377,0.3253212571144104,0.3343851864337921,-0.02544054202735424,0.31847813725471497,0.35733893513679504,-0.029583875089883804,0.34844157099723816,0.37164393067359924,-0.0023507068399339914,0.3518233001232147,0.3169121742248535,-0.014961759559810162,0.33899182081222534,0.3300115466117859,-0.01968243159353733,0.33292171359062195,0.35911330580711365,-0.01952008344233036,0.3622945249080658,0.38045087456703186,-0.004342847969383001,0.36763277649879456,0.3269658088684082,-0.017152942717075348,0.3547392189502716,0.34120869636535645,-0.019344069063663483,0.3488248884677887,0.37149062752723694,-0.017058521509170532,0.3772706985473633,0.3975096046924591,-0.007924838922917843,0.37981900572776794,0.3567085862159729,-0.018330832943320274,0.37041157484054565,0.36203238368034363,-0.02078610472381115,0.36411845684051514,0.38397079706192017,-0.019935566931962967
8,0.6540815830230713,0.37726545333862305,-1.5969872890764236e-07,0.633475661277771,0.35821571946144104,-0.005348386708647013,0.6228069067001343,0.3235936164855957,-0.00822579674422741,0.6319305896759033,0.3010480999946594,-0.012521700002253056,0.6465367674827576,0.3088107407093048,-0.01576714776456356,0.628787100315094,0.27853962779045105,0.002771216444671154,0.6255954504013062,0.2417285144329071,-0.004841903690248728,0.625227689743042,0.2575819194316864,-0.010897244326770306,0.6271693110466003,0.27955490350723267,-0.014168123714625835,0.6413743495941162,0.27398693561553955,0.000997990951873362,0.6391632556915283,0.23170733451843262,-0.006743601523339748,0.6377862691879272,0.25221341848373413,-0.010642019100487232,0.63861083984375,0.2766088843345642,-0.011445971205830574,0.6538910269737244,0.2755061388015747,-0.002529007848352194,0.6527785658836365,0.23716165125370026,-0.008768444880843163,0.6500298976898193,0.2565944492816925,-0.009589065797626972,0.6499367952346802,0.28064098954200745,-0.008402343839406967,0.6670145392417908,0.2829590439796448,-0.007157142739742994,0.6653981804847717,0.250800222158432,-0.010922003537416458,0.6607528924942017,0.2594574987888336,-0.010958390310406685,0.658576488494873,0.27767831087112427,-0.010138802230358124,0.34610217809677124,0.5036336183547974,-1.82456233233097e-07,0.324492871761322,0.4827534556388855,-0.01422387920320034,0.3147844970226288,0.4278782904148102,-0.02023947797715664,0.32794517278671265,0.3901977241039276,-0.02627376653254032,0.3495821952819824,0.3920378088951111,-0.03052201308310032,0.3336602449417114,0.37034791707992554,-0.0018527789507061243,0.33498185873031616,0.32537728548049927,-0.01467941328883171,0.3252163827419281,0.33261558413505554,-0.023427730426192284,0.3188197612762451,0.35494741797447205,-0.02757076919078827,0.3478219211101532,0.3691745400428772,-0.0006299041560851038,0.3503689765930176,0.31546998023986816,-0.013204502873122692,0.33816418051719666,0.3308088183403015,-0.01780693419277668,0.33301684260368347,0.3591800928115845,-0.017537323758006096,0.3618062436580658,0.37747976183891296,-0.0026988305617123842,0.36640599370002747,0.3256119191646576,-0.015567153692245483,0.3544851839542389,0.34179338812828064,-0.017394088208675385,0.34971606731414795,0.37104085087776184,-0.014794573187828064,0.3770510256290436,0.3936380445957184,-0.0064661758951842785,0.37879613041877747,0.35294193029403687,-0.016730960458517075,0.3702348470687866,0.36085522174835205,-0.018855109810829163,0.3655099868774414,0.3828013241291046,-0.017786335200071335
9,0.654060423374176,0.3777424693107605,-1.6426808713276841e-07,0.6337037682533264,0.3576652407646179,-0.0055235899053514,0.6227893829345703,0.32353198528289795,-0.008483276702463627,0.6316481232643127,0.2991945147514343,-0.012886119075119495,0.6467546224594116,0.30385369062423706,-0.016133107244968414,0.6293804049491882,0.277813583612442,0.003472371492534876,0.6262762546539307,0.2410728633403778,-0.004547803197056055,0.6255879998207092,0.25678110122680664,-0.011016443371772766,0.6277082562446594,0.27858221530914307,-0.014486952684819698,0.6418190598487854,0.27356091141700745,0.00176231749355793,0.639678418636322,0.23142778873443604,-0.0064561753533780575,0.6377778649330139,0.25190457701683044,-0.010716957971453667,0.6388018131256104,0.27602770924568176,-0.011657435446977615,0.6542450785636902,0.2750450670719147,-0.0018187110545113683,0.6532315611839294,0.2366824746131897,-0.008507320657372475,0.6497814059257507,0.25567197799682617,-0.00944583024829626,0.6496677994728088,0.27958446741104126,-0.008183897472918034,0.6673116683959961,0.2824884057044983,-0.006518664304167032,0.6658555269241333,0.2503732442855835,-0.010389302857220173,0.6606501340866089,0.25896668434143066,-0.010414611548185349,0.6582197546958923,0.27756205201148987,-0.009518356993794441,0.3462026119232178,0.5021539330482483,-1.764950781080188e-07,0.32388365268707275,0.4818919003009796,-0.013199800625443459,0.3141712546348572,0.42783012986183167,-0.018364667892456055,0.32728111743927,0.38924771547317505,-0.023691372945904732,0.3490101397037506,0.3913494646549225,-0.027346257120370865,0.3333817422389984,0.3726269602775574,0.0005735604208894074,0.3340921103954315,0.3297403156757355,-0.010843383148312569,0.32407981157302856,0.3343377411365509,-0.01934145577251911,0.3174658417701721,0.354529470205307,-0.023611733689904213,0.34772807359695435,0.3701499402523041,0.0017547725001350045,0.3505292236804962,0.31790462136268616,-0.00939745269715786,0.33817458152770996,0.32869309186935425,-0.014261853881180286,0.3319527208805084,0.35431429743766785,-0.014565244317054749,0.36160963773727417,0.37674954533576965,-0.00026378658367320895,0.3662055432796478,0.3248662054538727,-0.011552742682397366,0.35387617349624634,0.33717697858810425,-0.014224200509488583,0.34807658195495605,0.36376988887786865,-0.012734496966004372,0.37663355469703674,0.39133283495903015,-0.003921922761946917,0.3779102861881256,0.3515494763851166,-0.01284128800034523,0.36882758140563965,0.3568142056465149,-0.015299269929528236,0.36328813433647156,0.3763207495212555,-0.014933476224541664
10,0.6543460488319397,0.3772904574871063,-1.6055470553055784e-07,0.6338579058647156,0.35787075757980347,-0.005904109682887793,0.6222116947174072,0.32368671894073486,-0.009215600788593292,0.6310700178146362,0.29917508363723755,-0.013870582915842533,0.6470862030982971,0.3021657466888428,-0.017255334183573723,0.6289399266242981,0.27668118476867676,0.0023647956550121307,0.6261956095695496,0.2388233244419098,-0.006156799849122763,0.625712513923645,0.25587034225463867,-0.012705906294286251,0.6275089979171753,0.27852579951286316,-0.016151808202266693,0.6416285037994385,0.2727190852165222,0.0007125511765480042,0.6399438381195068,0.2300473004579544,-0.007910299114882946,0.6386280059814453,0.25140464305877686,-0.012293259613215923,0.6392447352409363,0.2756548523902893,-0.01331861037760973,0.6541174650192261,0.2747518718242645,-0.002823998685926199,0.6534118056297302,0.23533675074577332,-0.009863875806331635,0.6506893634796143,0.25524988770484924,-0.01081895548850298,0.6503756046295166,0.27919483184814453,-0.009542128071188927,0.6671161651611328,0.28287068009376526,-0.007473744451999664,0.6652618646621704,0.25067877769470215,-0.01183114293962717,0.6608777642250061,0.25908833742141724,-0.012150969356298447,0.6587408185005188,0.2768585979938507,-0.011387599632143974,0.3442714214324951,0.503232479095459,-1.4258505132147548e-07,0.3223675787448883,0.4800336956977844,-0.014030472375452518,0.31253308057785034,0.42779821157455444,-0.019973618909716606,0.32633259892463684,0.3914264440536499,-0.02595045045018196,0.34908100962638855,0.39484766125679016,-0.03025044873356819,0.3312133848667145,0.37436938285827637,-0.0003102368500549346,0.33120137453079224,0.3327663540840149,-0.012671814300119877,0.32258298993110657,0.3331593871116638,-0.022136352956295013,0.31677111983299255,0.3521178662776947,-0.026789674535393715,0.34583938121795654,0.37163209915161133,0.0013406826183199883,0.34913381934165955,0.3213352859020233,-0.010512115433812141,0.3383709490299225,0.32921913266181946,-0.016424542292952538,0.332392156124115,0.3557189702987671,-0.017263777554035187,0.35991623997688293,0.3773852288722992,-0.00020386400865390897,0.3650369644165039,0.32667726278305054,-0.011817025020718575,0.3543834686279297,0.33542630076408386,-0.015294123440980911,0.34910866618156433,0.363635778427124,-0.014038246124982834,0.3746517598628998,0.3905450999736786,-0.003457582788541913,0.37696129083633423,0.3503204584121704,-0.012639006599783897,0.36986827850341797,0.35171017050743103,-0.015650179237127304,0.36511558294296265,0.3718171715736389,-0.015332941897213459
11,0.6543460488319397,0.3772904574871063,-1.6055470553055784e-07,0.6338579058647156,0.35787075757980347,-0.005904109682887793,0.6222116947174072,0.32368671894073486,-0.009215600788593292,0.6310700178146362,0.29917508363723755,-0.013870582915842533,0.6470862030982971,0.3021657466888428,-0.017255334183573723,0.6289399266242981,0.27668118476867676,0.0023647956550121307,0.6261956095695496,0.2388233244419098,-0.006156799849122763,0.625712513923645,0.25587034225463867,-0.012705906294286251,0.6275089979171753,0.27852579951286316,-0.016151808202266693,0.6416285037994385,0.2727190852165222,0.0007125511765480042,0.6399438381195068,0.2300473004579544,-0.007910299114882946,0.6386280059814453,0.25140464305877686,-0.012293259613215923,0.6392447352409363,0.2756548523902893,-0.01331861037760973,0.6541174650192261,0.2747518718242645,-0.002823998685926199,0.6534118056297302,0.23533675074577332,-0.009863875806331635,0.6506893634796143,0.25524988770484924,-0.01081895548850298,0.6503756046295166,0.27919483184814453,-0.009542128071188927,0.6671161651611328,0.28287068009376526,-0.007473744451999664,0.6652618646621704,0.25067877769470215,-0.01183114293962717,0.6608777642250061,0.25908833742141724,-0.012150969356298447,0.6587408185005188,0.2768585979938507,-0.011387599632143974,0.3442714214324951,0.503232479095459,-1.4258505132147548e-07,0.3223675787448883,0.4800336956977844,-0.014030472375452518,0.31253308057785034,0.42779821157455444,-0.019973618909716606,0.32633259892463684,0.3914264440536499,-0.02595045045018196,0.34908100962638855,0.39484766125679016,-0.03025044873356819,0.3312133848667145,0.37436938285827637,-0.0003102368500549346,0.33120137453079224,0.3327663540840149,-0.012671814300119877,0.32258298993110657,0.3331593871116638,-0.022136352956295013,0.31677111983299255,0.3521178662776947,-0.026789674535393715,0.34583938121795654,0.37163209915161133,0.0013406826183199883,0.34913381934165955,0.3213352859020233,-0.010512115433812141,0.3383709490299225,0.32921913266181946,-0.016424542292952538,0.332392156124115,0.3557189702987671,-0.017263777554035187,0.35991623997688293,0.3773852288722992,-0.00020386400865390897,0.3650369644165039,0.32667726278305054,-0.011817025020718575,0.3543834686279297,0.33542630076408386,-0.015294123440980911,0.34910866618156433,0.363635778427124,-0.014038246124982834,0.3746517598628998,0.3905450999736786,-0.003457582788541913,0.37696129083633423,0.3503204584121704,-0.012639006599783897,0.36986827850341797,0.35171017050743103,-0.015650179237127304,0.36511558294296265,0.3718171715736389,-0.015332941897213459
12,0.6541975736618042,0.3763325810432434,-1.5925910190617287e-07,0.6335394382476807,0.357304185628891,-0.005518617108464241,0.6219127178192139,0.32363107800483704,-0.008451854810118675,0.6304314136505127,0.29993945360183716,-0.01280598808079958,0.6459522843360901,0.30391132831573486,-0.0159678403288126,0.6289862990379333,0.2778300344944,0.0025900432374328375,0.6260160803794861,0.24033962190151215,-0.005959315225481987,0.6252286434173584,0.2560953199863434,-0.012373639270663261,0.6271250247955322,0.27865394949913025,-0.015581331215798855,0.6411120891571045,0.2740541398525238,0.0007883670041337609,0.6392191052436829,0.23013095557689667,-0.008106006309390068,0.6374106407165527,0.25024592876434326,-0.012362001463770866,0.6381775140762329,0.2746814787387848,-0.013016548939049244,0.6533093452453613,0.276031494140625,-0.0028699906542897224,0.6523332595825195,0.23832666873931885,-0.01006792951375246,0.6493456363677979,0.2574171721935272,-0.011080143041908741,0.6494598984718323,0.2807343602180481,-0.009609367698431015,0.6662163734436035,0.2838539481163025,-0.0076084681786596775,0.664900004863739,0.251126229763031,-0.011604012921452522,0.6600577235221863,0.2587341368198395,-0.011606954038143158,0.6576072573661804,0.27620887756347656,-0.0105848778039217,0.34366145730018616,0.5013511180877686,-1.5982752188392624e-07,0.3219341039657593,0.4775847792625427,-0.013624939136207104,0.3116770386695862,0.42595499753952026,-0.01938343606889248,0.32341665029525757,0.3889245390892029,-0.02527305670082569,0.34433770179748535,0.38938164710998535,-0.029539193958044052,0.33083298802375793,0.37224942445755005,6.688336725346744e-05,0.33157357573509216,0.3306336998939514,-0.011661790311336517,0.3219543397426605,0.3323006331920624,-0.020827477797865868,0.3151633143424988,0.3501603901386261,-0.02557680569589138,0.34519314765930176,0.3708781599998474,0.0012258074712008238,0.3482609689235687,0.32069215178489685,-0.010156572796404362,0.33555203676223755,0.3276917040348053,-0.016270292922854424,0.32846686244010925,0.3511864244937897,-0.01771504245698452,0.359057754278183,0.3783063292503357,-0.0007837932207621634,0.36512863636016846,0.3266639709472656,-0.012624789960682392,0.35278916358947754,0.3348253071308136,-0.016828376799821854,0.34625017642974854,0.3610581159591675,-0.016411762684583664,0.37356704473495483,0.393650621175766,-0.004385111387819052,0.3766455352306366,0.3534158766269684,-0.01439848355948925,0.36803755164146423,0.3556457459926605,-0.018091335892677307,0.3617992401123047,0.37530258297920227,-0.018482832238078117
13,0.3430858850479126,0.502103865146637,-1.5911285800029873e-07,0.3204514682292938,0.47943660616874695,-0.014205064624547958,0.3107604682445526,0.4257170259952545,-0.019698234274983406,0.32352644205093384,0.3880660831928253,-0.025273198261857033,0.3448255658149719,0.38792920112609863,-0.029301274567842484,0.3292974829673767,0.37449145317077637,0.0005897607770748436,0.3292892277240753,0.33285748958587646,-0.011447678320109844,0.3201497793197632,0.33230307698249817,-0.02123868651688099,0.3134787082672119,0.3498244285583496,-0.02632424421608448,0.34374260902404785,0.37158945202827454,0.0021632779389619827,0.346142441034317,0.3215307891368866,-0.009623048827052116,0.3347862958908081,0.3251703977584839,-0.016966357827186584,0.327756404876709,0.3494550287723541,-0.019206508994102478,0.35784998536109924,0.37703222036361694,0.00044948377762921154,0.3632452189922333,0.3255011737346649,-0.01153551135212183,0.3522460162639618,0.33065086603164673,-0.01741442270576954,0.3460116684436798,0.3581090271472931,-0.018118489533662796,0.37296879291534424,0.390168696641922,-0.00292261247523129,0.37482455372810364,0.34947749972343445,-0.013115783222019672,0.36672085523605347,0.34920355677604675,-0.01799478940665722,0.36058178544044495,0.36933431029319763,-0.0192443635314703,0.6545776128768921,0.37608230113983154,-1.580315398541643e-07,0.6339946389198303,0.357477068901062,-0.005475156009197235,0.6217563152313232,0.32311928272247314,-0.008482377976179123,0.629643440246582,0.2984120845794678,-0.01298479549586773,0.6456870436668396,0.30275216698646545,-0.016181888058781624,0.6288872361183167,0.27419281005859375,0.003570099361240864,0.6257188320159912,0.2380143254995346,-0.005198366474360228,0.6249971389770508,0.255618155002594,-0.011819710955023766,0.6269173622131348,0.278656542301178,-0.015077011659741402,0.6414748430252075,0.2705671787261963,0.0016449005343019962,0.6394810676574707,0.22869491577148438,-0.007517073769122362,0.6378380656242371,0.2509450912475586,-0.011911151930689812,0.6384868621826172,0.27542874217033386,-0.012420665472745895,0.6539822220802307,0.2726259231567383,-0.0022173505276441574,0.6525522470474243,0.23622684180736542,-0.009547172114253044,0.649922788143158,0.256846159696579,-0.010427537374198437,0.6499885320663452,0.2800540626049042,-0.008611558936536312,0.6670203804969788,0.2804602384567261,-0.007166632451117039,0.6649870276451111,0.24865610897541046,-0.010878008790314198,0.66102534532547,0.25689107179641724,-0.010601561516523361,0.6593156456947327,0.27352455258369446,-0.009228605777025223
14,0.3421931564807892,0.5005775690078735,-1.4402031922600145e-07,0.31912755966186523,0.4777047336101532,-0.014058312401175499,0.30872100591659546,0.42535504698753357,-0.019689755514264107,0.3213350772857666,0.38670310378074646,-0.025286857038736343,0.3436250686645508,0.38636940717697144,-0.029452601447701454,0.32729029655456543,0.3739577531814575,8.179387077689171e-05,0.3266370892524719,0.3330462574958801,-0.01223681215196848,0.3180530071258545,0.3307650685310364,-0.02179683931171894,0.31223779916763306,0.346410870552063,-0.02667221985757351,0.3427923321723938,0.3696279525756836,0.0015238685300573707,0.34518808126449585,0.3202945590019226,-0.010640951804816723,0.33308300375938416,0.32533660531044006,-0.017221208661794662,0.3261066973209381,0.34940096735954285,-0.01857396587729454,0.35749688744544983,0.37434783577919006,-0.00031561829382553697,0.3626197874546051,0.3225884735584259,-0.012973403558135033,0.35057446360588074,0.32750096917152405,-0.018337685614824295,0.34396934509277344,0.3531109690666199,-0.01841265708208084,0.3723931312561035,0.38720235228538513,-0.0037145556416362524,0.37272486090660095,0.3491070568561554,-0.014546639285981655,0.36488237977027893,0.3515874147415161,-0.01927405595779419,0.35996076464653015,0.372164785861969,-0.02015445940196514,0.6542171835899353,0.37480106949806213,-1.6130020696891734e-07,0.6332467198371887,0.35657548904418945,-0.005295448005199432,0.6211209297180176,0.32187533378601074,-0.008325031958520412,0.6290627121925354,0.2979438900947571,-0.01289265975356102,0.6445392966270447,0.30404913425445557,-0.016311511397361755,0.6286497116088867,0.27399536967277527,0.0033252574503421783,0.625420331954956,0.2373150885105133,-0.0050912643782794476,0.624101996421814,0.25455689430236816,-0.011468003503978252,0.6258538961410522,0.27761754393577576,-0.014750541187822819,0.6410357356071472,0.2695584297180176,0.0012714082840830088,0.6388111710548401,0.22700053453445435,-0.007741084322333336,0.6370523571968079,0.24979135394096375,-0.011911354027688503,0.6378657817840576,0.2751544713973999,-0.012373484671115875,0.6533940434455872,0.2712726593017578,-0.002637396799400449,0.6516335010528564,0.23255841434001923,-0.009870230220258236,0.6493290662765503,0.25455451011657715,-0.010522992350161076,0.6499208807945251,0.279262900352478,-0.008732120506465435,0.6664204001426697,0.2791264057159424,-0.0076178195886313915,0.6636661887168884,0.24723564088344574,-0.011843523010611534,0.659992516040802,0.2569954991340637,-0.011757900938391685,0.6589544415473938,0.27503150701522827,-0.010527054779231548
15,0.3401492238044739,0.5020910501480103,-1.586238340678392e-07,0.3174993395805359,0.47685980796813965,-0.011880375444889069,0.30707868933677673,0.4254481792449951,-0.016938168555498123,0.3184916377067566,0.38853925466537476,-0.022531380876898766,0.3388763964176178,0.3882734477519989,-0.02647492103278637,0.3272850215435028,0.3740324378013611,0.0011927570449188352,0.32932430505752563,0.329692542552948,-0.010263444855809212,0.3188890218734741,0.3303092420101166,-0.019109603017568588,0.31158462166786194,0.34583616256713867,-0.023627029731869698,0.3417810797691345,0.37312328815460205,0.0015177138848230243,0.3461886942386627,0.32018715143203735,-0.009910709224641323,0.33345866203308105,0.32439249753952026,-0.01618175394833088,0.3257502019405365,0.3460594117641449,-0.01759784296154976,0.3551067113876343,0.38030582666397095,-0.0011944160796701908,0.3613415062427521,0.3275122046470642,-0.011866172775626183,0.3493432104587555,0.3300098478794098,-0.016198793426156044,0.3418077528476715,0.3512696623802185,-0.01596996933221817,0.36883416771888733,0.3949221968650818,-0.005454260390251875,0.37337613105773926,0.35276728868484497,-0.013394858688116074,0.3664334714412689,0.3452755808830261,-0.016962306573987007,0.360361784696579,0.3553676903247833,-0.017653577029705048,0.6535349488258362,0.3742290437221527,-1.6490250231981918e-07,0.6325849294662476,0.3554617464542389,-0.005446038208901882,0.6211965084075928,0.32048559188842773,-0.008453143760561943,0.6305197477340698,0.2973560094833374,-0.012915422208607197,0.646445095539093,0.3029935956001282,-0.016212550923228264,0.6278597712516785,0.2745193541049957,0.002580100204795599,0.6249288320541382,0.23718932271003723,-0.0059377700090408325,0.6248144507408142,0.25430575013160706,-0.012361696921288967,0.6268796920776367,0.2771510183811188,-0.01567254774272442,0.6406510472297668,0.2703544497489929,0.0006797483656555414,0.6386942863464355,0.2273346483707428,-0.007989002391695976,0.6373916864395142,0.24940527975559235,-0.012016129679977894,0.6380910873413086,0.27402350306510925,-0.012651980854570866,0.6532108783721924,0.27224698662757874,-0.0030790497548878193,0.6519787907600403,0.23400762677192688,-0.010028817690908909,0.6493830680847168,0.2552635371685028,-0.010595078580081463,0.6495262384414673,0.2793152928352356,-0.008980205282568932,0.6663892865180969,0.2802483141422272,-0.007934200577437878,0.6641821265220642,0.2476724237203598,-0.011957883834838867,0.6599897742271423,0.2569180727005005,-0.011843182146549225,0.6583313345909119,0.27498263120651245,-0.010794147849082947
16,0.33866292238235474,0.5021073222160339,-1.4158031547140126e-07,0.31687402725219727,0.47646504640579224,-0.012422813102602959,0.3070741891860962,0.4255095422267914,-0.017466053366661072,0.31891414523124695,0.3889737129211426,-0.02312835492193699,0.33946099877357483,0.38799625635147095,-0.0271366648375988,0.32593587040901184,0.37193652987480164,0.0031025081407278776,0.3270052373409271,0.33038920164108276,-0.008545121178030968,0.31800419092178345,0.3287528157234192,-0.018034007400274277,0.31169772148132324,0.34450608491897583,-0.02287798374891281,0.3404984176158905,0.3706533908843994,0.003607129445299506,0.34433022141456604,0.3201380670070648,-0.008015535771846771,0.3328942656517029,0.3239435851573944,-0.015065657906234264,0.3260945677757263,0.34773391485214233,-0.01688780076801777,0.3542408049106598,0.37765738368034363,0.0008499473915435374,0.36022791266441345,0.327394962310791,-0.010261393152177334,0.34943878650665283,0.3301491439342499,-0.015375908464193344,0.3430929481983185,0.35491710901260376,-0.015484418720006943,0.3686103820800781,0.3917601406574249,-0.0035492763854563236,0.3730185925960541,0.35076791048049927,-0.012064672075212002,0.3662107288837433,0.344870388507843,-0.016086671501398087,0.360324501991272,0.359451025724411,-0.01685602217912674,0.653316080570221,0.3744482398033142,-1.569456884453757e-07,0.6327161192893982,0.35489946603775024,-0.005568825174123049,0.6209997534751892,0.3204539716243744,-0.008830789476633072,0.6301011443138123,0.2976990044116974,-0.013492089696228504,0.6456801295280457,0.30493783950805664,-0.017022812739014626,0.6276082992553711,0.27403414249420166,0.0021801681723445654,0.6245049834251404,0.23701591789722443,-0.006618902552872896,0.6245620846748352,0.253350168466568,-0.013307422399520874,0.6266709566116333,0.27617231011390686,-0.01676866039633751,0.640339732170105,0.2701024115085602,0.00022185225680004805,0.6381337642669678,0.22734171152114868,-0.008549891412258148,0.6369488835334778,0.2481313943862915,-0.012780296616256237,0.6376593112945557,0.27251043915748596,-0.013571066781878471,0.6528404951095581,0.2722563147544861,-0.003602529177442193,0.6514337658882141,0.23519036173820496,-0.010620024055242538,0.6488848328590393,0.2547820806503296,-0.011483737267553806,0.6489894390106201,0.27809038758277893,-0.010048028081655502,0.6659263372421265,0.2804311215877533,-0.008540252223610878,0.6635856628417969,0.24837422370910645,-0.012569807469844818,0.6593632102012634,0.2566488981246948,-0.012567075900733471,0.657694935798645,0.27394065260887146,-0.0115779684856534
17,0.33866292238235474,0.5021073222160339,-1.4158031547140126e-07,0.31687402725219727,0.47646504640579224,-0.012422813102602959,0.3070741891860962,0.4255095422267914,-0.017466053366661072,0.31891414523124695,0.3889737129211426,-0.02312835492193699,0.33946099877357483,0.38799625635147095,-0.0271366648375988,0.32593587040901184,0.37193652987480164,0.0031025081407278776,0.3270052373409271,0.33038920164108276,-0.008545121178030968,0.31800419092178345,0.3287528157234192,-0.018034007400274277,0.31169772148132324,0.34450608491897583,-0.02287798374891281,0.3404984176158905,0.3706533908843994,0.003607129445299506,0.34433022141456604,0.3201380670070648,-0.008015535771846771,0.3328942656517029,0.3239435851573944,-0.015065657906234264,0.3260945677757263,0.34773391485214233,-0.01688780076801777,0.3542408049106598,0.37765738368034363,0.0008499473915435374,0.36022791266441345,0.327394962310791,-0.010261393152177334,0.34943878650665283,0.3301491439342499,-0.015375908464193344,0.3430929481983185,0.35491710901260376,-0.015484418720006943,0.3686103820800781,0.3917601406574249,-0.0035492763854563236,0.3730185925960541,0.35076791048049927,-0.012064672075212002,0.3662107288837433,0.344870388507843,-0.016086671501398087,0.360324501991272,0.359451025724411,-0.01685602217912674,0.653316080570221,0.3744482398033142,-1.569456884453757e-07,0.6327161192893982,0.35489946603775024,-0.005568825174123049,0.6209997534751892,0.3204539716243744,-0.008830789476633072,0.6301011443138123,0.2976990044116974,-0.013492089696228504,0.6456801295280457,0.30493783950805664,-0.017022812739014626,0.6276082992553711,0.27403414249420166,0.0021801681723445654,0.6245049834251404,0.23701591789722443,-0.006618902552872896,0.6245620846748352,0.253350168466568,-0.013307422399520874,0.6266709566116333,0.27617231011390686,-0.01676866039633751,0.640339732170105,0.2701024115085602,0.00022185225680004805,0.6381337642669678,0.22734171152114868,-0.008549891412258148,0.6369488835334778,0.2481313943862915,-0.012780296616256237,0.6376593112945557,0.27251043915748596,-0.013571066781878471,0.6528404951095581,0.2722563147544861,-0.003602529177442193,0.6514337658882141,0.23519036173820496,-0.010620024055242538,0.6488848328590393,0.2547820806503296,-0.011483737267553806,0.6489894390106201,0.27809038758277893,-0.010048028081655502,0.6659263372421265,0.2804311215877533,-0.008540252223610878,0.6635856628417969,0.24837422370910645,-0.012569807469844818,0.6593632102012634,0.2566488981246948,-0.012567075900733471,0.657694935798645,0.27394065260887146,-0.0115779684856534
18,0.33804380893707275,0.49642255902290344,-1.5246408224811603e-07,0.31538626551628113,0.4735703468322754,-0.013844773173332214,0.3058871328830719,0.42148295044898987,-0.01968521624803543,0.3189437985420227,0.38476991653442383,-0.025714056566357613,0.3416271209716797,0.3869902789592743,-0.030015362426638603,0.3258495330810547,0.36746126413345337,-9.160706395050511e-05,0.3260384202003479,0.32417523860931396,-0.012692305259406567,0.31608375906944275,0.32660990953445435,-0.022219644859433174,0.3102326989173889,0.34730058908462524,-0.02689336985349655,0.34067535400390625,0.36509180068969727,0.0010180622339248657,0.34369975328445435,0.31303489208221436,-0.01120012253522873,0.3313046991825104,0.3220956325531006,-0.017203183844685555,0.32571908831596375,0.3494516909122467,-0.01802874356508255,0.35462281107902527,0.3720993399620056,-0.0011568068293854594,0.3606824278831482,0.31942474842071533,-0.012882846407592297,0.34828197956085205,0.3275887966156006,-0.016693895682692528,0.34295064210891724,0.3551289141178131,-0.01583695225417614,0.36890915036201477,0.386785089969635,-0.005075930152088404,0.37287637591362,0.3464592397212982,-0.014216559939086437,0.3637813627719879,0.3472481369972229,-0.01757383905351162,0.35769912600517273,0.36731570959091187,-0.01775105856359005,0.6529600024223328,0.37440189719200134,-1.6281789783079148e-07,0.6327221989631653,0.3544217050075531,-0.005048998631536961,0.6213032007217407,0.32099243998527527,-0.00796793308109045,0.6293722987174988,0.2966020703315735,-0.012464180588722229,0.6441056132316589,0.3018191158771515,-0.015778236091136932,0.6285151839256287,0.273501455783844,0.004073422867804766,0.6250382661819458,0.23712517321109772,-0.0044166576117277145,0.6240695118904114,0.25325483083724976,-0.011029381304979324,0.6258391737937927,0.2760674059391022,-0.014320962131023407,0.6405242085456848,0.2700597941875458,0.0020541653502732515,0.6380955576896667,0.22838105261325836,-0.0067088911309838295,0.636152982711792,0.24866151809692383,-0.011097615584731102,0.6368053555488586,0.2729777991771698,-0.011790936812758446,0.6526111364364624,0.2716226279735565,-0.001872778288088739,0.650737464427948,0.23589427769184113,-0.008772131986916065,0.6479693055152893,0.25471657514572144,-0.00975522305816412,0.648299515247345,0.2776705026626587,-0.00822803471237421,0.6653996706008911,0.27864617109298706,-0.006882184650748968,0.662826418876648,0.24642407894134521,-0.010315408930182457,0.6586247682571411,0.2548508942127228,-0.009991224855184555,0.6570991277694702,0.27234670519828796,-0.008714873343706131
19,0.33747392892837524,0.49726203083992004,-1.5291392685412575e-07,0.3155282139778137,0.4739138185977936,-0.013362799771130085,0.3058299422264099,0.4221726953983307,-0.01910952292382717,0.31794464588165283,0.3843066096305847,-0.02519434317946434,0.34002700448036194,0.3830162286758423,-0.02974635735154152,0.32447731494903564,0.3649565577507019,0.001371430465951562,0.32448601722717285,0.32328158617019653,-0.011223290115594864,0.3156586289405823,0.3256112039089203,-0.02095215395092964,0.3099507689476013,0.3453559875488281,-0.025736752897500992,0.33924904465675354,0.36185702681541443,0.0021580401808023453,0.3417951464653015,0.3102598786354065,-0.010006142780184746,0.33041703701019287,0.3199141323566437,-0.01633017510175705,0.3251431882381439,0.3467242121696472,-0.01740923896431923,0.35367366671562195,0.36817577481269836,-0.00038189374026842415,0.3588049113750458,0.31652551889419556,-0.012841390445828438,0.3470708429813385,0.3269076943397522,-0.017211128026247025,0.34196937084198,0.3554224371910095,-0.016574691981077194,0.36892399191856384,0.38245323300361633,-0.0045082406140863895,0.3710375428199768,0.3420662581920624,-0.014554169028997421,0.36214157938957214,0.3474942743778229,-0.017955392599105835,0.3566182255744934,0.3704809546470642,-0.01798156276345253,0.6531009078025818,0.3747009038925171,-1.621068150825522e-07,0.6326432228088379,0.3551606833934784,-0.005614705849438906,0.6211145520210266,0.321179062128067,-0.008691929280757904,0.6295754313468933,0.29604098200798035,-0.013219361193478107,0.644906222820282,0.3008157014846802,-0.01647738553583622,0.6277124285697937,0.2733552157878876,0.003362730611115694,0.6244742274284363,0.23688533902168274,-0.0051059415563941,0.6232274174690247,0.2527869939804077,-0.011566932313144207,0.6246988773345947,0.27603960037231445,-0.014788382686674595,0.6400840878486633,0.26956379413604736,0.0015695601468905807,0.6379846930503845,0.22701148688793182,-0.007292501162737608,0.6359007954597473,0.2473478466272354,-0.011680287308990955,0.6364586353302002,0.2723180949687958,-0.012366206385195255,0.6525892019271851,0.27130499482154846,-0.0021378917153924704,0.6509678363800049,0.23477794229984283,-0.009280257858335972,0.6480331420898438,0.25336527824401855,-0.010526751168072224,0.6482623219490051,0.27665844559669495,-0.009159019216895103,0.6657072901725769,0.2787078320980072,-0.006946961861103773,0.6632007360458374,0.24675998091697693,-0.010711656883358955,0.6590589284896851,0.2546520233154297,-0.010765240527689457,0.6575751304626465,0.27221912145614624,-0.009764652699232101
20,0.33714061975479126,0.49895668029785156,-1.4339819642827933e-07,0.31480562686920166,0.47484707832336426,-0.014011635445058346,0.3052058815956116,0.4223974645137787,-0.020081913098692894,0.31761395931243896,0.3837955892086029,-0.026405105367302895,0.33981311321258545,0.38394472002983093,-0.031139275059103966,0.3226665258407593,0.36788830161094666,0.000763705640565604,0.32253265380859375,0.32574909925460815,-0.011873884126543999,0.3142581582069397,0.32743698358535767,-0.021055588498711586,0.3090008497238159,0.3456764817237854,-0.025357894599437714,0.3377719819545746,0.3638612627983093,0.0020195969846099615,0.3399554193019867,0.31228914856910706,-0.0101459426805377,0.3286251127719879,0.3234408497810364,-0.015559268184006214,0.32394856214523315,0.34886202216148376,-0.015699170529842377,0.3524264097213745,0.3693293631076813,-9.739329834701493e-05,0.3574541211128235,0.3166511356830597,-0.012697498314082623,0.3458166718482971,0.32878977060317993,-0.01597541756927967,0.34125152230262756,0.3573981821537018,-0.014201930724084377,0.36782950162887573,0.38280752301216125,-0.0038766528014093637,0.36901646852493286,0.3427576720714569,-0.014228707179427147,0.360707551240921,0.34729713201522827,-0.01744387112557888,0.3561376631259918,0.3683706820011139,-0.016943225637078285,0.6536587476730347,0.3741709589958191,-1.621263407969309e-07,0.6327634453773499,0.3559660315513611,-0.005638691131025553,0.6206526756286621,0.3218957483768463,-0.008657814003527164,0.6287549138069153,0.29643312096595764,-0.013146075420081615,0.6442981958389282,0.3000982105731964,-0.016393980011343956,0.6277400851249695,0.27344611287117004,0.003374530002474785,0.6242933869361877,0.23661978542804718,-0.005111171863973141,0.6232001781463623,0.2525956928730011,-0.011631913483142853,0.6248099207878113,0.27576780319213867,-0.0149499187245965,0.6402610540390015,0.26911455392837524,0.0015454773092642426,0.6378874182701111,0.22619511187076569,-0.007324784994125366,0.6359691023826599,0.24684801697731018,-0.011843007989227772,0.6365588903427124,0.2717851400375366,-0.012683785520493984,0.65277099609375,0.27052783966064453,-0.002201945288106799,0.6510369777679443,0.23296968638896942,-0.009429873898625374,0.6480448246002197,0.2525120973587036,-0.010676813311874866,0.6482905745506287,0.2764493227005005,-0.009360129944980145,0.6659925580024719,0.27788105607032776,-0.007045325823128223,0.6630194783210754,0.246257022023201,-0.010989868082106113,0.6585914492607117,0.2541666328907013,-0.011159921064972878,0.6571017503738403,0.27150940895080566,-0.010270618833601475
21,0.3359718322753906,0.4952046275138855,-1.531479654204304e-07,0.3144523501396179,0.47183677554130554,-0.01219974085688591,0.30438852310180664,0.4223577380180359,-0.0177301038056612,0.31601762771606445,0.38752853870391846,-0.023816019296646118,0.33721742033958435,0.3850744664669037,-0.028301380574703217,0.3234511613845825,0.3632837235927582,0.0017460861708968878,0.32361680269241333,0.32149386405944824,-0.010780214332044125,0.3146674931049347,0.32375913858413696,-0.02039167284965515,0.30861759185791016,0.3428349792957306,-0.025034738704562187,0.3379891514778137,0.36119982600212097,0.0019409467931836843,0.3403300940990448,0.31182652711868286,-0.010043787769973278,0.32897698879241943,0.3221058249473572,-0.016115963459014893,0.32361459732055664,0.3482372462749481,-0.017028439790010452,0.3520973026752472,0.36802250146865845,-0.0010720922145992517,0.3573146164417267,0.31769752502441406,-0.01280330028384924,0.34620288014411926,0.3281667232513428,-0.0161797646433115,0.34133511781692505,0.35548755526542664,-0.014899132773280144,0.36702001094818115,0.3825305998325348,-0.005647306330502033,0.36999332904815674,0.3430589735507965,-0.014754826202988625,0.3618496060371399,0.346849262714386,-0.017277386039495468,0.3566898703575134,0.3675602078437805,-0.01664069853723049,0.6529581546783447,0.37434622645378113,-1.5923876617307542e-07,0.6323878765106201,0.35494232177734375,-0.005531391128897667,0.6205481290817261,0.32139262557029724,-0.00844770297408104,0.628872275352478,0.2968239188194275,-0.012909340672194958,0.6442720890045166,0.30144447088241577,-0.016140824183821678,0.6272828578948975,0.2740418612957001,0.0038761883042752743,0.624183714389801,0.23673607409000397,-0.004563010763376951,0.6231292486190796,0.252482533454895,-0.011078150011599064,0.6248908042907715,0.27548491954803467,-0.014345657080411911,0.6396306753158569,0.27012988924980164,0.0020583271980285645,0.6376140117645264,0.2272341549396515,-0.006796737667173147,0.635595440864563,0.24715235829353333,-0.011385604739189148,0.6363307237625122,0.2718503773212433,-0.01224477682262659,0.6520145535469055,0.2715630531311035,-0.001725794398225844,0.6506174802780151,0.23469460010528564,-0.008808545768260956,0.6476209759712219,0.25314468145370483,-0.010226800106465816,0.6478744149208069,0.27666163444519043,-0.009007826447486877,0.6650999784469604,0.2785904109477997,-0.006636037491261959,0.6629006266593933,0.24674825370311737,-0.010384725406765938,0.6583642959594727,0.2543100416660309,-0.010593960992991924,0.6566386222839355,0.2719002068042755,-0.009736022911965847
22,0.3359718322753906,0.4952046275138855,-1.531479654204304e-07,0.3144523501396179,0.47183677554130554,-0.01219974085688591,0.30438852310180664,0.4223577380180359,-0.0177301038056612,0.31601762771606445,0.38752853870391846,-0.023816019296646118,0.33721742033958435,0.3850744664669037,-0.028301380574703217,0.3234511613845825,0.3632837235927582,0.0017460861708968878,0.32361680269241333,0.32149386405944824,-0.010780214332044125,0.3146674931049347,0.32375913858413696,-0.02039167284965515,0.30861759185791016,0.3428349792957306,-0.025034738704562187,0.3379891514778137,0.36119982600212097,0.0019409467931836843,0.3403300940990448,0.31182652711868286,-0.010043787769973278,0.32897698879241943,0.3221058249473572,-0.016115963459014893,0.32361459732055664,0.3482372462749481,-0.017028439790010452,0.3520973026752472,0.36802250146865845,-0.0010720922145992517,0.3573146164417267,0.31769752502441406,-0.01280330028384924,0.34620288014411926,0.3281667232513428,-0.0161797646433115,0.34133511781692505,0.35548755526542664,-0.014899132773280144,0.36702001094818115,0.3825305998325348,-0.005647306330502033,0.36999332904815674,0.3430589735507965,-0.014754826202988625,0.3618496060371399,0.346849262714386,-0.017277386039495468,0.3566898703575134,0.3675602078437805,-0.01664069853723049,0.6529581546783447,0.37434622645378113,-1.5923876617307542e-07,0.6323878765106201,0.35494232177734375,-0.005531391128897667,0.6205481290817261,0.32139262557029724,-0.00844770297408104,0.628872275352478,0.2968239188194275,-0.012909340672194958,0.6442720890045166,0.30144447088241577,-0.016140824183821678,0.6272828578948975,0.2740418612957001,0.0038761883042752743,0.624183714389801,0.23673607409000397,-0.004563010763376951,0.6231292486190796,0.252482533454895,-0.011078150011599064,0.6248908042907715,0.27548491954803467,-0.014345657080411911,0.6396306753158569,0.27012988924980164,0.0020583271980285645,0.6376140117645264,0.2272341549396515,-0.006796737667173147,0.635595440864563,0.24715235829353333,-0.011385604739189148,0.6363307237625122,0.2718503773212433,-0.01224477682262659,0.6520145535469055,0.2715630531311035,-0.001725794398225844,0.6506174802780151,0.23469460010528564,-0.008808545768260956,0.6476209759712219,0.25314468145370483,-0.010226800106465816,0.6478744149208069,0.27666163444519043,-0.009007826447486877,0.6650999784469604,0.2785904109477997,-0.006636037491261959,0.6629006266593933,0.24674825370311737,-0.010384725406765938,0.6583642959594727,0.2543100416660309,-0.010593960992991924,0.6566386222839355,0.2719002068042755,-0.009736022911965847
23,0.3356528878211975,0.4940612018108368,-1.5244137330228114e-07,0.31251856684684753,0.4695773124694824,-0.014362861402332783,0.3033309280872345,0.41558700799942017,-0.020212026312947273,0.3171859383583069,0.37645402550697327,-0.026083366945385933,0.34061285853385925,0.37911978363990784,-0.03030545264482498,0.3229335844516754,0.36122506856918335,0.0002715501468628645,0.32307809591293335,0.3181115388870239,-0.012255337089300156,0.3133220672607422,0.32206135988235474,-0.02182936854660511,0.30675309896469116,0.34213024377822876,-0.0265626423060894,0.3378606140613556,0.3586389422416687,0.0018959336448460817,0.3397398591041565,0.30817508697509766,-0.010225054807960987,0.32813674211502075,0.3187209367752075,-0.016526764258742332,0.32237884402275085,0.34467586874961853,-0.01763995736837387,0.35194480419158936,0.3660542666912079,0.00018447615730110556,0.3577024042606354,0.3153214454650879,-0.012013181112706661,0.3456483781337738,0.3267679810523987,-0.01647617295384407,0.33969324827194214,0.3543962240219116,-0.015951095148921013,0.36683157086372375,0.3816796541213989,-0.0032055641058832407,0.36961638927459717,0.34361475706100464,-0.013074684888124466,0.36095863580703735,0.34747499227523804,-0.016965938732028008,0.3549584150314331,0.3672714829444885,-0.01738770119845867,0.6527928709983826,0.3735434412956238,-1.5515847451297304e-07,0.6323585510253906,0.3530977964401245,-0.0052588037215173244,0.620699405670166,0.3208109438419342,-0.0083380825817585,0.6290580034255981,0.2970391809940338,-0.013047439977526665,0.6445359587669373,0.3017217218875885,-0.016609640792012215,0.6270719766616821,0.2729630470275879,0.003776246914640069,0.6237308979034424,0.23614776134490967,-0.004902753513306379,0.6233944296836853,0.25227928161621094,-0.011773256585001945,0.6253253221511841,0.2750571668148041,-0.015289150178432465,0.6396517753601074,0.26915740966796875,0.001629996462725103,0.6373124122619629,0.2268143892288208,-0.007461468689143658,0.6361830830574036,0.24730445444583893,-0.012500044889748096,0.637066662311554,0.27194592356681824,-0.013731990940868855,0.6522150039672852,0.27083417773246765,-0.002430451801046729,0.6507861018180847,0.2344394326210022,-0.00963608268648386,0.6483266353607178,0.25292161107063293,-0.011312684044241905,0.6484154462814331,0.2764042913913727,-0.010291866958141327,0.665289580821991,0.2782294750213623,-0.007581840269267559,0.6632660031318665,0.24653588235378265,-0.01132351066917181,0.6589860916137695,0.25314438343048096,-0.011572696268558502,0.6569473743438721,0.26987695693969727,-0.010774490423500538
24,0.33551496267318726,0.49461179971694946,-1.4878510512517096e-07,0.312700092792511,0.471147358417511,-0.013422316871583462,0.3025190830230713,0.4178800880908966,-0.018461978062987328,0.3150023818016052,0.3794427812099457,-0.023744724690914154,0.3371002674102783,0.3797137439250946,-0.027281565591692924,0.3211149573326111,0.36295086145401,0.0024376569781452417,0.3211345970630646,0.32081514596939087,-0.009531636722385883,0.3123430013656616,0.3217386305332184,-0.018772555515170097,0.3065463900566101,0.34100210666656494,-0.023174293339252472,0.3360109329223633,0.36048147082328796,0.0037754022050648928,0.3383110463619232,0.311602383852005,-0.007802924606949091,0.3267911970615387,0.31891563534736633,-0.013774030841886997,0.32075679302215576,0.34528648853302,-0.014482042752206326,0.35019686818122864,0.36676910519599915,0.001691677956841886,0.35464954376220703,0.31816554069519043,-0.009839391335844994,0.34320786595344543,0.3247379958629608,-0.014048291370272636,0.3376348912715912,0.3514963388442993,-0.01326013170182705,0.36520764231681824,0.3800511062145233,-0.002089275512844324,0.3666422665119171,0.3416074812412262,-0.011205276474356651,0.358233243227005,0.3430497646331787,-0.014689001254737377,0.35293513536453247,0.3628922700881958,-0.014706148765981197,0.6528748273849487,0.3735676407814026,-1.619911671468799e-07,0.6323975324630737,0.3544549345970154,-0.005716153420507908,0.6205361485481262,0.3214069604873657,-0.008884524926543236,0.6288633942604065,0.2968218922615051,-0.013530317693948746,0.644527792930603,0.3017984628677368,-0.016925258561968803,0.6273531913757324,0.273377925157547,0.003253050148487091,0.6239995360374451,0.23615705966949463,-0.005214601289480925,0.6231566667556763,0.2526160776615143,-0.011746201664209366,0.6249913573265076,0.2753036320209503,-0.015086841769516468,0.639705240726471,0.2693294584751129,0.0014880825765430927,0.6372935175895691,0.22644099593162537,-0.007305291015654802,0.6354954838752747,0.2472863793373108,-0.011745622381567955,0.6363629102706909,0.2716491222381592,-0.01260991021990776,0.6521488428115845,0.27081456780433655,-0.0022069246042519808,0.6506539583206177,0.23362340033054352,-0.009292290546000004,0.6478185653686523,0.25281473994255066,-0.010533138178288937,0.6481136083602905,0.27626219391822815,-0.009259904734790325,0.6652806997299194,0.2780829966068268,-0.007034040056169033,0.6632319092750549,0.24596421420574188,-0.010864052921533585,0.6588449478149414,0.25376731157302856,-0.011036667041480541,0.6570500135421753,0.271185964345932,-0.010180559009313583
25,0.33510902523994446,0.4919673502445221,-1.458142406818297e-07,0.3114084005355835,0.4688832461833954,-0.013527552597224712,0.30164510011672974,0.41546157002449036,-0.0187409445643425,0.31581610441207886,0.3777071237564087,-0.024079393595457077,0.3386845290660858,0.37857234477996826,-0.027954809367656708,0.31957054138183594,0.36358073353767395,0.0004949929425492883,0.3187466859817505,0.32216310501098633,-0.011611429043114185,0.3107793629169464,0.32346096634864807,-0.020816581323742867,0.30582091212272644,0.3408290147781372,-0.02535015158355236,0.3348793685436249,0.35980919003486633,0.0017483326373621821,0.3377687633037567,0.30789914727211,-0.009997464716434479,0.32698994874954224,0.31714820861816406,-0.0159577839076519,0.3215833306312561,0.34267371892929077,-0.01683191768825054,0.3492183983325958,0.3656240701675415,-0.0001835043221944943,0.35508984327316284,0.3133641481399536,-0.012595218606293201,0.3437076807022095,0.3243701756000519,-0.0169350765645504,0.3384550213813782,0.3526884913444519,-0.016091668978333473,0.36422300338745117,0.3793933689594269,-0.0036581133026629686,0.3676062226295471,0.3382799029350281,-0.013855142518877983,0.3594147861003876,0.3426256775856018,-0.017500268295407295,0.3538236618041992,0.36484187841415405,-0.017569882795214653,0.6533132791519165,0.3743515908718109,-1.6198569596781454e-07,0.6323425769805908,0.3547755777835846,-0.005764819215983152,0.6205506324768066,0.32092636823654175,-0.008813702501356602,0.6292549967765808,0.2955091893672943,-0.013365129008889198,0.6453299522399902,0.3011995553970337,-0.01661745458841324,0.6274940371513367,0.27334168553352356,0.003644356969743967,0.6241640448570251,0.23577001690864563,-0.0047982074320316315,0.6231051683425903,0.2527921497821808,-0.011315192095935345,0.6249475479125977,0.27554699778556824,-0.014675717800855637,0.6399527788162231,0.2692052721977234,0.0018916791304945946,0.6376900672912598,0.22587239742279053,-0.006997158285230398,0.6356299519538879,0.2472090870141983,-0.01143528800457716,0.6365304589271545,0.2715759575366974,-0.012234730646014214,0.6524882912635803,0.2706921398639679,-0.0018324704142287374,0.6510303616523743,0.2327210009098053,-0.009115646593272686,0.6479265689849854,0.25244736671447754,-0.010422950610518456,0.6483346819877625,0.2763335108757019,-0.009088221937417984,0.665783703327179,0.27803537249565125,-0.006699363235384226,0.6637879014015198,0.24574162065982819,-0.010745271109044552,0.6592541337013245,0.25341975688934326,-0.011098729446530342,0.6575717926025391,0.27108341455459595,-0.010308661498129368
26,0.33398735523223877,0.49108585715293884,-1.731434622342931e-07,0.3114236295223236,0.466259241104126,-0.013020310550928116,0.3013121783733368,0.4155203700065613,-0.01906551979482174,0.31415364146232605,0.3800124228000641,-0.02532169222831726,0.33642008900642395,0.3805800676345825,-0.02999861352145672,0.3213781416416168,0.36125755310058594,-0.0009707125718705356,0.32165348529815674,0.31781458854675293,-0.013717690482735634,0.31175073981285095,0.3219783306121826,-0.023296989500522614,0.30470752716064453,0.339321106672287,-0.028141889721155167,0.33565232157707214,0.35935333371162415,-0.0004026605747640133,0.3370577394962311,0.30757734179496765,-0.012559939175844193,0.3244732916355133,0.3191622495651245,-0.018301865085959435,0.31822696328163147,0.3426413834095001,-0.019305597990751266,0.34935182332992554,0.36601582169532776,-0.0029346055816859007,0.3547036051750183,0.31221839785575867,-0.015309586189687252,0.34220248460769653,0.32417184114456177,-0.018437907099723816,0.3360974192619324,0.35035258531570435,-0.017056912183761597,0.3637591004371643,0.3806784152984619,-0.007029669359326363,0.3670204281806946,0.3390521705150604,-0.01714314892888069,0.3578956425189972,0.3434343636035919,-0.019886823371052742,0.35144785046577454,0.3636317253112793,-0.01944125071167946,0.6529362201690674,0.3736167252063751,-1.602451504822966e-07,0.632194459438324,0.3535434305667877,-0.005341600626707077,0.6203913688659668,0.3211904466152191,-0.008358367718756199,0.6287581324577332,0.2966061234474182,-0.012966333888471127,0.6446675658226013,0.3011476993560791,-0.0163807924836874,0.627067506313324,0.2743057906627655,0.0037811489310115576,0.6238260269165039,0.23723994195461273,-0.004542956128716469,0.6225458979606628,0.25309959053993225,-0.010984441265463829,0.6241078972816467,0.2760218679904938,-0.014253438450396061,0.6393161416053772,0.269927978515625,0.0018229009583592415,0.6373273730278015,0.2263306975364685,-0.006893789395689964,0.6353023052215576,0.2465037703514099,-0.011459819041192532,0.6360825300216675,0.27136239409446716,-0.012413710355758667,0.6518762111663818,0.271346777677536,-0.0020354518201202154,0.6506156921386719,0.23341578245162964,-0.009202941320836544,0.6476255655288696,0.25219014286994934,-0.010754864662885666,0.6479167342185974,0.27608561515808105,-0.009666251949965954,0.6652452349662781,0.278548926115036,-0.006963658146560192,0.6635541319847107,0.24586212635040283,-0.010901987552642822,0.6591079235076904,0.25315341353416443,-0.011214726604521275,0.6571775674819946,0.27086833119392395,-0.010445362888276577
27,0.33237114548683167,0.49135974049568176,-1.5705069245086634e-07,0.3104051649570465,0.468318909406662,-0.01297046896070242,0.30048900842666626,0.4168846607208252,-0.018582846969366074,0.3128800690174103,0.3798462748527527,-0.024541670456528664,0.33475223183631897,0.38039425015449524,-0.028896192088723183,0.31897446513175964,0.35917940735816956,0.0009379862458445132,0.31919384002685547,0.3163647949695587,-0.011257655918598175,0.31029003858566284,0.3207997679710388,-0.02037348784506321,0.30518731474876404,0.34018492698669434,-0.02488739788532257,0.33360064029693604,0.35674023628234863,0.0015599102480337024,0.3361751139163971,0.30477139353752136,-0.010289507918059826,0.3246023654937744,0.31682395935058594,-0.015763474628329277,0.31995344161987305,0.34245172142982483,-0.016369853168725967,0.34790751338005066,0.36377814412117004,-0.0010437075980007648,0.35348427295684814,0.31204378604888916,-0.01327203307300806,0.34158235788345337,0.3251890540122986,-0.01653583161532879,0.33692172169685364,0.352803498506546,-0.015215865336358547,0.36306867003440857,0.3790047764778137,-0.00521673122420907,0.36600548028945923,0.33924442529678345,-0.014970865100622177,0.35693731904029846,0.34567975997924805,-0.017707055434584618,0.35157111287117004,0.3674352467060089,-0.017321350052952766,0.6528438925743103,0.3736005425453186,-1.5565164801500941e-07,0.6320213079452515,0.3538866937160492,-0.0060059851966798306,0.6201099157333374,0.32002270221710205,-0.009231056086719036,0.6290162801742554,0.29550766944885254,-0.013842412270605564,0.6454722881317139,0.3014470040798187,-0.017162557691335678,0.6271281242370605,0.272492378950119,0.003115255618467927,0.6241385340690613,0.23602214455604553,-0.005438794381916523,0.6228676438331604,0.25248536467552185,-0.01201421394944191,0.6243088245391846,0.27548161149024963,-0.015399954281747341,0.6396051049232483,0.2688973844051361,0.0014559387927874923,0.6375853419303894,0.22669106721878052,-0.007604485377669334,0.635773241519928,0.2471269965171814,-0.012264102697372437,0.6364395618438721,0.2715490162372589,-0.01323216687887907,0.6521123051643372,0.2709540128707886,-0.0021644732914865017,0.6507470607757568,0.23431745171546936,-0.00962422601878643,0.648120641708374,0.2529544234275818,-0.011276383884251118,0.6483756899833679,0.27633538842201233,-0.010181504301726818,0.6653348803520203,0.2788013219833374,-0.0069019244983792305,0.6631074547767639,0.2473810464143753,-0.01104812417179346,0.6591889262199402,0.2543885111808777,-0.011547054164111614,0.6576551795005798,0.271098792552948,-0.010862198658287525
28,0.33237114548683167,0.49135974049568176,-1.5705069245086634e-07,0.3104051649570465,0.468318909406662,-0.01297046896070242,0.30048900842666626,0.4168846607208252,-0.018582846969366074,0.3128800690174103,0.3798462748527527,-0.024541670456528664,0.33475223183631897,0.38039425015449524,-0.028896192088723183,0.31897446513175964,0.35917940735816956,0.0009379862458445132,0.31919384002685547,0.3163647949695587,-0.011257655918598175,0.31029003858566284,0.3207997679710388,-0.02037348784506321,0.30518731474876404,0.34018492698669434,-0.02488739788532257,0.33360064029693604,0.35674023628234863,0.0015599102480337024,0.3361751139163971,0.30477139353752136,-0.010289507918059826,0.3246023654937744,0.31682395935058594,-0.015763474628329277,0.31995344161987305,0.34245172142982483,-0.016369853168725967,0.34790751338005066,0.36377814412117004,-0.0010437075980007648,0.35348427295684814,0.31204378604888916,-0.01327203307300806,0.34158235788345337,0.3251890540122986,-0.01653583161532879,0.33692172169685364,0.352803498506546,-0.015215865336358547,0.36306867003440857,0.3790047764778137,-0.00521673122420907,0.36600548028945923,0.33924442529678345,-0.014970865100622177,0.35693731904029846,0.34567975997924805,-0.017707055434584618,0.35157111287117004,0.3674352467060089,-0.017321350052952766,0.6528438925743103,0.3736005425453186,-1.5565164801500941e-07,0.6320213079452515,0.3538866937160492,-0.0060059851966798306,0.6201099157333374,0.32002270221710205,-0.009231056086719036,0.6290162801742554,0.29550766944885254,-0.013842412270605564,0.6454722881317139,0.3014470040798187,-0.017162557691335678,0.6271281242370605,0.272492378950119,0.003115255618467927,0.6241385340690613,0.23602214455604553,-0.005438794381916523,0.6228676438331604,0.25248536467552185,-0.01201421394944191,0.6243088245391846,0.27548161149024963,-0.015399954281747341,0.6396051049232483,0.2688973844051361,0.0014559387927874923,0.6375853419303894,0.22669106721878052,-0.007604485377669334,0.635773241519928,0.2471269965171814,-0.012264102697372437,0.6364395618438721,0.2715490162372589,-0.01323216687887907,0.6521123051643372,0.2709540128707886,-0.0021644732914865017,0.6507470607757568,0.23431745171546936,-0.00962422601878643,0.648120641708374,0.2529544234275818,-0.011276383884251118,0.6483756899833679,0.27633538842201233,-0.010181504301726818,0.6653348803520203,0.2788013219833374,-0.0069019244983792305,0.6631074547767639,0.2473810464143753,-0.01104812417179346,0.6591889262199402,0.2543885111808777,-0.011547054164111614,0.6576551795005798,0.271098792552948,-0.010862198658287525
29,0.3322100341320038,0.4946698546409607,-1.5539592368440935e-07,0.3104214072227478,0.4698973298072815,-0.013920868746936321,0.30005791783332825,0.41768762469291687,-0.02019934356212616,0.311420738697052,0.37933236360549927,-0.02678411826491356,0.33299610018730164,0.37975889444351196,-0.03167174756526947,0.3196512460708618,0.3605961203575134,0.0007158099324442446,0.3204028308391571,0.31757381558418274,-0.011987465433776379,0.3109184801578522,0.32052868604660034,-0.021779658272862434,0.30470335483551025,0.3399806618690491,-0.026702770963311195,0.33385881781578064,0.35842058062553406,0.0016923521179705858,0.3363640606403351,0.30594637989997864,-0.010411523282527924,0.32519808411598206,0.31447386741638184,-0.01671002246439457,0.31947559118270874,0.33961009979248047,-0.017944300547242165,0.3478284478187561,0.3649140000343323,-0.0007027198444120586,0.3520825207233429,0.3138010501861572,-0.013044294901192188,0.34097054600715637,0.32420676946640015,-0.017027797177433968,0.33576831221580505,0.3515104651451111,-0.016162307932972908,0.36292022466659546,0.3788975775241852,-0.004773253574967384,0.36488455533981323,0.3372604250907898,-0.014391068369150162,0.35662004351615906,0.34237125515937805,-0.017360227182507515,0.3512803614139557,0.36413684487342834,-0.017150750383734703,0.6526873111724854,0.37493783235549927,-1.547585242178684e-07,0.6318981647491455,0.3552197217941284,-0.006332573480904102,0.619956374168396,0.320543497800827,-0.009620406664907932,0.6288703680038452,0.2959407567977905,-0.014238187111914158,0.6454383134841919,0.3023253381252289,-0.0175675880163908,0.6268822550773621,0.2735912501811981,0.0027756146155297756,0.6238510012626648,0.23727063834667206,-0.0058477348648011684,0.6222485303878784,0.2532362937927246,-0.012493891641497612,0.6235106587409973,0.2762492001056671,-0.01593012735247612,0.6392350196838379,0.26980334520339966,0.0012646201066672802,0.637191653251648,0.22752739489078522,-0.007813844829797745,0.6350252628326416,0.24706532061100006,-0.01247984729707241,0.6354883909225464,0.271626740694046,-0.013423476368188858,0.6517311930656433,0.2717626690864563,-0.0022362074814736843,0.6504663825035095,0.2356596440076828,-0.009594864211976528,0.6476578712463379,0.2532747685909271,-0.011356114409863949,0.6476881504058838,0.2763304114341736,-0.010346672497689724,0.6649017333984375,0.2793806791305542,-0.006899567786604166,0.6628684997558594,0.2480708807706833,-0.010880490764975548,0.6588407754898071,0.254860520362854,-0.011382834054529667,0.657156229019165,0.27166682481765747,-0.010725801810622215
30,0.331803560256958,0.4935700297355652,-1.5437706224474823e-07,0.30928897857666016,0.469978392124176,-0.014527647756040096,0.2997511029243469,0.41529059410095215,-0.020629798993468285,0.3124634623527527,0.3754129707813263,-0.02681303396821022,0.3351151943206787,0.3754655718803406,-0.03120780922472477,0.31895115971565247,0.35863667726516724,0.0002565913018770516,0.3192654848098755,0.31372958421707153,-0.012327617965638638,0.30961835384368896,0.3183388113975525,-0.02164352312684059,0.30366387963294983,0.33867108821868896,-0.026194434612989426,0.3335212469100952,0.35585159063339233,0.0017136962851509452,0.3357298970222473,0.30217963457107544,-0.010669399052858353,0.3241959810256958,0.3143186867237091,-0.016711397096514702,0.3189437985420227,0.3412703573703766,-0.01755777932703495,0.34752586483955383,0.3629592955112457,-0.0002337480545975268,0.3532705307006836,0.3098450303077698,-0.01318353321403265,0.3415992259979248,0.3224387764930725,-0.01760408654808998,0.3362458646297455,0.3513364791870117,-0.016834624111652374,0.36245787143707275,0.378051221370697,-0.003828934160992503,0.365675687789917,0.3371759057044983,-0.014468519948422909,0.35746878385543823,0.34197551012039185,-0.018466629087924957,0.35199084877967834,0.3633900582790375,-0.018800247460603714,0.652641773223877,0.3748486042022705,-1.5769508365792717e-07,0.6319435834884644,0.3550928235054016,-0.006028494797646999,0.6200428009033203,0.32093340158462524,-0.009217343293130398,0.6287868618965149,0.29568183422088623,-0.013771566562354565,0.6449807286262512,0.3019978404045105,-0.01701442338526249,0.6268460154533386,0.2731797695159912,0.0032403822988271713,0.6235042214393616,0.23661290109157562,-0.005205117166042328,0.6221781969070435,0.2533562183380127,-0.01173870824277401,0.6238005757331848,0.2764318287372589,-0.015116087161004543,0.639028787612915,0.26894044876098633,0.0016775415278971195,0.6367114186286926,0.2261158972978592,-0.00709172198548913,0.6347991824150085,0.24671322107315063,-0.011370147578418255,0.635627806186676,0.2712283432483673,-0.012049698270857334,0.6515251994132996,0.2707371115684509,-0.0018634969601407647,0.6495965123176575,0.23445579409599304,-0.009060397744178772,0.6468680500984192,0.25341323018074036,-0.01044442504644394,0.6471808552742004,0.27644070982933044,-0.009183721616864204,0.6647154688835144,0.27844274044036865,-0.006547393277287483,0.6621549725532532,0.24705320596694946,-0.01044384017586708,0.6578707695007324,0.25514593720436096,-0.01069804560393095,0.6561949849128723,0.27241405844688416,-0.009854772128164768
31,0.3325132727622986,0.49312302470207214,-1.5702610767220904e-07,0.3088906705379486,0.4694746136665344,-0.013966146856546402,0.29893144965171814,0.4148517847061157,-0.019631460309028625,0.31220054626464844,0.375020831823349,-0.025416623800992966,0.33466827869415283,0.3772292137145996,-0.029472356662154198,0.3185027837753296,0.3595770299434662,0.0008631212403997779,0.3193979561328888,0.31529760360717773,-0.010886228643357754,0.309554785490036,0.3186044692993164,-0.01996038667857647,0.3030001223087311,0.3369702398777008,-0.02464807592332363,0.333276629447937,0.3566453158855438,0.002225013915449381,0.336241215467453,0.30261892080307007,-0.00929513480514288,0.3246927261352539,0.31310611963272095,-0.015269533731043339,0.31881412863731384,0.3381747603416443,-0.01636166125535965,0.34724557399749756,0.3631812334060669,0.0003379470726940781,0.3533382713794708,0.30907535552978516,-0.011803806759417057,0.34192660450935364,0.32169437408447266,-0.01592656597495079,0.3361896574497223,0.3497343957424164,-0.01521427370607853,0.3621378540992737,0.3777598738670349,-0.003162906737998128,0.364725261926651,0.3369692265987396,-0.0132459606975317,0.3567809760570526,0.3420010507106781,-0.016926243901252747,0.35150864720344543,0.36303406953811646,-0.017215145751833916,0.6525343060493469,0.3756394386291504,-1.583422744033669e-07,0.6317236423492432,0.35598427057266235,-0.006426577921956778,0.6201343536376953,0.32065707445144653,-0.00979361217468977,0.6290820837020874,0.2953265905380249,-0.014455589465796947,0.6450687646865845,0.3035653531551361,-0.0177659559994936,0.6268355250358582,0.2724100947380066,0.0029664202593266964,0.6232929229736328,0.2362135797739029,-0.005543012171983719,0.622220516204834,0.2538582682609558,-0.012136215344071388,0.623935341835022,0.2769983410835266,-0.015606737695634365,0.639227569103241,0.2683844566345215,0.001457757200114429,0.6367537379264832,0.22601333260536194,-0.007388256955891848,0.6349855661392212,0.24753329157829285,-0.011648775078356266,0.6356920599937439,0.2718128263950348,-0.012378045357763767,0.6518648266792297,0.2704031765460968,-0.0020707042422145605,0.6501849889755249,0.23345115780830383,-0.009351536631584167,0.6474483609199524,0.25334373116493225,-0.010590038262307644,0.6475152373313904,0.27656474709510803,-0.00926992204040289,0.665217936038971,0.27853599190711975,-0.006805992219597101,0.6627873778343201,0.24706409871578217,-0.010778664611279964,0.6584621667861938,0.25574979186058044,-0.011019560508430004,0.6566495895385742,0.27302148938179016,-0.010217303410172462
32,0.3325132727622986,0.49312302470207214,-1.5702610767220904e-07,0.3088906705379486,0.4694746136665344,-0.013966146856546402,0.29893144965171814,0.4148517847061157,-0.019631460309028625,0.31220054626464844,0.375020831823349,-0.025416623800992966,0.33466827869415283,0.3772292137145996,-0.029472356662154198,0.3185027837753296,0.3595770299434662,0.0008631212403997779,0.3193979561328888,0.31529760360717773,-0.010886228643357754,0.309554785490036,0.3186044692993164,-0.01996038667857647,0.3030001223087311,0.3369702398777008,-0.02464807592332363,0.333276629447937,0.3566453158855438,0.002225013915449381,0.336241215467453,0.30261892080307007,-0.00929513480514288,0.3246927261352539,0.31310611963272095,-0.015269533731043339,0.31881412863731384,0.3381747603416443,-0.01636166125535965,0.34724557399749756,0.3631812334060669,0.0003379470726940781,0.3533382713794708,0.30907535552978516,-0.011803806759417057,0.34192660450935364,0.32169437408447266,-0.01592656597495079,0.3361896574497223,0.3497343957424164,-0.01521427370607853,0.3621378540992737,0.3777598738670349,-0.003162906737998128,0.364725261926651,0.3369692265987396,-0.0132459606975317,0.3567809760570526,0.3420010507106781,-0.016926243901252747,0.35150864720344543,0.36303406953811646,-0.017215145751833916,0.6525343060493469,0.3756394386291504,-1.583422744033669e-07,0.6317236423492432,0.35598427057266235,-0.006426577921956778,0.6201343536376953,0.32065707445144653,-0.00979361217468977,0.6290820837020874,0.2953265905380249,-0.014455589465796947,0.6450687646865845,0.3035653531551361,-0.0177659559994936,0.6268355250358582,0.2724100947380066,0.0029664202593266964,0.6232929229736328,0.2362135797739029,-0.005543012171983719,0.622220516204834,0.2538582682609558,-0.012136215344071388,0.623935341835022,0.2769983410835266,-0.015606737695634365,0.639227569103241,0.2683844566345215,0.001457757200114429,0.6367537379264832,0.22601333260536194,-0.007388256955891848,0.6349855661392212,0.24753329157829285,-0.011648775078356266,0.6356920599937439,0.2718128263950348,-0.012378045357763767,0.6518648266792297,0.2704031765460968,-0.0020707042422145605,0.6501849889755249,0.23345115780830383,-0.009351536631584167,0.6474483609199524,0.25334373116493225,-0.010590038262307644,0.6475152373313904,0.27656474709510803,-0.00926992204040289,0.665217936038971,0.27853599190711975,-0.006805992219597101,0.6627873778343201,0.24706409871578217,-0.010778664611279964,0.6584621667861938,0.25574979186058044,-0.011019560508430004,0.6566495895385742,0.27302148938179016,-0.010217303410172462
33,0.3318561613559723,0.48963648080825806,-1.5148539489473478e-07,0.3090759813785553,0.4663350582122803,-0.01386868767440319,0.2991885244846344,0.4129614531993866,-0.019946616142988205,0.31222066283226013,0.3739181160926819,-0.02616902068257332,0.3346751928329468,0.37586525082588196,-0.030643396079540253,0.315874844789505,0.3573572337627411,-0.0009538313024677336,0.3160017132759094,0.3113853335380554,-0.013309578411281109,0.30803146958351135,0.3170676827430725,-0.02204827032983303,0.3034150302410126,0.33821558952331543,-0.02613268978893757,0.3310668468475342,0.35372185707092285,0.00034803542075678706,0.33326005935668945,0.298410564661026,-0.011226027272641659,0.32271599769592285,0.31246861815452576,-0.015859607607126236,0.31853142380714417,0.33967268466949463,-0.015810880810022354,0.34588226675987244,0.3599316477775574,-0.0015280592488124967,0.3515133857727051,0.3063494861125946,-0.013401930220425129,0.34062033891677856,0.321524441242218,-0.015908323228359222,0.3362899124622345,0.3513137996196747,-0.01398567296564579,0.36163046956062317,0.3739832639694214,-0.005071623250842094,0.36476200819015503,0.3336537778377533,-0.014856917783617973,0.35683944821357727,0.3393341898918152,-0.017640860751271248,0.35187914967536926,0.360934317111969,-0.017095301300287247,0.6517021059989929,0.3753393590450287,-1.5719838586392143e-07,0.6315393447875977,0.35497111082077026,-0.006494197063148022,0.6201561093330383,0.3204134702682495,-0.010117416270077229,0.6293774247169495,0.2956691086292267,-0.015001454390585423,0.6458728909492493,0.30255669355392456,-0.018564432859420776,0.6266031861305237,0.27266421914100647,0.002254967112094164,0.6231368184089661,0.23705820739269257,-0.0067405374720692635,0.622048556804657,0.253850519657135,-0.013624953106045723,0.6239354014396667,0.27691423892974854,-0.017165908589959145,0.6390070915222168,0.2688697576522827,0.0007265421445481479,0.6368995308876038,0.22683735191822052,-0.008390415459871292,0.6348645091056824,0.24710267782211304,-0.012709441594779491,0.6355956196784973,0.27114439010620117,-0.01342936884611845,0.6516259908676147,0.27117112278938293,-0.002814236097037792,0.6503667235374451,0.23570308089256287,-0.01028241403400898,0.6475225687026978,0.25423452258110046,-0.011581490747630596,0.6476665139198303,0.2767719328403473,-0.01024580281227827,0.6648165583610535,0.27919718623161316,-0.007539741694927216,0.6627600193023682,0.24784134328365326,-0.01143904309719801,0.6584135293960571,0.2556188702583313,-0.011553325690329075,0.6565595865249634,0.27244946360588074,-0.010629755444824696
34,0.3316095471382141,0.4904055595397949,-1.4970787276524788e-07,0.30844640731811523,0.46747398376464844,-0.014911272563040257,0.2984309792518616,0.4126769006252289,-0.02132612280547619,0.3122937083244324,0.3731827735900879,-0.0277224350720644,0.3353419005870819,0.3750933110713959,-0.03225157782435417,0.3159474730491638,0.35463374853134155,-0.00037053978303447366,0.31593939661979675,0.3103857636451721,-0.013611357659101486,0.3078608214855194,0.3175417482852936,-0.02262294851243496,0.30354881286621094,0.34007135033607483,-0.026658639311790466,0.33144834637641907,0.3503877520561218,0.001341282739304006,0.3334355056285858,0.2978998124599457,-0.011238109320402145,0.32238107919692993,0.31445586681365967,-0.01566913165152073,0.3189387321472168,0.3412909209728241,-0.014988557435572147,0.34647756814956665,0.3559810519218445,-0.0004745664191432297,0.3508131802082062,0.30710139870643616,-0.013392513617873192,0.3396134078502655,0.3249497711658478,-0.015495401807129383,0.33643004298210144,0.35349613428115845,-0.012996764853596687,0.362397164106369,0.3697085976600647,-0.004082889296114445,0.36289629340171814,0.3342883288860321,-0.014354674145579338,0.3552182912826538,0.34453946352005005,-0.016871735453605652,0.3526045083999634,0.3662169575691223,-0.015958186239004135,0.6518077254295349,0.37452828884124756,-1.539039260478603e-07,0.6315283179283142,0.354085773229599,-0.006183817982673645,0.6197821497917175,0.3202349543571472,-0.009568282403051853,0.628617525100708,0.2953677773475647,-0.014253268949687481,0.6446340084075928,0.3024456202983856,-0.01765969768166542,0.6261177659034729,0.2729475200176239,0.002806340344250202,0.6227841973304749,0.2372264713048935,-0.005707042291760445,0.6219980120658875,0.2538033425807953,-0.012338980101048946,0.6239864230155945,0.27663907408714294,-0.015763886272907257,0.6386038064956665,0.26891154050827026,0.0012846573954448104,0.636562168598175,0.22701598703861237,-0.007405011914670467,0.6348543167114258,0.24737615883350372,-0.011635391041636467,0.6357980370521545,0.27165281772613525,-0.012337527237832546,0.6512080430984497,0.27082133293151855,-0.0021957922726869583,0.6500399112701416,0.23604653775691986,-0.009174245409667492,0.6473750472068787,0.2546941041946411,-0.010397390462458134,0.6475318670272827,0.2775537967681885,-0.009100496768951416,0.6643943190574646,0.27842167019844055,-0.006855007726699114,0.6624454855918884,0.24751466512680054,-0.010378221049904823,0.6581853628158569,0.2554296553134918,-0.010351649485528469,0.6563059687614441,0.27254360914230347,-0.00938187725841999
35,0.3312293589115143,0.48941856622695923,-1.4843517703866382e-07,0.30811607837677,0.46705907583236694,-0.015810802578926086,0.2988182306289673,0.4112319350242615,-0.022428158670663834,0.3130614161491394,0.37136146426200867,-0.028997838497161865,0.3365519046783447,0.3714481592178345,-0.03369655832648277,0.31650328636169434,0.35379698872566223,-0.0002133158704964444,0.316450834274292,0.309886634349823,-0.013995612971484661,0.30782732367515564,0.31561946868896484,-0.02324085123836994,0.30313998460769653,0.33848193287849426,-0.027261963114142418,0.3317916691303253,0.35033416748046875,0.0017929429886862636,0.3339146673679352,0.2975422143936157,-0.011729824356734753,0.32201331853866577,0.31437045335769653,-0.016674784943461418,0.3188164234161377,0.3424936830997467,-0.01602592132985592,0.3467457592487335,0.356679230928421,6.61099111312069e-05,0.3517853617668152,0.30662477016448975,-0.014036400243639946,0.3395821452140808,0.32375892996788025,-0.016918590292334557,0.33633679151535034,0.35355281829833984,-0.014605131931602955,0.36270222067832947,0.37076908349990845,-0.0034768683835864067,0.3641565144062042,0.3335212767124176,-0.014792043715715408,0.3553740680217743,0.34273219108581543,-0.01798980124294758,0.35195642709732056,0.36541709303855896,-0.01734730415046215,0.6521171927452087,0.37450405955314636,-1.557180979716577e-07,0.6314467787742615,0.3546486496925354,-0.0064660548232495785,0.6193951964378357,0.3202391564846039,-0.009791405871510506,0.6283206939697266,0.2947344481945038,-0.014393464662134647,0.6446473598480225,0.30234870314598083,-0.017663130536675453,0.6264784932136536,0.272416889667511,0.003176711732521653,0.6231757402420044,0.23679181933403015,-0.005315503571182489,0.6219124794006348,0.25396963953971863,-0.011902790516614914,0.6238297820091248,0.276884526014328,-0.015325482003390789,0.6389458179473877,0.26833218336105347,0.0017571437638252974,0.6368944644927979,0.22614072263240814,-0.007154625840485096,0.6347011923789978,0.24735188484191895,-0.011340866796672344,0.6356713771820068,0.2718077301979065,-0.01186901330947876,0.6514947414398193,0.2703835666179657,-0.0017153609078377485,0.6503029465675354,0.23497335612773895,-0.009058893658220768,0.6473018527030945,0.25455954670906067,-0.01028050109744072,0.6475880742073059,0.2778461277484894,-0.008804076351225376,0.6647439002990723,0.27826443314552307,-0.006392642389982939,0.6625759601593018,0.24729011952877045,-0.010271064005792141,0.658122718334198,0.2553936839103699,-0.010405437089502811,0.656349241733551,0.2725523114204407,-0.009437299333512783
36,0.33104732632637024,0.4871927797794342,-1.3455263569994713e-07,0.30788180232048035,0.46315205097198486,-0.015819288790225983,0.29889342188835144,0.40901756286621094,-0.022629383951425552,0.31321462988853455,0.3695460557937622,-0.029401887208223343,0.3365430533885956,0.37038469314575195,-0.03421061113476753,0.3153962790966034,0.35016298294067383,0.0002595118130557239,0.3152426779270172,0.30726444721221924,-0.013819996267557144,0.30783525109291077,0.31563684344291687,-0.02361762896180153,0.30406439304351807,0.3398885726928711,-0.027934862300753593,0.33122342824935913,0.3473120331764221,0.0023733037523925304,0.33403921127319336,0.29535266757011414,-0.011304367333650589,0.32359564304351807,0.312897652387619,-0.016944797709584236,0.3201102316379547,0.3416064381599426,-0.016757268458604813,0.3465123474597931,0.35414087772369385,0.0007730920915491879,0.351894736289978,0.30583107471466064,-0.012888318859040737,0.3406883776187897,0.3238624036312103,-0.01610196940600872,0.3368920385837555,0.3539559841156006,-0.014027378521859646,0.3626703917980194,0.36867037415504456,-0.0026874681934714317,0.364551305770874,0.3329744040966034,-0.013177511282265186,0.35652270913124084,0.34191370010375977,-0.01642310619354248,0.35253721475601196,0.3639521300792694,-0.015904003754258156,0.6523016095161438,0.37441158294677734,-1.5750129023217596e-07,0.6315252780914307,0.3547036647796631,-0.006672586780041456,0.6195393800735474,0.32014456391334534,-0.010101222433149815,0.6286708116531372,0.294988214969635,-0.014811175875365734,0.6450340747833252,0.30224138498306274,-0.018185807392001152,0.6263479590415955,0.2730611264705658,0.002748227445408702,0.6231172680854797,0.23629766702651978,-0.005881181918084621,0.6219068169593811,0.25319236516952515,-0.01251951139420271,0.6238341927528381,0.2762121558189392,-0.01596364565193653,0.6387280225753784,0.2688329517841339,0.0014479785459116101,0.6367829442024231,0.22576339542865753,-0.007555127609521151,0.6346330642700195,0.24689236283302307,-0.011808396317064762,0.6356424689292908,0.2717427611351013,-0.012422331608831882,0.6512983441352844,0.27062666416168213,-0.0019062928622588515,0.6500367522239685,0.23398272693157196,-0.009313059970736504,0.6470598578453064,0.25356587767601013,-0.010575869120657444,0.647405743598938,0.2773812711238861,-0.009170155972242355,0.6646189093589783,0.2782664895057678,-0.006486884318292141,0.6626601815223694,0.24641096591949463,-0.01054440252482891,0.6582022309303284,0.25459611415863037,-0.010792048647999763,0.6564821600914001,0.27231737971305847,-0.009925931692123413
37,0.33104732632637024,0.4871927797794342,-1.3455263569994713e-07,0.30788180232048035,0.46315205097198486,-0.015819288790225983,0.29889342188835144,0.40901756286621094,-0.022629383951425552,0.31321462988853455,0.3695460557937622,-0.029401887208223343,0.3365430533885956,0.37038469314575195,-0.03421061113476753,0.3153962790966034,0.35016298294067383,0.0002595118130557239,0.3152426779270172,0.30726444721221924,-0.013819996267557144,0.30783525109291077,0.31563684344291687,-0.02361762896180153,0.30406439304351807,0.3398885726928711,-0.027934862300753593,0.33122342824935913,0.3473120331764221,0.0023733037523925304,0.33403921127319336,0.29535266757011414,-0.011304367333650589,0.32359564304351807,0.312897652387619,-0.016944797709584236,0.3201102316379547,0.3416064381599426,-0.016757268458604813,0.3465123474597931,0.35414087772369385,0.0007730920915491879,0.351894736289978,0.30583107471466064,-0.012888318859040737,0.3406883776187897,0.3238624036312103,-0.01610196940600872,0.3368920385837555,0.3539559841156006,-0.014027378521859646,0.3626703917980194,0.36867037415504456,-0.0026874681934714317,0.364551305770874,0.3329744040966034,-0.013177511282265186,0.35652270913124084,0.34191370010375977,-0.01642310619354248,0.35253721475601196,0.3639521300792694,-0.015904003754258156,0.6523016095161438,0.37441158294677734,-1.5750129023217596e-07,0.6315252780914307,0.3547036647796631,-0.006672586780041456,0.6195393800735474,0.32014456391334534,-0.010101222433149815,0.6286708116531372,0.294988214969635,-0.014811175875365734,0.6450340747833252,0.30224138498306274,-0.018185807392001152,0.6263479590415955,0.2730611264705658,0.002748227445408702,0.6231172680854797,0.23629766702651978,-0.005881181918084621,0.6219068169593811,0.25319236516952515,-0.01251951139420271,0.6238341927528381,0.2762121558189392,-0.01596364565193653,0.6387280225753784,0.2688329517841339,0.0014479785459116101,0.6367829442024231,0.22576339542865753,-0.007555127609521151,0.6346330642700195,0.24689236283302307,-0.011808396317064762,0.6356424689292908,0.2717427611351013,-0.012422331608831882,0.6512983441352844,0.27062666416168213,-0.0019062928622588515,0.6500367522239685,0.23398272693157196,-0.009313059970736504,0.6470598578453064,0.25356587767601013,-0.010575869120657444,0.647405743598938,0.2773812711238861,-0.009170155972242355,0.6646189093589783,0.2782664895057678,-0.006486884318292141,0.6626601815223694,0.24641096591949463,-0.01054440252482891,0.6582022309303284,0.25459611415863037,-0.010792048647999763,0.6564821600914001,0.27231737971305847,-0.009925931692123413
38,0.33167171478271484,0.48711350560188293,-1.5884943138644303e-07,0.3089204728603363,0.46332216262817383,-0.01502571813762188,0.29940861463546753,0.40922918915748596,-0.021530697122216225,0.3134397268295288,0.3712214231491089,-0.028044922277331352,0.3362892270088196,0.3712901771068573,-0.03251396492123604,0.31762805581092834,0.3461751937866211,-0.00011075676593463868,0.31761324405670166,0.30261439085006714,-0.013800794258713722,0.30819249153137207,0.31179559230804443,-0.023010384291410446,0.30244383215904236,0.33562347292900085,-0.027012214064598083,0.3327406048774719,0.3438548147678375,0.001450059120543301,0.33320876955986023,0.29321402311325073,-0.011530457064509392,0.320696085691452,0.3121643662452698,-0.01577923446893692,0.31674253940582275,0.34045419096946716,-0.0147990258410573,0.3474910259246826,0.3516179919242859,-0.0006654575699940324,0.35095104575157166,0.3041631877422333,-0.01421661488711834,0.3384500741958618,0.32290878891944885,-0.015933047980070114,0.33487969636917114,0.3526952862739563,-0.012872093357145786,0.3631420135498047,0.3674499988555908,-0.004609068855643272,0.3637038767337799,0.33204203844070435,-0.015537724830210209,0.3549075424671173,0.34192976355552673,-0.01790856383740902,0.35153281688690186,0.36386406421661377,-0.016579171642661095,0.6521590352058411,0.3740904629230499,-1.570415975038486e-07,0.6314234733581543,0.35402339696884155,-0.006357184145599604,0.6194792985916138,0.3194371461868286,-0.009667311795055866,0.6285226345062256,0.2941155433654785,-0.014267773367464542,0.6445674300193787,0.3018549978733063,-0.01751227304339409,0.6262894868850708,0.27117815613746643,0.003274255897849798,0.6231001019477844,0.23489058017730713,-0.005308413878083229,0.6222021579742432,0.2529584765434265,-0.011946062557399273,0.6242062449455261,0.2763356566429138,-0.015383081510663033,0.6388140916824341,0.2671493589878082,0.001854446716606617,0.636780858039856,0.22511360049247742,-0.007153556682169437,0.6350705027580261,0.24731087684631348,-0.011325687170028687,0.6361743807792664,0.2719246447086334,-0.011843554675579071,0.6514315009117126,0.2690596878528595,-0.0016188393346965313,0.6500335931777954,0.23314228653907776,-0.009040165692567825,0.6473686695098877,0.25337857007980347,-0.010171529836952686,0.6476317644119263,0.27665552496910095,-0.008630890399217606,0.6647666692733765,0.27684977650642395,-0.006287098862230778,0.6624796986579895,0.2456352561712265,-0.010437730699777603,0.658295214176178,0.2552718222141266,-0.010617461986839771,0.6566892862319946,0.2731514573097229,-0.009623799473047256
39,0.3321634829044342,0.48663848638534546,-1.5354021343227942e-07,0.3093401789665222,0.4641796350479126,-0.015238448046147823,0.2996697723865509,0.41015830636024475,-0.021875962615013123,0.313007652759552,0.3722149729728699,-0.028475167229771614,0.3358299136161804,0.3716021180152893,-0.03310048580169678,0.31790968775749207,0.34842753410339355,-0.0011960037518292665,0.31761157512664795,0.3033008575439453,-0.015243458561599255,0.3084820806980133,0.31180164217948914,-0.024743421003222466,0.30282095074653625,0.33588916063308716,-0.028885168954730034,0.3328102231025696,0.34606245160102844,0.00047355963033623993,0.3334853947162628,0.292914479970932,-0.012944105081260204,0.3214455246925354,0.31033986806869507,-0.017834074795246124,0.3174920976161957,0.33952856063842773,-0.017334045842289925,0.3473634123802185,0.3540125787258148,-0.0014659969601780176,0.35220932960510254,0.30263859033584595,-0.015662945806980133,0.33975741267204285,0.3198244273662567,-0.018434200435876846,0.33566004037857056,0.3503948152065277,-0.015956737101078033,0.3629101812839508,0.37002724409103394,-0.005120568908751011,0.36462435126304626,0.33211761713027954,-0.016735605895519257,0.3553487956523895,0.3399917483329773,-0.019914792850613594,0.35079917311668396,0.3622335195541382,-0.019106591120362282,0.6524337530136108,0.375066876411438,-1.6389563484153769e-07,0.631406307220459,0.35505157709121704,-0.0060450187884271145,0.6196953058242798,0.32002878189086914,-0.009069258347153664,0.6283234357833862,0.29430705308914185,-0.013481884263455868,0.6436768770217896,0.3012726604938507,-0.01657884567975998,0.626667857170105,0.2716851532459259,0.003671158105134964,0.6231095790863037,0.23462826013565063,-0.004664158448576927,0.6218191981315613,0.25228676199913025,-0.011112167499959469,0.623792290687561,0.27533167600631714,-0.014479187317192554,0.6389055252075195,0.2675950527191162,0.0020859194919466972,0.6365912556648254,0.2245570868253708,-0.006776237860321999,0.6343072652816772,0.24670636653900146,-0.010860015638172626,0.6353722214698792,0.27155542373657227,-0.011318034492433071,0.6514064073562622,0.26957130432128906,-0.0015272904420271516,0.6498321890830994,0.23240040242671967,-0.00887929555028677,0.6465242505073547,0.2526153326034546,-0.009941068477928638,0.646766722202301,0.2762305438518524,-0.008379440754652023,0.6647942066192627,0.2775760889053345,-0.006316440179944038,0.6624733805656433,0.24521435797214508,-0.01043771207332611,0.6576780676841736,0.2547939121723175,-0.01054882537573576,0.6558791399002075,0.27334731817245483,-0.009525896050035954
40,0.3319105803966522,0.4888114333152771,-1.4198012365795876e-07,0.31019923090934753,0.4657284915447235,-0.01519069541245699,0.29975375533103943,0.4126354157924652,-0.02173027954995632,0.31128180027008057,0.3741358518600464,-0.028252247720956802,0.33280056715011597,0.37361040711402893,-0.03291313722729683,0.3163216710090637,0.35340258479118347,-0.0007022581994533539,0.3163132667541504,0.31008535623550415,-0.013551437295973301,0.308393657207489,0.3142995238304138,-0.022663474082946777,0.3036790192127228,0.33494293689727783,-0.02696600742638111,0.33153948187828064,0.350130558013916,0.0010612532496452332,0.3332683742046356,0.2970370650291443,-0.011526280082762241,0.32207155227661133,0.3113507628440857,-0.016814621165394783,0.31788212060928345,0.339107483625412,-0.016957690939307213,0.3464522361755371,0.3571472764015198,-0.0006401482387445867,0.3515211343765259,0.3043684661388397,-0.014259989373385906,0.339937299489975,0.3190312683582306,-0.01765097677707672,0.3355390727519989,0.3495607376098633,-0.01588977873325348,0.36232054233551025,0.37228038907051086,-0.004043771419674158,0.36462879180908203,0.333218514919281,-0.015544486232101917,0.3560068905353546,0.3380288779735565,-0.019287975504994392,0.3510425090789795,0.35887593030929565,-0.019117213785648346,0.6524088382720947,0.3744998276233673,-1.5968663547027973e-07,0.6317227482795715,0.3551466763019562,-0.006370784714818001,0.6203093528747559,0.31951993703842163,-0.009542719461023808,0.6292932629585266,0.29400333762168884,-0.014035332947969437,0.6452009677886963,0.3019610345363617,-0.017190534621477127,0.6270367503166199,0.27041083574295044,0.0033856595400720835,0.6232255101203918,0.23521122336387634,-0.005084389820694923,0.6222054362297058,0.2530505657196045,-0.011723789386451244,0.6240423321723938,0.2762298583984375,-0.01521929632872343,0.639435350894928,0.2660153806209564,0.0018777521327137947,0.636825442314148,0.22551074624061584,-0.007101619616150856,0.6351799964904785,0.247830331325531,-0.011447103694081306,0.6361361742019653,0.272491455078125,-0.012122861109673977,0.6520857214927673,0.2677318751811981,-0.0016626613214612007,0.6502232551574707,0.2313077300786972,-0.008936602622270584,0.6476497054100037,0.2514025568962097,-0.010126537643373013,0.6479167938232422,0.27472203969955444,-0.008714286610484123,0.6654632091522217,0.27556490898132324,-0.0064274026080966,0.6630892157554626,0.24517372250556946,-0.010426534339785576,0.6589990854263306,0.25366389751434326,-0.010690505616366863,0.6572756171226501,0.270521879196167,-0.009830096736550331
