frame,feature_0,feature_1,feature_2,feature_3,feature_4,feature_5,feature_6,feature_7,feature_8,feature_9,feature_10,feature_11,feature_12,feature_13,feature_14,feature_15,feature_16,feature_17,feature_18,feature_19,feature_20,feature_21,feature_22,feature_23,feature_24,feature_25,feature_26,feature_27,feature_28,feature_29,feature_30,feature_31,feature_32,feature_33,feature_34,feature_35,feature_36,feature_37,feature_38,feature_39,feature_40,feature_41,feature_42,feature_43,feature_44,feature_45,feature_46,feature_47,feature_48,feature_49,feature_50,feature_51,feature_52,feature_53,feature_54,feature_55,feature_56,feature_57,feature_58,feature_59,feature_60,feature_61,feature_62,feature_63,feature_64,feature_65,feature_66,feature_67,feature_68,feature_69,feature_70,feature_71,feature_72,feature_73,feature_74,feature_75,feature_76,feature_77,feature_78,feature_79,feature_80,feature_81,feature_82,feature_83,feature_84,feature_85,feature_86,feature_87,feature_88,feature_89,feature_90,feature_91,feature_92,feature_93,feature_94,feature_95,feature_96,feature_97,feature_98,feature_99,feature_100,feature_101,feature_102,feature_103,feature_104,feature_105,feature_106,feature_107,feature_108,feature_109,feature_110,feature_111,feature_112,feature_113,feature_114,feature_115,feature_116,feature_117,feature_118,feature_119,feature_120,feature_121,feature_122,feature_123,feature_124,feature_125
1,0.2429017424583435,0.20023711025714874,-1.0373258874096791e-07,0.22152414917945862,0.1804327815771103,-0.006544153671711683,0.21041184663772583,0.14118890464305878,-0.007334822788834572,0.21710731089115143,0.10276895761489868,-0.008673878386616707,0.2285488247871399,0.08597206324338913,-0.008851485326886177,0.21414834260940552,0.10179521143436432,0.004563684109598398,0.20978251099586487,0.06325876712799072,-0.002202636795118451,0.2071784883737564,0.05207441374659538,-0.007423504255712032,0.20563837885856628,0.06110004708170891,-0.009767040610313416,0.22972948849201202,0.09376262128353119,0.004658620338886976,0.2263871133327484,0.046312250196933746,-0.0010345734190195799,0.22344325482845306,0.03787308931350708,-0.005305474158376455,0.22133904695510864,0.051987506449222565,-0.00702872546389699,0.24584610760211945,0.0954633578658104,0.0026108031161129475,0.24369460344314575,0.04956557974219322,-0.004582186229526997,0.2412290722131729,0.04531153663992882,-0.008478749543428421,0.24045118689537048,0.06197021156549454,-0.009302668273448944,0.2621799111366272,0.10382398217916489,-0.0001799507299438119,0.2607087790966034,0.06758345663547516,-0.006884899456053972,0.25832095742225647,0.06382810324430466,-0.009867094457149506,0.25773707032203674,0.0775647759437561,-0.010515316389501095,0.558085024356842,0.19156667590141296,-1.4960227190385922e-07,0.5331217050552368,0.17833736538887024,-0.00800497829914093,0.5203976631164551,0.14063751697540283,-0.011147940531373024,0.530592143535614,0.10762408375740051,-0.014912156388163567,0.5482173562049866,0.10659602284431458,-0.017002396285533905,0.5246920585632324,0.08227911591529846,0.0007884280639700592,0.5212042331695557,0.038950540125370026,-0.009372394531965256,0.5210334658622742,0.055819135159254074,-0.01611691154539585,0.5234062671661377,0.0811207965016365,-0.019491586834192276,0.5407741069793701,0.07467463612556458,-0.0002786980476230383,0.5372934937477112,0.024958394467830658,-0.010641024447977543,0.5369723439216614,0.053000397980213165,-0.014434386976063251,0.5398544669151306,0.07836839556694031,-0.0144088976085186,0.555711567401886,0.07664492726325989,-0.0035867569968104362,0.5541473031044006,0.02996065467596054,-0.01252234261482954,0.5519530177116394,0.05497267097234726,-0.011408315040171146,0.5536758899688721,0.07948724180459976,-0.008371214382350445,0.5723650455474854,0.08724742382764816,-0.008086251094937325,0.5685148239135742,0.05004116892814636,-0.014733727090060711,0.5651513934135437,0.06206301227211952,-0.014352412894368172,0.5651916861534119,0.08085010200738907,-0.012497179210186005
2,0.5582966804504395,0.19071146845817566,-1.5365345973350486e-07,0.5338860750198364,0.18074601888656616,-0.008843372575938702,0.5209361910820007,0.1414785385131836,-0.01182387676090002,0.5312820076942444,0.10981019586324692,-0.015361988916993141,0.5473390817642212,0.1066482737660408,-0.01734263077378273,0.5253729820251465,0.08438552170991898,-0.0002943187137134373,0.5215172171592712,0.03799712657928467,-0.011057530529797077,0.5216766595840454,0.0539381206035614,-0.017953112721443176,0.5244337320327759,0.0810057669878006,-0.021127808839082718,0.5407758951187134,0.077363520860672,-0.0009050610242411494,0.536981463432312,0.025182105600833893,-0.012371796183288097,0.536652147769928,0.05195038020610809,-0.01686820760369301,0.5401752591133118,0.08013789355754852,-0.016915446147322655,0.5556176900863647,0.07878671586513519,-0.003924884367734194,0.5541861057281494,0.030187666416168213,-0.014319723471999168,0.5518022775650024,0.053745221346616745,-0.015192750841379166,0.5540645122528076,0.08006012439727783,-0.012981750071048737,0.5724228620529175,0.08724553883075714,-0.00810389593243599,0.5694742202758789,0.04951833188533783,-0.01619119755923748,0.5654445290565491,0.06032909080386162,-0.017639195546507835,0.5652602314949036,0.07955106347799301,-0.01685822755098343,0.24096684157848358,0.2002028375864029,-1.247793619540971e-07,0.21866343915462494,0.17816093564033508,-0.005441156681627035,0.20766091346740723,0.14118154346942902,-0.006366494111716747,0.21605268120765686,0.10794997215270996,-0.008385054767131805,0.2298283874988556,0.0972977876663208,-0.009294334799051285,0.21341142058372498,0.10066046565771103,0.005263083148747683,0.2084227353334427,0.06330837309360504,-0.002495161257684231,0.20521703362464905,0.056701917201280594,-0.008250771090388298,0.20448294281959534,0.07000832259654999,-0.010647069662809372,0.22870805859565735,0.09319707006216049,0.004399311728775501,0.22503623366355896,0.04534310847520828,-0.002402293961495161,0.22206716239452362,0.04442475736141205,-0.0061773876659572124,0.22171328961849213,0.06362386047840118,-0.006874994840472937,0.24449020624160767,0.0957174003124237,0.0014435574412345886,0.24371488392353058,0.053068965673446655,-0.006656801328063011,0.24148227274417877,0.0629684254527092,-0.008517250418663025,0.24187667667865753,0.08738427609205246,-0.007222384680062532,0.26076677441596985,0.1047237366437912,-0.002253512851893902,0.2602517306804657,0.07034466415643692,-0.009243420325219631,0.2569611668586731,0.07346399873495102,-0.010727787390351295,0.2556007504463196,0.09092655032873154,-0.009792647324502468
3,0.5582966804504395,0.19071146845817566,-1.5365345973350486e-07,0.5338860750198364,0.18074601888656616,-0.008843372575938702,0.5209361910820007,0.1414785385131836,-0.01182387676090002,0.5312820076942444,0.10981019586324692,-0.015361988916993141,0.5473390817642212,0.1066482737660408,-0.01734263077378273,0.5253729820251465,0.08438552170991898,-0.0002943187137134373,0.5215172171592712,0.03799712657928467,-0.011057530529797077,0.5216766595840454,0.0539381206035614,-0.017953112721443176,0.5244337320327759,0.0810057669878006,-0.021127808839082718,0.5407758951187134,0.077363520860672,-0.0009050610242411494,0.536981463432312,0.025182105600833893,-0.012371796183288097,0.536652147769928,0.05195038020610809,-0.01686820760369301,0.5401752591133118,0.08013789355754852,-0.016915446147322655,0.5556176900863647,0.07878671586513519,-0.003924884367734194,0.5541861057281494,0.030187666416168213,-0.014319723471999168,0.5518022775650024,0.053745221346616745,-0.015192750841379166,0.5540645122528076,0.08006012439727783,-0.012981750071048737,0.5724228620529175,0.08724553883075714,-0.00810389593243599,0.5694742202758789,0.04951833188533783,-0.01619119755923748,0.5654445290565491,0.06032909080386162,-0.017639195546507835,0.5652602314949036,0.07955106347799301,-0.01685822755098343,0.24096684157848358,0.2002028375864029,-1.247793619540971e-07,0.21866343915462494,0.17816093564033508,-0.005441156681627035,0.20766091346740723,0.14118154346942902,-0.006366494111716747,0.21605268120765686,0.10794997215270996,-0.008385054767131805,0.2298283874988556,0.0972977876663208,-0.009294334799051285,0.21341142058372498,0.10066046565771103,0.005263083148747683,0.2084227353334427,0.06330837309360504,-0.002495161257684231,0.20521703362464905,0.056701917201280594,-0.008250771090388298,0.20448294281959534,0.07000832259654999,-0.010647069662809372,0.22870805859565735,0.09319707006216049,0.004399311728775501,0.22503623366355896,0.04534310847520828,-0.002402293961495161,0.22206716239452362,0.04442475736141205,-0.0061773876659572124,0.22171328961849213,0.06362386047840118,-0.006874994840472937,0.24449020624160767,0.0957174003124237,0.0014435574412345886,0.24371488392353058,0.053068965673446655,-0.006656801328063011,0.24148227274417877,0.0629684254527092,-0.008517250418663025,0.24187667667865753,0.08738427609205246,-0.007222384680062532,0.26076677441596985,0.1047237366437912,-0.002253512851893902,0.2602517306804657,0.07034466415643692,-0.009243420325219631,0.2569611668586731,0.07346399873495102,-0.010727787390351295,0.2556007504463196,0.09092655032873154,-0.009792647324502468
4,0.5572026371955872,0.19278553128242493,-1.502876472159187e-07,0.5324071645736694,0.18010970950126648,-0.007672574836760759,0.5202531814575195,0.140080064535141,-0.009927044622600079,0.5310788750648499,0.10688142478466034,-0.012856694869697094,0.5483568906784058,0.10780707001686096,-0.013874313794076443,0.5247513651847839,0.08316294848918915,0.002106250496581197,0.5207695960998535,0.03848816454410553,-0.007865075953304768,0.5217368602752686,0.05636679753661156,-0.014245055615901947,0.5245163440704346,0.08305772393941879,-0.017129002138972282,0.5415344834327698,0.07540883123874664,0.0010031312704086304,0.5381289124488831,0.025711551308631897,-0.009167499840259552,0.5377956032752991,0.053870122879743576,-0.012380221858620644,0.5397084951400757,0.07920746505260468,-0.011645211838185787,0.5563505291938782,0.07772526890039444,-0.002489929785951972,0.5555455088615417,0.031873732805252075,-0.011479081586003304,0.5528483986854553,0.056202713400125504,-0.009746355004608631,0.5539460182189941,0.08079294860363007,-0.005927595309913158,0.5729860663414001,0.08888988196849823,-0.007243393454700708,0.570711076259613,0.05217013880610466,-0.013857311569154263,0.5670000314712524,0.061859410256147385,-0.013118460774421692,0.5660659074783325,0.07916589826345444,-0.010769739747047424,0.2381708174943924,0.2221265584230423,-1.08897403094943e-07,0.21602068841457367,0.20119747519493103,-0.005975098814815283,0.20506808161735535,0.16084957122802734,-0.007197107188403606,0.21172751486301422,0.12228312343358994,-0.008995486423373222,0.2231050431728363,0.10294502973556519,-0.009468409232795238,0.21188417077064514,0.1217305138707161,0.0024287928827106953,0.2072887420654297,0.08113259077072144,-0.004949568305164576,0.20465977489948273,0.07099050283432007,-0.009766180999577045,0.20363488793373108,0.08015356957912445,-0.011655055917799473,0.22726674377918243,0.11437468975782394,0.002085185842588544,0.22409848868846893,0.06401367485523224,-0.0040686484426259995,0.22081486880779266,0.05986346676945686,-0.00661030737683177,0.21917736530303955,0.07557429373264313,-0.006607990711927414,0.24255236983299255,0.11726789176464081,-0.0002593871031422168,0.2416367083787918,0.07142597436904907,-0.007077659014612436,0.23805053532123566,0.06646756827831268,-0.007933137938380241,0.23643508553504944,0.07944098114967346,-0.006387636531144381,0.2584194839000702,0.12813469767570496,-0.0034225289709866047,0.25970590114593506,0.09365096688270569,-0.008993939496576786,0.256839394569397,0.08288603276014328,-0.010183388367295265,0.2544376850128174,0.08697064220905304,-0.009365267120301723
5,0.5582459568977356,0.19171305000782013,-1.479789801805964e-07,0.533422589302063,0.18145222961902618,-0.008430814370512962,0.5207638144493103,0.14212824404239655,-0.011256075464189053,0.5319744944572449,0.11047385632991791,-0.014632645063102245,0.550377607345581,0.11224471777677536,-0.01621798425912857,0.525762140750885,0.0840548723936081,0.0006166155799292028,0.5216225981712341,0.04006488621234894,-0.010018326342105865,0.522391676902771,0.057051051408052444,-0.016539208590984344,0.5256227254867554,0.08430115878582001,-0.019435657188296318,0.5419763326644897,0.07646726816892624,-0.00021430970809888095,0.5386291146278381,0.02559206634759903,-0.011683756485581398,0.5382521748542786,0.05378345772624016,-0.015153227373957634,0.5412037372589111,0.08163799345493317,-0.014184966683387756,0.5567476749420166,0.07863418012857437,-0.003484944812953472,0.5558562278747559,0.031918056309223175,-0.01344381831586361,0.5531589388847351,0.05637993663549423,-0.012128747068345547,0.5549489855766296,0.08146162331104279,-0.008244196884334087,0.573336124420166,0.08865576982498169,-0.008016595616936684,0.5713245272636414,0.051481783390045166,-0.01542469672858715,0.567518413066864,0.06184250861406326,-0.015343757346272469,0.5670006275177002,0.0795910507440567,-0.013289078138768673,0.24111221730709076,0.2298782616853714,-1.2482570355132339e-07,0.21661877632141113,0.2115142047405243,-0.006702987942844629,0.2048148810863495,0.16440019011497498,-0.007965669967234135,0.21400447189807892,0.12597031891345978,-0.009927173145115376,0.23065319657325745,0.1144164577126503,-0.01079360581934452,0.21176952123641968,0.1250227689743042,0.0014460560632869601,0.20816157758235931,0.08292680233716965,-0.006964427884668112,0.20385757088661194,0.07670178264379501,-0.012038329616189003,0.20213142037391663,0.09227538853883743,-0.013803358189761639,0.22722971439361572,0.1167670339345932,0.0009647469851188362,0.22380691766738892,0.06150441616773605,-0.006865175440907478,0.21944619715213776,0.06299378722906113,-0.009680889546871185,0.21863704919815063,0.08623059093952179,-0.00897039845585823,0.24259503185749054,0.11904284358024597,-0.001524446764960885,0.24004772305488586,0.0712210014462471,-0.009854300878942013,0.23612739145755768,0.08092836290597916,-0.010627791285514832,0.2362908571958542,0.10460557788610458,-0.008265065029263496,0.258796364068985,0.12751898169517517,-0.00480057206004858,0.2559564411640167,0.08758068084716797,-0.011771589517593384,0.25205695629119873,0.09032954275608063,-0.012513699941337109,0.25126609206199646,0.10787852108478546,-0.01078830100595951
6,0.5588455200195312,0.1931341588497162,-1.4645380019828735e-07,0.5340088605880737,0.17991915345191956,-0.007633490022271872,0.5216656923294067,0.14124193787574768,-0.010407703928649426,0.532454252243042,0.10976818948984146,-0.013873234391212463,0.5501183867454529,0.10871775448322296,-0.015701165422797203,0.5263717174530029,0.08232466131448746,0.0014717719750478864,0.5230663418769836,0.0394725576043129,-0.008512691594660282,0.5235002040863037,0.05851369723677635,-0.01507218461483717,0.5264171957969666,0.08474759012460709,-0.018231987953186035,0.5427766442298889,0.07536192238330841,0.00014670116070192307,0.5393461585044861,0.02552899718284607,-0.009902428835630417,0.5389310717582703,0.053404632955789566,-0.013546126894652843,0.5417698621749878,0.07860659807920456,-0.013352856040000916,0.5577277541160583,0.07789573073387146,-0.0034726224839687347,0.5565887689590454,0.030388586223125458,-0.012380520813167095,0.5538842678070068,0.055315859615802765,-0.011378981173038483,0.555457353591919,0.08007268607616425,-0.008287747390568256,0.5744804739952087,0.08919781446456909,-0.008266959339380264,0.5715958476066589,0.051229532808065414,-0.015195745974779129,0.567345917224884,0.0635184571146965,-0.015009400434792042,0.5666741728782654,0.08269830793142319,-0.013156144879758358,0.23722393810749054,0.231378972530365,-1.1781168041125056e-07,0.21407586336135864,0.21114012598991394,-0.0068700117990374565,0.20399627089500427,0.16449981927871704,-0.007526203524321318,0.21418114006519318,0.12732665240764618,-0.008838257752358913,0.23022690415382385,0.1228313073515892,-0.008857631124556065,0.2092382311820984,0.12603428959846497,0.0041539049707353115,0.2056291103363037,0.08497035503387451,-0.0034961714409291744,0.2025412619113922,0.07823067903518677,-0.008527958765625954,0.20171135663986206,0.09416547417640686,-0.010390562005341053,0.2246265411376953,0.11809470504522324,0.004212413914501667,0.22186097502708435,0.06453262269496918,-0.003199175698682666,0.21702587604522705,0.06453914940357208,-0.006482427474111319,0.21601980924606323,0.08830978721380234,-0.006196312606334686,0.2403292953968048,0.1202460452914238,0.002063557505607605,0.23912447690963745,0.07270169258117676,-0.006098846904933453,0.23442594707012177,0.07717721164226532,-0.0078657241538167,0.2344617396593094,0.1008787751197815,-0.006160679738968611,0.25711411237716675,0.12937331199645996,-0.000991540728136897,0.25566723942756653,0.09253130108118057,-0.008109071291983128,0.2521413564682007,0.09217912703752518,-0.010137537494301796,0.2516545057296753,0.10930217802524567,-0.00937349908053875
7,0.5588455200195312,0.1931341588497162,-1.4645380019828735e-07,0.5340088605880737,0.17991915345191956,-0.007633490022271872,0.5216656923294067,0.14124193787574768,-0.010407703928649426,0.532454252243042,0.10976818948984146,-0.013873234391212463,0.5501183867454529,0.10871775448322296,-0.015701165422797203,0.5263717174530029,0.08232466131448746,0.0014717719750478864,0.5230663418769836,0.0394725576043129,-0.008512691594660282,0.5235002040863037,0.05851369723677635,-0.01507218461483717,0.5264171957969666,0.08474759012460709,-0.018231987953186035,0.5427766442298889,0.07536192238330841,0.00014670116070192307,0.5393461585044861,0.02552899718284607,-0.009902428835630417,0.5389310717582703,0.053404632955789566,-0.013546126894652843,0.5417698621749878,0.07860659807920456,-0.013352856040000916,0.5577277541160583,0.07789573073387146,-0.0034726224839687347,0.5565887689590454,0.030388586223125458,-0.012380520813167095,0.5538842678070068,0.055315859615802765,-0.011378981173038483,0.555457353591919,0.08007268607616425,-0.008287747390568256,0.5744804739952087,0.08919781446456909,-0.008266959339380264,0.5715958476066589,0.051229532808065414,-0.015195745974779129,0.567345917224884,0.0635184571146965,-0.015009400434792042,0.5666741728782654,0.08269830793142319,-0.013156144879758358,0.23722393810749054,0.231378972530365,-1.1781168041125056e-07,0.21407586336135864,0.21114012598991394,-0.0068700117990374565,0.20399627089500427,0.16449981927871704,-0.007526203524321318,0.21418114006519318,0.12732665240764618,-0.008838257752358913,0.23022690415382385,0.1228313073515892,-0.008857631124556065,0.2092382311820984,0.12603428959846497,0.0041539049707353115,0.2056291103363037,0.08497035503387451,-0.0034961714409291744,0.2025412619113922,0.07823067903518677,-0.008527958765625954,0.20171135663986206,0.09416547417640686,-0.010390562005341053,0.2246265411376953,0.11809470504522324,0.004212413914501667,0.22186097502708435,0.06453262269496918,-0.003199175698682666,0.21702587604522705,0.06453914940357208,-0.006482427474111319,0.21601980924606323,0.08830978721380234,-0.006196312606334686,0.2403292953968048,0.1202460452914238,0.002063557505607605,0.23912447690963745,0.07270169258117676,-0.006098846904933453,0.23442594707012177,0.07717721164226532,-0.0078657241538167,0.2344617396593094,0.1008787751197815,-0.006160679738968611,0.25711411237716675,0.12937331199645996,-0.000991540728136897,0.25566723942756653,0.09253130108118057,-0.008109071291983128,0.2521413564682007,0.09217912703752518,-0.010137537494301796,0.2516545057296753,0.10930217802524567,-0.00937349908053875
8,0.5609735250473022,0.19257719814777374,-1.4809941717430775e-07,0.5345104932785034,0.18140646815299988,-0.00912992563098669,0.5221111178398132,0.1413159817457199,-0.012256021611392498,0.5335885882377625,0.108750119805336,-0.015781087800860405,0.5508918166160583,0.10814233869314194,-0.017497031018137932,0.5268312692642212,0.08359178155660629,0.00034765282180160284,0.5231245160102844,0.03798840194940567,-0.010380087420344353,0.524360716342926,0.058568328619003296,-0.017211509868502617,0.5273353457450867,0.08600417524576187,-0.020328804850578308,0.5433557033538818,0.07590580731630325,-0.00016429019160568714,0.5398533940315247,0.025037415325641632,-0.011047187261283398,0.5402469038963318,0.05457168072462082,-0.014959579333662987,0.5431217551231384,0.08004719018936157,-0.014739159494638443,0.5581753849983215,0.07741294056177139,-0.0031631472520530224,0.557345986366272,0.030657149851322174,-0.012787077575922012,0.5550842881202698,0.0565180629491806,-0.012126638554036617,0.5566304922103882,0.08147403597831726,-0.00908751878887415,0.574633777141571,0.08676128834486008,-0.007460750173777342,0.5715756416320801,0.05008295923471451,-0.014728719368577003,0.5677900314331055,0.06304900348186493,-0.014835191890597343,0.5674890279769897,0.08196519315242767,-0.013126816600561142,0.23684436082839966,0.23327139019966125,-9.535999367926706e-08,0.2134665995836258,0.21276427805423737,-0.007309373933821917,0.20307257771492004,0.16736838221549988,-0.008189097978174686,0.21207274496555328,0.12956158816814423,-0.009552724659442902,0.2261084020137787,0.12291157990694046,-0.009666410274803638,0.20834513008594513,0.1286735236644745,0.004202577751129866,0.20482167601585388,0.0894877016544342,-0.003312258515506983,0.20172998309135437,0.07727579772472382,-0.008550908416509628,0.20072223246097565,0.08661560714244843,-0.010715496726334095,0.22405648231506348,0.12092560529708862,0.004356171004474163,0.22214168310165405,0.06805673241615295,-0.0031392406672239304,0.21721090376377106,0.06448619067668915,-0.006707329303026199,0.21527256071567535,0.08524555712938309,-0.006598334759473801,0.23988309502601624,0.12384799867868423,0.002209318336099386,0.23966427147388458,0.07626233249902725,-0.006536357570439577,0.2344202846288681,0.07366602122783661,-0.009428576566278934,0.2328793853521347,0.09283865988254547,-0.00833249744027853,0.2566262185573578,0.13411732017993927,-0.0008022958063520491,0.2568025588989258,0.09647730737924576,-0.008387308567762375,0.25330737233161926,0.0900542363524437,-0.011262431740760803,0.2515411972999573,0.10287458449602127,-0.011095583438873291
9,0.23689204454421997,0.2342727780342102,-1.1119126241965205e-07,0.21329161524772644,0.21470454335212708,-0.007017602678388357,0.20255190134048462,0.16924771666526794,-0.00794199202209711,0.21120001375675201,0.1299363374710083,-0.009416491724550724,0.22519110143184662,0.11829666048288345,-0.009565187618136406,0.20786446332931519,0.13059388101100922,0.002748301951214671,0.20450976490974426,0.08738473057746887,-0.005038011819124222,0.20208542048931122,0.08102014660835266,-0.009633046574890614,0.20130813121795654,0.09504073858261108,-0.011067109182476997,0.2237454354763031,0.12193096429109573,0.002873371820896864,0.22078029811382294,0.06609845161437988,-0.0042963516898453236,0.21798914670944214,0.0681183859705925,-0.006903059780597687,0.2176589071750641,0.09131362289190292,-0.006078078877180815,0.23988373577594757,0.12408733367919922,0.0008953465730883181,0.2386815994977951,0.07536467909812927,-0.007554544601589441,0.23527304828166962,0.08377484977245331,-0.008722723461687565,0.23484748601913452,0.10698918998241425,-0.006474755238741636,0.25677254796028137,0.13239897787570953,-0.0018733857432380319,0.25553274154663086,0.0950283631682396,-0.009441600181162357,0.2518949508666992,0.09612935781478882,-0.011067931540310383,0.25032752752304077,0.11214468628168106,-0.009799073450267315,0.5614287257194519,0.19285936653614044,-1.473836022114483e-07,0.5351231098175049,0.1832161545753479,-0.00920936930924654,0.5229822397232056,0.14309215545654297,-0.012043026275932789,0.5347840785980225,0.11111915856599808,-0.015261426568031311,0.5522423386573792,0.11033748835325241,-0.016754738986492157,0.5269883871078491,0.08584320545196533,0.0003478843718767166,0.5233414769172668,0.04004813730716705,-0.010340304113924503,0.5243023037910461,0.057299308478832245,-0.017160242423415184,0.5273133516311646,0.08483567833900452,-0.020282164216041565,0.5433518290519714,0.07766005396842957,-5.348205013433471e-05,0.5397689938545227,0.026002809405326843,-0.011436987668275833,0.5396190881729126,0.053669556975364685,-0.015601039864122868,0.5427994728088379,0.08051405847072601,-0.015383155085146427,0.5581334829330444,0.0787486881017685,-0.002985458355396986,0.5573276877403259,0.03199577331542969,-0.013031824491918087,0.5544584393501282,0.05653197690844536,-0.012851494364440441,0.5561748147010803,0.08184143900871277,-0.009991365484893322,0.5747796297073364,0.08751300722360611,-0.007215770427137613,0.5722497701644897,0.05063304305076599,-0.014946222305297852,0.5680232048034668,0.06249629333615303,-0.015686966478824615,0.5674927830696106,0.08131013810634613,-0.014421011321246624
10,0.23689204454421997,0.2342727780342102,-1.1119126241965205e-07,0.21329161524772644,0.21470454335212708,-0.007017602678388357,0.20255190134048462,0.16924771666526794,-0.00794199202209711,0.21120001375675201,0.1299363374710083,-0.009416491724550724,0.22519110143184662,0.11829666048288345,-0.009565187618136406,0.20786446332931519,0.13059388101100922,0.002748301951214671,0.20450976490974426,0.08738473057746887,-0.005038011819124222,0.20208542048931122,0.08102014660835266,-0.009633046574890614,0.20130813121795654,0.09504073858261108,-0.011067109182476997,0.2237454354763031,0.12193096429109573,0.002873371820896864,0.22078029811382294,0.06609845161437988,-0.0042963516898453236,0.21798914670944214,0.0681183859705925,-0.006903059780597687,0.2176589071750641,0.09131362289190292,-0.006078078877180815,0.23988373577594757,0.12408733367919922,0.0008953465730883181,0.2386815994977951,0.07536467909812927,-0.007554544601589441,0.23527304828166962,0.08377484977245331,-0.008722723461687565,0.23484748601913452,0.10698918998241425,-0.006474755238741636,0.25677254796028137,0.13239897787570953,-0.0018733857432380319,0.25553274154663086,0.0950283631682396,-0.009441600181162357,0.2518949508666992,0.09612935781478882,-0.011067931540310383,0.25032752752304077,0.11214468628168106,-0.009799073450267315,0.5614287257194519,0.19285936653614044,-1.473836022114483e-07,0.5351231098175049,0.1832161545753479,-0.00920936930924654,0.5229822397232056,0.14309215545654297,-0.012043026275932789,0.5347840785980225,0.11111915856599808,-0.015261426568031311,0.5522423386573792,0.11033748835325241,-0.016754738986492157,0.5269883871078491,0.08584320545196533,0.0003478843718767166,0.5233414769172668,0.04004813730716705,-0.010340304113924503,0.5243023037910461,0.057299308478832245,-0.017160242423415184,0.5273133516311646,0.08483567833900452,-0.020282164216041565,0.5433518290519714,0.07766005396842957,-5.348205013433471e-05,0.5397689938545227,0.026002809405326843,-0.011436987668275833,0.5396190881729126,0.053669556975364685,-0.015601039864122868,0.5427994728088379,0.08051405847072601,-0.015383155085146427,0.5581334829330444,0.0787486881017685,-0.002985458355396986,0.5573276877403259,0.03199577331542969,-0.013031824491918087,0.5544584393501282,0.05653197690844536,-0.012851494364440441,0.5561748147010803,0.08184143900871277,-0.009991365484893322,0.5747796297073364,0.08751300722360611,-0.007215770427137613,0.5722497701644897,0.05063304305076599,-0.014946222305297852,0.5680232048034668,0.06249629333615303,-0.015686966478824615,0.5674927830696106,0.08131013810634613,-0.014421011321246624
11,0.23620820045471191,0.24683073163032532,-9.353261276601188e-08,0.21302218735218048,0.223341703414917,-0.006704120431095362,0.20291897654533386,0.17331142723560333,-0.006628441158682108,0.21182692050933838,0.13336092233657837,-0.007218089420348406,0.22643305361270905,0.1252896636724472,-0.006548672448843718,0.20709717273712158,0.13746769726276398,0.00552785862237215,0.2035735547542572,0.0967828631401062,-0.0017699289601296186,0.20096205174922943,0.08626410365104675,-0.00681839045137167,0.1999376118183136,0.09727407991886139,-0.008671039715409279,0.22318847477436066,0.12850485742092133,0.005616677924990654,0.22026966512203217,0.07577111572027206,-0.0011539777042344213,0.2172507643699646,0.07182333618402481,-0.004497721791267395,0.21599125862121582,0.09218110144138336,-0.004282182082533836,0.23916544020175934,0.13054099678993225,0.003427976043894887,0.23770283162593842,0.08269943296909332,-0.004890036769211292,0.23414736986160278,0.08877336233854294,-0.006945707369595766,0.23321636021137238,0.11300823837518692,-0.005242363549768925,0.2559853196144104,0.1389424353837967,0.00041516701458022,0.2545161545276642,0.09997604042291641,-0.00737321050837636,0.25035616755485535,0.10022996366024017,-0.009464280679821968,0.24812951683998108,0.1180889755487442,-0.008461018092930317,0.5618625283241272,0.19142663478851318,-1.4733043940395874e-07,0.536341667175293,0.18288840353488922,-0.009192869998514652,0.5237129330635071,0.1434328407049179,-0.011932913213968277,0.5344995260238647,0.11134959012269974,-0.014978607185184956,0.5507396459579468,0.11047893017530441,-0.01637897454202175,0.5276082158088684,0.08443088829517365,2.6097122827195562e-05,0.5233038663864136,0.03967222571372986,-0.010141732171177864,0.5238326787948608,0.05574469640851021,-0.01649453677237034,0.5267283916473389,0.08263026177883148,-0.019464723765850067,0.543617308139801,0.0765838474035263,-0.0003020965959876776,0.5393986105918884,0.025351867079734802,-0.011491949670016766,0.5393152832984924,0.05246772617101669,-0.01551869884133339,0.5427200198173523,0.079880490899086,-0.015262449160218239,0.5584839582443237,0.0777716115117073,-0.0030604503117501736,0.5571755170822144,0.03039829432964325,-0.013289012014865875,0.5544981956481934,0.0549999438226223,-0.013225450180470943,0.5564864873886108,0.08066704124212265,-0.010426824912428856,0.5753599405288696,0.0863894671201706,-0.007046807091683149,0.572221040725708,0.04996868968009949,-0.015462640672922134,0.5682328343391418,0.06299719959497452,-0.016536472365260124,0.5681430697441101,0.0826929584145546,-0.015384814701974392
12,0.23591214418411255,0.2462155520915985,-1.1205248284795744e-07,0.21186502277851105,0.22477063536643982,-0.007719955872744322,0.20200319588184357,0.1753651201725006,-0.008389110676944256,0.21252009272575378,0.13604670763015747,-0.009451870806515217,0.22853322327136993,0.12735344469547272,-0.009051130153238773,0.20694808661937714,0.13619951903820038,0.003590481821447611,0.20385712385177612,0.09306289255619049,-0.004434175789356232,0.20077025890350342,0.08635227382183075,-0.009389733895659447,0.19973672926425934,0.10127732157707214,-0.010959389619529247,0.22320014238357544,0.1279996782541275,0.004267512354999781,0.22159816324710846,0.07201508432626724,-0.0031128409318625927,0.21710282564163208,0.07316957414150238,-0.005769312381744385,0.215721994638443,0.09634065628051758,-0.0047553423792123795,0.23908787965774536,0.13077712059020996,0.002624750602990389,0.23872974514961243,0.08152292668819427,-0.005664857570081949,0.23397603631019592,0.08887842297554016,-0.006678029894828796,0.23328804969787598,0.11212354898452759,-0.00420193187892437,0.25582167506217957,0.14010730385780334,1.7313672287855297e-05,0.25563278794288635,0.10159711539745331,-0.007421995047479868,0.25136736035346985,0.10068213939666748,-0.009212164208292961,0.24938662350177765,0.11539305746555328,-0.008001182228326797,0.561012864112854,0.191743403673172,-1.441210457642228e-07,0.5361016988754272,0.18301323056221008,-0.009143894538283348,0.5232749581336975,0.1440778374671936,-0.012256280519068241,0.5332754254341125,0.11196403950452805,-0.01575217768549919,0.5496488213539124,0.11026611924171448,-0.017510266974568367,0.5275056958198547,0.08531488478183746,-0.0004399121680762619,0.5233669281005859,0.03947613388299942,-0.011651244945824146,0.5238204002380371,0.056555092334747314,-0.018427778035402298,0.526922881603241,0.08460552245378494,-0.021342607215046883,0.5435454249382019,0.07773006707429886,-0.000978204421699047,0.5397998094558716,0.025604248046875,-0.013361068442463875,0.5394864082336426,0.053753823041915894,-0.017491376027464867,0.5430423021316528,0.08175428956747055,-0.016849631443619728,0.5585392713546753,0.07946643978357315,-0.003972470760345459,0.55756014585495,0.031717829406261444,-0.015033514238893986,0.5544230341911316,0.05741751939058304,-0.014551951549947262,0.5561949610710144,0.0833483412861824,-0.011018683202564716,0.5753089785575867,0.08870427310466766,-0.008177410811185837,0.5724440813064575,0.05220871418714523,-0.016573144122958183,0.5681949853897095,0.06492605805397034,-0.01709177903831005,0.5679968595504761,0.08449561148881912,-0.015305088832974434
13,0.23685139417648315,0.24611347913742065,-1.2125092041515018e-07,0.21290038526058197,0.22465364634990692,-0.0070358081720769405,0.2025662064552307,0.1760462373495102,-0.007027429528534412,0.21192720532417297,0.13657186925411224,-0.0074487836100161076,0.22664031386375427,0.1266636848449707,-0.006371501367539167,0.2068890631198883,0.13551101088523865,0.004721265286207199,0.2044937014579773,0.09318184852600098,-0.0030728220008313656,0.20057028532028198,0.08537612110376358,-0.007743478752672672,0.19902627170085907,0.09973114728927612,-0.009127986617386341,0.22325050830841064,0.12751924991607666,0.005104162264615297,0.2215132862329483,0.07161862403154373,-0.002785517368465662,0.2162216156721115,0.07367774099111557,-0.005415807012468576,0.21496133506298065,0.0980084091424942,-0.003991448320448399,0.23932364583015442,0.130507692694664,0.003198145655915141,0.2385687530040741,0.08202697336673737,-0.005490629002451897,0.23318174481391907,0.08948690444231033,-0.00641982676461339,0.23277172446250916,0.11256391555070877,-0.0036144820041954517,0.25637033581733704,0.1400032788515091,0.00043437155545689166,0.2555028796195984,0.10142476856708527,-0.007259710226207972,0.25068584084510803,0.10188068449497223,-0.008908910676836967,0.24907229840755463,0.11820265650749207,-0.007427420932799578,0.5615504384040833,0.1928989291191101,-1.468486203748398e-07,0.5357224941253662,0.18391022086143494,-0.009509256109595299,0.5229277610778809,0.14342354238033295,-0.01262580044567585,0.5338382720947266,0.11114755272865295,-0.016207175329327583,0.5511099696159363,0.1105424240231514,-0.018126806244254112,0.5274645090103149,0.08463195711374283,0.0006089252419769764,0.5234206914901733,0.04044482856988907,-0.010499227792024612,0.5233132243156433,0.05898085609078407,-0.017866484820842743,0.5267161130905151,0.08660493791103363,-0.021466828882694244,0.5433556437492371,0.0769081562757492,9.21702740015462e-05,0.539479672908783,0.025688908994197845,-0.011758406646549702,0.5384364724159241,0.05308939144015312,-0.016317836940288544,0.542166531085968,0.08073238283395767,-0.01630546897649765,0.5581536889076233,0.07825834304094315,-0.003037181682884693,0.5567939877510071,0.03062310814857483,-0.013959675095975399,0.5537199974060059,0.055828046053647995,-0.014277191832661629,0.5560703277587891,0.08242153376340866,-0.011515910737216473,0.5750003457069397,0.08715763688087463,-0.007451260928064585,0.571398913860321,0.050746720284223557,-0.0164094939827919,0.5671950578689575,0.06410468369722366,-0.01779724471271038,0.567402720451355,0.08472049981355667,-0.016705818474292755
14,0.23685139417648315,0.24611347913742065,-1.2125092041515018e-07,0.21290038526058197,0.22465364634990692,-0.0070358081720769405,0.2025662064552307,0.1760462373495102,-0.007027429528534412,0.21192720532417297,0.13657186925411224,-0.0074487836100161076,0.22664031386375427,0.1266636848449707,-0.006371501367539167,0.2068890631198883,0.13551101088523865,0.004721265286207199,0.2044937014579773,0.09318184852600098,-0.0030728220008313656,0.20057028532028198,0.08537612110376358,-0.007743478752672672,0.19902627170085907,0.09973114728927612,-0.009127986617386341,0.22325050830841064,0.12751924991607666,0.005104162264615297,0.2215132862329483,0.07161862403154373,-0.002785517368465662,0.2162216156721115,0.07367774099111557,-0.005415807012468576,0.21496133506298065,0.0980084091424942,-0.003991448320448399,0.23932364583015442,0.130507692694664,0.003198145655915141,0.2385687530040741,0.08202697336673737,-0.005490629002451897,0.23318174481391907,0.08948690444231033,-0.00641982676461339,0.23277172446250916,0.11256391555070877,-0.0036144820041954517,0.25637033581733704,0.1400032788515091,0.00043437155545689166,0.2555028796195984,0.10142476856708527,-0.007259710226207972,0.25068584084510803,0.10188068449497223,-0.008908910676836967,0.24907229840755463,0.11820265650749207,-0.007427420932799578,0.5615504384040833,0.1928989291191101,-1.468486203748398e-07,0.5357224941253662,0.18391022086143494,-0.009509256109595299,0.5229277610778809,0.14342354238033295,-0.01262580044567585,0.5338382720947266,0.11114755272865295,-0.016207175329327583,0.5511099696159363,0.1105424240231514,-0.018126806244254112,0.5274645090103149,0.08463195711374283,0.0006089252419769764,0.5234206914901733,0.04044482856988907,-0.010499227792024612,0.5233132243156433,0.05898085609078407,-0.017866484820842743,0.5267161130905151,0.08660493791103363,-0.021466828882694244,0.5433556437492371,0.0769081562757492,9.21702740015462e-05,0.539479672908783,0.025688908994197845,-0.011758406646549702,0.5384364724159241,0.05308939144015312,-0.016317836940288544,0.542166531085968,0.08073238283395767,-0.01630546897649765,0.5581536889076233,0.07825834304094315,-0.003037181682884693,0.5567939877510071,0.03062310814857483,-0.013959675095975399,0.5537199974060059,0.055828046053647995,-0.014277191832661629,0.5560703277587891,0.08242153376340866,-0.011515910737216473,0.5750003457069397,0.08715763688087463,-0.007451260928064585,0.571398913860321,0.050746720284223557,-0.0164094939827919,0.5671950578689575,0.06410468369722366,-0.01779724471271038,0.567402720451355,0.08472049981355667,-0.016705818474292755
15,0.2371167540550232,0.24821306765079498,-1.0892363633274726e-07,0.21273484826087952,0.22680743038654327,-0.00784411933273077,0.2028542459011078,0.17729538679122925,-0.008074426092207432,0.21289387345314026,0.1365993618965149,-0.00859127938747406,0.2276485711336136,0.12709897756576538,-0.007482224144041538,0.20613154768943787,0.13785789906978607,0.004259010776877403,0.20296601951122284,0.09463339298963547,-0.0036108316853642464,0.2003077119588852,0.08573097735643387,-0.008315456099808216,0.19965191185474396,0.0995839461684227,-0.009705998003482819,0.22274890542030334,0.12920428812503815,0.005214120261371136,0.22067943215370178,0.07357660681009293,-0.002718032104894519,0.21672262251377106,0.07555513828992844,-0.005645343102514744,0.21588848531246185,0.10063290596008301,-0.0044631012715399265,0.23898109793663025,0.13148275017738342,0.0038310354575514793,0.238356813788414,0.08220233768224716,-0.004869901575148106,0.23360967636108398,0.08807215094566345,-0.0060217673890292645,0.23288585245609283,0.11166395246982574,-0.0033194951247423887,0.2561662197113037,0.14010073244571686,0.00150222796946764,0.25579068064689636,0.10130266845226288,-0.006497637368738651,0.2513785660266876,0.099315345287323,-0.008742720820009708,0.24908149242401123,0.11507956683635712,-0.007571622729301453,0.560840368270874,0.19304054975509644,-1.4337128106944874e-07,0.5354170203208923,0.1850569099187851,-0.010009915567934513,0.523023247718811,0.14361152052879333,-0.013095634989440441,0.5338913202285767,0.1117522269487381,-0.016478534787893295,0.5498891472816467,0.11005616933107376,-0.018262792378664017,0.5275912880897522,0.08664442598819733,-0.0008572626393288374,0.5233265161514282,0.04019840061664581,-0.011993049643933773,0.5236688852310181,0.05630481243133545,-0.018936630338430405,0.5270890593528748,0.08430115878582001,-0.02208493836224079,0.5436645746231079,0.07921309024095535,-0.0009840894490480423,0.540004551410675,0.026498958468437195,-0.013485272414982319,0.5392932295799255,0.053738124668598175,-0.018421340733766556,0.5429814457893372,0.08303622901439667,-0.018420718610286713,0.5587162375450134,0.08060522377490997,-0.0036550636868923903,0.5575680732727051,0.03183384984731674,-0.014937390573322773,0.5541359782218933,0.05605267733335495,-0.015958910807967186,0.5561990737915039,0.0834641382098198,-0.013526316732168198,0.5755071640014648,0.08846889436244965,-0.007584879174828529,0.5722000598907471,0.051145803183317184,-0.016675837337970734,0.567473292350769,0.06272857636213303,-0.01857960782945156,0.5672509074211121,0.08300209045410156,-0.017838025465607643
16,0.23600322008132935,0.24696847796440125,-1.1482070050305992e-07,0.2115841656923294,0.2254330813884735,-0.007690965197980404,0.20196199417114258,0.17584657669067383,-0.00799054279923439,0.21332792937755585,0.13600097596645355,-0.008736943826079369,0.22989514470100403,0.13178391754627228,-0.00786563754081726,0.20569893717765808,0.136288583278656,0.005027655512094498,0.20283566415309906,0.09218614548444748,-0.00248987996019423,0.20059649646282196,0.08517284691333771,-0.007290109992027283,0.2002401202917099,0.09958069026470184,-0.008976256474852562,0.22225645184516907,0.1282092183828354,0.005800226703286171,0.2208392471075058,0.07261805236339569,-0.001681703026406467,0.21702301502227783,0.07576695084571838,-0.004801149480044842,0.2163497358560562,0.09986135363578796,-0.004107688087970018,0.23858822882175446,0.1307959407567978,0.004228717647492886,0.23883238434791565,0.08252686262130737,-0.003846345702186227,0.23438134789466858,0.08950521051883698,-0.004993210546672344,0.23388563096523285,0.11256302893161774,-0.0026260078884661198,0.2559107542037964,0.13999727368354797,0.001622644835151732,0.2565130591392517,0.10232086479663849,-0.005262346006929874,0.25251078605651855,0.1008511334657669,-0.007161798421293497,0.25061553716659546,0.11568883806467056,-0.006168516818434,0.5628097653388977,0.19648367166519165,-1.5979152578893263e-07,0.5361952781677246,0.1858663409948349,-0.008625619113445282,0.5226173996925354,0.14541995525360107,-0.011365454643964767,0.5330778360366821,0.11172381043434143,-0.014714932069182396,0.5506925582885742,0.11113967001438141,-0.016128921881318092,0.5270022749900818,0.08526018261909485,0.0017684578197076917,0.5231320261955261,0.039863355457782745,-0.008770760148763657,0.523509681224823,0.05865396559238434,-0.015690606087446213,0.5266855359077454,0.08605361729860306,-0.019054409116506577,0.5432294011116028,0.07728666812181473,0.0010851185070350766,0.5395811796188354,0.025959238409996033,-0.010233134031295776,0.5389825105667114,0.05589910224080086,-0.014228749088943005,0.5424361228942871,0.08287911117076874,-0.013902883976697922,0.5580350160598755,0.07889704406261444,-0.002109568566083908,0.5569837689399719,0.032471850514411926,-0.012211554683744907,0.554130494594574,0.058424413204193115,-0.011464757844805717,0.5561673045158386,0.08458545058965683,-0.008060083724558353,0.5750517249107361,0.08944070339202881,-0.006588018499314785,0.5720564723014832,0.05167413502931595,-0.014006347395479679,0.568122386932373,0.06365547329187393,-0.014196770265698433,0.5678429007530212,0.08337805420160294,-0.01243589911609888
17,0.23501572012901306,0.2418573498725891,-1.3727350278713857e-07,0.21153336763381958,0.2206941545009613,-0.007254618685692549,0.20132482051849365,0.1748659312725067,-0.008205072022974491,0.21171170473098755,0.13713189959526062,-0.009762382134795189,0.22834300994873047,0.1298874318599701,-0.00989547185599804,0.20733214914798737,0.13521836698055267,0.0031877378933131695,0.2044786661863327,0.09229597449302673,-0.005326929502189159,0.20018285512924194,0.08615508675575256,-0.010359077714383602,0.19868670403957367,0.10156667977571487,-0.012008019722998142,0.22312894463539124,0.1280497908592224,0.0032150601036846638,0.22231438755989075,0.07244398444890976,-0.005691176280379295,0.21666263043880463,0.07622532546520233,-0.008930706419050694,0.21501050889492035,0.10175388306379318,-0.007892918772995472,0.23912493884563446,0.1312096118927002,0.0010512071894481778,0.2393239289522171,0.0834471806883812,-0.008167670108377934,0.23445093631744385,0.0918007493019104,-0.009376554749906063,0.23422974348068237,0.11653183400630951,-0.006747246719896793,0.2560760974884033,0.1404259204864502,-0.0020418926142156124,0.2566717267036438,0.10284394025802612,-0.009936111979186535,0.25249984860420227,0.10255122184753418,-0.011903684586286545,0.25080186128616333,0.11911886185407639,-0.010726419277489185,0.5630855560302734,0.19685401022434235,-1.5766839567277202e-07,0.536722719669342,0.1866973340511322,-0.009931753389537334,0.5233389735221863,0.14716006815433502,-0.013470607809722424,0.532904326915741,0.11320682615041733,-0.017473382875323296,0.5497450232505798,0.11008142679929733,-0.01936260424554348,0.5266478657722473,0.08601655811071396,0.0012044002069160342,0.5227048993110657,0.03900022804737091,-0.010289443656802177,0.5231754183769226,0.05944240093231201,-0.017867572605609894,0.5264866948127747,0.08677151054143906,-0.02152637019753456,0.5428526401519775,0.07862605154514313,0.0008809546707198024,0.5389366745948792,0.02605597674846649,-0.010732370428740978,0.5381976962089539,0.056083954870700836,-0.015087020583450794,0.5413850545883179,0.08179496228694916,-0.01513019111007452,0.5576886534690857,0.07974234223365784,-0.002206216799095273,0.556273341178894,0.03183656930923462,-0.012931889854371548,0.5533497929573059,0.05788537487387657,-0.012538840994238853,0.5552880764007568,0.08399815857410431,-0.00937025249004364,0.5750760436058044,0.08933140337467194,-0.006691183429211378,0.5716568827629089,0.051493942737579346,-0.01476139947772026,0.5675187110900879,0.0645824670791626,-0.015392474830150604,0.5670652389526367,0.08446190506219864,-0.01394195668399334
18,0.23501572012901306,0.2418573498725891,-1.3727350278713857e-07,0.21153336763381958,0.2206941545009613,-0.007254618685692549,0.20132482051849365,0.1748659312725067,-0.008205072022974491,0.21171170473098755,0.13713189959526062,-0.009762382134795189,0.22834300994873047,0.1298874318599701,-0.00989547185599804,0.20733214914798737,0.13521836698055267,0.0031877378933131695,0.2044786661863327,0.09229597449302673,-0.005326929502189159,0.20018285512924194,0.08615508675575256,-0.010359077714383602,0.19868670403957367,0.10156667977571487,-0.012008019722998142,0.22312894463539124,0.1280497908592224,0.0032150601036846638,0.22231438755989075,0.07244398444890976,-0.005691176280379295,0.21666263043880463,0.07622532546520233,-0.008930706419050694,0.21501050889492035,0.10175388306379318,-0.007892918772995472,0.23912493884563446,0.1312096118927002,0.0010512071894481778,0.2393239289522171,0.0834471806883812,-0.008167670108377934,0.23445093631744385,0.0918007493019104,-0.009376554749906063,0.23422974348068237,0.11653183400630951,-0.006747246719896793,0.2560760974884033,0.1404259204864502,-0.0020418926142156124,0.2566717267036438,0.10284394025802612,-0.009936111979186535,0.25249984860420227,0.10255122184753418,-0.011903684586286545,0.25080186128616333,0.11911886185407639,-0.010726419277489185,0.5630855560302734,0.19685401022434235,-1.5766839567277202e-07,0.536722719669342,0.1866973340511322,-0.009931753389537334,0.5233389735221863,0.14716006815433502,-0.013470607809722424,0.532904326915741,0.11320682615041733,-0.017473382875323296,0.5497450232505798,0.11008142679929733,-0.01936260424554348,0.5266478657722473,0.08601655811071396,0.0012044002069160342,0.5227048993110657,0.03900022804737091,-0.010289443656802177,0.5231754183769226,0.05944240093231201,-0.017867572605609894,0.5264866948127747,0.08677151054143906,-0.02152637019753456,0.5428526401519775,0.07862605154514313,0.0008809546707198024,0.5389366745948792,0.02605597674846649,-0.010732370428740978,0.5381976962089539,0.056083954870700836,-0.015087020583450794,0.5413850545883179,0.08179496228694916,-0.01513019111007452,0.5576886534690857,0.07974234223365784,-0.002206216799095273,0.556273341178894,0.03183656930923462,-0.012931889854371548,0.5533497929573059,0.05788537487387657,-0.012538840994238853,0.5552880764007568,0.08399815857410431,-0.00937025249004364,0.5750760436058044,0.08933140337467194,-0.006691183429211378,0.5716568827629089,0.051493942737579346,-0.01476139947772026,0.5675187110900879,0.0645824670791626,-0.015392474830150604,0.5670652389526367,0.08446190506219864,-0.01394195668399334
19,0.2356725037097931,0.2462998628616333,-1.324906122590619e-07,0.21200357377529144,0.22465050220489502,-0.007132719736546278,0.20173883438110352,0.17548112571239471,-0.007949447259306908,0.212132528424263,0.1360570788383484,-0.009432435967028141,0.22824227809906006,0.1304250806570053,-0.009402657859027386,0.2068033516407013,0.13497552275657654,0.0038610773626714945,0.2039780616760254,0.09076392650604248,-0.004240202251821756,0.2000759094953537,0.08638355135917664,-0.00943320244550705,0.19900093972682953,0.10261324793100357,-0.01142914779484272,0.2228715419769287,0.12825928628444672,0.003922138828784227,0.22220781445503235,0.0739675760269165,-0.004190167877823114,0.21714383363723755,0.07721486687660217,-0.007717099506407976,0.21588121354579926,0.1021137610077858,-0.007393172010779381,0.23897363245487213,0.13186882436275482,0.0017611669609323144,0.2396530956029892,0.08332505077123642,-0.006548048462718725,0.23517869412899017,0.0885249674320221,-0.008473064750432968,0.234672412276268,0.11217779666185379,-0.006859054788947105,0.2558557391166687,0.14167846739292145,-0.0013923340011388063,0.25701621174812317,0.10505931079387665,-0.008714249357581139,0.2536313831806183,0.10161074995994568,-0.0114271966740489,0.2521739900112152,0.11605428159236908,-0.011180845089256763,0.5626584887504578,0.19529440999031067,-1.5942593734052934e-07,0.5365933179855347,0.1849810779094696,-0.008903942070901394,0.5231500267982483,0.1464008390903473,-0.011901028454303741,0.5336196422576904,0.11380556225776672,-0.015441084280610085,0.5508840084075928,0.11106447875499725,-0.017142266035079956,0.5269847512245178,0.08533760905265808,0.0010861152550205588,0.5228627920150757,0.03875599056482315,-0.009744902141392231,0.5228292942047119,0.05762616917490959,-0.016850348562002182,0.5256839990615845,0.08498593419790268,-0.020275751128792763,0.5430339574813843,0.07787299156188965,0.0004505490942392498,0.5389348864555359,0.02575606107711792,-0.010721263475716114,0.5382344722747803,0.05480938032269478,-0.014722250401973724,0.5415278077125549,0.08135377615690231,-0.01456629578024149,0.5578166246414185,0.07931805402040482,-0.0027354860212653875,0.5564754009246826,0.03168763220310211,-0.013076435774564743,0.5535189509391785,0.05799903720617294,-0.012541551142930984,0.5554353594779968,0.08427859842777252,-0.009361709468066692,0.5749396681785583,0.08941425383090973,-0.0071830968372523785,0.5714836120605469,0.05161209776997566,-0.015247492119669914,0.5671752691268921,0.06486392021179199,-0.015737252309918404,0.5666501522064209,0.08521778136491776,-0.014185641892254353
20,0.23574614524841309,0.24778670072555542,-1.1891516749074071e-07,0.21123091876506805,0.2257310450077057,-0.008147256448864937,0.20222565531730652,0.17481884360313416,-0.009086105972528458,0.214711993932724,0.1371701955795288,-0.010453869588673115,0.23204782605171204,0.13637682795524597,-0.010262970812618732,0.20680643618106842,0.13587702810764313,0.003392940852791071,0.20451626181602478,0.09184384346008301,-0.005154707003384829,0.20107817649841309,0.08660544455051422,-0.010881065391004086,0.20019513368606567,0.10368870198726654,-0.013112872838973999,0.22259528934955597,0.1284041702747345,0.004097526427358389,0.2216048538684845,0.07282918691635132,-0.004059155937284231,0.21607600152492523,0.07430686801671982,-0.007675499655306339,0.21448233723640442,0.0997898057103157,-0.007352767046540976,0.23839081823825836,0.1314031481742859,0.002426393795758486,0.23916341364383698,0.08250732719898224,-0.005983950570225716,0.23369918763637543,0.08619382977485657,-0.008013668470084667,0.23267284035682678,0.11061972379684448,-0.006304521579295397,0.2553909122943878,0.14116117358207703,-0.00036165094934403896,0.2558247447013855,0.10352345556020737,-0.007789708208292723,0.25190070271492004,0.09922049194574356,-0.010626719333231449,0.24995389580726624,0.1138623058795929,-0.010325866751372814,0.5621858835220337,0.1982417106628418,-1.649974876727356e-07,0.5349708199501038,0.1844264268875122,-0.007213455159217119,0.5223935842514038,0.14489229023456573,-0.009528796188533306,0.533160924911499,0.11068332940340042,-0.01271022204309702,0.5504651069641113,0.11061176657676697,-0.013959287665784359,0.5265645384788513,0.08588865399360657,0.002900189720094204,0.5227789878845215,0.03956504166126251,-0.007100689224898815,0.522996723651886,0.05909408628940582,-0.013841088861227036,0.5259647965431213,0.08580799400806427,-0.017247268930077553,0.5430195331573486,0.0783219262957573,0.0015586414374411106,0.5392155647277832,0.0262969508767128,-0.008689213544130325,0.5384145975112915,0.05645618587732315,-0.01220841147005558,0.5413452386856079,0.08140639960765839,-0.01197617594152689,0.5577331185340881,0.07995794713497162,-0.0021433585789054632,0.5564790964126587,0.03219975531101227,-0.010864176787436008,0.5532446503639221,0.05824291333556175,-0.00899744126945734,0.5549101829528809,0.08402977883815765,-0.00536569207906723,0.5747925639152527,0.09106174856424332,-0.007129702717065811,0.5717982649803162,0.0524146668612957,-0.013400711119174957,0.567406415939331,0.06469504535198212,-0.01269029825925827,0.5668057203292847,0.08489099889993668,-0.01060678530484438
21,0.23574614524841309,0.24778670072555542,-1.1891516749074071e-07,0.21123091876506805,0.2257310450077057,-0.008147256448864937,0.20222565531730652,0.17481884360313416,-0.009086105972528458,0.214711993932724,0.1371701955795288,-0.010453869588673115,0.23204782605171204,0.13637682795524597,-0.010262970812618732,0.20680643618106842,0.13587702810764313,0.003392940852791071,0.20451626181602478,0.09184384346008301,-0.005154707003384829,0.20107817649841309,0.08660544455051422,-0.010881065391004086,0.20019513368606567,0.10368870198726654,-0.013112872838973999,0.22259528934955597,0.1284041702747345,0.004097526427358389,0.2216048538684845,0.07282918691635132,-0.004059155937284231,0.21607600152492523,0.07430686801671982,-0.007675499655306339,0.21448233723640442,0.0997898057103157,-0.007352767046540976,0.23839081823825836,0.1314031481742859,0.002426393795758486,0.23916341364383698,0.08250732719898224,-0.005983950570225716,0.23369918763637543,0.08619382977485657,-0.008013668470084667,0.23267284035682678,0.11061972379684448,-0.006304521579295397,0.2553909122943878,0.14116117358207703,-0.00036165094934403896,0.2558247447013855,0.10352345556020737,-0.007789708208292723,0.25190070271492004,0.09922049194574356,-0.010626719333231449,0.24995389580726624,0.1138623058795929,-0.010325866751372814,0.5621858835220337,0.1982417106628418,-1.649974876727356e-07,0.5349708199501038,0.1844264268875122,-0.007213455159217119,0.5223935842514038,0.14489229023456573,-0.009528796188533306,0.533160924911499,0.11068332940340042,-0.01271022204309702,0.5504651069641113,0.11061176657676697,-0.013959287665784359,0.5265645384788513,0.08588865399360657,0.002900189720094204,0.5227789878845215,0.03956504166126251,-0.007100689224898815,0.522996723651886,0.05909408628940582,-0.013841088861227036,0.5259647965431213,0.08580799400806427,-0.017247268930077553,0.5430195331573486,0.0783219262957573,0.0015586414374411106,0.5392155647277832,0.0262969508767128,-0.008689213544130325,0.5384145975112915,0.05645618587732315,-0.01220841147005558,0.5413452386856079,0.08140639960765839,-0.01197617594152689,0.5577331185340881,0.07995794713497162,-0.0021433585789054632,0.5564790964126587,0.03219975531101227,-0.010864176787436008,0.5532446503639221,0.05824291333556175,-0.00899744126945734,0.5549101829528809,0.08402977883815765,-0.00536569207906723,0.5747925639152527,0.09106174856424332,-0.007129702717065811,0.5717982649803162,0.0524146668612957,-0.013400711119174957,0.567406415939331,0.06469504535198212,-0.01269029825925827,0.5668057203292847,0.08489099889993668,-0.01060678530484438
22,0.23636244237422943,0.24348974227905273,-1.0956789964211566e-07,0.21199826896190643,0.22203634679317474,-0.008862677961587906,0.20226477086544037,0.17274007201194763,-0.01057443581521511,0.2144494205713272,0.13483648002147675,-0.012665330432355404,0.23221327364444733,0.13412775099277496,-0.013279099948704243,0.20755635201931,0.13585160672664642,0.001695504761300981,0.20510682463645935,0.09037958085536957,-0.006905658636242151,0.20243610441684723,0.08653998374938965,-0.012271774001419544,0.20208978652954102,0.10372860729694366,-0.01429678499698639,0.2237132340669632,0.12748490273952484,0.0024786770809441805,0.22232607007026672,0.07131063938140869,-0.005793129093945026,0.21788807213306427,0.07542040944099426,-0.00923844426870346,0.2172633856534958,0.10039673000574112,-0.008782902732491493,0.24012242257595062,0.1294691562652588,0.0009736183565109968,0.23978643119335175,0.08102178573608398,-0.007675276603549719,0.23469966650009155,0.08958326280117035,-0.009337792173027992,0.23430924117565155,0.1141551285982132,-0.007312612608075142,0.25744253396987915,0.13803881406784058,-0.0016480735503137112,0.25673142075538635,0.10002121329307556,-0.008996295742690563,0.25226709246635437,0.099469393491745,-0.01109631173312664,0.2506003677845001,0.11559121310710907,-0.010240142233669758,0.5622091889381409,0.19825860857963562,-1.5492776128667174e-07,0.5352271795272827,0.18546444177627563,-0.007816503755748272,0.522603452205658,0.14563116431236267,-0.010211950168013573,0.5335163474082947,0.11099065095186234,-0.013345438987016678,0.5508763194084167,0.11089453846216202,-0.014571400359272957,0.5265479683876038,0.08683225512504578,0.0025809062644839287,0.5228760242462158,0.040439456701278687,-0.007207776885479689,0.5231459140777588,0.05765002593398094,-0.01382833905518055,0.526106059551239,0.08354680985212326,-0.017285598441958427,0.5430073738098145,0.07943360507488251,0.0015049155335873365,0.5391186475753784,0.02682529389858246,-0.008747820742428303,0.538449227809906,0.055074650794267654,-0.01257510669529438,0.5413516759872437,0.07987843453884125,-0.01267887745052576,0.557725191116333,0.08107563853263855,-0.001956058433279395,0.556380569934845,0.032261475920677185,-0.010845155455172062,0.5533414483070374,0.05731659010052681,-0.009391003288328648,0.5548627376556396,0.08309890329837799,-0.006122864317148924,0.5748568177223206,0.09188736975193024,-0.006730921566486359,0.5717044472694397,0.052803151309490204,-0.013548547402024269,0.5675141215324402,0.06499554216861725,-0.013360708951950073,0.5669052600860596,0.0852820947766304,-0.011668904684484005
23,0.23712505400180817,0.24597322940826416,-9.599828842965508e-08,0.21267704665660858,0.22415980696678162,-0.007561197504401207,0.2022905945777893,0.17419034242630005,-0.007962282747030258,0.2114311158657074,0.13229015469551086,-0.00884377583861351,0.226880744099617,0.12278520315885544,-0.008401799947023392,0.20925162732601166,0.1385919153690338,0.00414607347920537,0.20612218976020813,0.09666502475738525,-0.004001741763204336,0.20252972841262817,0.08408248424530029,-0.00940961204469204,0.20045918226242065,0.09424657374620438,-0.01141668576747179,0.22515669465065002,0.13066773116588593,0.004479885101318359,0.22345517575740814,0.07722367346286774,-0.0033940167631953955,0.21799089014530182,0.06871319562196732,-0.007340551819652319,0.21488627791404724,0.08688149601221085,-0.007422672118991613,0.24065543711185455,0.13322871923446655,0.002449092222377658,0.23971405625343323,0.08289578557014465,-0.00673840893432498,0.23431891202926636,0.08272814750671387,-0.00928541924804449,0.2326178401708603,0.10444259643554688,-0.007770763710141182,0.25726082921028137,0.14230911433696747,-0.00047959169023670256,0.25694021582603455,0.10109525918960571,-0.009300528094172478,0.25273939967155457,0.09688982367515564,-0.012303045950829983,0.25040480494499207,0.11290149390697479,-0.01185151282697916,0.5605011582374573,0.1962253749370575,-1.4666073866465013e-07,0.534886360168457,0.18444086611270905,-0.007643587421625853,0.5222921371459961,0.14478233456611633,-0.010025255382061005,0.532725989818573,0.11130257695913315,-0.013048121705651283,0.5499960780143738,0.1092284694314003,-0.014315501786768436,0.5261759161949158,0.0863485261797905,0.0019002481130883098,0.5228071808815002,0.04146507382392883,-0.007479045540094376,0.522825300693512,0.05673627927899361,-0.012986913323402405,0.5258739590644836,0.08039487153291702,-0.015517941676080227,0.5426751375198364,0.07923690974712372,0.000821422494482249,0.5393758416175842,0.027657054364681244,-0.009391200728714466,0.5381560325622559,0.05634016543626785,-0.01179466862231493,0.5411336421966553,0.0818561315536499,-0.010440287180244923,0.5576104521751404,0.08105850219726562,-0.002612906275317073,0.5562255382537842,0.03297450393438339,-0.011957730166614056,0.5526778101921082,0.05899408832192421,-0.009638319723308086,0.5544396042823792,0.0839177817106247,-0.00533949863165617,0.5746379494667053,0.09142561256885529,-0.007225044537335634,0.5712719559669495,0.05325578153133392,-0.014571979641914368,0.5668472051620483,0.06631094217300415,-0.013953147456049919,0.5665594339370728,0.08588452637195587,-0.011578710749745369
24,0.5597607493400574,0.19888871908187866,-1.6020464954635827e-07,0.5349067449569702,0.18746039271354675,-0.008372423239052296,0.5224083065986633,0.14661137759685516,-0.010734357871115208,0.5334411263465881,0.1137961745262146,-0.013913892209529877,0.5509552955627441,0.11195451021194458,-0.015431473962962627,0.5265228152275085,0.08804655075073242,0.0017890568124130368,0.5230565071105957,0.04051542282104492,-0.008629764430224895,0.5229082107543945,0.058571938425302505,-0.014822748489677906,0.5259373784065247,0.08473364263772964,-0.017397930845618248,0.5420832633972168,0.08116185665130615,0.000907073903363198,0.5394623875617981,0.027579784393310547,-0.010343965142965317,0.5380862355232239,0.057063132524490356,-0.013648327440023422,0.5413380265235901,0.08551955223083496,-0.012386414222419262,0.5572372674942017,0.08366934210062027,-0.0025219013914465904,0.5570789575576782,0.03316868096590042,-0.013538913801312447,0.5531617999076843,0.05979759246110916,-0.013163188472390175,0.5548157691955566,0.08645981550216675,-0.009358585812151432,0.5739747285842896,0.09405294060707092,-0.0070802909322083,0.5720422267913818,0.05424724891781807,-0.01559226494282484,0.5668877363204956,0.06613415479660034,-0.01624773070216179,0.5660550594329834,0.08587416261434555,-0.01438362617045641,0.23716425895690918,0.24078384041786194,-1.0402160910416569e-07,0.2131703943014145,0.2230381965637207,-0.007789515890181065,0.20221243798732758,0.17633318901062012,-0.00878938753157854,0.21065379679203033,0.13376018404960632,-0.010218583978712559,0.22629575431346893,0.12054739147424698,-0.010291218757629395,0.20743097364902496,0.13700784742832184,0.0027850475162267685,0.20462509989738464,0.09485357999801636,-0.0056946007534861565,0.20205993950366974,0.08283902704715729,-0.01081903651356697,0.20082716643810272,0.09250133484601974,-0.012539772316813469,0.22361525893211365,0.12822727859020233,0.0031620231457054615,0.22140777111053467,0.07151571661233902,-0.005392182618379593,0.21816539764404297,0.07115449011325836,-0.008977716788649559,0.2169957160949707,0.09488599002361298,-0.008317210711538792,0.2396119236946106,0.12998594343662262,0.0013491117861121893,0.23824001848697662,0.07901860028505325,-0.008055410347878933,0.23422232270240784,0.08621519804000854,-0.009372196160256863,0.23347632586956024,0.11023025959730148,-0.006697099655866623,0.2565636932849884,0.13739366829395294,-0.0013183995615690947,0.255342036485672,0.09593304991722107,-0.009807799011468887,0.25137144327163696,0.09653057157993317,-0.011806465685367584,0.2493525594472885,0.11463120579719543,-0.010415498167276382
25,0.5597607493400574,0.19888871908187866,-1.6020464954635827e-07,0.5349067449569702,0.18746039271354675,-0.008372423239052296,0.5224083065986633,0.14661137759685516,-0.010734357871115208,0.5334411263465881,0.1137961745262146,-0.013913892209529877,0.5509552955627441,0.11195451021194458,-0.015431473962962627,0.5265228152275085,0.08804655075073242,0.0017890568124130368,0.5230565071105957,0.04051542282104492,-0.008629764430224895,0.5229082107543945,0.058571938425302505,-0.014822748489677906,0.5259373784065247,0.08473364263772964,-0.017397930845618248,0.5420832633972168,0.08116185665130615,0.000907073903363198,0.5394623875617981,0.027579784393310547,-0.010343965142965317,0.5380862355232239,0.057063132524490356,-0.013648327440023422,0.5413380265235901,0.08551955223083496,-0.012386414222419262,0.5572372674942017,0.08366934210062027,-0.0025219013914465904,0.5570789575576782,0.03316868096590042,-0.013538913801312447,0.5531617999076843,0.05979759246110916,-0.013163188472390175,0.5548157691955566,0.08645981550216675,-0.009358585812151432,0.5739747285842896,0.09405294060707092,-0.0070802909322083,0.5720422267913818,0.05424724891781807,-0.01559226494282484,0.5668877363204956,0.06613415479660034,-0.01624773070216179,0.5660550594329834,0.08587416261434555,-0.01438362617045641,0.23716425895690918,0.24078384041786194,-1.0402160910416569e-07,0.2131703943014145,0.2230381965637207,-0.007789515890181065,0.20221243798732758,0.17633318901062012,-0.00878938753157854,0.21065379679203033,0.13376018404960632,-0.010218583978712559,0.22629575431346893,0.12054739147424698,-0.010291218757629395,0.20743097364902496,0.13700784742832184,0.0027850475162267685,0.20462509989738464,0.09485357999801636,-0.0056946007534861565,0.20205993950366974,0.08283902704715729,-0.01081903651356697,0.20082716643810272,0.09250133484601974,-0.012539772316813469,0.22361525893211365,0.12822727859020233,0.0031620231457054615,0.22140777111053467,0.07151571661233902,-0.005392182618379593,0.21816539764404297,0.07115449011325836,-0.008977716788649559,0.2169957160949707,0.09488599002361298,-0.008317210711538792,0.2396119236946106,0.12998594343662262,0.0013491117861121893,0.23824001848697662,0.07901860028505325,-0.008055410347878933,0.23422232270240784,0.08621519804000854,-0.009372196160256863,0.23347632586956024,0.11023025959730148,-0.006697099655866623,0.2565636932849884,0.13739366829395294,-0.0013183995615690947,0.255342036485672,0.09593304991722107,-0.009807799011468887,0.25137144327163696,0.09653057157993317,-0.011806465685367584,0.2493525594472885,0.11463120579719543,-0.010415498167276382
26,0.5608188509941101,0.2015252411365509,-1.6309880379594688e-07,0.5352891087532043,0.18910130858421326,-0.008644618093967438,0.5221802592277527,0.14891847968101501,-0.011797995306551456,0.5329349040985107,0.11503784358501434,-0.015657790005207062,0.550966739654541,0.11449328809976578,-0.01754896342754364,0.5265526175498962,0.09015132486820221,0.0008871171739883721,0.5228424668312073,0.04136855900287628,-0.010175916366279125,0.5237208008766174,0.0614636167883873,-0.0171127337962389,0.527025043964386,0.08950793743133545,-0.020181680098176003,0.5423795580863953,0.08281771093606949,0.00010107792331837118,0.5390987396240234,0.02880290150642395,-0.011451974511146545,0.5386874675750732,0.059701722115278244,-0.015015940181910992,0.5419294834136963,0.08681220561265945,-0.014161032624542713,0.557033896446228,0.08471700549125671,-0.0031875059939920902,0.5564867854118347,0.035246722400188446,-0.013691568747162819,0.5534641146659851,0.06165943667292595,-0.01273947674781084,0.5554237365722656,0.08827530592679977,-0.008851603604853153,0.5739371180534363,0.09547080099582672,-0.007722964510321617,0.5714990496635437,0.05525315925478935,-0.014978417195379734,0.5675630569458008,0.06715649366378784,-0.0147210992872715,0.5673629641532898,0.08758388459682465,-0.012492330744862556,0.23658999800682068,0.245573490858078,-8.09917040101027e-08,0.2123831808567047,0.22587665915489197,-0.008413637056946754,0.20278553664684296,0.1759583055973053,-0.009786914102733135,0.21280349791049957,0.1357022523880005,-0.011541732586920261,0.22778499126434326,0.12794803082942963,-0.01181317400187254,0.20678934454917908,0.13697141408920288,0.002182209165766835,0.2036619335412979,0.09519094228744507,-0.006730641238391399,0.20165236294269562,0.08153709769248962,-0.012544861063361168,0.2006758153438568,0.0899815708398819,-0.014745709486305714,0.22326257824897766,0.12872786819934845,0.00265424489043653,0.2215089052915573,0.0737401694059372,-0.005902592092752457,0.21852807700634003,0.06892949342727661,-0.009987199679017067,0.21691298484802246,0.09077040106058121,-0.009905995801091194,0.2394837886095047,0.13143683969974518,0.0007965434342622757,0.23927292227745056,0.0812590941786766,-0.008145667612552643,0.23538176715373993,0.07997400313615799,-0.010249069891870022,0.23375070095062256,0.10014957189559937,-0.008340317755937576,0.25653183460235596,0.14032603800296783,-0.002092408249154687,0.2570721209049225,0.10059426724910736,-0.01013154350221157,0.2537005841732025,0.09289510548114777,-0.012923830188810825,0.25090980529785156,0.10484769195318222,-0.012289494276046753
27,0.561780571937561,0.20064184069633484,-1.6616620257536852e-07,0.5355657935142517,0.18974390625953674,-0.0076905423775315285,0.5219696760177612,0.14871251583099365,-0.010069156065583229,0.5324177145957947,0.11417026072740555,-0.0132061205804348,0.5496613383293152,0.1138404831290245,-0.014454605057835579,0.525861382484436,0.08989231288433075,0.0014539883704856038,0.5221107006072998,0.04171787202358246,-0.008586011826992035,0.5228207111358643,0.060145601630210876,-0.01454259268939495,0.5258183479309082,0.08747037500143051,-0.01708356663584709,0.541759729385376,0.08177667111158371,0.0005217638681642711,0.5381087064743042,0.028884336352348328,-0.01037673931568861,0.5380939245223999,0.059901703149080276,-0.013172464445233345,0.5415293574333191,0.08741547912359238,-0.01180979609489441,0.5565568804740906,0.08302541077136993,-0.0027550081722438335,0.5555840730667114,0.03553753346204758,-0.012679075822234154,0.5532630681991577,0.06320233643054962,-0.011043357662856579,0.5555488467216492,0.08991508185863495,-0.006831059232354164,0.5734164714813232,0.09292064607143402,-0.007194842211902142,0.5707426071166992,0.054037224501371384,-0.014306995086371899,0.5671796798706055,0.0671960860490799,-0.013739567250013351,0.5673814415931702,0.08762846887111664,-0.01131727360188961,0.23610919713974,0.24500028789043427,-8.05547415438923e-08,0.21271899342536926,0.2248125672340393,-0.00811801478266716,0.20286723971366882,0.17564968764781952,-0.00918179377913475,0.21186169981956482,0.1354171186685562,-0.010573716834187508,0.2252705991268158,0.1255851686000824,-0.01036264467984438,0.2076038420200348,0.13646714389324188,0.0022354135289788246,0.2036452293395996,0.0927075445652008,-0.006440754048526287,0.20223979651927948,0.081546351313591,-0.011817282997071743,0.20186969637870789,0.09317678213119507,-0.013591568917036057,0.22382736206054688,0.12884974479675293,0.0028513141442090273,0.22122712433338165,0.07352899014949799,-0.005219250917434692,0.21881701052188873,0.06692799180746078,-0.008771959692239761,0.21731093525886536,0.08755505084991455,-0.008420621044933796,0.23981724679470062,0.13223105669021606,0.001059879781678319,0.23927071690559387,0.08308413624763489,-0.007890013977885246,0.23563101887702942,0.07593841850757599,-0.010593501850962639,0.233463853597641,0.09172681719064713,-0.00914719421416521,0.25669148564338684,0.1422358900308609,-0.001676337094977498,0.25785118341445923,0.10485890507698059,-0.00999619159847498,0.25481969118118286,0.09327942132949829,-0.013499057851731777,0.2516765296459198,0.10105432569980621,-0.013371779583394527
28,0.23780907690525055,0.24272599816322327,-1.0333535982454123e-07,0.21283243596553802,0.223504900932312,-0.0077454932034015656,0.2013925313949585,0.17354333400726318,-0.008367303758859634,0.2103433609008789,0.13204582035541534,-0.009337381459772587,0.22621028125286102,0.12348105013370514,-0.008699439465999603,0.20848393440246582,0.13529835641384125,0.002379000885412097,0.20471613109111786,0.09242501854896545,-0.006072692573070526,0.20104150474071503,0.08100080490112305,-0.010939955711364746,0.19957324862480164,0.09270690381526947,-0.012469982728362083,0.22490741312503815,0.12790177762508392,0.002961913589388132,0.22281694412231445,0.0726420134305954,-0.005971305537968874,0.21749821305274963,0.06868832558393478,-0.009412175044417381,0.2152368426322937,0.09205971658229828,-0.008591999299824238,0.2405933439731598,0.13094715774059296,0.0013325890759006143,0.23936930298805237,0.08117532730102539,-0.008091932162642479,0.23409657180309296,0.08267652988433838,-0.009421107359230518,0.23297327756881714,0.10507940500974655,-0.006704794708639383,0.25738725066185,0.13995195925235748,-0.0012120954925194383,0.25725221633911133,0.0994778424501419,-0.009975328110158443,0.2527838945388794,0.0947006568312645,-0.012628535740077496,0.2500774562358856,0.10976424813270569,-0.011634096503257751,0.5605922341346741,0.20198479294776917,-1.6292183602217847e-07,0.5343865156173706,0.1885089874267578,-0.0074092308059334755,0.5222151279449463,0.1500747948884964,-0.010121517814695835,0.5323723554611206,0.11528480052947998,-0.013595604337751865,0.5492216348648071,0.11453807353973389,-0.015022666193544865,0.525185227394104,0.0904974713921547,0.0016364315524697304,0.5215942859649658,0.0423666313290596,-0.008389350958168507,0.5219912528991699,0.061115577816963196,-0.014441454783082008,0.5252612233161926,0.0877901166677475,-0.017252366989850998,0.541416585445404,0.0830848217010498,0.00033848354360088706,0.538219690322876,0.029344744980335236,-0.010287465527653694,0.5376085042953491,0.060591571033000946,-0.012879001908004284,0.5406157374382019,0.08629655092954636,-0.011729571036994457,0.5562456846237183,0.08471246063709259,-0.0032797856256365776,0.5554497838020325,0.035025738179683685,-0.012266539968550205,0.5523885488510132,0.060913749039173126,-0.009531304240226746,0.55413818359375,0.08626862615346909,-0.005098521243780851,0.5734569430351257,0.09598011523485184,-0.008153368718922138,0.5707157254219055,0.05511154234409332,-0.014330239035189152,0.566523551940918,0.06711126863956451,-0.013005812652409077,0.5660150051116943,0.08751147985458374,-0.010388494469225407
29,0.23780907690525055,0.24272599816322327,-1.0333535982454123e-07,0.21283243596553802,0.223504900932312,-0.0077454932034015656,0.2013925313949585,0.17354333400726318,-0.008367303758859634,0.2103433609008789,0.13204582035541534,-0.009337381459772587,0.22621028125286102,0.12348105013370514,-0.008699439465999603,0.20848393440246582,0.13529835641384125,0.002379000885412097,0.20471613109111786,0.09242501854896545,-0.006072692573070526,0.20104150474071503,0.08100080490112305,-0.010939955711364746,0.19957324862480164,0.09270690381526947,-0.012469982728362083,0.22490741312503815,0.12790177762508392,0.002961913589388132,0.22281694412231445,0.0726420134305954,-0.005971305537968874,0.21749821305274963,0.06868832558393478,-0.009412175044417381,0.2152368426322937,0.09205971658229828,-0.008591999299824238,0.2405933439731598,0.13094715774059296,0.0013325890759006143,0.23936930298805237,0.08117532730102539,-0.008091932162642479,0.23409657180309296,0.08267652988433838,-0.009421107359230518,0.23297327756881714,0.10507940500974655,-0.006704794708639383,0.25738725066185,0.13995195925235748,-0.0012120954925194383,0.25725221633911133,0.0994778424501419,-0.009975328110158443,0.2527838945388794,0.0947006568312645,-0.012628535740077496,0.2500774562358856,0.10976424813270569,-0.011634096503257751,0.5605922341346741,0.20198479294776917,-1.6292183602217847e-07,0.5343865156173706,0.1885089874267578,-0.0074092308059334755,0.5222151279449463,0.1500747948884964,-0.010121517814695835,0.5323723554611206,0.11528480052947998,-0.013595604337751865,0.5492216348648071,0.11453807353973389,-0.015022666193544865,0.525185227394104,0.0904974713921547,0.0016364315524697304,0.5215942859649658,0.0423666313290596,-0.008389350958168507,0.5219912528991699,0.061115577816963196,-0.014441454783082008,0.5252612233161926,0.0877901166677475,-0.017252366989850998,0.541416585445404,0.0830848217010498,0.00033848354360088706,0.538219690322876,0.029344744980335236,-0.010287465527653694,0.5376085042953491,0.060591571033000946,-0.012879001908004284,0.5406157374382019,0.08629655092954636,-0.011729571036994457,0.5562456846237183,0.08471246063709259,-0.0032797856256365776,0.5554497838020325,0.035025738179683685,-0.012266539968550205,0.5523885488510132,0.060913749039173126,-0.009531304240226746,0.55413818359375,0.08626862615346909,-0.005098521243780851,0.5734569430351257,0.09598011523485184,-0.008153368718922138,0.5707157254219055,0.05511154234409332,-0.014330239035189152,0.566523551940918,0.06711126863956451,-0.013005812652409077,0.5660150051116943,0.08751147985458374,-0.010388494469225407
30,0.5612826943397522,0.20097286999225616,-1.6476253961172915e-07,0.5351035594940186,0.18851448595523834,-0.008638914674520493,0.5221810340881348,0.14666356146335602,-0.011273115873336792,0.5346710085868835,0.11405307054519653,-0.014625723473727703,0.5530462265014648,0.11752200126647949,-0.01597503013908863,0.5270841717720032,0.08923333138227463,0.0016798459691926837,0.5234051942825317,0.041204631328582764,-0.009042779915034771,0.5239648818969727,0.06178675591945648,-0.01589084416627884,0.5270815491676331,0.09003430604934692,-0.019032536074519157,0.5432335138320923,0.08102913200855255,0.0010906404349952936,0.5401782989501953,0.027067050337791443,-0.010360212065279484,0.5392188429832458,0.05758775398135185,-0.013820445165038109,0.5421731472015381,0.08461311459541321,-0.012818175368010998,0.5577867031097412,0.08262549340724945,-0.0020609672646969557,0.5573969483375549,0.03480798006057739,-0.012325918301939964,0.554139256477356,0.060515303164720535,-0.011459003202617168,0.5558280348777771,0.08623510599136353,-0.007617710158228874,0.5743635296821594,0.09338363260030746,-0.006519174203276634,0.5719571709632874,0.054240405559539795,-0.013433418236672878,0.5681402683258057,0.06495120376348495,-0.01327280793339014,0.5679363012313843,0.08410638570785522,-0.011189416982233524,0.23760449886322021,0.24548760056495667,-9.138172885059248e-08,0.21191103756427765,0.22493800520896912,-0.008829033002257347,0.20241576433181763,0.17178507149219513,-0.009139329195022583,0.2146776020526886,0.13050581514835358,-0.009648919105529785,0.23282064497470856,0.12860529124736786,-0.008406995795667171,0.2071804702281952,0.13457849621772766,0.0035085538402199745,0.2035890370607376,0.09109356254339218,-0.004500843118876219,0.2004946768283844,0.08187644928693771,-0.009429159574210644,0.19970881938934326,0.09612304717302322,-0.011216992512345314,0.22401122748851776,0.12660105526447296,0.004859140142798424,0.2218254655599594,0.07286807149648666,-0.0037990007549524307,0.21735791862010956,0.07036156952381134,-0.007768615614622831,0.2162674069404602,0.09495643526315689,-0.007531528361141682,0.2397294044494629,0.12900015711784363,0.0037732755299657583,0.23955978453159332,0.08040547370910645,-0.005404331721365452,0.23475141823291779,0.08310569822788239,-0.007587817497551441,0.23396308720111847,0.10718332976102829,-0.005653562489897013,0.2569364309310913,0.137395977973938,0.0015919897705316544,0.25653964281082153,0.09875260293483734,-0.007358128670603037,0.2525123357772827,0.09554459154605865,-0.011050810106098652,0.25048452615737915,0.1121450662612915,-0.010929903015494347
31,0.5599908828735352,0.19999559223651886,-1.6211937747812044e-07,0.534735381603241,0.1876753568649292,-0.00824211910367012,0.5222800970077515,0.14712369441986084,-0.010938660241663456,0.5334596037864685,0.11445245146751404,-0.014415472745895386,0.5501956939697266,0.11247744411230087,-0.016040869057178497,0.5269572734832764,0.08866114914417267,0.001491761882789433,0.5234775543212891,0.04064982384443283,-0.009403734467923641,0.5240924954414368,0.060529790818691254,-0.01625378243625164,0.5272541046142578,0.08856578171253204,-0.019237350672483444,0.5429983139038086,0.08142451196908951,0.0004613955388776958,0.5399570465087891,0.026831932365894318,-0.010997075587511063,0.5391857624053955,0.05613330379128456,-0.014539562165737152,0.5423740744590759,0.08318744599819183,-0.013595384545624256,0.5576884746551514,0.08361471444368362,-0.003089361824095249,0.557316243648529,0.03424100577831268,-0.013643250800669193,0.554113507270813,0.060088712722063065,-0.012728869915008545,0.5560009479522705,0.08617830276489258,-0.008783414028584957,0.5744720101356506,0.09486589580774307,-0.007852260954678059,0.5722761154174805,0.05450468510389328,-0.015164311043918133,0.5679522156715393,0.06622844189405441,-0.014846505597233772,0.5674551129341125,0.08634374290704727,-0.01253113429993391,0.23699231445789337,0.24497364461421967,-8.885079694209708e-08,0.21173714101314545,0.22389806807041168,-0.008479190990328789,0.20223435759544373,0.17138215899467468,-0.00882219709455967,0.2140074372291565,0.1316915899515152,-0.00931178405880928,0.231026291847229,0.12946417927742004,-0.00813583005219698,0.2076345980167389,0.13574497401714325,0.003061780473217368,0.2040797472000122,0.09422572702169418,-0.004762259311974049,0.20125214755535126,0.08313950896263123,-0.009585610590875149,0.20053666830062866,0.09418109059333801,-0.01130122784525156,0.22429795563220978,0.12754853069782257,0.0042920284904539585,0.22248709201812744,0.0729839876294136,-0.0038414227310568094,0.2177526205778122,0.06844546645879745,-0.007172462996095419,0.21576587855815887,0.09140059351921082,-0.006468392908573151,0.24022215604782104,0.13024385273456573,0.0031563122756779194,0.23990878462791443,0.08177891373634338,-0.005604478530585766,0.23480384051799774,0.08086702972650528,-0.007658218964934349,0.2332228124141693,0.10191431641578674,-0.005630636587738991,0.257347047328949,0.13940706849098206,0.0009777749655768275,0.25765514373779297,0.10155920684337616,-0.007386030163615942,0.2535334527492523,0.09403680264949799,-0.010870371013879776,0.25059109926223755,0.10626208037137985,-0.010674127377569675
32,0.5598564743995667,0.2005988210439682,-1.6663412338857597e-07,0.5347106456756592,0.18765997886657715,-0.007928759790956974,0.5225334167480469,0.14823853969573975,-0.010714290663599968,0.5337750911712646,0.11540085077285767,-0.014266172423958778,0.5505968332290649,0.11316105723381042,-0.015867911279201508,0.526914656162262,0.08807587623596191,0.001357455039396882,0.5238805413246155,0.039425574243068695,-0.009272993542253971,0.5241803526878357,0.05868002027273178,-0.015909310430288315,0.5267345905303955,0.08664834499359131,-0.018921704962849617,0.5431877374649048,0.08095592260360718,0.00016894200234673917,0.540213942527771,0.026876702904701233,-0.011140520684421062,0.5395222306251526,0.05712125450372696,-0.014690980315208435,0.5423927903175354,0.08356435596942902,-0.014014451764523983,0.557878851890564,0.08330963551998138,-0.003441399661824107,0.5575011968612671,0.034346871078014374,-0.013513886369764805,0.5543652176856995,0.060302991420030594,-0.012181505560874939,0.5560985207557678,0.08604665100574493,-0.00832041259855032,0.5747170448303223,0.09547102451324463,-0.008262590505182743,0.5725601315498352,0.05540451407432556,-0.01509791985154152,0.5685001611709595,0.06707270443439484,-0.014460070990025997,0.5680195689201355,0.0870848000049591,-0.012153551913797855,0.2369614690542221,0.2441025674343109,-1.0048553633623669e-07,0.21193566918373108,0.2235177457332611,-0.007705144118517637,0.2020808756351471,0.1750139743089676,-0.0075859385542571545,0.21212321519851685,0.13399776816368103,-0.007989704608917236,0.22685611248016357,0.1238509938120842,-0.00692750932648778,0.20793788135051727,0.1366550624370575,0.005811663344502449,0.20500943064689636,0.09425920248031616,-0.001403740723617375,0.20157063007354736,0.08426102995872498,-0.006334838457405567,0.20029690861701965,0.09669522941112518,-0.00807188544422388,0.22440366446971893,0.12801742553710938,0.006733349524438381,0.22241778671741486,0.07427617162466049,3.433498568483628e-05,0.21795189380645752,0.0687767043709755,-0.0036581004969775677,0.2165498286485672,0.08974690735340118,-0.0037805004976689816,0.24013102054595947,0.13029682636260986,0.005181100219488144,0.23978781700134277,0.08141902834177017,-0.003281643381342292,0.23497451841831207,0.08327982574701309,-0.006323391105979681,0.2339809387922287,0.10685381293296814,-0.005290765780955553,0.2570446729660034,0.13833215832710266,0.002719832817092538,0.2564489245414734,0.09876609593629837,-0.005769152194261551,0.2518812119960785,0.0948786735534668,-0.009403047151863575,0.2493351548910141,0.11138897389173508,-0.009447290562093258
33,0.2361191213130951,0.24816276133060455,-8.692229158668852e-08,0.21113578975200653,0.2259526550769806,-0.007635798770934343,0.20142845809459686,0.17413249611854553,-0.0075941989198327065,0.21189044415950775,0.13310623168945312,-0.008055422455072403,0.2272888720035553,0.1298183798789978,-0.006989653222262859,0.20801320672035217,0.139663428068161,0.006046605762094259,0.20529469847679138,0.09861960262060165,-0.0008947404567152262,0.20178870856761932,0.0885484367609024,-0.005813174415379763,0.20027922093868256,0.10005474090576172,-0.007727388292551041,0.2236993908882141,0.13152310252189636,0.0068261404521763325,0.22178353369235992,0.07876373827457428,-0.0002072229835903272,0.21658115088939667,0.07356012612581253,-0.003982083406299353,0.21460700035095215,0.09467963129281998,-0.004023171029984951,0.23900796473026276,0.13406330347061157,0.005153372418135405,0.23863360285758972,0.08608942478895187,-0.003087844466790557,0.23311029374599457,0.08514624834060669,-0.00616224342957139,0.2313040792942047,0.10607589781284332,-0.005136602092534304,0.2558516561985016,0.14293184876441956,0.0025097960606217384,0.25697970390319824,0.1043272614479065,-0.005071891937404871,0.2525534927845001,0.09758831560611725,-0.008478167466819286,0.24933326244354248,0.11100929975509644,-0.008608043193817139,0.5604843497276306,0.20093703269958496,-1.641391662587921e-07,0.5347160696983337,0.18733307719230652,-0.008181454613804817,0.5226429104804993,0.14713242650032043,-0.01109597459435463,0.5341965556144714,0.11339881271123886,-0.014766003005206585,0.5512633919715881,0.11313453316688538,-0.01647893153131008,0.5272405743598938,0.08771254122257233,0.0012571897823363543,0.5238473415374756,0.03919568657875061,-0.00927818100899458,0.5241489410400391,0.05837022140622139,-0.015940818935632706,0.5266336798667908,0.0859127938747406,-0.01904521882534027,0.5434605479240417,0.0806317925453186,0.00022162147797644138,0.5401749014854431,0.027466528117656708,-0.010904987342655659,0.5395485162734985,0.057956352829933167,-0.014495544135570526,0.5423917770385742,0.08378727734088898,-0.013962318189442158,0.5580926537513733,0.0829436331987381,-0.0032399031333625317,0.557428240776062,0.035088375210762024,-0.012915645726025105,0.5543145537376404,0.06084263697266579,-0.011600835248827934,0.5560069680213928,0.08644841611385345,-0.007917792536318302,0.5748746991157532,0.09475623071193695,-0.007981507107615471,0.5724179148674011,0.05490900203585625,-0.014357827603816986,0.5684177279472351,0.06621146202087402,-0.013666268438100815,0.5680497288703918,0.0862593874335289,-0.011446498334407806
34,0.23557619750499725,0.2512027323246002,-1.0980721043551966e-07,0.21029958128929138,0.22916430234909058,-0.007659518159925938,0.20080745220184326,0.17758113145828247,-0.007717163767665625,0.21265347301959991,0.13863319158554077,-0.00833198893815279,0.22961419820785522,0.1362888067960739,-0.007567945867776871,0.20766286551952362,0.13942429423332214,0.0061186207458376884,0.20506557822227478,0.09849715977907181,-0.0009428025805391371,0.20090794563293457,0.0908040702342987,-0.006069582886993885,0.19894027709960938,0.1040082797408104,-0.008039843291044235,0.22359158098697662,0.13137933611869812,0.006867296062409878,0.2217695713043213,0.07834362983703613,0.00046164976083673537,0.21630704402923584,0.07584759593009949,-0.0025874103885143995,0.21384242177009583,0.09747150540351868,-0.00210710265673697,0.2390189915895462,0.13432034850120544,0.005130312871187925,0.23859243094921112,0.08559396862983704,-0.002763095311820507,0.2329394370317459,0.08857393264770508,-0.004961231257766485,0.2312612533569336,0.11191251873970032,-0.0033435123041272163,0.25567832589149475,0.1441078782081604,0.0023697365541011095,0.2553241550922394,0.10475177317857742,-0.0051320926286280155,0.25050675868988037,0.1010063961148262,-0.007714375387877226,0.24786756932735443,0.11628934741020203,-0.007109489757567644,0.5603041648864746,0.1995030641555786,-1.6213590470215422e-07,0.5349392294883728,0.1862657070159912,-0.008316044695675373,0.5230308771133423,0.14450952410697937,-0.011133748106658459,0.5357587933540344,0.11227694153785706,-0.014703115448355675,0.5536997318267822,0.11588931828737259,-0.01635098271071911,0.5275442004203796,0.0882609486579895,0.000956862058956176,0.5244141817092896,0.03985418379306793,-0.009718873538076878,0.5248520970344543,0.06037992238998413,-0.016392389312386513,0.5273759961128235,0.08877156674861908,-0.01939522475004196,0.5435327887535095,0.08074861019849777,7.835433643776923e-05,0.5404673218727112,0.02813658118247986,-0.011120898649096489,0.5399054288864136,0.058957383036613464,-0.014500009827315807,0.5427170395851135,0.08566327393054962,-0.013631818816065788,0.5581741333007812,0.08276339620351791,-0.003277264069765806,0.557895302772522,0.03550907224416733,-0.013137600384652615,0.5547401905059814,0.06150190532207489,-0.012187638320028782,0.5561807751655579,0.08707287907600403,-0.008568620309233665,0.5746495723724365,0.09355990588665009,-0.0078964838758111,0.5725055932998657,0.054956596344709396,-0.01441977359354496,0.5684974193572998,0.0662202388048172,-0.014024857431650162,0.5681171417236328,0.0857897400856018,-0.011938969604671001
35,0.5607540607452393,0.19782620668411255,-1.5430434530117054e-07,0.535448431968689,0.18681234121322632,-0.009093369357287884,0.5230754613876343,0.14563316106796265,-0.012030936777591705,0.5359601378440857,0.11433713138103485,-0.015475846827030182,0.5546278357505798,0.11667192727327347,-0.017217131331562996,0.5279871821403503,0.08903293311595917,-0.0003023684839718044,0.5249016284942627,0.04168595373630524,-0.011057332158088684,0.5253942608833313,0.05915053188800812,-0.017746636644005775,0.5277696847915649,0.08749432116746902,-0.020785629749298096,0.5441560745239258,0.08154091238975525,-0.0007340738084167242,0.5412999391555786,0.028173111379146576,-0.012245936319231987,0.5408753156661987,0.05697188153862953,-0.016218246892094612,0.5436360836029053,0.08466166257858276,-0.015839241445064545,0.5588525533676147,0.08351466804742813,-0.0036207253579050303,0.5588147640228271,0.034928932785987854,-0.013865914195775986,0.5557600259780884,0.05969163402915001,-0.01378809567540884,0.5570140480995178,0.08554171025753021,-0.010886041447520256,0.575354814529419,0.09367305785417557,-0.007747300434857607,0.5730727314949036,0.05506590008735657,-0.015282528474926949,0.5690461993217468,0.06588941067457199,-0.01592717133462429,0.5683915019035339,0.08490141481161118,-0.014622393995523453,0.23461081087589264,0.24633869528770447,-1.3434210188734141e-07,0.2103000432252884,0.2266547977924347,-0.007316431496292353,0.20042656362056732,0.17671111226081848,-0.0074850632809102535,0.21181559562683105,0.13831280171871185,-0.008188706822693348,0.22887523472309113,0.1340486854314804,-0.007638734765350819,0.20714163780212402,0.14003947377204895,0.00530659593641758,0.20483903586864471,0.09811139106750488,-0.0019016797887161374,0.20026832818984985,0.092402383685112,-0.00670600077137351,0.19854271411895752,0.1066066175699234,-0.008436618372797966,0.22272516787052155,0.13139981031417847,0.005934661254286766,0.22111506760120392,0.07630956172943115,-0.0009683415410108864,0.2147909253835678,0.07903608679771423,-0.003662160597741604,0.21318846940994263,0.10261461138725281,-0.002679398749023676,0.23852494359016418,0.13330191373825073,0.004232208244502544,0.23792587220668793,0.08472247421741486,-0.004060166887938976,0.23215803503990173,0.09204258769750595,-0.005888293031603098,0.23156128823757172,0.11613251268863678,-0.003911337349563837,0.2553432583808899,0.1415722519159317,0.0016284744488075376,0.2545928359031677,0.10366833955049515,-0.005486203823238611,0.25015774369239807,0.10332626849412918,-0.007427271921187639,0.2491951882839203,0.1190570667386055,-0.006478758063167334
36,0.23524226248264313,0.2511535882949829,-1.2214327682613657e-07,0.21019622683525085,0.22863098978996277,-0.007648917380720377,0.20080684125423431,0.17675982415676117,-0.008132447488605976,0.2128952592611313,0.13865074515342712,-0.009136819280683994,0.2302703708410263,0.13449794054031372,-0.008844378404319286,0.20803353190422058,0.14028213918209076,0.004552880767732859,0.20561817288398743,0.09708183258771896,-0.002861602697521448,0.20078814029693604,0.09174420684576035,-0.00794170331209898,0.19854918122291565,0.1068345233798027,-0.009783837012946606,0.2237950712442398,0.13259604573249817,0.005216915160417557,0.222289577126503,0.07706214487552643,-0.0013994505861774087,0.21617966890335083,0.07597626000642776,-0.004297497216612101,0.21359476447105408,0.09829141199588776,-0.0037800546269863844,0.23926003277301788,0.13543948531150818,0.003486399771645665,0.23886342346668243,0.08430498838424683,-0.004603932145982981,0.23294056951999664,0.08668427169322968,-0.007063496857881546,0.23116572201251984,0.10978938639163971,-0.00574377691373229,0.2558448314666748,0.145028755068779,0.0007976156193763018,0.25572946667671204,0.1049930602312088,-0.006615289021283388,0.25080886483192444,0.1004471406340599,-0.009225218556821346,0.24817614257335663,0.1149078756570816,-0.008821464143693447,0.5615089535713196,0.1999332457780838,-1.611470423767969e-07,0.5357643961906433,0.18571734428405762,-0.007729079574346542,0.5235224366188049,0.1459779441356659,-0.010471629910171032,0.5357603430747986,0.11390972882509232,-0.014025604352355003,0.5539640784263611,0.11626351624727249,-0.015766818076372147,0.5285107493400574,0.08838251233100891,0.0011963547440245748,0.5247670412063599,0.041620127856731415,-0.009550356306135654,0.525316059589386,0.060673538595438004,-0.016624050214886665,0.5281227231025696,0.08877664804458618,-0.020029637962579727,0.5448366403579712,0.08082783967256546,7.746701885480434e-05,0.5415529012680054,0.0281141996383667,-0.011104995384812355,0.5407422780990601,0.05854421854019165,-0.014903927221894264,0.5434865355491638,0.08511132746934891,-0.014574090018868446,0.5593485236167908,0.08297619223594666,-0.0033720473293215036,0.5587661862373352,0.034538328647613525,-0.012805411592125893,0.5552390217781067,0.06036743149161339,-0.011416013352572918,0.5565863847732544,0.08629680424928665,-0.007807957008481026,0.5758675932884216,0.0945921391248703,-0.008060936816036701,0.5731756091117859,0.055223044008016586,-0.014320309273898602,0.5688740611076355,0.06566466391086578,-0.013587757013738155,0.5683199167251587,0.08477140963077545,-0.011399385519325733
37,0.234449565410614,0.24906319379806519,-1.1110276432191313e-07,0.20938405394554138,0.2275654375553131,-0.007607811130583286,0.20010291039943695,0.17620472609996796,-0.007773261051625013,0.21173369884490967,0.1382506936788559,-0.008604789152741432,0.22807981073856354,0.1352643370628357,-0.008065205998718739,0.20733845233917236,0.14014829695224762,0.005650462117046118,0.20495039224624634,0.09797944128513336,-0.0015394747024402022,0.2009684294462204,0.09093557298183441,-0.006433649454265833,0.1992526352405548,0.10462018847465515,-0.008210670202970505,0.22305279970169067,0.13209587335586548,0.006290930788964033,0.22138653695583344,0.07696361839771271,-0.0004638108948711306,0.21593686938285828,0.07567310333251953,-0.0035350127145648003,0.21414275467395782,0.0981433168053627,-0.0030067625921219587,0.23848894238471985,0.13488326966762543,0.004494006279855967,0.2385433167219162,0.08513127267360687,-0.0034539559856057167,0.23321141302585602,0.08880873769521713,-0.005548806861042976,0.2319744974374771,0.11226139217615128,-0.0038478802889585495,0.2551996409893036,0.14453887939453125,0.0016567828133702278,0.2553708851337433,0.10585062205791473,-0.005467463284730911,0.25120967626571655,0.10086274147033691,-0.008002033457159996,0.24920912086963654,0.11392948776483536,-0.007479133550077677,0.5611591339111328,0.20016837120056152,-1.4987364238550072e-07,0.5351424813270569,0.18614867329597473,-0.008658178150653839,0.5228080153465271,0.14543597400188446,-0.011819426901638508,0.535370945930481,0.11213935911655426,-0.015574988909065723,0.5545839071273804,0.11549040675163269,-0.01737024262547493,0.5280631184577942,0.08717116713523865,0.0009826428722590208,0.5247415900230408,0.04195597022771835,-0.009425824508070946,0.5253914594650269,0.06172496825456619,-0.016260821372270584,0.5281149744987488,0.08913175016641617,-0.019625671207904816,0.5446529388427734,0.07962065935134888,0.00029670787625946105,0.5414854884147644,0.028664007782936096,-0.010277404449880123,0.5410496592521667,0.05891020596027374,-0.013773586601018906,0.5438056588172913,0.08481302857398987,-0.01338136289268732,0.5592582821846008,0.08205454796552658,-0.002829367760568857,0.5586207509040833,0.03494644910097122,-0.011725697666406631,0.5557152032852173,0.060390401631593704,-0.01010129414498806,0.557206928730011,0.0858834981918335,-0.006526903714984655,0.5757820010185242,0.09346726536750793,-0.007331778295338154,0.5731513500213623,0.055036161094903946,-0.013646881096065044,0.5692653059959412,0.06599586457014084,-0.013081223703920841,0.5688982009887695,0.0851803869009018,-0.011016453616321087
38,0.5614316463470459,0.20073068141937256,-1.674136882456878e-07,0.5354591608047485,0.18673186004161835,-0.008023659698665142,0.523817241191864,0.14474016427993774,-0.010631981305778027,0.536659300327301,0.11198241263628006,-0.01393947470933199,0.5544669032096863,0.1157558411359787,-0.015245453454554081,0.5288186073303223,0.08768953382968903,0.0014506318839266896,0.5255634188652039,0.0397423580288887,-0.00911784078925848,0.5261192321777344,0.06083943322300911,-0.01585475169122219,0.5288476347923279,0.08878453820943832,-0.01903160847723484,0.5451856255531311,0.08028828352689743,0.0005512722418643534,0.542065441608429,0.027848199009895325,-0.010427688248455524,0.5414658784866333,0.06004489213228226,-0.013540636748075485,0.5441909432411194,0.08600471913814545,-0.01262084674090147,0.5596392154693604,0.08235827088356018,-0.0027991486713290215,0.5592682957649231,0.03499298542737961,-0.012088069692254066,0.5561504364013672,0.06142370402812958,-0.010221739299595356,0.5576527714729309,0.08665964007377625,-0.006239513400942087,0.576076328754425,0.0937594622373581,-0.007465608883649111,0.573767364025116,0.05477678030729294,-0.01358524989336729,0.5697419047355652,0.06617320328950882,-0.012661071494221687,0.5693371295928955,0.0851539745926857,-0.010312817059457302,0.23522377014160156,0.2478564828634262,-1.1497119345449391e-07,0.21083487570285797,0.22672516107559204,-0.007860297337174416,0.2007656991481781,0.17782090604305267,-0.00880590919405222,0.2126440405845642,0.13898193836212158,-0.010329276323318481,0.229841947555542,0.13375596702098846,-0.010457910597324371,0.20735222101211548,0.13812251389026642,0.00455657159909606,0.2048097401857376,0.09483155608177185,-0.0027926000766456127,0.20093949139118195,0.089671790599823,-0.007862543687224388,0.1997424066066742,0.10436393320560455,-0.00990390870720148,0.22314496338367462,0.130467027425766,0.005116568878293037,0.22245152294635773,0.0766778439283371,-0.0017758955946192145,0.21781417727470398,0.07934439182281494,-0.005171026103198528,0.21677236258983612,0.10291266441345215,-0.005013452842831612,0.23894138634204865,0.1334356665611267,0.0033751369919627905,0.23930616676807404,0.08660270273685455,-0.00427668821066618,0.23511183261871338,0.09383738040924072,-0.0064321416430175304,0.23466619849205017,0.11760503798723221,-0.005116406828165054,0.2556438148021698,0.14269065856933594,0.000593331700656563,0.25587162375450134,0.10656673461198807,-0.005978577770292759,0.25234371423721313,0.1066662073135376,-0.008107209578156471,0.2509859502315521,0.12308111041784286,-0.00754890451207757
39,0.5615023970603943,0.20094361901283264,-1.6126425350648788e-07,0.5350850224494934,0.18630008399486542,-0.007929029874503613,0.5230628252029419,0.145095095038414,-0.010701671242713928,0.5349598526954651,0.11072956770658493,-0.01430512871593237,0.5536871552467346,0.11392560601234436,-0.015767887234687805,0.5286972522735596,0.0862431600689888,0.0028777385596185923,0.5251430869102478,0.04066299647092819,-0.007222676184028387,0.5255022644996643,0.062468547374010086,-0.013956384733319283,0.5285037159919739,0.08934526890516281,-0.01738058216869831,0.5451922416687012,0.07916565239429474,0.0018058563582599163,0.541830837726593,0.027996458113193512,-0.008322064764797688,0.5409953594207764,0.05948129668831825,-0.01154700480401516,0.5435841679573059,0.08351580798625946,-0.011139855720102787,0.5594779849052429,0.08148767054080963,-0.0017640682635828853,0.5586138367652893,0.034041814506053925,-0.010078352876007557,0.5554912686347961,0.06044705584645271,-0.007674844935536385,0.5569460988044739,0.08577755093574524,-0.0037576276808977127,0.5760066509246826,0.09316055476665497,-0.0067636496387422085,0.5733421444892883,0.05380741506814957,-0.012437218800187111,0.5691840052604675,0.06604640185832977,-0.011333414353430271,0.5686126947402954,0.08641903102397919,-0.009034637361764908,0.23341038823127747,0.23784321546554565,-1.2867077714417974e-07,0.21081486344337463,0.21617117524147034,-0.006886638700962067,0.20180566608905792,0.1730472892522812,-0.00842826347798109,0.21380606293678284,0.13978680968284607,-0.010700901970267296,0.23224341869354248,0.13564856350421906,-0.011864851228892803,0.20866239070892334,0.13657428324222565,0.0024369412567466497,0.20531781017780304,0.0977851152420044,-0.006104313302785158,0.20158037543296814,0.09058050066232681,-0.011661004275083542,0.20053017139434814,0.10272973775863647,-0.01375219039618969,0.2240099012851715,0.1296042501926422,0.002251674188300967,0.22251784801483154,0.07942953705787659,-0.0053673177026212215,0.21793903410434723,0.08173510432243347,-0.008443515747785568,0.2172572761774063,0.10402980446815491,-0.007999617606401443,0.23964300751686096,0.13280360400676727,2.660202198967454e-06,0.23992688953876495,0.0898602083325386,-0.008461350575089455,0.23548899590969086,0.09931929409503937,-0.009595719166100025,0.23540429770946503,0.12324557453393936,-0.0073100305162370205,0.25590765476226807,0.1422586590051651,-0.003117188811302185,0.25655198097229004,0.10730583965778351,-0.00994116347283125,0.2525329291820526,0.10909291356801987,-0.011061710305511951,0.25072455406188965,0.12576794624328613,-0.009595554322004318
40,0.23430776596069336,0.24414220452308655,-1.3048274638549628e-07,0.21113942563533783,0.2223115861415863,-0.006198522634804249,0.20168720185756683,0.17800551652908325,-0.006979045923799276,0.2117500901222229,0.14068248867988586,-0.00863709021359682,0.22780926525592804,0.13126133382320404,-0.009037543088197708,0.20878586173057556,0.13971908390522003,0.004525105468928814,0.20584747195243835,0.10038546472787857,-0.0034637635108083487,0.20155677199363708,0.09205377101898193,-0.008901411667466164,0.19944781064987183,0.10410703718662262,-0.010938100516796112,0.22425073385238647,0.13288892805576324,0.0042401268146932125,0.22350774705410004,0.0820721685886383,-0.0029408151749521494,0.2184421569108963,0.08195442706346512,-0.006174534559249878,0.21680858731269836,0.10357258468866348,-0.0058983927592635155,0.23977398872375488,0.13625647127628326,0.001846460741944611,0.24068403244018555,0.09047684073448181,-0.005840559955686331,0.23622317612171173,0.09513982385396957,-0.007043949328362942,0.23569829761981964,0.11766450107097626,-0.0050673834048211575,0.25592368841171265,0.1459333896636963,-0.0014402038650587201,0.2572779357433319,0.11049709469079971,-0.007975935935974121,0.25371137261390686,0.10744398832321167,-0.00956500694155693,0.25178062915802,0.12151879072189331,-0.008525474928319454,0.5611704587936401,0.1991308331489563,-1.5093607430571865e-07,0.5353236794471741,0.18509361147880554,-0.007993903011083603,0.5234136581420898,0.1440974920988083,-0.010664567351341248,0.535506546497345,0.11126264929771423,-0.014017852954566479,0.5535184144973755,0.1133597195148468,-0.015580493956804276,0.5281589031219482,0.08631544560194016,0.0015788922319188714,0.5248071551322937,0.03957657516002655,-0.008357327431440353,0.5254654884338379,0.05783212557435036,-0.015070413239300251,0.5284751057624817,0.0840720608830452,-0.01852419786155224,0.5445132255554199,0.07925087213516235,0.0005970633937977254,0.5412558913230896,0.02737627923488617,-0.009280893951654434,0.5406965613365173,0.056959789246320724,-0.012675708159804344,0.543524980545044,0.08169236779212952,-0.012543230317533016,0.5589151978492737,0.08134502172470093,-0.0027627430390566587,0.5580811500549316,0.03252957761287689,-0.011230869218707085,0.5550395846366882,0.05777924135327339,-0.00960110779851675,0.5566278100013733,0.08350276947021484,-0.006350006442517042,0.5755592584609985,0.09261441230773926,-0.007460809778422117,0.5729256272315979,0.0527336411178112,-0.014023659750819206,0.5687199831008911,0.06500586867332458,-0.0136203458532691,0.5681911706924438,0.08547110855579376,-0.01182430051267147
