frame,feature_0,feature_1,feature_2,feature_3,feature_4,feature_5,feature_6,feature_7,feature_8,feature_9,feature_10,feature_11,feature_12,feature_13,feature_14,feature_15,feature_16,feature_17,feature_18,feature_19,feature_20,feature_21,feature_22,feature_23,feature_24,feature_25,feature_26,feature_27,feature_28,feature_29,feature_30,feature_31,feature_32,feature_33,feature_34,feature_35,feature_36,feature_37,feature_38,feature_39,feature_40,feature_41,feature_42,feature_43,feature_44,feature_45,feature_46,feature_47,feature_48,feature_49,feature_50,feature_51,feature_52,feature_53,feature_54,feature_55,feature_56,feature_57,feature_58,feature_59,feature_60,feature_61,feature_62,feature_63,feature_64,feature_65,feature_66,feature_67,feature_68,feature_69,feature_70,feature_71,feature_72,feature_73,feature_74,feature_75,feature_76,feature_77,feature_78,feature_79,feature_80,feature_81,feature_82,feature_83,feature_84,feature_85,feature_86,feature_87,feature_88,feature_89,feature_90,feature_91,feature_92,feature_93,feature_94,feature_95,feature_96,feature_97,feature_98,feature_99,feature_100,feature_101,feature_102,feature_103,feature_104,feature_105,feature_106,feature_107,feature_108,feature_109,feature_110,feature_111,feature_112,feature_113,feature_114,feature_115,feature_116,feature_117,feature_118,feature_119,feature_120,feature_121,feature_122,feature_123,feature_124,feature_125
1,0.7195565104484558,0.408444881439209,-2.3448188812835724e-07,0.6984946131706238,0.3829101324081421,-0.00402976106852293,0.6866118311882019,0.3478209972381592,-0.007133549079298973,0.6944966912269592,0.3243977129459381,-0.0125205647200346,0.7085036039352417,0.3276793658733368,-0.016762148588895798,0.6961519718170166,0.2998077869415283,0.004069694317877293,0.6942958235740662,0.25590428709983826,-0.006581717636436224,0.6898331642150879,0.28041335940361023,-0.013991378247737885,0.6911312937736511,0.3038824796676636,-0.01779453456401825,0.7082910537719727,0.29862552881240845,0.0005069680628366768,0.7075750231742859,0.24815942347049713,-0.010653708130121231,0.7011613249778748,0.2790203094482422,-0.014796950854361057,0.7022826671600342,0.30465927720069885,-0.014954882673919201,0.7211698889732361,0.30218222737312317,-0.005171748343855143,0.7219632267951965,0.2526128590106964,-0.014185206033289433,0.7148616313934326,0.2791728079319,-0.013547934591770172,0.7150039076805115,0.30575060844421387,-0.010545510798692703,0.7352955937385559,0.3121357262134552,-0.011874593794345856,0.7349374294281006,0.2740872800350189,-0.016615254804491997,0.7269669771194458,0.2869216799736023,-0.015691030770540237,0.7246241569519043,0.3074268400669098,-0.013851952739059925,0.258247435092926,0.44316524267196655,-1.8467082441020466e-07,0.23857645690441132,0.4229241907596588,-0.00699219573289156,0.23032720386981964,0.3924426734447479,-0.010336975567042828,0.2403537631034851,0.3680666983127594,-0.014154880307614803,0.2559089660644531,0.3610418438911438,-0.016122564673423767,0.23292887210845947,0.34501439332962036,-0.0015797190135344863,0.2296687662601471,0.3020522892475128,-0.01210640650242567,0.22948837280273438,0.3166709840297699,-0.017705783247947693,0.23126457631587982,0.34356293082237244,-0.01949499547481537,0.24828961491584778,0.3402232229709625,-0.0023220551665872335,0.24689775705337524,0.2874647378921509,-0.013721607625484467,0.244614839553833,0.3101852536201477,-0.017023971304297447,0.2458903044462204,0.3387034237384796,-0.01598554663360119,0.263314813375473,0.34351658821105957,-0.0049288310110569,0.2646419107913971,0.30190759897232056,-0.015390419401228428,0.26034244894981384,0.3229750990867615,-0.014964965172111988,0.2599228322505951,0.3467673063278198,-0.011307434178888798,0.2789018452167511,0.3556201159954071,-0.008366004563868046,0.2811709940433502,0.323180228471756,-0.015070063062012196,0.27719825506210327,0.33275237679481506,-0.014702321961522102,0.2747941315174103,0.35111162066459656,-0.012363158166408539
2,0.71952885389328,0.4090292155742645,-2.405490704404656e-07,0.6985809206962585,0.381912499666214,-0.003908852580934763,0.6863318681716919,0.3476550579071045,-0.007399243302643299,0.6943265199661255,0.32410213351249695,-0.013193251565098763,0.7092405557632446,0.32838693261146545,-0.01764562726020813,0.6956068277359009,0.29934239387512207,0.004112916998565197,0.6936483383178711,0.255615770816803,-0.007149220909923315,0.6890870928764343,0.28111451864242554,-0.014892133884131908,0.6903632879257202,0.30535584688186646,-0.01876937225461006,0.7080272436141968,0.2983308732509613,0.0005047330632805824,0.7071954607963562,0.24936583638191223,-0.010836102068424225,0.7008600234985352,0.28044188022613525,-0.014579573646187782,0.7022738456726074,0.30547457933425903,-0.014484481886029243,0.7211903929710388,0.30171671509742737,-0.005320568569004536,0.7219222784042358,0.2537868618965149,-0.01425497978925705,0.7145881652832031,0.2804087996482849,-0.012958554551005363,0.7148423194885254,0.3064180910587311,-0.009536541998386383,0.7356131076812744,0.31132370233535767,-0.012210365384817123,0.7346150279045105,0.27455008029937744,-0.01635313406586647,0.7265196442604065,0.287826806306839,-0.014823181554675102,0.7244186401367188,0.3081209659576416,-0.01260785385966301,0.2614099681377411,0.4463852643966675,-1.700185094932749e-07,0.24175558984279633,0.42541083693504333,-0.006679349113255739,0.2325422763824463,0.39430779218673706,-0.009227439761161804,0.24298109114170074,0.3671364486217499,-0.01250643003731966,0.258187860250473,0.36215826869010925,-0.014001061208546162,0.2346564084291458,0.3474974036216736,0.0030313816387206316,0.2311624437570572,0.30338039994239807,-0.005435036960989237,0.22980178892612457,0.3177012503147125,-0.010551666840910912,0.2313205748796463,0.34385907649993896,-0.012308667413890362,0.24982240796089172,0.3430071473121643,0.0027228600811213255,0.24750322103500366,0.2900529205799103,-0.0065243481658399105,0.24416594207286835,0.3102481961250305,-0.01015927642583847,0.24576400220394135,0.33841443061828613,-0.009662823751568794,0.2645188271999359,0.3462037444114685,0.0004041789215989411,0.26564428210258484,0.3034956455230713,-0.008790690451860428,0.26122039556503296,0.3213963806629181,-0.009838535450398922,0.2613030672073364,0.3462831974029541,-0.00738382525742054,0.27993759512901306,0.35743603110313416,-0.002757635898888111,0.28206026554107666,0.32534995675086975,-0.009111767634749413,0.27778464555740356,0.33313894271850586,-0.00988213624805212,0.27551937103271484,0.35181596875190735,-0.008401383645832539
3,0.7193521857261658,0.4081663191318512,-2.3183964970030502e-07,0.6982161402702332,0.3837090730667114,-0.004495276603847742,0.6857357025146484,0.34870645403862,-0.00781712494790554,0.6938166618347168,0.3237782120704651,-0.013236593455076218,0.7089215517044067,0.3276452422142029,-0.017403619363904,0.6956691741943359,0.299946665763855,0.0036908923648297787,0.6933379769325256,0.256790429353714,-0.0069047436118125916,0.6888105869293213,0.2810966372489929,-0.014164024963974953,0.6903921365737915,0.3045593500137329,-0.01790984533727169,0.7080168128013611,0.2982140779495239,0.00040534063009545207,0.7071025967597961,0.24868252873420715,-0.01070937979966402,0.7004258632659912,0.2791194021701813,-0.014519592747092247,0.7017751336097717,0.3042290210723877,-0.014412322081625462,0.7209393978118896,0.30152690410614014,-0.0050412556156516075,0.721407413482666,0.253792941570282,-0.014009632170200348,0.7142346501350403,0.280296266078949,-0.013076872564852238,0.7149455547332764,0.30595070123672485,-0.009870161302387714,0.7351468205451965,0.3115123510360718,-0.011561388149857521,0.7340189814567566,0.2747775912284851,-0.016106992959976196,0.7262338399887085,0.2880643606185913,-0.015015121549367905,0.7247438430786133,0.30808860063552856,-0.013079053722321987,0.26099613308906555,0.44650524854660034,-1.6503818756063993e-07,0.24120038747787476,0.427234411239624,-0.009175551123917103,0.23228685557842255,0.39405205845832825,-0.012891886755824089,0.24326789379119873,0.36802440881729126,-0.01672615110874176,0.259083092212677,0.3645155131816864,-0.018654217943549156,0.23405411839485168,0.3476615846157074,-0.002052120864391327,0.2307109385728836,0.3039269745349884,-0.01211280282586813,0.2293899804353714,0.31797415018081665,-0.017690034583210945,0.23111258447170258,0.3446843922138214,-0.019733091816306114,0.24921965599060059,0.34317031502723694,-0.0017752547282725573,0.2473675161600113,0.2888050377368927,-0.013062380254268646,0.24412992596626282,0.3098757266998291,-0.017017733305692673,0.24598649144172668,0.3388592302799225,-0.01649344526231289,0.2639937400817871,0.34645015001296997,-0.003584072459489107,0.2655006945133209,0.3035924434661865,-0.014466176740825176,0.2608885169029236,0.32158389687538147,-0.01591768115758896,0.26076486706733704,0.3460662364959717,-0.01349310390651226,0.2793505787849426,0.3578850030899048,-0.006393810268491507,0.2822990417480469,0.3244624435901642,-0.014260738156735897,0.27809613943099976,0.33184173703193665,-0.01583804562687874,0.2755187153816223,0.35065072774887085,-0.014847940765321255
4,0.7190712690353394,0.4094540774822235,-2.374613359279465e-07,0.6981658339500427,0.3828577995300293,-0.004251564387232065,0.685759425163269,0.3478783965110779,-0.00783676840364933,0.6940962672233582,0.32338976860046387,-0.01361699029803276,0.7094786167144775,0.328268826007843,-0.017968570813536644,0.6946876049041748,0.29895609617233276,0.0037853186950087547,0.6932922601699829,0.2553809583187103,-0.007514511700719595,0.6889487504959106,0.28138506412506104,-0.015246688388288021,0.6904732584953308,0.30538210272789,-0.01918267272412777,0.707345187664032,0.2981567084789276,0.0003079984162468463,0.7069121599197388,0.24924956262111664,-0.011057868599891663,0.7007840871810913,0.2807113230228424,-0.014651002362370491,0.7023183703422546,0.30549636483192444,-0.014467073604464531,0.7205784320831299,0.30168619751930237,-0.00543237617239356,0.7215635776519775,0.25350308418273926,-0.014367485418915749,0.7143990397453308,0.28026044368743896,-0.012892923317849636,0.714715301990509,0.3059922158718109,-0.009373700246214867,0.7349416613578796,0.31139296293258667,-0.012280434370040894,0.73372882604599,0.27457982301712036,-0.016356663778424263,0.7257156372070312,0.2881527543067932,-0.01476010400801897,0.7238354682922363,0.30833500623703003,-0.01254144124686718,0.2586761713027954,0.43763232231140137,-1.757796042056725e-07,0.23984956741333008,0.4173107445240021,-0.007405139971524477,0.23218905925750732,0.39035582542419434,-0.010871377773582935,0.24414436519145966,0.3659512996673584,-0.014692634344100952,0.26038339734077454,0.36265674233436584,-0.016519177705049515,0.23279035091400146,0.34338653087615967,0.0016693450743332505,0.23059135675430298,0.3015280067920685,-0.007815953344106674,0.23131006956100464,0.31843143701553345,-0.013653646223247051,0.23255598545074463,0.3453855812549591,-0.015908071771264076,0.24843436479568481,0.33914339542388916,0.0013044570805504918,0.24770647287368774,0.28735995292663574,-0.00910433754324913,0.24652333557605743,0.3142701983451843,-0.012989606708288193,0.24764186143875122,0.34273669123649597,-0.01246644277125597,0.26330265402793884,0.3428650200366974,-0.0010862177005037665,0.26502832770347595,0.3041910231113434,-0.01127470750361681,0.26194339990615845,0.32613831758499146,-0.01121488120406866,0.2620888948440552,0.3503645658493042,-0.007763714529573917,0.27906012535095215,0.3558768928050995,-0.004347268957644701,0.28149524331092834,0.3258471190929413,-0.010723056271672249,0.27876749634742737,0.3370351791381836,-0.010262995027005672,0.2770238518714905,0.3547378480434418,-0.00784309208393097
5,0.7190712690353394,0.4094540774822235,-2.374613359279465e-07,0.6981658339500427,0.3828577995300293,-0.004251564387232065,0.685759425163269,0.3478783965110779,-0.00783676840364933,0.6940962672233582,0.32338976860046387,-0.01361699029803276,0.7094786167144775,0.328268826007843,-0.017968570813536644,0.6946876049041748,0.29895609617233276,0.0037853186950087547,0.6932922601699829,0.2553809583187103,-0.007514511700719595,0.6889487504959106,0.28138506412506104,-0.015246688388288021,0.6904732584953308,0.30538210272789,-0.01918267272412777,0.707345187664032,0.2981567084789276,0.0003079984162468463,0.7069121599197388,0.24924956262111664,-0.011057868599891663,0.7007840871810913,0.2807113230228424,-0.014651002362370491,0.7023183703422546,0.30549636483192444,-0.014467073604464531,0.7205784320831299,0.30168619751930237,-0.00543237617239356,0.7215635776519775,0.25350308418273926,-0.014367485418915749,0.7143990397453308,0.28026044368743896,-0.012892923317849636,0.714715301990509,0.3059922158718109,-0.009373700246214867,0.7349416613578796,0.31139296293258667,-0.012280434370040894,0.73372882604599,0.27457982301712036,-0.016356663778424263,0.7257156372070312,0.2881527543067932,-0.01476010400801897,0.7238354682922363,0.30833500623703003,-0.01254144124686718,0.2586761713027954,0.43763232231140137,-1.757796042056725e-07,0.23984956741333008,0.4173107445240021,-0.007405139971524477,0.23218905925750732,0.39035582542419434,-0.010871377773582935,0.24414436519145966,0.3659512996673584,-0.014692634344100952,0.26038339734077454,0.36265674233436584,-0.016519177705049515,0.23279035091400146,0.34338653087615967,0.0016693450743332505,0.23059135675430298,0.3015280067920685,-0.007815953344106674,0.23131006956100464,0.31843143701553345,-0.013653646223247051,0.23255598545074463,0.3453855812549591,-0.015908071771264076,0.24843436479568481,0.33914339542388916,0.0013044570805504918,0.24770647287368774,0.28735995292663574,-0.00910433754324913,0.24652333557605743,0.3142701983451843,-0.012989606708288193,0.24764186143875122,0.34273669123649597,-0.01246644277125597,0.26330265402793884,0.3428650200366974,-0.0010862177005037665,0.26502832770347595,0.3041910231113434,-0.01127470750361681,0.26194339990615845,0.32613831758499146,-0.01121488120406866,0.2620888948440552,0.3503645658493042,-0.007763714529573917,0.27906012535095215,0.3558768928050995,-0.004347268957644701,0.28149524331092834,0.3258471190929413,-0.010723056271672249,0.27876749634742737,0.3370351791381836,-0.010262995027005672,0.2770238518714905,0.3547378480434418,-0.00784309208393097
6,0.719406247138977,0.4088190495967865,-2.3704379259470443e-07,0.6976857781410217,0.38404229283332825,-0.004582029767334461,0.685215413570404,0.34890666604042053,-0.007633353117853403,0.6938270926475525,0.3236118257045746,-0.012804221361875534,0.708820104598999,0.32766950130462646,-0.016641614958643913,0.6946903467178345,0.30043458938598633,0.004310937132686377,0.6925197839736938,0.25698593258857727,-0.006160272751003504,0.6881775856018066,0.2824162542819977,-0.013324959203600883,0.6899479031562805,0.30586856603622437,-0.017038026824593544,0.7073194980621338,0.29846107959747314,0.001119322725571692,0.7065660357475281,0.24830079078674316,-0.010112882591784,0.7001599073410034,0.2797672152519226,-0.013950214721262455,0.7014642357826233,0.3050653040409088,-0.01378311775624752,0.7205262184143066,0.30156809091567993,-0.004284973256289959,0.7210096120834351,0.2536047399044037,-0.013470386154949665,0.7138445973396301,0.2811320722103119,-0.012482786551117897,0.7143294811248779,0.3071722984313965,-0.00910889357328415,0.7349413633346558,0.3114122748374939,-0.01078126486390829,0.7340746521949768,0.2742976248264313,-0.015442470088601112,0.7260623574256897,0.2881913483142853,-0.014317316934466362,0.7241895198822021,0.30874696373939514,-0.012289807200431824,0.25806355476379395,0.4483536183834076,-1.8462013429143553e-07,0.2385435849428177,0.4289920926094055,-0.008188984356820583,0.22994619607925415,0.3976963460445404,-0.011858059093356133,0.24035325646400452,0.3689154386520386,-0.015832602977752686,0.2562381625175476,0.36225181818008423,-0.01761266030371189,0.23266702890396118,0.3510827422142029,-0.000546869239769876,0.23100990056991577,0.3033328950405121,-0.010843068361282349,0.23026756942272186,0.3174949884414673,-0.016378751024603844,0.2311447262763977,0.34432467818260193,-0.018113432452082634,0.2482156902551651,0.3466838300228119,-0.0004955054610036314,0.24780957400798798,0.28935742378234863,-0.01236115675419569,0.24508054554462433,0.31063663959503174,-0.016087019816040993,0.2460501790046692,0.34032806754112244,-0.015018886886537075,0.26337704062461853,0.35068416595458984,-0.0025215535424649715,0.264768123626709,0.3044159412384033,-0.013327017426490784,0.260811984539032,0.31986624002456665,-0.013601064682006836,0.2611013948917389,0.34372758865356445,-0.01012834906578064,0.2791614234447479,0.3633304834365845,-0.005492412485182285,0.2818269431591034,0.3277442753314972,-0.011962362565100193,0.27760690450668335,0.3336253762245178,-0.012020261958241463,0.27527329325675964,0.35200613737106323,-0.009880010969936848
7,0.719377338886261,0.4093320369720459,-2.364027693602111e-07,0.6978386640548706,0.38348254561424255,-0.004614305216819048,0.6849514842033386,0.34851372241973877,-0.008156511932611465,0.6934612393379211,0.32427647709846497,-0.013868561014533043,0.7093970775604248,0.33015868067741394,-0.018241319805383682,0.6955827474594116,0.29965415596961975,0.004306052345782518,0.6939339637756348,0.2559516429901123,-0.006722775753587484,0.6890225410461426,0.2808781862258911,-0.014351204968988895,0.6902848482131958,0.3046644330024719,-0.018254851922392845,0.7081615328788757,0.2987942695617676,0.0010105735855177045,0.7074607610702515,0.24943159520626068,-0.010610816068947315,0.7007481455802917,0.28017687797546387,-0.014680484309792519,0.7019705176353455,0.30583667755126953,-0.014587445184588432,0.7213775515556335,0.30220720171928406,-0.004581988789141178,0.7221344113349915,0.25429368019104004,-0.01400848664343357,0.7146390080451965,0.28080493211746216,-0.013250334188342094,0.7147426605224609,0.3071932792663574,-0.009934206493198872,0.7358042001724243,0.3119193911552429,-0.011264367960393429,0.7344353795051575,0.27478668093681335,-0.016049755737185478,0.7263412475585938,0.28898581862449646,-0.014977904036641121,0.7243741750717163,0.31044360995292664,-0.012892655096948147,0.2583620548248291,0.4508729875087738,-1.7924753592524212e-07,0.23901262879371643,0.43185552954673767,-0.00866461917757988,0.2307373434305191,0.3995405435562134,-0.01236684713512659,0.24102695286273956,0.3714894652366638,-0.016275491565465927,0.2569020390510559,0.3646245002746582,-0.01797138713300228,0.23297934234142303,0.3526986539363861,-0.0014185069594532251,0.2304724156856537,0.3058222532272339,-0.012010877020657063,0.22925257682800293,0.3173741400241852,-0.01759161241352558,0.23040199279785156,0.34366458654403687,-0.01932724006474018,0.24835097789764404,0.3481680154800415,-0.0012897677952423692,0.2477211207151413,0.2916449308395386,-0.013272331096231937,0.24414105713367462,0.3107888698577881,-0.016722971573472023,0.24508953094482422,0.3397640287876129,-0.015460440889000893,0.26329636573791504,0.35262617468833923,-0.003300654934719205,0.2651331126689911,0.3064393401145935,-0.014465304091572762,0.25977182388305664,0.3205859065055847,-0.014493619091808796,0.2595241665840149,0.3440178632736206,-0.010799002833664417,0.2790711522102356,0.36594825983047485,-0.00630789203569293,0.2828344702720642,0.33066025376319885,-0.013505608774721622,0.27767807245254517,0.3346158266067505,-0.013814284466207027,0.2744646966457367,0.35209569334983826,-0.01174449548125267
8,0.7194788455963135,0.40962716937065125,-2.421303975097544e-07,0.697966456413269,0.3851979672908783,-0.004711613059043884,0.685565710067749,0.3503439724445343,-0.008442472666501999,0.6936116814613342,0.32647520303726196,-0.01436078455299139,0.7084530591964722,0.3311782479286194,-0.018924254924058914,0.6953259706497192,0.30100661516189575,0.0032247533090412617,0.6928723454475403,0.2567877471446991,-0.007898697629570961,0.6882573366165161,0.2830367088317871,-0.015457138419151306,0.6895284056663513,0.3080204427242279,-0.019208379089832306,0.707939088344574,0.29980728030204773,1.681871071923524e-05,0.7067061066627502,0.250441312789917,-0.011396962217986584,0.7004040479660034,0.28229209780693054,-0.015055838972330093,0.7015118598937988,0.3084241449832916,-0.014778142794966698,0.7211751341819763,0.30306363105773926,-0.0054184976033866405,0.7215861678123474,0.2541693449020386,-0.014584295451641083,0.7139892578125,0.28133562207221985,-0.013401173986494541,0.7136639952659607,0.30832475423812866,-0.009876804426312447,0.7356482744216919,0.31224438548088074,-0.011963754892349243,0.7345967292785645,0.27458882331848145,-0.016533654183149338,0.726219654083252,0.28754863142967224,-0.015276884660124779,0.7234175801277161,0.30854377150535583,-0.013088769279420376,0.25918012857437134,0.45430707931518555,-1.8708044535742374e-07,0.23949815332889557,0.4334394335746765,-0.007996316067874432,0.23063497245311737,0.39979496598243713,-0.011200078763067722,0.24116414785385132,0.37066715955734253,-0.01470030564814806,0.2575758993625641,0.3651151657104492,-0.016083164140582085,0.23276536166667938,0.353532999753952,-0.0005093040526844561,0.23051859438419342,0.3051752746105194,-0.010178996250033379,0.22867166996002197,0.3155171573162079,-0.015196545980870724,0.22939270734786987,0.34141993522644043,-0.01677636057138443,0.2482590228319168,0.3489028811454773,-0.0006297089857980609,0.24754218757152557,0.2915310561656952,-0.01176134031265974,0.24371281266212463,0.3105982542037964,-0.014900856651365757,0.2445288747549057,0.3392477333545685,-0.013575739227235317,0.2633245885372162,0.3529944121837616,-0.002774307504296303,0.26487216353416443,0.30624669790267944,-0.013080471195280552,0.25963208079338074,0.32124096155166626,-0.01267221849411726,0.25940051674842834,0.34423357248306274,-0.008905650116503239,0.27907922863960266,0.3660668134689331,-0.0058988179080188274,0.28241944313049316,0.32943519949913025,-0.012611099518835545,0.2774174213409424,0.334089457988739,-0.012488924898207188,0.27430459856987,0.35152503848075867,-0.010226413607597351
9,0.7194788455963135,0.40962716937065125,-2.421303975097544e-07,0.697966456413269,0.3851979672908783,-0.004711613059043884,0.685565710067749,0.3503439724445343,-0.008442472666501999,0.6936116814613342,0.32647520303726196,-0.01436078455299139,0.7084530591964722,0.3311782479286194,-0.018924254924058914,0.6953259706497192,0.30100661516189575,0.0032247533090412617,0.6928723454475403,0.2567877471446991,-0.007898697629570961,0.6882573366165161,0.2830367088317871,-0.015457138419151306,0.6895284056663513,0.3080204427242279,-0.019208379089832306,0.707939088344574,0.29980728030204773,1.681871071923524e-05,0.7067061066627502,0.250441312789917,-0.011396962217986584,0.7004040479660034,0.28229209780693054,-0.015055838972330093,0.7015118598937988,0.3084241449832916,-0.014778142794966698,0.7211751341819763,0.30306363105773926,-0.0054184976033866405,0.7215861678123474,0.2541693449020386,-0.014584295451641083,0.7139892578125,0.28133562207221985,-0.013401173986494541,0.7136639952659607,0.30832475423812866,-0.009876804426312447,0.7356482744216919,0.31224438548088074,-0.011963754892349243,0.7345967292785645,0.27458882331848145,-0.016533654183149338,0.726219654083252,0.28754863142967224,-0.015276884660124779,0.7234175801277161,0.30854377150535583,-0.013088769279420376,0.25918012857437134,0.45430707931518555,-1.8708044535742374e-07,0.23949815332889557,0.4334394335746765,-0.007996316067874432,0.23063497245311737,0.39979496598243713,-0.011200078763067722,0.24116414785385132,0.37066715955734253,-0.01470030564814806,0.2575758993625641,0.3651151657104492,-0.016083164140582085,0.23276536166667938,0.353532999753952,-0.0005093040526844561,0.23051859438419342,0.3051752746105194,-0.010178996250033379,0.22867166996002197,0.3155171573162079,-0.015196545980870724,0.22939270734786987,0.34141993522644043,-0.01677636057138443,0.2482590228319168,0.3489028811454773,-0.0006297089857980609,0.24754218757152557,0.2915310561656952,-0.01176134031265974,0.24371281266212463,0.3105982542037964,-0.014900856651365757,0.2445288747549057,0.3392477333545685,-0.013575739227235317,0.2633245885372162,0.3529944121837616,-0.002774307504296303,0.26487216353416443,0.30624669790267944,-0.013080471195280552,0.25963208079338074,0.32124096155166626,-0.01267221849411726,0.25940051674842834,0.34423357248306274,-0.008905650116503239,0.27907922863960266,0.3660668134689331,-0.0058988179080188274,0.28241944313049316,0.32943519949913025,-0.012611099518835545,0.2774174213409424,0.334089457988739,-0.012488924898207188,0.27430459856987,0.35152503848075867,-0.010226413607597351
10,0.7186703681945801,0.41037243604660034,-2.467012905071897e-07,0.6978132724761963,0.3862740993499756,-0.004698525182902813,0.6852002739906311,0.35153961181640625,-0.008440567180514336,0.6932201385498047,0.32771795988082886,-0.014363599009811878,0.7081000804901123,0.3316376209259033,-0.01893024332821369,0.6951857805252075,0.3023577332496643,0.003132231067866087,0.6933992505073547,0.25805777311325073,-0.00817412044852972,0.6885246634483337,0.28489387035369873,-0.01572016440331936,0.6899496912956238,0.3097737431526184,-0.019456498324871063,0.7080584764480591,0.3010003864765167,-0.00010100872896146029,0.7078792452812195,0.251026451587677,-0.011503327637910843,0.7011001706123352,0.28301188349723816,-0.014932503923773766,0.7020598649978638,0.30866849422454834,-0.01448989100754261,0.7214013934135437,0.3042412996292114,-0.005591082852333784,0.7221123576164246,0.2554192841053009,-0.014785226434469223,0.7142049074172974,0.2832814157009125,-0.013257825747132301,0.7139971256256104,0.30990296602249146,-0.009511074982583523,0.7359541654586792,0.3135804831981659,-0.012184026651084423,0.7347633242607117,0.2760675251483917,-0.016731763258576393,0.7262383699417114,0.2898416519165039,-0.015234402380883694,0.7237109541893005,0.31087803840637207,-0.012899437919259071,0.2587129771709442,0.45764511823654175,-1.9231886483339622e-07,0.23823508620262146,0.436679869890213,-0.007494368124753237,0.2296541929244995,0.40222054719924927,-0.010262176394462585,0.24009284377098083,0.37280499935150146,-0.013557204976677895,0.25567424297332764,0.3650343418121338,-0.014736734330654144,0.2328489124774933,0.3540857136249542,0.0013245156733319163,0.23032796382904053,0.3068019151687622,-0.008159071207046509,0.2282443791627884,0.3201768398284912,-0.013126805424690247,0.22901824116706848,0.34727397561073303,-0.014551040716469288,0.24803832173347473,0.3502774238586426,0.0010724080493673682,0.2476033717393875,0.2930316925048828,-0.009900715202093124,0.2433365285396576,0.31382444500923157,-0.013133160769939423,0.2442856878042221,0.3425077497959137,-0.011849852278828621,0.26277512311935425,0.3541490435600281,-0.0013108673738315701,0.2650720179080963,0.30849212408065796,-0.011647253297269344,0.2598543167114258,0.3260636627674103,-0.011852001771330833,0.2596835196018219,0.3505994379520416,-0.008468522690236568,0.2782324254512787,0.3661905825138092,-0.004613368771970272,0.28209829330444336,0.32962659001350403,-0.011239603161811829,0.2769234776496887,0.3357943892478943,-0.01154031977057457,0.273704469203949,0.3548925518989563,-0.009687772952020168
11,0.7192891836166382,0.41105878353118896,-2.4668656806170475e-07,0.6981430649757385,0.3885515332221985,-0.005003250204026699,0.6851204037666321,0.35293543338775635,-0.008691332302987576,0.6932847499847412,0.32789552211761475,-0.014450655318796635,0.7085446119308472,0.3322068750858307,-0.018739355728030205,0.6944754719734192,0.3029926121234894,0.0028856308199465275,0.692928671836853,0.2583093047142029,-0.008338471874594688,0.6884679794311523,0.28565195202827454,-0.015604600310325623,0.6902264356613159,0.31072840094566345,-0.01916610077023506,0.7076365351676941,0.30112192034721375,-0.00017355491581838578,0.7075868248939514,0.25094884634017944,-0.011578559875488281,0.7010393738746643,0.2837211787700653,-0.014705240726470947,0.7021859884262085,0.3093222379684448,-0.014002226293087006,0.7210960984230042,0.3039868175983429,-0.005515758413821459,0.7216233611106873,0.2557864487171173,-0.014860833063721657,0.7139906883239746,0.2846057116985321,-0.013194361701607704,0.714185357093811,0.31109341979026794,-0.009276575408875942,0.735769510269165,0.3129689395427704,-0.011973085813224316,0.7339133620262146,0.27614352107048035,-0.016638191416859627,0.7258714437484741,0.29032039642333984,-0.01521721575409174,0.7240484356880188,0.31104522943496704,-0.012906734831631184,0.2575305104255676,0.46180227398872375,-1.8136744017738238e-07,0.23829738795757294,0.44277238845825195,-0.00960537139326334,0.2290988713502884,0.4055684804916382,-0.01415847335010767,0.2394210547208786,0.3734663426876068,-0.019172782078385353,0.2567044794559479,0.36898696422576904,-0.022084765136241913,0.23232576251029968,0.35470330715179443,-0.0010060593485832214,0.23053233325481415,0.3082917630672455,-0.011844371445477009,0.22730706632137299,0.32076144218444824,-0.01847902499139309,0.2276606261730194,0.3475527763366699,-0.02130734920501709,0.24728696048259735,0.35094916820526123,-0.0012594822328537703,0.2471359521150589,0.2955828011035919,-0.01230908278375864,0.24163417518138885,0.3157096207141876,-0.016279811039566994,0.24225595593452454,0.3439130485057831,-0.01590331457555294,0.2618829905986786,0.3557913303375244,-0.003862451296299696,0.26428523659706116,0.3102424442768097,-0.014322103932499886,0.2578999102115631,0.3258470594882965,-0.015304019674658775,0.25744912028312683,0.35004276037216187,-0.012760743498802185,0.27747079730033875,0.3687357008457184,-0.007669515907764435,0.2809695899486542,0.33198249340057373,-0.014738069847226143,0.27522772550582886,0.33609825372695923,-0.015744158998131752,0.27165573835372925,0.35411667823791504,-0.014555719681084156
12,0.7199111580848694,0.4115074574947357,-2.4188963720916945e-07,0.6985871195793152,0.3885146677494049,-0.004761112853884697,0.6854835748672485,0.352813184261322,-0.008170810528099537,0.6932463049888611,0.3268965482711792,-0.013634609058499336,0.7081706523895264,0.3326340317726135,-0.01765318028628826,0.6955117583274841,0.3021319806575775,0.0035534542985260487,0.6937945485115051,0.2574290335178375,-0.007289495784789324,0.6888669729232788,0.28412240743637085,-0.01448090560734272,0.6904851198196411,0.3080906569957733,-0.018153924494981766,0.7082163095474243,0.30121681094169617,0.00037250699824653566,0.7078585028648376,0.250858873128891,-0.010756446048617363,0.7009572982788086,0.28298163414001465,-0.01397632621228695,0.7021443843841553,0.3079995810985565,-0.013402462936937809,0.7213574647903442,0.30480900406837463,-0.005076689645648003,0.72215735912323,0.2562001645565033,-0.014124391600489616,0.7143016457557678,0.2843128442764282,-0.012517713941633701,0.7143847346305847,0.31053248047828674,-0.008771873079240322,0.7358492612838745,0.3145502507686615,-0.01164796482771635,0.7343137860298157,0.27749890089035034,-0.016247421503067017,0.7258350849151611,0.292269766330719,-0.014869876205921173,0.7237545847892761,0.31365177035331726,-0.012648068368434906,0.25849196314811707,0.46125128865242004,-1.9691303521085501e-07,0.23833295702934265,0.44120341539382935,-0.008483878336846828,0.22944749891757965,0.40324193239212036,-0.011785034090280533,0.239257350564003,0.3726734519004822,-0.01555697526782751,0.2551517188549042,0.3705141544342041,-0.01705486699938774,0.23352789878845215,0.3563040792942047,-0.0015886840410530567,0.23153874278068542,0.30852705240249634,-0.011742948554456234,0.22741347551345825,0.3210923969745636,-0.016622351482510567,0.22755765914916992,0.3477596342563629,-0.018033094704151154,0.24873778223991394,0.3527507781982422,-0.0018881853902712464,0.24867480993270874,0.29480379819869995,-0.013391576707363129,0.24218496680259705,0.31378281116485596,-0.01575593836605549,0.24244429171085358,0.342761754989624,-0.013637281022965908,0.2633943259716034,0.35729140043258667,-0.004344736225903034,0.26593536138534546,0.3102472424507141,-0.015216004103422165,0.25871872901916504,0.32444658875465393,-0.014636313542723656,0.25783416628837585,0.3490494191646576,-0.010341804474592209,0.27902722358703613,0.36988550424575806,-0.007900838740170002,0.28359878063201904,0.3326810598373413,-0.01514441054314375,0.2773537337779999,0.3334674835205078,-0.01564527116715908,0.2732239365577698,0.3504040539264679,-0.01361309178173542
13,0.7199111580848694,0.4115074574947357,-2.4188963720916945e-07,0.6985871195793152,0.3885146677494049,-0.004761112853884697,0.6854835748672485,0.352813184261322,-0.008170810528099537,0.6932463049888611,0.3268965482711792,-0.013634609058499336,0.7081706523895264,0.3326340317726135,-0.01765318028628826,0.6955117583274841,0.3021319806575775,0.0035534542985260487,0.6937945485115051,0.2574290335178375,-0.007289495784789324,0.6888669729232788,0.28412240743637085,-0.01448090560734272,0.6904851198196411,0.3080906569957733,-0.018153924494981766,0.7082163095474243,0.30121681094169617,0.00037250699824653566,0.7078585028648376,0.250858873128891,-0.010756446048617363,0.7009572982788086,0.28298163414001465,-0.01397632621228695,0.7021443843841553,0.3079995810985565,-0.013402462936937809,0.7213574647903442,0.30480900406837463,-0.005076689645648003,0.72215735912323,0.2562001645565033,-0.014124391600489616,0.7143016457557678,0.2843128442764282,-0.012517713941633701,0.7143847346305847,0.31053248047828674,-0.008771873079240322,0.7358492612838745,0.3145502507686615,-0.01164796482771635,0.7343137860298157,0.27749890089035034,-0.016247421503067017,0.7258350849151611,0.292269766330719,-0.014869876205921173,0.7237545847892761,0.31365177035331726,-0.012648068368434906,0.25849196314811707,0.46125128865242004,-1.9691303521085501e-07,0.23833295702934265,0.44120341539382935,-0.008483878336846828,0.22944749891757965,0.40324193239212036,-0.011785034090280533,0.239257350564003,0.3726734519004822,-0.01555697526782751,0.2551517188549042,0.3705141544342041,-0.01705486699938774,0.23352789878845215,0.3563040792942047,-0.0015886840410530567,0.23153874278068542,0.30852705240249634,-0.011742948554456234,0.22741347551345825,0.3210923969745636,-0.016622351482510567,0.22755765914916992,0.3477596342563629,-0.018033094704151154,0.24873778223991394,0.3527507781982422,-0.0018881853902712464,0.24867480993270874,0.29480379819869995,-0.013391576707363129,0.24218496680259705,0.31378281116485596,-0.01575593836605549,0.24244429171085358,0.342761754989624,-0.013637281022965908,0.2633943259716034,0.35729140043258667,-0.004344736225903034,0.26593536138534546,0.3102472424507141,-0.015216004103422165,0.25871872901916504,0.32444658875465393,-0.014636313542723656,0.25783416628837585,0.3490494191646576,-0.010341804474592209,0.27902722358703613,0.36988550424575806,-0.007900838740170002,0.28359878063201904,0.3326810598373413,-0.01514441054314375,0.2773537337779999,0.3334674835205078,-0.01564527116715908,0.2732239365577698,0.3504040539264679,-0.01361309178173542
14,0.7189390063285828,0.4116668105125427,-2.4639405182824703e-07,0.6978812217712402,0.387267529964447,-0.004704225808382034,0.6855379939079285,0.35145318508148193,-0.00827680341899395,0.6936688423156738,0.3267693519592285,-0.014023639261722565,0.7082079648971558,0.3319586515426636,-0.018318016082048416,0.6950384974479675,0.30153071880340576,0.0035931312013417482,0.6931862235069275,0.2569800317287445,-0.007555660326033831,0.6887083649635315,0.28423237800598145,-0.015085119754076004,0.6903433799743652,0.30881163477897644,-0.018923241645097733,0.7076382637023926,0.3006608486175537,0.00033524062018841505,0.7068137526512146,0.25135815143585205,-0.010943136177957058,0.700613260269165,0.28394949436187744,-0.014426695182919502,0.7020651698112488,0.3090653717517853,-0.014166194945573807,0.7208063006401062,0.3040733337402344,-0.0052338833920657635,0.7214335203170776,0.25500598549842834,-0.014376960694789886,0.7138404846191406,0.2827904224395752,-0.013076826930046082,0.713825523853302,0.3094549775123596,-0.009620178490877151,0.7353901863098145,0.3133646547794342,-0.011934123001992702,0.7340019941329956,0.27602145075798035,-0.016566066071391106,0.7255074977874756,0.2901551127433777,-0.015390711836516857,0.7230350971221924,0.31161749362945557,-0.013375300914049149,0.25865107774734497,0.4587459862232208,-2.1020287022111006e-07,0.23832231760025024,0.4378895163536072,-0.007966320030391216,0.2295948565006256,0.4008309841156006,-0.011198651045560837,0.23983345925807953,0.37152016162872314,-0.014971663244068623,0.2556209862232208,0.36829936504364014,-0.01659294031560421,0.23460593819618225,0.3522093594074249,-0.0012330106692388654,0.23292776942253113,0.3040700852870941,-0.011433743871748447,0.22869260609149933,0.3187313377857208,-0.016417155042290688,0.22823983430862427,0.3460986912250519,-0.017860528081655502,0.24999666213989258,0.3498214781284332,-0.0017799572087824345,0.25030267238616943,0.29184746742248535,-0.013538053259253502,0.24405145645141602,0.31292685866355896,-0.01621209643781185,0.24377471208572388,0.34242796897888184,-0.014359348453581333,0.2647908329963684,0.35564279556274414,-0.004438264761120081,0.26768335700035095,0.30804508924484253,-0.01565091870725155,0.2607021629810333,0.32362696528434753,-0.015373777598142624,0.25926652550697327,0.3477402329444885,-0.011377614922821522,0.2802315056324005,0.3694174289703369,-0.008066126145422459,0.28484755754470825,0.3318585157394409,-0.015518959611654282,0.27870556712150574,0.3350703716278076,-0.015898874029517174,0.27454283833503723,0.35238778591156006,-0.013867735862731934
15,0.7192481160163879,0.411403089761734,-2.4320630132024235e-07,0.6980022192001343,0.387427419424057,-0.0047357529401779175,0.6854634284973145,0.3516409695148468,-0.008213763125240803,0.6933167576789856,0.3267081379890442,-0.013868570327758789,0.7078962326049805,0.33249443769454956,-0.01808694563806057,0.695248007774353,0.30177178978919983,0.0038325078785419464,0.6935396194458008,0.25712618231773376,-0.007062017451971769,0.6886837482452393,0.2838205099105835,-0.014325402677059174,0.6902037858963013,0.3079718351364136,-0.01802089437842369,0.7077717781066895,0.3009449541568756,0.000565203430596739,0.707196831703186,0.2509074807167053,-0.01064140722155571,0.7005336880683899,0.28271740674972534,-0.01408548653125763,0.7017974853515625,0.30760324001312256,-0.013734327629208565,0.7208680510520935,0.3043660819530487,-0.0050117140635848045,0.7215569019317627,0.2556937634944916,-0.014173993840813637,0.7136923670768738,0.2831023633480072,-0.012969683855772018,0.713571310043335,0.30936744809150696,-0.009512420743703842,0.7353709936141968,0.3136083483695984,-0.011712305247783661,0.7338648438453674,0.27627137303352356,-0.016245970502495766,0.7251815795898438,0.29030629992485046,-0.015055719763040543,0.722647488117218,0.3117294907569885,-0.013034554198384285,0.2584386467933655,0.4597889184951782,-2.0136825185090856e-07,0.23807576298713684,0.43975237011909485,-0.008427860215306282,0.22958195209503174,0.4030229151248932,-0.011749465949833393,0.2394046038389206,0.372705340385437,-0.01546693779528141,0.2543870508670807,0.36842450499534607,-0.01689160242676735,0.2341928780078888,0.35494697093963623,-0.0018779842648655176,0.23259836435317993,0.3054707646369934,-0.012107613496482372,0.22942261397838593,0.31985265016555786,-0.016790345311164856,0.2295619696378708,0.3471205532550812,-0.017979975789785385,0.249672532081604,0.3519357144832611,-0.0022358810529112816,0.25021108984947205,0.2923511862754822,-0.014408093877136707,0.24444648623466492,0.31381338834762573,-0.017024638131260872,0.2445012778043747,0.34370237588882446,-0.014911966398358345,0.2645668387413025,0.3569052517414093,-0.004704258870333433,0.26733583211898804,0.3093474507331848,-0.016260160133242607,0.2606281340122223,0.32478800415992737,-0.015967320650815964,0.2595977783203125,0.3487933576107025,-0.011753597296774387,0.280170202255249,0.36970117688179016,-0.008159241639077663,0.2846148610115051,0.3315693438053131,-0.015506930649280548,0.2784748375415802,0.3345911502838135,-0.015767209231853485,0.2744341790676117,0.3524051904678345,-0.013629750348627567
16,0.7192481160163879,0.411403089761734,-2.4320630132024235e-07,0.6980022192001343,0.387427419424057,-0.0047357529401779175,0.6854634284973145,0.3516409695148468,-0.008213763125240803,0.6933167576789856,0.3267081379890442,-0.013868570327758789,0.7078962326049805,0.33249443769454956,-0.01808694563806057,0.695248007774353,0.30177178978919983,0.0038325078785419464,0.6935396194458008,0.25712618231773376,-0.007062017451971769,0.6886837482452393,0.2838205099105835,-0.014325402677059174,0.6902037858963013,0.3079718351364136,-0.01802089437842369,0.7077717781066895,0.3009449541568756,0.000565203430596739,0.707196831703186,0.2509074807167053,-0.01064140722155571,0.7005336880683899,0.28271740674972534,-0.01408548653125763,0.7017974853515625,0.30760324001312256,-0.013734327629208565,0.7208680510520935,0.3043660819530487,-0.0050117140635848045,0.7215569019317627,0.2556937634944916,-0.014173993840813637,0.7136923670768738,0.2831023633480072,-0.012969683855772018,0.713571310043335,0.30936744809150696,-0.009512420743703842,0.7353709936141968,0.3136083483695984,-0.011712305247783661,0.7338648438453674,0.27627137303352356,-0.016245970502495766,0.7251815795898438,0.29030629992485046,-0.015055719763040543,0.722647488117218,0.3117294907569885,-0.013034554198384285,0.2584386467933655,0.4597889184951782,-2.0136825185090856e-07,0.23807576298713684,0.43975237011909485,-0.008427860215306282,0.22958195209503174,0.4030229151248932,-0.011749465949833393,0.2394046038389206,0.372705340385437,-0.01546693779528141,0.2543870508670807,0.36842450499534607,-0.01689160242676735,0.2341928780078888,0.35494697093963623,-0.0018779842648655176,0.23259836435317993,0.3054707646369934,-0.012107613496482372,0.22942261397838593,0.31985265016555786,-0.016790345311164856,0.2295619696378708,0.3471205532550812,-0.017979975789785385,0.249672532081604,0.3519357144832611,-0.0022358810529112816,0.25021108984947205,0.2923511862754822,-0.014408093877136707,0.24444648623466492,0.31381338834762573,-0.017024638131260872,0.2445012778043747,0.34370237588882446,-0.014911966398358345,0.2645668387413025,0.3569052517414093,-0.004704258870333433,0.26733583211898804,0.3093474507331848,-0.016260160133242607,0.2606281340122223,0.32478800415992737,-0.015967320650815964,0.2595977783203125,0.3487933576107025,-0.011753597296774387,0.280170202255249,0.36970117688179016,-0.008159241639077663,0.2846148610115051,0.3315693438053131,-0.015506930649280548,0.2784748375415802,0.3345911502838135,-0.015767209231853485,0.2744341790676117,0.3524051904678345,-0.013629750348627567
17,0.7187092900276184,0.4116293489933014,-2.428592438263877e-07,0.6974785327911377,0.3869458734989166,-0.005340698640793562,0.6852121949195862,0.3500388562679291,-0.00937804114073515,0.6942186951637268,0.32578471302986145,-0.015433354303240776,0.7100304365158081,0.33222004771232605,-0.02000712789595127,0.6948135495185852,0.30115777254104614,0.0026212676893919706,0.6926607489585876,0.2564176321029663,-0.008835065178573132,0.6883931756019592,0.28433942794799805,-0.016620352864265442,0.6901734471321106,0.3096880614757538,-0.02059173211455345,0.7075179219245911,0.30015936493873596,-0.00036752730375155807,0.7064402103424072,0.2506589889526367,-0.011866908520460129,0.7005590796470642,0.2836633026599884,-0.015498971566557884,0.7021713852882385,0.3095754086971283,-0.015254659578204155,0.720775842666626,0.3035034239292145,-0.005666365381330252,0.7211629152297974,0.25402089953422546,-0.014725416898727417,0.7139920592308044,0.28218165040016174,-0.013452528044581413,0.7142800092697144,0.3092248737812042,-0.010031039826571941,0.7354481816291809,0.3128466308116913,-0.01216729637235403,0.7336331009864807,0.275942325592041,-0.016703736037015915,0.7254298329353333,0.29073214530944824,-0.015518208965659142,0.7234026789665222,0.31251272559165955,-0.013507554307579994,0.2576041519641876,0.45591554045677185,-1.8373272325789003e-07,0.23753227293491364,0.4367455244064331,-0.008894451893866062,0.22890736162662506,0.40176060795783997,-0.012525517493486404,0.23962193727493286,0.3721197247505188,-0.016473297029733658,0.256041020154953,0.3684691786766052,-0.018173545598983765,0.2333793044090271,0.3535609841346741,-3.406402902328409e-05,0.2317284792661667,0.30588558316230774,-0.010064024478197098,0.228971928358078,0.31837695837020874,-0.015756452456116676,0.22901101410388947,0.34421035647392273,-0.017801757901906967,0.2486359030008316,0.34989702701568604,0.00014035432832315564,0.24911434948444366,0.29319998621940613,-0.010641385801136494,0.24423938989639282,0.31223824620246887,-0.014130364172160625,0.24419812858104706,0.3413764536380768,-0.013182650320231915,0.2630556523799896,0.3550700545310974,-0.0019316913094371557,0.26583850383758545,0.30787894129753113,-0.012067227624356747,0.2599293291568756,0.320767879486084,-0.01253221184015274,0.25905951857566833,0.34462764859199524,-0.009457885287702084,0.2783087491989136,0.36868050694465637,-0.005105015356093645,0.2822931408882141,0.33388927578926086,-0.011995919048786163,0.2772308588027954,0.3358405828475952,-0.012896732427179813,0.27380645275115967,0.35234498977661133,-0.011390999890863895
18,0.718967616558075,0.4119322896003723,-2.4130838482960826e-07,0.6977005004882812,0.38701164722442627,-0.005316255148500204,0.685239315032959,0.35015615820884705,-0.009303712286055088,0.6939438581466675,0.3258395195007324,-0.01532778237015009,0.7098202109336853,0.3321627974510193,-0.019906973466277122,0.6947678327560425,0.30140674114227295,0.0027156947180628777,0.6927482485771179,0.2569623291492462,-0.008775340393185616,0.6880664229393005,0.28430426120758057,-0.01653871312737465,0.6895747780799866,0.30928510427474976,-0.020465554669499397,0.7074452638626099,0.3003321886062622,-0.00031431615934707224,0.7067821025848389,0.2506256699562073,-0.011803574860095978,0.7003346085548401,0.28292664885520935,-0.01533972192555666,0.7015905380249023,0.3085561692714691,-0.015001127496361732,0.7207401990890503,0.3037000000476837,-0.005681482143700123,0.7216013073921204,0.2545590102672577,-0.014789657667279243,0.7139296531677246,0.2822786867618561,-0.013483213260769844,0.7138211727142334,0.3087567985057831,-0.010009750723838806,0.7353385090827942,0.31299495697021484,-0.012248155660927296,0.7341733574867249,0.27614861726760864,-0.01674041524529457,0.7257152199745178,0.2907772660255432,-0.01546800322830677,0.7234315276145935,0.31204843521118164,-0.013402286916971207,0.2584494948387146,0.45560431480407715,-1.9594844502535125e-07,0.23806309700012207,0.4371987283229828,-0.0079299071803689,0.22914116084575653,0.4008125960826874,-0.010729609988629818,0.23959249258041382,0.3723200857639313,-0.013826441951096058,0.2555375099182129,0.36990150809288025,-0.01480892114341259,0.2320694774389267,0.35182419419288635,-0.00039434435893781483,0.23023876547813416,0.30808573961257935,-0.009696250781416893,0.22706115245819092,0.32061466574668884,-0.014523203484714031,0.2276175320148468,0.34694695472717285,-0.016157876700162888,0.2479969710111618,0.3477924168109894,-0.0006549188401550055,0.24747700989246368,0.29307955503463745,-0.011653616093099117,0.2424558699131012,0.31434518098831177,-0.01447172649204731,0.24316440522670746,0.3442350924015045,-0.012766397558152676,0.2629571259021759,0.3524295687675476,-0.0029247261118143797,0.26567819714546204,0.30950063467025757,-0.01336444728076458,0.2602844536304474,0.32400035858154297,-0.013398506678640842,0.25985488295555115,0.3479485809803009,-0.009772161953151226,0.2787953019142151,0.36638712882995605,-0.006161524914205074,0.2817268669605255,0.3337104618549347,-0.013385052792727947,0.27661043405532837,0.3374292254447937,-0.014139956794679165,0.273462176322937,0.3540262281894684,-0.01238110102713108
19,0.7193123698234558,0.4120217561721802,-2.505646534700645e-07,0.697979211807251,0.3871622681617737,-0.004437269642949104,0.6851503849029541,0.35187339782714844,-0.008046994917094707,0.6929824352264404,0.32710468769073486,-0.013879728503525257,0.7080975770950317,0.33151206374168396,-0.018306512385606766,0.6949304938316345,0.30207502841949463,0.0037092051934450865,0.6926624178886414,0.2569902837276459,-0.00764040183275938,0.6881598234176636,0.28362882137298584,-0.015391153283417225,0.6897262334823608,0.3086402118206024,-0.019294165074825287,0.7074388265609741,0.3007693886756897,0.00040579968481324613,0.706146776676178,0.2513636350631714,-0.011002177372574806,0.7001426219940186,0.28415966033935547,-0.014558905735611916,0.7017343640327454,0.31001412868499756,-0.014278929680585861,0.7206881642341614,0.3036324679851532,-0.005177561193704605,0.7207168936729431,0.2547423541545868,-0.014237928204238415,0.7134029269218445,0.2830725610256195,-0.012792214751243591,0.7136779427528381,0.3102284073829651,-0.00923248939216137,0.7354431748390198,0.31250253319740295,-0.011879058554768562,0.7333757281303406,0.2754520773887634,-0.016378890722990036,0.7250379323959351,0.2904224991798401,-0.014968686737120152,0.7228816747665405,0.3122459948062897,-0.012761407531797886,0.25888946652412415,0.45914986729621887,-1.955055921598614e-07,0.23792050778865814,0.4426165223121643,-0.008574110455811024,0.22833912074565887,0.4037184417247772,-0.011773208156228065,0.23822999000549316,0.3718341588973999,-0.0152079863473773,0.25395819544792175,0.36838164925575256,-0.016461970284581184,0.23192539811134338,0.3552016317844391,-0.002381863771006465,0.230772465467453,0.3072880506515503,-0.012308958917856216,0.2272893488407135,0.3211003839969635,-0.016947437077760696,0.22751295566558838,0.34776535630226135,-0.018310027197003365,0.2476397454738617,0.35138046741485596,-0.0025227966252714396,0.24791641533374786,0.29337698221206665,-0.013572394847869873,0.24272416532039642,0.3143254518508911,-0.015589892864227295,0.24310889840126038,0.343422532081604,-0.013398991897702217,0.26264694333076477,0.3561258316040039,-0.004737191367894411,0.2653041183948517,0.3085985779762268,-0.015380967408418655,0.2592673599720001,0.32534804940223694,-0.014656905084848404,0.25858914852142334,0.34908774495124817,-0.01055699773132801,0.2782164514064789,0.368127703666687,-0.007982040755450726,0.28138667345046997,0.33179235458374023,-0.015694180503487587,0.276075154542923,0.33683955669403076,-0.016254929825663567,0.2730664908885956,0.3542683720588684,-0.014349253848195076
20,0.7193123698234558,0.4120217561721802,-2.505646534700645e-07,0.697979211807251,0.3871622681617737,-0.004437269642949104,0.6851503849029541,0.35187339782714844,-0.008046994917094707,0.6929824352264404,0.32710468769073486,-0.013879728503525257,0.7080975770950317,0.33151206374168396,-0.018306512385606766,0.6949304938316345,0.30207502841949463,0.0037092051934450865,0.6926624178886414,0.2569902837276459,-0.00764040183275938,0.6881598234176636,0.28362882137298584,-0.015391153283417225,0.6897262334823608,0.3086402118206024,-0.019294165074825287,0.7074388265609741,0.3007693886756897,0.00040579968481324613,0.706146776676178,0.2513636350631714,-0.011002177372574806,0.7001426219940186,0.28415966033935547,-0.014558905735611916,0.7017343640327454,0.31001412868499756,-0.014278929680585861,0.7206881642341614,0.3036324679851532,-0.005177561193704605,0.7207168936729431,0.2547423541545868,-0.014237928204238415,0.7134029269218445,0.2830725610256195,-0.012792214751243591,0.7136779427528381,0.3102284073829651,-0.00923248939216137,0.7354431748390198,0.31250253319740295,-0.011879058554768562,0.7333757281303406,0.2754520773887634,-0.016378890722990036,0.7250379323959351,0.2904224991798401,-0.014968686737120152,0.7228816747665405,0.3122459948062897,-0.012761407531797886,0.25888946652412415,0.45914986729621887,-1.955055921598614e-07,0.23792050778865814,0.4426165223121643,-0.008574110455811024,0.22833912074565887,0.4037184417247772,-0.011773208156228065,0.23822999000549316,0.3718341588973999,-0.0152079863473773,0.25395819544792175,0.36838164925575256,-0.016461970284581184,0.23192539811134338,0.3552016317844391,-0.002381863771006465,0.230772465467453,0.3072880506515503,-0.012308958917856216,0.2272893488407135,0.3211003839969635,-0.016947437077760696,0.22751295566558838,0.34776535630226135,-0.018310027197003365,0.2476397454738617,0.35138046741485596,-0.0025227966252714396,0.24791641533374786,0.29337698221206665,-0.013572394847869873,0.24272416532039642,0.3143254518508911,-0.015589892864227295,0.24310889840126038,0.343422532081604,-0.013398991897702217,0.26264694333076477,0.3561258316040039,-0.004737191367894411,0.2653041183948517,0.3085985779762268,-0.015380967408418655,0.2592673599720001,0.32534804940223694,-0.014656905084848404,0.25858914852142334,0.34908774495124817,-0.01055699773132801,0.2782164514064789,0.368127703666687,-0.007982040755450726,0.28138667345046997,0.33179235458374023,-0.015694180503487587,0.276075154542923,0.33683955669403076,-0.016254929825663567,0.2730664908885956,0.3542683720588684,-0.014349253848195076
21,0.7192786335945129,0.4124881625175476,-2.284042324163238e-07,0.6979572772979736,0.38873010873794556,-0.004304783418774605,0.685306191444397,0.3533097505569458,-0.00751797528937459,0.6933691501617432,0.32837772369384766,-0.012909517623484135,0.7086532711982727,0.33420395851135254,-0.017063990235328674,0.6960391998291016,0.3034106492996216,0.004409944172948599,0.6938399076461792,0.2607905864715576,-0.0061455764807760715,0.6896932721138,0.2856318950653076,-0.013440760783851147,0.6912739872932434,0.3093695342540741,-0.017136946320533752,0.7084335088729858,0.3019270896911621,0.0011217159917578101,0.7068337798118591,0.25330495834350586,-0.010191656649112701,0.7007165551185608,0.2850903272628784,-0.014024603180587292,0.7022298574447632,0.3115662932395935,-0.013656312599778175,0.7216894626617432,0.30517178773880005,-0.004342228639870882,0.7213807106018066,0.2576481103897095,-0.013613292947411537,0.7142990827560425,0.28580954670906067,-0.012484840117394924,0.7148380279541016,0.31296953558921814,-0.00882304459810257,0.7362911105155945,0.31480085849761963,-0.0108546307310462,0.7348906397819519,0.2779502272605896,-0.015673480927944183,0.72679203748703,0.2928188443183899,-0.014306251890957355,0.7249022126197815,0.3143804371356964,-0.011871852912008762,0.25839391350746155,0.4590899646282196,-1.8616839270180208e-07,0.237892746925354,0.44232383370399475,-0.009375437162816525,0.2280811071395874,0.4035022258758545,-0.012989341281354427,0.23813983798027039,0.3716171383857727,-0.016718890517950058,0.25387921929359436,0.37031662464141846,-0.018247397616505623,0.23166754841804504,0.3541657030582428,-0.0030495806131511927,0.2304663360118866,0.30672308802604675,-0.012877613306045532,0.2266390323638916,0.31862562894821167,-0.01766614243388176,0.2262989580631256,0.34486836194992065,-0.019264815375208855,0.24728545546531677,0.3507155179977417,-0.0028599081560969353,0.24765492975711823,0.2934389114379883,-0.01398114487528801,0.2419942021369934,0.3133447468280792,-0.016475550830364227,0.24173986911773682,0.34279075264930725,-0.014772593975067139,0.2622981071472168,0.35562577843666077,-0.004778712522238493,0.2652980387210846,0.3087160885334015,-0.01548607274889946,0.2589566707611084,0.32307499647140503,-0.015629006549715996,0.2577000558376312,0.347402960062027,-0.012244030833244324,0.27810731530189514,0.3680291771888733,-0.007795996032655239,0.2819141447544098,0.3315970301628113,-0.015764310956001282,0.27608609199523926,0.3347742557525635,-0.01710858754813671,0.27211663126945496,0.3523589074611664,-0.015868665650486946
22,0.71983802318573,0.41344010829925537,-2.2485299666641367e-07,0.6987212896347046,0.3894057869911194,-0.00472198287025094,0.6861543655395508,0.35423412919044495,-0.00785723328590393,0.6947274804115295,0.3289329409599304,-0.01308373175561428,0.7100831270217896,0.3344990015029907,-0.0169612318277359,0.6961894631385803,0.30489781498908997,0.004451470449566841,0.6942380666732788,0.2621401250362396,-0.005749192554503679,0.6902679800987244,0.28762179613113403,-0.01268309261649847,0.6920729279518127,0.3112226128578186,-0.016203269362449646,0.7084683775901794,0.30346447229385376,0.0015070827212184668,0.7078284621238708,0.25449585914611816,-0.009671397507190704,0.7019582390785217,0.28616636991500854,-0.013469711877405643,0.7031856179237366,0.31202101707458496,-0.013112671673297882,0.7215047478675842,0.30672377347946167,-0.0036331384908407927,0.7218394875526428,0.2595806121826172,-0.012870464473962784,0.7150017023086548,0.2873735725879669,-0.012051681987941265,0.7152428030967712,0.313727468252182,-0.008583130314946175,0.7356882095336914,0.3161935806274414,-0.009848825633525848,0.7349082827568054,0.279491126537323,-0.014710870571434498,0.7274283766746521,0.2934139668941498,-0.013759608380496502,0.7255913615226746,0.31398630142211914,-0.011642331257462502,0.25778985023498535,0.4627121090888977,-1.9870566347890417e-07,0.23754553496837616,0.4450257420539856,-0.008703695610165596,0.22824491560459137,0.40580183267593384,-0.01185530610382557,0.23826360702514648,0.37219634652137756,-0.015359758399426937,0.25443071126937866,0.3688407242298126,-0.01663905754685402,0.23147417604923248,0.3550424873828888,-0.00020634534303098917,0.23053672909736633,0.3072047829627991,-0.010153518058359623,0.22698663175106049,0.31997358798980713,-0.01550179161131382,0.22731201350688934,0.3465571105480194,-0.017504053190350533,0.24714694917201996,0.351599782705307,-0.0004269844794180244,0.24753543734550476,0.29417115449905396,-0.011440127156674862,0.24152900278568268,0.3148977756500244,-0.014208857901394367,0.2419293075799942,0.3431393504142761,-0.012697290629148483,0.26187554001808167,0.35617098212242126,-0.0029453106690198183,0.26474258303642273,0.3078038692474365,-0.013767649419605732,0.25770390033721924,0.32361969351768494,-0.013721569441258907,0.25694453716278076,0.34797146916389465,-0.010168182663619518,0.2778819501399994,0.36907538771629333,-0.0065596033819019794,0.2813537120819092,0.33131083846092224,-0.014447050169110298,0.27545028924942017,0.3362729251384735,-0.01549074798822403,0.2721851170063019,0.3545546531677246,-0.0140597028657794
23,0.7204349637031555,0.41505002975463867,-2.2498522866953863e-07,0.6984743475914001,0.3905552625656128,-0.004209773149341345,0.6860927939414978,0.3549855351448059,-0.0070121195167303085,0.6948225498199463,0.3307620882987976,-0.012052647769451141,0.7098188996315002,0.33734703063964844,-0.01582746021449566,0.6966201066970825,0.30623659491539,0.005339948460459709,0.694424569606781,0.2633858621120453,-0.004674490075558424,0.6904210448265076,0.28907710313796997,-0.011690785177052021,0.692389190196991,0.31285974383354187,-0.015301574021577835,0.7089020013809204,0.3047100007534027,0.002178084570914507,0.7077503800392151,0.25560057163238525,-0.008886265568435192,0.7017306685447693,0.28769761323928833,-0.01278599351644516,0.7031543254852295,0.31411340832710266,-0.012441543862223625,0.7219755053520203,0.307628333568573,-0.003167074639350176,0.721861720085144,0.25988906621932983,-0.012200155295431614,0.7148686051368713,0.28817272186279297,-0.011306715197861195,0.7153236865997314,0.3153541088104248,-0.007764717563986778,0.7363459467887878,0.3167296051979065,-0.00956706702709198,0.7349303960800171,0.28005218505859375,-0.01420341245830059,0.7271677255630493,0.29440775513648987,-0.013044092804193497,0.7254176139831543,0.3155120015144348,-0.010756035335361958,0.2570700943470001,0.4559386372566223,-1.9865795763962524e-07,0.23635566234588623,0.4370901882648468,-0.007746629882603884,0.22736921906471252,0.4011339545249939,-0.01060543768107891,0.23761077225208282,0.37183699011802673,-0.013765421696007252,0.25322070717811584,0.368205189704895,-0.014672484248876572,0.23169583082199097,0.3532525897026062,-0.0008820899529382586,0.23042958974838257,0.3062787652015686,-0.010560741648077965,0.22691285610198975,0.3180907666683197,-0.015249033458530903,0.22697900235652924,0.34377321600914,-0.01664493791759014,0.24748492240905762,0.34999799728393555,-0.0012010696809738874,0.24787865579128265,0.29136693477630615,-0.012471776455640793,0.24246202409267426,0.31098228693008423,-0.014774755574762821,0.24261270463466644,0.3396941125392914,-0.012699894607067108,0.2621714770793915,0.3554016351699829,-0.00354309706017375,0.26541733741760254,0.30720826983451843,-0.014257035218179226,0.25897830724716187,0.3219141960144043,-0.013368307612836361,0.25800642371177673,0.3455086052417755,-0.008999444544315338,0.27797946333885193,0.36943507194519043,-0.006851385347545147,0.2819267213344574,0.3334963917732239,-0.01415887288749218,0.2764977514743805,0.33592814207077026,-0.014419746585190296,0.27296319603919983,0.3514055013656616,-0.012235697358846664
24,0.7204349637031555,0.41505002975463867,-2.2498522866953863e-07,0.6984743475914001,0.3905552625656128,-0.004209773149341345,0.6860927939414978,0.3549855351448059,-0.0070121195167303085,0.6948225498199463,0.3307620882987976,-0.012052647769451141,0.7098188996315002,0.33734703063964844,-0.01582746021449566,0.6966201066970825,0.30623659491539,0.005339948460459709,0.694424569606781,0.2633858621120453,-0.004674490075558424,0.6904210448265076,0.28907710313796997,-0.011690785177052021,0.692389190196991,0.31285974383354187,-0.015301574021577835,0.7089020013809204,0.3047100007534027,0.002178084570914507,0.7077503800392151,0.25560057163238525,-0.008886265568435192,0.7017306685447693,0.28769761323928833,-0.01278599351644516,0.7031543254852295,0.31411340832710266,-0.012441543862223625,0.7219755053520203,0.307628333568573,-0.003167074639350176,0.721861720085144,0.25988906621932983,-0.012200155295431614,0.7148686051368713,0.28817272186279297,-0.011306715197861195,0.7153236865997314,0.3153541088104248,-0.007764717563986778,0.7363459467887878,0.3167296051979065,-0.00956706702709198,0.7349303960800171,0.28005218505859375,-0.01420341245830059,0.7271677255630493,0.29440775513648987,-0.013044092804193497,0.7254176139831543,0.3155120015144348,-0.010756035335361958,0.2570700943470001,0.4559386372566223,-1.9865795763962524e-07,0.23635566234588623,0.4370901882648468,-0.007746629882603884,0.22736921906471252,0.4011339545249939,-0.01060543768107891,0.23761077225208282,0.37183699011802673,-0.013765421696007252,0.25322070717811584,0.368205189704895,-0.014672484248876572,0.23169583082199097,0.3532525897026062,-0.0008820899529382586,0.23042958974838257,0.3062787652015686,-0.010560741648077965,0.22691285610198975,0.3180907666683197,-0.015249033458530903,0.22697900235652924,0.34377321600914,-0.01664493791759014,0.24748492240905762,0.34999799728393555,-0.0012010696809738874,0.24787865579128265,0.29136693477630615,-0.012471776455640793,0.24246202409267426,0.31098228693008423,-0.014774755574762821,0.24261270463466644,0.3396941125392914,-0.012699894607067108,0.2621714770793915,0.3554016351699829,-0.00354309706017375,0.26541733741760254,0.30720826983451843,-0.014257035218179226,0.25897830724716187,0.3219141960144043,-0.013368307612836361,0.25800642371177673,0.3455086052417755,-0.008999444544315338,0.27797946333885193,0.36943507194519043,-0.006851385347545147,0.2819267213344574,0.3334963917732239,-0.01415887288749218,0.2764977514743805,0.33592814207077026,-0.014419746585190296,0.27296319603919983,0.3514055013656616,-0.012235697358846664
25,0.2533824145793915,0.44348210096359253,-2.0605895656444773e-07,0.23467525839805603,0.42719364166259766,-0.009668446145951748,0.2261226922273636,0.3953690230846405,-0.014853713102638721,0.23648874461650848,0.36856794357299805,-0.020054256543517113,0.2526254653930664,0.36245617270469666,-0.023036886006593704,0.23143064975738525,0.3447720408439636,-0.004741760902106762,0.23012462258338928,0.29898226261138916,-0.0160843338817358,0.227157860994339,0.31634649634361267,-0.021710820496082306,0.22701814770698547,0.3443199098110199,-0.02352212741971016,0.24643169343471527,0.34156113862991333,-0.004633639473468065,0.24699175357818604,0.2878948152065277,-0.01720009744167328,0.2421369105577469,0.3135736882686615,-0.019948752596974373,0.2425248622894287,0.34341350197792053,-0.018110090866684914,0.26107168197631836,0.3471178114414215,-0.0066170948557555676,0.2632986605167389,0.3046310245990753,-0.018338803201913834,0.25740963220596313,0.3242751657962799,-0.017252380028367043,0.2571926712989807,0.3486618101596832,-0.012748870067298412,0.27660292387008667,0.3609963357448578,-0.009635522030293941,0.27917125821113586,0.3281671702861786,-0.017335442826151848,0.2737312614917755,0.3363744616508484,-0.017050648108124733,0.27094969153404236,0.3546431362628937,-0.014458556659519672,0.7193990349769592,0.41539427638053894,-2.311557238954265e-07,0.6983169317245483,0.3913002908229828,-0.005033466033637524,0.6861175298690796,0.3566482663154602,-0.00849178433418274,0.6950312852859497,0.333030104637146,-0.014009734615683556,0.709899365901947,0.3370336592197418,-0.018180951476097107,0.696148693561554,0.3051983416080475,0.003799940226599574,0.6938028335571289,0.2625846266746521,-0.00654049264267087,0.6900252103805542,0.2884289026260376,-0.013761213049292564,0.6919444799423218,0.3126166760921478,-0.017574841156601906,0.7087545990943909,0.30409443378448486,0.000871025025844574,0.7078834772109985,0.25531744956970215,-0.010335083119571209,0.702157735824585,0.28800836205482483,-0.014331168495118618,0.7033827900886536,0.31437304615974426,-0.01431486289948225,0.7218455076217651,0.30814799666404724,-0.004240521229803562,0.7222002148628235,0.26075127720832825,-0.01342764776200056,0.7152602672576904,0.2889254093170166,-0.01270647905766964,0.7153105735778809,0.3159404993057251,-0.009483451023697853,0.7362045049667358,0.3186933994293213,-0.010456711053848267,0.7349116802215576,0.28221866488456726,-0.0153648154810071,0.7273484468460083,0.2954837679862976,-0.014573254622519016,0.7252005338668823,0.3157600164413452,-0.012677138671278954
26,0.25484099984169006,0.4464084506034851,-2.0888880669645005e-07,0.23464347422122955,0.4297022521495819,-0.007876868359744549,0.2255915105342865,0.3962443470954895,-0.011411360464990139,0.2365763932466507,0.3690255582332611,-0.015327577479183674,0.2528589367866516,0.36646491289138794,-0.017176302149891853,0.23036539554595947,0.3464674651622772,-0.0017139390110969543,0.22845882177352905,0.3008674681186676,-0.011445840820670128,0.22587105631828308,0.31831878423690796,-0.01634884811937809,0.2262997329235077,0.34560203552246094,-0.018026169389486313,0.24580201506614685,0.3424980342388153,-0.00218803808093071,0.24554871022701263,0.2886148989200592,-0.013154689222574234,0.24160607159137726,0.3150177597999573,-0.015758678317070007,0.2424040585756302,0.3451173007488251,-0.01419494766741991,0.26083463430404663,0.34763529896736145,-0.004605157300829887,0.2628456950187683,0.30443593859672546,-0.014971405267715454,0.25779467821121216,0.32509028911590576,-0.01425822451710701,0.25758132338523865,0.3497345745563507,-0.01043611764907837,0.2768299877643585,0.3610798120498657,-0.007973898202180862,0.2795608937740326,0.3296924829483032,-0.01522471196949482,0.27411946654319763,0.3380905091762543,-0.015435952693223953,0.2711123526096344,0.35577917098999023,-0.013452467508614063,0.7191458344459534,0.41648048162460327,-2.375442704760644e-07,0.6982858777046204,0.39160600304603577,-0.0047721597366034985,0.6863966584205627,0.3567201495170593,-0.008207041770219803,0.6954208612442017,0.3328849673271179,-0.013758596032857895,0.7105388045310974,0.33790335059165955,-0.017853867262601852,0.6962599158287048,0.3055640161037445,0.004003758542239666,0.694221556186676,0.2623087763786316,-0.006869386415928602,0.6900802254676819,0.2898938059806824,-0.014316239394247532,0.6918871998786926,0.3147006332874298,-0.018114807084202766,0.7087862491607666,0.30482786893844604,0.0008896546205505729,0.7082588076591492,0.2552970051765442,-0.01052507758140564,0.7022587656974792,0.2885756194591522,-0.014270386658608913,0.7034302353858948,0.3146551251411438,-0.01395853329449892,0.7219197154045105,0.30894744396209717,-0.004467803984880447,0.7225744724273682,0.26097896695137024,-0.013628409244120121,0.7153729200363159,0.28994160890579224,-0.012337521649897099,0.7153628468513489,0.31668511033058167,-0.008665121160447598,0.7363436818122864,0.31942546367645264,-0.01095565315335989,0.7351692914962769,0.28265318274497986,-0.015605895780026913,0.7274234294891357,0.2966105043888092,-0.014389706775546074,0.7253750562667847,0.3169991672039032,-0.01216211263090372
27,0.25484099984169006,0.4464084506034851,-2.0888880669645005e-07,0.23464347422122955,0.4297022521495819,-0.007876868359744549,0.2255915105342865,0.3962443470954895,-0.011411360464990139,0.2365763932466507,0.3690255582332611,-0.015327577479183674,0.2528589367866516,0.36646491289138794,-0.017176302149891853,0.23036539554595947,0.3464674651622772,-0.0017139390110969543,0.22845882177352905,0.3008674681186676,-0.011445840820670128,0.22587105631828308,0.31831878423690796,-0.01634884811937809,0.2262997329235077,0.34560203552246094,-0.018026169389486313,0.24580201506614685,0.3424980342388153,-0.00218803808093071,0.24554871022701263,0.2886148989200592,-0.013154689222574234,0.24160607159137726,0.3150177597999573,-0.015758678317070007,0.2424040585756302,0.3451173007488251,-0.01419494766741991,0.26083463430404663,0.34763529896736145,-0.004605157300829887,0.2628456950187683,0.30443593859672546,-0.014971405267715454,0.25779467821121216,0.32509028911590576,-0.01425822451710701,0.25758132338523865,0.3497345745563507,-0.01043611764907837,0.2768299877643585,0.3610798120498657,-0.007973898202180862,0.2795608937740326,0.3296924829483032,-0.01522471196949482,0.27411946654319763,0.3380905091762543,-0.015435952693223953,0.2711123526096344,0.35577917098999023,-0.013452467508614063,0.7191458344459534,0.41648048162460327,-2.375442704760644e-07,0.6982858777046204,0.39160600304603577,-0.0047721597366034985,0.6863966584205627,0.3567201495170593,-0.008207041770219803,0.6954208612442017,0.3328849673271179,-0.013758596032857895,0.7105388045310974,0.33790335059165955,-0.017853867262601852,0.6962599158287048,0.3055640161037445,0.004003758542239666,0.694221556186676,0.2623087763786316,-0.006869386415928602,0.6900802254676819,0.2898938059806824,-0.014316239394247532,0.6918871998786926,0.3147006332874298,-0.018114807084202766,0.7087862491607666,0.30482786893844604,0.0008896546205505729,0.7082588076591492,0.2552970051765442,-0.01052507758140564,0.7022587656974792,0.2885756194591522,-0.014270386658608913,0.7034302353858948,0.3146551251411438,-0.01395853329449892,0.7219197154045105,0.30894744396209717,-0.004467803984880447,0.7225744724273682,0.26097896695137024,-0.013628409244120121,0.7153729200363159,0.28994160890579224,-0.012337521649897099,0.7153628468513489,0.31668511033058167,-0.008665121160447598,0.7363436818122864,0.31942546367645264,-0.01095565315335989,0.7351692914962769,0.28265318274497986,-0.015605895780026913,0.7274234294891357,0.2966105043888092,-0.014389706775546074,0.7253750562667847,0.3169991672039032,-0.01216211263090372
28,0.2536453604698181,0.4451993405818939,-2.2578916514248704e-07,0.2342238426208496,0.4278537631034851,-0.009003214538097382,0.22522754967212677,0.3938371539115906,-0.013289599679410458,0.23511002957820892,0.3657015562057495,-0.017862403765320778,0.25137168169021606,0.36170095205307007,-0.02033771574497223,0.2317710667848587,0.3423187732696533,-0.0024217749014496803,0.2306351363658905,0.29871147871017456,-0.01325419545173645,0.22638440132141113,0.31654927134513855,-0.019091172143816948,0.22576600313186646,0.3440391421318054,-0.021273942664265633,0.24667809903621674,0.33958539366722107,-0.0027019961271435022,0.2469496726989746,0.2882223129272461,-0.014682632870972157,0.24087639153003693,0.31275060772895813,-0.017730168998241425,0.24116511642932892,0.342405766248703,-0.016265790909528732,0.261310338973999,0.34623247385025024,-0.005142073146998882,0.2634894549846649,0.30402547121047974,-0.0164662953466177,0.2568472623825073,0.3224145472049713,-0.01598319225013256,0.2568443715572357,0.34739676117897034,-0.01199865248054266,0.2770107388496399,0.361199289560318,-0.008633400313556194,0.2789716124534607,0.3288264572620392,-0.016333160921931267,0.27316173911094666,0.3352445662021637,-0.01660667173564434,0.2709815502166748,0.3537634015083313,-0.014449563808739185,0.7199069261550903,0.41726407408714294,-2.441366859784466e-07,0.698602557182312,0.3927917182445526,-0.004754815250635147,0.6860476136207581,0.3579699695110321,-0.00811951607465744,0.6948403716087341,0.33334654569625854,-0.01359410397708416,0.7101253867149353,0.3376903831958771,-0.01767880469560623,0.696251630783081,0.30667194724082947,0.0037828986532986164,0.693956196308136,0.26219743490219116,-0.006990781053900719,0.6898592710494995,0.2886550724506378,-0.01447598822414875,0.6916653513908386,0.31339940428733826,-0.018406393006443977,0.7089877724647522,0.3057425618171692,0.0007538485806435347,0.7085980176925659,0.2553354799747467,-0.010179165750741959,0.7022650241851807,0.2886494994163513,-0.01372245792299509,0.7032599449157715,0.31452739238739014,-0.013601654209196568,0.7221532464027405,0.30974677205085754,-0.0045099700801074505,0.7234170436859131,0.2608051598072052,-0.01342692505568266,0.7155718207359314,0.2897269129753113,-0.012037119828164577,0.7152568697929382,0.3168511390686035,-0.008547669276595116,0.7367193698883057,0.32038387656211853,-0.010897984728217125,0.735837459564209,0.2827658951282501,-0.015574161894619465,0.7275523543357849,0.2967633306980133,-0.014414883218705654,0.7250520586967468,0.31781816482543945,-0.012394705787301064
29,0.2551654279232025,0.4508405029773712,-1.9579580623485526e-07,0.2352636456489563,0.43227773904800415,-0.008686516433954239,0.22604987025260925,0.398043155670166,-0.012704109773039818,0.2369842678308487,0.3699151873588562,-0.017159271985292435,0.253933846950531,0.3693234920501709,-0.019515439867973328,0.23100890219211578,0.3482288122177124,-0.0007416645530611277,0.22853638231754303,0.30200764536857605,-0.01081523671746254,0.22436000406742096,0.3179452419281006,-0.01650361716747284,0.22447076439857483,0.3445131182670593,-0.01874813251197338,0.24634036421775818,0.3446490466594696,-0.0010053656296804547,0.2461291253566742,0.2889401614665985,-0.01219884678721428,0.24016615748405457,0.3117106258869171,-0.015330029651522636,0.24029217660427094,0.34093061089515686,-0.0141169223934412,0.26076456904411316,0.3497205078601837,-0.0034381707664579153,0.2632683217525482,0.3041384220123291,-0.013923494145274162,0.256447434425354,0.3215538263320923,-0.013635491952300072,0.2555857300758362,0.3463036119937897,-0.009992731735110283,0.27643588185310364,0.3634244501590729,-0.006985235493630171,0.2798302471637726,0.32971006631851196,-0.013871661387383938,0.27365487813949585,0.33543574810028076,-0.01409970037639141,0.2701893746852875,0.353025883436203,-0.012183872051537037,0.7194875478744507,0.4175712466239929,-2.4199218273679435e-07,0.6982681155204773,0.39344489574432373,-0.004968972411006689,0.6857810616493225,0.3588506281375885,-0.008491761982440948,0.6946781873703003,0.33413365483283997,-0.014079800806939602,0.7100885510444641,0.3382144868373871,-0.018257752060890198,0.6958333849906921,0.307923823595047,0.003371509490534663,0.6935737133026123,0.2629733085632324,-0.007381304167211056,0.6895799040794373,0.28961169719696045,-0.01480052899569273,0.6915343403816223,0.31443989276885986,-0.01870838925242424,0.7087541818618774,0.30688008666038513,0.0004549287259578705,0.7084463834762573,0.25653788447380066,-0.010459864512085915,0.7022081613540649,0.2900436818599701,-0.01398125197738409,0.7032772302627563,0.3159863352775574,-0.01388213224709034,0.7219903469085693,0.3107222616672516,-0.004689943511039019,0.7232442498207092,0.2618800103664398,-0.013527048751711845,0.7153844237327576,0.2906681299209595,-0.01216399297118187,0.7151222825050354,0.3178059160709381,-0.00873106811195612,0.7365756630897522,0.3211033046245575,-0.010979886166751385,0.7357009649276733,0.28339922428131104,-0.015600831247866154,0.727340817451477,0.29710862040519714,-0.0144876167178154,0.7247703671455383,0.3182365596294403,-0.012524082325398922
30,0.2561436593532562,0.45441779494285583,-2.0399679101501533e-07,0.23520497977733612,0.4359188973903656,-0.008040142245590687,0.2262493520975113,0.3994388282299042,-0.011047041974961758,0.23663772642612457,0.37044963240623474,-0.014533637091517448,0.2529389262199402,0.3686469793319702,-0.01582818105816841,0.23138901591300964,0.3511839807033539,-0.00017050476162694395,0.22964349389076233,0.3033495843410492,-0.010080024600028992,0.22535838186740875,0.3174270689487457,-0.015147906728088856,0.2255786508321762,0.3439115583896637,-0.016814928501844406,0.24661296606063843,0.3480589985847473,-0.0005247385706752539,0.24675321578979492,0.28921353816986084,-0.012055215425789356,0.2402687668800354,0.309915155172348,-0.014862572774291039,0.24063974618911743,0.33894777297973633,-0.013112619519233704,0.2610607147216797,0.35296857357025146,-0.003021545708179474,0.26395076513290405,0.3035874366760254,-0.013800435699522495,0.25640276074409485,0.31939488649368286,-0.013467557728290558,0.2555404603481293,0.34379470348358154,-0.009496750310063362,0.2766512632369995,0.36598512530326843,-0.006552068050950766,0.2805127501487732,0.3286435008049011,-0.013579879887402058,0.27423977851867676,0.3322104215621948,-0.013978983275592327,0.27078983187675476,0.34999528527259827,-0.012045535258948803,0.7195279598236084,0.4174478352069855,-2.4352470973099116e-07,0.6985723972320557,0.3938596844673157,-0.005081368610262871,0.6861401200294495,0.3589596152305603,-0.008747647516429424,0.694970428943634,0.33411532640457153,-0.014399117790162563,0.7101293206214905,0.33707958459854126,-0.01861443556845188,0.6957468390464783,0.30775243043899536,0.002905010711401701,0.6933459043502808,0.26298877596855164,-0.007961469702422619,0.6894970536231995,0.2899191379547119,-0.01545435469597578,0.6913465857505798,0.31475186347961426,-0.019396720454096794,0.7086451649665833,0.3066897988319397,5.946780675003538e-06,0.7080411911010742,0.25650104880332947,-0.010793509893119335,0.7021117210388184,0.2897707223892212,-0.014235771261155605,0.7031048536300659,0.31534093618392944,-0.014179359190165997,0.721957266330719,0.31039464473724365,-0.005113860126584768,0.7231012582778931,0.26151466369628906,-0.013908919878304005,0.7155946493148804,0.290451318025589,-0.012390714138746262,0.7153089642524719,0.31735289096832275,-0.008952755481004715,0.7367270588874817,0.320601224899292,-0.0113752456381917,0.7355036735534668,0.28328222036361694,-0.01600499637424946,0.7270931005477905,0.29767876863479614,-0.014742040075361729,0.7244063019752502,0.31878653168678284,-0.01272350549697876
31,0.2561436593532562,0.45441779494285583,-2.0399679101501533e-07,0.23520497977733612,0.4359188973903656,-0.008040142245590687,0.2262493520975113,0.3994388282299042,-0.011047041974961758,0.23663772642612457,0.37044963240623474,-0.014533637091517448,0.2529389262199402,0.3686469793319702,-0.01582818105816841,0.23138901591300964,0.3511839807033539,-0.00017050476162694395,0.22964349389076233,0.3033495843410492,-0.010080024600028992,0.22535838186740875,0.3174270689487457,-0.015147906728088856,0.2255786508321762,0.3439115583896637,-0.016814928501844406,0.24661296606063843,0.3480589985847473,-0.0005247385706752539,0.24675321578979492,0.28921353816986084,-0.012055215425789356,0.2402687668800354,0.309915155172348,-0.014862572774291039,0.24063974618911743,0.33894777297973633,-0.013112619519233704,0.2610607147216797,0.35296857357025146,-0.003021545708179474,0.26395076513290405,0.3035874366760254,-0.013800435699522495,0.25640276074409485,0.31939488649368286,-0.013467557728290558,0.2555404603481293,0.34379470348358154,-0.009496750310063362,0.2766512632369995,0.36598512530326843,-0.006552068050950766,0.2805127501487732,0.3286435008049011,-0.013579879887402058,0.27423977851867676,0.3322104215621948,-0.013978983275592327,0.27078983187675476,0.34999528527259827,-0.012045535258948803,0.7195279598236084,0.4174478352069855,-2.4352470973099116e-07,0.6985723972320557,0.3938596844673157,-0.005081368610262871,0.6861401200294495,0.3589596152305603,-0.008747647516429424,0.694970428943634,0.33411532640457153,-0.014399117790162563,0.7101293206214905,0.33707958459854126,-0.01861443556845188,0.6957468390464783,0.30775243043899536,0.002905010711401701,0.6933459043502808,0.26298877596855164,-0.007961469702422619,0.6894970536231995,0.2899191379547119,-0.01545435469597578,0.6913465857505798,0.31475186347961426,-0.019396720454096794,0.7086451649665833,0.3066897988319397,5.946780675003538e-06,0.7080411911010742,0.25650104880332947,-0.010793509893119335,0.7021117210388184,0.2897707223892212,-0.014235771261155605,0.7031048536300659,0.31534093618392944,-0.014179359190165997,0.721957266330719,0.31039464473724365,-0.005113860126584768,0.7231012582778931,0.26151466369628906,-0.013908919878304005,0.7155946493148804,0.290451318025589,-0.012390714138746262,0.7153089642524719,0.31735289096832275,-0.008952755481004715,0.7367270588874817,0.320601224899292,-0.0113752456381917,0.7355036735534668,0.28328222036361694,-0.01600499637424946,0.7270931005477905,0.29767876863479614,-0.014742040075361729,0.7244063019752502,0.31878653168678284,-0.01272350549697876
32,0.25524455308914185,0.4498876929283142,-2.1406491157449636e-07,0.23492906987667084,0.4318385720252991,-0.008427165448665619,0.22615088522434235,0.3984638452529907,-0.012196418829262257,0.2359050065279007,0.36943045258522034,-0.01634446159005165,0.2514811158180237,0.36355337500572205,-0.018232235684990883,0.2315717488527298,0.3480887711048126,-0.0012897074921056628,0.2303466945886612,0.29986417293548584,-0.011948567815124989,0.22617608308792114,0.31550896167755127,-0.017461325973272324,0.22536629438400269,0.3434295952320099,-0.0192014928907156,0.24662064015865326,0.3448546528816223,-0.0014997342368587852,0.24717111885547638,0.28795263171195984,-0.013649111613631248,0.24113403260707855,0.31135493516921997,-0.016780318692326546,0.24091914296150208,0.3414771258831024,-0.015150049701333046,0.2608747184276581,0.35002854466438293,-0.003867848077788949,0.2637191414833069,0.30288368463516235,-0.015114939771592617,0.2573716342449188,0.31938546895980835,-0.014671009965240955,0.2569974362850189,0.3449457585811615,-0.010586244985461235,0.2762968838214874,0.3637707829475403,-0.00725770415738225,0.27986645698547363,0.3289203643798828,-0.014827979728579521,0.27453041076660156,0.3337593376636505,-0.015339094214141369,0.2718179523944855,0.3520740568637848,-0.01333183329552412,0.719436526298523,0.41841432452201843,-2.4532167230972846e-07,0.6985507011413574,0.3937690556049347,-0.0044317045249044895,0.686339795589447,0.3590007424354553,-0.007813847623765469,0.6952379941940308,0.33420974016189575,-0.013421069830656052,0.7103090286254883,0.3382483720779419,-0.0176205113530159,0.6958215236663818,0.3074752390384674,0.0039832135662436485,0.694067120552063,0.2626400589942932,-0.0070626335218548775,0.6896985173225403,0.2902543544769287,-0.014647791162133217,0.6914096474647522,0.31489112973213196,-0.018582232296466827,0.7085461616516113,0.3069598972797394,0.0006299449596554041,0.7083778977394104,0.2565058171749115,-0.010366348549723625,0.7020529508590698,0.2897671163082123,-0.013827322982251644,0.703122615814209,0.3149273693561554,-0.013678735122084618,0.7216888666152954,0.31114721298217773,-0.004994867369532585,0.7230860590934753,0.2620971202850342,-0.013864136300981045,0.7151190638542175,0.29081621766090393,-0.012169410474598408,0.7146097421646118,0.3171827495098114,-0.00852709636092186,0.7362025380134583,0.32152190804481506,-0.011736610904335976,0.7357963919639587,0.2837378680706024,-0.015968404710292816,0.7270605564117432,0.29793184995651245,-0.014301583170890808,0.7241429090499878,0.31879478693008423,-0.012015420012176037
33,0.25567135214805603,0.445651650428772,-2.2281723488504213e-07,0.23567147552967072,0.42771846055984497,-0.007260122336447239,0.22647131979465485,0.3953842520713806,-0.010465974919497967,0.23652906715869904,0.3658215403556824,-0.014149963855743408,0.2522270381450653,0.36151018738746643,-0.015665899962186813,0.23133045434951782,0.343962699174881,0.00041798449819907546,0.2303173840045929,0.2958335280418396,-0.00920672807842493,0.22687973082065582,0.31215131282806396,-0.013980324380099773,0.22608119249343872,0.3389730751514435,-0.015364005230367184,0.24688325822353363,0.3405912220478058,-9.176544699585065e-05,0.2472802847623825,0.2858720123767853,-0.011164955794811249,0.24213242530822754,0.3119831383228302,-0.013407258316874504,0.24215249717235565,0.3402835428714752,-0.01123982947319746,0.26140910387039185,0.3455159664154053,-0.002630733186379075,0.2633505165576935,0.30261582136154175,-0.013299858197569847,0.25754937529563904,0.32367706298828125,-0.01156867016106844,0.25754642486572266,0.3478893041610718,-0.006645729299634695,0.27709534764289856,0.35935741662979126,-0.006051892414689064,0.2791003882884979,0.3259667158126831,-0.012787247076630592,0.274070143699646,0.33614805340766907,-0.011647910811007023,0.27233949303627014,0.35474497079849243,-0.008450772613286972,0.7200767993927002,0.4184461832046509,-2.3760271972150804e-07,0.6988425850868225,0.39439818263053894,-0.00505100330337882,0.6862727999687195,0.35947996377944946,-0.008569888770580292,0.6951393485069275,0.3351917266845703,-0.014153995551168919,0.7100613713264465,0.3396456241607666,-0.01835085079073906,0.6961348652839661,0.3082030415534973,0.0032487560529261827,0.6938658356666565,0.2630283236503601,-0.007594457361847162,0.6897225975990295,0.28962090611457825,-0.015026664361357689,0.6914267539978027,0.31441283226013184,-0.018905332311987877,0.7088044881820679,0.3073495328426361,0.0002507166936993599,0.7081470489501953,0.256843626499176,-0.010751600377261639,0.7021135687828064,0.2895139753818512,-0.01441345363855362,0.7033143639564514,0.3150189220905304,-0.014403781853616238,0.7219087481498718,0.31146112084388733,-0.004999418277293444,0.7229722738265991,0.26237091422080994,-0.013980458490550518,0.7155459523200989,0.29041504859924316,-0.012890705838799477,0.7154055237770081,0.31710922718048096,-0.009651112370193005,0.7365240454673767,0.3219783902168274,-0.011391171254217625,0.7357608079910278,0.2844962775707245,-0.01616833731532097,0.7275015115737915,0.2979075610637665,-0.015192571096122265,0.7248870730400085,0.3186105787754059,-0.013321679085493088
34,0.2556503713130951,0.43624183535575867,-2.3184924202723778e-07,0.2360391765832901,0.4186128079891205,-0.00728009594604373,0.22679448127746582,0.38935983180999756,-0.011044180952012539,0.2367262989282608,0.36253049969673157,-0.015204605646431446,0.2515409588813782,0.352998822927475,-0.017424317076802254,0.23284921050071716,0.3385654389858246,-0.0009402558207511902,0.23106102645397186,0.2948843240737915,-0.010790210217237473,0.22743168473243713,0.31139466166496277,-0.01601015403866768,0.22668689489364624,0.3383304476737976,-0.0177201796323061,0.24804672598838806,0.33498698472976685,-0.0013936558971181512,0.24774250388145447,0.28299015760421753,-0.012596087530255318,0.2424764484167099,0.3082429766654968,-0.01546583790332079,0.24261268973350525,0.33647823333740234,-0.014028382487595081,0.26274698972702026,0.3402087092399597,-0.003726059105247259,0.26399511098861694,0.29973655939102173,-0.014052852988243103,0.25826141238212585,0.3211282789707184,-0.013046355918049812,0.2583904564380646,0.3455938696861267,-0.009037659503519535,0.27862852811813354,0.3548445403575897,-0.0068449298851192,0.27898988127708435,0.3225504159927368,-0.012804568745195866,0.27402445673942566,0.3330916166305542,-0.011718813329935074,0.2727617919445038,0.3518517017364502,-0.008949964307248592,0.7201458811759949,0.41817301511764526,-2.43282613610063e-07,0.6991217732429504,0.3950510621070862,-0.004604945424944162,0.6864590048789978,0.35958561301231384,-0.00790758989751339,0.6951978802680969,0.3337387442588806,-0.013324670493602753,0.7101988792419434,0.33818790316581726,-0.017285101115703583,0.6958913803100586,0.3072444498538971,0.003898456459864974,0.6941819190979004,0.26247477531433105,-0.006895211059600115,0.6898832321166992,0.28985595703125,-0.014149167574942112,0.6918339729309082,0.3138696253299713,-0.017893314361572266,0.7087383270263672,0.30636435747146606,0.0006713260663673282,0.7086291313171387,0.25630220770835876,-0.010002104565501213,0.70228511095047,0.2892768979072571,-0.013041977770626545,0.703372597694397,0.31385448575019836,-0.012589269317686558,0.7219728231430054,0.3102026581764221,-0.0048477123491466045,0.7231389880180359,0.26175105571746826,-0.01362683530896902,0.7153339385986328,0.29085782170295715,-0.01163555309176445,0.7151156067848206,0.31664717197418213,-0.007782767992466688,0.7366317510604858,0.3202955722808838,-0.011482585221529007,0.7355234622955322,0.28325241804122925,-0.015629829838871956,0.726982831954956,0.2984679639339447,-0.013721644878387451,0.7246866226196289,0.31917309761047363,-0.011258804239332676
35,0.2556503713130951,0.43624183535575867,-2.3184924202723778e-07,0.2360391765832901,0.4186128079891205,-0.00728009594604373,0.22679448127746582,0.38935983180999756,-0.011044180952012539,0.2367262989282608,0.36253049969673157,-0.015204605646431446,0.2515409588813782,0.352998822927475,-0.017424317076802254,0.23284921050071716,0.3385654389858246,-0.0009402558207511902,0.23106102645397186,0.2948843240737915,-0.010790210217237473,0.22743168473243713,0.31139466166496277,-0.01601015403866768,0.22668689489364624,0.3383304476737976,-0.0177201796323061,0.24804672598838806,0.33498698472976685,-0.0013936558971181512,0.24774250388145447,0.28299015760421753,-0.012596087530255318,0.2424764484167099,0.3082429766654968,-0.01546583790332079,0.24261268973350525,0.33647823333740234,-0.014028382487595081,0.26274698972702026,0.3402087092399597,-0.003726059105247259,0.26399511098861694,0.29973655939102173,-0.014052852988243103,0.25826141238212585,0.3211282789707184,-0.013046355918049812,0.2583904564380646,0.3455938696861267,-0.009037659503519535,0.27862852811813354,0.3548445403575897,-0.0068449298851192,0.27898988127708435,0.3225504159927368,-0.012804568745195866,0.27402445673942566,0.3330916166305542,-0.011718813329935074,0.2727617919445038,0.3518517017364502,-0.008949964307248592,0.7201458811759949,0.41817301511764526,-2.43282613610063e-07,0.6991217732429504,0.3950510621070862,-0.004604945424944162,0.6864590048789978,0.35958561301231384,-0.00790758989751339,0.6951978802680969,0.3337387442588806,-0.013324670493602753,0.7101988792419434,0.33818790316581726,-0.017285101115703583,0.6958913803100586,0.3072444498538971,0.003898456459864974,0.6941819190979004,0.26247477531433105,-0.006895211059600115,0.6898832321166992,0.28985595703125,-0.014149167574942112,0.6918339729309082,0.3138696253299713,-0.017893314361572266,0.7087383270263672,0.30636435747146606,0.0006713260663673282,0.7086291313171387,0.25630220770835876,-0.010002104565501213,0.70228511095047,0.2892768979072571,-0.013041977770626545,0.703372597694397,0.31385448575019836,-0.012589269317686558,0.7219728231430054,0.3102026581764221,-0.0048477123491466045,0.7231389880180359,0.26175105571746826,-0.01362683530896902,0.7153339385986328,0.29085782170295715,-0.01163555309176445,0.7151156067848206,0.31664717197418213,-0.007782767992466688,0.7366317510604858,0.3202955722808838,-0.011482585221529007,0.7355234622955322,0.28325241804122925,-0.015629829838871956,0.726982831954956,0.2984679639339447,-0.013721644878387451,0.7246866226196289,0.31917309761047363,-0.011258804239332676
36,0.25554361939430237,0.4400266110897064,-2.2157405510370154e-07,0.23610615730285645,0.4217952787876129,-0.007408948615193367,0.22725144028663635,0.39012590050697327,-0.01097007468342781,0.23708829283714294,0.36251863837242126,-0.015033395029604435,0.2521606683731079,0.3544922173023224,-0.01700562983751297,0.2336886078119278,0.3398049771785736,-0.0013821476604789495,0.23253236711025238,0.2936381995677948,-0.011564076878130436,0.2285468578338623,0.30799368023872375,-0.01631973311305046,0.22727446258068085,0.3348083794116974,-0.017415108159184456,0.2487279325723648,0.337573379278183,-0.001816586242057383,0.24877925217151642,0.2832373380661011,-0.013634159229695797,0.24315723776817322,0.30661118030548096,-0.015961168333888054,0.2428719699382782,0.33616316318511963,-0.013658269308507442,0.26323261857032776,0.3437592387199402,-0.0042134542018175125,0.2650119960308075,0.29967057704925537,-0.015468589961528778,0.25879958271980286,0.31807637214660645,-0.01405215635895729,0.2582549452781677,0.3434427082538605,-0.009073055349290371,0.27855899930000305,0.3586060702800751,-0.007435985840857029,0.28180256485939026,0.3235183656215668,-0.014692827127873898,0.2761647701263428,0.32956480979919434,-0.014035769738256931,0.2730177640914917,0.3480244278907776,-0.010967690497636795,0.7203617095947266,0.4186762571334839,-2.521937290111964e-07,0.6991490721702576,0.395294189453125,-0.004455221816897392,0.6864995360374451,0.3603886067867279,-0.007775481324642897,0.6947442889213562,0.33457574248313904,-0.01324985921382904,0.7094588875770569,0.3360583186149597,-0.017302513122558594,0.6962694525718689,0.3083436191082001,0.003547240514308214,0.6942691206932068,0.26267391443252563,-0.007553477305918932,0.6896209716796875,0.28978297114372253,-0.01490326039493084,0.6915827393531799,0.31423190236091614,-0.018635926768183708,0.7090900540351868,0.3075704872608185,0.0002129694912582636,0.7092536687850952,0.256117582321167,-0.010787439532577991,0.7022411227226257,0.2891255021095276,-0.013865886256098747,0.7031306028366089,0.31408438086509705,-0.013403882272541523,0.7222421169281006,0.3113768398761749,-0.005388523917645216,0.7236171960830688,0.26217952370643616,-0.014459067955613136,0.7152271270751953,0.2914525270462036,-0.012349259108304977,0.7148611545562744,0.31764286756515503,-0.008364862762391567,0.7368345856666565,0.32148438692092896,-0.012070832774043083,0.7357574701309204,0.283460408449173,-0.016341382637619972,0.7269666790962219,0.29868021607398987,-0.01433181669563055,0.724517285823822,0.31982699036598206,-0.011797030456364155
37,0.2551082670688629,0.43759608268737793,-2.239294474293274e-07,0.23604179918766022,0.41700083017349243,-0.006776286754757166,0.22793234884738922,0.3863377571105957,-0.009939770214259624,0.2387639731168747,0.36019909381866455,-0.013799089938402176,0.2539167106151581,0.3531593680381775,-0.01570451259613037,0.23434750735759735,0.33741867542266846,0.0016796969575807452,0.23241037130355835,0.2936704456806183,-0.007830328308045864,0.22842644155025482,0.3092898428440094,-0.013387523591518402,0.2273871898651123,0.3357038199901581,-0.01527184434235096,0.24920013546943665,0.33559730648994446,0.0012059254804626107,0.24828387796878815,0.2827000617980957,-0.00999405700713396,0.24256333708763123,0.306875616312027,-0.013634026981890202,0.24261674284934998,0.3373227119445801,-0.012619485147297382,0.26332956552505493,0.3416662812232971,-0.001208350993692875,0.26457321643829346,0.29826346039772034,-0.011500378139317036,0.25815466046333313,0.3173806071281433,-0.011072074063122272,0.25766274333000183,0.34379205107688904,-0.007150772958993912,0.27808240056037903,0.3563621938228607,-0.0044521368108689785,0.2809451222419739,0.32249554991722107,-0.010111338458955288,0.2755521237850189,0.32814347743988037,-0.009279711171984673,0.27262037992477417,0.3457905352115631,-0.006553041748702526,0.7197352051734924,0.4186258316040039,-2.4480465299348e-07,0.6986964344978333,0.3957129418849945,-0.004768065642565489,0.6860319375991821,0.3600490987300873,-0.008151221089065075,0.6948769092559814,0.3346230983734131,-0.013549432158470154,0.7099463939666748,0.3394831120967865,-0.017439894378185272,0.6955884099006653,0.30773594975471497,0.003324560122564435,0.69358891248703,0.26322662830352783,-0.007640618830919266,0.6892656087875366,0.2915072441101074,-0.01486692763864994,0.6913809180259705,0.3157372772693634,-0.018575545400381088,0.7085855603218079,0.3068018853664398,0.0001391333935316652,0.7085756063461304,0.2565453052520752,-0.010668712668120861,0.7019730806350708,0.2900235950946808,-0.013445672579109669,0.702997624874115,0.3143502473831177,-0.012779896147549152,0.7218802571296692,0.31082308292388916,-0.00533961970359087,0.7232785820960999,0.2625182569026947,-0.014251136220991611,0.715181827545166,0.29204392433166504,-0.011907938867807388,0.7149443626403809,0.3174856901168823,-0.0077967396937310696,0.7365432977676392,0.3212968111038208,-0.011941147968173027,0.7354397773742676,0.2842564582824707,-0.016125615686178207,0.726631224155426,0.299846351146698,-0.01400669664144516,0.7242887020111084,0.32048946619033813,-0.011392952874302864
38,0.2551082670688629,0.43759608268737793,-2.239294474293274e-07,0.23604179918766022,0.41700083017349243,-0.006776286754757166,0.22793234884738922,0.3863377571105957,-0.009939770214259624,0.2387639731168747,0.36019909381866455,-0.013799089938402176,0.2539167106151581,0.3531593680381775,-0.01570451259613037,0.23434750735759735,0.33741867542266846,0.0016796969575807452,0.23241037130355835,0.2936704456806183,-0.007830328308045864,0.22842644155025482,0.3092898428440094,-0.013387523591518402,0.2273871898651123,0.3357038199901581,-0.01527184434235096,0.24920013546943665,0.33559730648994446,0.0012059254804626107,0.24828387796878815,0.2827000617980957,-0.00999405700713396,0.24256333708763123,0.306875616312027,-0.013634026981890202,0.24261674284934998,0.3373227119445801,-0.012619485147297382,0.26332956552505493,0.3416662812232971,-0.001208350993692875,0.26457321643829346,0.29826346039772034,-0.011500378139317036,0.25815466046333313,0.3173806071281433,-0.011072074063122272,0.25766274333000183,0.34379205107688904,-0.007150772958993912,0.27808240056037903,0.3563621938228607,-0.0044521368108689785,0.2809451222419739,0.32249554991722107,-0.010111338458955288,0.2755521237850189,0.32814347743988037,-0.009279711171984673,0.27262037992477417,0.3457905352115631,-0.006553041748702526,0.7197352051734924,0.4186258316040039,-2.4480465299348e-07,0.6986964344978333,0.3957129418849945,-0.004768065642565489,0.6860319375991821,0.3600490987300873,-0.008151221089065075,0.6948769092559814,0.3346230983734131,-0.013549432158470154,0.7099463939666748,0.3394831120967865,-0.017439894378185272,0.6955884099006653,0.30773594975471497,0.003324560122564435,0.69358891248703,0.26322662830352783,-0.007640618830919266,0.6892656087875366,0.2915072441101074,-0.01486692763864994,0.6913809180259705,0.3157372772693634,-0.018575545400381088,0.7085855603218079,0.3068018853664398,0.0001391333935316652,0.7085756063461304,0.2565453052520752,-0.010668712668120861,0.7019730806350708,0.2900235950946808,-0.013445672579109669,0.702997624874115,0.3143502473831177,-0.012779896147549152,0.7218802571296692,0.31082308292388916,-0.00533961970359087,0.7232785820960999,0.2625182569026947,-0.014251136220991611,0.715181827545166,0.29204392433166504,-0.011907938867807388,0.7149443626403809,0.3174856901168823,-0.0077967396937310696,0.7365432977676392,0.3212968111038208,-0.011941147968173027,0.7354397773742676,0.2842564582824707,-0.016125615686178207,0.726631224155426,0.299846351146698,-0.01400669664144516,0.7242887020111084,0.32048946619033813,-0.011392952874302864
39,0.2537795603275299,0.4315522313117981,-2.315078830861239e-07,0.23539696633815765,0.4121664762496948,-0.006392455194145441,0.2273503541946411,0.3836629390716553,-0.009527272544801235,0.23711390793323517,0.35826003551483154,-0.013250506483018398,0.25186145305633545,0.34960228204727173,-0.015190746635198593,0.23407888412475586,0.33460676670074463,0.0005700848414562643,0.23202025890350342,0.2923983633518219,-0.009233672171831131,0.22811667621135712,0.3064793646335602,-0.014635656028985977,0.22728592157363892,0.3332887887954712,-0.016335856169462204,0.24927069246768951,0.3331069350242615,0.00011754443403333426,0.24849556386470795,0.2815137207508087,-0.011539332568645477,0.24282239377498627,0.30515286326408386,-0.014892889186739922,0.2429857701063156,0.33580848574638367,-0.013495189137756824,0.26417621970176697,0.33952412009239197,-0.0021850706543773413,0.2649243474006653,0.2970026135444641,-0.012622230686247349,0.2588447332382202,0.3177606165409088,-0.012071422301232815,0.2589799463748932,0.34425851702690125,-0.008083711378276348,0.2791058123111725,0.35436373949050903,-0.005162273533642292,0.2797631621360779,0.3205469846725464,-0.011393969878554344,0.27429741621017456,0.3296883702278137,-0.01079310942441225,0.27252185344696045,0.3498122990131378,-0.008104562759399414,0.720570981502533,0.4195469319820404,-2.567826413724106e-07,0.699274480342865,0.3954521715641022,-0.004435395821928978,0.6860431432723999,0.3596673607826233,-0.008079571649432182,0.6936172842979431,0.33370810747146606,-0.013935168273746967,0.7085217833518982,0.33754125237464905,-0.018214158713817596,0.6952290534973145,0.306974858045578,0.0032958718948066235,0.6925824880599976,0.26128828525543213,-0.008279730565845966,0.6879032254219055,0.2903600335121155,-0.015852415934205055,0.6901606321334839,0.31589052081108093,-0.019627248868346214,0.7079759240150452,0.3064710795879364,-9.433977538719773e-05,0.7075966596603394,0.2554777264595032,-0.011423931457102299,0.7009950876235962,0.29006755352020264,-0.014286774210631847,0.7023665904998779,0.31545329093933105,-0.013558323495090008,0.7212938666343689,0.3100810945034027,-0.0057764980010688305,0.721998393535614,0.2606225609779358,-0.014670941047370434,0.7139691710472107,0.29098138213157654,-0.012159540317952633,0.7140470147132874,0.31749188899993896,-0.007892180234193802,0.7360645532608032,0.31987494230270386,-0.012613221071660519,0.7344344258308411,0.28153809905052185,-0.016627978533506393,0.7257004380226135,0.29696956276893616,-0.014493788592517376,0.723383367061615,0.31834715604782104,-0.01184780802577734
40,0.25497469305992126,0.4344409704208374,-2.2578365133085754e-07,0.2364925593137741,0.4170781970024109,-0.008767088875174522,0.22737348079681396,0.38559556007385254,-0.013210131786763668,0.2375626116991043,0.35838600993156433,-0.01796334981918335,0.25341546535491943,0.35191676020622253,-0.020812535658478737,0.23324696719646454,0.3352736234664917,-0.0027262563817203045,0.23179417848587036,0.29106056690216064,-0.013542171567678452,0.22760961949825287,0.3077085316181183,-0.01897791586816311,0.22699037194252014,0.33508649468421936,-0.020714344456791878,0.24801316857337952,0.33227625489234924,-0.0029613422229886055,0.2481139898300171,0.27968502044677734,-0.015176243148744106,0.24184170365333557,0.30449721217155457,-0.01800508238375187,0.24178127944469452,0.33414068818092346,-0.0161671731621027,0.2625617980957031,0.3380703926086426,-0.005279271397739649,0.2640049159526825,0.2971987724304199,-0.01729058101773262,0.25762245059013367,0.31959232687950134,-0.016746317967772484,0.25784334540367126,0.3453713357448578,-0.012456183321774006,0.27780503034591675,0.35200268030166626,-0.008466456085443497,0.27885863184928894,0.31925055384635925,-0.01650315336883068,0.2736395001411438,0.32980987429618835,-0.01632530800998211,0.2723153233528137,0.3493563234806061,-0.013723332434892654,0.7204256653785706,0.4187636077404022,-2.5313499918411253e-07,0.6989814043045044,0.3939892649650574,-0.004533891100436449,0.6859375238418579,0.3582054674625397,-0.008087178692221642,0.6942570209503174,0.3331644535064697,-0.013786518946290016,0.7096917629241943,0.33635443449020386,-0.017954422160983086,0.6943938732147217,0.306880921125412,0.003548571141436696,0.6921769380569458,0.26103347539901733,-0.007892579771578312,0.6876331567764282,0.2892199754714966,-0.01538278441876173,0.6893553733825684,0.3142712116241455,-0.01908806897699833,0.7072771787643433,0.3054392635822296,0.00024192490673158318,0.7066503763198853,0.2542990744113922,-0.01092792209237814,0.7001188397407532,0.28792330622673035,-0.013967539183795452,0.7010764479637146,0.31313830614089966,-0.013362281955778599,0.7208231091499329,0.30872198939323425,-0.005366780329495668,0.7211409211158752,0.2596897780895233,-0.014413903467357159,0.7132375836372375,0.28989022970199585,-0.01218391489237547,0.7130907773971558,0.31625932455062866,-0.008085690438747406,0.7357551455497742,0.3185599744319916,-0.012077945284545422,0.7332050800323486,0.2816144824028015,-0.01626177690923214,0.724559485912323,0.2978208065032959,-0.014151813462376595,0.7224056720733643,0.31897127628326416,-0.011505126953125
