frame,feature_0,feature_1,feature_2,feature_3,feature_4,feature_5,feature_6,feature_7,feature_8,feature_9,feature_10,feature_11,feature_12,feature_13,feature_14,feature_15,feature_16,feature_17,feature_18,feature_19,feature_20,feature_21,feature_22,feature_23,feature_24,feature_25,feature_26,feature_27,feature_28,feature_29,feature_30,feature_31,feature_32,feature_33,feature_34,feature_35,feature_36,feature_37,feature_38,feature_39,feature_40,feature_41,feature_42,feature_43,feature_44,feature_45,feature_46,feature_47,feature_48,feature_49,feature_50,feature_51,feature_52,feature_53,feature_54,feature_55,feature_56,feature_57,feature_58,feature_59,feature_60,feature_61,feature_62,feature_63,feature_64,feature_65,feature_66,feature_67,feature_68,feature_69,feature_70,feature_71,feature_72,feature_73,feature_74,feature_75,feature_76,feature_77,feature_78,feature_79,feature_80,feature_81,feature_82,feature_83,feature_84,feature_85,feature_86,feature_87,feature_88,feature_89,feature_90,feature_91,feature_92,feature_93,feature_94,feature_95,feature_96,feature_97,feature_98,feature_99,feature_100,feature_101,feature_102,feature_103,feature_104,feature_105,feature_106,feature_107,feature_108,feature_109,feature_110,feature_111,feature_112,feature_113,feature_114,feature_115,feature_116,feature_117,feature_118,feature_119,feature_120,feature_121,feature_122,feature_123,feature_124,feature_125
1,0.1665654331445694,0.4982048273086548,-2.4116945951391244e-07,0.1437331587076187,0.47473230957984924,-0.012706520035862923,0.13059628009796143,0.42780619859695435,-0.02080334909260273,0.13887259364128113,0.3905446529388428,-0.029375186190009117,0.15754088759422302,0.37507393956184387,-0.03661183640360832,0.14516063034534454,0.37033140659332275,-0.009305305778980255,0.13821326196193695,0.3108813166618347,-0.02579723857343197,0.1302841603755951,0.3163864314556122,-0.03590245544910431,0.126888245344162,0.345043420791626,-0.040279779583215714,0.1625988930463791,0.362791508436203,-0.009740396402776241,0.1569352000951767,0.29398733377456665,-0.025760455057024956,0.14485783874988556,0.3116588592529297,-0.03111434541642666,0.14163701236248016,0.3499298095703125,-0.030997384339571,0.1806674599647522,0.3682292699813843,-0.01290219184011221,0.17890670895576477,0.3004888892173767,-0.028611257672309875,0.1666295826435089,0.3161093294620514,-0.02982143498957157,0.16381950676441193,0.351781964302063,-0.02633788250386715,0.1994287222623825,0.38484281301498413,-0.017338261008262634,0.19699104130268097,0.33299267292022705,-0.030035993084311485,0.18752023577690125,0.33742642402648926,-0.03189839795231819,0.1844588965177536,0.36312738060951233,-0.02995222993195057,0.6458015441894531,0.6163146495819092,-1.7169251975701627e-07,0.6250879764556885,0.5927771329879761,-0.008262314833700657,0.6147931218147278,0.5528411865234375,-0.012930614873766899,0.6267405152320862,0.529819667339325,-0.018375540152192116,0.641359269618988,0.5400993227958679,-0.02216372825205326,0.6218221783638,0.5048171877861023,-0.002007771050557494,0.6187673807144165,0.4587053060531616,-0.012095504440367222,0.6193318367004395,0.4830714762210846,-0.018651695922017097,0.6202592253684998,0.5077528357505798,-0.02212870493531227,0.6365103125572205,0.5028923749923706,-0.003086261684074998,0.6336324214935303,0.4535107910633087,-0.013086911290884018,0.633582353591919,0.48485076427459717,-0.016499141231179237,0.6330859661102295,0.5096830129623413,-0.016674384474754333,0.6508152484893799,0.5078015923500061,-0.00625507440418005,0.6492739319801331,0.4616258144378662,-0.014656725339591503,0.6474196314811707,0.48797929286956787,-0.0140970628708601,0.6465802788734436,0.5127605199813843,-0.01162094809114933,0.6663365364074707,0.5197847485542297,-0.010677683167159557,0.6635022163391113,0.4821207821369171,-0.016613474115729332,0.659938395023346,0.49293240904808044,-0.01656492054462433,0.6577466726303101,0.5103923082351685,-0.015261311084032059
2,0.16959942877292633,0.4942166209220886,-2.7483577014209004e-07,0.14532530307769775,0.4717678427696228,-0.011308122426271439,0.13136765360832214,0.4253295958042145,-0.018317412585020065,0.13836707174777985,0.3883286416530609,-0.02622762694954872,0.15319134294986725,0.3646690249443054,-0.03276406601071358,0.14525839686393738,0.3635713756084442,-0.007248562760651112,0.1405126452445984,0.30002129077911377,-0.022550474852323532,0.13306833803653717,0.3121233582496643,-0.03168216347694397,0.13051047921180725,0.34382128715515137,-0.035500138998031616,0.164094477891922,0.35895413160324097,-0.008477505296468735,0.16156403720378876,0.2858348488807678,-0.02376953884959221,0.14945095777511597,0.30639010667800903,-0.028934786096215248,0.14602980017662048,0.34183213114738464,-0.028918981552124023,0.18296204507350922,0.36541756987571716,-0.012307452969253063,0.18374444544315338,0.2955564260482788,-0.027628766372799873,0.17084459960460663,0.3166601359844208,-0.02812267281115055,0.16735251247882843,0.35147345066070557,-0.024333717301487923,0.2030562311410904,0.38379791378974915,-0.017285384237766266,0.20278030633926392,0.3288102149963379,-0.029245423153042793,0.1925620436668396,0.33873647451400757,-0.029792360961437225,0.1884748637676239,0.3664817810058594,-0.02721669338643551,0.6456276178359985,0.6157158613204956,-1.616040776752925e-07,0.6253570914268494,0.5923131108283997,-0.007991247810423374,0.6150942444801331,0.5529272556304932,-0.012747904285788536,0.6265663504600525,0.5300556421279907,-0.01824093423783779,0.6409680843353271,0.5398398637771606,-0.022106951102614403,0.6220889687538147,0.5040746927261353,-0.002029244787991047,0.619473934173584,0.4586465060710907,-0.012012967839837074,0.6204781532287598,0.48246797919273376,-0.018483495339751244,0.6212098598480225,0.5075283646583557,-0.021824020892381668,0.6370096206665039,0.5023257732391357,-0.003212002571672201,0.6343782544136047,0.4541436731815338,-0.013254165649414062,0.6348994374275208,0.4851182699203491,-0.01690666563808918,0.6343125700950623,0.5103117823600769,-0.017220618203282356,0.6512238383293152,0.5073033571243286,-0.006407860666513443,0.6498415470123291,0.4620135426521301,-0.01503690518438816,0.6485114097595215,0.4881919026374817,-0.014880837872624397,0.6477161645889282,0.5134191513061523,-0.012596226297318935,0.6665753722190857,0.5194915533065796,-0.010765081271529198,0.663759171962738,0.4827512502670288,-0.01710231602191925,0.6607200503349304,0.49357783794403076,-0.017366109415888786,0.6587215662002563,0.5110628008842468,-0.016176940873265266
3,0.16959942877292633,0.4942166209220886,-2.7483577014209004e-07,0.14532530307769775,0.4717678427696228,-0.011308122426271439,0.13136765360832214,0.4253295958042145,-0.018317412585020065,0.13836707174777985,0.3883286416530609,-0.02622762694954872,0.15319134294986725,0.3646690249443054,-0.03276406601071358,0.14525839686393738,0.3635713756084442,-0.007248562760651112,0.1405126452445984,0.30002129077911377,-0.022550474852323532,0.13306833803653717,0.3121233582496643,-0.03168216347694397,0.13051047921180725,0.34382128715515137,-0.035500138998031616,0.164094477891922,0.35895413160324097,-0.008477505296468735,0.16156403720378876,0.2858348488807678,-0.02376953884959221,0.14945095777511597,0.30639010667800903,-0.028934786096215248,0.14602980017662048,0.34183213114738464,-0.028918981552124023,0.18296204507350922,0.36541756987571716,-0.012307452969253063,0.18374444544315338,0.2955564260482788,-0.027628766372799873,0.17084459960460663,0.3166601359844208,-0.02812267281115055,0.16735251247882843,0.35147345066070557,-0.024333717301487923,0.2030562311410904,0.38379791378974915,-0.017285384237766266,0.20278030633926392,0.3288102149963379,-0.029245423153042793,0.1925620436668396,0.33873647451400757,-0.029792360961437225,0.1884748637676239,0.3664817810058594,-0.02721669338643551,0.6456276178359985,0.6157158613204956,-1.616040776752925e-07,0.6253570914268494,0.5923131108283997,-0.007991247810423374,0.6150942444801331,0.5529272556304932,-0.012747904285788536,0.6265663504600525,0.5300556421279907,-0.01824093423783779,0.6409680843353271,0.5398398637771606,-0.022106951102614403,0.6220889687538147,0.5040746927261353,-0.002029244787991047,0.619473934173584,0.4586465060710907,-0.012012967839837074,0.6204781532287598,0.48246797919273376,-0.018483495339751244,0.6212098598480225,0.5075283646583557,-0.021824020892381668,0.6370096206665039,0.5023257732391357,-0.003212002571672201,0.6343782544136047,0.4541436731815338,-0.013254165649414062,0.6348994374275208,0.4851182699203491,-0.01690666563808918,0.6343125700950623,0.5103117823600769,-0.017220618203282356,0.6512238383293152,0.5073033571243286,-0.006407860666513443,0.6498415470123291,0.4620135426521301,-0.01503690518438816,0.6485114097595215,0.4881919026374817,-0.014880837872624397,0.6477161645889282,0.5134191513061523,-0.012596226297318935,0.6665753722190857,0.5194915533065796,-0.010765081271529198,0.663759171962738,0.4827512502670288,-0.01710231602191925,0.6607200503349304,0.49357783794403076,-0.017366109415888786,0.6587215662002563,0.5110628008842468,-0.016176940873265266
4,0.1770487129688263,0.4869219660758972,-2.188109249345871e-07,0.15600217878818512,0.46133649349212646,-0.014116283506155014,0.14419522881507874,0.41946202516555786,-0.022431110963225365,0.14730115234851837,0.3847813010215759,-0.03057102859020233,0.1563718020915985,0.35846155881881714,-0.03728866204619408,0.1540713608264923,0.36130619049072266,-0.01426959689706564,0.14829473197460175,0.3000029921531677,-0.030383965000510216,0.1406918466091156,0.3072863519191742,-0.039140235632658005,0.1377045065164566,0.33705466985702515,-0.0423617921769619,0.17227908968925476,0.3564901351928711,-0.01347480621188879,0.16710257530212402,0.2852841913700104,-0.029714569449424744,0.1545240581035614,0.3007201552391052,-0.03432993218302727,0.15055841207504272,0.3364642858505249,-0.03381083160638809,0.19109830260276794,0.36117732524871826,-0.015223348513245583,0.18782570958137512,0.2937699556350708,-0.031024375930428505,0.17530877888202667,0.3108261227607727,-0.03185278922319412,0.1725139319896698,0.34724920988082886,-0.028180934488773346,0.21102336049079895,0.3768557906150818,-0.01825764775276184,0.20721665024757385,0.3251512050628662,-0.03091387264430523,0.1975429207086563,0.3305165469646454,-0.032646261155605316,0.19408094882965088,0.35726210474967957,-0.030671341344714165,0.6467015743255615,0.6174029111862183,-1.6145847325788054e-07,0.6263973712921143,0.5943140387535095,-0.008072261698544025,0.6156226992607117,0.5555005669593811,-0.01272137276828289,0.6266292929649353,0.5315496921539307,-0.01792636699974537,0.6416509747505188,0.5399878621101379,-0.02141287364065647,0.6226167678833008,0.5059641599655151,-0.00257306732237339,0.6198779344558716,0.46045905351638794,-0.012134321965277195,0.6209041476249695,0.4838789403438568,-0.017967956140637398,0.621694028377533,0.5083656311035156,-0.02094828151166439,0.6376651525497437,0.5036367774009705,-0.0036155616398900747,0.6352770924568176,0.45501887798309326,-0.013204156421124935,0.6356433033943176,0.48582395911216736,-0.01624341309070587,0.635126531124115,0.5098947882652283,-0.01625530980527401,0.652023434638977,0.5084051489830017,-0.006611131131649017,0.6510985493659973,0.4631557762622833,-0.015091782435774803,0.6492460370063782,0.48919743299484253,-0.01441993284970522,0.6482158899307251,0.5131486058235168,-0.011886181309819221,0.6674399375915527,0.5207447409629822,-0.010734274983406067,0.6652259230613708,0.48421454429626465,-0.017112918198108673,0.6615216135978699,0.495735764503479,-0.017084592953324318,0.6590072512626648,0.5130685567855835,-0.015707561746239662
5,0.1770487129688263,0.4869219660758972,-2.188109249345871e-07,0.15600217878818512,0.46133649349212646,-0.014116283506155014,0.14419522881507874,0.41946202516555786,-0.022431110963225365,0.14730115234851837,0.3847813010215759,-0.03057102859020233,0.1563718020915985,0.35846155881881714,-0.03728866204619408,0.1540713608264923,0.36130619049072266,-0.01426959689706564,0.14829473197460175,0.3000029921531677,-0.030383965000510216,0.1406918466091156,0.3072863519191742,-0.039140235632658005,0.1377045065164566,0.33705466985702515,-0.0423617921769619,0.17227908968925476,0.3564901351928711,-0.01347480621188879,0.16710257530212402,0.2852841913700104,-0.029714569449424744,0.1545240581035614,0.3007201552391052,-0.03432993218302727,0.15055841207504272,0.3364642858505249,-0.03381083160638809,0.19109830260276794,0.36117732524871826,-0.015223348513245583,0.18782570958137512,0.2937699556350708,-0.031024375930428505,0.17530877888202667,0.3108261227607727,-0.03185278922319412,0.1725139319896698,0.34724920988082886,-0.028180934488773346,0.21102336049079895,0.3768557906150818,-0.01825764775276184,0.20721665024757385,0.3251512050628662,-0.03091387264430523,0.1975429207086563,0.3305165469646454,-0.032646261155605316,0.19408094882965088,0.35726210474967957,-0.030671341344714165,0.6467015743255615,0.6174029111862183,-1.6145847325788054e-07,0.6263973712921143,0.5943140387535095,-0.008072261698544025,0.6156226992607117,0.5555005669593811,-0.01272137276828289,0.6266292929649353,0.5315496921539307,-0.01792636699974537,0.6416509747505188,0.5399878621101379,-0.02141287364065647,0.6226167678833008,0.5059641599655151,-0.00257306732237339,0.6198779344558716,0.46045905351638794,-0.012134321965277195,0.6209041476249695,0.4838789403438568,-0.017967956140637398,0.621694028377533,0.5083656311035156,-0.02094828151166439,0.6376651525497437,0.5036367774009705,-0.0036155616398900747,0.6352770924568176,0.45501887798309326,-0.013204156421124935,0.6356433033943176,0.48582395911216736,-0.01624341309070587,0.635126531124115,0.5098947882652283,-0.01625530980527401,0.652023434638977,0.5084051489830017,-0.006611131131649017,0.6510985493659973,0.4631557762622833,-0.015091782435774803,0.6492460370063782,0.48919743299484253,-0.01441993284970522,0.6482158899307251,0.5131486058235168,-0.011886181309819221,0.6674399375915527,0.5207447409629822,-0.010734274983406067,0.6652259230613708,0.48421454429626465,-0.017112918198108673,0.6615216135978699,0.495735764503479,-0.017084592953324318,0.6590072512626648,0.5130685567855835,-0.015707561746239662
6,0.17612755298614502,0.4831194579601288,-2.048162883738769e-07,0.15184073150157928,0.4589865505695343,-0.014130352064967155,0.1399044692516327,0.41536402702331543,-0.022014833986759186,0.14965397119522095,0.37907907366752625,-0.02976958267390728,0.16548122465610504,0.35935166478157043,-0.03568495810031891,0.1512463539838791,0.35853564739227295,-0.011496112681925297,0.14683601260185242,0.2974559962749481,-0.02748170495033264,0.14208440482616425,0.3066613972187042,-0.0364326573908329,0.1405382603406906,0.3376407325267792,-0.03991615027189255,0.1706080138683319,0.35262608528137207,-0.010634793899953365,0.16780534386634827,0.28155606985092163,-0.026722492650151253,0.158893883228302,0.29983848333358765,-0.0315544493496418,0.15648892521858215,0.3360830247402191,-0.03113858960568905,0.1899040937423706,0.35768774151802063,-0.012470168992877007,0.18981176614761353,0.2915741205215454,-0.02824561297893524,0.17986145615577698,0.3078332841396332,-0.02886652760207653,0.17739365994930267,0.34265652298927307,-0.024957938119769096,0.2101256102323532,0.37430301308631897,-0.015698224306106567,0.21087218821048737,0.3234351873397827,-0.027898943051695824,0.20261186361312866,0.32905900478363037,-0.029545802623033524,0.19860082864761353,0.3548053801059723,-0.027649376541376114,0.6460639834403992,0.6195526719093323,-1.7368468263612158e-07,0.6259543895721436,0.5945025086402893,-0.007927225902676582,0.6156518459320068,0.5554039478302002,-0.012213123962283134,0.6272303462028503,0.5310258269309998,-0.017271291464567184,0.6420590281486511,0.5389259457588196,-0.020573273301124573,0.6239249110221863,0.5053722262382507,-0.0009094564011320472,0.6213019490242004,0.4609215259552002,-0.010096400044858456,0.6214239001274109,0.48478710651397705,-0.01591384969651699,0.6221692562103271,0.5093032717704773,-0.01905427686870098,0.6384319067001343,0.5036376118659973,-0.0019779191352427006,0.635696291923523,0.45534542202949524,-0.011327330954372883,0.6351140141487122,0.4861548840999603,-0.014434058219194412,0.6346352696418762,0.5103874802589417,-0.0146003607660532,0.6525081992149353,0.5092388391494751,-0.005115889478474855,0.6512709259986877,0.46367907524108887,-0.013381049036979675,0.6491280794143677,0.49002113938331604,-0.0128409955650568,0.6482112407684326,0.514670729637146,-0.010535829700529575,0.6674737334251404,0.5229400992393494,-0.009456118568778038,0.6652321815490723,0.4858655333518982,-0.01563647761940956,0.6613287329673767,0.4962463676929474,-0.015843940898776054,0.6586718559265137,0.5127252340316772,-0.014773152768611908
7,0.17771941423416138,0.46440139412879944,-2.2991081038981065e-07,0.15482185781002045,0.43647080659866333,-0.009577671997249126,0.14537201821804047,0.393674373626709,-0.014074206352233887,0.15445230901241302,0.36208564043045044,-0.018690161406993866,0.16850951313972473,0.34432291984558105,-0.021449411287903786,0.15316800773143768,0.3438010513782501,-0.005925050005316734,0.15020287036895752,0.2868998348712921,-0.019489796832203865,0.14582420885562897,0.303202360868454,-0.026578474789857864,0.1444908082485199,0.33676913380622864,-0.028701672330498695,0.17262209951877594,0.33966830372810364,-0.006011230871081352,0.17204320430755615,0.273431658744812,-0.019587373360991478,0.1631961166858673,0.2974110245704651,-0.022694511339068413,0.16052564978599548,0.33325690031051636,-0.021149251610040665,0.1920645385980606,0.34676098823547363,-0.008494587615132332,0.19407634437084198,0.2849099040031433,-0.02240823023021221,0.183482825756073,0.30764514207839966,-0.02187475562095642,0.1807207465171814,0.3415534496307373,-0.017368989065289497,0.21221503615379333,0.36564570665359497,-0.011873028241097927,0.21384136378765106,0.32010889053344727,-0.022679049521684647,0.20475110411643982,0.33000341057777405,-0.023164987564086914,0.20048122107982635,0.3553886413574219,-0.02056244947016239,0.6468433737754822,0.6189133524894714,-1.6614022513294913e-07,0.6262666583061218,0.595833420753479,-0.008236718364059925,0.6155409812927246,0.5554856061935425,-0.01289494801312685,0.6270059943199158,0.5304557681083679,-0.018132150173187256,0.6424089074134827,0.5396547913551331,-0.021588463336229324,0.6235803365707397,0.5064249038696289,-0.002465302823111415,0.6206117868423462,0.46023985743522644,-0.012309079058468342,0.6214127540588379,0.48467594385147095,-0.01831369660794735,0.6222860217094421,0.5090342164039612,-0.02136833406984806,0.6383332014083862,0.5045142769813538,-0.00340806576423347,0.635235071182251,0.4566974937915802,-0.013124877586960793,0.6356648802757263,0.4883739650249481,-0.015982454642653465,0.6356409192085266,0.511552095413208,-0.015849197283387184,0.652326762676239,0.5090981721878052,-0.006405456457287073,0.6507261991500854,0.46350184082984924,-0.014928188174962997,0.6490964293479919,0.4904271364212036,-0.013916512951254845,0.6486981511116028,0.5143675804138184,-0.011128726415336132,0.6675390005111694,0.521060049533844,-0.010598338209092617,0.6647270321846008,0.4834577739238739,-0.016887126490473747,0.661099910736084,0.4957399368286133,-0.01666092686355114,0.6589992642402649,0.513400137424469,-0.015123515389859676
8,0.1880127340555191,0.43373799324035645,-1.7881846758882602e-07,0.1661081165075302,0.4161388874053955,-0.01383002009242773,0.15322375297546387,0.3843732476234436,-0.02284703403711319,0.15857884287834167,0.3636026978492737,-0.031044356524944305,0.17395545542240143,0.3536919057369232,-0.037763312458992004,0.1607508361339569,0.32977494597435,-0.016924560070037842,0.15310931205749512,0.2864418029785156,-0.03192407637834549,0.14849182963371277,0.30520913004875183,-0.039990004152059555,0.1476117968559265,0.3352956771850586,-0.04332124814391136,0.1793300062417984,0.32587939500808716,-0.01629454642534256,0.17572514712810516,0.27100253105163574,-0.03159850463271141,0.16669578850269318,0.2960304319858551,-0.03573602810502052,0.16402681171894073,0.32942965626716614,-0.03533899784088135,0.19756080210208893,0.3336074948310852,-0.017765183001756668,0.19850409030914307,0.2858344316482544,-0.0327729806303978,0.18873193860054016,0.30647915601730347,-0.03404775634407997,0.18521593511104584,0.33466747403144836,-0.03130529075860977,0.2161966860294342,0.3509804606437683,-0.020198596641421318,0.21865063905715942,0.3173588514328003,-0.031481239944696426,0.211342453956604,0.32632389664649963,-0.03301047161221504,0.20703129470348358,0.3464774489402771,-0.03169800341129303,0.6481641530990601,0.6181475520133972,-1.5788144480666233e-07,0.626556396484375,0.595660388469696,-0.007904834114015102,0.6154287457466125,0.5554747581481934,-0.012273255735635757,0.6270753741264343,0.5305812358856201,-0.017214596271514893,0.64235520362854,0.5405526161193848,-0.020383618772029877,0.623490035533905,0.5061240196228027,-0.00224966905079782,0.6204953789710999,0.4607158303260803,-0.012119648978114128,0.621085524559021,0.4862866699695587,-0.017922233790159225,0.6215640902519226,0.5105753540992737,-0.02065480314195156,0.6382951140403748,0.5036810040473938,-0.003298464696854353,0.6349711418151855,0.45526301860809326,-0.012746242806315422,0.6351876258850098,0.48669466376304626,-0.014978667721152306,0.6353048086166382,0.5098038911819458,-0.014146318659186363,0.6525424122810364,0.5086475610733032,-0.006397189572453499,0.6505976319313049,0.46452727913856506,-0.014767126180231571,0.6484030485153198,0.4917164444923401,-0.013121375814080238,0.6479976773262024,0.5145397186279297,-0.009662862867116928,0.6678501963615417,0.5212841033935547,-0.010643478482961655,0.665392279624939,0.48471781611442566,-0.016629714518785477,0.6610744595527649,0.49683400988578796,-0.015765206888318062,0.6584591269493103,0.5136379599571228,-0.013592434115707874
9,0.1880127340555191,0.43373799324035645,-1.7881846758882602e-07,0.1661081165075302,0.4161388874053955,-0.01383002009242773,0.15322375297546387,0.3843732476234436,-0.02284703403711319,0.15857884287834167,0.3636026978492737,-0.031044356524944305,0.17395545542240143,0.3536919057369232,-0.037763312458992004,0.1607508361339569,0.32977494597435,-0.016924560070037842,0.15310931205749512,0.2864418029785156,-0.03192407637834549,0.14849182963371277,0.30520913004875183,-0.039990004152059555,0.1476117968559265,0.3352956771850586,-0.04332124814391136,0.1793300062417984,0.32587939500808716,-0.01629454642534256,0.17572514712810516,0.27100253105163574,-0.03159850463271141,0.16669578850269318,0.2960304319858551,-0.03573602810502052,0.16402681171894073,0.32942965626716614,-0.03533899784088135,0.19756080210208893,0.3336074948310852,-0.017765183001756668,0.19850409030914307,0.2858344316482544,-0.0327729806303978,0.18873193860054016,0.30647915601730347,-0.03404775634407997,0.18521593511104584,0.33466747403144836,-0.03130529075860977,0.2161966860294342,0.3509804606437683,-0.020198596641421318,0.21865063905715942,0.3173588514328003,-0.031481239944696426,0.211342453956604,0.32632389664649963,-0.03301047161221504,0.20703129470348358,0.3464774489402771,-0.03169800341129303,0.6481641530990601,0.6181475520133972,-1.5788144480666233e-07,0.626556396484375,0.595660388469696,-0.007904834114015102,0.6154287457466125,0.5554747581481934,-0.012273255735635757,0.6270753741264343,0.5305812358856201,-0.017214596271514893,0.64235520362854,0.5405526161193848,-0.020383618772029877,0.623490035533905,0.5061240196228027,-0.00224966905079782,0.6204953789710999,0.4607158303260803,-0.012119648978114128,0.621085524559021,0.4862866699695587,-0.017922233790159225,0.6215640902519226,0.5105753540992737,-0.02065480314195156,0.6382951140403748,0.5036810040473938,-0.003298464696854353,0.6349711418151855,0.45526301860809326,-0.012746242806315422,0.6351876258850098,0.48669466376304626,-0.014978667721152306,0.6353048086166382,0.5098038911819458,-0.014146318659186363,0.6525424122810364,0.5086475610733032,-0.006397189572453499,0.6505976319313049,0.46452727913856506,-0.014767126180231571,0.6484030485153198,0.4917164444923401,-0.013121375814080238,0.6479976773262024,0.5145397186279297,-0.009662862867116928,0.6678501963615417,0.5212841033935547,-0.010643478482961655,0.665392279624939,0.48471781611442566,-0.016629714518785477,0.6610744595527649,0.49683400988578796,-0.015765206888318062,0.6584591269493103,0.5136379599571228,-0.013592434115707874
10,0.19277313351631165,0.4111216366291046,-1.835379777048729e-07,0.1742965281009674,0.39498651027679443,-0.010088847018778324,0.15971705317497253,0.36694592237472534,-0.01921527087688446,0.1535535454750061,0.3534853458404541,-0.028288325294852257,0.15629856288433075,0.3460675776004791,-0.03739028424024582,0.16951416432857513,0.31735172867774963,-0.01754121296107769,0.15730558335781097,0.2869158387184143,-0.0313788503408432,0.1521996408700943,0.3063543736934662,-0.03984219580888748,0.1518007218837738,0.3344104588031769,-0.044292744249105453,0.18888096511363983,0.31558385491371155,-0.01923707127571106,0.18141381442546844,0.2681638300418854,-0.033565811812877655,0.17333984375,0.2963730990886688,-0.038050245493650436,0.1724817156791687,0.32947030663490295,-0.03880204260349274,0.20777282118797302,0.32681480050086975,-0.022070469334721565,0.20636776089668274,0.2855496406555176,-0.03579895198345184,0.1977805495262146,0.31085965037345886,-0.035830892622470856,0.19543734192848206,0.33950063586235046,-0.033220551908016205,0.22660580277442932,0.34805911779403687,-0.02541453205049038,0.224702849984169,0.31997838616371155,-0.035700008273124695,0.2171112298965454,0.33331915736198425,-0.035095635801553726,0.21391800045967102,0.35268816351890564,-0.03282207250595093,0.646996796131134,0.6171562075614929,-1.560647149290162e-07,0.6256489157676697,0.5963268876075745,-0.00818097498267889,0.614841103553772,0.555403470993042,-0.01251145638525486,0.6270485520362854,0.5299184918403625,-0.01728491112589836,0.6427997350692749,0.5401148796081543,-0.020283058285713196,0.6234877109527588,0.5059077739715576,-0.0024592429399490356,0.6205292344093323,0.4601556956768036,-0.012213299982249737,0.6211810111999512,0.485925555229187,-0.017903076484799385,0.6218465566635132,0.5106992721557617,-0.0205772053450346,0.6382697224617004,0.5035304427146912,-0.0033470161724835634,0.6350911259651184,0.4545644223690033,-0.012761986814439297,0.6352620720863342,0.48612675070762634,-0.015055100433528423,0.6355115175247192,0.5095241665840149,-0.014274596236646175,0.6522788405418396,0.5083825588226318,-0.006278463173657656,0.6506690979003906,0.46422821283340454,-0.014651510864496231,0.6484689712524414,0.4917728006839752,-0.01299963053315878,0.6481562256813049,0.5150968432426453,-0.0095768291503191,0.6674825549125671,0.5209280252456665,-0.010391280055046082,0.6653023958206177,0.4839315414428711,-0.016573747619986534,0.6609397530555725,0.49766844511032104,-0.01573115400969982,0.6583625078201294,0.5159131288528442,-0.013571695424616337
11,0.19204090535640717,0.40254250168800354,-1.75144677427852e-07,0.1737661063671112,0.3842034339904785,-0.010433942079544067,0.15922234952449799,0.3563123047351837,-0.019867852330207825,0.15358363091945648,0.34779226779937744,-0.029020067304372787,0.15642152726650238,0.34766384959220886,-0.03772185370326042,0.1689421385526657,0.31615132093429565,-0.020317822694778442,0.15865382552146912,0.28269872069358826,-0.034706961363554,0.1555604338645935,0.3055270314216614,-0.04211350157856941,0.15591901540756226,0.33610978722572327,-0.04549583047628403,0.18775343894958496,0.3157171905040741,-0.02172200195491314,0.18221443891525269,0.26486003398895264,-0.03709152713418007,0.17472060024738312,0.2926519513130188,-0.04082391783595085,0.1733672320842743,0.3251705765724182,-0.040754664689302444,0.2069762796163559,0.32555943727493286,-0.024219641461968422,0.2059863954782486,0.2831057608127594,-0.03859734535217285,0.1977362185716629,0.3086856007575989,-0.03829687088727951,0.19623373448848724,0.33683907985687256,-0.035194382071495056,0.22672617435455322,0.34514546394348145,-0.027296898886561394,0.22638191282749176,0.3163205087184906,-0.037686560302972794,0.21855328977108002,0.330838143825531,-0.037096284329891205,0.21530848741531372,0.3523189425468445,-0.03484411910176277,0.6470429301261902,0.6163507699966431,-1.5773626671489183e-07,0.6259382963180542,0.5960959196090698,-0.008306161500513554,0.6149369478225708,0.5555656552314758,-0.012685897760093212,0.626695990562439,0.530600905418396,-0.01740477792918682,0.6424612998962402,0.5401678085327148,-0.02036980912089348,0.6238270401954651,0.5063740611076355,-0.0029467097483575344,0.6210495233535767,0.4606989324092865,-0.01269788108766079,0.6212890148162842,0.4855322539806366,-0.018241824582219124,0.621829092502594,0.5101602077484131,-0.02081964910030365,0.6384146213531494,0.5041527152061462,-0.0037269354797899723,0.6354342103004456,0.4548264741897583,-0.013267982751131058,0.6354169249534607,0.4863418936729431,-0.015594754368066788,0.6358867883682251,0.5097498297691345,-0.014823993667960167,0.652199387550354,0.508905827999115,-0.006511181592941284,0.6506324410438538,0.46412739157676697,-0.015081167221069336,0.6484833359718323,0.4915734529495239,-0.013557624071836472,0.6484460234642029,0.5148788094520569,-0.010224657133221626,0.6673134565353394,0.5214264392852783,-0.010436936281621456,0.6650376915931702,0.4841676950454712,-0.01693055033683777,0.6609305739402771,0.4982959032058716,-0.016289973631501198,0.6588574647903442,0.5167568325996399,-0.01425452996045351
12,0.19119589030742645,0.4251459240913391,-1.7978784683236881e-07,0.1712636798620224,0.4066903293132782,-0.011619688011705875,0.15851876139640808,0.37567949295043945,-0.020323794335126877,0.15853431820869446,0.35888931155204773,-0.02845866233110428,0.1653660386800766,0.3464399576187134,-0.03573032468557358,0.16671228408813477,0.3301663100719452,-0.021247174590826035,0.1606592833995819,0.2837167978286743,-0.03658217564225197,0.15831363201141357,0.2978329062461853,-0.04392318055033684,0.15872907638549805,0.32746005058288574,-0.046599455177783966,0.1874191164970398,0.32861602306365967,-0.02145860157907009,0.1855984479188919,0.26621556282043457,-0.03799644857645035,0.17867335677146912,0.2908664345741272,-0.04172854870557785,0.17655175924301147,0.3271295726299286,-0.04087972268462181,0.20777316391468048,0.33773505687713623,-0.022933093830943108,0.209581658244133,0.285441130399704,-0.03800047188997269,0.20069283246994019,0.3058762848377228,-0.03788595646619797,0.1967693716287613,0.33700740337371826,-0.03411881998181343,0.22795407474040985,0.3555140495300293,-0.025063853710889816,0.22856208682060242,0.31885719299316406,-0.0365065336227417,0.22136753797531128,0.32664787769317627,-0.037561748176813126,0.21770316362380981,0.34894150495529175,-0.03574341908097267,0.6482036709785461,0.6189814805984497,-1.657358126294639e-07,0.6268847584724426,0.5963234901428223,-0.008264786563813686,0.6152715682983398,0.5567194223403931,-0.01293212454766035,0.6266027092933655,0.5310615301132202,-0.01798074133694172,0.6417612433433533,0.5412608981132507,-0.021198660135269165,0.6233693361282349,0.5068801045417786,-0.0028428907971829176,0.6206296682357788,0.4613696336746216,-0.01250925287604332,0.6213119626045227,0.4863126873970032,-0.018314063549041748,0.6219630241394043,0.5113691091537476,-0.02125398814678192,0.6383947134017944,0.5043964982032776,-0.0035765613429248333,0.635387659072876,0.4561043381690979,-0.012774008326232433,0.6356450319290161,0.4886176288127899,-0.015092686749994755,0.6356375217437744,0.5113632082939148,-0.014669942669570446,0.6523699164390564,0.5089845061302185,-0.006282636895775795,0.6509075164794922,0.4646974503993988,-0.014436965808272362,0.6490567326545715,0.49238985776901245,-0.012632111087441444,0.6487826108932495,0.5160147547721863,-0.0094247255474329,0.6676157712936401,0.5220992565155029,-0.010170907713472843,0.6650552153587341,0.4847351908683777,-0.016314014792442322,0.6612759232521057,0.4984264671802521,-0.01552578154951334,0.6592406034469604,0.5167763233184814,-0.013589543290436268
13,0.19290734827518463,0.42945003509521484,-1.9006358797923895e-07,0.1718086302280426,0.41066479682922363,-0.011553710326552391,0.15863895416259766,0.38027146458625793,-0.01901831291615963,0.15803205966949463,0.36291441321372986,-0.025597013533115387,0.16411641240119934,0.34871649742126465,-0.030863743275403976,0.16626009345054626,0.33218276500701904,-0.019021715968847275,0.16124673187732697,0.2850697636604309,-0.03381766751408577,0.15897521376609802,0.2971302270889282,-0.040382370352745056,0.15890318155288696,0.327897846698761,-0.04222464933991432,0.18807291984558105,0.3307597041130066,-0.01859605312347412,0.18623121082782745,0.2655366063117981,-0.03472043573856354,0.17877638339996338,0.2898477017879486,-0.03731893002986908,0.1764477789402008,0.3265151083469391,-0.03518729656934738,0.2088230848312378,0.339518278837204,-0.019637376070022583,0.2113385647535324,0.28644803166389465,-0.03516995906829834,0.20213063061237335,0.30691054463386536,-0.03393114358186722,0.19849793612957,0.3392855226993561,-0.028701530769467354,0.22970077395439148,0.35881879925727844,-0.021302152425050735,0.23014122247695923,0.3211296796798706,-0.03345860168337822,0.2222372442483902,0.3283490538597107,-0.034092552959918976,0.21775409579277039,0.3516232669353485,-0.03136066347360611,0.6479405164718628,0.6196109056472778,-1.6582426098921133e-07,0.6268007159233093,0.5967183113098145,-0.008373074233531952,0.6156948804855347,0.5564781427383423,-0.012978659942746162,0.6272496581077576,0.5302650332450867,-0.018009241670370102,0.6418818235397339,0.5412617921829224,-0.021201981231570244,0.623744010925293,0.5073157548904419,-0.002776023233309388,0.6210217475891113,0.46132612228393555,-0.01230903621762991,0.6218593120574951,0.4863089323043823,-0.01809322088956833,0.6223340630531311,0.5109174847602844,-0.021060531958937645,0.6386730074882507,0.5050750374794006,-0.0034778949338942766,0.6356085538864136,0.4571959376335144,-0.012577643617987633,0.6361297369003296,0.4891766905784607,-0.0148993581533432,0.6358362436294556,0.5118743181228638,-0.014504351653158665,0.6526609659194946,0.5097930431365967,-0.00619568070396781,0.651374340057373,0.46505337953567505,-0.01428408082574606,0.6496610641479492,0.4918997585773468,-0.012803908437490463,0.6489715576171875,0.5155096054077148,-0.009801463223993778,0.6677281260490417,0.5223901867866516,-0.01013458613306284,0.6652817130088806,0.48528116941452026,-0.016412165015935898,0.6616292595863342,0.49814534187316895,-0.016078326851129532,0.6593444347381592,0.5164168477058411,-0.014453905634582043
14,0.19160357117652893,0.4281702935695648,-1.652060461765359e-07,0.1710166186094284,0.4093295931816101,-0.01335099246352911,0.16086935997009277,0.3751959204673767,-0.022157249972224236,0.16587622463703156,0.356031596660614,-0.029994027689099312,0.17676414549350739,0.3462042808532715,-0.03677937388420105,0.16615089774131775,0.33330193161964417,-0.02235349826514721,0.16080689430236816,0.2862471640110016,-0.0383506678044796,0.1592620611190796,0.2978667914867401,-0.045684780925512314,0.16031400859355927,0.32844316959381104,-0.04807145148515701,0.18707557022571564,0.329400897026062,-0.021550556644797325,0.18435847759246826,0.2664809226989746,-0.038392890244722366,0.1790570318698883,0.2889893352985382,-0.04183865711092949,0.17811912298202515,0.3272686302661896,-0.040385205298662186,0.20789559185504913,0.33708110451698303,-0.02226865477859974,0.20844285190105438,0.28472885489463806,-0.03817053139209747,0.20094425976276398,0.30488038063049316,-0.03822417929768562,0.19835183024406433,0.33779188990592957,-0.034075554460287094,0.22851106524467468,0.35326075553894043,-0.023776374757289886,0.22837229073047638,0.3169402480125427,-0.03643997386097908,0.22167769074440002,0.32512277364730835,-0.03817792981863022,0.2181936800479889,0.3497287333011627,-0.03635559231042862,0.6477682590484619,0.6190508604049683,-1.6047414419517736e-07,0.6267207264900208,0.5974652767181396,-0.008729031309485435,0.6157617568969727,0.556533694267273,-0.013458632864058018,0.6276336312294006,0.5315888524055481,-0.018665829673409462,0.6432293057441711,0.54164719581604,-0.022154344245791435,0.6247811913490295,0.5089519023895264,-0.003188028931617737,0.6216266751289368,0.4624359607696533,-0.013085681945085526,0.6218857169151306,0.48573461174964905,-0.019013892859220505,0.6226437091827393,0.5102355480194092,-0.021990174427628517,0.6390398740768433,0.5068511366844177,-0.0037537384778261185,0.6353614330291748,0.45828795433044434,-0.01353007834404707,0.6355893611907959,0.4889262020587921,-0.016222719103097916,0.6361038088798523,0.5120099186897278,-0.015949595719575882,0.6525989174842834,0.5114575028419495,-0.006390371359884739,0.6508455276489258,0.46502748131752014,-0.015148459002375603,0.6489606499671936,0.49151092767715454,-0.014118948951363564,0.6489591598510742,0.5159206390380859,-0.011280477046966553,0.6676219701766968,0.523831844329834,-0.010250928811728954,0.6651024222373962,0.4858391582965851,-0.01707025058567524,0.6612853407859802,0.49817362427711487,-0.017191225662827492,0.6593242883682251,0.5167871713638306,-0.015812048688530922
15,0.19600041210651398,0.42880967259407043,-1.76412086716482e-07,0.17570149898529053,0.4097122848033905,-0.014631635509431362,0.16680027544498444,0.378194123506546,-0.023243267089128494,0.17406496405601501,0.36173203587532043,-0.030408227816224098,0.18917281925678253,0.35770532488822937,-0.036121852695941925,0.1674315333366394,0.3324546217918396,-0.019832218065857887,0.16094526648521423,0.28720542788505554,-0.03467009961605072,0.16021418571472168,0.3019057512283325,-0.0420040562748909,0.16193030774593353,0.33294355869293213,-0.04497108235955238,0.18907122313976288,0.32717156410217285,-0.018010472878813744,0.18535777926445007,0.2661203145980835,-0.03379733860492706,0.17997071146965027,0.2936181128025055,-0.0375850573182106,0.1792932152748108,0.3303447961807251,-0.03702887147665024,0.20970217883586884,0.33254921436309814,-0.01797766424715519,0.20945648849010468,0.28351661562919617,-0.03384949639439583,0.20209453999996185,0.3083747923374176,-0.03428748995065689,0.19998933374881744,0.34182846546173096,-0.030895208939909935,0.23098979890346527,0.34825998544692993,-0.01885155960917473,0.22850903868675232,0.3164260983467102,-0.03213915601372719,0.22218522429466248,0.3293185830116272,-0.034674640744924545,0.2196880429983139,0.3532453179359436,-0.03388550505042076,0.6479499340057373,0.6193267107009888,-1.620586687067771e-07,0.6270548701286316,0.5970016717910767,-0.008986199274659157,0.6160005927085876,0.5554500818252563,-0.013914876617491245,0.628183901309967,0.5314753651618958,-0.01924058608710766,0.643754243850708,0.5424678921699524,-0.02285376377403736,0.624780535697937,0.5067761540412903,-0.003332290332764387,0.6220176815986633,0.4608888030052185,-0.013186441734433174,0.622401237487793,0.48546352982521057,-0.01936545968055725,0.6233134269714355,0.5100291967391968,-0.022671036422252655,0.6393106579780579,0.5053430795669556,-0.003904251614585519,0.6360586285591125,0.45686155557632446,-0.013673203997313976,0.6362758278846741,0.48859280347824097,-0.016563203185796738,0.6363961100578308,0.5124605298042297,-0.01646891050040722,0.6530066728591919,0.5105797648429871,-0.006563202477991581,0.6514767408370972,0.4651447832584381,-0.015200866386294365,0.6496080756187439,0.49253353476524353,-0.014343892224133015,0.6490577459335327,0.5170838832855225,-0.011687352322041988,0.6679667830467224,0.5234594345092773,-0.010485699400305748,0.6651486754417419,0.4851682186126709,-0.01731153205037117,0.661331057548523,0.498252809047699,-0.017484616488218307,0.6591336727142334,0.5169440507888794,-0.016198208555579185
16,0.19600041210651398,0.42880967259407043,-1.76412086716482e-07,0.17570149898529053,0.4097122848033905,-0.014631635509431362,0.16680027544498444,0.378194123506546,-0.023243267089128494,0.17406496405601501,0.36173203587532043,-0.030408227816224098,0.18917281925678253,0.35770532488822937,-0.036121852695941925,0.1674315333366394,0.3324546217918396,-0.019832218065857887,0.16094526648521423,0.28720542788505554,-0.03467009961605072,0.16021418571472168,0.3019057512283325,-0.0420040562748909,0.16193030774593353,0.33294355869293213,-0.04497108235955238,0.18907122313976288,0.32717156410217285,-0.018010472878813744,0.18535777926445007,0.2661203145980835,-0.03379733860492706,0.17997071146965027,0.2936181128025055,-0.0375850573182106,0.1792932152748108,0.3303447961807251,-0.03702887147665024,0.20970217883586884,0.33254921436309814,-0.01797766424715519,0.20945648849010468,0.28351661562919617,-0.03384949639439583,0.20209453999996185,0.3083747923374176,-0.03428748995065689,0.19998933374881744,0.34182846546173096,-0.030895208939909935,0.23098979890346527,0.34825998544692993,-0.01885155960917473,0.22850903868675232,0.3164260983467102,-0.03213915601372719,0.22218522429466248,0.3293185830116272,-0.034674640744924545,0.2196880429983139,0.3532453179359436,-0.03388550505042076,0.6479499340057373,0.6193267107009888,-1.620586687067771e-07,0.6270548701286316,0.5970016717910767,-0.008986199274659157,0.6160005927085876,0.5554500818252563,-0.013914876617491245,0.628183901309967,0.5314753651618958,-0.01924058608710766,0.643754243850708,0.5424678921699524,-0.02285376377403736,0.624780535697937,0.5067761540412903,-0.003332290332764387,0.6220176815986633,0.4608888030052185,-0.013186441734433174,0.622401237487793,0.48546352982521057,-0.01936545968055725,0.6233134269714355,0.5100291967391968,-0.022671036422252655,0.6393106579780579,0.5053430795669556,-0.003904251614585519,0.6360586285591125,0.45686155557632446,-0.013673203997313976,0.6362758278846741,0.48859280347824097,-0.016563203185796738,0.6363961100578308,0.5124605298042297,-0.01646891050040722,0.6530066728591919,0.5105797648429871,-0.006563202477991581,0.6514767408370972,0.4651447832584381,-0.015200866386294365,0.6496080756187439,0.49253353476524353,-0.014343892224133015,0.6490577459335327,0.5170838832855225,-0.011687352322041988,0.6679667830467224,0.5234594345092773,-0.010485699400305748,0.6651486754417419,0.4851682186126709,-0.01731153205037117,0.661331057548523,0.498252809047699,-0.017484616488218307,0.6591336727142334,0.5169440507888794,-0.016198208555579185
17,0.19659584760665894,0.442700058221817,-1.9076786372806964e-07,0.17430970072746277,0.42128297686576843,-0.012025516480207443,0.16280469298362732,0.3899722993373871,-0.01861615665256977,0.16662810742855072,0.37003210186958313,-0.024184100329875946,0.17702119052410126,0.3571799099445343,-0.02808171510696411,0.16831707954406738,0.3376450538635254,-0.01677364483475685,0.16219089925289154,0.28602972626686096,-0.0317329503595829,0.16082881391048431,0.2996096611022949,-0.038658902049064636,0.16186018288135529,0.3328617513179779,-0.04074527323246002,0.18896830081939697,0.33392903208732605,-0.01596241258084774,0.18520352244377136,0.2665104866027832,-0.03156888484954834,0.17910969257354736,0.28994911909103394,-0.0346381776034832,0.17811356484889984,0.3259866237640381,-0.03312235325574875,0.20892420411109924,0.34027180075645447,-0.01704987697303295,0.20829398930072784,0.2851000428199768,-0.0324961394071579,0.19989407062530518,0.3076886534690857,-0.03271264210343361,0.19810231029987335,0.3404926061630249,-0.028732692822813988,0.22984027862548828,0.3581819534301758,-0.018914945423603058,0.22869691252708435,0.31960129737854004,-0.03179764747619629,0.22202526032924652,0.3281348645687103,-0.03413683548569679,0.21865347027778625,0.35180553793907166,-0.032788436859846115,0.6480287313461304,0.6206691265106201,-1.6349289921890886e-07,0.6272249817848206,0.5980678796768188,-0.008733101189136505,0.6161403059959412,0.5567922592163086,-0.013653109781444073,0.6277828216552734,0.5319046378135681,-0.019057130441069603,0.6430996060371399,0.5424546003341675,-0.022700613364577293,0.6246517896652222,0.5078929662704468,-0.003339910414069891,0.6218259334564209,0.461447536945343,-0.013163075782358646,0.6222756505012512,0.48587051033973694,-0.019016528502106667,0.6231807470321655,0.510237455368042,-0.0219972375780344,0.6390788555145264,0.5064481496810913,-0.004016936756670475,0.6361856460571289,0.45782825350761414,-0.013805219903588295,0.6364976167678833,0.4897240698337555,-0.01648816093802452,0.6365677118301392,0.5129178762435913,-0.016204820945858955,0.6527066230773926,0.511462926864624,-0.006738420110195875,0.6516116857528687,0.46502816677093506,-0.015323808416724205,0.6497634649276733,0.4924702048301697,-0.014213642105460167,0.6492371559143066,0.5169627070426941,-0.01135698426514864,0.6676462888717651,0.5240043997764587,-0.010692493058741093,0.665152907371521,0.48536068201065063,-0.0172034353017807,0.6615527272224426,0.4981083273887634,-0.017128411680459976,0.6594961881637573,0.5165866017341614,-0.015668019652366638
18,0.19804760813713074,0.4457477331161499,-1.8032018545000028e-07,0.17554718255996704,0.42346036434173584,-0.014504935592412949,0.16503596305847168,0.38923513889312744,-0.022630127146840096,0.17365221679210663,0.36964327096939087,-0.029515359550714493,0.18938401341438293,0.362662136554718,-0.03467648848891258,0.16991141438484192,0.33751940727233887,-0.018982969224452972,0.16231679916381836,0.28526461124420166,-0.03513587266206741,0.16020669043064117,0.298457533121109,-0.042929213494062424,0.1620391607284546,0.3312068283557892,-0.04554567486047745,0.19049613177776337,0.3330715298652649,-0.017490992322564125,0.18666371703147888,0.26640743017196655,-0.03373076394200325,0.1789766103029251,0.28777268528938293,-0.03660861775279045,0.1782780885696411,0.32405537366867065,-0.03492147475481033,0.21055588126182556,0.33992305397987366,-0.018211375921964645,0.21024605631828308,0.28404220938682556,-0.03443257883191109,0.2002910077571869,0.3045727610588074,-0.03428388014435768,0.19823768734931946,0.33750689029693604,-0.029909275472164154,0.2312084287405014,0.3575957715511322,-0.020021893084049225,0.23056373000144958,0.3181603252887726,-0.03317708149552345,0.2228517383337021,0.32533764839172363,-0.035189300775527954,0.21946001052856445,0.34895163774490356,-0.03357432410120964,0.6472933292388916,0.6205102205276489,-1.7136363794634235e-07,0.6264281272888184,0.5975126028060913,-0.008732995949685574,0.6159403920173645,0.556485652923584,-0.013639318756759167,0.6284081339836121,0.5326639413833618,-0.01902046427130699,0.6437672972679138,0.5434744358062744,-0.02262013964354992,0.6239745616912842,0.5070112347602844,-0.0031678522936999798,0.6220335364341736,0.4604482054710388,-0.012848560698330402,0.6219997406005859,0.4859312176704407,-0.018667763099074364,0.6221548914909363,0.5105898380279541,-0.02166575938463211,0.6389495730400085,0.5058227181434631,-0.0038108460139483213,0.6368606090545654,0.45742693543434143,-0.013447883538901806,0.6365291476249695,0.4901270866394043,-0.0161305982619524,0.6357895731925964,0.5136834979057312,-0.015849892050027847,0.6531146168708801,0.5111879110336304,-0.006483697332441807,0.6523060202598572,0.4647308886051178,-0.014815046451985836,0.6498237252235413,0.4921828806400299,-0.013670628890395164,0.6486970782279968,0.5162753462791443,-0.010846349410712719,0.6684290766716003,0.524016261100769,-0.010386773385107517,0.665678083896637,0.48647934198379517,-0.01675008051097393,0.6619486808776855,0.49913886189460754,-0.016655564308166504,0.6599270105361938,0.5169571042060852,-0.015204195864498615
19,0.1986936777830124,0.44254109263420105,-1.615958495904124e-07,0.17598086595535278,0.4195123612880707,-0.014113220386207104,0.16551841795444489,0.3872261941432953,-0.022807197645306587,0.17344555258750916,0.3675996959209442,-0.030137650668621063,0.18852461874485016,0.35927072167396545,-0.03567986935377121,0.16968336701393127,0.3391382098197937,-0.020646173506975174,0.16226518154144287,0.2861236333847046,-0.03760109841823578,0.16225342452526093,0.29850494861602783,-0.04588141292333603,0.1648106575012207,0.3303989768028259,-0.048822276294231415,0.19066809117794037,0.3351190686225891,-0.01940688118338585,0.18762332201004028,0.2661338746547699,-0.03664899989962578,0.1819772571325302,0.2876843810081482,-0.03993266075849533,0.18154318630695343,0.3230689764022827,-0.038455020636320114,0.21084873378276825,0.3410640060901642,-0.02016381174325943,0.21100932359695435,0.2836500406265259,-0.036466263234615326,0.20288079977035522,0.3030118942260742,-0.03556464612483978,0.20122432708740234,0.3344368040561676,-0.030654391273856163,0.23174217343330383,0.35798001289367676,-0.021953944116830826,0.23068992793560028,0.31594109535217285,-0.0343196839094162,0.2240273356437683,0.3239268362522125,-0.03528491407632828,0.2209610790014267,0.3478492796421051,-0.032981988042593,0.6478747725486755,0.6205768585205078,-1.6980476402750355e-07,0.626632034778595,0.5974303483963013,-0.008281279355287552,0.6161342263221741,0.5565659999847412,-0.01296364888548851,0.628035306930542,0.5326442122459412,-0.018247568979859352,0.642724335193634,0.5432000160217285,-0.02173040620982647,0.6234774589538574,0.5066704750061035,-0.0023930210154503584,0.6214454770088196,0.4604525566101074,-0.012106623500585556,0.6218143105506897,0.4858457148075104,-0.018049772828817368,0.6221040487289429,0.5107138156890869,-0.02108064666390419,0.6385290026664734,0.5054616332054138,-0.0032577409874647856,0.6363827586174011,0.4573584794998169,-0.012858632951974869,0.6362981200218201,0.4898096024990082,-0.015628043562173843,0.6355962753295898,0.5135303735733032,-0.015399583615362644,0.6526841521263123,0.5107638239860535,-0.006165271624922752,0.6519007086753845,0.4647068977355957,-0.014439838007092476,0.6496883630752563,0.49193835258483887,-0.013262263499200344,0.6486587524414062,0.5163668394088745,-0.010391509160399437,0.6680770516395569,0.5235026478767395,-0.010292564518749714,0.6656643748283386,0.48653894662857056,-0.01649915985763073,0.6620064973831177,0.49872586131095886,-0.016338439658284187,0.6598907113075256,0.5164766907691956,-0.01484882552176714
20,0.1986936777830124,0.44254109263420105,-1.615958495904124e-07,0.17598086595535278,0.4195123612880707,-0.014113220386207104,0.16551841795444489,0.3872261941432953,-0.022807197645306587,0.17344555258750916,0.3675996959209442,-0.030137650668621063,0.18852461874485016,0.35927072167396545,-0.03567986935377121,0.16968336701393127,0.3391382098197937,-0.020646173506975174,0.16226518154144287,0.2861236333847046,-0.03760109841823578,0.16225342452526093,0.29850494861602783,-0.04588141292333603,0.1648106575012207,0.3303989768028259,-0.048822276294231415,0.19066809117794037,0.3351190686225891,-0.01940688118338585,0.18762332201004028,0.2661338746547699,-0.03664899989962578,0.1819772571325302,0.2876843810081482,-0.03993266075849533,0.18154318630695343,0.3230689764022827,-0.038455020636320114,0.21084873378276825,0.3410640060901642,-0.02016381174325943,0.21100932359695435,0.2836500406265259,-0.036466263234615326,0.20288079977035522,0.3030118942260742,-0.03556464612483978,0.20122432708740234,0.3344368040561676,-0.030654391273856163,0.23174217343330383,0.35798001289367676,-0.021953944116830826,0.23068992793560028,0.31594109535217285,-0.0343196839094162,0.2240273356437683,0.3239268362522125,-0.03528491407632828,0.2209610790014267,0.3478492796421051,-0.032981988042593,0.6478747725486755,0.6205768585205078,-1.6980476402750355e-07,0.626632034778595,0.5974303483963013,-0.008281279355287552,0.6161342263221741,0.5565659999847412,-0.01296364888548851,0.628035306930542,0.5326442122459412,-0.018247568979859352,0.642724335193634,0.5432000160217285,-0.02173040620982647,0.6234774589538574,0.5066704750061035,-0.0023930210154503584,0.6214454770088196,0.4604525566101074,-0.012106623500585556,0.6218143105506897,0.4858457148075104,-0.018049772828817368,0.6221040487289429,0.5107138156890869,-0.02108064666390419,0.6385290026664734,0.5054616332054138,-0.0032577409874647856,0.6363827586174011,0.4573584794998169,-0.012858632951974869,0.6362981200218201,0.4898096024990082,-0.015628043562173843,0.6355962753295898,0.5135303735733032,-0.015399583615362644,0.6526841521263123,0.5107638239860535,-0.006165271624922752,0.6519007086753845,0.4647068977355957,-0.014439838007092476,0.6496883630752563,0.49193835258483887,-0.013262263499200344,0.6486587524414062,0.5163668394088745,-0.010391509160399437,0.6680770516395569,0.5235026478767395,-0.010292564518749714,0.6656643748283386,0.48653894662857056,-0.01649915985763073,0.6620064973831177,0.49872586131095886,-0.016338439658284187,0.6598907113075256,0.5164766907691956,-0.01484882552176714
21,0.1992596983909607,0.4453490376472473,-1.5868495495396928e-07,0.1773601472377777,0.4226776659488678,-0.013781462796032429,0.16684359312057495,0.38937702775001526,-0.021455755457282066,0.1733388900756836,0.3666037321090698,-0.02777126431465149,0.18278546631336212,0.3534833788871765,-0.032413650304079056,0.17038297653198242,0.3375886380672455,-0.019077954813838005,0.16322486102581024,0.2856488823890686,-0.0352524109184742,0.1631690114736557,0.29770776629447937,-0.04355593025684357,0.16523826122283936,0.3299084007740021,-0.04662203788757324,0.19112299382686615,0.33380836248397827,-0.017817124724388123,0.1881176382303238,0.2676456570625305,-0.033840589225292206,0.1825423687696457,0.2867151200771332,-0.03751223906874657,0.1813584268093109,0.3212614059448242,-0.036785975098609924,0.21127347648143768,0.34017494320869446,-0.018630363047122955,0.2121313512325287,0.28330567479133606,-0.034409694373607635,0.20404186844825745,0.2999635636806488,-0.03531009331345558,0.20143382251262665,0.33144548535346985,-0.03212016075849533,0.23172873258590698,0.35710594058036804,-0.020433388650417328,0.23165643215179443,0.316775381565094,-0.03361046314239502,0.22453780472278595,0.3232676684856415,-0.036392174661159515,0.219986230134964,0.3474982678890228,-0.03560958430171013,0.6480239033699036,0.621141254901886,-1.802754212576474e-07,0.6273859143257141,0.5971675515174866,-0.00787193514406681,0.616667628288269,0.5558159351348877,-0.012543154880404472,0.6282228231430054,0.5325040817260742,-0.018109293654561043,0.6430054903030396,0.5427722930908203,-0.022079095244407654,0.6240078210830688,0.5067852735519409,-0.0017392839072272182,0.6214331984519958,0.4599630832672119,-0.011882848106324673,0.6212883591651917,0.48518696427345276,-0.018353139981627464,0.6220350861549377,0.5104923844337463,-0.02170773223042488,0.6386338472366333,0.5055592060089111,-0.003055501962080598,0.6363610625267029,0.4561478793621063,-0.013084896840155125,0.6358196139335632,0.4884814918041229,-0.016343172639608383,0.6355011463165283,0.513196587562561,-0.016331328079104424,0.6529523730278015,0.5111372470855713,-0.006427871063351631,0.652134358882904,0.46324408054351807,-0.01493664551526308,0.64979088306427,0.49134039878845215,-0.014101928099989891,0.6489319801330566,0.5163534283638,-0.011367193423211575,0.6683321595191956,0.5239104628562927,-0.010996862314641476,0.6655228137969971,0.4852640628814697,-0.017182203009724617,0.6616344451904297,0.49825501441955566,-0.016983637586236,0.6596729755401611,0.5169131755828857,-0.015457944944500923
22,0.19620674848556519,0.4542290270328522,-1.7100160221161786e-07,0.17207275331020355,0.43152666091918945,-0.01311776228249073,0.1622832715511322,0.3907712399959564,-0.020542383193969727,0.1744515597820282,0.3645506501197815,-0.027688032016158104,0.1940147578716278,0.3614463210105896,-0.03303687274456024,0.1683320254087448,0.3416730761528015,-0.012510200962424278,0.16257254779338837,0.2860186994075775,-0.02798715978860855,0.16023337841033936,0.2940174639225006,-0.03644532710313797,0.1617981195449829,0.32377368211746216,-0.039582621306180954,0.1888892948627472,0.33653679490089417,-0.011716542765498161,0.18757250905036926,0.26860859990119934,-0.02696117013692856,0.18152901530265808,0.28287506103515625,-0.03091624565422535,0.1804335117340088,0.31851547956466675,-0.02980613335967064,0.20913159847259521,0.3430679738521576,-0.013269037939608097,0.21079382300376892,0.2845410704612732,-0.02812940627336502,0.20235034823417664,0.2999098598957062,-0.02811063639819622,0.20012028515338898,0.3331235349178314,-0.023645084351301193,0.23018863797187805,0.3594829738140106,-0.016030581668019295,0.23092326521873474,0.316546767950058,-0.027451368048787117,0.2234732210636139,0.32192495465278625,-0.028659863397479057,0.2196473330259323,0.34660273790359497,-0.026296352967619896,0.6482998728752136,0.6199829578399658,-1.7847544597771048e-07,0.6273064613342285,0.5971091985702515,-0.0070848846808075905,0.6159669756889343,0.5567296743392944,-0.011643745005130768,0.6269156336784363,0.5320056080818176,-0.017165180295705795,0.6419260501861572,0.5417771935462952,-0.02108239382505417,0.6237032413482666,0.5054763555526733,-0.0012128426460549235,0.6212978363037109,0.45927929878234863,-0.011299239471554756,0.6215713024139404,0.48519250750541687,-0.01787128858268261,0.6223567128181458,0.5102927088737488,-0.02124970033764839,0.6384832262992859,0.5043416619300842,-0.0028191048186272383,0.6359484195709229,0.4559920132160187,-0.012219670228660107,0.6358755826950073,0.4881134331226349,-0.015021070837974548,0.6358085870742798,0.5121761560440063,-0.014815965667366982,0.6528781652450562,0.5101065039634705,-0.006418489385396242,0.6519128084182739,0.46355390548706055,-0.014408569782972336,0.649500846862793,0.4917699992656708,-0.012829970568418503,0.6486263275146484,0.51609206199646,-0.009677796624600887,0.6681219339370728,0.5230395793914795,-0.01116500236093998,0.6652002930641174,0.4850311875343323,-0.016888875514268875,0.6608038544654846,0.49895939230918884,-0.016000697389245033,0.6585536599159241,0.5178946852684021,-0.013987740501761436
23,0.19353918731212616,0.45708417892456055,-1.9431489306498406e-07,0.1690848469734192,0.4317122995853424,-0.010193766094744205,0.15759003162384033,0.3918871283531189,-0.016232285648584366,0.16406483948230743,0.3580430746078491,-0.02239217795431614,0.1766701340675354,0.3377954661846161,-0.02675667591392994,0.16586218774318695,0.3382033109664917,-0.007630611304193735,0.16075754165649414,0.2800505757331848,-0.022276289761066437,0.15879923105239868,0.2913097143173218,-0.030466292053461075,0.16047188639640808,0.3245437443256378,-0.03339463472366333,0.18625947833061218,0.3339146673679352,-0.007639086339622736,0.1836448311805725,0.26251333951950073,-0.02328435890376568,0.17775282263755798,0.2822819650173187,-0.0280485637485981,0.17755404114723206,0.319581001996994,-0.02726268582046032,0.2064388543367386,0.3402651846408844,-0.009854285977780819,0.20551873743534088,0.2760702073574066,-0.02476196363568306,0.19801108539104462,0.29456833004951477,-0.025197265669703484,0.19774852693080902,0.3286336064338684,-0.021090015769004822,0.22728551924228668,0.35791072249412537,-0.012873624451458454,0.22460828721523285,0.31156086921691895,-0.023823749274015427,0.21760019659996033,0.32029613852500916,-0.024780934676527977,0.21604546904563904,0.34672263264656067,-0.02235773764550686,0.6472736597061157,0.6200845241546631,-1.704172802874382e-07,0.6265050768852234,0.5961738228797913,-0.008222999051213264,0.6155255436897278,0.5548940896987915,-0.013040633872151375,0.6275147795677185,0.5314624309539795,-0.0184439979493618,0.6430281400680542,0.542407214641571,-0.022071879357099533,0.6233888864517212,0.5045109391212463,-0.0024427399039268494,0.6203316450119019,0.45922955870628357,-0.012314035557210445,0.6205692887306213,0.4854094982147217,-0.018521776422858238,0.6212807297706604,0.5102624893188477,-0.02180222049355507,0.6381890177726746,0.50323486328125,-0.0034023276530206203,0.6351171135902405,0.45591166615486145,-0.012882722541689873,0.6348645091056824,0.48868975043296814,-0.01551902573555708,0.6346054077148438,0.5119100213050842,-0.015274363569915295,0.6522929072380066,0.5088394284248352,-0.006416521035134792,0.650891900062561,0.46327999234199524,-0.014616752974689007,0.6485275030136108,0.49102839827537537,-0.013227363117039204,0.6477046608924866,0.5149794816970825,-0.010279333218932152,0.667510986328125,0.5220333933830261,-0.010647769086062908,0.6646345853805542,0.4850104749202728,-0.01690763235092163,0.6604008674621582,0.4984845519065857,-0.016512472182512283,0.6581904888153076,0.5167921781539917,-0.014840126037597656
24,0.19353918731212616,0.45708417892456055,-1.9431489306498406e-07,0.1690848469734192,0.4317122995853424,-0.010193766094744205,0.15759003162384033,0.3918871283531189,-0.016232285648584366,0.16406483948230743,0.3580430746078491,-0.02239217795431614,0.1766701340675354,0.3377954661846161,-0.02675667591392994,0.16586218774318695,0.3382033109664917,-0.007630611304193735,0.16075754165649414,0.2800505757331848,-0.022276289761066437,0.15879923105239868,0.2913097143173218,-0.030466292053461075,0.16047188639640808,0.3245437443256378,-0.03339463472366333,0.18625947833061218,0.3339146673679352,-0.007639086339622736,0.1836448311805725,0.26251333951950073,-0.02328435890376568,0.17775282263755798,0.2822819650173187,-0.0280485637485981,0.17755404114723206,0.319581001996994,-0.02726268582046032,0.2064388543367386,0.3402651846408844,-0.009854285977780819,0.20551873743534088,0.2760702073574066,-0.02476196363568306,0.19801108539104462,0.29456833004951477,-0.025197265669703484,0.19774852693080902,0.3286336064338684,-0.021090015769004822,0.22728551924228668,0.35791072249412537,-0.012873624451458454,0.22460828721523285,0.31156086921691895,-0.023823749274015427,0.21760019659996033,0.32029613852500916,-0.024780934676527977,0.21604546904563904,0.34672263264656067,-0.02235773764550686,0.6472736597061157,0.6200845241546631,-1.704172802874382e-07,0.6265050768852234,0.5961738228797913,-0.008222999051213264,0.6155255436897278,0.5548940896987915,-0.013040633872151375,0.6275147795677185,0.5314624309539795,-0.0184439979493618,0.6430281400680542,0.542407214641571,-0.022071879357099533,0.6233888864517212,0.5045109391212463,-0.0024427399039268494,0.6203316450119019,0.45922955870628357,-0.012314035557210445,0.6205692887306213,0.4854094982147217,-0.018521776422858238,0.6212807297706604,0.5102624893188477,-0.02180222049355507,0.6381890177726746,0.50323486328125,-0.0034023276530206203,0.6351171135902405,0.45591166615486145,-0.012882722541689873,0.6348645091056824,0.48868975043296814,-0.01551902573555708,0.6346054077148438,0.5119100213050842,-0.015274363569915295,0.6522929072380066,0.5088394284248352,-0.006416521035134792,0.650891900062561,0.46327999234199524,-0.014616752974689007,0.6485275030136108,0.49102839827537537,-0.013227363117039204,0.6477046608924866,0.5149794816970825,-0.010279333218932152,0.667510986328125,0.5220333933830261,-0.010647769086062908,0.6646345853805542,0.4850104749202728,-0.01690763235092163,0.6604008674621582,0.4984845519065857,-0.016512472182512283,0.6581904888153076,0.5167921781539917,-0.014840126037597656
25,0.1945992112159729,0.4513092339038849,-1.8561691206286923e-07,0.17054063081741333,0.42715930938720703,-0.010356195271015167,0.1566792130470276,0.392458438873291,-0.018779292702674866,0.15885582566261292,0.3606788218021393,-0.026842473074793816,0.1677870750427246,0.33659520745277405,-0.033600207418203354,0.1650545299053192,0.33838388323783875,-0.016609279438853264,0.15957380831241608,0.2776109278202057,-0.03156180679798126,0.15800918638706207,0.28867214918136597,-0.039270952343940735,0.1582026481628418,0.3181873857975006,-0.04231860861182213,0.18586036562919617,0.33298012614250183,-0.017225217074155807,0.18008486926555634,0.26040446758270264,-0.03212181106209755,0.17548060417175293,0.28231924772262573,-0.03628356009721756,0.17503482103347778,0.31778839230537415,-0.036439795047044754,0.2068624198436737,0.3383999764919281,-0.01935998536646366,0.20281973481178284,0.27491098642349243,-0.03221893310546875,0.19752509891986847,0.2967540919780731,-0.032300278544425964,0.1973428726196289,0.3292035162448883,-0.029734618961811066,0.22868721187114716,0.354457288980484,-0.02220122329890728,0.2222795933485031,0.31043675541877747,-0.03226521983742714,0.21699438989162445,0.3220885097980499,-0.033032409846782684,0.21598142385482788,0.34616178274154663,-0.03143042325973511,0.6473075151443481,0.6211162805557251,-1.781072569428943e-07,0.6268473863601685,0.5967217087745667,-0.007953962311148643,0.6160672903060913,0.555196225643158,-0.01255616545677185,0.6279891133308411,0.5307919979095459,-0.017923180013895035,0.643384575843811,0.5424320697784424,-0.021549563854932785,0.6236576437950134,0.5063110589981079,-0.002430606633424759,0.6205108761787415,0.4590139389038086,-0.012047294527292252,0.6205796003341675,0.4846906363964081,-0.01762373559176922,0.6215500831604004,0.5096036791801453,-0.020457424223423004,0.6380541324615479,0.5046472549438477,-0.0035403785295784473,0.6353479623794556,0.4550597071647644,-0.013095876201987267,0.6349747180938721,0.4876115024089813,-0.015390699729323387,0.6349191069602966,0.5114330053329468,-0.014822124503552914,0.652167797088623,0.5099327564239502,-0.0066675408743321896,0.6508297324180603,0.4630785584449768,-0.014978022314608097,0.6485567688941956,0.49103161692619324,-0.013575464487075806,0.6479870676994324,0.5151605010032654,-0.010524754412472248,0.6673227548599243,0.5224698185920715,-0.010998712852597237,0.6647335290908813,0.4837917387485504,-0.017102543264627457,0.6605280041694641,0.49710431694984436,-0.016686316579580307,0.6581792235374451,0.5159933567047119,-0.015030915848910809
26,0.1873895525932312,0.45718270540237427,-2.4064880221885687e-07,0.16280654072761536,0.4301464259624481,-0.006706842686980963,0.15040510892868042,0.38961848616600037,-0.01199275255203247,0.1617138385772705,0.3558449447154999,-0.018331876024603844,0.17996451258659363,0.34469088912010193,-0.023411493748426437,0.15913598239421844,0.3310583829879761,-0.00301575381308794,0.1538211852312088,0.26904353499412537,-0.015119283460080624,0.15137693285942078,0.286867618560791,-0.022440627217292786,0.15234529972076416,0.31942692399024963,-0.02558121643960476,0.18027551472187042,0.3235556185245514,-0.0052602277137339115,0.17611081898212433,0.2550041675567627,-0.016430607065558434,0.17030811309814453,0.2821727991104126,-0.020289931446313858,0.17044925689697266,0.3184592127799988,-0.020223522558808327,0.20089995861053467,0.32870709896087646,-0.009397784247994423,0.19889262318611145,0.2695203721523285,-0.020056653767824173,0.19216802716255188,0.29708707332611084,-0.019912544637918472,0.1927548199892044,0.33100298047065735,-0.017038214951753616,0.22287766635417938,0.3466779887676239,-0.014229653403162956,0.21746595203876495,0.3030150532722473,-0.0222966056317091,0.21171371638774872,0.31809040904045105,-0.021831968799233437,0.2114787995815277,0.3437054753303528,-0.01934097521007061,0.6467809081077576,0.6210899949073792,-1.7185723777402018e-07,0.6263412833213806,0.5961451530456543,-0.008151239715516567,0.6158435344696045,0.5543348789215088,-0.012811027467250824,0.6279692053794861,0.5312063097953796,-0.01818368025124073,0.6431602835655212,0.5431689620018005,-0.021833689883351326,0.6241161227226257,0.5057020783424377,-0.0025438538286834955,0.6211016774177551,0.4592333137989044,-0.01221640408039093,0.6208809614181519,0.4839068353176117,-0.017893102020025253,0.6217379570007324,0.5084691047668457,-0.020782804116606712,0.6384344100952148,0.5045859217643738,-0.0035380665212869644,0.6356367468833923,0.45548462867736816,-0.013026172295212746,0.6349697709083557,0.4871698021888733,-0.015282868407666683,0.6348275542259216,0.5107312202453613,-0.014691059477627277,0.6524065136909485,0.5104832649230957,-0.006578966975212097,0.6511236429214478,0.4640912711620331,-0.014749842695891857,0.6486426591873169,0.49158021807670593,-0.013241373933851719,0.6479194164276123,0.5155589580535889,-0.010144824162125587,0.6673988103866577,0.5237220525741577,-0.01086296048015356,0.6649974584579468,0.48508918285369873,-0.016864588484168053,0.660743236541748,0.497283011674881,-0.016406001523137093,0.6583434343338013,0.5151075124740601,-0.01472140196710825
27,0.1873895525932312,0.45718270540237427,-2.4064880221885687e-07,0.16280654072761536,0.4301464259624481,-0.006706842686980963,0.15040510892868042,0.38961848616600037,-0.01199275255203247,0.1617138385772705,0.3558449447154999,-0.018331876024603844,0.17996451258659363,0.34469088912010193,-0.023411493748426437,0.15913598239421844,0.3310583829879761,-0.00301575381308794,0.1538211852312088,0.26904353499412537,-0.015119283460080624,0.15137693285942078,0.286867618560791,-0.022440627217292786,0.15234529972076416,0.31942692399024963,-0.02558121643960476,0.18027551472187042,0.3235556185245514,-0.0052602277137339115,0.17611081898212433,0.2550041675567627,-0.016430607065558434,0.17030811309814453,0.2821727991104126,-0.020289931446313858,0.17044925689697266,0.3184592127799988,-0.020223522558808327,0.20089995861053467,0.32870709896087646,-0.009397784247994423,0.19889262318611145,0.2695203721523285,-0.020056653767824173,0.19216802716255188,0.29708707332611084,-0.019912544637918472,0.1927548199892044,0.33100298047065735,-0.017038214951753616,0.22287766635417938,0.3466779887676239,-0.014229653403162956,0.21746595203876495,0.3030150532722473,-0.0222966056317091,0.21171371638774872,0.31809040904045105,-0.021831968799233437,0.2114787995815277,0.3437054753303528,-0.01934097521007061,0.6467809081077576,0.6210899949073792,-1.7185723777402018e-07,0.6263412833213806,0.5961451530456543,-0.008151239715516567,0.6158435344696045,0.5543348789215088,-0.012811027467250824,0.6279692053794861,0.5312063097953796,-0.01818368025124073,0.6431602835655212,0.5431689620018005,-0.021833689883351326,0.6241161227226257,0.5057020783424377,-0.0025438538286834955,0.6211016774177551,0.4592333137989044,-0.01221640408039093,0.6208809614181519,0.4839068353176117,-0.017893102020025253,0.6217379570007324,0.5084691047668457,-0.020782804116606712,0.6384344100952148,0.5045859217643738,-0.0035380665212869644,0.6356367468833923,0.45548462867736816,-0.013026172295212746,0.6349697709083557,0.4871698021888733,-0.015282868407666683,0.6348275542259216,0.5107312202453613,-0.014691059477627277,0.6524065136909485,0.5104832649230957,-0.006578966975212097,0.6511236429214478,0.4640912711620331,-0.014749842695891857,0.6486426591873169,0.49158021807670593,-0.013241373933851719,0.6479194164276123,0.5155589580535889,-0.010144824162125587,0.6673988103866577,0.5237220525741577,-0.01086296048015356,0.6649974584579468,0.48508918285369873,-0.016864588484168053,0.660743236541748,0.497283011674881,-0.016406001523137093,0.6583434343338013,0.5151075124740601,-0.01472140196710825
28,0.18380402028560638,0.4507825970649719,-2.457428536217776e-07,0.1576571762561798,0.42017993330955505,-0.006936242803931236,0.14606086909770966,0.3777710795402527,-0.01147948857396841,0.15700088441371918,0.34375452995300293,-0.016990680247545242,0.17553189396858215,0.3353897035121918,-0.020528318360447884,0.15346193313598633,0.3237553536891937,-0.002567235380411148,0.14897051453590393,0.2583669424057007,-0.015129968523979187,0.146836057305336,0.2763751745223999,-0.02177479676902294,0.14838963747024536,0.30867695808410645,-0.024087093770503998,0.17391827702522278,0.3192150294780731,-0.0044219172559678555,0.17098373174667358,0.24700592458248138,-0.01687547005712986,0.1656416952610016,0.2763366103172302,-0.01920926943421364,0.1665736883878708,0.3118816912174225,-0.017317581921815872,0.1932491809129715,0.3259217143058777,-0.008420567028224468,0.19392891228199005,0.26006829738616943,-0.020562049001455307,0.18697427213191986,0.28733739256858826,-0.018001575022935867,0.18722787499427795,0.3213080167770386,-0.012479712255299091,0.21403750777244568,0.34562885761260986,-0.013232883997261524,0.2134280502796173,0.2960134744644165,-0.0214428398758173,0.20693890750408173,0.30846720933914185,-0.019428802654147148,0.20487235486507416,0.33412548899650574,-0.01534123346209526,0.6469232439994812,0.6202018857002258,-1.687556760998632e-07,0.626319169998169,0.5964941382408142,-0.00856736209243536,0.6155325174331665,0.555037260055542,-0.013523904606699944,0.6275919079780579,0.531720757484436,-0.019002117216587067,0.6431490778923035,0.5426463484764099,-0.022698894143104553,0.623134195804596,0.5052524209022522,-0.003412672085687518,0.620436429977417,0.4589662253856659,-0.013307982124388218,0.6209877133369446,0.4844525456428528,-0.019179608672857285,0.6218297481536865,0.509300708770752,-0.02223442681133747,0.6378927826881409,0.5039682984352112,-0.004298449493944645,0.6354568600654602,0.45490938425064087,-0.014110093005001545,0.6355964541435242,0.4877368211746216,-0.016784105449914932,0.6352968811988831,0.5116552114486694,-0.016539936885237694,0.652056872844696,0.5095989108085632,-0.007197766099125147,0.6511520147323608,0.4634702503681183,-0.015604753978550434,0.6491541266441345,0.49174442887306213,-0.014419346116483212,0.6481810212135315,0.515945315361023,-0.011616211384534836,0.6673426628112793,0.5226288437843323,-0.011331822723150253,0.6646625399589539,0.48474961519241333,-0.017659462988376617,0.6609324216842651,0.4978422224521637,-0.017502116039395332,0.6587203145027161,0.5157759785652161,-0.016074487939476967
29,0.18604908883571625,0.45938077569007874,-2.0759260621616704e-07,0.15997956693172455,0.4348754584789276,-0.012074653059244156,0.14522197842597961,0.3816738724708557,-0.01794479228556156,0.15737837553024292,0.3401886820793152,-0.023755107074975967,0.17896030843257904,0.3320540487766266,-0.027652442455291748,0.1557399481534958,0.3280855715274811,-0.007285609841346741,0.1530691683292389,0.26445481181144714,-0.020151739940047264,0.14910094439983368,0.2742939591407776,-0.02714453637599945,0.14911317825317383,0.3038126528263092,-0.02992328442633152,0.17422248423099518,0.3201413154602051,-0.006720501929521561,0.171798974275589,0.2481192648410797,-0.019283663481473923,0.16451820731163025,0.2671106159687042,-0.022025462239980698,0.16502059996128082,0.30293241143226624,-0.020573435351252556,0.19313108921051025,0.3246995806694031,-0.008647711016237736,0.19349801540374756,0.25734660029411316,-0.021596606820821762,0.1840667426586151,0.27539607882499695,-0.020805753767490387,0.18396906554698944,0.3107735812664032,-0.01644388772547245,0.21455883979797363,0.3427545428276062,-0.011876213364303112,0.21223075687885284,0.2913227081298828,-0.02283298969268799,0.2032817006111145,0.29971274733543396,-0.023605333641171455,0.20107963681221008,0.3269648551940918,-0.021158067509531975,0.6472918391227722,0.6198894381523132,-1.7712667954583594e-07,0.6264808773994446,0.5952699780464172,-0.007594965398311615,0.6155545711517334,0.554559051990509,-0.012228819541633129,0.6269891262054443,0.5310450792312622,-0.017715007066726685,0.6423662900924683,0.5418590903282166,-0.02148819901049137,0.6226907968521118,0.5056563019752502,-0.0017900483217090368,0.6196072101593018,0.4591270387172699,-0.01173557247966528,0.619787871837616,0.48493924736976624,-0.01779153198003769,0.6204761266708374,0.5099778175354004,-0.020836807787418365,0.6373733282089233,0.5042812824249268,-0.0031816205009818077,0.6346675157546997,0.4557237923145294,-0.012995429337024689,0.6342726349830627,0.48851725459098816,-0.015720834955573082,0.6338485479354858,0.5125849843025208,-0.015362262725830078,0.651692807674408,0.5094589591026306,-0.006598052568733692,0.6504152417182922,0.46307653188705444,-0.015020671300590038,0.6480674147605896,0.4910964369773865,-0.013617482967674732,0.6473914980888367,0.5154874920845032,-0.010479246266186237,0.6672165393829346,0.5217706561088562,-0.011188846081495285,0.6644986271858215,0.4843830466270447,-0.017166737467050552,0.6604469418525696,0.49762067198753357,-0.016494646668434143,0.6583120226860046,0.516036868095398,-0.014619464986026287
30,0.18544642627239227,0.4611193537712097,-1.8489573960778216e-07,0.15834762156009674,0.43934234976768494,-0.013724283315241337,0.1430240422487259,0.3833100497722626,-0.02008163370192051,0.1544601321220398,0.3392968773841858,-0.02606385014951229,0.17534571886062622,0.3303045928478241,-0.02952803671360016,0.15322092175483704,0.32605820894241333,-0.008974981494247913,0.15103715658187866,0.2599821090698242,-0.02338152565062046,0.1480240821838379,0.2708946168422699,-0.030912097543478012,0.14810240268707275,0.3038111627101898,-0.033551089465618134,0.1721157729625702,0.31976673007011414,-0.007739034481346607,0.17036238312721252,0.245666965842247,-0.022175738587975502,0.16461217403411865,0.2650986611843109,-0.025500554591417313,0.16549889743328094,0.3036724925041199,-0.023885369300842285,0.19121235609054565,0.3250601887702942,-0.009248705580830574,0.19283662736415863,0.2563159167766571,-0.023342635482549667,0.1857212632894516,0.2725841999053955,-0.022851048037409782,0.1862076073884964,0.30927374958992004,-0.01825624704360962,0.2127898633480072,0.341926634311676,-0.01225285418331623,0.21328751742839813,0.2914237380027771,-0.024209044873714447,0.20611372590065002,0.2977624237537384,-0.02598639950156212,0.20397460460662842,0.3251782953739166,-0.023958999663591385,0.6467639803886414,0.6199978590011597,-1.724899334476504e-07,0.6262534856796265,0.5964114665985107,-0.0077671753242611885,0.615273118019104,0.556205153465271,-0.012478495948016644,0.6267549395561218,0.530783474445343,-0.01784093677997589,0.6420207023620605,0.5407963395118713,-0.02137901820242405,0.6221842169761658,0.5058685541152954,-0.0023387563414871693,0.6194894909858704,0.45987024903297424,-0.012280521914362907,0.6203964352607727,0.4862847626209259,-0.018346650525927544,0.6210215091705322,0.5108199119567871,-0.021442491561174393,0.6370568871498108,0.5041882991790771,-0.0036012849304825068,0.6344108581542969,0.4554765820503235,-0.013055577874183655,0.634702742099762,0.48860061168670654,-0.015503175556659698,0.6341817378997803,0.511763334274292,-0.015106565319001675,0.6513428688049316,0.509224534034729,-0.006861340720206499,0.6501858234405518,0.46368661522865295,-0.015084674581885338,0.6483525037765503,0.49179235100746155,-0.013421200215816498,0.6475962400436401,0.515358030796051,-0.01021420955657959,0.6667811870574951,0.5215219855308533,-0.011290560476481915,0.6643006801605225,0.4842037856578827,-0.017218593508005142,0.6607150435447693,0.49751898646354675,-0.01639821194112301,0.6586002111434937,0.5153288841247559,-0.014463805593550205
31,0.18544642627239227,0.4611193537712097,-1.8489573960778216e-07,0.15834762156009674,0.43934234976768494,-0.013724283315241337,0.1430240422487259,0.3833100497722626,-0.02008163370192051,0.1544601321220398,0.3392968773841858,-0.02606385014951229,0.17534571886062622,0.3303045928478241,-0.02952803671360016,0.15322092175483704,0.32605820894241333,-0.008974981494247913,0.15103715658187866,0.2599821090698242,-0.02338152565062046,0.1480240821838379,0.2708946168422699,-0.030912097543478012,0.14810240268707275,0.3038111627101898,-0.033551089465618134,0.1721157729625702,0.31976673007011414,-0.007739034481346607,0.17036238312721252,0.245666965842247,-0.022175738587975502,0.16461217403411865,0.2650986611843109,-0.025500554591417313,0.16549889743328094,0.3036724925041199,-0.023885369300842285,0.19121235609054565,0.3250601887702942,-0.009248705580830574,0.19283662736415863,0.2563159167766571,-0.023342635482549667,0.1857212632894516,0.2725841999053955,-0.022851048037409782,0.1862076073884964,0.30927374958992004,-0.01825624704360962,0.2127898633480072,0.341926634311676,-0.01225285418331623,0.21328751742839813,0.2914237380027771,-0.024209044873714447,0.20611372590065002,0.2977624237537384,-0.02598639950156212,0.20397460460662842,0.3251782953739166,-0.023958999663591385,0.6467639803886414,0.6199978590011597,-1.724899334476504e-07,0.6262534856796265,0.5964114665985107,-0.0077671753242611885,0.615273118019104,0.556205153465271,-0.012478495948016644,0.6267549395561218,0.530783474445343,-0.01784093677997589,0.6420207023620605,0.5407963395118713,-0.02137901820242405,0.6221842169761658,0.5058685541152954,-0.0023387563414871693,0.6194894909858704,0.45987024903297424,-0.012280521914362907,0.6203964352607727,0.4862847626209259,-0.018346650525927544,0.6210215091705322,0.5108199119567871,-0.021442491561174393,0.6370568871498108,0.5041882991790771,-0.0036012849304825068,0.6344108581542969,0.4554765820503235,-0.013055577874183655,0.634702742099762,0.48860061168670654,-0.015503175556659698,0.6341817378997803,0.511763334274292,-0.015106565319001675,0.6513428688049316,0.509224534034729,-0.006861340720206499,0.6501858234405518,0.46368661522865295,-0.015084674581885338,0.6483525037765503,0.49179235100746155,-0.013421200215816498,0.6475962400436401,0.515358030796051,-0.01021420955657959,0.6667811870574951,0.5215219855308533,-0.011290560476481915,0.6643006801605225,0.4842037856578827,-0.017218593508005142,0.6607150435447693,0.49751898646354675,-0.01639821194112301,0.6586002111434937,0.5153288841247559,-0.014463805593550205
32,0.18338584899902344,0.4613863527774811,-1.866842325171092e-07,0.15712423622608185,0.43619853258132935,-0.013189154677093029,0.14232224225997925,0.38042503595352173,-0.019858090206980705,0.15496599674224854,0.33674734830856323,-0.026356441900134087,0.17714974284172058,0.33602309226989746,-0.030166450887918472,0.15055882930755615,0.3223195970058441,-0.007175407372415066,0.1475886106491089,0.2562548518180847,-0.02147422730922699,0.14734698832035065,0.2739472985267639,-0.02984040603041649,0.14891232550144196,0.3083818554878235,-0.03355657309293747,0.17039847373962402,0.3168290853500366,-0.006385574582964182,0.16825243830680847,0.24530836939811707,-0.020546719431877136,0.16414299607276917,0.27318647503852844,-0.024549510329961777,0.16525357961654663,0.31031283736228943,-0.023978861048817635,0.18926671147346497,0.32182735204696655,-0.008329900912940502,0.19069156050682068,0.2570573389530182,-0.021564289927482605,0.18459607660770416,0.27837806940078735,-0.02064826898276806,0.1843871921300888,0.31432583928108215,-0.01635880395770073,0.21067804098129272,0.3390229344367981,-0.01185029000043869,0.21096351742744446,0.289509117603302,-0.022087471559643745,0.20513582229614258,0.29803627729415894,-0.022893352434039116,0.20265737175941467,0.32399237155914307,-0.02084420621395111,0.6464750170707703,0.6193622350692749,-1.7044322930814815e-07,0.6259508728981018,0.5952497720718384,-0.007347474806010723,0.6150662899017334,0.5562442541122437,-0.012184291146695614,0.6264020204544067,0.5314892530441284,-0.017812605947256088,0.6420125365257263,0.5395006537437439,-0.0217759907245636,0.621483325958252,0.5058369040489197,-0.0024008473847061396,0.6188898682594299,0.45903030037879944,-0.012814669869840145,0.6197092533111572,0.48479530215263367,-0.019267044961452484,0.6202431321144104,0.5097086429595947,-0.02239612676203251,0.6363829374313354,0.5037259459495544,-0.00391374621540308,0.6338939666748047,0.4553624093532562,-0.01351313665509224,0.6340439319610596,0.4877195358276367,-0.016177719458937645,0.6337042450904846,0.5114893317222595,-0.01585102267563343,0.6509440541267395,0.5083077549934387,-0.007378502748906612,0.6497647166252136,0.46280166506767273,-0.015771187841892242,0.647530734539032,0.49103212356567383,-0.014170490205287933,0.6468070149421692,0.5152155756950378,-0.010871308855712414,0.6663998365402222,0.5198719501495361,-0.011945310980081558,0.6637227535247803,0.48265841603279114,-0.01791558228433132,0.659683346748352,0.49616530537605286,-0.01691296137869358,0.6574807167053223,0.5144386887550354,-0.014721419662237167
33,0.18322642147541046,0.4606807231903076,-1.39271946864028e-07,0.15691189467906952,0.44003865122795105,-0.014587069861590862,0.14293651282787323,0.38392573595046997,-0.020629048347473145,0.15447652339935303,0.33811816573143005,-0.026391038671135902,0.1742202788591385,0.3313949406147003,-0.029535630717873573,0.15105807781219482,0.3288184404373169,-0.008088360540568829,0.14672675728797913,0.2623476982116699,-0.023065440356731415,0.14705798029899597,0.2677422761917114,-0.03149055689573288,0.14953875541687012,0.29795727133750916,-0.034671884030103683,0.17050112783908844,0.3216152787208557,-0.006470930762588978,0.166965052485466,0.24724769592285156,-0.021718574687838554,0.1640995889902115,0.2617693245410919,-0.02653530053794384,0.16548532247543335,0.30020013451576233,-0.02571501024067402,0.1896832436323166,0.3259660303592682,-0.007781982421875,0.1911575198173523,0.257694810628891,-0.022637847810983658,0.18487441539764404,0.2689967155456543,-0.023363549262285233,0.1839863359928131,0.3048030734062195,-0.019086236134171486,0.210849329829216,0.34154483675956726,-0.01072485651820898,0.21244801580905914,0.2918204367160797,-0.022956635802984238,0.20574919879436493,0.29330897331237793,-0.025752386078238487,0.20186717808246613,0.3185272514820099,-0.02419918216764927,0.6467114090919495,0.6199186444282532,-1.7633475124512188e-07,0.6258077025413513,0.5955596566200256,-0.007402509916573763,0.6146465539932251,0.5550086498260498,-0.012242540717124939,0.6264130473136902,0.53053879737854,-0.01793822832405567,0.6422679424285889,0.541571855545044,-0.021905289962887764,0.6217203736305237,0.5034338235855103,-0.001696003950200975,0.6193116307258606,0.45780423283576965,-0.011892599985003471,0.6196155548095703,0.48481428623199463,-0.01823575235903263,0.6201472878456116,0.5104518532752991,-0.021387910470366478,0.6367638111114502,0.5017991662025452,-0.0032376267481595278,0.6341568827629089,0.45478731393814087,-0.012862197123467922,0.633885383605957,0.4875771701335907,-0.015425334684550762,0.6335760951042175,0.511807382106781,-0.014965707436203957,0.6513790488243103,0.507095456123352,-0.006810836493968964,0.6500002145767212,0.4620683193206787,-0.015168700367212296,0.6476095914840698,0.4908815026283264,-0.013572311028838158,0.6469260454177856,0.5156852006912231,-0.010247091762721539,0.6667531132698059,0.5195814371109009,-0.011544860899448395,0.6635278463363647,0.48255130648612976,-0.01754331775009632,0.6592159867286682,0.4971270263195038,-0.016693931072950363,0.6571723818778992,0.5163216590881348,-0.014620088040828705
34,0.18424980342388153,0.46247315406799316,-1.820671542418495e-07,0.15752166509628296,0.44146549701690674,-0.01510362047702074,0.1430930644273758,0.38211166858673096,-0.021520525217056274,0.15485921502113342,0.33626168966293335,-0.02734052762389183,0.17592082917690277,0.332760214805603,-0.030520368367433548,0.15185308456420898,0.32509467005729675,-0.00969755556434393,0.14773710072040558,0.25807881355285645,-0.02474050410091877,0.14661629498004913,0.27184876799583435,-0.03330344334244728,0.14824990928173065,0.30588632822036743,-0.03684299811720848,0.17154982686042786,0.31975483894348145,-0.007843620143830776,0.1685428023338318,0.2448698729276657,-0.023009570315480232,0.1641305536031723,0.2671399712562561,-0.027680907398462296,0.16491928696632385,0.30639949440956116,-0.02713886834681034,0.19031518697738647,0.32470932602882385,-0.00883252453058958,0.1914833039045334,0.2563372254371643,-0.023020263761281967,0.1850004643201828,0.27416470646858215,-0.02348763309419155,0.18409352004528046,0.31186211109161377,-0.019712669774889946,0.2111985683441162,0.340010404586792,-0.01152135245501995,0.2112666517496109,0.2892884612083435,-0.02368888258934021,0.20505595207214355,0.2937661111354828,-0.026758305728435516,0.2020397037267685,0.31932127475738525,-0.025904623791575432,0.6464343070983887,0.6183146238327026,-1.6842555794482905e-07,0.6252995729446411,0.5960871577262878,-0.007264021784067154,0.6138849854469299,0.5558359026908875,-0.01171767059713602,0.6255877017974854,0.5311460494995117,-0.016902022063732147,0.6421383023262024,0.5396700501441956,-0.02054070681333542,0.6203094720840454,0.505927324295044,-0.002619702834635973,0.6178896427154541,0.45952627062797546,-0.013022787868976593,0.619249701499939,0.48384350538253784,-0.01971987821161747,0.6198165416717529,0.5092012286186218,-0.02302607148885727,0.6356929540634155,0.5032476186752319,-0.003989547956734896,0.6336358189582825,0.45510852336883545,-0.013358981348574162,0.6340662240982056,0.48705241084098816,-0.01597212627530098,0.6338948607444763,0.5115199089050293,-0.01560878660529852,0.6503818035125732,0.508212685585022,-0.007266090251505375,0.6499976515769958,0.46382614970207214,-0.0155150406062603,0.6475616097450256,0.49197059869766235,-0.013781589455902576,0.6465921998023987,0.5160733461380005,-0.010387754067778587,0.6655308604240417,0.5203260183334351,-0.011638117954134941,0.6637976169586182,0.4837391972541809,-0.017716433852910995,0.659381628036499,0.49779242277145386,-0.016654623672366142,0.6567633152008057,0.5164956450462341,-0.014392929151654243
35,0.18424980342388153,0.46247315406799316,-1.820671542418495e-07,0.15752166509628296,0.44146549701690674,-0.01510362047702074,0.1430930644273758,0.38211166858673096,-0.021520525217056274,0.15485921502113342,0.33626168966293335,-0.02734052762389183,0.17592082917690277,0.332760214805603,-0.030520368367433548,0.15185308456420898,0.32509467005729675,-0.00969755556434393,0.14773710072040558,0.25807881355285645,-0.02474050410091877,0.14661629498004913,0.27184876799583435,-0.03330344334244728,0.14824990928173065,0.30588632822036743,-0.03684299811720848,0.17154982686042786,0.31975483894348145,-0.007843620143830776,0.1685428023338318,0.2448698729276657,-0.023009570315480232,0.1641305536031723,0.2671399712562561,-0.027680907398462296,0.16491928696632385,0.30639949440956116,-0.02713886834681034,0.19031518697738647,0.32470932602882385,-0.00883252453058958,0.1914833039045334,0.2563372254371643,-0.023020263761281967,0.1850004643201828,0.27416470646858215,-0.02348763309419155,0.18409352004528046,0.31186211109161377,-0.019712669774889946,0.2111985683441162,0.340010404586792,-0.01152135245501995,0.2112666517496109,0.2892884612083435,-0.02368888258934021,0.20505595207214355,0.2937661111354828,-0.026758305728435516,0.2020397037267685,0.31932127475738525,-0.025904623791575432,0.6464343070983887,0.6183146238327026,-1.6842555794482905e-07,0.6252995729446411,0.5960871577262878,-0.007264021784067154,0.6138849854469299,0.5558359026908875,-0.01171767059713602,0.6255877017974854,0.5311460494995117,-0.016902022063732147,0.6421383023262024,0.5396700501441956,-0.02054070681333542,0.6203094720840454,0.505927324295044,-0.002619702834635973,0.6178896427154541,0.45952627062797546,-0.013022787868976593,0.619249701499939,0.48384350538253784,-0.01971987821161747,0.6198165416717529,0.5092012286186218,-0.02302607148885727,0.6356929540634155,0.5032476186752319,-0.003989547956734896,0.6336358189582825,0.45510852336883545,-0.013358981348574162,0.6340662240982056,0.48705241084098816,-0.01597212627530098,0.6338948607444763,0.5115199089050293,-0.01560878660529852,0.6503818035125732,0.508212685585022,-0.007266090251505375,0.6499976515769958,0.46382614970207214,-0.0155150406062603,0.6475616097450256,0.49197059869766235,-0.013781589455902576,0.6465921998023987,0.5160733461380005,-0.010387754067778587,0.6655308604240417,0.5203260183334351,-0.011638117954134941,0.6637976169586182,0.4837391972541809,-0.017716433852910995,0.659381628036499,0.49779242277145386,-0.016654623672366142,0.6567633152008057,0.5164956450462341,-0.014392929151654243
36,0.185237318277359,0.46321237087249756,-1.802941227424526e-07,0.1573375016450882,0.44290536642074585,-0.015494455583393574,0.14294955134391785,0.382467657327652,-0.021382000297307968,0.15550312399864197,0.3368930220603943,-0.02672925405204296,0.1777052879333496,0.3324311077594757,-0.029475225135684013,0.15276947617530823,0.3213971257209778,-0.007335187401622534,0.15007473528385162,0.25866273045539856,-0.02212238311767578,0.14807091653347015,0.2716667652130127,-0.030760569497942924,0.14884571731090546,0.3042883276939392,-0.03444300591945648,0.17188987135887146,0.3154679536819458,-0.0058088176883757114,0.1702001690864563,0.243244469165802,-0.02108512446284294,0.1634395867586136,0.2666570544242859,-0.026043735444545746,0.16395793855190277,0.3050461411476135,-0.025561129674315453,0.19024202227592468,0.3213123083114624,-0.007439651060849428,0.19271120429039001,0.25609898567199707,-0.022317761555314064,0.18418411910533905,0.27485355734825134,-0.023937616497278214,0.18373918533325195,0.31222420930862427,-0.020835908129811287,0.21125482022762299,0.33777448534965515,-0.0107866320759058,0.2127029448747635,0.29030555486679077,-0.023565052077174187,0.20625554025173187,0.29532307386398315,-0.027464205399155617,0.20396986603736877,0.32114386558532715,-0.027245208621025085,0.6461886167526245,0.6203263998031616,-1.7094369297865342e-07,0.6254002451896667,0.5966222882270813,-0.007946078665554523,0.6144270896911621,0.5563960671424866,-0.012671354226768017,0.6257818341255188,0.5311764478683472,-0.01811845786869526,0.6407239437103271,0.5410628318786621,-0.02174672856926918,0.620796263217926,0.5061481595039368,-0.0022653252817690372,0.6174083948135376,0.4594252109527588,-0.01206966582685709,0.618086040019989,0.48537373542785645,-0.017941927537322044,0.6189577579498291,0.5098268389701843,-0.02091771923005581,0.6354256868362427,0.5039105415344238,-0.0033980868756771088,0.6322134733200073,0.4557696282863617,-0.012947875075042248,0.6324996948242188,0.4886328876018524,-0.01531271729618311,0.6323015689849854,0.5117592811584473,-0.014778131619095802,0.649770975112915,0.5085474848747253,-0.00655713165178895,0.6481113433837891,0.46328258514404297,-0.0148323904722929,0.6461744904518127,0.4914092421531677,-0.013118541799485683,0.6454945802688599,0.515021026134491,-0.009821153245866299,0.6652716398239136,0.5204260945320129,-0.010922272689640522,0.6623225808143616,0.48382845520973206,-0.016918130218982697,0.6584471464157104,0.49767178297042847,-0.0161600224673748,0.656315803527832,0.515842080116272,-0.014210485853254795
37,0.1857285499572754,0.4638686180114746,-1.74193971247405e-07,0.1593523621559143,0.44145673513412476,-0.01364081259816885,0.14481115341186523,0.38410043716430664,-0.019083740189671516,0.1556141972541809,0.33844998478889465,-0.024392493069171906,0.1752239614725113,0.3253463804721832,-0.027590854093432426,0.15497621893882751,0.32540711760520935,-0.006448107771575451,0.15216855704784393,0.2607783079147339,-0.021108096465468407,0.14908336102962494,0.267555832862854,-0.0294682364910841,0.1492656171321869,0.29650527238845825,-0.032694343477487564,0.1732766479253769,0.31958404183387756,-0.005949966609477997,0.17201951146125793,0.24438804388046265,-0.02120142988860607,0.16485457122325897,0.26180148124694824,-0.025670267641544342,0.16475337743759155,0.29850706458091736,-0.024583501741290092,0.19193612039089203,0.3256198465824127,-0.008433240465819836,0.1948508322238922,0.256568968296051,-0.023822156712412834,0.1854909062385559,0.27341228723526,-0.025128912180662155,0.1842944175004959,0.3084160387516022,-0.0214025117456913,0.2125542163848877,0.3429321348667145,-0.012341806665062904,0.21459372341632843,0.2923019826412201,-0.024981848895549774,0.20626415312290192,0.2991163730621338,-0.027391135692596436,0.20274950563907623,0.32616156339645386,-0.025800514966249466,0.6460544466972351,0.62064129114151,-1.79721922677345e-07,0.6253112554550171,0.5959528088569641,-0.008417373523116112,0.6145978569984436,0.5545322895050049,-0.013267111033201218,0.6265046000480652,0.5308623313903809,-0.018797945231199265,0.6417114734649658,0.5418505072593689,-0.022562647238373756,0.6216787099838257,0.5061560273170471,-0.0031875886488705873,0.6177592277526855,0.4591536521911621,-0.01335243321955204,0.617800235748291,0.4853670299053192,-0.01929202489554882,0.6193707585334778,0.5103280544281006,-0.022337190806865692,0.6360126733779907,0.5041599273681641,-0.004179080948233604,0.6327909827232361,0.4541856050491333,-0.014380445703864098,0.6322491765022278,0.4869794249534607,-0.016957668587565422,0.6324732303619385,0.5112181305885315,-0.016443002969026566,0.6501837968826294,0.5090108513832092,-0.007229133974760771,0.648221492767334,0.4629305601119995,-0.015833992511034012,0.6463235020637512,0.49122798442840576,-0.01463306788355112,0.6461332440376282,0.515411376953125,-0.011646939441561699,0.6653451323509216,0.5208192467689514,-0.011538419872522354,0.6619874238967896,0.48248711228370667,-0.0177774615585804,0.6583634614944458,0.4959942698478699,-0.017595341429114342,0.656695544719696,0.5144359469413757,-0.016094423830509186
38,0.1857285499572754,0.4638686180114746,-1.74193971247405e-07,0.1593523621559143,0.44145673513412476,-0.01364081259816885,0.14481115341186523,0.38410043716430664,-0.019083740189671516,0.1556141972541809,0.33844998478889465,-0.024392493069171906,0.1752239614725113,0.3253463804721832,-0.027590854093432426,0.15497621893882751,0.32540711760520935,-0.006448107771575451,0.15216855704784393,0.2607783079147339,-0.021108096465468407,0.14908336102962494,0.267555832862854,-0.0294682364910841,0.1492656171321869,0.29650527238845825,-0.032694343477487564,0.1732766479253769,0.31958404183387756,-0.005949966609477997,0.17201951146125793,0.24438804388046265,-0.02120142988860607,0.16485457122325897,0.26180148124694824,-0.025670267641544342,0.16475337743759155,0.29850706458091736,-0.024583501741290092,0.19193612039089203,0.3256198465824127,-0.008433240465819836,0.1948508322238922,0.256568968296051,-0.023822156712412834,0.1854909062385559,0.27341228723526,-0.025128912180662155,0.1842944175004959,0.3084160387516022,-0.0214025117456913,0.2125542163848877,0.3429321348667145,-0.012341806665062904,0.21459372341632843,0.2923019826412201,-0.024981848895549774,0.20626415312290192,0.2991163730621338,-0.027391135692596436,0.20274950563907623,0.32616156339645386,-0.025800514966249466,0.6460544466972351,0.62064129114151,-1.79721922677345e-07,0.6253112554550171,0.5959528088569641,-0.008417373523116112,0.6145978569984436,0.5545322895050049,-0.013267111033201218,0.6265046000480652,0.5308623313903809,-0.018797945231199265,0.6417114734649658,0.5418505072593689,-0.022562647238373756,0.6216787099838257,0.5061560273170471,-0.0031875886488705873,0.6177592277526855,0.4591536521911621,-0.01335243321955204,0.617800235748291,0.4853670299053192,-0.01929202489554882,0.6193707585334778,0.5103280544281006,-0.022337190806865692,0.6360126733779907,0.5041599273681641,-0.004179080948233604,0.6327909827232361,0.4541856050491333,-0.014380445703864098,0.6322491765022278,0.4869794249534607,-0.016957668587565422,0.6324732303619385,0.5112181305885315,-0.016443002969026566,0.6501837968826294,0.5090108513832092,-0.007229133974760771,0.648221492767334,0.4629305601119995,-0.015833992511034012,0.6463235020637512,0.49122798442840576,-0.01463306788355112,0.6461332440376282,0.515411376953125,-0.011646939441561699,0.6653451323509216,0.5208192467689514,-0.011538419872522354,0.6619874238967896,0.48248711228370667,-0.0177774615585804,0.6583634614944458,0.4959942698478699,-0.017595341429114342,0.656695544719696,0.5144359469413757,-0.016094423830509186
39,0.1871449500322342,0.46661293506622314,-1.8585923555747286e-07,0.1601339876651764,0.4440544843673706,-0.015243538655340672,0.14570674300193787,0.3836967647075653,-0.02127746306359768,0.1577293872833252,0.33751943707466125,-0.02690580114722252,0.1783447563648224,0.3319247364997864,-0.02992270141839981,0.15633925795555115,0.32275769114494324,-0.007023749873042107,0.15389375388622284,0.2585163116455078,-0.021732890978455544,0.15057650208473206,0.271297812461853,-0.030245888978242874,0.15067213773727417,0.3034234941005707,-0.033693764358758926,0.1756867617368698,0.3179987072944641,-0.005484003107994795,0.17445912957191467,0.24444769322872162,-0.020371846854686737,0.16650992631912231,0.26516902446746826,-0.024342447519302368,0.16579128801822662,0.3025771677494049,-0.023052437230944633,0.19408032298088074,0.3248298168182373,-0.007157887797802687,0.19704842567443848,0.25734007358551025,-0.021975021809339523,0.18686924874782562,0.274509996175766,-0.02243834175169468,0.1845857799053192,0.31024500727653503,-0.018292492255568504,0.21443703770637512,0.34291666746139526,-0.010545277036726475,0.21656805276870728,0.293775349855423,-0.02244359254837036,0.20866620540618896,0.2986340820789337,-0.024888766929507256,0.2050805240869522,0.32354870438575745,-0.023542877286672592,0.6450976133346558,0.6197618246078491,-1.871357397931206e-07,0.624066174030304,0.5955358147621155,-0.00819734949618578,0.6140549778938293,0.5554822087287903,-0.012756690382957458,0.6262971758842468,0.5310701727867126,-0.018196959048509598,0.6418430805206299,0.5392227172851562,-0.022012926638126373,0.6197996139526367,0.5083690881729126,-0.002357560209929943,0.6161076426506042,0.4608009159564972,-0.01283071655780077,0.617023766040802,0.4854834973812103,-0.019069386646151543,0.6187049746513367,0.5099738836288452,-0.022185098379850388,0.6345022916793823,0.5051606893539429,-0.0033918521367013454,0.6319771409034729,0.45323291420936584,-0.01409963984042406,0.6320860385894775,0.48631519079208374,-0.017191601917147636,0.6320472359657288,0.5119431614875793,-0.01681249774992466,0.6492780447006226,0.509033739566803,-0.006495531182736158,0.6477168798446655,0.4614720940589905,-0.015706976875662804,0.6463107466697693,0.48999881744384766,-0.014888979494571686,0.6456817984580994,0.5146710872650146,-0.011870670132339,0.6646168828010559,0.5192856788635254,-0.010802195407450199,0.6618054509162903,0.48124125599861145,-0.017306018620729446,0.6590481400489807,0.49414682388305664,-0.017289072275161743,0.657317578792572,0.5118855237960815,-0.015761416405439377
40,0.18791605532169342,0.4686949849128723,-1.9694935815550707e-07,0.16028916835784912,0.44541555643081665,-0.014956239610910416,0.14554044604301453,0.3824293315410614,-0.020980756729841232,0.1586492508649826,0.33777135610580444,-0.026759352535009384,0.18125900626182556,0.33669406175613403,-0.03010682202875614,0.1570134460926056,0.3237444758415222,-0.006363807246088982,0.15379847586154938,0.2590005397796631,-0.02088305912911892,0.15058180689811707,0.27372920513153076,-0.029631851240992546,0.1510792374610901,0.3057277202606201,-0.03352310508489609,0.1764298975467682,0.3185844421386719,-0.005201395601034164,0.17447136342525482,0.24464631080627441,-0.019702790305018425,0.16668808460235596,0.26736146211624146,-0.024002904072403908,0.1666787564754486,0.3046886622905731,-0.023318519815802574,0.19490547478199005,0.32527998089790344,-0.007247284986078739,0.19775865972042084,0.25693410634994507,-0.02142990194261074,0.18789726495742798,0.27707087993621826,-0.02217552810907364,0.18602018058300018,0.31287887692451477,-0.0186921376734972,0.215260311961174,0.34302836656570435,-0.011045309714972973,0.2177291065454483,0.29279929399490356,-0.02238699235022068,0.2096712440252304,0.3005766272544861,-0.024711839854717255,0.20615459978580475,0.3265620768070221,-0.023699484765529633,0.6449545621871948,0.6203898191452026,-2.009609829656256e-07,0.6237801313400269,0.5955201983451843,-0.00824823323637247,0.6132485270500183,0.5545257329940796,-0.01269033644348383,0.6259466409683228,0.5306168794631958,-0.017812956124544144,0.6418226957321167,0.5404435992240906,-0.021009746938943863,0.6198998093605042,0.5070920586585999,-0.002584868110716343,0.6161767840385437,0.46124887466430664,-0.012686396017670631,0.6162702441215515,0.4893794655799866,-0.017949720844626427,0.6173062920570374,0.5138654708862305,-0.02041707932949066,0.6347486972808838,0.5040712952613831,-0.003410925390198827,0.6312889456748962,0.45423173904418945,-0.01363771129399538,0.6307746171951294,0.48877325654029846,-0.015443258918821812,0.6307930946350098,0.5119569301605225,-0.014343773946166039,0.6494114995002747,0.5080115795135498,-0.00634570000693202,0.6469951272010803,0.4618588387966156,-0.01542503759264946,0.6452829837799072,0.4921061396598816,-0.01337921991944313,0.6452194452285767,0.5153180360794067,-0.009717331267893314,0.6648779511451721,0.5195155739784241,-0.01048966683447361,0.6613293290138245,0.4823683798313141,-0.017154635861516,0.6583137512207031,0.4975667893886566,-0.016583941876888275,0.6570189595222473,0.5147358179092407,-0.014671330340206623
