frame,feature_0,feature_1,feature_2,feature_3,feature_4,feature_5,feature_6,feature_7,feature_8,feature_9,feature_10,feature_11,feature_12,feature_13,feature_14,feature_15,feature_16,feature_17,feature_18,feature_19,feature_20,feature_21,feature_22,feature_23,feature_24,feature_25,feature_26,feature_27,feature_28,feature_29,feature_30,feature_31,feature_32,feature_33,feature_34,feature_35,feature_36,feature_37,feature_38,feature_39,feature_40,feature_41,feature_42,feature_43,feature_44,feature_45,feature_46,feature_47,feature_48,feature_49,feature_50,feature_51,feature_52,feature_53,feature_54,feature_55,feature_56,feature_57,feature_58,feature_59,feature_60,feature_61,feature_62,feature_63,feature_64,feature_65,feature_66,feature_67,feature_68,feature_69,feature_70,feature_71,feature_72,feature_73,feature_74,feature_75,feature_76,feature_77,feature_78,feature_79,feature_80,feature_81,feature_82,feature_83,feature_84,feature_85,feature_86,feature_87,feature_88,feature_89,feature_90,feature_91,feature_92,feature_93,feature_94,feature_95,feature_96,feature_97,feature_98,feature_99,feature_100,feature_101,feature_102,feature_103,feature_104,feature_105,feature_106,feature_107,feature_108,feature_109,feature_110,feature_111,feature_112,feature_113,feature_114,feature_115,feature_116,feature_117,feature_118,feature_119,feature_120,feature_121,feature_122,feature_123,feature_124,feature_125
1,0.36972787976264954,0.34785521030426025,-1.7459336731917574e-07,0.35203829407691956,0.33185702562332153,-0.004362506326287985,0.3448934555053711,0.29445454478263855,-0.0053672343492507935,0.35175448656082153,0.26668694615364075,-0.0076184356585145,0.36336761713027954,0.26414403319358826,-0.00884251482784748,0.3521174192428589,0.2555367648601532,0.004404118284583092,0.352568656206131,0.21887794137001038,-0.002575215883553028,0.3457231819629669,0.22198359668254852,-0.00764797767624259,0.34257787466049194,0.23870037496089935,-0.010050063021481037,0.3634423315525055,0.2531048655509949,0.002810720121487975,0.3647559881210327,0.20872783660888672,-0.004482761491090059,0.35669228434562683,0.21535126864910126,-0.00810166448354721,0.3540055751800537,0.23588508367538452,-0.008440228179097176,0.374733567237854,0.25711503624916077,-0.0005250533577054739,0.37723174691200256,0.214269757270813,-0.007625716272741556,0.3702443838119507,0.22190600633621216,-0.009499783627688885,0.368394672870636,0.2426508218050003,-0.0086043206974864,0.3864724934101105,0.26601842045783997,-0.004592924378812313,0.3869623839855194,0.2344677597284317,-0.009773464873433113,0.38170814514160156,0.23441094160079956,-0.011156788095831871,0.37955644726753235,0.24844138324260712,-0.01083252765238285,0.7412172555923462,0.4048115015029907,-2.461571568801446e-07,0.7173658609390259,0.3786059617996216,-0.006363652180880308,0.7049089074134827,0.3382296860218048,-0.01049240492284298,0.716468334197998,0.313495397567749,-0.016794519498944283,0.7338384985923767,0.3202965259552002,-0.021537942811846733,0.7122562527656555,0.28370940685272217,0.003159215906634927,0.7089301943778992,0.23412860929965973,-0.008834023959934711,0.7069697380065918,0.26548171043395996,-0.01721046306192875,0.7102142572402954,0.2930428385734558,-0.02154938504099846,0.7277712225914001,0.2804906964302063,6.653086165897548e-05,0.7263208627700806,0.2240677922964096,-0.01257829088717699,0.7226732969284058,0.26136845350265503,-0.017459319904446602,0.7245968580245972,0.2903823256492615,-0.01776055432856083,0.7435924410820007,0.2831573486328125,-0.005482211243361235,0.7437584400177002,0.22792208194732666,-0.015585134737193584,0.7381717562675476,0.25913211703300476,-0.015238234773278236,0.7386900782585144,0.2888084053993225,-0.012086953036487103,0.7602264285087585,0.2929646074771881,-0.012349321506917477,0.7597978115081787,0.25042757391929626,-0.0178904477506876,0.7518240213394165,0.26540520787239075,-0.017214441671967506,0.7489573359489441,0.2891792058944702,-0.015318531543016434
2,0.36972787976264954,0.34785521030426025,-1.7459336731917574e-07,0.35203829407691956,0.33185702562332153,-0.004362506326287985,0.3448934555053711,0.29445454478263855,-0.0053672343492507935,0.35175448656082153,0.26668694615364075,-0.0076184356585145,0.36336761713027954,0.26414403319358826,-0.00884251482784748,0.3521174192428589,0.2555367648601532,0.004404118284583092,0.352568656206131,0.21887794137001038,-0.002575215883553028,0.3457231819629669,0.22198359668254852,-0.00764797767624259,0.34257787466049194,0.23870037496089935,-0.010050063021481037,0.3634423315525055,0.2531048655509949,0.002810720121487975,0.3647559881210327,0.20872783660888672,-0.004482761491090059,0.35669228434562683,0.21535126864910126,-0.00810166448354721,0.3540055751800537,0.23588508367538452,-0.008440228179097176,0.374733567237854,0.25711503624916077,-0.0005250533577054739,0.37723174691200256,0.214269757270813,-0.007625716272741556,0.3702443838119507,0.22190600633621216,-0.009499783627688885,0.368394672870636,0.2426508218050003,-0.0086043206974864,0.3864724934101105,0.26601842045783997,-0.004592924378812313,0.3869623839855194,0.2344677597284317,-0.009773464873433113,0.38170814514160156,0.23441094160079956,-0.011156788095831871,0.37955644726753235,0.24844138324260712,-0.01083252765238285,0.7412172555923462,0.4048115015029907,-2.461571568801446e-07,0.7173658609390259,0.3786059617996216,-0.006363652180880308,0.7049089074134827,0.3382296860218048,-0.01049240492284298,0.716468334197998,0.313495397567749,-0.016794519498944283,0.7338384985923767,0.3202965259552002,-0.021537942811846733,0.7122562527656555,0.28370940685272217,0.003159215906634927,0.7089301943778992,0.23412860929965973,-0.008834023959934711,0.7069697380065918,0.26548171043395996,-0.01721046306192875,0.7102142572402954,0.2930428385734558,-0.02154938504099846,0.7277712225914001,0.2804906964302063,6.653086165897548e-05,0.7263208627700806,0.2240677922964096,-0.01257829088717699,0.7226732969284058,0.26136845350265503,-0.017459319904446602,0.7245968580245972,0.2903823256492615,-0.01776055432856083,0.7435924410820007,0.2831573486328125,-0.005482211243361235,0.7437584400177002,0.22792208194732666,-0.015585134737193584,0.7381717562675476,0.25913211703300476,-0.015238234773278236,0.7386900782585144,0.2888084053993225,-0.012086953036487103,0.7602264285087585,0.2929646074771881,-0.012349321506917477,0.7597978115081787,0.25042757391929626,-0.0178904477506876,0.7518240213394165,0.26540520787239075,-0.017214441671967506,0.7489573359489441,0.2891792058944702,-0.015318531543016434
3,0.3675621449947357,0.3457070291042328,-1.3093874429159769e-07,0.3490636944770813,0.32724982500076294,-0.004716989118605852,0.3409259617328644,0.28761619329452515,-0.005359017290174961,0.34698012471199036,0.2568158805370331,-0.0070136734284460545,0.35799434781074524,0.25792214274406433,-0.007521215360611677,0.3477287292480469,0.25025469064712524,0.0052688149735331535,0.34834909439086914,0.21386460959911346,-0.0005606343038380146,0.3427826166152954,0.2114487588405609,-0.005158585961908102,0.34039559960365295,0.22458231449127197,-0.007289670407772064,0.35883015394210815,0.24661052227020264,0.004366712179034948,0.35976770520210266,0.20382235944271088,-0.0013434375869110227,0.35267600417137146,0.20708853006362915,-0.0044560423120856285,0.3503398299217224,0.22685506939888,-0.004533332772552967,0.36990755796432495,0.24924537539482117,0.00173061469104141,0.3711286187171936,0.20824117958545685,-0.0033682354260236025,0.3651428520679474,0.21414802968502045,-0.004748398903757334,0.36423009634017944,0.23544980585575104,-0.0037252134643495083,0.38174358010292053,0.2568380832672119,-0.0018122211331501603,0.3815099000930786,0.2256467342376709,-0.005189954303205013,0.376678466796875,0.22460879385471344,-0.00596911646425724,0.3751622140407562,0.23905900120735168,-0.005289664026349783,0.7414423823356628,0.4055621325969696,-2.559430924975459e-07,0.7175033092498779,0.37990838289260864,-0.0062400782480835915,0.7048601508140564,0.33911457657814026,-0.010211893357336521,0.716328501701355,0.3136815130710602,-0.016296153888106346,0.7338139414787292,0.32051727175712585,-0.020703645423054695,0.7122119069099426,0.28406935930252075,0.0031341391149908304,0.7091196775436401,0.2337537556886673,-0.008860619738698006,0.7072133421897888,0.2652663588523865,-0.017224209383130074,0.7103354930877686,0.29316604137420654,-0.021607697010040283,0.7277538776397705,0.28097590804100037,9.24713967833668e-05,0.7262144684791565,0.22394254803657532,-0.012311078608036041,0.7226681709289551,0.2617672085762024,-0.01693328656256199,0.7245158553123474,0.2907968759536743,-0.017206676304340363,0.7435958385467529,0.28351786732673645,-0.005403027404099703,0.7436946034431458,0.2276000678539276,-0.015170038677752018,0.7380841970443726,0.259243905544281,-0.01444978266954422,0.738554060459137,0.28886938095092773,-0.011248357594013214,0.7605283260345459,0.29319408535957336,-0.012239240109920502,0.7595839500427246,0.25073879957199097,-0.017470896244049072,0.751693606376648,0.2662612795829773,-0.016628120094537735,0.7490033507347107,0.2897447943687439,-0.014766747131943703
4,0.36689358949661255,0.3431057035923004,-1.4088269040257728e-07,0.34787696599960327,0.323867529630661,-0.005886413156986237,0.3385145366191864,0.2834516763687134,-0.007243834901601076,0.3451504111289978,0.25091326236724854,-0.009517896920442581,0.358038067817688,0.25230324268341064,-0.010543339885771275,0.34530094265937805,0.24590736627578735,0.005030450876802206,0.34606197476387024,0.20840497314929962,-0.0014956439845263958,0.34078240394592285,0.2095387578010559,-0.006647822447121143,0.3382922112941742,0.22553777694702148,-0.009164590388536453,0.35672444105148315,0.24191106855869293,0.004459264688193798,0.3578093349933624,0.19841009378433228,-0.002196752931922674,0.3513759970664978,0.205234557390213,-0.005843452177941799,0.34911543130874634,0.2264639437198639,-0.006273196544498205,0.3680651783943176,0.2445635199546814,0.001935285865329206,0.36970093846321106,0.2030949890613556,-0.0043227700516581535,0.3642054796218872,0.21137896180152893,-0.006201308686286211,0.3629941940307617,0.23369479179382324,-0.005380426533520222,0.38017603754997253,0.2525154650211334,-0.001583379809744656,0.38041624426841736,0.22093549370765686,-0.005767688155174255,0.3763391971588135,0.2209528088569641,-0.00697381841018796,0.3749527335166931,0.23551365733146667,-0.00663168728351593,0.7410217523574829,0.40608710050582886,-2.551212503476563e-07,0.7173826694488525,0.37981846928596497,-0.006436336785554886,0.7054462432861328,0.3377246558666229,-0.010694701224565506,0.717521607875824,0.31283843517303467,-0.016978444531559944,0.7351798415184021,0.3210899531841278,-0.021604200825095177,0.7122631669044495,0.28380268812179565,0.0021995005663484335,0.7094449400901794,0.23313558101654053,-0.010092982091009617,0.7076321244239807,0.26427266001701355,-0.01852453500032425,0.7105567455291748,0.29246586561203003,-0.0228989627212286,0.727781355381012,0.28098416328430176,-0.0008351794094778597,0.7264324426651001,0.22402377426624298,-0.013393000699579716,0.7231013774871826,0.26145222783088684,-0.01786569133400917,0.7247274518013,0.2907131612300873,-0.01802508719265461,0.7436604499816895,0.28363993763923645,-0.006312092766165733,0.7438784837722778,0.22771146893501282,-0.016073275357484818,0.738504946231842,0.2592092752456665,-0.015149165876209736,0.7387840151786804,0.2887592911720276,-0.011865770444273949,0.7606710195541382,0.2930428683757782,-0.013153654523193836,0.7590370774269104,0.25138869881629944,-0.01827954687178135,0.7513865232467651,0.26735931634902954,-0.0172776710242033,0.7488600611686707,0.29080164432525635,-0.015354558825492859
5,0.36689358949661255,0.3431057035923004,-1.4088269040257728e-07,0.34787696599960327,0.323867529630661,-0.005886413156986237,0.3385145366191864,0.2834516763687134,-0.007243834901601076,0.3451504111289978,0.25091326236724854,-0.009517896920442581,0.358038067817688,0.25230324268341064,-0.010543339885771275,0.34530094265937805,0.24590736627578735,0.005030450876802206,0.34606197476387024,0.20840497314929962,-0.0014956439845263958,0.34078240394592285,0.2095387578010559,-0.006647822447121143,0.3382922112941742,0.22553777694702148,-0.009164590388536453,0.35672444105148315,0.24191106855869293,0.004459264688193798,0.3578093349933624,0.19841009378433228,-0.002196752931922674,0.3513759970664978,0.205234557390213,-0.005843452177941799,0.34911543130874634,0.2264639437198639,-0.006273196544498205,0.3680651783943176,0.2445635199546814,0.001935285865329206,0.36970093846321106,0.2030949890613556,-0.0043227700516581535,0.3642054796218872,0.21137896180152893,-0.006201308686286211,0.3629941940307617,0.23369479179382324,-0.005380426533520222,0.38017603754997253,0.2525154650211334,-0.001583379809744656,0.38041624426841736,0.22093549370765686,-0.005767688155174255,0.3763391971588135,0.2209528088569641,-0.00697381841018796,0.3749527335166931,0.23551365733146667,-0.00663168728351593,0.7410217523574829,0.40608710050582886,-2.551212503476563e-07,0.7173826694488525,0.37981846928596497,-0.006436336785554886,0.7054462432861328,0.3377246558666229,-0.010694701224565506,0.717521607875824,0.31283843517303467,-0.016978444531559944,0.7351798415184021,0.3210899531841278,-0.021604200825095177,0.7122631669044495,0.28380268812179565,0.0021995005663484335,0.7094449400901794,0.23313558101654053,-0.010092982091009617,0.7076321244239807,0.26427266001701355,-0.01852453500032425,0.7105567455291748,0.29246586561203003,-0.0228989627212286,0.727781355381012,0.28098416328430176,-0.0008351794094778597,0.7264324426651001,0.22402377426624298,-0.013393000699579716,0.7231013774871826,0.26145222783088684,-0.01786569133400917,0.7247274518013,0.2907131612300873,-0.01802508719265461,0.7436604499816895,0.28363993763923645,-0.006312092766165733,0.7438784837722778,0.22771146893501282,-0.016073275357484818,0.738504946231842,0.2592092752456665,-0.015149165876209736,0.7387840151786804,0.2887592911720276,-0.011865770444273949,0.7606710195541382,0.2930428683757782,-0.013153654523193836,0.7590370774269104,0.25138869881629944,-0.01827954687178135,0.7513865232467651,0.26735931634902954,-0.0172776710242033,0.7488600611686707,0.29080164432525635,-0.015354558825492859
6,0.3663668930530548,0.33723577857017517,-1.1744069894348286e-07,0.3456839621067047,0.31695783138275146,-0.004489714279770851,0.33648863434791565,0.2758514881134033,-0.004730498883873224,0.3438986837863922,0.24661678075790405,-0.005994642153382301,0.35550457239151,0.24834948778152466,-0.006131613161414862,0.34620827436447144,0.24028661847114563,0.005868264473974705,0.34564533829689026,0.20459891855716705,0.000423003250034526,0.33812516927719116,0.20500731468200684,-0.0038734932895749807,0.3343445956707001,0.21920464932918549,-0.005774203687906265,0.3567257821559906,0.2364455908536911,0.005118214059621096,0.35618260502815247,0.19532707333564758,-0.0004051209252793342,0.3479810655117035,0.1984630972146988,-0.0029235894326120615,0.34513920545578003,0.21698758006095886,-0.002506375079974532,0.36703670024871826,0.23955415189266205,0.0025445022620260715,0.36766886711120605,0.20080214738845825,-0.0027513904497027397,0.36162716150283813,0.20605576038360596,-0.004195590503513813,0.36059707403182983,0.2265036255121231,-0.002984625054523349,0.37877416610717773,0.2480848878622055,-0.0008987316396087408,0.3779228925704956,0.21899130940437317,-0.0047124153934419155,0.3735397458076477,0.21630877256393433,-0.005919803865253925,0.372163861989975,0.2282276451587677,-0.005339958239346743,0.7412519454956055,0.40521323680877686,-2.4645456164762436e-07,0.7177563905715942,0.3802092969417572,-0.007126446347683668,0.705485463142395,0.33807259798049927,-0.011685389094054699,0.7174076437950134,0.31244221329689026,-0.018090320751070976,0.7354137897491455,0.32127997279167175,-0.022791419178247452,0.7124452590942383,0.2835697829723358,0.001620704191736877,0.7095057368278503,0.23351025581359863,-0.010427095927298069,0.707882821559906,0.2649950683116913,-0.018719766288995743,0.7109470367431641,0.2928006947040558,-0.023125045001506805,0.7279798984527588,0.28029507398605347,-0.0011357346083968878,0.7264370322227478,0.22374573349952698,-0.013415743596851826,0.7233874201774597,0.2605589032173157,-0.01788187213242054,0.7249491214752197,0.2892073094844818,-0.018142906948924065,0.74378901720047,0.2830166816711426,-0.006350633688271046,0.7439202070236206,0.2277749627828598,-0.01607903465628624,0.7389602661132812,0.25902891159057617,-0.015403584577143192,0.7391690611839294,0.2881111800670624,-0.01235950831323862,0.76058429479599,0.29276224970817566,-0.012971390970051289,0.7592377066612244,0.25151729583740234,-0.018395476043224335,0.7519164085388184,0.26773732900619507,-0.017701121047139168,0.7493524551391602,0.2913838326931,-0.016003789380192757
7,0.36221617460250854,0.33154740929603577,-1.247129688408677e-07,0.3426532447338104,0.31317734718322754,-0.006101997569203377,0.3338030278682709,0.27458903193473816,-0.006724831182509661,0.33929747343063354,0.24286645650863647,-0.008214767090976238,0.3504002094268799,0.24150365591049194,-0.008167661726474762,0.3405309319496155,0.2376260608434677,0.005459512118250132,0.3395579159259796,0.19975799322128296,-0.0009020399302244186,0.3335035741329193,0.20167455077171326,-0.005519874393939972,0.3315911293029785,0.2171984314918518,-0.007449502591043711,0.3513464331626892,0.23297229409217834,0.0053546535782516,0.3509436845779419,0.18914282321929932,-0.0015215888852253556,0.34383872151374817,0.19437961280345917,-0.004592670127749443,0.34184738993644714,0.2153795063495636,-0.004119877703487873,0.36204731464385986,0.2352755069732666,0.0031722576823085546,0.3628302216529846,0.19418109953403473,-0.0035729461815208197,0.3567926287651062,0.20082512497901917,-0.005295723211020231,0.3557753264904022,0.22300437092781067,-0.0037877196446061134,0.37384966015815735,0.24219343066215515,-4.9933318223338574e-05,0.3752199709415436,0.2129080444574356,-0.0052099465392529964,0.37022843956947327,0.20845967531204224,-0.007324060890823603,0.3672270178794861,0.21993803977966309,-0.0071087852120399475,0.7409965395927429,0.40669095516204834,-2.5625033117648854e-07,0.7172050476074219,0.37843388319015503,-0.005152543541043997,0.7052566409111023,0.3383168578147888,-0.009068743325769901,0.7166435122489929,0.31338024139404297,-0.01535914745181799,0.7337304949760437,0.31852152943611145,-0.020182492211461067,0.7123270630836487,0.2846355736255646,0.0039284080266952515,0.7090799808502197,0.23541991412639618,-0.00851200520992279,0.7076348662376404,0.2655850052833557,-0.017490660771727562,0.710729718208313,0.2936162054538727,-0.02217697910964489,0.7275670766830444,0.2815433740615845,0.0003343274584040046,0.7258065938949585,0.22602777183055878,-0.012078718282282352,0.7227302193641663,0.2628883719444275,-0.016934169456362724,0.7247585654258728,0.2920376658439636,-0.017511283978819847,0.7433601021766663,0.2838607132434845,-0.005670076236128807,0.7431111931800842,0.22860360145568848,-0.015390640124678612,0.737838089466095,0.2601799964904785,-0.014432393945753574,0.738377571105957,0.2900487780570984,-0.011196322739124298,0.7603112459182739,0.29325881600379944,-0.012927302159368992,0.7587815523147583,0.2521415948867798,-0.017775194719433784,0.7511705756187439,0.2685905694961548,-0.016345325857400894,0.7487273812294006,0.2920771539211273,-0.01416231319308281
8,0.36143189668655396,0.32943832874298096,-1.2908586199955607e-07,0.3412933051586151,0.31000468134880066,-0.005136390216648579,0.33244067430496216,0.2731471359729767,-0.0055999779142439365,0.3378276824951172,0.24199365079402924,-0.007288537919521332,0.34826603531837463,0.2387169450521469,-0.007560286670923233,0.33983662724494934,0.2362489551305771,0.007358990143984556,0.3389822542667389,0.19852995872497559,0.0006849244236946106,0.33292311429977417,0.20123480260372162,-0.004396738950163126,0.33085349202156067,0.2177293747663498,-0.006465463899075985,0.35044994950294495,0.2321612387895584,0.006740891374647617,0.35012438893318176,0.18919025361537933,-8.824177348287776e-05,0.34281542897224426,0.19494059681892395,-0.003532958682626486,0.34101685881614685,0.2155383825302124,-0.003364860313013196,0.3610680401325226,0.23449546098709106,0.003960604313760996,0.3619879484176636,0.19356279075145721,-0.002861522836610675,0.3553970158100128,0.19879475235939026,-0.0048327068798244,0.35428643226623535,0.22040332853794098,-0.0034655749332159758,0.3729783892631531,0.2409927099943161,0.00022332412481773645,0.37384310364723206,0.21038438379764557,-0.004969608038663864,0.36841920018196106,0.20671939849853516,-0.006954164244234562,0.36553990840911865,0.21982353925704956,-0.006573020480573177,0.7412285208702087,0.40735310316085815,-2.652614057296887e-07,0.7169162631034851,0.3777858316898346,-0.00468797842040658,0.7048368453979492,0.3380843997001648,-0.00821414589881897,0.7163631916046143,0.31289058923721313,-0.01423371210694313,0.7336301803588867,0.3191353976726532,-0.018713628873229027,0.7117545008659363,0.28480151295661926,0.004877949133515358,0.708568811416626,0.23463571071624756,-0.007400234695523977,0.7065505385398865,0.2650730311870575,-0.016155632212758064,0.7093468904495239,0.2932116687297821,-0.020679736509919167,0.7269705533981323,0.281855046749115,0.0012131989933550358,0.7252011299133301,0.22548094391822815,-0.011068152263760567,0.7214468717575073,0.2629227042198181,-0.015537453815340996,0.7234267592430115,0.2920368015766144,-0.015795644372701645,0.7429062724113464,0.2843693792819977,-0.004897189326584339,0.7428107261657715,0.2291368544101715,-0.014519247226417065,0.7367194890975952,0.26145943999290466,-0.013193587772548199,0.7372477650642395,0.2915337085723877,-0.00960697140544653,0.7600772976875305,0.2942122519016266,-0.012255282141268253,0.7582755088806152,0.2526699900627136,-0.01689032092690468,0.7499939203262329,0.2690751552581787,-0.015282709151506424,0.7473955154418945,0.29274672269821167,-0.01294347457587719
9,0.36143189668655396,0.32943832874298096,-1.2908586199955607e-07,0.3412933051586151,0.31000468134880066,-0.005136390216648579,0.33244067430496216,0.2731471359729767,-0.0055999779142439365,0.3378276824951172,0.24199365079402924,-0.007288537919521332,0.34826603531837463,0.2387169450521469,-0.007560286670923233,0.33983662724494934,0.2362489551305771,0.007358990143984556,0.3389822542667389,0.19852995872497559,0.0006849244236946106,0.33292311429977417,0.20123480260372162,-0.004396738950163126,0.33085349202156067,0.2177293747663498,-0.006465463899075985,0.35044994950294495,0.2321612387895584,0.006740891374647617,0.35012438893318176,0.18919025361537933,-8.824177348287776e-05,0.34281542897224426,0.19494059681892395,-0.003532958682626486,0.34101685881614685,0.2155383825302124,-0.003364860313013196,0.3610680401325226,0.23449546098709106,0.003960604313760996,0.3619879484176636,0.19356279075145721,-0.002861522836610675,0.3553970158100128,0.19879475235939026,-0.0048327068798244,0.35428643226623535,0.22040332853794098,-0.0034655749332159758,0.3729783892631531,0.2409927099943161,0.00022332412481773645,0.37384310364723206,0.21038438379764557,-0.004969608038663864,0.36841920018196106,0.20671939849853516,-0.006954164244234562,0.36553990840911865,0.21982353925704956,-0.006573020480573177,0.7412285208702087,0.40735310316085815,-2.652614057296887e-07,0.7169162631034851,0.3777858316898346,-0.00468797842040658,0.7048368453979492,0.3380843997001648,-0.00821414589881897,0.7163631916046143,0.31289058923721313,-0.01423371210694313,0.7336301803588867,0.3191353976726532,-0.018713628873229027,0.7117545008659363,0.28480151295661926,0.004877949133515358,0.708568811416626,0.23463571071624756,-0.007400234695523977,0.7065505385398865,0.2650730311870575,-0.016155632212758064,0.7093468904495239,0.2932116687297821,-0.020679736509919167,0.7269705533981323,0.281855046749115,0.0012131989933550358,0.7252011299133301,0.22548094391822815,-0.011068152263760567,0.7214468717575073,0.2629227042198181,-0.015537453815340996,0.7234267592430115,0.2920368015766144,-0.015795644372701645,0.7429062724113464,0.2843693792819977,-0.004897189326584339,0.7428107261657715,0.2291368544101715,-0.014519247226417065,0.7367194890975952,0.26145943999290466,-0.013193587772548199,0.7372477650642395,0.2915337085723877,-0.00960697140544653,0.7600772976875305,0.2942122519016266,-0.012255282141268253,0.7582755088806152,0.2526699900627136,-0.01689032092690468,0.7499939203262329,0.2690751552581787,-0.015282709151506424,0.7473955154418945,0.29274672269821167,-0.01294347457587719
10,0.3611685335636139,0.33411216735839844,-1.4087277122598607e-07,0.34059348702430725,0.3113020658493042,-0.007029002532362938,0.33166638016700745,0.2726024389266968,-0.00783843919634819,0.3380261957645416,0.23899199068546295,-0.009618887677788734,0.34942924976348877,0.23782137036323547,-0.00979570485651493,0.3397752642631531,0.23724859952926636,0.008877148851752281,0.34013310074806213,0.1980385184288025,0.0021442631259560585,0.3329349458217621,0.20042018592357635,-0.003425498493015766,0.3300348222255707,0.21653375029563904,-0.005904961843043566,0.3506965637207031,0.2333948314189911,0.009090883657336235,0.3502942621707916,0.187239408493042,0.0012470097281038761,0.34210675954818726,0.192998468875885,-0.0034296505618840456,0.33992207050323486,0.2142518162727356,-0.0038153878413140774,0.3613370954990387,0.2352658361196518,0.006765435915440321,0.3625985085964203,0.1926785260438919,-0.001357799512334168,0.35608965158462524,0.19844496250152588,-0.005054062698036432,0.35485997796058655,0.22170168161392212,-0.004431567154824734,0.3735309839248657,0.24158690869808197,0.0033897790126502514,0.37404412031173706,0.20912735164165497,-0.002461827825754881,0.3685833811759949,0.2054375559091568,-0.00544399581849575,0.3656405210494995,0.21878208220005035,-0.005723058711737394,0.7409039735794067,0.4058910310268402,-2.5191997110596276e-07,0.7168276309967041,0.3795101046562195,-0.006170913577079773,0.7046724557876587,0.3386022448539734,-0.010111028328537941,0.7163524627685547,0.31254783272743225,-0.01619359478354454,0.7339248061180115,0.31949806213378906,-0.020583614706993103,0.7115685939788818,0.2855933904647827,0.0033720526844263077,0.7082000374794006,0.23521193861961365,-0.008717361837625504,0.7061680555343628,0.2666780650615692,-0.016892144456505775,0.7095445394515991,0.2948904037475586,-0.02104833535850048,0.7271438837051392,0.2824321985244751,0.0003754819626919925,0.7258371114730835,0.22555947303771973,-0.012192003428936005,0.721904456615448,0.2633640766143799,-0.016489943489432335,0.723779022693634,0.29248735308647156,-0.016329236328601837,0.7430672645568848,0.28510576486587524,-0.005105701275169849,0.7432990670204163,0.23002609610557556,-0.015085103921592236,0.7373840808868408,0.26203301548957825,-0.013914001174271107,0.7380884885787964,0.2915659248828888,-0.010193091817200184,0.7600747346878052,0.2948960065841675,-0.011913669295608997,0.7587407827377319,0.2536601424217224,-0.017073621973395348,0.7508665919303894,0.26923003792762756,-0.015904229134321213,0.7485657334327698,0.2925993502140045,-0.013693000189960003
11,0.3615233898162842,0.3294311761856079,-1.45719468491734e-07,0.34123682975769043,0.31111565232276917,-0.0062235877849161625,0.3313595950603485,0.27328023314476013,-0.007464391179382801,0.3369024991989136,0.24093036353588104,-0.0096218790858984,0.3493173122406006,0.23822641372680664,-0.01029862929135561,0.33984047174453735,0.23473003506660461,0.005195075646042824,0.33924925327301025,0.1970541924238205,-0.0018835453083738685,0.33316850662231445,0.19946686923503876,-0.006853268016129732,0.33137887716293335,0.21668776869773865,-0.008952389471232891,0.35080409049987793,0.23083767294883728,0.004781420808285475,0.3500472605228424,0.18741291761398315,-0.0030144723132252693,0.342428594827652,0.19465619325637817,-0.0062133981846272945,0.34073060750961304,0.2168765664100647,-0.00568939046934247,0.36163249611854553,0.23383675515651703,0.0021982560865581036,0.36242079734802246,0.1930292397737503,-0.0055001405999064445,0.3561704456806183,0.20022210478782654,-0.0069925207644701,0.35546109080314636,0.22253172099590302,-0.005173363257199526,0.373557984828949,0.24166478216648102,-0.0013646153965964913,0.37352681159973145,0.21082952618598938,-0.007287341170012951,0.3685991168022156,0.20921342074871063,-0.009105260483920574,0.3667515218257904,0.22294369339942932,-0.0085073783993721,0.7393043041229248,0.40658724308013916,-2.3945213456499914e-07,0.7166385054588318,0.3787299394607544,-0.006214396562427282,0.7048760056495667,0.33804887533187866,-0.010836662724614143,0.716738760471344,0.3133243918418884,-0.01750923879444599,0.7338820695877075,0.322072833776474,-0.022696230560541153,0.712459146976471,0.28391072154045105,0.0022056004963815212,0.7101832628250122,0.23495317995548248,-0.009960540570318699,0.708516001701355,0.26530981063842773,-0.018628468737006187,0.7113774418830872,0.29294759035110474,-0.02322544902563095,0.7277435064315796,0.2817102074623108,-0.0009680184302851558,0.726879894733429,0.22590239346027374,-0.013415739871561527,0.7238728404045105,0.26165443658828735,-0.01836978644132614,0.7253719568252563,0.29108911752700806,-0.01891719549894333,0.7435800433158875,0.2850266098976135,-0.006475431844592094,0.7439990639686584,0.22930099070072174,-0.016196195036172867,0.7393689751625061,0.2601148188114166,-0.015749044716358185,0.7396502494812012,0.2899980843067169,-0.012786045670509338,0.7603007555007935,0.29531925916671753,-0.013276463374495506,0.758929967880249,0.25408825278282166,-0.018605362623929977,0.7522503137588501,0.2700377106666565,-0.017822952941060066,0.7501638531684875,0.2935844361782074,-0.015977196395397186
12,0.3609718680381775,0.33503788709640503,-1.7002381014208368e-07,0.34168529510498047,0.31125685572624207,-0.005348838400095701,0.3327506482601166,0.27439019083976746,-0.006362598389387131,0.3392297029495239,0.24222318828105927,-0.00865194108337164,0.35138434171676636,0.24109718203544617,-0.00948793813586235,0.34081241488456726,0.23682339489459991,0.009245091117918491,0.3392331302165985,0.19769522547721863,0.002316606231033802,0.3328494727611542,0.20265139639377594,-0.0033735770266503096,0.3312605917453766,0.22080457210540771,-0.005978697445243597,0.35156843066215515,0.23243272304534912,0.008511659689247608,0.35074976086616516,0.186024472117424,0.0009320041863247752,0.34300920367240906,0.19561029970645905,-0.0029882630333304405,0.34132206439971924,0.2177685797214508,-0.0030457123648375273,0.36203521490097046,0.2338137924671173,0.005429040174931288,0.36217841506004333,0.19077280163764954,-0.0020983426366001368,0.35571643710136414,0.20143087208271027,-0.003909440711140633,0.355234295129776,0.22556865215301514,-0.0023384997621178627,0.37381747364997864,0.2402927130460739,0.0013815354323014617,0.37258365750312805,0.20729222893714905,-0.0038657113909721375,0.3672628104686737,0.20881515741348267,-0.005303908139467239,0.36597681045532227,0.2249937653541565,-0.004622509237378836,0.7400652170181274,0.4068319499492645,-2.407607269105938e-07,0.7171558737754822,0.37893468141555786,-0.006525642238557339,0.7050686478614807,0.3380335867404938,-0.011509208008646965,0.7170621752738953,0.3133045732975006,-0.01849987544119358,0.7345157861709595,0.3227235674858093,-0.024005670100450516,0.7125139832496643,0.2837486267089844,0.0017719094175845385,0.7100802063941956,0.23490998148918152,-0.01056494377553463,0.708240807056427,0.2655690908432007,-0.01936887577176094,0.7110797166824341,0.29322636127471924,-0.02413044683635235,0.7278751134872437,0.2813322842121124,-0.0013965979451313615,0.7268827557563782,0.22569745779037476,-0.013937734067440033,0.7237824201583862,0.2618734538555145,-0.018864501267671585,0.7252015471458435,0.29124125838279724,-0.019472695887088776,0.7437182068824768,0.28465601801872253,-0.006934461649507284,0.7440145611763,0.22919422388076782,-0.01670125685632229,0.7392953038215637,0.2604477107524872,-0.01610737480223179,0.7394257187843323,0.2902955710887909,-0.013139212504029274,0.7605262398719788,0.29514622688293457,-0.013805247843265533,0.7588847279548645,0.2544948160648346,-0.019153490662574768,0.7522432804107666,0.2709871828556061,-0.01830625720322132,0.7501807808876038,0.29450204968452454,-0.01649104617536068
13,0.3609718680381775,0.33503788709640503,-1.7002381014208368e-07,0.34168529510498047,0.31125685572624207,-0.005348838400095701,0.3327506482601166,0.27439019083976746,-0.006362598389387131,0.3392297029495239,0.24222318828105927,-0.00865194108337164,0.35138434171676636,0.24109718203544617,-0.00948793813586235,0.34081241488456726,0.23682339489459991,0.009245091117918491,0.3392331302165985,0.19769522547721863,0.002316606231033802,0.3328494727611542,0.20265139639377594,-0.0033735770266503096,0.3312605917453766,0.22080457210540771,-0.005978697445243597,0.35156843066215515,0.23243272304534912,0.008511659689247608,0.35074976086616516,0.186024472117424,0.0009320041863247752,0.34300920367240906,0.19561029970645905,-0.0029882630333304405,0.34132206439971924,0.2177685797214508,-0.0030457123648375273,0.36203521490097046,0.2338137924671173,0.005429040174931288,0.36217841506004333,0.19077280163764954,-0.0020983426366001368,0.35571643710136414,0.20143087208271027,-0.003909440711140633,0.355234295129776,0.22556865215301514,-0.0023384997621178627,0.37381747364997864,0.2402927130460739,0.0013815354323014617,0.37258365750312805,0.20729222893714905,-0.0038657113909721375,0.3672628104686737,0.20881515741348267,-0.005303908139467239,0.36597681045532227,0.2249937653541565,-0.004622509237378836,0.7400652170181274,0.4068319499492645,-2.407607269105938e-07,0.7171558737754822,0.37893468141555786,-0.006525642238557339,0.7050686478614807,0.3380335867404938,-0.011509208008646965,0.7170621752738953,0.3133045732975006,-0.01849987544119358,0.7345157861709595,0.3227235674858093,-0.024005670100450516,0.7125139832496643,0.2837486267089844,0.0017719094175845385,0.7100802063941956,0.23490998148918152,-0.01056494377553463,0.708240807056427,0.2655690908432007,-0.01936887577176094,0.7110797166824341,0.29322636127471924,-0.02413044683635235,0.7278751134872437,0.2813322842121124,-0.0013965979451313615,0.7268827557563782,0.22569745779037476,-0.013937734067440033,0.7237824201583862,0.2618734538555145,-0.018864501267671585,0.7252015471458435,0.29124125838279724,-0.019472695887088776,0.7437182068824768,0.28465601801872253,-0.006934461649507284,0.7440145611763,0.22919422388076782,-0.01670125685632229,0.7392953038215637,0.2604477107524872,-0.01610737480223179,0.7394257187843323,0.2902955710887909,-0.013139212504029274,0.7605262398719788,0.29514622688293457,-0.013805247843265533,0.7588847279548645,0.2544948160648346,-0.019153490662574768,0.7522432804107666,0.2709871828556061,-0.01830625720322132,0.7501807808876038,0.29450204968452454,-0.01649104617536068
14,0.3607174754142761,0.3403431475162506,-2.0154182323040004e-07,0.34182941913604736,0.3160344660282135,-0.003047824604436755,0.3339368402957916,0.27624645829200745,-0.0033407933078706264,0.3403988778591156,0.24515894055366516,-0.005295173730701208,0.3521365821361542,0.24355974793434143,-0.006077920086681843,0.3413517475128174,0.23838773369789124,0.007966786623001099,0.3414359390735626,0.19913724064826965,0.001000232296064496,0.33460912108421326,0.20239493250846863,-0.004550018347799778,0.331729531288147,0.2210564911365509,-0.006955476477742195,0.3517681658267975,0.2348383069038391,0.006091158837080002,0.3519457280635834,0.1891857534646988,-0.0012250684667378664,0.34400931000709534,0.1957588940858841,-0.004908309783786535,0.34187081456184387,0.21889285743236542,-0.004968215245753527,0.36216527223587036,0.23689857125282288,0.002305702306330204,0.3633135259151459,0.19368606805801392,-0.004523511044681072,0.3562280237674713,0.19976037740707397,-0.006211638450622559,0.3547891676425934,0.22298584878444672,-0.004865292459726334,0.37336477637290955,0.24387769401073456,-0.0022432960104197264,0.37383604049682617,0.20997732877731323,-0.006806875579059124,0.36789369583129883,0.20718702673912048,-0.00795725267380476,0.36534085869789124,0.22182857990264893,-0.007293885573744774,0.7401931285858154,0.40779513120651245,-2.5919086965586757e-07,0.7170349955558777,0.37937700748443604,-0.006742995232343674,0.7050089836120605,0.3380507528781891,-0.011754368431866169,0.717288613319397,0.3120066821575165,-0.018787415698170662,0.7350353598594666,0.32124313712120056,-0.024045836180448532,0.7122995257377625,0.2843993306159973,0.0021208918187767267,0.7090812921524048,0.23450379073619843,-0.011021221056580544,0.7073829770088196,0.2676822245121002,-0.020146476104855537,0.7103956341743469,0.29657846689224243,-0.024873798713088036,0.7275779247283936,0.28224435448646545,-0.0008890239405445755,0.7262195944786072,0.22638365626335144,-0.013743388466536999,0.7230318188667297,0.26445984840393066,-0.018117861822247505,0.7246429920196533,0.2934970259666443,-0.01825270615518093,0.7435644865036011,0.28540366888046265,-0.006486306432634592,0.7440637946128845,0.23028799891471863,-0.01655462756752968,0.7384595274925232,0.26302722096443176,-0.015079152770340443,0.7384558916091919,0.2926393151283264,-0.011363700963556767,0.7607911229133606,0.2953146696090698,-0.01351703517138958,0.759148120880127,0.2545936107635498,-0.01861916296184063,0.7516714334487915,0.27185603976249695,-0.01718037575483322,0.7492619156837463,0.2955232560634613,-0.01491498202085495
15,0.3591666519641876,0.3373076021671295,-2.173590019083349e-07,0.34138694405555725,0.314225971698761,-0.0035324105992913246,0.3343774676322937,0.27681201696395874,-0.004334648139774799,0.33991795778274536,0.24780435860157013,-0.00675688311457634,0.3510913848876953,0.2399371862411499,-0.00792049989104271,0.3414342999458313,0.23865360021591187,0.005947936326265335,0.34205079078674316,0.19816631078720093,-0.0021422121208161116,0.3341790437698364,0.2026597112417221,-0.0080313915386796,0.3301183581352234,0.22258202731609344,-0.010420117527246475,0.35087665915489197,0.2352215051651001,0.0043442766182124615,0.35115304589271545,0.18899866938591003,-0.0038318950682878494,0.3424396514892578,0.19803467392921448,-0.007709034718573093,0.33978328108787537,0.22104763984680176,-0.007930672727525234,0.36124661564826965,0.2371646761894226,0.0008354189922101796,0.36273694038391113,0.1911543309688568,-0.006790621671825647,0.35546693205833435,0.19942542910575867,-0.008679840713739395,0.353522390127182,0.22286102175712585,-0.007552528288215399,0.37273627519607544,0.24338257312774658,-0.0033417551312595606,0.37257206439971924,0.20981420576572418,-0.008796440437436104,0.36686521768569946,0.2089117020368576,-0.010299090296030045,0.3641360104084015,0.22361764311790466,-0.009864459745585918,0.7400600910186768,0.40745341777801514,-2.4982159629871603e-07,0.7169328331947327,0.37988319993019104,-0.006084176246076822,0.705342710018158,0.33815252780914307,-0.010587399825453758,0.7171348333358765,0.3137008249759674,-0.01715044304728508,0.734091579914093,0.32243478298187256,-0.022166334092617035,0.7125438451766968,0.284231960773468,0.0022034416906535625,0.7095327973365784,0.23497895896434784,-0.010202184319496155,0.7082318067550659,0.26634135842323303,-0.01906505972146988,0.7112332582473755,0.29470202326774597,-0.023791681975126266,0.7278020977973938,0.2816767990589142,-0.001083134557120502,0.7266277074813843,0.2257225215435028,-0.013420961797237396,0.7238714694976807,0.2624000310897827,-0.018233532086014748,0.7252721786499023,0.29168131947517395,-0.018838781863451004,0.7436147332191467,0.28481268882751465,-0.006732098292559385,0.7439339756965637,0.2293291985988617,-0.01636161468923092,0.7392915487289429,0.2607867419719696,-0.015630124136805534,0.7394137978553772,0.2903795540332794,-0.012658174149692059,0.760493814945221,0.29517117142677307,-0.01368727721273899,0.7590789198875427,0.2544648051261902,-0.018900863826274872,0.7521501183509827,0.27130794525146484,-0.017865322530269623,0.7497727274894714,0.29488620162010193,-0.015975261107087135
16,0.3591666519641876,0.3373076021671295,-2.173590019083349e-07,0.34138694405555725,0.314225971698761,-0.0035324105992913246,0.3343774676322937,0.27681201696395874,-0.004334648139774799,0.33991795778274536,0.24780435860157013,-0.00675688311457634,0.3510913848876953,0.2399371862411499,-0.00792049989104271,0.3414342999458313,0.23865360021591187,0.005947936326265335,0.34205079078674316,0.19816631078720093,-0.0021422121208161116,0.3341790437698364,0.2026597112417221,-0.0080313915386796,0.3301183581352234,0.22258202731609344,-0.010420117527246475,0.35087665915489197,0.2352215051651001,0.0043442766182124615,0.35115304589271545,0.18899866938591003,-0.0038318950682878494,0.3424396514892578,0.19803467392921448,-0.007709034718573093,0.33978328108787537,0.22104763984680176,-0.007930672727525234,0.36124661564826965,0.2371646761894226,0.0008354189922101796,0.36273694038391113,0.1911543309688568,-0.006790621671825647,0.35546693205833435,0.19942542910575867,-0.008679840713739395,0.353522390127182,0.22286102175712585,-0.007552528288215399,0.37273627519607544,0.24338257312774658,-0.0033417551312595606,0.37257206439971924,0.20981420576572418,-0.008796440437436104,0.36686521768569946,0.2089117020368576,-0.010299090296030045,0.3641360104084015,0.22361764311790466,-0.009864459745585918,0.7400600910186768,0.40745341777801514,-2.4982159629871603e-07,0.7169328331947327,0.37988319993019104,-0.006084176246076822,0.705342710018158,0.33815252780914307,-0.010587399825453758,0.7171348333358765,0.3137008249759674,-0.01715044304728508,0.734091579914093,0.32243478298187256,-0.022166334092617035,0.7125438451766968,0.284231960773468,0.0022034416906535625,0.7095327973365784,0.23497895896434784,-0.010202184319496155,0.7082318067550659,0.26634135842323303,-0.01906505972146988,0.7112332582473755,0.29470202326774597,-0.023791681975126266,0.7278020977973938,0.2816767990589142,-0.001083134557120502,0.7266277074813843,0.2257225215435028,-0.013420961797237396,0.7238714694976807,0.2624000310897827,-0.018233532086014748,0.7252721786499023,0.29168131947517395,-0.018838781863451004,0.7436147332191467,0.28481268882751465,-0.006732098292559385,0.7439339756965637,0.2293291985988617,-0.01636161468923092,0.7392915487289429,0.2607867419719696,-0.015630124136805534,0.7394137978553772,0.2903795540332794,-0.012658174149692059,0.760493814945221,0.29517117142677307,-0.01368727721273899,0.7590789198875427,0.2544648051261902,-0.018900863826274872,0.7521501183509827,0.27130794525146484,-0.017865322530269623,0.7497727274894714,0.29488620162010193,-0.015975261107087135
17,0.35847049951553345,0.3437742590904236,-1.7133871210717189e-07,0.3388596475124359,0.31849393248558044,-0.004194415640085936,0.3313648998737335,0.27932894229888916,-0.005640254355967045,0.3397803008556366,0.2490025907754898,-0.008622366935014725,0.3534995913505554,0.2484121173620224,-0.010321414098143578,0.33871710300445557,0.24182523787021637,0.006192375440150499,0.34184786677360535,0.2001018077135086,-0.0004185280413366854,0.3367519974708557,0.2032952606678009,-0.00613477872684598,0.33381786942481995,0.22018295526504517,-0.009085633791983128,0.3498670756816864,0.2395797073841095,0.004570601508021355,0.3527141809463501,0.19317471981048584,-0.0019465740770101547,0.3464584946632385,0.20040038228034973,-0.006070611532777548,0.3438934087753296,0.22144973278045654,-0.007246421184390783,0.3611024022102356,0.24259258806705475,0.0011495088692754507,0.36442163586616516,0.19847489893436432,-0.004582819063216448,0.3590616285800934,0.20598071813583374,-0.0063409055583179,0.35722658038139343,0.22798138856887817,-0.0059033106081187725,0.37296873331069946,0.25035732984542847,-0.003167268820106983,0.3747915029525757,0.21567296981811523,-0.0064725084230303764,0.3702102601528168,0.21631932258605957,-0.0068971458822488785,0.36765775084495544,0.23242978751659393,-0.006387713365256786,0.7401280403137207,0.4068215489387512,-2.4945776999629743e-07,0.7165340781211853,0.3786951005458832,-0.00621253764256835,0.7041205167770386,0.33800023794174194,-0.010857240296900272,0.7165378928184509,0.31329017877578735,-0.017556706443428993,0.7345787286758423,0.32161206007003784,-0.022726383060216904,0.7121359705924988,0.28342270851135254,0.00262326467782259,0.7092432379722595,0.23482070863246918,-0.009867792017757893,0.7076525688171387,0.26565220952033997,-0.018854085355997086,0.7104699015617371,0.2933400571346283,-0.02367023192346096,0.7275540828704834,0.28090107440948486,-0.0005552235525101423,0.7263048887252808,0.22619196772575378,-0.012792712077498436,0.723170816898346,0.2628304064273834,-0.0175226591527462,0.7245767116546631,0.2913012206554413,-0.018151957541704178,0.7433299422264099,0.2841351628303528,-0.006182554177939892,0.7437847256660461,0.23003798723220825,-0.015865357592701912,0.738732635974884,0.26224905252456665,-0.014877844601869583,0.7388063669204712,0.2915736734867096,-0.011724830605089664,0.760182797908783,0.2948439419269562,-0.013130628503859043,0.7585480809211731,0.2547590434551239,-0.018237121403217316,0.7515497207641602,0.2723696231842041,-0.016945768147706985,0.749337911605835,0.2956339418888092,-0.014870789833366871
18,0.36059585213661194,0.34416288137435913,-1.6582156092681544e-07,0.342075377702713,0.3171508312225342,-0.004200825002044439,0.33494696021080017,0.2787132263183594,-0.005842601414769888,0.34236085414886475,0.25089168548583984,-0.008966411463916302,0.3541204035282135,0.2495078593492508,-0.0108103659003973,0.343049556016922,0.24113155901432037,0.005827353801578283,0.34496456384658813,0.2001323103904724,-0.0014585100580006838,0.33884313702583313,0.20285478234291077,-0.0076548075303435326,0.33549806475639343,0.22061781585216522,-0.010645819827914238,0.35355710983276367,0.23929694294929504,0.004070674534887075,0.3550891578197479,0.1939343810081482,-0.0028139788191765547,0.3475712537765503,0.19888117909431458,-0.007196353282779455,0.3443169891834259,0.21981874108314514,-0.008333095349371433,0.3637947738170624,0.2427847981452942,0.0004268309276085347,0.36510607600212097,0.19987565279006958,-0.005366100929677486,0.3584320843219757,0.20413613319396973,-0.007585078477859497,0.3558695316314697,0.2244882583618164,-0.007384713739156723,0.37431037425994873,0.25054454803466797,-0.00408996781334281,0.37540870904922485,0.21573665738105774,-0.007245678920298815,0.3697800636291504,0.21387019753456116,-0.0076220957562327385,0.3663085997104645,0.22815947234630585,-0.006998784840106964,0.7399407625198364,0.4075988531112671,-2.4921521912801836e-07,0.715864896774292,0.37919485569000244,-0.005999864544719458,0.7034586071968079,0.3381349742412567,-0.010477484203875065,0.7161294221878052,0.31288930773735046,-0.0170203298330307,0.7338449954986572,0.32088324427604675,-0.022143058478832245,0.711942195892334,0.2837844789028168,0.0026238681748509407,0.709166407585144,0.23464050889015198,-0.009721766225993633,0.7070140838623047,0.2642790973186493,-0.018670279532670975,0.7095402479171753,0.29123491048812866,-0.023533357307314873,0.7273435592651367,0.28138384222984314,-0.0006417493568733335,0.7258235812187195,0.2261168211698532,-0.012609452940523624,0.7222732305526733,0.2618059515953064,-0.017233621329069138,0.7237997055053711,0.2898949682712555,-0.017927296459674835,0.743038535118103,0.28482353687286377,-0.006327471695840359,0.74344402551651,0.22998206317424774,-0.015812145546078682,0.7379249334335327,0.2617725133895874,-0.014680245891213417,0.7379743456840515,0.29099932312965393,-0.011576901189982891,0.7598752975463867,0.29571089148521423,-0.01332255732268095,0.7585017085075378,0.25517311692237854,-0.018282875418663025,0.7511096000671387,0.27299779653549194,-0.016848348081111908,0.7488423585891724,0.2963308095932007,-0.014784193597733974
19,0.36238303780555725,0.3468523621559143,-1.7657420414707303e-07,0.3438749611377716,0.3183148205280304,-0.0032667662017047405,0.3361366093158722,0.2820424437522888,-0.004339833278208971,0.34259387850761414,0.2522369921207428,-0.007166142109781504,0.3537077307701111,0.24642300605773926,-0.008664947003126144,0.3442436754703522,0.2460290640592575,0.008992123417556286,0.3464035093784332,0.20394867658615112,0.0024303491227328777,0.34017786383628845,0.20749230682849884,-0.003611033782362938,0.33657312393188477,0.22501905262470245,-0.006508059799671173,0.3546508550643921,0.24310149252414703,0.0071845343336462975,0.355964332818985,0.1961735188961029,0.000653095543384552,0.34860023856163025,0.2022763192653656,-0.004088890738785267,0.3454677164554596,0.22255469858646393,-0.005516790319234133,0.3651387393474579,0.2450338453054428,0.0034629572182893753,0.36647459864616394,0.19939465820789337,-0.002299720188602805,0.36022448539733887,0.20588882267475128,-0.0043342458084225655,0.35802939534187317,0.22768720984458923,-0.003891252214089036,0.3764120042324066,0.25168168544769287,-0.0009914659895002842,0.37671950459480286,0.21563927829265594,-0.003508921479806304,0.37126651406288147,0.21492457389831543,-0.003197980113327503,0.3682997524738312,0.23008254170417786,-0.0020734078716486692,0.7400491833686829,0.4062424302101135,-2.4133163378792233e-07,0.7161731719970703,0.3794451057910919,-0.006909382063895464,0.7038213610649109,0.33782991766929626,-0.01160731352865696,0.7163211703300476,0.31235018372535706,-0.01814555935561657,0.7341941595077515,0.32187917828559875,-0.02308334968984127,0.7116671800613403,0.28360965847969055,0.0017773016588762403,0.7089952230453491,0.2343367636203766,-0.01022662129253149,0.7072370648384094,0.26507294178009033,-0.01867944374680519,0.710147500038147,0.2925879955291748,-0.023269712924957275,0.727196991443634,0.2806435823440552,-0.0010490999557077885,0.7260712385177612,0.22532062232494354,-0.012939898297190666,0.7227823138237,0.26139163970947266,-0.017371607944369316,0.7242522239685059,0.2895364761352539,-0.017824389040470123,0.7429381608963013,0.2839525640010834,-0.006307361181825399,0.7433597445487976,0.2296394407749176,-0.015694281086325645,0.7384673357009888,0.26118147373199463,-0.014756339602172375,0.7388135194778442,0.2899141013622284,-0.011728517711162567,0.7595984935760498,0.29491347074508667,-0.012946615926921368,0.757982075214386,0.2545505166053772,-0.01807594671845436,0.7509889602661133,0.2713605463504791,-0.017026230692863464,0.7488512992858887,0.29465451836586,-0.015167380683124065
20,0.36238303780555725,0.3468523621559143,-1.7657420414707303e-07,0.3438749611377716,0.3183148205280304,-0.0032667662017047405,0.3361366093158722,0.2820424437522888,-0.004339833278208971,0.34259387850761414,0.2522369921207428,-0.007166142109781504,0.3537077307701111,0.24642300605773926,-0.008664947003126144,0.3442436754703522,0.2460290640592575,0.008992123417556286,0.3464035093784332,0.20394867658615112,0.0024303491227328777,0.34017786383628845,0.20749230682849884,-0.003611033782362938,0.33657312393188477,0.22501905262470245,-0.006508059799671173,0.3546508550643921,0.24310149252414703,0.0071845343336462975,0.355964332818985,0.1961735188961029,0.000653095543384552,0.34860023856163025,0.2022763192653656,-0.004088890738785267,0.3454677164554596,0.22255469858646393,-0.005516790319234133,0.3651387393474579,0.2450338453054428,0.0034629572182893753,0.36647459864616394,0.19939465820789337,-0.002299720188602805,0.36022448539733887,0.20588882267475128,-0.0043342458084225655,0.35802939534187317,0.22768720984458923,-0.003891252214089036,0.3764120042324066,0.25168168544769287,-0.0009914659895002842,0.37671950459480286,0.21563927829265594,-0.003508921479806304,0.37126651406288147,0.21492457389831543,-0.003197980113327503,0.3682997524738312,0.23008254170417786,-0.0020734078716486692,0.7400491833686829,0.4062424302101135,-2.4133163378792233e-07,0.7161731719970703,0.3794451057910919,-0.006909382063895464,0.7038213610649109,0.33782991766929626,-0.01160731352865696,0.7163211703300476,0.31235018372535706,-0.01814555935561657,0.7341941595077515,0.32187917828559875,-0.02308334968984127,0.7116671800613403,0.28360965847969055,0.0017773016588762403,0.7089952230453491,0.2343367636203766,-0.01022662129253149,0.7072370648384094,0.26507294178009033,-0.01867944374680519,0.710147500038147,0.2925879955291748,-0.023269712924957275,0.727196991443634,0.2806435823440552,-0.0010490999557077885,0.7260712385177612,0.22532062232494354,-0.012939898297190666,0.7227823138237,0.26139163970947266,-0.017371607944369316,0.7242522239685059,0.2895364761352539,-0.017824389040470123,0.7429381608963013,0.2839525640010834,-0.006307361181825399,0.7433597445487976,0.2296394407749176,-0.015694281086325645,0.7384673357009888,0.26118147373199463,-0.014756339602172375,0.7388135194778442,0.2899141013622284,-0.011728517711162567,0.7595984935760498,0.29491347074508667,-0.012946615926921368,0.757982075214386,0.2545505166053772,-0.01807594671845436,0.7509889602661133,0.2713605463504791,-0.017026230692863464,0.7488512992858887,0.29465451836586,-0.015167380683124065
21,0.36342939734458923,0.3500220775604248,-1.9024268738121464e-07,0.3438078463077545,0.32348012924194336,-0.0033364726696163416,0.33630600571632385,0.28230804204940796,-0.004002367611974478,0.34422966837882996,0.2527948319911957,-0.0063341232016682625,0.3567400574684143,0.25155383348464966,-0.007339554373174906,0.3436017632484436,0.2475673407316208,0.006983882747590542,0.3442394435405731,0.20598548650741577,0.00029184925369918346,0.33881181478500366,0.21074648201465607,-0.005101319402456284,0.33659258484840393,0.23081158101558685,-0.007523864507675171,0.35436633229255676,0.24429751932621002,0.0052084168419241905,0.3561670482158661,0.1971839815378189,-0.0013382131000980735,0.3494039475917816,0.2048395425081253,-0.0047312392853200436,0.34743982553482056,0.2269390970468521,-0.005068328231573105,0.365265816450119,0.24690036475658417,0.0015987181104719639,0.36820217967033386,0.2013469636440277,-0.003991751000285149,0.36230286955833435,0.20801113545894623,-0.004981100093573332,0.36104318499565125,0.23009878396987915,-0.0038190598133951426,0.37689512968063354,0.2545834183692932,-0.0028519893530756235,0.37886926531791687,0.21857109665870667,-0.005720301531255245,0.3737275302410126,0.21740762889385223,-0.005576816387474537,0.37110525369644165,0.2330552190542221,-0.004548194352537394,0.7394395470619202,0.4077404737472534,-2.6100531158590456e-07,0.7153691053390503,0.3784538507461548,-0.004893734585493803,0.7032102346420288,0.3375806212425232,-0.008854689076542854,0.7154898643493652,0.3122986853122711,-0.015144307166337967,0.7331221103668213,0.3187878131866455,-0.020073410123586655,0.71197909116745,0.2839541435241699,0.003880904521793127,0.7085034251213074,0.23502938449382782,-0.008470678701996803,0.7063921093940735,0.26495426893234253,-0.01757454127073288,0.7092403769493103,0.292548269033432,-0.022489633411169052,0.7272443175315857,0.28112494945526123,0.00015016496763564646,0.7251441478729248,0.22566178441047668,-0.011882521212100983,0.7217366099357605,0.2615332305431366,-0.016692351549863815,0.7235507369041443,0.2902681231498718,-0.01744244247674942,0.7429559826850891,0.28394556045532227,-0.005931726191192865,0.7421650886535645,0.22880981862545013,-0.015210049226880074,0.7371455430984497,0.26103755831718445,-0.013993247412145138,0.737916886806488,0.29091477394104004,-0.010870654135942459,0.7600796222686768,0.29441577196121216,-0.013252055272459984,0.7574189901351929,0.25432196259498596,-0.017990050837397575,0.7504509687423706,0.2725803256034851,-0.016433976590633392,0.7488766312599182,0.2961787283420563,-0.014294612221419811
22,0.36268630623817444,0.34954917430877686,-1.9317187138767622e-07,0.34367072582244873,0.32181015610694885,-0.0035713037941604853,0.33631062507629395,0.28239521384239197,-0.004959557671099901,0.3436499834060669,0.2533523738384247,-0.008202272467315197,0.35516706109046936,0.2527589499950409,-0.010149265639483929,0.343671053647995,0.24348720908164978,0.008018161170184612,0.3458871841430664,0.20272381603717804,0.0010403682244941592,0.34020406007766724,0.20945331454277039,-0.005128508899360895,0.33751344680786133,0.22907361388206482,-0.008258815854787827,0.3543771207332611,0.2416997104883194,0.006126321852207184,0.35665300488471985,0.19724148511886597,-0.00092142733046785,0.3499184250831604,0.20975016057491302,-0.005236658733338118,0.34826114773750305,0.23263713717460632,-0.006368938367813826,0.36522382497787476,0.2450876533985138,0.0023160416167229414,0.3683607876300812,0.20208917558193207,-0.0032995855435729027,0.36203205585479736,0.21295662224292755,-0.004544633440673351,0.3602536916732788,0.235730841755867,-0.0037554141599684954,0.37679702043533325,0.25323984026908875,-0.0024105296470224857,0.37890148162841797,0.21921738982200623,-0.004551667254418135,0.373379111289978,0.2203192114830017,-0.004083214793354273,0.370486855506897,0.23502393066883087,-0.0031253418419510126,0.7395794987678528,0.4047624170780182,-2.4013061761252175e-07,0.7156659960746765,0.37842971086502075,-0.006323992274701595,0.7030664682388306,0.3378262221813202,-0.01060260459780693,0.7149859666824341,0.3122861385345459,-0.016833897680044174,0.7327882051467896,0.3185368776321411,-0.021586326882243156,0.7117503881454468,0.2836281955242157,0.0025911133270710707,0.7088052034378052,0.23445674777030945,-0.009222211316227913,0.7066377997398376,0.2637920379638672,-0.017627069726586342,0.7095561623573303,0.29012852907180786,-0.02217256650328636,0.7269148826599121,0.280871719121933,-0.0004135982017032802,0.7252798080444336,0.22507745027542114,-0.012496932409703732,0.7218399047851562,0.26020050048828125,-0.017285335808992386,0.7235268354415894,0.28830021619796753,-0.01784323900938034,0.7425028085708618,0.28356876969337463,-0.005790991708636284,0.7422657608985901,0.22871392965316772,-0.01541860867291689,0.7373173236846924,0.2599819302558899,-0.014659075997769833,0.7380151748657227,0.2890574038028717,-0.011619244702160358,0.7593308091163635,0.2936823070049286,-0.012450233101844788,0.7573950290679932,0.25346025824546814,-0.017662810161709785,0.7502709031105042,0.2711900472640991,-0.016560954973101616,0.748518705368042,0.29483562707901,-0.014591594226658344
23,0.3629355728626251,0.3523256182670593,-2.0318380222761334e-07,0.3444773554801941,0.32320958375930786,-0.00262407585978508,0.33717215061187744,0.2828190326690674,-0.003771620336920023,0.3444262444972992,0.2547363042831421,-0.006902337074279785,0.3555327355861664,0.25432759523391724,-0.008881501853466034,0.34398412704467773,0.24471813440322876,0.006959340535104275,0.34632548689842224,0.20237043499946594,-0.00032764620846137404,0.3398074507713318,0.20862320065498352,-0.006170945707708597,0.33654600381851196,0.22745510935783386,-0.008925658650696278,0.3547542691230774,0.24353495240211487,0.0042874314822256565,0.3561919033527374,0.19723980128765106,-0.0033306905534118414,0.348865270614624,0.20760886371135712,-0.0073612164705991745,0.34650927782058716,0.22985093295574188,-0.008004343137145042,0.36579352617263794,0.24731503427028656,-0.00015312385221477598,0.3666404187679291,0.20497103035449982,-0.006213902961462736,0.3603672981262207,0.21528206765651703,-0.0073630232363939285,0.3585618734359741,0.2371310144662857,-0.006259680725634098,0.37719306349754333,0.25543999671936035,-0.005359156522899866,0.37744829058647156,0.22027669847011566,-0.007663337048143148,0.3717488944530487,0.22114227712154388,-0.006829824298620224,0.36909592151641846,0.2356024831533432,-0.005455677397549152,0.7394424080848694,0.4036604166030884,-2.4068711468316906e-07,0.7155703902244568,0.3778705596923828,-0.006838412955403328,0.7028593420982361,0.3372228443622589,-0.011467164382338524,0.7148668169975281,0.31173190474510193,-0.01795721799135208,0.7330573797225952,0.31840693950653076,-0.022902103140950203,0.7109666466712952,0.283078134059906,0.002130739390850067,0.7082177400588989,0.23400956392288208,-0.009954792447388172,0.7060622572898865,0.2639155983924866,-0.01850084774196148,0.7087425589561462,0.29105234146118164,-0.023068813607096672,0.7263850569725037,0.2803348898887634,-0.0006608398398384452,0.7249518632888794,0.22477412223815918,-0.01285558007657528,0.7215564250946045,0.26018592715263367,-0.017724398523569107,0.722981870174408,0.28856155276298523,-0.018348434939980507,0.7421364188194275,0.2830652892589569,-0.005875061731785536,0.7420551180839539,0.22833946347236633,-0.015649350360035896,0.7371127605438232,0.259706050157547,-0.015085027553141117,0.7374504804611206,0.28916871547698975,-0.012155873700976372,0.7590541243553162,0.2929662764072418,-0.012408957816660404,0.7568106055259705,0.2527408301830292,-0.017893044278025627,0.7498278617858887,0.2701248526573181,-0.017074819654226303,0.7478715181350708,0.29389095306396484,-0.015262208878993988
24,0.3609815239906311,0.35397517681121826,-2.0309828130393726e-07,0.3406725823879242,0.3292763829231262,-0.0050592063926160336,0.331672728061676,0.28803181648254395,-0.0070398347452282906,0.3393961489200592,0.256075918674469,-0.010445334948599339,0.35363563895225525,0.25373518466949463,-0.01211563404649496,0.34127935767173767,0.2464354783296585,0.004506077151745558,0.34559139609336853,0.201130673289299,-0.003264839295297861,0.3378131687641144,0.2081916779279709,-0.008447525091469288,0.3342183530330658,0.22841215133666992,-0.01044697966426611,0.3521750569343567,0.24572952091693878,0.0035166272427886724,0.3546220660209656,0.19849702715873718,-0.004304811824113131,0.34560343623161316,0.20982465147972107,-0.006948238704353571,0.3434712886810303,0.23348920047283173,-0.006220990791916847,0.36309632658958435,0.24997442960739136,0.0004988517030142248,0.3661559820175171,0.20588234066963196,-0.006614739540964365,0.35782408714294434,0.21600037813186646,-0.006755974143743515,0.35554543137550354,0.23914013803005219,-0.004267136566340923,0.3747664988040924,0.2582796812057495,-0.0034069574903696775,0.3765990734100342,0.22329601645469666,-0.006953855510801077,0.36995652318000793,0.22292087972164154,-0.006428881548345089,0.36669060587882996,0.23746898770332336,-0.0046066660434007645,0.7396671772003174,0.40439629554748535,-2.441878166337119e-07,0.715764582157135,0.3785029649734497,-0.006623275578022003,0.7031533122062683,0.33759352564811707,-0.011218883097171783,0.7150419354438782,0.3118646442890167,-0.01767713762819767,0.7327661514282227,0.3186543583869934,-0.02256717160344124,0.7109116315841675,0.2827676832675934,0.0018848992185667157,0.7079341411590576,0.23361997306346893,-0.010178126394748688,0.7062333226203918,0.2643545866012573,-0.0187565628439188,0.7089961767196655,0.2917896509170532,-0.023405317217111588,0.7263525128364563,0.28002113103866577,-0.0010475728195160627,0.7247242331504822,0.22461102902889252,-0.013023600913584232,0.7218555808067322,0.2605735659599304,-0.017740938812494278,0.723206639289856,0.2887222468852997,-0.018408706411719322,0.7420805096626282,0.28292006254196167,-0.0063552409410476685,0.7417725920677185,0.22903087735176086,-0.015763232484459877,0.7373025417327881,0.2607000470161438,-0.014914250932633877,0.7375986576080322,0.28957122564315796,-0.01199647318571806,0.7589415907859802,0.29312899708747864,-0.012996402569115162,0.7568272352218628,0.25322362780570984,-0.018156126141548157,0.7499690055847168,0.2709446847438812,-0.017069900408387184,0.7477747797966003,0.29442697763442993,-0.01520291343331337
25,0.3594512343406677,0.35707026720046997,-1.749740619061413e-07,0.33951884508132935,0.3310879170894623,-0.005578690208494663,0.33095231652259827,0.2918684482574463,-0.007650117389857769,0.33700546622276306,0.26006683707237244,-0.011042813770473003,0.3490116596221924,0.2512858211994171,-0.012897062115371227,0.3390612006187439,0.252815306186676,0.0053122518584132195,0.34153738617897034,0.20883385837078094,-0.0024291006848216057,0.3358016610145569,0.21164332330226898,-0.008664315566420555,0.33280980587005615,0.229254812002182,-0.011499176733195782,0.3497456908226013,0.250191330909729,0.004392063245177269,0.3513181507587433,0.20304642617702484,-0.0028700875118374825,0.34387683868408203,0.2104526162147522,-0.0071645439602434635,0.34147176146507263,0.23180916905403137,-0.008188805542886257,0.3604971766471863,0.25299274921417236,0.0013731684302911162,0.3630892038345337,0.2077764868736267,-0.005093884654343128,0.3565496504306793,0.21413038671016693,-0.006966612301766872,0.3543497920036316,0.23566590249538422,-0.00633701216429472,0.3717884123325348,0.26038962602615356,-0.002591933123767376,0.3741876184940338,0.22453905642032623,-0.006101642269641161,0.36839354038238525,0.22261059284210205,-0.0064647262915968895,0.36464402079582214,0.2365206778049469,-0.005698325112462044,0.7387560606002808,0.40404215455055237,-2.4470901394124667e-07,0.7152246832847595,0.3782384395599365,-0.006130887661129236,0.7031141519546509,0.3378480076789856,-0.010342171415686607,0.7148222923278809,0.3126712739467621,-0.0165199376642704,0.7319448590278625,0.3174898326396942,-0.02120882458984852,0.7107250094413757,0.28356948494911194,0.0023666759952902794,0.7078863978385925,0.23426486551761627,-0.009502694010734558,0.7062841653823853,0.26394784450531006,-0.017947830259799957,0.7090682983398438,0.29108405113220215,-0.022469641640782356,0.7261566519737244,0.28086057305336,-0.0006897600833326578,0.724653959274292,0.22547130286693573,-0.012609628029167652,0.7217856645584106,0.26135286688804626,-0.017394540831446648,0.7231464982032776,0.28963813185691833,-0.018080392852425575,0.7419076561927795,0.2835855484008789,-0.006059821229428053,0.7417986989021301,0.2295890748500824,-0.015460975468158722,0.7371956706047058,0.2613179087638855,-0.014618855901062489,0.7374632358551025,0.29037216305732727,-0.011677142232656479,0.7588629126548767,0.293524831533432,-0.012694749049842358,0.7571275234222412,0.25368809700012207,-0.01776164025068283,0.7501280307769775,0.2713073194026947,-0.01652752235531807,0.7477958798408508,0.29461732506752014,-0.014535780996084213
26,0.35839560627937317,0.3566364049911499,-1.804369702540498e-07,0.3382265865802765,0.3317995071411133,-0.006028023082762957,0.3287607729434967,0.2924547791481018,-0.008442654274404049,0.3368450403213501,0.25986725091934204,-0.012081669643521309,0.3513230085372925,0.2545569837093353,-0.014030786231160164,0.3378710150718689,0.25100600719451904,0.005560273304581642,0.34112128615379333,0.20697136223316193,-0.0018868466140702367,0.3347698748111725,0.21166986227035522,-0.008018078282475471,0.33162304759025574,0.23045963048934937,-0.01105736754834652,0.34908345341682434,0.24888776242733002,0.004806432407349348,0.3516640365123749,0.2013525664806366,-0.0024511704687029123,0.34375667572021484,0.2096303552389145,-0.006644019391387701,0.341022789478302,0.2310270369052887,-0.007697442080825567,0.3599787950515747,0.25169169902801514,0.0019111261935904622,0.3627704083919525,0.2069299817085266,-0.004376795142889023,0.35610851645469666,0.2151448130607605,-0.005846098531037569,0.35403743386268616,0.23712792992591858,-0.005068971309810877,0.37145093083381653,0.2593214213848114,-0.0020326157100498676,0.3729325234889984,0.2230406552553177,-0.005181901156902313,0.36719611287117004,0.22406616806983948,-0.005137997213751078,0.3642355799674988,0.2403002679347992,-0.004248866345733404,0.7390649318695068,0.4041995704174042,-2.437741670746618e-07,0.7154487371444702,0.37872371077537537,-0.006664997898042202,0.7029634714126587,0.3381291627883911,-0.011242927983403206,0.7147713303565979,0.3134717643260956,-0.017695331946015358,0.7323526740074158,0.31889915466308594,-0.022607309743762016,0.7104416489601135,0.28327757120132446,0.0016775456024333835,0.707807719707489,0.2339148074388504,-0.01046086847782135,0.706224799156189,0.2642591893672943,-0.019019922241568565,0.7089545726776123,0.29192331433296204,-0.02360231801867485,0.7260201573371887,0.28070494532585144,-0.0012277400819584727,0.7248111367225647,0.22522419691085815,-0.013477005064487457,0.7218707203865051,0.26166483759880066,-0.018357373774051666,0.7230888605117798,0.29038354754447937,-0.019047025591135025,0.7418987154960632,0.283748060464859,-0.006490608211606741,0.7419783473014832,0.22959119081497192,-0.016190238296985626,0.7372545003890991,0.2611800730228424,-0.015586198307573795,0.7372174263000488,0.2901943624019623,-0.012719261460006237,0.7588313221931458,0.29398292303085327,-0.01305209007114172,0.7572090029716492,0.2541493773460388,-0.018464574590325356,0.7501665353775024,0.27142712473869324,-0.017552673816680908,0.7476133108139038,0.294741153717041,-0.01572878286242485
27,0.35888421535491943,0.35610270500183105,-1.593580236658454e-07,0.33888906240463257,0.33000361919403076,-0.005962572060525417,0.32956019043922424,0.2914748191833496,-0.00850665383040905,0.3375488221645355,0.2606162130832672,-0.01238999143242836,0.35051047801971436,0.261893630027771,-0.014820827171206474,0.3364146053791046,0.2524010241031647,0.005512185860425234,0.3393363058567047,0.2089625895023346,-0.0019888626411557198,0.33398422598838806,0.21202783286571503,-0.008506635203957558,0.33147069811820984,0.22917677462100983,-0.011941546574234962,0.347601979970932,0.2504051923751831,0.004591216333210468,0.35003483295440674,0.20244522392749786,-0.002694623311981559,0.3430221974849701,0.20929107069969177,-0.007334679830819368,0.3406227231025696,0.23013798892498016,-0.008836536668241024,0.35882246494293213,0.2530093193054199,0.0015765296993777156,0.3617376983165741,0.20755238831043243,-0.004582448396831751,0.355745404958725,0.21370813250541687,-0.006721449550241232,0.35373467206954956,0.23496347665786743,-0.006472012028098106,0.3705615997314453,0.26035475730895996,-0.002529671648517251,0.3720104694366455,0.2237444519996643,-0.005605133716017008,0.36665722727775574,0.22281530499458313,-0.006017673760652542,0.36343902349472046,0.23820267617702484,-0.005573015194386244,0.7388914823532104,0.40430116653442383,-2.4255427888419945e-07,0.7152401804924011,0.3783210217952728,-0.006654313299804926,0.7029492259025574,0.33784690499305725,-0.011218578554689884,0.7149307727813721,0.312953919172287,-0.01766548492014408,0.732853889465332,0.31944572925567627,-0.022578125819563866,0.7111117243766785,0.2835094928741455,0.001859704963862896,0.7083221077919006,0.23434096574783325,-0.010267938487231731,0.7065102458000183,0.2644153833389282,-0.018947552889585495,0.7092044353485107,0.29162877798080444,-0.023650821298360825,0.7263704538345337,0.2810661792755127,-0.0010763928294181824,0.7249316573143005,0.22556664049625397,-0.013066776096820831,0.7218132615089417,0.26121973991394043,-0.017930908128619194,0.7232274413108826,0.28925642371177673,-0.01874997466802597,0.7418950200080872,0.2842574417591095,-0.006402699276804924,0.7421619892120361,0.2296750247478485,-0.015914246439933777,0.7373939156532288,0.260627418756485,-0.015299994498491287,0.7376168370246887,0.2894272804260254,-0.012549478560686111,0.7585207223892212,0.2947005033493042,-0.013060414232313633,0.7574315667152405,0.25432854890823364,-0.018342945724725723,0.7502508163452148,0.27120116353034973,-0.01739203743636608,0.7476891279220581,0.2946452796459198,-0.015625804662704468
28,0.356799840927124,0.354297012090683,-1.683028756360727e-07,0.3364522457122803,0.329653263092041,-0.00530965393409133,0.32704031467437744,0.29116618633270264,-0.007824256084859371,0.3354920744895935,0.26081281900405884,-0.011744728311896324,0.35000815987586975,0.2606143653392792,-0.014202320948243141,0.3353375196456909,0.252102255821228,0.004436317831277847,0.33857831358909607,0.20864082872867584,-0.0032252026721835136,0.3322282135486603,0.21194343268871307,-0.009396999143064022,0.3289577066898346,0.22991043329238892,-0.012507237493991852,0.34612953662872314,0.25044941902160645,0.0032040898222476244,0.34930533170700073,0.20280487835407257,-0.0038278247229754925,0.34170666337013245,0.20971865952014923,-0.007557154633104801,0.33893394470214844,0.2308814823627472,-0.008458077907562256,0.3570915460586548,0.25346219539642334,-1.2062973837601021e-05,0.36107075214385986,0.20815081894397736,-0.006063180509954691,0.3542895019054413,0.21381337940692902,-0.007341793272644281,0.35158687829971313,0.2348325252532959,-0.006546448916196823,0.36882781982421875,0.2611168920993805,-0.0042690131813287735,0.37152382731437683,0.22534382343292236,-0.007694966625422239,0.3659828305244446,0.22407004237174988,-0.007908115163445473,0.3621157705783844,0.2390984296798706,-0.0072190300561487675,0.7385048270225525,0.404619425535202,-2.4052866365309455e-07,0.7150053381919861,0.378207802772522,-0.006634603254497051,0.7029414772987366,0.3375663459300995,-0.011267675086855888,0.7151173949241638,0.3133535385131836,-0.017767054960131645,0.732883632183075,0.32066553831100464,-0.022737856954336166,0.7104769945144653,0.2833300530910492,0.0016630184836685658,0.7080245614051819,0.23390083014965057,-0.010457552969455719,0.7066400647163391,0.2640453577041626,-0.01919420063495636,0.7092191576957703,0.2915554642677307,-0.023950092494487762,0.7259301543235779,0.28107354044914246,-0.0012699863873422146,0.724871039390564,0.22555799782276154,-0.013252724893391132,0.7221813797950745,0.261322021484375,-0.018253430724143982,0.7233087420463562,0.28947219252586365,-0.019227193668484688,0.7416259050369263,0.2844254672527313,-0.006556028500199318,0.7422281503677368,0.23020829260349274,-0.015948452055454254,0.7377152442932129,0.2609460949897766,-0.01549029815942049,0.7375693917274475,0.28954803943634033,-0.012928787618875504,0.7584009170532227,0.295053094625473,-0.013166570104658604,0.757490873336792,0.2553088665008545,-0.018301593139767647,0.7505205869674683,0.27216964960098267,-0.01740669272840023,0.747726321220398,0.2952604293823242,-0.01576673984527588
29,0.353484183549881,0.3550289273262024,-1.813090335645029e-07,0.3332746922969818,0.3338868021965027,-0.005442315246909857,0.32417917251586914,0.29339995980262756,-0.0073798648081719875,0.33188244700431824,0.260694682598114,-0.01052769087255001,0.34463536739349365,0.2589314877986908,-0.01223964523524046,0.33251073956489563,0.2530980706214905,0.005750986281782389,0.33600473403930664,0.21228277683258057,-0.0014463533880189061,0.32864922285079956,0.21712851524353027,-0.007339742034673691,0.3243548572063446,0.23507706820964813,-0.01024980004876852,0.3436644971370697,0.2503058910369873,0.005034203641116619,0.3463505208492279,0.20432007312774658,-0.0019599641673266888,0.33816272020339966,0.2126530557870865,-0.005894854664802551,0.33481359481811523,0.2333054393529892,-0.006752528250217438,0.3545084297657013,0.25277212262153625,0.002280667657032609,0.3573099374771118,0.20798319578170776,-0.004304025787860155,0.3504927158355713,0.21546486020088196,-0.006338784005492926,0.3476378321647644,0.23724167048931122,-0.005795695353299379,0.3664768934249878,0.2602936029434204,-0.001380409812554717,0.36750364303588867,0.22568556666374207,-0.00520373834297061,0.3627120852470398,0.22490158677101135,-0.0060660443268716335,0.3598885238170624,0.23864281177520752,-0.005775025114417076,0.7396396398544312,0.40394318103790283,-2.3268795246167429e-07,0.7158507704734802,0.3787316381931305,-0.007285757455974817,0.7029961347579956,0.3380783498287201,-0.012175117619335651,0.7148054242134094,0.31278303265571594,-0.018842801451683044,0.7331308126449585,0.32099437713623047,-0.023861324414610863,0.7109484076499939,0.28355634212493896,0.0013769867364317179,0.7082844376564026,0.23435255885124207,-0.01077301986515522,0.7064741849899292,0.2643488943576813,-0.019150352105498314,0.7093828320503235,0.2916594445705414,-0.02357250638306141,0.72613525390625,0.2811547815799713,-0.0012248627608641982,0.724617063999176,0.22607897222042084,-0.013757304288446903,0.7215561270713806,0.26175037026405334,-0.018499668687582016,0.7232578992843628,0.29031404852867126,-0.018858538940548897,0.7417503595352173,0.28441834449768066,-0.006258270237594843,0.7418707013130188,0.22984153032302856,-0.016329826787114143,0.7370185256004333,0.2610279619693756,-0.015706147998571396,0.7374447584152222,0.2902924120426178,-0.01254645548760891,0.7584558129310608,0.29490524530410767,-0.012655249796807766,0.7573130130767822,0.2548196315765381,-0.018444616347551346,0.7502731084823608,0.2709759473800659,-0.017776712775230408,0.7480052709579468,0.2943786084651947,-0.01591496728360653
30,0.352164626121521,0.35204118490219116,-1.663051847344832e-07,0.33112281560897827,0.3318066895008087,-0.006036572623997927,0.3220750391483307,0.29168108105659485,-0.008198138326406479,0.3301628828048706,0.2588234543800354,-0.0114169055595994,0.3418647050857544,0.2529289424419403,-0.01327946875244379,0.33061137795448303,0.2504623234272003,0.004749763291329145,0.3341488540172577,0.2085026055574417,-0.0025177665520459414,0.32788798213005066,0.2105267196893692,-0.008343431167304516,0.3238300085067749,0.2254997342824936,-0.01123998686671257,0.34218549728393555,0.24853743612766266,0.004264972172677517,0.34443846344947815,0.2020576298236847,-0.0030489577911794186,0.3370494842529297,0.20996133983135223,-0.007113529834896326,0.333856999874115,0.22949334979057312,-0.00805640034377575,0.35314321517944336,0.25154000520706177,0.0017698579467833042,0.3555727005004883,0.20617586374282837,-0.005273485090583563,0.34941184520721436,0.2150644063949585,-0.007075089029967785,0.3469553589820862,0.2376319319009781,-0.006312763784080744,0.3653523921966553,0.25914543867111206,-0.0016652668127790093,0.3656380772590637,0.22556903958320618,-0.006187352351844311,0.3612861931324005,0.2260664999485016,-0.007186253555119038,0.3591458201408386,0.24040095508098602,-0.006840401794761419,0.739078164100647,0.4040800929069519,-2.3544932048480405e-07,0.7154055237770081,0.37948453426361084,-0.006852589547634125,0.702861487865448,0.3387359082698822,-0.011296190321445465,0.7144742012023926,0.3133125603199005,-0.017559248954057693,0.7322284579277039,0.3203999996185303,-0.022228362038731575,0.7104818820953369,0.284883975982666,0.001632300904020667,0.7084009647369385,0.23521655797958374,-0.010034998878836632,0.7063982486724854,0.2647094428539276,-0.017882253974676132,0.7090535759925842,0.291248619556427,-0.02201310358941555,0.7260447144508362,0.28215208649635315,-0.0010802779579535127,0.7252519726753235,0.22664830088615417,-0.01324368268251419,0.7220033407211304,0.2626097500324249,-0.01766853779554367,0.7234073877334595,0.2905408442020416,-0.01786915212869644,0.7418924570083618,0.2851239740848541,-0.006140486337244511,0.7424063682556152,0.2307097613811493,-0.015879584476351738,0.7374878525733948,0.2621597349643707,-0.014975537545979023,0.7377729415893555,0.29057541489601135,-0.011737101711332798,0.7585892677307129,0.29526084661483765,-0.01249875221401453,0.75755774974823,0.2549266517162323,-0.017929166555404663,0.7505541443824768,0.2710138261318207,-0.01698457822203636,0.7483729124069214,0.2934052348136902,-0.015030226670205593
31,0.35056552290916443,0.3521118462085724,-1.7723300516081508e-07,0.3296849727630615,0.3310568332672119,-0.005825741682201624,0.32128599286079407,0.2876342236995697,-0.007609441410750151,0.3303735554218292,0.2549746036529541,-0.010530106723308563,0.3428218960762024,0.2587190866470337,-0.01194277498871088,0.32935184240341187,0.25024062395095825,0.00524867745116353,0.33258873224258423,0.20821410417556763,-0.0015673046000301838,0.32671400904655457,0.21358278393745422,-0.007038598880171776,0.324216365814209,0.23261189460754395,-0.009788268245756626,0.3411361873149872,0.24767056107521057,0.004716325085610151,0.34386134147644043,0.20206858217716217,-0.0018496861448511481,0.3367188572883606,0.21152853965759277,-0.005008837208151817,0.334825336933136,0.23320189118385315,-0.005310999695211649,0.3523147404193878,0.2505856454372406,0.0021156480070203543,0.3554987907409668,0.2065463662147522,-0.0035668036434799433,0.3489854335784912,0.21506285667419434,-0.00474287336692214,0.3472955822944641,0.23695312440395355,-0.003808960085734725,0.36411094665527344,0.2578451931476593,-0.0015609452966600657,0.36557435989379883,0.22225825488567352,-0.004532651975750923,0.359945684671402,0.22298258543014526,-0.004843440372496843,0.3573319613933563,0.23908032476902008,-0.004302179906517267,0.7388775944709778,0.40523532032966614,-2.3782341429523512e-07,0.7153888940811157,0.37888121604919434,-0.006571854464709759,0.7031261920928955,0.33770525455474854,-0.010999156162142754,0.715279221534729,0.312979131937027,-0.017332063987851143,0.7330633401870728,0.32070639729499817,-0.02208017371594906,0.7105533480644226,0.2837586998939514,0.0023686778731644154,0.7082148790359497,0.2348337173461914,-0.009679378941655159,0.7065483331680298,0.26476335525512695,-0.018086740747094154,0.7093918919563293,0.2920238971710205,-0.02254883013665676,0.7261526584625244,0.28106528520584106,-0.0005196152487769723,0.7251920104026794,0.22616001963615417,-0.012792738154530525,0.722050666809082,0.2621503174304962,-0.017482973635196686,0.7234510183334351,0.29037654399871826,-0.017925255000591278,0.7419888973236084,0.28424713015556335,-0.005820899270474911,0.7423029541969299,0.2306407392024994,-0.015535920858383179,0.737478494644165,0.2621091604232788,-0.014765385538339615,0.7376903891563416,0.2906027138233185,-0.011675715446472168,0.758708655834198,0.29479485750198364,-0.012438279576599598,0.7571167945861816,0.2553715407848358,-0.01773621141910553,0.7503320574760437,0.27205607295036316,-0.016775818541646004,0.7483134865760803,0.2945531904697418,-0.014870674349367619
32,0.348832368850708,0.3493531048297882,-1.7656104489560676e-07,0.32886895537376404,0.32949674129486084,-0.005313732195645571,0.3204192817211151,0.28853026032447815,-0.00716389250010252,0.3266606628894806,0.2553149461746216,-0.010375205427408218,0.336035817861557,0.2525058090686798,-0.012177526019513607,0.328635036945343,0.2466917783021927,0.005724040791392326,0.3316536843776703,0.20621420443058014,-0.0015260623767971992,0.32544705271720886,0.21282830834388733,-0.0071104466915130615,0.3224181830883026,0.23173607885837555,-0.009728695265948772,0.33997559547424316,0.24431896209716797,0.004740393254905939,0.3415934443473816,0.1995806097984314,-0.0025365659967064857,0.3346055746078491,0.21097581088542938,-0.00607110233977437,0.33294227719306946,0.232668936252594,-0.006336053367704153,0.3510330617427826,0.24751117825508118,0.0016977274790406227,0.35289233922958374,0.2046363800764084,-0.0051010833121836185,0.34665805101394653,0.21498581767082214,-0.00651937210932374,0.3451007008552551,0.2378745675086975,-0.005274624563753605,0.3630988597869873,0.25510746240615845,-0.0022896614391356707,0.3638806641101837,0.22181299328804016,-0.00611210847273469,0.3587721884250641,0.2220933735370636,-0.006655160803347826,0.3563677966594696,0.23658061027526855,-0.005920321214944124,0.7387529611587524,0.405409574508667,-2.3885226596576103e-07,0.7152212262153625,0.37888601422309875,-0.006705868523567915,0.7028775215148926,0.33767953515052795,-0.011327734217047691,0.7148926854133606,0.3132631778717041,-0.017848990857601166,0.7327649593353271,0.3200065791606903,-0.02283889800310135,0.7110201120376587,0.28410008549690247,0.0017247278010472655,0.7084586024284363,0.23513053357601166,-0.010554726235568523,0.7066293954849243,0.26543310284614563,-0.01911916211247444,0.7094051241874695,0.2930436134338379,-0.023640945553779602,0.7263946533203125,0.28163403272628784,-0.0012357741361483932,0.7252547144889832,0.2262028306722641,-0.013716315850615501,0.7220016121864319,0.2625442445278168,-0.01858806237578392,0.7234392166137695,0.2911442816257477,-0.019135337322950363,0.7420290112495422,0.28501641750335693,-0.006584197748452425,0.7423502206802368,0.23078174889087677,-0.016505228355526924,0.7374705076217651,0.262325257062912,-0.015853576362133026,0.7377608418464661,0.29124966263771057,-0.01282064151018858,0.7586151361465454,0.29573455452919006,-0.013241288252174854,0.7577177882194519,0.25512686371803284,-0.018697092309594154,0.7506962418556213,0.2717713713645935,-0.01772262156009674,0.7484056353569031,0.2948841452598572,-0.01580054685473442
33,0.34980469942092896,0.35316282510757446,-1.7843598243416636e-07,0.32936951518058777,0.3287805914878845,-0.004640227649360895,0.3210223913192749,0.286135196685791,-0.006263819057494402,0.3300664722919464,0.25443392992019653,-0.009438463486731052,0.3438856899738312,0.257375031709671,-0.011223878711462021,0.3288915157318115,0.24875980615615845,0.006662421859800816,0.33266589045524597,0.20640437304973602,-0.00038284555193968117,0.32587072253227234,0.2114093154668808,-0.006152445916086435,0.32219746708869934,0.23026426136493683,-0.009034592658281326,0.3402511477470398,0.2466340959072113,0.005225180182605982,0.3432975113391876,0.19995377957820892,-0.0015952326357364655,0.33564502000808716,0.20773568749427795,-0.005304410122334957,0.33290767669677734,0.22903919219970703,-0.005988121032714844,0.35146480798721313,0.2495773732662201,0.0017483008559793234,0.3552130162715912,0.2042807638645172,-0.004541887901723385,0.34858056902885437,0.21126532554626465,-0.0062759313732385635,0.3459894359111786,0.2337394505739212,-0.005523519590497017,0.3636537790298462,0.25717395544052124,-0.0026827012188732624,0.36543548107147217,0.22080686688423157,-0.006552693899720907,0.3598514497280121,0.22110170125961304,-0.007228947710245848,0.3564322590827942,0.2380094975233078,-0.006703363731503487,0.7388174533843994,0.4053381681442261,-2.39930415091294e-07,0.7153322100639343,0.3789926767349243,-0.006731117609888315,0.7031658887863159,0.33746594190597534,-0.0113045834004879,0.7153748869895935,0.31255391240119934,-0.017675010487437248,0.7330083250999451,0.31955960392951965,-0.022471170872449875,0.7103919982910156,0.28415414690971375,0.001425218186341226,0.70787113904953,0.23519517481327057,-0.01084635965526104,0.7067186832427979,0.26556989550590515,-0.01950085535645485,0.7095460295677185,0.2935805320739746,-0.024108875542879105,0.7261050939559937,0.28163421154022217,-0.0014035648200660944,0.7251148819923401,0.22668246924877167,-0.013592689298093319,0.7225596904754639,0.2625926733016968,-0.018377117812633514,0.7238243818283081,0.29096636176109314,-0.019063588231801987,0.7419886589050293,0.28493690490722656,-0.0065966336987912655,0.7424792051315308,0.23127469420433044,-0.01627158746123314,0.7381518483161926,0.2623750865459442,-0.01563604548573494,0.7381903529167175,0.29088661074638367,-0.012811485677957535,0.7587185502052307,0.2955856919288635,-0.01310728956013918,0.7576008439064026,0.2559962272644043,-0.01861291378736496,0.7510645985603333,0.2728040814399719,-0.01779661513864994,0.7486881017684937,0.29559385776519775,-0.016077253967523575
34,0.3514610826969147,0.35196349024772644,-1.8185482986154966e-07,0.3315885365009308,0.33016207814216614,-0.005337906070053577,0.32236796617507935,0.2890048027038574,-0.007316638715565205,0.33017030358314514,0.2564053237438202,-0.01067343819886446,0.3451673686504364,0.2576057016849518,-0.012474064715206623,0.3305208683013916,0.25048235058784485,0.0056169293820858,0.3323034346103668,0.20786571502685547,-0.0022184988483786583,0.32546648383140564,0.21448853611946106,-0.008115741424262524,0.322988361120224,0.23424124717712402,-0.010855535976588726,0.3414595127105713,0.24770823121070862,0.0046175685711205006,0.3434423804283142,0.20093488693237305,-0.0030205610673874617,0.33522260189056396,0.2101948857307434,-0.006496576592326164,0.33312660455703735,0.23180991411209106,-0.006655893288552761,0.3523569703102112,0.2503208518028259,0.0014869831502437592,0.3552650511264801,0.20515626668930054,-0.005499115213751793,0.3481704294681549,0.21387571096420288,-0.006958968471735716,0.346527099609375,0.236735537648201,-0.005675877910107374,0.36423805356025696,0.2576069235801697,-0.0026250751689076424,0.36532801389694214,0.2227044403553009,-0.006864435039460659,0.35950884222984314,0.2232741117477417,-0.00771061796694994,0.35684195160865784,0.23970362544059753,-0.00706632761284709,0.7393772006034851,0.40574732422828674,-2.3532145121407666e-07,0.715716540813446,0.37920713424682617,-0.007038817275315523,0.7034411430358887,0.3377878665924072,-0.011867049150168896,0.7156732678413391,0.3122791051864624,-0.018520165234804153,0.7337418794631958,0.3212340772151947,-0.023523766547441483,0.7109150886535645,0.2838541865348816,0.0016777690034359694,0.7081093192100525,0.23565009236335754,-0.010623212903738022,0.7070558071136475,0.26656460762023926,-0.019309120252728462,0.7100942134857178,0.2949436902999878,-0.023901261389255524,0.7264232635498047,0.2812855839729309,-0.0010311913210898638,0.7251029014587402,0.22747963666915894,-0.013437575660645962,0.7226983904838562,0.26358523964881897,-0.018258990719914436,0.7242854237556458,0.2922852337360382,-0.01878698728978634,0.7420772910118103,0.28458115458488464,-0.006168575491756201,0.7423144578933716,0.23111213743686676,-0.0160761047154665,0.7379723191261292,0.26209786534309387,-0.015585387125611305,0.7383069396018982,0.2912263870239258,-0.012609864585101604,0.7585484385490417,0.2951428294181824,-0.012671098113059998,0.7575133442878723,0.25526341795921326,-0.018426233902573586,0.7510319352149963,0.27116501331329346,-0.017882980406284332,0.748796820640564,0.29443344473838806,-0.016153618693351746
35,0.35131895542144775,0.342220664024353,-1.8883974917116575e-07,0.3334261476993561,0.32397016882896423,-0.0048217689618468285,0.3245636820793152,0.2856929898262024,-0.0068070716224610806,0.3309531807899475,0.25742241740226746,-0.010115089826285839,0.3442215621471405,0.25997498631477356,-0.012081027030944824,0.33288589119911194,0.2474321573972702,0.0031002527102828026,0.3334154486656189,0.20894452929496765,-0.004533168859779835,0.32585152983665466,0.21607759594917297,-0.009894710034132004,0.32345059514045715,0.23523344099521637,-0.012475878931581974,0.343146413564682,0.24531492590904236,0.0015693239402025938,0.34404346346855164,0.20219863951206207,-0.006148941349238157,0.33550310134887695,0.2131202518939972,-0.009104077704250813,0.3341940939426422,0.23457203805446625,-0.008988963440060616,0.3535158634185791,0.2490452527999878,-0.0017809069249778986,0.35564154386520386,0.207611083984375,-0.008563336916267872,0.34854763746261597,0.21750256419181824,-0.009477370418608189,0.3477781116962433,0.2389397770166397,-0.008059845305979252,0.36452239751815796,0.25730153918266296,-0.006044790148735046,0.36545079946517944,0.2255648672580719,-0.010214417241513729,0.35947322845458984,0.2258763164281845,-0.010883034206926823,0.3572734296321869,0.24001280963420868,-0.01029263436794281,0.7385203242301941,0.4061165153980255,-2.394289992935228e-07,0.7152379155158997,0.37836819887161255,-0.006633944809436798,0.7031236886978149,0.3377354145050049,-0.011588710360229015,0.7156339287757874,0.31285253167152405,-0.018510296940803528,0.7338727116584778,0.3219926059246063,-0.023947980254888535,0.7111726999282837,0.28406527638435364,0.0017167824553325772,0.7084100842475891,0.23622916638851166,-0.010693982243537903,0.7067946195602417,0.2664664089679718,-0.019628381356596947,0.7094661593437195,0.2942838668823242,-0.024425776675343513,0.7265655398368835,0.28176942467689514,-0.0013266864698380232,0.7254692912101746,0.22766153514385223,-0.013682057149708271,0.7225376963615417,0.2631130814552307,-0.018630776554346085,0.7237476706504822,0.2918727695941925,-0.01937873288989067,0.7421366572380066,0.28523412346839905,-0.006761505734175444,0.7429938316345215,0.23130036890506744,-0.016587937250733376,0.738038957118988,0.2618102431297302,-0.0161492507904768,0.7376869916915894,0.29125547409057617,-0.013295556418597698,0.758523166179657,0.2957535684108734,-0.013535425066947937,0.7577791213989258,0.25534892082214355,-0.019015183672308922,0.7509191632270813,0.27119940519332886,-0.018280629068613052,0.7481983304023743,0.2947838008403778,-0.016530092805624008
36,0.3505881726741791,0.33725208044052124,-1.8333857099150919e-07,0.33284586668014526,0.32073062658309937,-0.005040330346673727,0.32434695959091187,0.28597259521484375,-0.007082986179739237,0.3301960229873657,0.25768956542015076,-0.010293401777744293,0.34207582473754883,0.257154256105423,-0.012219990603625774,0.33179840445518494,0.24671316146850586,0.0027452546637505293,0.3318444788455963,0.2078285962343216,-0.005011651199311018,0.3249756991863251,0.21539394557476044,-0.010034101083874702,0.3228762447834015,0.2347058802843094,-0.012106279842555523,0.3418397009372711,0.24477264285087585,0.0016875372966751456,0.3428690731525421,0.20090612769126892,-0.0061646718531847,0.33423542976379395,0.2119293212890625,-0.00906352885067463,0.3324815630912781,0.2342781275510788,-0.008522267453372478,0.35227593779563904,0.24834319949150085,-0.0011659389128908515,0.3534237742424011,0.20750856399536133,-0.008423577062785625,0.34584277868270874,0.21749059855937958,-0.009547127410769463,0.34482380747795105,0.23913703858852386,-0.00773890595883131,0.3636811673641205,0.2563941180706024,-0.004851270467042923,0.36471331119537354,0.2262839525938034,-0.00989897083491087,0.35899025201797485,0.22605793178081512,-0.0111740967258811,0.3567967414855957,0.2396257370710373,-0.010495224967598915,0.7384328842163086,0.4053572714328766,-2.449187093134242e-07,0.7151747941970825,0.3798092007637024,-0.006741915829479694,0.7032217383384705,0.33878645300865173,-0.011187816970050335,0.7154430747032166,0.3137764036655426,-0.017413917928934097,0.733173668384552,0.3200104236602783,-0.022040626034140587,0.7104930877685547,0.28535518050193787,0.0013168833684176207,0.707947850227356,0.23547224700450897,-0.010770540684461594,0.7065302133560181,0.26623421907424927,-0.019215447828173637,0.7091872692108154,0.2939477860927582,-0.023724645376205444,0.7261043787002563,0.28262799978256226,-0.001451304298825562,0.7251811027526855,0.2267187088727951,-0.013581077568233013,0.7225207686424255,0.2632698118686676,-0.018283141776919365,0.7236800789833069,0.291506826877594,-0.018922828137874603,0.741828441619873,0.285726934671402,-0.006558668799698353,0.7423698902130127,0.23180623352527618,-0.016154399141669273,0.7379116415977478,0.2629411816596985,-0.015569628216326237,0.7378537058830261,0.29115837812423706,-0.012817032635211945,0.7585235834121704,0.2961164712905884,-0.012976197525858879,0.7576814293861389,0.2560625970363617,-0.01839616149663925,0.7509302496910095,0.273003488779068,-0.01761450059711933,0.7482491135597229,0.2960394322872162,-0.015974121168255806
37,0.3505881726741791,0.33725208044052124,-1.8333857099150919e-07,0.33284586668014526,0.32073062658309937,-0.005040330346673727,0.32434695959091187,0.28597259521484375,-0.007082986179739237,0.3301960229873657,0.25768956542015076,-0.010293401777744293,0.34207582473754883,0.257154256105423,-0.012219990603625774,0.33179840445518494,0.24671316146850586,0.0027452546637505293,0.3318444788455963,0.2078285962343216,-0.005011651199311018,0.3249756991863251,0.21539394557476044,-0.010034101083874702,0.3228762447834015,0.2347058802843094,-0.012106279842555523,0.3418397009372711,0.24477264285087585,0.0016875372966751456,0.3428690731525421,0.20090612769126892,-0.0061646718531847,0.33423542976379395,0.2119293212890625,-0.00906352885067463,0.3324815630912781,0.2342781275510788,-0.008522267453372478,0.35227593779563904,0.24834319949150085,-0.0011659389128908515,0.3534237742424011,0.20750856399536133,-0.008423577062785625,0.34584277868270874,0.21749059855937958,-0.009547127410769463,0.34482380747795105,0.23913703858852386,-0.00773890595883131,0.3636811673641205,0.2563941180706024,-0.004851270467042923,0.36471331119537354,0.2262839525938034,-0.00989897083491087,0.35899025201797485,0.22605793178081512,-0.0111740967258811,0.3567967414855957,0.2396257370710373,-0.010495224967598915,0.7384328842163086,0.4053572714328766,-2.449187093134242e-07,0.7151747941970825,0.3798092007637024,-0.006741915829479694,0.7032217383384705,0.33878645300865173,-0.011187816970050335,0.7154430747032166,0.3137764036655426,-0.017413917928934097,0.733173668384552,0.3200104236602783,-0.022040626034140587,0.7104930877685547,0.28535518050193787,0.0013168833684176207,0.707947850227356,0.23547224700450897,-0.010770540684461594,0.7065302133560181,0.26623421907424927,-0.019215447828173637,0.7091872692108154,0.2939477860927582,-0.023724645376205444,0.7261043787002563,0.28262799978256226,-0.001451304298825562,0.7251811027526855,0.2267187088727951,-0.013581077568233013,0.7225207686424255,0.2632698118686676,-0.018283141776919365,0.7236800789833069,0.291506826877594,-0.018922828137874603,0.741828441619873,0.285726934671402,-0.006558668799698353,0.7423698902130127,0.23180623352527618,-0.016154399141669273,0.7379116415977478,0.2629411816596985,-0.015569628216326237,0.7378537058830261,0.29115837812423706,-0.012817032635211945,0.7585235834121704,0.2961164712905884,-0.012976197525858879,0.7576814293861389,0.2560625970363617,-0.01839616149663925,0.7509302496910095,0.273003488779068,-0.01761450059711933,0.7482491135597229,0.2960394322872162,-0.015974121168255806
38,0.3510589599609375,0.33084866404533386,-1.6684451509263454e-07,0.33351999521255493,0.3167343735694885,-0.004971515387296677,0.3245546817779541,0.2843727767467499,-0.00703115900978446,0.3295535147190094,0.2582422196865082,-0.010230130515992641,0.3407270610332489,0.2556305527687073,-0.012232246808707714,0.3321515619754791,0.24466729164123535,0.0023644031025469303,0.3304905295372009,0.20994146168231964,-0.005477912724018097,0.32369256019592285,0.21562069654464722,-0.01052318885922432,0.3216366469860077,0.2340061366558075,-0.012463669292628765,0.34226474165916443,0.24130195379257202,0.0012593772262334824,0.34163698554039,0.20049282908439636,-0.006668246816843748,0.3332003653049469,0.20908568799495697,-0.00939663965255022,0.33160626888275146,0.23134833574295044,-0.008501038886606693,0.3525722622871399,0.24469411373138428,-0.0016064271330833435,0.353002667427063,0.2068709135055542,-0.009134916588664055,0.3456205129623413,0.21458546817302704,-0.009893191047012806,0.34482309222221375,0.23591700196266174,-0.007474145386368036,0.36363545060157776,0.2533684968948364,-0.005287162959575653,0.36487290263175964,0.22630810737609863,-0.010715479962527752,0.3594718873500824,0.22343917191028595,-0.011941849254071712,0.35731467604637146,0.23495696485042572,-0.010825272649526596,0.7387354969978333,0.405766099691391,-2.360432489467712e-07,0.7153622508049011,0.3802539110183716,-0.006949306465685368,0.7034131288528442,0.3388392925262451,-0.011516057886183262,0.7156343460083008,0.31444594264030457,-0.01784883253276348,0.7332925796508789,0.32172128558158875,-0.022600585594773293,0.7114126086235046,0.2849729657173157,0.0008346876711584628,0.7089447975158691,0.23628605902194977,-0.01126780454069376,0.7076236605644226,0.2675544023513794,-0.01966722123324871,0.7104066610336304,0.29509854316711426,-0.02411780133843422,0.7269027829170227,0.28241848945617676,-0.0019128238782286644,0.7259179353713989,0.22751934826374054,-0.01422183122485876,0.723249077796936,0.26378917694091797,-0.019023774191737175,0.7244824767112732,0.2919510304927826,-0.019602909684181213,0.7425209283828735,0.28585413098335266,-0.006974590010941029,0.7429255247116089,0.2322208136320114,-0.016758296638727188,0.7384738922119141,0.2632991075515747,-0.01631218194961548,0.7384520769119263,0.2917080819606781,-0.013485305942595005,0.7588228583335876,0.2965293526649475,-0.01334883738309145,0.7581853270530701,0.2564873993396759,-0.01890983060002327,0.7514680027961731,0.2724895775318146,-0.018244292587041855,0.7488741278648376,0.29519325494766235,-0.016552353277802467
39,0.3504444360733032,0.3355116844177246,-1.7390945572515193e-07,0.33228543400764465,0.32092633843421936,-0.004131599795073271,0.32432252168655396,0.28658509254455566,-0.0055433460511267185,0.33037373423576355,0.2596258521080017,-0.008144306018948555,0.3414684236049652,0.25806695222854614,-0.00968801137059927,0.3330351412296295,0.24567824602127075,0.003585502039641142,0.3322960436344147,0.21026213467121124,-0.0033982039894908667,0.3252580165863037,0.215115487575531,-0.008525482378900051,0.3227391242980957,0.2326076179742813,-0.010970464907586575,0.3435920178890228,0.24312113225460052,0.0019572169985622168,0.3431759178638458,0.20232950150966644,-0.005221444182097912,0.33471280336380005,0.21021676063537598,-0.008596932515501976,0.33288294076919556,0.2311086803674698,-0.008822782896459103,0.3540070950984955,0.24644356966018677,-0.0013305691536515951,0.3546759784221649,0.20757019519805908,-0.008041865192353725,0.3473675549030304,0.21449652314186096,-0.009695888496935368,0.3462757468223572,0.23504266142845154,-0.008676771074533463,0.3652356266975403,0.25512009859085083,-0.005401168018579483,0.36628836393356323,0.22675293684005737,-0.010337239131331444,0.36094337701797485,0.22362440824508667,-0.011977611109614372,0.3585798442363739,0.23462435603141785,-0.011800229549407959,0.7390875816345215,0.40625590085983276,-2.389191706697602e-07,0.7155588269233704,0.37972915172576904,-0.00675500463694334,0.7033882737159729,0.33872735500335693,-0.011463487520813942,0.7158715724945068,0.3138667941093445,-0.01799601875245571,0.733856737613678,0.32100075483322144,-0.02298588678240776,0.711400032043457,0.2846255302429199,0.0013583957916125655,0.709042489528656,0.23607929050922394,-0.010845852084457874,0.7076616883277893,0.2664957344532013,-0.019553866237401962,0.7103424668312073,0.294244647026062,-0.02425093576312065,0.7269498705863953,0.28216663002967834,-0.0014896973734721541,0.725875198841095,0.22764083743095398,-0.01359898317605257,0.7232349514961243,0.26355910301208496,-0.018463537096977234,0.7244448065757751,0.2918747365474701,-0.019266817718744278,0.7425854802131653,0.28553763031959534,-0.006688294000923634,0.7428457140922546,0.23206034302711487,-0.016281355172395706,0.7385372519493103,0.2632651925086975,-0.015681078657507896,0.7385509610176086,0.2920350134372711,-0.01291998103260994,0.7590699195861816,0.2962455451488495,-0.013207272626459599,0.7579665780067444,0.2564980983734131,-0.01861727610230446,0.7514020800590515,0.2732110619544983,-0.017735790461301804,0.7489112019538879,0.2962055802345276,-0.015980826690793037
40,0.35323983430862427,0.3379357159137726,-1.7436525467928732e-07,0.3342658281326294,0.3236747980117798,-0.004650273360311985,0.325544148683548,0.2891111671924591,-0.005957265384495258,0.3311181664466858,0.2600632607936859,-0.008338081650435925,0.34311968088150024,0.255980521440506,-0.009519997052848339,0.3332750201225281,0.24967926740646362,0.004279656335711479,0.332161009311676,0.21299269795417786,-0.00265651848167181,0.3253486156463623,0.2175537794828415,-0.007868804037570953,0.32324689626693726,0.23468874394893646,-0.010390239767730236,0.3438451886177063,0.246194988489151,0.003062615869566798,0.34355634450912476,0.20364274084568024,-0.004051670897752047,0.33548644185066223,0.211561918258667,-0.007628528866916895,0.33392617106437683,0.23194916546344757,-0.008055810816586018,0.3543015122413635,0.24830105900764465,8.277963934233412e-05,0.35494235157966614,0.20823167264461517,-0.00663865776732564,0.3478781580924988,0.21622438728809357,-0.008434281684458256,0.347038596868515,0.23717568814754486,-0.007597148418426514,0.36587241291999817,0.2555297017097473,-0.003733642864972353,0.3663076162338257,0.226318821310997,-0.008813097141683102,0.36119896173477173,0.2251763939857483,-0.010600528679788113,0.3591994345188141,0.23806068301200867,-0.010591024532914162,0.7390662431716919,0.40628302097320557,-2.3365358003957226e-07,0.7154983878135681,0.3797543942928314,-0.006845063529908657,0.7033880352973938,0.33835282921791077,-0.011384267359972,0.7157274484634399,0.3135327696800232,-0.01772371493279934,0.7335688471794128,0.32108014822006226,-0.02256021648645401,0.7115983963012695,0.2845190167427063,0.0014343394432216883,0.7094208598136902,0.23661236464977264,-0.010389150120317936,0.7076417803764343,0.2673394978046417,-0.018811743706464767,0.7102566957473755,0.2943708300590515,-0.02337874285876751,0.7269946336746216,0.2821134030818939,-0.0013570246519520879,0.7261314392089844,0.22782492637634277,-0.013293249532580376,0.7229157090187073,0.26368749141693115,-0.01809135638177395,0.7242007255554199,0.29174014925956726,-0.0187783595174551,0.7425910234451294,0.2858057916164398,-0.006478116847574711,0.7432669401168823,0.23204514384269714,-0.016122911125421524,0.7382174730300903,0.2632060647010803,-0.01562766171991825,0.7380300164222717,0.29202690720558167,-0.012800435535609722,0.7588317394256592,0.2967066764831543,-0.012903994880616665,0.7583847045898438,0.2565136253833771,-0.018383612856268883,0.7511982321739197,0.2730054557323456,-0.01757393404841423,0.748477578163147,0.2961922585964203,-0.015800001099705696
