frame,feature_0,feature_1,feature_2,feature_3,feature_4,feature_5,feature_6,feature_7,feature_8,feature_9,feature_10,feature_11,feature_12,feature_13,feature_14,feature_15,feature_16,feature_17,feature_18,feature_19,feature_20,feature_21,feature_22,feature_23,feature_24,feature_25,feature_26,feature_27,feature_28,feature_29,feature_30,feature_31,feature_32,feature_33,feature_34,feature_35,feature_36,feature_37,feature_38,feature_39,feature_40,feature_41,feature_42,feature_43,feature_44,feature_45,feature_46,feature_47,feature_48,feature_49,feature_50,feature_51,feature_52,feature_53,feature_54,feature_55,feature_56,feature_57,feature_58,feature_59,feature_60,feature_61,feature_62,feature_63,feature_64,feature_65,feature_66,feature_67,feature_68,feature_69,feature_70,feature_71,feature_72,feature_73,feature_74,feature_75,feature_76,feature_77,feature_78,feature_79,feature_80,feature_81,feature_82,feature_83,feature_84,feature_85,feature_86,feature_87,feature_88,feature_89,feature_90,feature_91,feature_92,feature_93,feature_94,feature_95,feature_96,feature_97,feature_98,feature_99,feature_100,feature_101,feature_102,feature_103,feature_104,feature_105,feature_106,feature_107,feature_108,feature_109,feature_110,feature_111,feature_112,feature_113,feature_114,feature_115,feature_116,feature_117,feature_118,feature_119,feature_120,feature_121,feature_122,feature_123,feature_124,feature_125
1,0.6829941868782043,0.40340644121170044,-2.1834051722180448e-07,0.656707227230072,0.3864450752735138,-0.0054914443753659725,0.6395238637924194,0.3502066135406494,-0.009030533954501152,0.6463322639465332,0.3186594545841217,-0.014453180134296417,0.6650487184524536,0.3212224841117859,-0.018581392243504524,0.6467916369438171,0.299816370010376,0.0024895851965993643,0.642120897769928,0.24915242195129395,-0.008361667394638062,0.6396674513816833,0.26916468143463135,-0.01573953963816166,0.6424445509910583,0.29426103830337524,-0.019442863762378693,0.6604663729667664,0.29424840211868286,-0.00024865951854735613,0.6565760970115662,0.2361593097448349,-0.011420980095863342,0.6529825329780579,0.2640300691127777,-0.015522550791501999,0.6554132103919983,0.2918771803379059,-0.015399415045976639,0.6748530864715576,0.2934717535972595,-0.005119850393384695,0.6723837852478027,0.23779448866844177,-0.0142363877967,0.6678400635719299,0.26384153962135315,-0.013633282855153084,0.6701422333717346,0.29217568039894104,-0.010428293608129025,0.6911008954048157,0.2991975247859955,-0.011152357794344425,0.6876146793365479,0.2575029134750366,-0.016678305342793465,0.6817240715026855,0.2698894739151001,-0.016220223158597946,0.6819099187850952,0.2918368875980377,-0.014427095651626587,0.25976043939590454,0.2892512381076813,-1.8469653184638446e-07,0.24165020883083344,0.27224001288414,-0.0053129494190216064,0.23399309813976288,0.23547139763832092,-0.0069723366759717464,0.2411506474018097,0.20791491866111755,-0.00959318783134222,0.25269731879234314,0.20215660333633423,-0.0108964117243886,0.24110949039459229,0.19849903881549835,0.00048532630898989737,0.24027834832668304,0.16119587421417236,-0.0077642835676670074,0.23405462503433228,0.16720037162303925,-0.012378157116472721,0.23220719397068024,0.18717336654663086,-0.01399416383355856,0.2533856928348541,0.19565410912036896,-0.0005229091621004045,0.2548018991947174,0.1517837941646576,-0.008724827319383621,0.24741384387016296,0.161442369222641,-0.010787555016577244,0.2459484189748764,0.1848803609609604,-0.009589530527591705,0.2656049132347107,0.20062370598316193,-0.0032587165478616953,0.26812756061553955,0.1614609956741333,-0.011401379480957985,0.2608495354652405,0.1713031530380249,-0.01146473828703165,0.25916868448257446,0.19327111542224884,-0.008751672692596912,0.2785174548625946,0.2109958529472351,-0.006801874842494726,0.28119927644729614,0.18315353989601135,-0.013186320662498474,0.2751070559024811,0.18163129687309265,-0.014456961303949356,0.27150389552116394,0.19419820606708527,-0.013448193669319153
2,0.6829941868782043,0.40340644121170044,-2.1834051722180448e-07,0.656707227230072,0.3864450752735138,-0.0054914443753659725,0.6395238637924194,0.3502066135406494,-0.009030533954501152,0.6463322639465332,0.3186594545841217,-0.014453180134296417,0.6650487184524536,0.3212224841117859,-0.018581392243504524,0.6467916369438171,0.299816370010376,0.0024895851965993643,0.642120897769928,0.24915242195129395,-0.008361667394638062,0.6396674513816833,0.26916468143463135,-0.01573953963816166,0.6424445509910583,0.29426103830337524,-0.019442863762378693,0.6604663729667664,0.29424840211868286,-0.00024865951854735613,0.6565760970115662,0.2361593097448349,-0.011420980095863342,0.6529825329780579,0.2640300691127777,-0.015522550791501999,0.6554132103919983,0.2918771803379059,-0.015399415045976639,0.6748530864715576,0.2934717535972595,-0.005119850393384695,0.6723837852478027,0.23779448866844177,-0.0142363877967,0.6678400635719299,0.26384153962135315,-0.013633282855153084,0.6701422333717346,0.29217568039894104,-0.010428293608129025,0.6911008954048157,0.2991975247859955,-0.011152357794344425,0.6876146793365479,0.2575029134750366,-0.016678305342793465,0.6817240715026855,0.2698894739151001,-0.016220223158597946,0.6819099187850952,0.2918368875980377,-0.014427095651626587,0.25976043939590454,0.2892512381076813,-1.8469653184638446e-07,0.24165020883083344,0.27224001288414,-0.0053129494190216064,0.23399309813976288,0.23547139763832092,-0.0069723366759717464,0.2411506474018097,0.20791491866111755,-0.00959318783134222,0.25269731879234314,0.20215660333633423,-0.0108964117243886,0.24110949039459229,0.19849903881549835,0.00048532630898989737,0.24027834832668304,0.16119587421417236,-0.0077642835676670074,0.23405462503433228,0.16720037162303925,-0.012378157116472721,0.23220719397068024,0.18717336654663086,-0.01399416383355856,0.2533856928348541,0.19565410912036896,-0.0005229091621004045,0.2548018991947174,0.1517837941646576,-0.008724827319383621,0.24741384387016296,0.161442369222641,-0.010787555016577244,0.2459484189748764,0.1848803609609604,-0.009589530527591705,0.2656049132347107,0.20062370598316193,-0.0032587165478616953,0.26812756061553955,0.1614609956741333,-0.011401379480957985,0.2608495354652405,0.1713031530380249,-0.01146473828703165,0.25916868448257446,0.19327111542224884,-0.008751672692596912,0.2785174548625946,0.2109958529472351,-0.006801874842494726,0.28119927644729614,0.18315353989601135,-0.013186320662498474,0.2751070559024811,0.18163129687309265,-0.014456961303949356,0.27150389552116394,0.19419820606708527,-0.013448193669319153
3,0.6830986738204956,0.40483152866363525,-2.1956860507543752e-07,0.6567299962043762,0.38696014881134033,-0.006070620846003294,0.6393057703971863,0.35121846199035645,-0.010244622826576233,0.6463215351104736,0.3196539282798767,-0.01618237793445587,0.6654506325721741,0.32349997758865356,-0.02051325887441635,0.6460011601448059,0.2990764081478119,0.0016184768173843622,0.6418722867965698,0.24796894192695618,-0.009686022065579891,0.6401087045669556,0.27157676219940186,-0.017133858054876328,0.6431726217269897,0.29723408818244934,-0.02085007354617119,0.6598894000053406,0.2939543128013611,-0.0009174958686344326,0.6564809679985046,0.23754477500915527,-0.012075359933078289,0.653940737247467,0.2687428891658783,-0.015555592253804207,0.656794011592865,0.29583120346069336,-0.015103978104889393,0.6744124889373779,0.2937628924846649,-0.0056935749016702175,0.6724212169647217,0.23902572691440582,-0.014641361311078072,0.6685270071029663,0.2663002610206604,-0.013232240453362465,0.6708064675331116,0.2938615083694458,-0.009598428383469582,0.6905937194824219,0.3002062439918518,-0.011724394746124744,0.687725841999054,0.25938576459884644,-0.016768809407949448,0.6820632219314575,0.2723870575428009,-0.015755824744701385,0.6819387674331665,0.2941698431968689,-0.01366459671407938,0.2589520514011383,0.3012029528617859,-1.7813702868352266e-07,0.2408180981874466,0.2806294560432434,-0.004779201466590166,0.23353803157806396,0.2401663362979889,-0.0060876840725541115,0.24118421971797943,0.20903414487838745,-0.00831790640950203,0.25407731533050537,0.2066526859998703,-0.00924342405050993,0.2406075894832611,0.20172592997550964,0.002498206216841936,0.24008092284202576,0.163939967751503,-0.005021026358008385,0.23523008823394775,0.16748318076133728,-0.009864367544651031,0.2328995168209076,0.18478497862815857,-0.01184513047337532,0.2533124089241028,0.19873866438865662,0.001395729253999889,0.2544753849506378,0.15421438217163086,-0.006025614682585001,0.24843339622020721,0.16472335159778595,-0.008571566082537174,0.24635864794254303,0.18823836743831635,-0.00788152776658535,0.2660061717033386,0.20375393331050873,-0.0013920834753662348,0.268965482711792,0.16225209832191467,-0.008586383424699306,0.2635785639286041,0.17098484933376312,-0.009276523254811764,0.26142266392707825,0.19263377785682678,-0.0072439988143742085,0.27890872955322266,0.21464788913726807,-0.004949731752276421,0.2805327773094177,0.1861114501953125,-0.010458250530064106,0.27629801630973816,0.18269458413124084,-0.011832473799586296,0.273072749376297,0.19285447895526886,-0.011132175102829933
4,0.6827240586280823,0.40447038412094116,-2.4821346755743434e-07,0.6559958457946777,0.38859695196151733,-0.006519951391965151,0.6387314200401306,0.35113784670829773,-0.01045935694128275,0.6468594074249268,0.31779319047927856,-0.016006670892238617,0.6657068133354187,0.31710654497146606,-0.019821874797344208,0.6446591019630432,0.29856908321380615,0.0008673975244164467,0.6414504647254944,0.24751631915569305,-0.010344686917960644,0.6400332450866699,0.27522891759872437,-0.017248716205358505,0.6431246995925903,0.30181771516799927,-0.020626477897167206,0.6593446135520935,0.2923307716846466,-0.0014296595472842455,0.6562889218330383,0.2352725863456726,-0.012412212789058685,0.6534362435340881,0.2695191502571106,-0.015159779228270054,0.6561301946640015,0.2964557111263275,-0.014375719241797924,0.6743806600570679,0.2917143404483795,-0.006052781827747822,0.6720658540725708,0.2376994788646698,-0.015195544809103012,0.667810320854187,0.26752719283103943,-0.013316895812749863,0.6699042916297913,0.29535290598869324,-0.009479508735239506,0.6910755038261414,0.29799413681030273,-0.011918257921934128,0.6864970326423645,0.2569176256656647,-0.01700042560696602,0.6803569793701172,0.27227896451950073,-0.015743663534522057,0.6799683570861816,0.29521697759628296,-0.013634173199534416,0.2595810890197754,0.3006085753440857,-1.870661918701444e-07,0.24152852594852448,0.27937570214271545,-0.003967113792896271,0.23557844758033752,0.23860296607017517,-0.004745351616293192,0.24514199793338776,0.21049576997756958,-0.006709059234708548,0.2583004832267761,0.2084270417690277,-0.007497753482311964,0.2427363246679306,0.20360791683197021,0.0043024891056120396,0.24275901913642883,0.16556242108345032,-0.002723071724176407,0.2368302196264267,0.1695733666419983,-0.007770569063723087,0.23437733948230743,0.18759067356586456,-0.010077112354338169,0.2548944652080536,0.20118136703968048,0.003035089699551463,0.2574000358581543,0.1562030017375946,-0.003774725366383791,0.25024065375328064,0.16517582535743713,-0.006521074566990137,0.2480885237455368,0.18691299855709076,-0.006378564517945051,0.266408234834671,0.20600730180740356,0.00010831918916665018,0.2704917788505554,0.16342753171920776,-0.006454851012676954,0.2638014554977417,0.17249438166618347,-0.007048189174383879,0.26186078786849976,0.1943591833114624,-0.005433494225144386,0.2789468467235565,0.2169981151819229,-0.0035973316989839077,0.2827332615852356,0.18664203584194183,-0.008551754988729954,0.2779478430747986,0.1846710741519928,-0.009543085470795631,0.2748442590236664,0.19655105471611023,-0.008985881693661213
5,0.6833629012107849,0.40468594431877136,-2.3868290099926526e-07,0.6568928956985474,0.38801437616348267,-0.005849555134773254,0.6391908526420593,0.3515799045562744,-0.009618774987757206,0.6460092067718506,0.3185219466686249,-0.015239863656461239,0.664114773273468,0.31805136799812317,-0.01915617473423481,0.6447424292564392,0.299136221408844,0.0023039295338094234,0.641563355922699,0.24835392832756042,-0.008769109845161438,0.6400206685066223,0.27440497279167175,-0.015686336904764175,0.6428794860839844,0.299822062253952,-0.01902349293231964,0.6591264605522156,0.2931256890296936,-0.0003817874821834266,0.656083881855011,0.23576755821704865,-0.011434482410550117,0.6539449095726013,0.2689797878265381,-0.01446674857288599,0.6568206548690796,0.29548025131225586,-0.013731691986322403,0.6743350028991699,0.2922845780849457,-0.00536127807572484,0.6721318364143372,0.23573073744773865,-0.014599710702896118,0.6686041355133057,0.26582878828048706,-0.012535934336483479,0.6708351969718933,0.2936551570892334,-0.00841478817164898,0.6912405490875244,0.29844045639038086,-0.011534210294485092,0.6872928738594055,0.25606483221054077,-0.01666918210685253,0.6816622614860535,0.27132448554039,-0.015124917961657047,0.6815413236618042,0.29363885521888733,-0.012654784135520458,0.2606997489929199,0.30004680156707764,-1.7997967916016933e-07,0.24227893352508545,0.2789650857448578,-0.005172293167561293,0.23727917671203613,0.23905616998672485,-0.006491880863904953,0.2470318078994751,0.21312996745109558,-0.008433736860752106,0.25798603892326355,0.2099953442811966,-0.008919177576899529,0.2430189847946167,0.20432759821414948,0.000442338379798457,0.2427792251110077,0.16608165204524994,-0.00737346475943923,0.2379935383796692,0.17132622003555298,-0.011851414106786251,0.23619763553142548,0.19113007187843323,-0.013418912887573242,0.2554607391357422,0.20254993438720703,-0.00015298419748432934,0.2575976550579071,0.1559976488351822,-0.007838411256670952,0.25159668922424316,0.16506077349185944,-0.009836354292929173,0.2500905990600586,0.18880833685398102,-0.008801447227597237,0.2677539587020874,0.20863023400306702,-0.002450890839099884,0.2722032964229584,0.16665475070476532,-0.00951398815959692,0.2665494680404663,0.1699538677930832,-0.010474162176251411,0.26402541995048523,0.18773558735847473,-0.008918422274291515,0.2805737555027008,0.22045859694480896,-0.0055223326198756695,0.28563061356544495,0.19325847923755646,-0.011259789578616619,0.28183555603027344,0.1854783445596695,-0.013516156002879143,0.27771055698394775,0.19139109551906586,-0.0136865871027112
6,0.6828084588050842,0.4042043387889862,-2.1538761529882322e-07,0.6569162607192993,0.3875022530555725,-0.005601515527814627,0.639628529548645,0.35102933645248413,-0.009114215150475502,0.6465221047401428,0.319305956363678,-0.01444975659251213,0.6649250984191895,0.32044076919555664,-0.01844857819378376,0.646426260471344,0.29958224296569824,0.0022260225377976894,0.6423457860946655,0.24909618496894836,-0.00847863219678402,0.6402034759521484,0.2701779007911682,-0.015673724934458733,0.6427974700927734,0.2952527105808258,-0.01923476718366146,0.6602696180343628,0.293963760137558,-0.0005349874845705926,0.6565699577331543,0.2364535629749298,-0.011298312805593014,0.65366530418396,0.26506951451301575,-0.0151341138407588,0.6562597751617432,0.29239991307258606,-0.014968931674957275,0.674974262714386,0.29360464215278625,-0.005430332850664854,0.6729300618171692,0.238194540143013,-0.014394520781934261,0.6688032746315002,0.2650286853313446,-0.01353265531361103,0.670904815196991,0.29286375641822815,-0.010280919261276722,0.6914432644844055,0.29990434646606445,-0.01146981306374073,0.6888372898101807,0.2581811249256134,-0.01662314124405384,0.6827897429466248,0.2725904583930969,-0.015571093186736107,0.6824525594711304,0.2954023480415344,-0.013487378135323524,0.26095831394195557,0.3054651618003845,-1.9382473226414731e-07,0.24203427135944366,0.2834186553955078,-0.005116077605634928,0.2373315542936325,0.2401658147573471,-0.005780750419944525,0.2484995722770691,0.21281607449054718,-0.007398858666419983,0.2621757984161377,0.2134300172328949,-0.007660906761884689,0.24354760348796844,0.2058553397655487,0.003453708253800869,0.2432328164577484,0.16623222827911377,-0.004175471607595682,0.2378433644771576,0.17127959430217743,-0.009075324982404709,0.23597583174705505,0.1918567568063736,-0.011005902662873268,0.25612160563468933,0.20317821204662323,0.002884723711758852,0.25806304812431335,0.1557009518146515,-0.004976936150342226,0.2510146498680115,0.16709497570991516,-0.007440018933266401,0.24940994381904602,0.19261255860328674,-0.006462789606302977,0.268068790435791,0.20821024477481842,0.0004454457957763225,0.27216076850891113,0.16403311491012573,-0.007304438855499029,0.2653687000274658,0.17424938082695007,-0.00808990653604269,0.2634485960006714,0.19854873418807983,-0.0059514413587749004,0.2807984948158264,0.21921312808990479,-0.002837504493072629,0.2841506898403168,0.18922217190265656,-0.009240235202014446,0.2799786329269409,0.18701782822608948,-0.011341609992086887,0.2773839235305786,0.19984246790409088,-0.011072053574025631
7,0.6828084588050842,0.4042043387889862,-2.1538761529882322e-07,0.6569162607192993,0.3875022530555725,-0.005601515527814627,0.639628529548645,0.35102933645248413,-0.009114215150475502,0.6465221047401428,0.319305956363678,-0.01444975659251213,0.6649250984191895,0.32044076919555664,-0.01844857819378376,0.646426260471344,0.29958224296569824,0.0022260225377976894,0.6423457860946655,0.24909618496894836,-0.00847863219678402,0.6402034759521484,0.2701779007911682,-0.015673724934458733,0.6427974700927734,0.2952527105808258,-0.01923476718366146,0.6602696180343628,0.293963760137558,-0.0005349874845705926,0.6565699577331543,0.2364535629749298,-0.011298312805593014,0.65366530418396,0.26506951451301575,-0.0151341138407588,0.6562597751617432,0.29239991307258606,-0.014968931674957275,0.674974262714386,0.29360464215278625,-0.005430332850664854,0.6729300618171692,0.238194540143013,-0.014394520781934261,0.6688032746315002,0.2650286853313446,-0.01353265531361103,0.670904815196991,0.29286375641822815,-0.010280919261276722,0.6914432644844055,0.29990434646606445,-0.01146981306374073,0.6888372898101807,0.2581811249256134,-0.01662314124405384,0.6827897429466248,0.2725904583930969,-0.015571093186736107,0.6824525594711304,0.2954023480415344,-0.013487378135323524,0.26095831394195557,0.3054651618003845,-1.9382473226414731e-07,0.24203427135944366,0.2834186553955078,-0.005116077605634928,0.2373315542936325,0.2401658147573471,-0.005780750419944525,0.2484995722770691,0.21281607449054718,-0.007398858666419983,0.2621757984161377,0.2134300172328949,-0.007660906761884689,0.24354760348796844,0.2058553397655487,0.003453708253800869,0.2432328164577484,0.16623222827911377,-0.004175471607595682,0.2378433644771576,0.17127959430217743,-0.009075324982404709,0.23597583174705505,0.1918567568063736,-0.011005902662873268,0.25612160563468933,0.20317821204662323,0.002884723711758852,0.25806304812431335,0.1557009518146515,-0.004976936150342226,0.2510146498680115,0.16709497570991516,-0.007440018933266401,0.24940994381904602,0.19261255860328674,-0.006462789606302977,0.268068790435791,0.20821024477481842,0.0004454457957763225,0.27216076850891113,0.16403311491012573,-0.007304438855499029,0.2653687000274658,0.17424938082695007,-0.00808990653604269,0.2634485960006714,0.19854873418807983,-0.0059514413587749004,0.2807984948158264,0.21921312808990479,-0.002837504493072629,0.2841506898403168,0.18922217190265656,-0.009240235202014446,0.2799786329269409,0.18701782822608948,-0.011341609992086887,0.2773839235305786,0.19984246790409088,-0.011072053574025631
8,0.6830831170082092,0.40368491411209106,-2.1670457783784514e-07,0.6571154594421387,0.38777613639831543,-0.006130803842097521,0.6397874355316162,0.3507438898086548,-0.00971295963972807,0.6466081738471985,0.3184738755226135,-0.014964764937758446,0.6653662919998169,0.3210601210594177,-0.018765784800052643,0.6468093991279602,0.29920127987861633,0.0020647081546485424,0.6429067850112915,0.24873994290828705,-0.008408262394368649,0.6402671337127686,0.2708783447742462,-0.015255180187523365,0.6426355242729187,0.2957976460456848,-0.018690872937440872,0.6606062650680542,0.29362478852272034,-0.00037266171420924366,0.6571621298789978,0.2360556423664093,-0.010998311452567577,0.6537641882896423,0.2654850482940674,-0.014392795972526073,0.6560540795326233,0.2926172912120819,-0.013895965181291103,0.6751832365989685,0.29340893030166626,-0.005017576273530722,0.673331081867218,0.23825812339782715,-0.013970136642456055,0.6688215732574463,0.26547911763191223,-0.012880099937319756,0.6706353425979614,0.29309892654418945,-0.009445942007005215,0.69161456823349,0.29982560873031616,-0.010861704126000404,0.6889492869377136,0.2583029568195343,-0.01622459478676319,0.6828187108039856,0.27328506112098694,-0.015285532921552658,0.6824281215667725,0.2965664863586426,-0.01324030663818121,0.26070255041122437,0.3036593198776245,-1.8991843830917787e-07,0.24251891672611237,0.2837601602077484,-0.005420221481472254,0.23616211116313934,0.24103233218193054,-0.007011703681200743,0.2458401769399643,0.21142630279064178,-0.00946702528744936,0.2595643401145935,0.21120703220367432,-0.010568228550255299,0.24390767514705658,0.20523104071617126,0.0017960083205252886,0.24404461681842804,0.16616903245449066,-0.006009768694639206,0.23805540800094604,0.17019283771514893,-0.011073976755142212,0.23531121015548706,0.1891690194606781,-0.013247735798358917,0.2561935484409332,0.2028575837612152,0.0010516999755054712,0.2584918737411499,0.15584930777549744,-0.0065525127574801445,0.25083762407302856,0.16529050469398499,-0.009005018509924412,0.24843159317970276,0.18916314840316772,-0.008391347713768482,0.268127977848053,0.20817597210407257,-0.0014492961345240474,0.2725493907928467,0.16370631754398346,-0.008751675486564636,0.2655332684516907,0.1712779551744461,-0.009457472711801529,0.2630244493484497,0.19343021512031555,-0.007611074019223452,0.28065961599349976,0.21947892010211945,-0.00482327351346612,0.2843268811702728,0.18822604417800903,-0.010442799888551235,0.2794751822948456,0.18503983318805695,-0.01198550034314394,0.27589190006256104,0.19721156358718872,-0.011618591845035553
9,0.6828625202178955,0.403746634721756,-2.092035202849729e-07,0.6573816537857056,0.3898136615753174,-0.006132235750555992,0.6397383213043213,0.35202860832214355,-0.009990821592509747,0.6473916172981262,0.3199833631515503,-0.01537923514842987,0.6672589182853699,0.32020241022109985,-0.019406383857131004,0.6467447876930237,0.29781949520111084,-5.080034679849632e-05,0.6426712870597839,0.24753302335739136,-0.01084563322365284,0.6410343647003174,0.2697114646434784,-0.018027517944574356,0.6437856554985046,0.2963690757751465,-0.02165895514190197,0.6609776020050049,0.29241910576820374,-0.0025986977852880955,0.6575347185134888,0.23650485277175903,-0.013127874583005905,0.6551223397254944,0.26574277877807617,-0.016864312812685966,0.6574762463569641,0.2936977446079254,-0.016801638528704643,0.6754035353660583,0.2930236756801605,-0.007166876457631588,0.6733226776123047,0.23825892806053162,-0.015969451516866684,0.6697912216186523,0.26454854011535645,-0.015327385626733303,0.6718648076057434,0.2925373613834381,-0.012456203810870647,0.6913548707962036,0.30036234855651855,-0.012831425294280052,0.6881189346313477,0.25987228751182556,-0.018464449793100357,0.6827443242073059,0.2733396589756012,-0.017930466681718826,0.6826082468032837,0.29565685987472534,-0.01623847894370556,0.2610238492488861,0.30539631843566895,-1.7252399686640274e-07,0.24216794967651367,0.2849796414375305,-0.0056560346856713295,0.23560503125190735,0.2418861985206604,-0.006908077746629715,0.24563167989253998,0.21134378015995026,-0.008820543065667152,0.2595134973526001,0.2092156559228897,-0.00936660636216402,0.24294841289520264,0.20637427270412445,0.002717451425269246,0.24229973554611206,0.16885623335838318,-0.004586189519613981,0.2367989718914032,0.16903483867645264,-0.00963559653609991,0.23411884903907776,0.18465876579284668,-0.011857954785227776,0.2556215524673462,0.20285986363887787,0.0023389142006635666,0.25741103291511536,0.15691156685352325,-0.004305875860154629,0.2505195438861847,0.16128437221050262,-0.006722525227814913,0.24753600358963013,0.18241888284683228,-0.006236210931092501,0.2676334083080292,0.20781520009040833,0.00010524273238843307,0.27168312668800354,0.1654648780822754,-0.006513215135782957,0.26573026180267334,0.16667231917381287,-0.007559568155556917,0.2629673480987549,0.1845800131559372,-0.006121988873928785,0.2802022695541382,0.2196188122034073,-0.003013467416167259,0.283310204744339,0.19071945548057556,-0.008142972365021706,0.27954474091529846,0.18446315824985504,-0.009781613014638424,0.27630817890167236,0.1930960863828659,-0.009510249830782413
10,0.6829874515533447,0.40291517972946167,-2.113973920359058e-07,0.6570844650268555,0.389286607503891,-0.0060362787917256355,0.6391670107841492,0.35232603549957275,-0.009680425748229027,0.6462906002998352,0.3194431960582733,-0.01482218038290739,0.6661059260368347,0.31820812821388245,-0.0185244120657444,0.6462199091911316,0.29855427145957947,0.0005329154664650559,0.6425697207450867,0.24849338829517365,-0.010071790777146816,0.640788733959198,0.27128520607948303,-0.017029162496328354,0.6434156894683838,0.2971545457839966,-0.020534370094537735,0.6602919101715088,0.2930016815662384,-0.0018501051235944033,0.6569375395774841,0.2363487035036087,-0.01236514002084732,0.6545441746711731,0.265591025352478,-0.01588691584765911,0.657004177570343,0.292929083108902,-0.015592927113175392,0.6747951507568359,0.2931748032569885,-0.006274254992604256,0.6725984811782837,0.23829399049282074,-0.015148538164794445,0.6691530346870422,0.264527291059494,-0.014284421689808369,0.6712805032730103,0.2919802665710449,-0.011139030568301678,0.6908657550811768,0.30022993683815,-0.011794493533670902,0.6874809861183167,0.25921630859375,-0.017516791820526123,0.6823153495788574,0.27300700545310974,-0.016964782029390335,0.682411253452301,0.295360803604126,-0.015173069201409817,0.25999653339385986,0.2926717698574066,-1.7895762027819728e-07,0.24186021089553833,0.2735912799835205,-0.005346149206161499,0.23532038927078247,0.23632138967514038,-0.006762292236089706,0.24358060956001282,0.2107338309288025,-0.009085779078304768,0.2546277940273285,0.20514462888240814,-0.009980258531868458,0.2413228303194046,0.1983165442943573,0.0007672916399315,0.24129487574100494,0.16095545887947083,-0.007561875507235527,0.23536422848701477,0.16609279811382294,-0.01231906097382307,0.23306193947792053,0.18588674068450928,-0.013906191103160381,0.2539733052253723,0.19619551301002502,-8.116895332932472e-05,0.25588977336883545,0.15206150710582733,-0.00845711212605238,0.24900701642036438,0.16066013276576996,-0.010669063776731491,0.24713154137134552,0.18450944125652313,-0.009439670480787754,0.266381174325943,0.20213744044303894,-0.0027137291617691517,0.26966139674186707,0.1627582609653473,-0.010935710743069649,0.2631307542324066,0.17095158994197845,-0.01124546304345131,0.26120319962501526,0.19269418716430664,-0.008610074408352375,0.27932611107826233,0.21378210186958313,-0.006159491371363401,0.28334787487983704,0.1869351714849472,-0.012813185341656208,0.2784920036792755,0.1831759214401245,-0.01451302133500576,0.2750054895877838,0.1935940533876419,-0.013715256005525589
11,0.6829874515533447,0.40291517972946167,-2.113973920359058e-07,0.6570844650268555,0.389286607503891,-0.0060362787917256355,0.6391670107841492,0.35232603549957275,-0.009680425748229027,0.6462906002998352,0.3194431960582733,-0.01482218038290739,0.6661059260368347,0.31820812821388245,-0.0185244120657444,0.6462199091911316,0.29855427145957947,0.0005329154664650559,0.6425697207450867,0.24849338829517365,-0.010071790777146816,0.640788733959198,0.27128520607948303,-0.017029162496328354,0.6434156894683838,0.2971545457839966,-0.020534370094537735,0.6602919101715088,0.2930016815662384,-0.0018501051235944033,0.6569375395774841,0.2363487035036087,-0.01236514002084732,0.6545441746711731,0.265591025352478,-0.01588691584765911,0.657004177570343,0.292929083108902,-0.015592927113175392,0.6747951507568359,0.2931748032569885,-0.006274254992604256,0.6725984811782837,0.23829399049282074,-0.015148538164794445,0.6691530346870422,0.264527291059494,-0.014284421689808369,0.6712805032730103,0.2919802665710449,-0.011139030568301678,0.6908657550811768,0.30022993683815,-0.011794493533670902,0.6874809861183167,0.25921630859375,-0.017516791820526123,0.6823153495788574,0.27300700545310974,-0.016964782029390335,0.682411253452301,0.295360803604126,-0.015173069201409817,0.25999653339385986,0.2926717698574066,-1.7895762027819728e-07,0.24186021089553833,0.2735912799835205,-0.005346149206161499,0.23532038927078247,0.23632138967514038,-0.006762292236089706,0.24358060956001282,0.2107338309288025,-0.009085779078304768,0.2546277940273285,0.20514462888240814,-0.009980258531868458,0.2413228303194046,0.1983165442943573,0.0007672916399315,0.24129487574100494,0.16095545887947083,-0.007561875507235527,0.23536422848701477,0.16609279811382294,-0.01231906097382307,0.23306193947792053,0.18588674068450928,-0.013906191103160381,0.2539733052253723,0.19619551301002502,-8.116895332932472e-05,0.25588977336883545,0.15206150710582733,-0.00845711212605238,0.24900701642036438,0.16066013276576996,-0.010669063776731491,0.24713154137134552,0.18450944125652313,-0.009439670480787754,0.266381174325943,0.20213744044303894,-0.0027137291617691517,0.26966139674186707,0.1627582609653473,-0.010935710743069649,0.2631307542324066,0.17095158994197845,-0.01124546304345131,0.26120319962501526,0.19269418716430664,-0.008610074408352375,0.27932611107826233,0.21378210186958313,-0.006159491371363401,0.28334787487983704,0.1869351714849472,-0.012813185341656208,0.2784920036792755,0.1831759214401245,-0.01451302133500576,0.2750054895877838,0.1935940533876419,-0.013715256005525589
12,0.6840457916259766,0.4044967591762543,-2.2175885305841803e-07,0.6578550934791565,0.39040252566337585,-0.0063002826645970345,0.6396434307098389,0.35457727313041687,-0.009717553853988647,0.6459696292877197,0.32145392894744873,-0.014682772569358349,0.664546549320221,0.3187650740146637,-0.01807379722595215,0.6462728977203369,0.30094286799430847,0.0020324105862528086,0.6422317624092102,0.25095832347869873,-0.008398951031267643,0.6399704813957214,0.27278777956962585,-0.015186683274805546,0.6425728797912598,0.2973625361919403,-0.018581224605441093,0.6601265072822571,0.29450175166130066,-0.00012011240323772654,0.6559880971908569,0.23788580298423767,-0.010801190510392189,0.6530686616897583,0.2673470377922058,-0.014249306172132492,0.6557228565216064,0.2938920855522156,-0.013824839144945145,0.6747537851333618,0.2936956584453583,-0.004500807728618383,0.6723019480705261,0.23962277173995972,-0.013638868927955627,0.668214738368988,0.2671177089214325,-0.012483669444918633,0.6702741384506226,0.29437124729156494,-0.009011861868202686,0.6915207505226135,0.2996448576450348,-0.010048545897006989,0.6881120204925537,0.25924593210220337,-0.015566268935799599,0.6821842789649963,0.2738361656665802,-0.014735233969986439,0.6820011734962463,0.2956349551677704,-0.012745494954288006,0.25974518060684204,0.2883703112602234,-1.7639501947996905e-07,0.24195866286754608,0.27082163095474243,-0.005728981923311949,0.23459003865718842,0.23567771911621094,-0.007953504100441933,0.24229390919208527,0.2101573646068573,-0.010941985994577408,0.2537800669670105,0.20330552756786346,-0.0126417251303792,0.24140645563602448,0.19768287241458893,-0.001368178753182292,0.24140655994415283,0.16095931828022003,-0.009940692223608494,0.23526310920715332,0.16474062204360962,-0.014760777354240417,0.2327015995979309,0.18296083807945251,-0.016553325578570366,0.2537133991718292,0.19527700543403625,-0.0022300207056105137,0.25576120615005493,0.15080496668815613,-0.010774730704724789,0.24878336489200592,0.15974432229995728,-0.013060440309345722,0.24688611924648285,0.18345436453819275,-0.012125699780881405,0.26584386825561523,0.20143114030361176,-0.004723636899143457,0.26907724142074585,0.16136620938777924,-0.012769954279065132,0.26264849305152893,0.16932237148284912,-0.012969901785254478,0.26080822944641113,0.19050806760787964,-0.010606374591588974,0.27859562635421753,0.21358557045459747,-0.00802476704120636,0.28235697746276855,0.186935693025589,-0.014528334140777588,0.2775646150112152,0.1833975464105606,-0.01613459549844265,0.2743331789970398,0.19343900680541992,-0.015485180541872978
13,0.6840401291847229,0.40626269578933716,-2.286660674144514e-07,0.657936155796051,0.3918648958206177,-0.006315434351563454,0.639851450920105,0.35501188039779663,-0.009931240230798721,0.6460354924201965,0.3210426867008209,-0.0151484664529562,0.6639219522476196,0.3193628489971161,-0.01871633157134056,0.6460766196250916,0.2994980812072754,0.0018519880250096321,0.6420437097549438,0.25032317638397217,-0.008785462938249111,0.6402063965797424,0.275745153427124,-0.015567620284855366,0.6428754925727844,0.3011457324028015,-0.018941866233944893,0.6604394316673279,0.293796569108963,-0.0006485811318270862,0.6564642190933228,0.23711955547332764,-0.011703157797455788,0.6537349224090576,0.2690342962741852,-0.015263875015079975,0.6562264561653137,0.2959055006504059,-0.014837967231869698,0.6752519011497498,0.2938827574253082,-0.005384416319429874,0.6727290153503418,0.23851357400417328,-0.014863654039800167,0.6688116788864136,0.26726996898651123,-0.013713069260120392,0.6710017323493958,0.2949379086494446,-0.010146424174308777,0.6921620965003967,0.3010382652282715,-0.011286696419119835,0.6887696981430054,0.2590899169445038,-0.017076315358281136,0.6830956935882568,0.27366602420806885,-0.01631411537528038,0.6831288933753967,0.29560908675193787,-0.0143088698387146,0.2600722014904022,0.29240068793296814,-1.712698178835126e-07,0.24113063514232635,0.27350926399230957,-0.005340831354260445,0.2342868447303772,0.23658111691474915,-0.00682535395026207,0.2429211139678955,0.20980718731880188,-0.009106406942009926,0.25454655289649963,0.20428958535194397,-0.01007781084626913,0.239701509475708,0.19996735453605652,0.00048754061572253704,0.2389925718307495,0.1614159345626831,-0.007367994636297226,0.2344248741865158,0.16502681374549866,-0.011928938329219818,0.23322197794914246,0.18348583579063416,-0.013574480079114437,0.2525714337825775,0.1971200555562973,-0.00023815862368792295,0.2539002299308777,0.1524975597858429,-0.008013591170310974,0.24848930537700653,0.1619180142879486,-0.010376304388046265,0.247863307595253,0.18571296334266663,-0.009573607705533504,0.26510748267173767,0.20225279033184052,-0.002632623305544257,0.26751354336738586,0.1625005006790161,-0.010090085677802563,0.26215028762817383,0.17035964131355286,-0.010724899359047413,0.26108139753341675,0.19182828068733215,-0.00873055774718523,0.278128981590271,0.2129531353712082,-0.0058110374957323074,0.2806457281112671,0.1848820596933365,-0.01172566507011652,0.2763434946537018,0.18148885667324066,-0.013346254825592041,0.27347826957702637,0.19251681864261627,-0.012814396061003208
14,0.6848129630088806,0.406217098236084,-2.363112656666999e-07,0.6582115292549133,0.392047256231308,-0.006773447152227163,0.6401239037513733,0.3566425144672394,-0.010611050762236118,0.6463624835014343,0.32196271419525146,-0.016009684652090073,0.6643864512443542,0.3178465962409973,-0.01972362771630287,0.645706832408905,0.30358654260635376,0.0015750655438750982,0.6420398950576782,0.25328779220581055,-0.00932824332267046,0.6404803991317749,0.2773081064224243,-0.016351526603102684,0.6432677507400513,0.30245280265808105,-0.01989586278796196,0.6600580215454102,0.2966952323913574,-0.0006039508734829724,0.6567884683609009,0.23800109326839447,-0.011525849811732769,0.6544157862663269,0.2698418200016022,-0.015072937123477459,0.6569186449050903,0.2962610721588135,-0.014898999594151974,0.6750656366348267,0.29554569721221924,-0.005075644236057997,0.6728794574737549,0.2393590807914734,-0.014178718440234661,0.6693434715270996,0.26770511269569397,-0.01283320877701044,0.671333372592926,0.29452723264694214,-0.009467454627156258,0.6919680237770081,0.30163460969924927,-0.01079337578266859,0.6882286667823792,0.2601201832294464,-0.015943005681037903,0.6830974221229553,0.2741422653198242,-0.014984910376369953,0.6830441355705261,0.29524990916252136,-0.01316117960959673,0.2596174478530884,0.29019951820373535,-1.743925253094858e-07,0.24139316380023956,0.27360257506370544,-0.005345864221453667,0.23453694581985474,0.23834142088890076,-0.0068256133235991,0.2420513927936554,0.21279048919677734,-0.009111210703849792,0.25250279903411865,0.20459099113941193,-0.010018878616392612,0.24050018191337585,0.20148621499538422,-7.118047506082803e-05,0.24006085097789764,0.1633227914571762,-0.008432144299149513,0.23480623960494995,0.16710351407527924,-0.012874990701675415,0.2331101894378662,0.1856803148984909,-0.014151799492537975,0.252900093793869,0.19869355857372284,-0.00084895477630198,0.25474265217781067,0.1525617092847824,-0.009441708214581013,0.24811382591724396,0.1618502289056778,-0.011447269469499588,0.24645450711250305,0.18618349730968475,-0.009857509285211563,0.2651894688606262,0.20421373844146729,-0.0032980479300022125,0.26765429973602295,0.16383293271064758,-0.011576888151466846,0.2615349292755127,0.17240679264068604,-0.011533529497683048,0.26030537486076355,0.19416023790836334,-0.008527621626853943,0.2781456410884857,0.2150900959968567,-0.00649886904284358,0.28202131390571594,0.18755106627941132,-0.013017737306654453,0.27723556756973267,0.18293742835521698,-0.01436952967196703,0.27376970648765564,0.19233696162700653,-0.01324644684791565
15,0.6848129630088806,0.406217098236084,-2.363112656666999e-07,0.6582115292549133,0.392047256231308,-0.006773447152227163,0.6401239037513733,0.3566425144672394,-0.010611050762236118,0.6463624835014343,0.32196271419525146,-0.016009684652090073,0.6643864512443542,0.3178465962409973,-0.01972362771630287,0.645706832408905,0.30358654260635376,0.0015750655438750982,0.6420398950576782,0.25328779220581055,-0.00932824332267046,0.6404803991317749,0.2773081064224243,-0.016351526603102684,0.6432677507400513,0.30245280265808105,-0.01989586278796196,0.6600580215454102,0.2966952323913574,-0.0006039508734829724,0.6567884683609009,0.23800109326839447,-0.011525849811732769,0.6544157862663269,0.2698418200016022,-0.015072937123477459,0.6569186449050903,0.2962610721588135,-0.014898999594151974,0.6750656366348267,0.29554569721221924,-0.005075644236057997,0.6728794574737549,0.2393590807914734,-0.014178718440234661,0.6693434715270996,0.26770511269569397,-0.01283320877701044,0.671333372592926,0.29452723264694214,-0.009467454627156258,0.6919680237770081,0.30163460969924927,-0.01079337578266859,0.6882286667823792,0.2601201832294464,-0.015943005681037903,0.6830974221229553,0.2741422653198242,-0.014984910376369953,0.6830441355705261,0.29524990916252136,-0.01316117960959673,0.2596174478530884,0.29019951820373535,-1.743925253094858e-07,0.24139316380023956,0.27360257506370544,-0.005345864221453667,0.23453694581985474,0.23834142088890076,-0.0068256133235991,0.2420513927936554,0.21279048919677734,-0.009111210703849792,0.25250279903411865,0.20459099113941193,-0.010018878616392612,0.24050018191337585,0.20148621499538422,-7.118047506082803e-05,0.24006085097789764,0.1633227914571762,-0.008432144299149513,0.23480623960494995,0.16710351407527924,-0.012874990701675415,0.2331101894378662,0.1856803148984909,-0.014151799492537975,0.252900093793869,0.19869355857372284,-0.00084895477630198,0.25474265217781067,0.1525617092847824,-0.009441708214581013,0.24811382591724396,0.1618502289056778,-0.011447269469499588,0.24645450711250305,0.18618349730968475,-0.009857509285211563,0.2651894688606262,0.20421373844146729,-0.0032980479300022125,0.26765429973602295,0.16383293271064758,-0.011576888151466846,0.2615349292755127,0.17240679264068604,-0.011533529497683048,0.26030537486076355,0.19416023790836334,-0.008527621626853943,0.2781456410884857,0.2150900959968567,-0.00649886904284358,0.28202131390571594,0.18755106627941132,-0.013017737306654453,0.27723556756973267,0.18293742835521698,-0.01436952967196703,0.27376970648765564,0.19233696162700653,-0.01324644684791565
16,0.683286190032959,0.4070909023284912,-2.3828380335544352e-07,0.6570695638656616,0.39153674244880676,-0.007223807275295258,0.6396743655204773,0.355640709400177,-0.011467384174466133,0.6472570300102234,0.3221609592437744,-0.017181219533085823,0.6655309200286865,0.3187588155269623,-0.021181337535381317,0.6455786228179932,0.30075007677078247,0.0004785328346770257,0.6420973539352417,0.24954819679260254,-0.010413415729999542,0.6406279802322388,0.27443087100982666,-0.017359575256705284,0.6431328654289246,0.3003184199333191,-0.020901739597320557,0.6602710485458374,0.2948238253593445,-0.0014745958615094423,0.6571749448776245,0.23768779635429382,-0.012243108823895454,0.654528021812439,0.2706841826438904,-0.015608428046107292,0.6567546129226685,0.2980280816555023,-0.01542118564248085,0.6754859089851379,0.2948607802391052,-0.0057179853320121765,0.6730622053146362,0.24034708738327026,-0.014543888159096241,0.6689031720161438,0.2691560387611389,-0.013208909891545773,0.6705557107925415,0.29672861099243164,-0.009976721368730068,0.6923616528511047,0.30193325877189636,-0.01125325821340084,0.6880063414573669,0.262021541595459,-0.016466006636619568,0.6821556687355042,0.2752758860588074,-0.015814844518899918,0.6815445423126221,0.29609671235084534,-0.014217909425497055,0.2604735791683197,0.28683555126190186,-1.833582103927256e-07,0.24259865283966064,0.2697503864765167,-0.005177030339837074,0.23540730774402618,0.23602594435214996,-0.007092757150530815,0.2438250184059143,0.21138989925384521,-0.009696396067738533,0.25571122765541077,0.20647619664669037,-0.010855116881430149,0.24171803891658783,0.1985694020986557,1.7742695490596816e-05,0.24020199477672577,0.16270099580287933,-0.007503279019147158,0.2352788746356964,0.16921725869178772,-0.011939672753214836,0.2336861938238144,0.18927963078022003,-0.013629426248371601,0.2542904317378998,0.19441302120685577,-0.0006639491184614599,0.2541346549987793,0.15111976861953735,-0.007992199622094631,0.24857115745544434,0.16134145855903625,-0.010048660449683666,0.24745002388954163,0.18527007102966309,-0.00923576857894659,0.26670315861701965,0.1992885172367096,-0.002915823133662343,0.2682707607746124,0.16113819181919098,-0.009569092653691769,0.2631949782371521,0.1677132546901703,-0.009873548522591591,0.2619422972202301,0.1875951737165451,-0.008012790232896805,0.27974802255630493,0.21137769520282745,-0.005945485085248947,0.2815167009830475,0.18823058903217316,-0.011049725115299225,0.2772451639175415,0.18485072255134583,-0.012474178336560726,0.2743339240550995,0.1943010538816452,-0.01201449055224657
17,0.6837267875671387,0.4058387875556946,-2.325998167407306e-07,0.6572651863098145,0.39118239283561707,-0.007928582839667797,0.6396270394325256,0.3546333312988281,-0.012054461054503918,0.6479239463806152,0.3213120102882385,-0.01745535060763359,0.6672853827476501,0.3203721046447754,-0.021035514771938324,0.6457104682922363,0.3011573851108551,0.00013295248209033161,0.6422919631004333,0.2503959834575653,-0.0107772471383214,0.640754222869873,0.2751053273677826,-0.01761082001030445,0.6430529356002808,0.30081361532211304,-0.021014733240008354,0.6605405807495117,0.29527342319488525,-0.001208096626214683,0.657649576663971,0.23854544758796692,-0.01217681635171175,0.6548407673835754,0.27160438895225525,-0.015442515723407269,0.6570134162902832,0.29884350299835205,-0.015007506124675274,0.6756587028503418,0.2954406440258026,-0.004907306749373674,0.6740613579750061,0.24085070192813873,-0.013965170830488205,0.6697943806648254,0.268820196390152,-0.01272027101367712,0.67144376039505,0.295829176902771,-0.009316690266132355,0.692398726940155,0.3027031421661377,-0.00995898898690939,0.6894828081130981,0.26224881410598755,-0.015335364267230034,0.6838823556900024,0.2731328010559082,-0.014966791495680809,0.683255672454834,0.2919653356075287,-0.013440048322081566,0.25900837779045105,0.29420799016952515,-1.7668676832727215e-07,0.2409329116344452,0.2757307291030884,-0.004518459551036358,0.23431524634361267,0.23781713843345642,-0.005587446969002485,0.24242539703845978,0.2107412964105606,-0.0075470092706382275,0.25340455770492554,0.20635156333446503,-0.008091913536190987,0.24091652035713196,0.20211593806743622,0.0013819161104038358,0.24038995802402496,0.16580313444137573,-0.006025918293744326,0.23478955030441284,0.16776329278945923,-0.010358179919421673,0.23259548842906952,0.18390889465808868,-0.01198806706815958,0.2533082962036133,0.19930076599121094,0.00035977925290353596,0.25474482774734497,0.15494215488433838,-0.007213755510747433,0.24790075421333313,0.1619107574224472,-0.009262866340577602,0.24574358761310577,0.18456168472766876,-0.0082056550309062,0.2655193507671356,0.2050691694021225,-0.0022845156490802765,0.26842090487480164,0.1657104194164276,-0.009266371838748455,0.2625284790992737,0.16866548359394073,-0.009843450970947742,0.2604394555091858,0.1866234987974167,-0.007894285023212433,0.2783556282520294,0.21723909676074982,-0.005711446050554514,0.28346168994903564,0.19273196160793304,-0.010918304324150085,0.27914494276046753,0.18353837728500366,-0.01277424767613411,0.27483001351356506,0.18802103400230408,-0.012638673186302185
18,0.6832617521286011,0.40501415729522705,-2.3593526066179038e-07,0.6575222611427307,0.39161139726638794,-0.007162563968449831,0.6402851343154907,0.35534384846687317,-0.011136372573673725,0.6474973559379578,0.32260459661483765,-0.016536464914679527,0.6659190058708191,0.32163524627685547,-0.020122697576880455,0.6457680463790894,0.30102184414863586,0.0005797636113129556,0.6424039602279663,0.2502211928367615,-0.010440480895340443,0.6412267684936523,0.2772796154022217,-0.01720128208398819,0.6440522074699402,0.30295947194099426,-0.020511267706751823,0.6603704690933228,0.29510393738746643,-0.0013490995625033975,0.6575757265090942,0.2377864420413971,-0.01239792350679636,0.6551958918571472,0.27190712094306946,-0.015504950657486916,0.6574711203575134,0.29858827590942383,-0.014801818877458572,0.6752752065658569,0.29498183727264404,-0.005587687250226736,0.6734668016433716,0.23998594284057617,-0.014715641736984253,0.6695501804351807,0.26888370513916016,-0.013139842078089714,0.6712067723274231,0.29562196135520935,-0.009392949752509594,0.6919041275978088,0.3018451929092407,-0.011102435179054737,0.6882768869400024,0.26071733236312866,-0.016487253829836845,0.6826507449150085,0.2739937901496887,-0.015692848712205887,0.6820337176322937,0.29457101225852966,-0.01376316137611866,0.2590947151184082,0.29870447516441345,-1.7554212661252677e-07,0.24122361838817596,0.2814173102378845,-0.006222676020115614,0.2343887835741043,0.24058377742767334,-0.008048838004469872,0.24373985826969147,0.2118173986673355,-0.010605000890791416,0.25728940963745117,0.20913365483283997,-0.011836695484817028,0.23931583762168884,0.2042675018310547,0.00011486277799122036,0.23786620795726776,0.1669616401195526,-0.008666811510920525,0.2327316701412201,0.17093035578727722,-0.013885434716939926,0.23145292699337006,0.1913139969110489,-0.015840696170926094,0.25204965472221375,0.20083771646022797,-0.0005537309916689992,0.2528534531593323,0.15470564365386963,-0.009118643589317799,0.24621190130710602,0.1633705049753189,-0.01176981907337904,0.24513769149780273,0.18824273347854614,-0.011005016043782234,0.26465070247650146,0.20583473145961761,-0.003063204698264599,0.2675403952598572,0.16497164964675903,-0.011736458167433739,0.2612572908401489,0.17416010797023773,-0.012751776725053787,0.2601224482059479,0.197823166847229,-0.010670093819499016,0.2777943015098572,0.21659046411514282,-0.0064333961345255375,0.28055301308631897,0.18627093732357025,-0.01338249072432518,0.2755560576915741,0.1840323954820633,-0.015309708192944527,0.27261579036712646,0.1974601000547409,-0.01483161561191082
19,0.6841674447059631,0.4061275124549866,-2.4036421564233024e-07,0.6578381657600403,0.39170461893081665,-0.006783552933484316,0.6404999494552612,0.3561584949493408,-0.010614974424242973,0.6477970480918884,0.3232623040676117,-0.015997620299458504,0.6658982038497925,0.3197523057460785,-0.01968727633357048,0.6462945342063904,0.30296623706817627,0.0011680133175104856,0.6428229212760925,0.25283876061439514,-0.00989652518182993,0.6416909694671631,0.27851295471191406,-0.016871478408575058,0.6443934440612793,0.3046625256538391,-0.0202513188123703,0.6608260273933411,0.2968807816505432,-0.0009024619939737022,0.6578928828239441,0.23985996842384338,-0.012060243636369705,0.6557938456535339,0.27344754338264465,-0.015584963373839855,0.6582666635513306,0.30059075355529785,-0.015239531174302101,0.6758030652999878,0.2964705228805542,-0.0052459510043263435,0.6738137602806091,0.2412550300359726,-0.014571771025657654,0.6701482534408569,0.27008363604545593,-0.013240453787147999,0.6720707416534424,0.2973663806915283,-0.009671343490481377,0.6926325559616089,0.30314189195632935,-0.010806821286678314,0.6893196105957031,0.2608979046344757,-0.016117142513394356,0.683811366558075,0.27387192845344543,-0.01517955120652914,0.6831781268119812,0.2945929169654846,-0.013201816938817501,0.2596425712108612,0.2919461727142334,-1.631158283998957e-07,0.24193115532398224,0.2753819525241852,-0.005735216196626425,0.2348954975605011,0.2384585440158844,-0.007207977119833231,0.24308697879314423,0.2115304321050644,-0.009437164291739464,0.25404155254364014,0.2060864120721817,-0.010309327393770218,0.23962323367595673,0.20210565626621246,-0.00028120505157858133,0.2383309006690979,0.1671929508447647,-0.008278386667370796,0.23351016640663147,0.16852867603302002,-0.012622238136827946,0.23233257234096527,0.1855311393737793,-0.014050771482288837,0.25259846448898315,0.1987893283367157,-0.0009128608508035541,0.25388452410697937,0.1542196273803711,-0.009064935147762299,0.2480190396308899,0.16043347120285034,-0.011062714271247387,0.2468726634979248,0.1836138814687729,-0.009818562306463718,0.2653431296348572,0.2042633593082428,-0.0032227826304733753,0.2681320011615753,0.16575618088245392,-0.011296122334897518,0.26278582215309143,0.1738397479057312,-0.01147578377276659,0.2618529796600342,0.19558198750019073,-0.008827018551528454,0.2783358693122864,0.21582366526126862,-0.006345625035464764,0.2820683419704437,0.18839116394519806,-0.01260395534336567,0.2772752046585083,0.18507841229438782,-0.014007946476340294,0.2740921676158905,0.1960977166891098,-0.013134556822478771
20,0.6843637824058533,0.4077952206134796,-2.4790909947114415e-07,0.6579369902610779,0.39338016510009766,-0.006984661798924208,0.6408836841583252,0.3562590181827545,-0.010906406678259373,0.6487174034118652,0.3224209249019623,-0.01629643514752388,0.6672537922859192,0.3206312358379364,-0.0199226476252079,0.6462165117263794,0.3026558756828308,0.0005810781149193645,0.6425902843475342,0.2516072392463684,-0.010514914058148861,0.6415237188339233,0.278515100479126,-0.017507562413811684,0.6442884206771851,0.3045817017555237,-0.021026702597737312,0.660849392414093,0.296380877494812,-0.001455513876862824,0.6575623750686646,0.23933975398540497,-0.012165446765720844,0.6554408669471741,0.27436450123786926,-0.015047000721096992,0.6579262614250183,0.3009052872657776,-0.014466792345046997,0.6760139465332031,0.2959027588367462,-0.005805031396448612,0.6738709807395935,0.2418481409549713,-0.01464723888784647,0.6698569655418396,0.2721174359321594,-0.012712845578789711,0.6714814305305481,0.2989439070224762,-0.008984480053186417,0.6929507851600647,0.30236467719078064,-0.011443231254816055,0.689083993434906,0.2613028287887573,-0.016324933618307114,0.6831247210502625,0.27634334564208984,-0.015009780414402485,0.682339072227478,0.2977530062198639,-0.012952090241014957,0.25984957814216614,0.2931869626045227,-1.7667180429725704e-07,0.24247322976589203,0.27490296959877014,-0.005076069384813309,0.2350672036409378,0.2374468445777893,-0.006883102934807539,0.24334260821342468,0.21088042855262756,-0.009492883458733559,0.2555966377258301,0.20834898948669434,-0.010718433186411858,0.24083156883716583,0.19985799491405487,-0.00042707560351118445,0.23952925205230713,0.16378392279148102,-0.008107139728963375,0.23504136502742767,0.17054995894432068,-0.01240244135260582,0.23408055305480957,0.18982142210006714,-0.014094351790845394,0.2535439431667328,0.19753387570381165,-0.0015104163903743029,0.25410544872283936,0.15234684944152832,-0.009233672171831131,0.2485222965478897,0.16361373662948608,-0.011149787344038486,0.24804022908210754,0.18701818585395813,-0.010258299298584461,0.2658334970474243,0.2037038654088974,-0.004130691755563021,0.2685215473175049,0.1647767424583435,-0.011648411862552166,0.2635924518108368,0.17479071021080017,-0.012056409381330013,0.26254990696907043,0.19530534744262695,-0.01006082259118557,0.278333455324173,0.21609385311603546,-0.007509387563914061,0.28271955251693726,0.1902208924293518,-0.013264329172670841,0.27873003482818604,0.18440958857536316,-0.014970775693655014,0.27536579966545105,0.1906183511018753,-0.014794093556702137
21,0.6843637824058533,0.4077952206134796,-2.4790909947114415e-07,0.6579369902610779,0.39338016510009766,-0.006984661798924208,0.6408836841583252,0.3562590181827545,-0.010906406678259373,0.6487174034118652,0.3224209249019623,-0.01629643514752388,0.6672537922859192,0.3206312358379364,-0.0199226476252079,0.6462165117263794,0.3026558756828308,0.0005810781149193645,0.6425902843475342,0.2516072392463684,-0.010514914058148861,0.6415237188339233,0.278515100479126,-0.017507562413811684,0.6442884206771851,0.3045817017555237,-0.021026702597737312,0.660849392414093,0.296380877494812,-0.001455513876862824,0.6575623750686646,0.23933975398540497,-0.012165446765720844,0.6554408669471741,0.27436450123786926,-0.015047000721096992,0.6579262614250183,0.3009052872657776,-0.014466792345046997,0.6760139465332031,0.2959027588367462,-0.005805031396448612,0.6738709807395935,0.2418481409549713,-0.01464723888784647,0.6698569655418396,0.2721174359321594,-0.012712845578789711,0.6714814305305481,0.2989439070224762,-0.008984480053186417,0.6929507851600647,0.30236467719078064,-0.011443231254816055,0.689083993434906,0.2613028287887573,-0.016324933618307114,0.6831247210502625,0.27634334564208984,-0.015009780414402485,0.682339072227478,0.2977530062198639,-0.012952090241014957,0.25984957814216614,0.2931869626045227,-1.7667180429725704e-07,0.24247322976589203,0.27490296959877014,-0.005076069384813309,0.2350672036409378,0.2374468445777893,-0.006883102934807539,0.24334260821342468,0.21088042855262756,-0.009492883458733559,0.2555966377258301,0.20834898948669434,-0.010718433186411858,0.24083156883716583,0.19985799491405487,-0.00042707560351118445,0.23952925205230713,0.16378392279148102,-0.008107139728963375,0.23504136502742767,0.17054995894432068,-0.01240244135260582,0.23408055305480957,0.18982142210006714,-0.014094351790845394,0.2535439431667328,0.19753387570381165,-0.0015104163903743029,0.25410544872283936,0.15234684944152832,-0.009233672171831131,0.2485222965478897,0.16361373662948608,-0.011149787344038486,0.24804022908210754,0.18701818585395813,-0.010258299298584461,0.2658334970474243,0.2037038654088974,-0.004130691755563021,0.2685215473175049,0.1647767424583435,-0.011648411862552166,0.2635924518108368,0.17479071021080017,-0.012056409381330013,0.26254990696907043,0.19530534744262695,-0.01006082259118557,0.278333455324173,0.21609385311603546,-0.007509387563914061,0.28271955251693726,0.1902208924293518,-0.013264329172670841,0.27873003482818604,0.18440958857536316,-0.014970775693655014,0.27536579966545105,0.1906183511018753,-0.014794093556702137
22,0.6830626130104065,0.40943947434425354,-2.2014233991285437e-07,0.6570826172828674,0.3917181193828583,-0.006489827763289213,0.6399129629135132,0.355373740196228,-0.01029195450246334,0.647318422794342,0.32104259729385376,-0.01573399268090725,0.6659690737724304,0.3220963776111603,-0.01945193111896515,0.6460199952125549,0.30130624771118164,0.002197815105319023,0.6428614258766174,0.25152772665023804,-0.008252356201410294,0.6418054699897766,0.2762882113456726,-0.015046407468616962,0.6442655324935913,0.30123308300971985,-0.01847824640572071,0.6605391502380371,0.29567018151283264,-1.7973685316974297e-05,0.6577335596084595,0.23992706835269928,-0.01043406967073679,0.6555914878845215,0.27267470955848694,-0.01354918908327818,0.657930850982666,0.298759788274765,-0.013131831772625446,0.6752824783325195,0.29618972539901733,-0.004544520750641823,0.6740376353263855,0.24193648993968964,-0.013093101792037487,0.6702424883842468,0.27071258425712585,-0.011543868109583855,0.6719692945480347,0.29781144857406616,-0.008021587505936623,0.6915796399116516,0.304043173789978,-0.01036863587796688,0.6898835301399231,0.26314663887023926,-0.015281056985259056,0.6842209696769714,0.27549058198928833,-0.014425418339669704,0.6831105947494507,0.29562845826148987,-0.012601799331605434,0.2601272463798523,0.30172011256217957,-1.7663117546362628e-07,0.2418377548456192,0.2819346785545349,-0.005264095962047577,0.23579198122024536,0.24102938175201416,-0.00634662015363574,0.24550694227218628,0.2121783345937729,-0.00827456172555685,0.2584151029586792,0.20860524475574493,-0.008839921094477177,0.2412213683128357,0.20485198497772217,0.00241491524502635,0.23995128273963928,0.16663677990436554,-0.005219245795160532,0.23518744111061096,0.17110151052474976,-0.010202999226748943,0.2334757149219513,0.19023719429969788,-0.012264283373951912,0.253933846950531,0.20086781680583954,0.0017344742082059383,0.25488948822021484,0.1547781080007553,-0.005508964881300926,0.24921824038028717,0.16499391198158264,-0.00787082314491272,0.24808675050735474,0.1881401538848877,-0.007214447949081659,0.265912801027298,0.20541143417358398,-0.0007088716956786811,0.2686620056629181,0.16399003565311432,-0.008039215579628944,0.2633722424507141,0.17542675137519836,-0.008371809497475624,0.2624153792858124,0.19842268526554108,-0.006234363652765751,0.27847275137901306,0.21621359884738922,-0.004003225360065699,0.28189384937286377,0.18742181360721588,-0.0098641999065876,0.27789294719696045,0.1862187534570694,-0.011146175675094128,0.27527421712875366,0.19832134246826172,-0.010466717183589935
23,0.6832140684127808,0.4098537564277649,-2.2470199212420994e-07,0.6570320129394531,0.3915879428386688,-0.006339003797620535,0.6400890350341797,0.3550604283809662,-0.010016116313636303,0.6483866572380066,0.32083508372306824,-0.015388312749564648,0.6674154996871948,0.3229275047779083,-0.019098300486803055,0.6452739834785461,0.3021876811981201,0.0024626164231449366,0.6417781710624695,0.2528550922870636,-0.007966388948261738,0.641302764415741,0.27711719274520874,-0.015001759864389896,0.6441911458969116,0.3025003671646118,-0.01862952671945095,0.6598487496376038,0.29593679308891296,0.0003117979213129729,0.6568175554275513,0.24053186178207397,-0.010072627104818821,0.6549949049949646,0.2728360593318939,-0.013451332226395607,0.6576005816459656,0.2993767261505127,-0.01328492071479559,0.6747481822967529,0.2958970367908478,-0.004136835690587759,0.6730794906616211,0.2415924221277237,-0.012679718434810638,0.6695528626441956,0.2693459391593933,-0.01173658948391676,0.6715795993804932,0.29673343896865845,-0.008648153394460678,0.6911664009094238,0.3031653165817261,-0.009856285527348518,0.6886773109436035,0.26263099908828735,-0.01467587985098362,0.6832526326179504,0.2739521265029907,-0.014214655384421349,0.6824341416358948,0.2940897047519684,-0.012751754373311996,0.2599358856678009,0.29469195008277893,-1.7057801926512184e-07,0.2419758439064026,0.27488067746162415,-0.005175814498215914,0.23504869639873505,0.23960384726524353,-0.006679711397737265,0.24283885955810547,0.21270406246185303,-0.00910787284374237,0.25442805886268616,0.20434413850307465,-0.010118567384779453,0.24050535261631012,0.2027331292629242,0.0007148498552851379,0.23932437598705292,0.16540281474590302,-0.007705338764935732,0.23453035950660706,0.168836772441864,-0.01237549539655447,0.23327705264091492,0.18727709352970123,-0.013865981251001358,0.2532268762588501,0.20042943954467773,-0.0003368714533280581,0.2552764117717743,0.15476588904857635,-0.00901571474969387,0.24955976009368896,0.16403427720069885,-0.011475377716124058,0.24843832850456238,0.18796150386333466,-0.010438348166644573,0.2656165063381195,0.2063855081796646,-0.0030951614025980234,0.2695871591567993,0.16541026532649994,-0.011631813831627369,0.26374778151512146,0.17350149154663086,-0.011992424726486206,0.2619641125202179,0.1953982710838318,-0.00932173803448677,0.2785467207431793,0.21828186511993408,-0.006606425624340773,0.28404080867767334,0.18825247883796692,-0.013208790682256222,0.278964638710022,0.18368130922317505,-0.014655974693596363,0.27450835704803467,0.19460512697696686,-0.01369123999029398
24,0.683280348777771,0.4090993404388428,-2.2443892078172212e-07,0.6572906970977783,0.39210936427116394,-0.007675006054341793,0.6393653154373169,0.3572946786880493,-0.012345819734036922,0.6467689871788025,0.323518306016922,-0.018405504524707794,0.665852427482605,0.32144880294799805,-0.02269572578370571,0.6454785466194153,0.3031461238861084,0.00026929230079986155,0.6424039006233215,0.25297811627388,-0.010621546767652035,0.6412901282310486,0.2774920165538788,-0.017719704657793045,0.6436314582824707,0.3034815490245819,-0.021382400766015053,0.6599607467651367,0.2969592809677124,-0.0013360759476199746,0.6568475961685181,0.24054095149040222,-0.011994421482086182,0.6547161936759949,0.27343520522117615,-0.015330598689615726,0.6570907235145569,0.3006312847137451,-0.01521790586411953,0.6748890280723572,0.29695308208465576,-0.005285377614200115,0.6729558706283569,0.2420007884502411,-0.014117563143372536,0.6692901849746704,0.27056366205215454,-0.012961549684405327,0.6711300611495972,0.2983477711677551,-0.009793625213205814,0.6913859844207764,0.3043023943901062,-0.010562635958194733,0.6879457235336304,0.2637120187282562,-0.015786031261086464,0.6825753450393677,0.27540352940559387,-0.015388033352792263,0.6818050146102905,0.29542335867881775,-0.013954784721136093,0.2601308226585388,0.3033680319786072,-1.8584222516437876e-07,0.24175618588924408,0.28267794847488403,-0.004848899319767952,0.23562666773796082,0.2412848323583603,-0.005849737208336592,0.2449485808610916,0.2124602198600769,-0.007823938503861427,0.25768744945526123,0.21004916727542877,-0.008398275822401047,0.24157509207725525,0.20525076985359192,0.002078393707051873,0.24067413806915283,0.1660119593143463,-0.005952791776508093,0.23557670414447784,0.17028434574604034,-0.010759749449789524,0.23390604555606842,0.1901354193687439,-0.0125278290361166,0.25419583916664124,0.20287317037582397,0.0010930203134194016,0.2559146285057068,0.15491071343421936,-0.00692330626770854,0.24914748966693878,0.16442133486270905,-0.009183702990412712,0.24749229848384857,0.1888790875673294,-0.008114809170365334,0.26638567447662354,0.20866400003433228,-0.0016324371099472046,0.2700183093547821,0.16596390306949615,-0.009499947540462017,0.26343685388565063,0.17465762794017792,-0.01004638709127903,0.26146718859672546,0.19730013608932495,-0.007755893748253584,0.279132217168808,0.22043296694755554,-0.005157683975994587,0.2834125757217407,0.19092833995819092,-0.011567400768399239,0.27896764874458313,0.18652507662773132,-0.013464124873280525,0.2755063772201538,0.19729581475257874,-0.013049590401351452
25,0.6820663213729858,0.41081368923187256,-2.270612213806089e-07,0.6560196876525879,0.3926158547401428,-0.006104863714426756,0.6403427124023438,0.35579073429107666,-0.009875058196485043,0.6481447815895081,0.3236198425292969,-0.015432188287377357,0.6653912663459778,0.32261982560157776,-0.01945018209517002,0.6455194354057312,0.3040253520011902,0.0020811380818486214,0.6423547267913818,0.25471723079681396,-0.008663642220199108,0.6413682103157043,0.2792842984199524,-0.0158906951546669,0.6443207263946533,0.305031955242157,-0.019558705389499664,0.6599488258361816,0.29829174280166626,-0.0004910941352136433,0.6572932600975037,0.24124088883399963,-0.011465031653642654,0.6549107432365417,0.2727473974227905,-0.015482964925467968,0.657280445098877,0.30013221502304077,-0.015652218833565712,0.6747124195098877,0.2982611358165741,-0.005265998654067516,0.6731704473495483,0.24247446656227112,-0.014172352850437164,0.6691803932189941,0.2697867751121521,-0.013294858857989311,0.6710584163665771,0.2977556884288788,-0.01025404129177332,0.6912029385566711,0.30520498752593994,-0.011271363124251366,0.6886160373687744,0.2635134756565094,-0.016228722408413887,0.6827885508537292,0.27578461170196533,-0.015514278784394264,0.6820681691169739,0.2969256043434143,-0.013893417082726955,0.2588144540786743,0.29872119426727295,-1.7538465613142762e-07,0.24114415049552917,0.27805668115615845,-0.004810900893062353,0.23494961857795715,0.2389635145664215,-0.006111862137913704,0.2438354790210724,0.211229145526886,-0.008335933089256287,0.25565779209136963,0.2060612589120865,-0.009243618696928024,0.24126577377319336,0.20388850569725037,0.0016176188364624977,0.2414572536945343,0.16690200567245483,-0.0064277034252882,0.23612633347511292,0.16848206520080566,-0.011231981217861176,0.2337300330400467,0.18543389439582825,-0.013024818152189255,0.2538091242313385,0.201628640294075,0.0005105325835756958,0.25622043013572693,0.1557188779115677,-0.007448606658726931,0.24947848916053772,0.1631157249212265,-0.009870889596641064,0.24730634689331055,0.18620312213897705,-0.009074359200894833,0.2661025822162628,0.20772844552993774,-0.0022984198294579983,0.2700205147266388,0.16665804386138916,-0.010138780809938908,0.26359444856643677,0.1723930835723877,-0.010983086191117764,0.26117101311683655,0.19273394346237183,-0.009026949293911457,0.27887269854545593,0.2199755311012268,-0.005844104569405317,0.28385427594184875,0.19062238931655884,-0.01196741871535778,0.2788386344909668,0.18600332736968994,-0.013602114282548428,0.27449628710746765,0.19641812145709991,-0.013088951818645
26,0.6820663213729858,0.41081368923187256,-2.270612213806089e-07,0.6560196876525879,0.3926158547401428,-0.006104863714426756,0.6403427124023438,0.35579073429107666,-0.009875058196485043,0.6481447815895081,0.3236198425292969,-0.015432188287377357,0.6653912663459778,0.32261982560157776,-0.01945018209517002,0.6455194354057312,0.3040253520011902,0.0020811380818486214,0.6423547267913818,0.25471723079681396,-0.008663642220199108,0.6413682103157043,0.2792842984199524,-0.0158906951546669,0.6443207263946533,0.305031955242157,-0.019558705389499664,0.6599488258361816,0.29829174280166626,-0.0004910941352136433,0.6572932600975037,0.24124088883399963,-0.011465031653642654,0.6549107432365417,0.2727473974227905,-0.015482964925467968,0.657280445098877,0.30013221502304077,-0.015652218833565712,0.6747124195098877,0.2982611358165741,-0.005265998654067516,0.6731704473495483,0.24247446656227112,-0.014172352850437164,0.6691803932189941,0.2697867751121521,-0.013294858857989311,0.6710584163665771,0.2977556884288788,-0.01025404129177332,0.6912029385566711,0.30520498752593994,-0.011271363124251366,0.6886160373687744,0.2635134756565094,-0.016228722408413887,0.6827885508537292,0.27578461170196533,-0.015514278784394264,0.6820681691169739,0.2969256043434143,-0.013893417082726955,0.2588144540786743,0.29872119426727295,-1.7538465613142762e-07,0.24114415049552917,0.27805668115615845,-0.004810900893062353,0.23494961857795715,0.2389635145664215,-0.006111862137913704,0.2438354790210724,0.211229145526886,-0.008335933089256287,0.25565779209136963,0.2060612589120865,-0.009243618696928024,0.24126577377319336,0.20388850569725037,0.0016176188364624977,0.2414572536945343,0.16690200567245483,-0.0064277034252882,0.23612633347511292,0.16848206520080566,-0.011231981217861176,0.2337300330400467,0.18543389439582825,-0.013024818152189255,0.2538091242313385,0.201628640294075,0.0005105325835756958,0.25622043013572693,0.1557188779115677,-0.007448606658726931,0.24947848916053772,0.1631157249212265,-0.009870889596641064,0.24730634689331055,0.18620312213897705,-0.009074359200894833,0.2661025822162628,0.20772844552993774,-0.0022984198294579983,0.2700205147266388,0.16665804386138916,-0.010138780809938908,0.26359444856643677,0.1723930835723877,-0.010983086191117764,0.26117101311683655,0.19273394346237183,-0.009026949293911457,0.27887269854545593,0.2199755311012268,-0.005844104569405317,0.28385427594184875,0.19062238931655884,-0.01196741871535778,0.2788386344909668,0.18600332736968994,-0.013602114282548428,0.27449628710746765,0.19641812145709991,-0.013088951818645
27,0.6830518245697021,0.4102846384048462,-2.2732676541181718e-07,0.6567444801330566,0.39307963848114014,-0.006279486697167158,0.6398782730102539,0.3566732108592987,-0.00986291654407978,0.6475309133529663,0.32347285747528076,-0.015173583291471004,0.6662508249282837,0.32190215587615967,-0.01897069625556469,0.6457551121711731,0.3051448166370392,0.0021201479248702526,0.641770601272583,0.2550922930240631,-0.008316840045154095,0.6402140855789185,0.27926090359687805,-0.015214530751109123,0.6430403590202332,0.30493849515914917,-0.018699198961257935,0.6600229144096375,0.2989199459552765,-0.0002823537797667086,0.6565937399864197,0.24125422537326813,-0.011176149360835552,0.6537473797798157,0.2723143398761749,-0.015119246207177639,0.656111478805542,0.29976987838745117,-0.015157005749642849,0.6745904088020325,0.2984880208969116,-0.004890935495495796,0.6725180149078369,0.24271133542060852,-0.014007102698087692,0.6682576537132263,0.27018243074417114,-0.013355445116758347,0.6701527833938599,0.29832324385643005,-0.010333151556551456,0.6908348798751831,0.30515068769454956,-0.0107080964371562,0.687760055065155,0.2633104622364044,-0.016192998737096786,0.6817700862884521,0.2766555845737457,-0.015771007165312767,0.6811285018920898,0.2988590896129608,-0.014203071594238281,0.2585207223892212,0.29133981466293335,-1.8027594705927186e-07,0.24108070135116577,0.2732357978820801,-0.0056250146590173244,0.2349291741847992,0.23903150856494904,-0.007176646031439304,0.2435397505760193,0.21309199929237366,-0.009309816174209118,0.25463539361953735,0.20559141039848328,-0.009953178465366364,0.24058333039283752,0.2018672674894333,-0.0005673859850503504,0.2405783236026764,0.1656198650598526,-0.008464062586426735,0.23601442575454712,0.16959546506404877,-0.012689569965004921,0.2343922108411789,0.18874576687812805,-0.014047774486243725,0.253322958946228,0.19967332482337952,-0.0010332843521609902,0.2544654607772827,0.15401147305965424,-0.009304730221629143,0.2490481734275818,0.16416260600090027,-0.011354847811162472,0.2481829673051834,0.18900513648986816,-0.010235375724732876,0.26578688621520996,0.20557522773742676,-0.003111196681857109,0.2688884139060974,0.16606934368610382,-0.011227584443986416,0.2644173502922058,0.17519932985305786,-0.011642439290881157,0.26381656527519226,0.19741742312908173,-0.009348283521831036,0.2786632180213928,0.217185378074646,-0.0059282961301505566,0.2825934886932373,0.19054266810417175,-0.012519932352006435,0.27835994958877563,0.18873126804828644,-0.014297033660113811,0.2753860354423523,0.20073653757572174,-0.013762849383056164
28,0.6812740564346313,0.4104873538017273,-2.120182927001224e-07,0.6559246778488159,0.39200112223625183,-0.006381410639733076,0.6390537619590759,0.35676953196525574,-0.010658668354153633,0.6462220549583435,0.3259415626525879,-0.016749287024140358,0.6646855473518372,0.3248167634010315,-0.021508822217583656,0.6459010243415833,0.30443960428237915,0.0012954412959516048,0.6419100165367126,0.255699098110199,-0.010108338668942451,0.63972008228302,0.2804410457611084,-0.017841415479779243,0.6423565745353699,0.3055061399936676,-0.021757667884230614,0.6598497629165649,0.2991388142108917,-0.001556502771563828,0.6561493277549744,0.24156086146831512,-0.013044695369899273,0.6527360081672668,0.27096861600875854,-0.017445120960474014,0.6549943089485168,0.2978804409503937,-0.017685897648334503,0.6745162606239319,0.299272358417511,-0.006650835275650024,0.672307014465332,0.24296577274799347,-0.01630130410194397,0.6678547263145447,0.27003586292266846,-0.01598796434700489,0.6697361469268799,0.2980990707874298,-0.0130136264488101,0.690830409526825,0.305948942899704,-0.012926250696182251,0.6876410841941833,0.2637699544429779,-0.018540598452091217,0.6812084913253784,0.277924507856369,-0.017859427258372307,0.6804490089416504,0.300738126039505,-0.015997495502233505,0.2589484751224518,0.29195231199264526,-1.887533329636426e-07,0.24133388698101044,0.27341917157173157,-0.0046507143415510654,0.23492038249969482,0.23770175874233246,-0.005771096795797348,0.24305711686611176,0.21197381615638733,-0.007648680824786425,0.25397050380706787,0.20567941665649414,-0.008275807835161686,0.2410932183265686,0.20162822306156158,0.0002452174376230687,0.24042434990406036,0.1656353771686554,-0.007247996516525745,0.23534423112869263,0.16860297322273254,-0.01133936457335949,0.23377645015716553,0.18685489892959595,-0.01274091750383377,0.2538614869117737,0.1991485208272934,-0.0007468103431165218,0.25476884841918945,0.153697669506073,-0.008593323640525341,0.24861526489257812,0.16200870275497437,-0.010631623677909374,0.24735556542873383,0.18599094450473785,-0.009609999135136604,0.2664499580860138,0.20531392097473145,-0.003255309071391821,0.2693352699279785,0.16517837345600128,-0.010940282605588436,0.26436784863471985,0.17222023010253906,-0.011461669579148293,0.26356878876686096,0.1934654861688614,-0.009405422024428844,0.2793983817100525,0.21759039163589478,-0.006398732308298349,0.2818886935710907,0.18991537392139435,-0.01264007668942213,0.27755725383758545,0.1872832179069519,-0.014259319752454758,0.2752116620540619,0.1987382024526596,-0.013718926347792149
29,0.6824656128883362,0.41031578183174133,-2.212884311347807e-07,0.6562790870666504,0.3931872844696045,-0.006276396568864584,0.638909101486206,0.35675230622291565,-0.010031224228441715,0.645870566368103,0.32439833879470825,-0.015540181659162045,0.6641612648963928,0.3232465088367462,-0.019560962915420532,0.6453282237052917,0.3045547604560852,0.0018068929202854633,0.6413601636886597,0.25515660643577576,-0.009074743837118149,0.6397915482521057,0.2798246741294861,-0.016293343156576157,0.6426007747650146,0.3051678240299225,-0.019924063235521317,0.6596018075942993,0.29898056387901306,-0.0008049346506595612,0.6562417149543762,0.24105708301067352,-0.01206807792186737,0.6533568501472473,0.27182939648628235,-0.01612323336303234,0.6556209921836853,0.2989751696586609,-0.016128091141581535,0.674187421798706,0.2990019917488098,-0.005645206198096275,0.6724156737327576,0.24242591857910156,-0.015042440965771675,0.6680428981781006,0.2695571780204773,-0.014362375251948833,0.6697313189506531,0.29769816994667053,-0.01118665374815464,0.6904581189155579,0.3059290051460266,-0.011691196821630001,0.6874667406082153,0.26322486996650696,-0.017314795404672623,0.6811220049858093,0.2757899761199951,-0.01678251475095749,0.6801539063453674,0.29766708612442017,-0.01504798699170351,0.25857701897621155,0.2880793511867523,-1.7773589888747665e-07,0.24164265394210815,0.2710587680339813,-0.00539372256025672,0.23472189903259277,0.2380790412425995,-0.007524286862462759,0.24241119623184204,0.21348929405212402,-0.010201014578342438,0.2538847327232361,0.20578020811080933,-0.011598136276006699,0.24123349785804749,0.19953040778636932,-0.0015113127883523703,0.2397122085094452,0.1643652766942978,-0.009654615074396133,0.23456645011901855,0.16823354363441467,-0.014362985268235207,0.23293763399124146,0.18736517429351807,-0.01612680032849312,0.2536332905292511,0.1975252330303192,-0.0022297119721770287,0.2544695734977722,0.15241959691047668,-0.010314928367733955,0.24806705117225647,0.15981119871139526,-0.01267311442643404,0.24644313752651215,0.18268784880638123,-0.01204755250364542,0.26594895124435425,0.20384669303894043,-0.004445353057235479,0.2694493234157562,0.16412299871444702,-0.011997321620583534,0.26348447799682617,0.1680898815393448,-0.01273027341812849,0.2613663375377655,0.186115100979805,-0.011052589863538742,0.2786811292171478,0.2167089581489563,-0.007333576213568449,0.28167134523391724,0.18984454870224,-0.013231364078819752,0.2775106728076935,0.18655243515968323,-0.014728860929608345,0.27473685145378113,0.1968296766281128,-0.014254300855100155
30,0.6823423504829407,0.4104807674884796,-2.1418614437607175e-07,0.6561124324798584,0.39312127232551575,-0.006385316606611013,0.6387198567390442,0.35682767629623413,-0.010203892365098,0.6458590626716614,0.32335275411605835,-0.015757886692881584,0.6646988391876221,0.3200835883617401,-0.01979687623679638,0.6456882357597351,0.30450981855392456,0.002071909373626113,0.6415897011756897,0.25517550110816956,-0.00907509308308363,0.6399381160736084,0.27889004349708557,-0.016436884179711342,0.6434212327003479,0.30395546555519104,-0.020101942121982574,0.659771203994751,0.2986258268356323,-0.0005253935814835131,0.6564514636993408,0.24050000309944153,-0.012074092403054237,0.6533836722373962,0.270745187997818,-0.016019659116864204,0.6562045216560364,0.29762324690818787,-0.01582876406610012,0.6742193698883057,0.29840201139450073,-0.005436745006591082,0.6725387573242188,0.24147871136665344,-0.015176287852227688,0.6681123971939087,0.26928091049194336,-0.014122183434665203,0.6704437136650085,0.2971898317337036,-0.010551197454333305,0.6904678344726562,0.3052296042442322,-0.011570761911571026,0.6878693699836731,0.26252707839012146,-0.01718783937394619,0.681733250617981,0.27611222863197327,-0.016319923102855682,0.6814103722572327,0.2981191873550415,-0.014298210851848125,0.25862637162208557,0.2978948652744293,-1.9366092374184518e-07,0.24012230336666107,0.27932438254356384,-0.0038981465622782707,0.23316863179206848,0.24033582210540771,-0.00417687464505434,0.2408238798379898,0.21093037724494934,-0.005492871627211571,0.2525339722633362,0.20400260388851166,-0.005500533152371645,0.24166768789291382,0.20584680140018463,0.004320352803915739,0.2401135265827179,0.16795235872268677,-0.0027507401537150145,0.23429979383945465,0.16743838787078857,-0.007423583883792162,0.23190085589885712,0.18217693269252777,-0.009179352782666683,0.25366827845573425,0.2023133784532547,0.003297989722341299,0.25430503487586975,0.1576640009880066,-0.0032749411184340715,0.24724619090557098,0.16197937726974487,-0.0053799753077328205,0.24501897394657135,0.18169336020946503,-0.004514309577643871,0.2652319669723511,0.20656682550907135,0.0005766249378211796,0.26722702383995056,0.16515792906284332,-0.006198173854500055,0.26060840487480164,0.171476349234581,-0.005954987835139036,0.25926387310028076,0.19282729923725128,-0.0032804033253341913,0.277883917093277,0.217194065451622,-0.00290015060454607,0.2810363471508026,0.18642577528953552,-0.00813974067568779,0.27546021342277527,0.18331262469291687,-0.008576699532568455,0.2718622386455536,0.19601254165172577,-0.007081802003085613
31,0.6821922063827515,0.4099561870098114,-2.2644039177066588e-07,0.655803918838501,0.39264869689941406,-0.006278533488512039,0.6381694078445435,0.356679767370224,-0.010131092742085457,0.6445752382278442,0.32366394996643066,-0.015811681747436523,0.6627395749092102,0.3235657811164856,-0.02005358785390854,0.6455881595611572,0.303824782371521,0.0019634284544736147,0.6417592167854309,0.25373998284339905,-0.009055597707629204,0.6395376324653625,0.2779492139816284,-0.016301188617944717,0.6419437527656555,0.30340227484703064,-0.019899042323231697,0.6595144867897034,0.2985369861125946,-0.0007050778949633241,0.6558152437210083,0.2395397126674652,-0.012146743014454842,0.6527343392372131,0.2704414129257202,-0.016216743737459183,0.6552046537399292,0.298029363155365,-0.01618889719247818,0.6739954948425293,0.2985381484031677,-0.005644258111715317,0.6721038818359375,0.24125787615776062,-0.01524278149008751,0.667818009853363,0.2689656913280487,-0.014676741324365139,0.6696619391441345,0.2976177930831909,-0.01152440533041954,0.6903570890426636,0.30529746413230896,-0.011790599673986435,0.6874151229858398,0.2617562413215637,-0.017428189516067505,0.6812310814857483,0.27494630217552185,-0.016925441101193428,0.680366039276123,0.297533243894577,-0.015228799544274807,0.2578127384185791,0.2840425670146942,-1.9424365405029675e-07,0.24057061970233917,0.2669287621974945,-0.0037648326251655817,0.23276597261428833,0.23606611788272858,-0.00529741495847702,0.23839648067951202,0.2103355973958969,-0.007734257727861404,0.24797965586185455,0.2009998857975006,-0.00887683779001236,0.2395545393228531,0.19556769728660583,0.0010581911774352193,0.23790618777275085,0.1592102348804474,-0.006612108089029789,0.23162941634655,0.16343338787555695,-0.011115611530840397,0.22888535261154175,0.18259239196777344,-0.012664229609072208,0.2516328692436218,0.1931370198726654,-0.0003805853775702417,0.25192052125930786,0.148909792304039,-0.007908285595476627,0.24533335864543915,0.15749286115169525,-0.010006211698055267,0.2436256855726242,0.18044158816337585,-0.00908746663480997,0.26387840509414673,0.1990767866373062,-0.0032386186067014933,0.2654880881309509,0.1610613465309143,-0.010120213031768799,0.2594473659992218,0.1681189388036728,-0.0096962358802557,0.25816088914871216,0.18775072693824768,-0.007188347168266773,0.2772815525531769,0.21177959442138672,-0.00669377576559782,0.2789382040500641,0.18510887026786804,-0.011518877930939198,0.27350330352783203,0.18477582931518555,-0.011460625566542149,0.2703757882118225,0.1973530352115631,-0.009800909087061882
32,0.6821922063827515,0.4099561870098114,-2.2644039177066588e-07,0.655803918838501,0.39264869689941406,-0.006278533488512039,0.6381694078445435,0.356679767370224,-0.010131092742085457,0.6445752382278442,0.32366394996643066,-0.015811681747436523,0.6627395749092102,0.3235657811164856,-0.02005358785390854,0.6455881595611572,0.303824782371521,0.0019634284544736147,0.6417592167854309,0.25373998284339905,-0.009055597707629204,0.6395376324653625,0.2779492139816284,-0.016301188617944717,0.6419437527656555,0.30340227484703064,-0.019899042323231697,0.6595144867897034,0.2985369861125946,-0.0007050778949633241,0.6558152437210083,0.2395397126674652,-0.012146743014454842,0.6527343392372131,0.2704414129257202,-0.016216743737459183,0.6552046537399292,0.298029363155365,-0.01618889719247818,0.6739954948425293,0.2985381484031677,-0.005644258111715317,0.6721038818359375,0.24125787615776062,-0.01524278149008751,0.667818009853363,0.2689656913280487,-0.014676741324365139,0.6696619391441345,0.2976177930831909,-0.01152440533041954,0.6903570890426636,0.30529746413230896,-0.011790599673986435,0.6874151229858398,0.2617562413215637,-0.017428189516067505,0.6812310814857483,0.27494630217552185,-0.016925441101193428,0.680366039276123,0.297533243894577,-0.015228799544274807,0.2578127384185791,0.2840425670146942,-1.9424365405029675e-07,0.24057061970233917,0.2669287621974945,-0.0037648326251655817,0.23276597261428833,0.23606611788272858,-0.00529741495847702,0.23839648067951202,0.2103355973958969,-0.007734257727861404,0.24797965586185455,0.2009998857975006,-0.00887683779001236,0.2395545393228531,0.19556769728660583,0.0010581911774352193,0.23790618777275085,0.1592102348804474,-0.006612108089029789,0.23162941634655,0.16343338787555695,-0.011115611530840397,0.22888535261154175,0.18259239196777344,-0.012664229609072208,0.2516328692436218,0.1931370198726654,-0.0003805853775702417,0.25192052125930786,0.148909792304039,-0.007908285595476627,0.24533335864543915,0.15749286115169525,-0.010006211698055267,0.2436256855726242,0.18044158816337585,-0.00908746663480997,0.26387840509414673,0.1990767866373062,-0.0032386186067014933,0.2654880881309509,0.1610613465309143,-0.010120213031768799,0.2594473659992218,0.1681189388036728,-0.0096962358802557,0.25816088914871216,0.18775072693824768,-0.007188347168266773,0.2772815525531769,0.21177959442138672,-0.00669377576559782,0.2789382040500641,0.18510887026786804,-0.011518877930939198,0.27350330352783203,0.18477582931518555,-0.011460625566542149,0.2703757882118225,0.1973530352115631,-0.009800909087061882
33,0.6821444034576416,0.40967392921447754,-2.42247978121668e-07,0.6553019285202026,0.39088329672813416,-0.005520543083548546,0.6384810209274292,0.3542688190937042,-0.009111111983656883,0.6450762748718262,0.320543110370636,-0.014619563706219196,0.6623470783233643,0.31736376881599426,-0.01856708526611328,0.6454943418502808,0.30402621626853943,0.002397333737462759,0.6420102715492249,0.2531634271144867,-0.008747966960072517,0.6397091746330261,0.2768346667289734,-0.01610078476369381,0.6420148015022278,0.30280259251594543,-0.01972595416009426,0.6594032049179077,0.2984146475791931,-0.0003585797094274312,0.6562240719795227,0.23979902267456055,-0.011517953127622604,0.6532697081565857,0.27075108885765076,-0.01530966442078352,0.6556131839752197,0.2980327010154724,-0.015263344161212444,0.6739568114280701,0.29782482981681824,-0.005318772979080677,0.6715704202651978,0.240679532289505,-0.01426337193697691,0.6677098870277405,0.26830410957336426,-0.01289247814565897,0.6698827147483826,0.29656463861465454,-0.009511847980320454,0.6903804540634155,0.3042875826358795,-0.011475423350930214,0.6864801049232483,0.262024849653244,-0.016353990882635117,0.6808813810348511,0.27482718229293823,-0.015296860598027706,0.6805863380432129,0.2962232530117035,-0.01340695470571518,0.255929172039032,0.2710111439228058,-1.6825924831209704e-07,0.23978720605373383,0.25450602173805237,-0.005327300168573856,0.2317441701889038,0.22841805219650269,-0.00870933011174202,0.23577916622161865,0.2083268165588379,-0.012763308361172676,0.24457740783691406,0.1968647986650467,-0.015710800886154175,0.23916149139404297,0.1923350840806961,-0.004111187532544136,0.23733265697956085,0.16025368869304657,-0.013359831646084785,0.23160594701766968,0.16537363827228546,-0.018244696781039238,0.22916361689567566,0.18443845212459564,-0.019746989011764526,0.25107091665267944,0.189705953001976,-0.005298999138176441,0.2511245608329773,0.14780515432357788,-0.014513224363327026,0.24503761529922485,0.15655635297298431,-0.016725417226552963,0.24340716004371643,0.18001902103424072,-0.01560300588607788,0.2633163034915924,0.1959872841835022,-0.007796626538038254,0.26441285014152527,0.16087649762630463,-0.016001710668206215,0.25894179940223694,0.171076700091362,-0.015096718445420265,0.2579539120197296,0.19163155555725098,-0.01188210304826498,0.2761372923851013,0.20849880576133728,-0.010913807898759842,0.2774505615234375,0.1836935132741928,-0.016817107796669006,0.2725554406642914,0.1847546249628067,-0.01650582253932953,0.27008333802223206,0.19742630422115326,-0.0142900999635458
34,0.6813215017318726,0.41053271293640137,-2.1166228236779716e-07,0.6550803780555725,0.39097800850868225,-0.005708802025765181,0.6379059553146362,0.35566115379333496,-0.009688996709883213,0.6450771689414978,0.32334840297698975,-0.01555025763809681,0.6635026931762695,0.32195210456848145,-0.020140578970313072,0.6450251936912537,0.3040812313556671,0.0020242398604750633,0.6410878896713257,0.2548005282878876,-0.009166613221168518,0.6396904587745667,0.27749085426330566,-0.017057327553629875,0.6426932215690613,0.30264806747436523,-0.02110547013580799,0.6588365435600281,0.2982061207294464,-0.0008930452167987823,0.654977560043335,0.24051891267299652,-0.012008792720735073,0.6526088714599609,0.2700771689414978,-0.016392922028899193,0.6553905010223389,0.2977280020713806,-0.01674182340502739,0.6734331846237183,0.29773691296577454,-0.005968411918729544,0.6707613468170166,0.2411746084690094,-0.015040343627333641,0.66709303855896,0.26904070377349854,-0.014346687123179436,0.6693925261497498,0.29797837138175964,-0.011281059123575687,0.6896470785140991,0.3040887415409088,-0.012216844595968723,0.6858271360397339,0.2623603940010071,-0.01738225296139717,0.6800243258476257,0.27686256170272827,-0.016417451202869415,0.6796894669532776,0.2996666431427002,-0.01444485504180193,0.2569987177848816,0.28777337074279785,-1.8659510203633545e-07,0.23832005262374878,0.2721874415874481,-0.005285165272653103,0.22965647280216217,0.23936587572097778,-0.006805724930018187,0.23555457592010498,0.21126402914524078,-0.008862794376909733,0.2458980530500412,0.19958791136741638,-0.009314623661339283,0.23620744049549103,0.1977555900812149,0.00027110398514196277,0.2349872887134552,0.1587926596403122,-0.007798701524734497,0.2296648770570755,0.16318050026893616,-0.012165579944849014,0.22816963493824005,0.18306955695152283,-0.013474530540406704,0.24922823905944824,0.19464170932769775,-0.00020487852452788502,0.2502625584602356,0.14901937544345856,-0.008363991044461727,0.2438218593597412,0.1592234969139099,-0.010351776145398617,0.24260352551937103,0.18290366232395172,-0.009070424363017082,0.2617221772670746,0.19986136257648468,-0.0023350392002612352,0.26384440064430237,0.16007614135742188,-0.01015524659305811,0.25735795497894287,0.16724422574043274,-0.009966446086764336,0.25600600242614746,0.18764367699623108,-0.007232741452753544,0.2752755582332611,0.21149985492229462,-0.0051665110513567924,0.2776249349117279,0.18354034423828125,-0.011110810562968254,0.2723703384399414,0.18182261288166046,-0.011987874284386635,0.2693537771701813,0.19409364461898804,-0.010718722827732563
35,0.6817610263824463,0.40992751717567444,-2.3442797214556776e-07,0.6550703048706055,0.3912729024887085,-0.006029526703059673,0.638333797454834,0.3553026020526886,-0.009961385279893875,0.6450145244598389,0.32217952609062195,-0.015787988901138306,0.6624934673309326,0.3205528259277344,-0.02010050043463707,0.6442686319351196,0.3059349060058594,0.002195374108850956,0.6405222415924072,0.25593093037605286,-0.009130913764238358,0.6391847729682922,0.2795078754425049,-0.01671280525624752,0.6422067880630493,0.3046835958957672,-0.020561005920171738,0.658258318901062,0.2995607554912567,-0.0005268327076919377,0.6550724506378174,0.24102267622947693,-0.011907791718840599,0.652703583240509,0.2721947431564331,-0.015886778011918068,0.655287504196167,0.2989238202571869,-0.015980683267116547,0.6728564500808716,0.29829707741737366,-0.00552030187100172,0.6707185506820679,0.24136412143707275,-0.01476521510630846,0.6669371128082275,0.26939448714256287,-0.013548029586672783,0.669107973575592,0.29763397574424744,-0.010208234190940857,0.6892806887626648,0.30409756302833557,-0.011761073023080826,0.6856088638305664,0.2620117664337158,-0.016742080450057983,0.6798462867736816,0.2756844758987427,-0.01572606712579727,0.6794801354408264,0.2977626621723175,-0.013897777535021305,0.2567010521888733,0.2791273891925812,-1.66122816835923e-07,0.23957955837249756,0.2625337839126587,-0.00594229344278574,0.23112469911575317,0.23367612063884735,-0.008874147199094296,0.23528601229190826,0.20963741838932037,-0.012216854840517044,0.24421748518943787,0.19707325100898743,-0.014059283770620823,0.23723454773426056,0.19457784295082092,-0.0034930820111185312,0.2352091521024704,0.15869875252246857,-0.012965865433216095,0.23012876510620117,0.1634160280227661,-0.01770244911313057,0.22847414016723633,0.1842959225177765,-0.018972521647810936,0.24999387562274933,0.1922985315322876,-0.004129520617425442,0.25006988644599915,0.14777924120426178,-0.013834178447723389,0.24374517798423767,0.15560147166252136,-0.016037676483392715,0.24195753037929535,0.1797444373369217,-0.01460307277739048,0.26263609528541565,0.19850276410579681,-0.006316871382296085,0.2634645700454712,0.16109991073608398,-0.015071192756295204,0.2573004364967346,0.16701048612594604,-0.014656655490398407,0.25553032755851746,0.18623030185699463,-0.011530732735991478,0.27598142623901367,0.2110002636909485,-0.00918986089527607,0.27730244398117065,0.18628685176372528,-0.01600916124880314,0.2724235951900482,0.1825953871011734,-0.016921978443861008,0.2694198787212372,0.19197359681129456,-0.015375335700809956
36,0.6817610263824463,0.40992751717567444,-2.3442797214556776e-07,0.6550703048706055,0.3912729024887085,-0.006029526703059673,0.638333797454834,0.3553026020526886,-0.009961385279893875,0.6450145244598389,0.32217952609062195,-0.015787988901138306,0.6624934673309326,0.3205528259277344,-0.02010050043463707,0.6442686319351196,0.3059349060058594,0.002195374108850956,0.6405222415924072,0.25593093037605286,-0.009130913764238358,0.6391847729682922,0.2795078754425049,-0.01671280525624752,0.6422067880630493,0.3046835958957672,-0.020561005920171738,0.658258318901062,0.2995607554912567,-0.0005268327076919377,0.6550724506378174,0.24102267622947693,-0.011907791718840599,0.652703583240509,0.2721947431564331,-0.015886778011918068,0.655287504196167,0.2989238202571869,-0.015980683267116547,0.6728564500808716,0.29829707741737366,-0.00552030187100172,0.6707185506820679,0.24136412143707275,-0.01476521510630846,0.6669371128082275,0.26939448714256287,-0.013548029586672783,0.669107973575592,0.29763397574424744,-0.010208234190940857,0.6892806887626648,0.30409756302833557,-0.011761073023080826,0.6856088638305664,0.2620117664337158,-0.016742080450057983,0.6798462867736816,0.2756844758987427,-0.01572606712579727,0.6794801354408264,0.2977626621723175,-0.013897777535021305,0.2567010521888733,0.2791273891925812,-1.66122816835923e-07,0.23957955837249756,0.2625337839126587,-0.00594229344278574,0.23112469911575317,0.23367612063884735,-0.008874147199094296,0.23528601229190826,0.20963741838932037,-0.012216854840517044,0.24421748518943787,0.19707325100898743,-0.014059283770620823,0.23723454773426056,0.19457784295082092,-0.0034930820111185312,0.2352091521024704,0.15869875252246857,-0.012965865433216095,0.23012876510620117,0.1634160280227661,-0.01770244911313057,0.22847414016723633,0.1842959225177765,-0.018972521647810936,0.24999387562274933,0.1922985315322876,-0.004129520617425442,0.25006988644599915,0.14777924120426178,-0.013834178447723389,0.24374517798423767,0.15560147166252136,-0.016037676483392715,0.24195753037929535,0.1797444373369217,-0.01460307277739048,0.26263609528541565,0.19850276410579681,-0.006316871382296085,0.2634645700454712,0.16109991073608398,-0.015071192756295204,0.2573004364967346,0.16701048612594604,-0.014656655490398407,0.25553032755851746,0.18623030185699463,-0.011530732735991478,0.27598142623901367,0.2110002636909485,-0.00918986089527607,0.27730244398117065,0.18628685176372528,-0.01600916124880314,0.2724235951900482,0.1825953871011734,-0.016921978443861008,0.2694198787212372,0.19197359681129456,-0.015375335700809956
37,0.6809943318367004,0.41230857372283936,-2.3386844816286612e-07,0.6543344855308533,0.3909541666507721,-0.005720616318285465,0.6377667188644409,0.35495448112487793,-0.010069518350064754,0.6452077627182007,0.3221014440059662,-0.016472313553094864,0.6633373498916626,0.3217287063598633,-0.02142871357500553,0.6436001658439636,0.30527836084365845,0.0023001530207693577,0.6408422589302063,0.2541584372520447,-0.009495900012552738,0.6395543813705444,0.27824950218200684,-0.01756402663886547,0.6422789692878723,0.3038499057292938,-0.021688159555196762,0.6579449772834778,0.299795538187027,-0.0006950839306227863,0.6553410291671753,0.2419191598892212,-0.012059799395501614,0.6532471179962158,0.2739066779613495,-0.016080087050795555,0.6556208729743958,0.3009140193462372,-0.016318028792738914,0.6729848384857178,0.29901960492134094,-0.005997647065669298,0.67134690284729,0.24207919836044312,-0.01502156537026167,0.667476236820221,0.2708794176578522,-0.013510247692465782,0.6689599752426147,0.29935431480407715,-0.01007150299847126,0.6893860697746277,0.30512434244155884,-0.012551123276352882,0.6859374642372131,0.2631146013736725,-0.017069775611162186,0.6799432635307312,0.27752938866615295,-0.01556903962045908,0.6790100336074829,0.299748957157135,-0.01346819568425417,0.25810351967811584,0.27453160285949707,-1.89413015050377e-07,0.24075621366500854,0.25974273681640625,-0.006156594958156347,0.23196393251419067,0.23027005791664124,-0.009464106522500515,0.23883864283561707,0.20677798986434937,-0.013251709751784801,0.2511439323425293,0.19989393651485443,-0.015731990337371826,0.23804354667663574,0.1920190006494522,-0.0031693479977548122,0.2356419563293457,0.1579882800579071,-0.012147038243710995,0.2308107614517212,0.16627137362957,-0.016849743202328682,0.22947758436203003,0.186396524310112,-0.018483508378267288,0.2506635785102844,0.18849194049835205,-0.003908256534487009,0.24965021014213562,0.14665493369102478,-0.01285995077341795,0.24414975941181183,0.16034387052059174,-0.014897121116518974,0.24377426505088806,0.18418459594249725,-0.013791348785161972,0.2637596130371094,0.1938440054655075,-0.006133473943918943,0.26361727714538574,0.15997374057769775,-0.014417208731174469,0.2578732967376709,0.17430880665779114,-0.013509850949048996,0.25743788480758667,0.19453926384449005,-0.01041275355964899,0.27749910950660706,0.2056192308664322,-0.00904883909970522,0.27635395526885986,0.18072813749313354,-0.014462487772107124,0.27126744389533997,0.1863614022731781,-0.013885794207453728,0.26992693543434143,0.20071350038051605,-0.011779552325606346
38,0.6807709336280823,0.4113054871559143,-2.3819868033569946e-07,0.6542099118232727,0.3910188674926758,-0.005932559259235859,0.6379189491271973,0.3542862832546234,-0.010096975602209568,0.6454460024833679,0.32250338792800903,-0.01626446470618248,0.6629069447517395,0.3217315673828125,-0.020963290706276894,0.6442188620567322,0.3037501573562622,0.002226680750027299,0.6404962539672852,0.25467729568481445,-0.009451166726648808,0.6386846303939819,0.2788415849208832,-0.01748768985271454,0.6410785913467407,0.3053807318210602,-0.021512532606720924,0.6580581665039062,0.2981337606906891,-0.0005505719454959035,0.6545278429985046,0.2415943741798401,-0.012083472684025764,0.6518058180809021,0.2729019522666931,-0.01641860045492649,0.6541993618011475,0.30096715688705444,-0.016707532107830048,0.6728547811508179,0.29757434129714966,-0.005609067622572184,0.6701695322990417,0.24224331974983215,-0.014886240474879742,0.6661776900291443,0.26970478892326355,-0.014234529808163643,0.6681511402130127,0.29851195216178894,-0.011224469169974327,0.6891492009162903,0.3037903308868408,-0.011903524398803711,0.6852211356163025,0.2621553838253021,-0.01704525388777256,0.6790515184402466,0.27473047375679016,-0.01636078953742981,0.6782242655754089,0.2969018220901489,-0.014650754630565643,0.2567507028579712,0.2699880301952362,-1.818663548647237e-07,0.2405284196138382,0.2560216188430786,-0.005470398813486099,0.23167774081230164,0.23039020597934723,-0.00871125515550375,0.23557525873184204,0.20926202833652496,-0.012439088895916939,0.24476027488708496,0.19781777262687683,-0.01491613034158945,0.23848767578601837,0.19245287775993347,-0.004096528049558401,0.23680685460567474,0.16007259488105774,-0.013222336769104004,0.23118919134140015,0.1668676882982254,-0.017646748572587967,0.22885069251060486,0.1869042068719864,-0.018924806267023087,0.2508450150489807,0.18893751502037048,-0.004911394789814949,0.24952930212020874,0.14671377837657928,-0.014552577398717403,0.24367254972457886,0.15913674235343933,-0.016182532534003258,0.24289743602275848,0.18287131190299988,-0.01447951141744852,0.2634793221950531,0.19391843676567078,-0.0070937988348305225,0.2629052996635437,0.16054420173168182,-0.015736492350697517,0.257680743932724,0.17379368841648102,-0.014372927136719227,0.25741392374038696,0.1929209977388382,-0.010785101912915707,0.2766391634941101,0.2052001953125,-0.00984165444970131,0.2759631872177124,0.1827825903892517,-0.015687348321080208,0.27120885252952576,0.1874413937330246,-0.015151637606322765,0.269660621881485,0.2000626176595688,-0.012893661856651306
39,0.6810925006866455,0.41090697050094604,-2.148154010228609e-07,0.6542961597442627,0.3926393985748291,-0.005520332604646683,0.636928915977478,0.3570129871368408,-0.009084760211408138,0.6449231505393982,0.32427313923835754,-0.014645012095570564,0.6649094223976135,0.3221060335636139,-0.018945785239338875,0.6433344483375549,0.3049059212207794,0.0027932734228670597,0.6395618915557861,0.25609520077705383,-0.007818533107638359,0.6387125849723816,0.2778449058532715,-0.01538961473852396,0.6421924233436584,0.30315300822257996,-0.019372284412384033,0.6571454405784607,0.29844361543655396,-9.753951599122956e-05,0.6537021398544312,0.2425406277179718,-0.010789248161017895,0.6518544554710388,0.2720581293106079,-0.015106741338968277,0.654973566532135,0.3000658452510834,-0.015455382876098156,0.6717888712882996,0.297517329454422,-0.005137249361723661,0.6690731644630432,0.24307897686958313,-0.014150767587125301,0.6654736995697021,0.27005958557128906,-0.013800643384456635,0.6678406596183777,0.29850906133651733,-0.010931427590548992,0.6877506971359253,0.3034311830997467,-0.01131959818303585,0.6840859055519104,0.261066198348999,-0.0165233351290226,0.6784347891807556,0.2752890884876251,-0.015741752460598946,0.6783062219619751,0.2990586459636688,-0.01390576921403408,0.257094144821167,0.2814057469367981,-1.7743833780059504e-07,0.23989325761795044,0.26680004596710205,-0.005240034312009811,0.23049145936965942,0.23829765617847443,-0.007783721666783094,0.23421987891197205,0.21182096004486084,-0.010890875943005085,0.2431715726852417,0.19776570796966553,-0.0126044237986207,0.23769330978393555,0.19643521308898926,-0.002441219985485077,0.23599958419799805,0.16064974665641785,-0.010910372249782085,0.2304995208978653,0.165880486369133,-0.015097074210643768,0.22872477769851685,0.18474552035331726,-0.016306869685649872,0.24986980855464935,0.1933249682188034,-0.0031898156739771366,0.24980542063713074,0.14874893426895142,-0.01209138985723257,0.2436724454164505,0.15924838185310364,-0.013837244361639023,0.24295270442962646,0.18260696530342102,-0.012331794947385788,0.26220497488975525,0.19901159405708313,-0.005390117410570383,0.26335084438323975,0.16100847721099854,-0.013420977629721165,0.2574891448020935,0.16861140727996826,-0.012994897551834583,0.2563110589981079,0.18696628510951996,-0.010153527371585369,0.275232195854187,0.21094384789466858,-0.008198442868888378,0.27708813548088074,0.18562400341033936,-0.013914918527007103,0.272115021944046,0.18344742059707642,-0.014518795534968376,0.26907017827033997,0.1932217925786972,-0.013138671405613422
40,0.6808885931968689,0.41248297691345215,-2.2717190972798562e-07,0.6538777351379395,0.3926941156387329,-0.005947330500930548,0.6368101835250854,0.3563160300254822,-0.01022910512983799,0.6443123817443848,0.3235916495323181,-0.01643173210322857,0.6634266376495361,0.3239138424396515,-0.02119315229356289,0.6438859105110168,0.3039792776107788,0.002040807856246829,0.6403182744979858,0.25313714146614075,-0.009646426886320114,0.6389893889427185,0.27613312005996704,-0.01777181401848793,0.6419141292572021,0.3019721806049347,-0.02193632908165455,0.6579649448394775,0.2987695634365082,-0.0007156160427257419,0.6543048620223999,0.2428809106349945,-0.0121159004047513,0.6523712277412415,0.27399271726608276,-0.016263112425804138,0.6553766131401062,0.301894873380661,-0.01642320677638054,0.6726915836334229,0.2982841432094574,-0.005762971006333828,0.6699457168579102,0.24270936846733093,-0.015014449134469032,0.6661643981933594,0.27072402834892273,-0.014009494334459305,0.668356716632843,0.29956093430519104,-0.010708479210734367,0.6889292001724243,0.30441009998321533,-0.01205578912049532,0.6848809123039246,0.26278582215309143,-0.01728123426437378,0.6789413690567017,0.2771247327327728,-0.016368599608540535,0.6787370443344116,0.3001486361026764,-0.014429003931581974,0.25624552369117737,0.28436583280563354,-1.9273466023150831e-07,0.2383459210395813,0.2686924636363983,-0.004637282807379961,0.2302698791027069,0.23827770352363586,-0.006054913159459829,0.23480992019176483,0.2112756222486496,-0.00806517619639635,0.24265559017658234,0.19677849113941193,-0.008442905731499195,0.23704227805137634,0.19641843438148499,-0.0006957700825296342,0.2355601191520691,0.159677654504776,-0.008866666816174984,0.2301836460828781,0.16655400395393372,-0.01261959783732891,0.22865557670593262,0.18770530819892883,-0.013362075202167034,0.249376118183136,0.19376634061336517,-0.0013850359246134758,0.24919931590557098,0.14788919687271118,-0.010270529426634312,0.24298706650733948,0.1600290983915329,-0.011652489192783833,0.24259886145591736,0.18443775177001953,-0.009625030681490898,0.2615615129470825,0.19950392842292786,-0.003601912409067154,0.2632589638233185,0.15968336164951324,-0.011903060600161552,0.2569366991519928,0.16847318410873413,-0.011095976456999779,0.25577959418296814,0.18857881426811218,-0.007626446895301342,0.27468234300613403,0.21179983019828796,-0.0064166635274887085,0.2775138020515442,0.18505467474460602,-0.012572568841278553,0.2725292444229126,0.1824290007352829,-0.013387303799390793,0.26930609345436096,0.19293546676635742,-0.011880897916853428
