frame,feature_0,feature_1,feature_2,feature_3,feature_4,feature_5,feature_6,feature_7,feature_8,feature_9,feature_10,feature_11,feature_12,feature_13,feature_14,feature_15,feature_16,feature_17,feature_18,feature_19,feature_20,feature_21,feature_22,feature_23,feature_24,feature_25,feature_26,feature_27,feature_28,feature_29,feature_30,feature_31,feature_32,feature_33,feature_34,feature_35,feature_36,feature_37,feature_38,feature_39,feature_40,feature_41,feature_42,feature_43,feature_44,feature_45,feature_46,feature_47,feature_48,feature_49,feature_50,feature_51,feature_52,feature_53,feature_54,feature_55,feature_56,feature_57,feature_58,feature_59,feature_60,feature_61,feature_62,feature_63,feature_64,feature_65,feature_66,feature_67,feature_68,feature_69,feature_70,feature_71,feature_72,feature_73,feature_74,feature_75,feature_76,feature_77,feature_78,feature_79,feature_80,feature_81,feature_82,feature_83,feature_84,feature_85,feature_86,feature_87,feature_88,feature_89,feature_90,feature_91,feature_92,feature_93,feature_94,feature_95,feature_96,feature_97,feature_98,feature_99,feature_100,feature_101,feature_102,feature_103,feature_104,feature_105,feature_106,feature_107,feature_108,feature_109,feature_110,feature_111,feature_112,feature_113,feature_114,feature_115,feature_116,feature_117,feature_118,feature_119,feature_120,feature_121,feature_122,feature_123,feature_124,feature_125
1,0.5802263021469116,0.59404057264328,-2.4499664164068236e-07,0.555088996887207,0.5584619045257568,-0.008541623130440712,0.5432548522949219,0.5069890022277832,-0.014465066604316235,0.5597243905067444,0.4819313883781433,-0.022000430151820183,0.5793563723564148,0.4968758225440979,-0.02740400843322277,0.5551533699035645,0.4422568678855896,-0.0014402440283447504,0.5555756092071533,0.3840462565422058,-0.014414256438612938,0.5519598722457886,0.4187261462211609,-0.02273619920015335,0.5525524020195007,0.4518777132034302,-0.02705070562660694,0.5739883184432983,0.4438035488128662,-0.003898483933880925,0.5765624642372131,0.3790852725505829,-0.01685648411512375,0.5713669657707214,0.4213404357433319,-0.02051047794520855,0.5708359479904175,0.4539836049079895,-0.020122423768043518,0.5916967391967773,0.45371314883232117,-0.008798330090939999,0.595720112323761,0.391592413187027,-0.018561622127890587,0.5893990397453308,0.4269454777240753,-0.016559191048145294,0.5877130031585693,0.45993727445602417,-0.012686868198215961,0.6098562479019165,0.4724515974521637,-0.015289015136659145,0.6113756895065308,0.42313143610954285,-0.02141360193490982,0.6042128205299377,0.43784162402153015,-0.020334351807832718,0.6000252962112427,0.4623740315437317,-0.01814970187842846,0.26228398084640503,0.35925164818763733,-1.8795442713326338e-07,0.24346661567687988,0.32754841446876526,-0.006207117345184088,0.24137787520885468,0.27684110403060913,-0.007229585200548172,0.25536054372787476,0.24464088678359985,-0.009313561022281647,0.2698114514350891,0.24506230652332306,-0.00977052841335535,0.2547298073768616,0.24022473394870758,0.003902632975950837,0.259010910987854,0.19566455483436584,-0.004363969899713993,0.2516374886035919,0.19486969709396362,-0.009591422975063324,0.2462388277053833,0.2127179205417633,-0.011561911553144455,0.26962724328041077,0.24103794991970062,0.0033149714581668377,0.27723419666290283,0.18875503540039062,-0.004739098716527224,0.2686626613140106,0.1909441351890564,-0.007321435958147049,0.26305660605430603,0.21388769149780273,-0.006446451414376497,0.28382644057273865,0.25109755992889404,0.0005059458781033754,0.2934425473213196,0.20248204469680786,-0.007765818852931261,0.28585174679756165,0.20426832139492035,-0.009124125353991985,0.28064969182014465,0.22611525654792786,-0.007181239314377308,0.29817381501197815,0.2676718533039093,-0.003281549783423543,0.306380033493042,0.2337842434644699,-0.00951447058469057,0.30147087574005127,0.22505302727222443,-0.011511639691889286,0.2958719730377197,0.23453158140182495,-0.011122303083539009
2,0.5802263021469116,0.59404057264328,-2.4499664164068236e-07,0.555088996887207,0.5584619045257568,-0.008541623130440712,0.5432548522949219,0.5069890022277832,-0.014465066604316235,0.5597243905067444,0.4819313883781433,-0.022000430151820183,0.5793563723564148,0.4968758225440979,-0.02740400843322277,0.5551533699035645,0.4422568678855896,-0.0014402440283447504,0.5555756092071533,0.3840462565422058,-0.014414256438612938,0.5519598722457886,0.4187261462211609,-0.02273619920015335,0.5525524020195007,0.4518777132034302,-0.02705070562660694,0.5739883184432983,0.4438035488128662,-0.003898483933880925,0.5765624642372131,0.3790852725505829,-0.01685648411512375,0.5713669657707214,0.4213404357433319,-0.02051047794520855,0.5708359479904175,0.4539836049079895,-0.020122423768043518,0.5916967391967773,0.45371314883232117,-0.008798330090939999,0.595720112323761,0.391592413187027,-0.018561622127890587,0.5893990397453308,0.4269454777240753,-0.016559191048145294,0.5877130031585693,0.45993727445602417,-0.012686868198215961,0.6098562479019165,0.4724515974521637,-0.015289015136659145,0.6113756895065308,0.42313143610954285,-0.02141360193490982,0.6042128205299377,0.43784162402153015,-0.020334351807832718,0.6000252962112427,0.4623740315437317,-0.01814970187842846,0.26228398084640503,0.35925164818763733,-1.8795442713326338e-07,0.24346661567687988,0.32754841446876526,-0.006207117345184088,0.24137787520885468,0.27684110403060913,-0.007229585200548172,0.25536054372787476,0.24464088678359985,-0.009313561022281647,0.2698114514350891,0.24506230652332306,-0.00977052841335535,0.2547298073768616,0.24022473394870758,0.003902632975950837,0.259010910987854,0.19566455483436584,-0.004363969899713993,0.2516374886035919,0.19486969709396362,-0.009591422975063324,0.2462388277053833,0.2127179205417633,-0.011561911553144455,0.26962724328041077,0.24103794991970062,0.0033149714581668377,0.27723419666290283,0.18875503540039062,-0.004739098716527224,0.2686626613140106,0.1909441351890564,-0.007321435958147049,0.26305660605430603,0.21388769149780273,-0.006446451414376497,0.28382644057273865,0.25109755992889404,0.0005059458781033754,0.2934425473213196,0.20248204469680786,-0.007765818852931261,0.28585174679756165,0.20426832139492035,-0.009124125353991985,0.28064969182014465,0.22611525654792786,-0.007181239314377308,0.29817381501197815,0.2676718533039093,-0.003281549783423543,0.306380033493042,0.2337842434644699,-0.00951447058469057,0.30147087574005127,0.22505302727222443,-0.011511639691889286,0.2958719730377197,0.23453158140182495,-0.011122303083539009
3,0.5823070406913757,0.5985129475593567,-2.6450388190824015e-07,0.5559087991714478,0.5605655312538147,-0.00832621194422245,0.5441287755966187,0.5096146464347839,-0.013745061121881008,0.5616006255149841,0.4835206866264343,-0.02087995782494545,0.5811556577682495,0.5004459023475647,-0.025772972032427788,0.55681312084198,0.4466380774974823,0.0006228389102034271,0.5561201572418213,0.38767603039741516,-0.01246990542858839,0.5525981187820435,0.4242159426212311,-0.021355217322707176,0.55288165807724,0.4581041634082794,-0.026082655414938927,0.5753903388977051,0.44772103428840637,-0.0017610309878364205,0.5761815905570984,0.3824065923690796,-0.01445938739925623,0.5712730884552002,0.4254189431667328,-0.018400326371192932,0.5702949166297913,0.4583892524242401,-0.018317850306630135,0.5931403040885925,0.4568489193916321,-0.006769657600671053,0.5959458947181702,0.3949193060398102,-0.016358746215701103,0.590236246585846,0.42855238914489746,-0.014573516324162483,0.5882920026779175,0.4602799117565155,-0.010908061638474464,0.6117410659790039,0.47516709566116333,-0.013394578360021114,0.6124140024185181,0.4255812466144562,-0.019385328516364098,0.6059882640838623,0.4393056631088257,-0.01831425353884697,0.6018235683441162,0.46313437819480896,-0.016104836016893387,0.2616378366947174,0.35966479778289795,-1.9092520631147636e-07,0.2418738454580307,0.32937705516815186,-0.006669578608125448,0.23970718681812286,0.2802836000919342,-0.008129661902785301,0.2549467086791992,0.24915476143360138,-0.01030400488525629,0.27224043011665344,0.2492469996213913,-0.010708700865507126,0.25133705139160156,0.24034680426120758,0.003945027478039265,0.2547186017036438,0.19494323432445526,-0.004349802155047655,0.2488614320755005,0.19810143113136292,-0.00977697130292654,0.24466639757156372,0.21857984364032745,-0.01177540235221386,0.26709866523742676,0.2411181926727295,0.003869775915518403,0.27451321482658386,0.18879391252994537,-0.004124193452298641,0.26669207215309143,0.1941736936569214,-0.007160354871302843,0.2615206837654114,0.22009581327438354,-0.006369052920490503,0.2822299897670746,0.2508014142513275,0.001589011400938034,0.2922879457473755,0.2042572945356369,-0.006430197041481733,0.28566816449165344,0.20336169004440308,-0.008564642630517483,0.28077104687690735,0.22300317883491516,-0.007159280590713024,0.2969014048576355,0.2676139175891876,-0.0015909576322883368,0.301682710647583,0.23623771965503693,-0.007522305939346552,0.2964271903038025,0.2296043485403061,-0.009694620966911316,0.29109513759613037,0.24053440988063812,-0.009364087134599686
4,0.581379771232605,0.5965192317962646,-2.703438326534524e-07,0.5555293560028076,0.5590289235115051,-0.008272895589470863,0.5441393256187439,0.508232593536377,-0.013651115819811821,0.5618513226509094,0.48417147994041443,-0.020767297595739365,0.58182692527771,0.499283105134964,-0.025851812213659286,0.5568519234657288,0.44657379388809204,-7.011842535575852e-05,0.5575645565986633,0.3875157833099365,-0.01279916800558567,0.5525015592575073,0.42237719893455505,-0.02142300270497799,0.5516837239265442,0.455684095621109,-0.026094339787960052,0.5750983953475952,0.44803333282470703,-0.002452168148010969,0.576866626739502,0.38211700320243835,-0.015112914144992828,0.5704830884933472,0.4243447780609131,-0.019205503165721893,0.5689789056777954,0.4581237733364105,-0.019227132201194763,0.5926839113235474,0.45745694637298584,-0.007337193004786968,0.5967419743537903,0.3943551182746887,-0.017075560986995697,0.5898341536521912,0.42773622274398804,-0.015670740976929665,0.5873287320137024,0.46029868721961975,-0.012241248972713947,0.6111220121383667,0.47599995136260986,-0.013764995150268078,0.6126176118850708,0.42603784799575806,-0.020174527540802956,0.6051587462425232,0.4398297071456909,-0.019402967765927315,0.600196123123169,0.46428200602531433,-0.01740846410393715,0.2612297832965851,0.36578476428985596,-2.0682624324308563e-07,0.24175269901752472,0.33626091480255127,-0.0055289436131715775,0.2385265827178955,0.28572458028793335,-0.006514974869787693,0.25143003463745117,0.25197237730026245,-0.008578872308135033,0.2668927013874054,0.25050732493400574,-0.008968713693320751,0.250637948513031,0.24548548460006714,0.004214845132082701,0.25443077087402344,0.20035792887210846,-0.004424304235726595,0.24757380783557892,0.20452266931533813,-0.009813574142754078,0.2429528832435608,0.22659042477607727,-0.011764800176024437,0.2659759521484375,0.2459009289741516,0.0032387012615799904,0.2723257541656494,0.19134625792503357,-0.005236161407083273,0.2640904486179352,0.19793343544006348,-0.007938714697957039,0.25959599018096924,0.22477322816848755,-0.0069304658100008965,0.28084999322891235,0.25558412075042725,0.00011636072304099798,0.29069119691848755,0.2049098014831543,-0.008907083421945572,0.28307342529296875,0.2086373120546341,-0.010474770329892635,0.27816975116729736,0.2322876751422882,-0.008553685620427132,0.29557764530181885,0.2718762159347534,-0.0037804478779435158,0.3012251853942871,0.23869533836841583,-0.010989511385560036,0.29469195008277893,0.23347342014312744,-0.013258819468319416,0.28855660557746887,0.2462397813796997,-0.012876627966761589
5,0.581379771232605,0.5965192317962646,-2.703438326534524e-07,0.5555293560028076,0.5590289235115051,-0.008272895589470863,0.5441393256187439,0.508232593536377,-0.013651115819811821,0.5618513226509094,0.48417147994041443,-0.020767297595739365,0.58182692527771,0.499283105134964,-0.025851812213659286,0.5568519234657288,0.44657379388809204,-7.011842535575852e-05,0.5575645565986633,0.3875157833099365,-0.01279916800558567,0.5525015592575073,0.42237719893455505,-0.02142300270497799,0.5516837239265442,0.455684095621109,-0.026094339787960052,0.5750983953475952,0.44803333282470703,-0.002452168148010969,0.576866626739502,0.38211700320243835,-0.015112914144992828,0.5704830884933472,0.4243447780609131,-0.019205503165721893,0.5689789056777954,0.4581237733364105,-0.019227132201194763,0.5926839113235474,0.45745694637298584,-0.007337193004786968,0.5967419743537903,0.3943551182746887,-0.017075560986995697,0.5898341536521912,0.42773622274398804,-0.015670740976929665,0.5873287320137024,0.46029868721961975,-0.012241248972713947,0.6111220121383667,0.47599995136260986,-0.013764995150268078,0.6126176118850708,0.42603784799575806,-0.020174527540802956,0.6051587462425232,0.4398297071456909,-0.019402967765927315,0.600196123123169,0.46428200602531433,-0.01740846410393715,0.2612297832965851,0.36578476428985596,-2.0682624324308563e-07,0.24175269901752472,0.33626091480255127,-0.0055289436131715775,0.2385265827178955,0.28572458028793335,-0.006514974869787693,0.25143003463745117,0.25197237730026245,-0.008578872308135033,0.2668927013874054,0.25050732493400574,-0.008968713693320751,0.250637948513031,0.24548548460006714,0.004214845132082701,0.25443077087402344,0.20035792887210846,-0.004424304235726595,0.24757380783557892,0.20452266931533813,-0.009813574142754078,0.2429528832435608,0.22659042477607727,-0.011764800176024437,0.2659759521484375,0.2459009289741516,0.0032387012615799904,0.2723257541656494,0.19134625792503357,-0.005236161407083273,0.2640904486179352,0.19793343544006348,-0.007938714697957039,0.25959599018096924,0.22477322816848755,-0.0069304658100008965,0.28084999322891235,0.25558412075042725,0.00011636072304099798,0.29069119691848755,0.2049098014831543,-0.008907083421945572,0.28307342529296875,0.2086373120546341,-0.010474770329892635,0.27816975116729736,0.2322876751422882,-0.008553685620427132,0.29557764530181885,0.2718762159347534,-0.0037804478779435158,0.3012251853942871,0.23869533836841583,-0.010989511385560036,0.29469195008277893,0.23347342014312744,-0.013258819468319416,0.28855660557746887,0.2462397813796997,-0.012876627966761589
6,0.5823323726654053,0.5987699627876282,-2.6610490522216423e-07,0.5558021068572998,0.5614045262336731,-0.008861921727657318,0.5445595979690552,0.5085983872413635,-0.014196335338056087,0.5617622137069702,0.4826652407646179,-0.021231863647699356,0.581386148929596,0.5000736713409424,-0.026051325723528862,0.5576605796813965,0.44718796014785767,0.0006042138556949794,0.5563448667526245,0.3877761960029602,-0.012542437762022018,0.552358090877533,0.422774076461792,-0.021218260750174522,0.5529134273529053,0.4566552937030792,-0.025720007717609406,0.5759769082069397,0.4481380581855774,-0.0015262543456628919,0.5759683847427368,0.38342154026031494,-0.01471366360783577,0.570199728012085,0.42678332328796387,-0.018458843231201172,0.5695827007293701,0.460757315158844,-0.01788819581270218,0.5935913920402527,0.4571695029735565,-0.006389586254954338,0.5959010124206543,0.39503297209739685,-0.016509728506207466,0.5892788171768188,0.4286564588546753,-0.014479195699095726,0.5875958800315857,0.46081697940826416,-0.010345992632210255,0.6121320128440857,0.47542840242385864,-0.012937641702592373,0.6127029657363892,0.42571863532066345,-0.01917191408574581,0.6053470969200134,0.4395415484905243,-0.017956193536520004,0.6009750366210938,0.46371495723724365,-0.015485187061131,0.25971829891204834,0.3689356744289398,-2.0558448454721656e-07,0.2408350706100464,0.3386313319206238,-0.006862964015454054,0.2383955717086792,0.28710925579071045,-0.008418293669819832,0.25361746549606323,0.2545097768306732,-0.010852848179638386,0.2703590393066406,0.2586258351802826,-0.011525035835802555,0.25052914023399353,0.24573706090450287,0.0037660296075046062,0.25473153591156006,0.20000380277633667,-0.00487862341105938,0.24745969474315643,0.20626789331436157,-0.010523459874093533,0.24285098910331726,0.22912123799324036,-0.012833746150135994,0.2654734253883362,0.24688810110092163,0.0033041308633983135,0.272919625043869,0.19274991750717163,-0.005712101701647043,0.26365888118743896,0.20192989706993103,-0.008979138918220997,0.25901055335998535,0.22916153073310852,-0.008239492774009705,0.27979224920272827,0.2570262849330902,0.0006107005174271762,0.2899586856365204,0.2076905369758606,-0.008689863607287407,0.2818707823753357,0.21257920563220978,-0.010707465000450611,0.2771848440170288,0.2356995791196823,-0.008930254727602005,0.2942294776439667,0.2745378017425537,-0.0030058238189667463,0.30152231454849243,0.23903679847717285,-0.009788314811885357,0.2954241931438446,0.23540201783180237,-0.01181996800005436,0.28982120752334595,0.24932463467121124,-0.011341817677021027
7,0.5821247696876526,0.5987486839294434,-2.5396252567588817e-07,0.5560777187347412,0.5607550144195557,-0.007620628457516432,0.544083297252655,0.5115261077880859,-0.012627970427274704,0.5606667995452881,0.48448023200035095,-0.01936469040811062,0.5798830986022949,0.5012562870979309,-0.0238697100430727,0.5571215748786926,0.4475789964199066,0.0016281077405437827,0.555828332901001,0.38888585567474365,-0.011212658137083054,0.552437424659729,0.42268139123916626,-0.020103218033909798,0.5531437993049622,0.4553583562374115,-0.024882769212126732,0.5756763815879822,0.44904735684394836,-0.0008324166410602629,0.5762456655502319,0.38538068532943726,-0.01340413372963667,0.5705559253692627,0.42806774377822876,-0.017028769478201866,0.5699844360351562,0.45919519662857056,-0.01663650944828987,0.592605710029602,0.458426296710968,-0.005875822156667709,0.5959823727607727,0.3975532054901123,-0.015278114005923271,0.5890907049179077,0.42935821413993835,-0.012598957866430283,0.5875668525695801,0.4607207477092743,-0.00823583547025919,0.6107813715934753,0.4785424470901489,-0.012506469152867794,0.6116400957107544,0.42878925800323486,-0.017976142466068268,0.6042604446411133,0.441113144159317,-0.016079489141702652,0.6002002358436584,0.4649365544319153,-0.013243167661130428,0.2605658173561096,0.3673619031906128,-2.0372935694012995e-07,0.23973914980888367,0.3389208912849426,-0.008513110689818859,0.23729464411735535,0.29058367013931274,-0.010502883233129978,0.2523989975452423,0.2588798701763153,-0.012902718968689442,0.2690090537071228,0.2581724226474762,-0.013235436752438545,0.24882635474205017,0.24685503542423248,0.003012505592778325,0.2520017623901367,0.20308330655097961,-0.0062186759896576405,0.24524562060832977,0.20855194330215454,-0.012026024051010609,0.24080553650856018,0.23012514412403107,-0.014219029806554317,0.26470863819122314,0.2468121200799942,0.0034220810048282146,0.27187579870224,0.19265352189540863,-0.006554618943482637,0.26256996393203735,0.20416978001594543,-0.009806443937122822,0.2576259970664978,0.23186127841472626,-0.008451365865767002,0.2790069282054901,0.2555926442146301,0.0014235752169042826,0.2886703610420227,0.2077387571334839,-0.008580698631703854,0.28095728158950806,0.21378976106643677,-0.009997805580496788,0.2765711545944214,0.236430361866951,-0.007308762054890394,0.29337409138679504,0.27184173464775085,-0.0016345675103366375,0.29966849088668823,0.23903155326843262,-0.008655769750475883,0.29465585947036743,0.23632963001728058,-0.010423791594803333,0.2901122570037842,0.24876739084720612,-0.009416081011295319
8,0.5823336839675903,0.599860429763794,-2.61415152635891e-07,0.5558461546897888,0.5620710849761963,-0.0070675574243068695,0.5440075397491455,0.5122513175010681,-0.011422635987401009,0.5612572431564331,0.48518332839012146,-0.017465198412537575,0.5806297063827515,0.5033981800079346,-0.021254725754261017,0.5563147068023682,0.4487725496292114,0.002454513916745782,0.5554365515708923,0.39027339220046997,-0.009455502964556217,0.5521125197410583,0.42427459359169006,-0.01803917996585369,0.5522978901863098,0.45662638545036316,-0.022907178848981857,0.5749679207801819,0.4494641423225403,4.627506496035494e-05,0.5757120847702026,0.385547935962677,-0.01158564630895853,0.5700506567955017,0.42883116006851196,-0.014966614544391632,0.5689890384674072,0.45885321497917175,-0.01477109920233488,0.5915751457214355,0.45815226435661316,-0.004826309625059366,0.5953225493431091,0.3977710008621216,-0.013564016669988632,0.5885459184646606,0.43067657947540283,-0.0106631675735116,0.5869945287704468,0.46260154247283936,-0.006479585077613592,0.6099213361740112,0.4785647392272949,-0.011250930838286877,0.6106427907943726,0.4291868209838867,-0.016393860802054405,0.6037018299102783,0.44328251481056213,-0.014314903877675533,0.6002033352851868,0.4679565131664276,-0.011595346964895725,0.25603342056274414,0.3674758970737457,-2.0867392436230148e-07,0.23682111501693726,0.3377665579319,-0.006570296362042427,0.23413535952568054,0.2853785455226898,-0.008314372040331364,0.2495904117822647,0.2559191584587097,-0.01094091683626175,0.2678866684436798,0.2604956328868866,-0.012095972895622253,0.24694600701332092,0.24623006582260132,0.00286673242226243,0.24948462843894958,0.20465345680713654,-0.006184916477650404,0.2422567456960678,0.2084609419107437,-0.012378914281725883,0.23781736195087433,0.22910013794898987,-0.015156516805291176,0.261928528547287,0.24678513407707214,0.0020216861739754677,0.26871201395988464,0.1936166137456894,-0.006795162335038185,0.25909560918807983,0.19916576147079468,-0.010110960341989994,0.25374430418014526,0.22475141286849976,-0.009730318561196327,0.2761567234992981,0.256878137588501,-0.001015745452605188,0.2871480882167816,0.2073117047548294,-0.010161582380533218,0.2783328592777252,0.20788441598415375,-0.012702523730695248,0.2723280191421509,0.22830648720264435,-0.011702995747327805,0.29009753465652466,0.2745552062988281,-0.004920045379549265,0.29648977518081665,0.24101033806800842,-0.012098203413188457,0.2908107340335846,0.23462896049022675,-0.014813011512160301,0.2854245901107788,0.24514338374137878,-0.015046054497361183
9,0.5823336839675903,0.599860429763794,-2.61415152635891e-07,0.5558461546897888,0.5620710849761963,-0.0070675574243068695,0.5440075397491455,0.5122513175010681,-0.011422635987401009,0.5612572431564331,0.48518332839012146,-0.017465198412537575,0.5806297063827515,0.5033981800079346,-0.021254725754261017,0.5563147068023682,0.4487725496292114,0.002454513916745782,0.5554365515708923,0.39027339220046997,-0.009455502964556217,0.5521125197410583,0.42427459359169006,-0.01803917996585369,0.5522978901863098,0.45662638545036316,-0.022907178848981857,0.5749679207801819,0.4494641423225403,4.627506496035494e-05,0.5757120847702026,0.385547935962677,-0.01158564630895853,0.5700506567955017,0.42883116006851196,-0.014966614544391632,0.5689890384674072,0.45885321497917175,-0.01477109920233488,0.5915751457214355,0.45815226435661316,-0.004826309625059366,0.5953225493431091,0.3977710008621216,-0.013564016669988632,0.5885459184646606,0.43067657947540283,-0.0106631675735116,0.5869945287704468,0.46260154247283936,-0.006479585077613592,0.6099213361740112,0.4785647392272949,-0.011250930838286877,0.6106427907943726,0.4291868209838867,-0.016393860802054405,0.6037018299102783,0.44328251481056213,-0.014314903877675533,0.6002033352851868,0.4679565131664276,-0.011595346964895725,0.25603342056274414,0.3674758970737457,-2.0867392436230148e-07,0.23682111501693726,0.3377665579319,-0.006570296362042427,0.23413535952568054,0.2853785455226898,-0.008314372040331364,0.2495904117822647,0.2559191584587097,-0.01094091683626175,0.2678866684436798,0.2604956328868866,-0.012095972895622253,0.24694600701332092,0.24623006582260132,0.00286673242226243,0.24948462843894958,0.20465345680713654,-0.006184916477650404,0.2422567456960678,0.2084609419107437,-0.012378914281725883,0.23781736195087433,0.22910013794898987,-0.015156516805291176,0.261928528547287,0.24678513407707214,0.0020216861739754677,0.26871201395988464,0.1936166137456894,-0.006795162335038185,0.25909560918807983,0.19916576147079468,-0.010110960341989994,0.25374430418014526,0.22475141286849976,-0.009730318561196327,0.2761567234992981,0.256878137588501,-0.001015745452605188,0.2871480882167816,0.2073117047548294,-0.010161582380533218,0.2783328592777252,0.20788441598415375,-0.012702523730695248,0.2723280191421509,0.22830648720264435,-0.011702995747327805,0.29009753465652466,0.2745552062988281,-0.004920045379549265,0.29648977518081665,0.24101033806800842,-0.012098203413188457,0.2908107340335846,0.23462896049022675,-0.014813011512160301,0.2854245901107788,0.24514338374137878,-0.015046054497361183
10,0.581203281879425,0.5977603197097778,-2.4669901677043526e-07,0.5551412105560303,0.565727710723877,-0.007432825863361359,0.5423328280448914,0.5122895240783691,-0.011950196698307991,0.5579607486724854,0.4849366545677185,-0.018210943788290024,0.5766482949256897,0.5030103921890259,-0.022425750270485878,0.5546402335166931,0.4475609064102173,0.0010168987791985273,0.5562998056411743,0.38938286900520325,-0.011190265417098999,0.5513955950737,0.42455655336380005,-0.01901135966181755,0.5510446429252625,0.4568229913711548,-0.023056359961628914,0.5733984112739563,0.44918736815452576,-0.0016665838193148375,0.5757340788841248,0.38569486141204834,-0.014134795404970646,0.5694913268089294,0.4289223849773407,-0.017310278490185738,0.5687122941017151,0.4611523449420929,-0.016264354810118675,0.590830385684967,0.458905965089798,-0.006858940236270428,0.5945431590080261,0.3979383111000061,-0.0166925135999918,0.5870280861854553,0.4336848258972168,-0.014419837854802608,0.5853148102760315,0.466670960187912,-0.009991553612053394,0.6092748641967773,0.4778999090194702,-0.013522854074835777,0.6103600859642029,0.42904889583587646,-0.019945332780480385,0.6021985411643982,0.4442080855369568,-0.018838586285710335,0.5979554057121277,0.46861591935157776,-0.01637169159948826,0.25373780727386475,0.3647479712963104,-2.1422211204935593e-07,0.23360398411750793,0.3325408697128296,-0.006156236864626408,0.2297457605600357,0.2821989357471466,-0.007512720301747322,0.24358239769935608,0.2510891854763031,-0.009847053326666355,0.2597195506095886,0.2546570897102356,-0.010447239503264427,0.24317151308059692,0.24338051676750183,0.005329701583832502,0.24613943696022034,0.2005660980939865,-0.0031978636980056763,0.23846566677093506,0.2029748558998108,-0.00912571046501398,0.23356828093528748,0.22236256301403046,-0.011689800769090652,0.2585558295249939,0.24322348833084106,0.004644409753382206,0.2649953365325928,0.19084779918193817,-0.004190379288047552,0.254938542842865,0.19748984277248383,-0.007496441248804331,0.2490701973438263,0.22301961481571198,-0.006700527388602495,0.2729673981666565,0.25227490067481995,0.0017052114708349109,0.28187432885169983,0.20446421205997467,-0.006508623715490103,0.2735633850097656,0.20420154929161072,-0.008024469017982483,0.26796457171440125,0.22379933297634125,-0.00609990069642663,0.2875155210494995,0.2698071002960205,-0.0022381646558642387,0.29312780499458313,0.23800165951251984,-0.007492576725780964,0.2879350781440735,0.22823597490787506,-0.009063751436769962,0.28261879086494446,0.2350550889968872,-0.008483105339109898
11,0.25270846486091614,0.35748153924942017,-2.2125807674910902e-07,0.23247601091861725,0.3277929723262787,-0.0063630654476583,0.22824975848197937,0.27972713112831116,-0.008865460753440857,0.24154998362064362,0.2503352165222168,-0.0123819038271904,0.2567180097103119,0.25350886583328247,-0.0144038125872612,0.2421347200870514,0.24006305634975433,0.002977632451802492,0.2444542497396469,0.1955750286579132,-0.006043361499905586,0.23754829168319702,0.20121663808822632,-0.012306665070354939,0.23342111706733704,0.22395865619182587,-0.015081203542649746,0.2576187551021576,0.23945826292037964,0.002094110706821084,0.26269492506980896,0.18581774830818176,-0.006772571709007025,0.25343769788742065,0.19638550281524658,-0.010341736488044262,0.24907994270324707,0.22486384212970734,-0.010053507052361965,0.2724536955356598,0.24768492579460144,-0.0008044976275414228,0.2794917821884155,0.19846206903457642,-0.009078028611838818,0.2707425057888031,0.20506474375724792,-0.010224315337836742,0.26606735587120056,0.23007550835609436,-0.008251729421317577,0.2875671088695526,0.26390114426612854,-0.004682220984250307,0.2906871736049652,0.23019343614578247,-0.010340037755668163,0.28466352820396423,0.22636626660823822,-0.01151344459503889,0.27998754382133484,0.23965689539909363,-0.010613920167088509,0.5808517336845398,0.5965675711631775,-2.45607111537538e-07,0.5544130206108093,0.5662316679954529,-0.00740803824737668,0.5417014360427856,0.5140050649642944,-0.011430191807448864,0.5571953654289246,0.4868285655975342,-0.01702016405761242,0.5763795375823975,0.5032479166984558,-0.020646661520004272,0.5551364421844482,0.44960200786590576,0.0010638718958944082,0.5551588535308838,0.39225468039512634,-0.010816001333296299,0.550504207611084,0.42503243684768677,-0.018412897363305092,0.5501351356506348,0.45722097158432007,-0.022196607664227486,0.5739841461181641,0.4499035179615021,-0.0013204108690842986,0.5751730799674988,0.38720807433128357,-0.013512016274034977,0.5688337683677673,0.4301642179489136,-0.01652049645781517,0.56831955909729,0.46211081743240356,-0.015241426415741444,0.5909252762794495,0.45935165882110596,-0.006150301080197096,0.5944970846176147,0.3996273875236511,-0.0160769522190094,0.5867584943771362,0.4341696798801422,-0.013713331893086433,0.5853376984596252,0.46635204553604126,-0.00905647687613964,0.6088923811912537,0.4789176881313324,-0.012380901724100113,0.6106210947036743,0.4295932948589325,-0.018860984593629837,0.602228045463562,0.4435480535030365,-0.017482822760939598,0.5976672768592834,0.46732738614082336,-0.01469581387937069
12,0.25270411372184753,0.3512309193611145,-2.105115726180884e-07,0.2321433573961258,0.32293733954429626,-0.007511320989578962,0.22845196723937988,0.27385783195495605,-0.010224309749901295,0.24291463196277618,0.2455178052186966,-0.013688139617443085,0.25970032811164856,0.2504885196685791,-0.015597029589116573,0.24019798636436462,0.23588025569915771,0.0012079396983608603,0.24173860251903534,0.1913686990737915,-0.00809408351778984,0.23617857694625854,0.19868764281272888,-0.014384779147803783,0.23318341374397278,0.22215718030929565,-0.01718338578939438,0.25576314330101013,0.2349151372909546,0.0008691770490258932,0.26038992404937744,0.1825537532567978,-0.008349021896719933,0.25192567706108093,0.1950955092906952,-0.01180055271834135,0.2483171969652176,0.22453944385051727,-0.011365924030542374,0.2705780863761902,0.242953822016716,-0.0015624819789081812,0.2775883376598358,0.19455766677856445,-0.010245928540825844,0.26914429664611816,0.203020840883255,-0.011422605253756046,0.26498955488204956,0.22913745045661926,-0.009359545074403286,0.28550592064857483,0.2583858072757721,-0.00505676306784153,0.2888244092464447,0.22424925863742828,-0.01131957396864891,0.2828811705112457,0.2235228270292282,-0.012750642374157906,0.27862876653671265,0.24012678861618042,-0.011945688165724277,0.5812148451805115,0.5990483164787292,-2.4760828409853275e-07,0.5550129413604736,0.5670291781425476,-0.007520854938775301,0.5421003699302673,0.5142129063606262,-0.012068444862961769,0.5573866367340088,0.4860955774784088,-0.01828712783753872,0.5763287544250488,0.5022051334381104,-0.022427594289183617,0.5547301769256592,0.4501298666000366,0.0006727604195475578,0.5557688474655151,0.39129483699798584,-0.011652454733848572,0.5513675212860107,0.4253102242946625,-0.019468311220407486,0.5513496994972229,0.45744383335113525,-0.023479342460632324,0.5734046101570129,0.45153021812438965,-0.0019536882173269987,0.5753474831581116,0.38757917284965515,-0.014462176710367203,0.5693376660346985,0.4308003783226013,-0.017703628167510033,0.5688778162002563,0.46266400814056396,-0.016807647421956062,0.5905812978744507,0.4611254334449768,-0.007065721321851015,0.5942856669425964,0.3993663787841797,-0.016997896134853363,0.58684903383255,0.43502843379974365,-0.014480775222182274,0.585552990436554,0.468086302280426,-0.009971722029149532,0.6089326739311218,0.48021095991134644,-0.013652406632900238,0.6102103590965271,0.43048298358917236,-0.02015019580721855,0.6020424962043762,0.4457034766674042,-0.018873997032642365,0.5980339646339417,0.47035911679267883,-0.016332043334841728
13,0.25270411372184753,0.3512309193611145,-2.105115726180884e-07,0.2321433573961258,0.32293733954429626,-0.007511320989578962,0.22845196723937988,0.27385783195495605,-0.010224309749901295,0.24291463196277618,0.2455178052186966,-0.013688139617443085,0.25970032811164856,0.2504885196685791,-0.015597029589116573,0.24019798636436462,0.23588025569915771,0.0012079396983608603,0.24173860251903534,0.1913686990737915,-0.00809408351778984,0.23617857694625854,0.19868764281272888,-0.014384779147803783,0.23318341374397278,0.22215718030929565,-0.01718338578939438,0.25576314330101013,0.2349151372909546,0.0008691770490258932,0.26038992404937744,0.1825537532567978,-0.008349021896719933,0.25192567706108093,0.1950955092906952,-0.01180055271834135,0.2483171969652176,0.22453944385051727,-0.011365924030542374,0.2705780863761902,0.242953822016716,-0.0015624819789081812,0.2775883376598358,0.19455766677856445,-0.010245928540825844,0.26914429664611816,0.203020840883255,-0.011422605253756046,0.26498955488204956,0.22913745045661926,-0.009359545074403286,0.28550592064857483,0.2583858072757721,-0.00505676306784153,0.2888244092464447,0.22424925863742828,-0.01131957396864891,0.2828811705112457,0.2235228270292282,-0.012750642374157906,0.27862876653671265,0.24012678861618042,-0.011945688165724277,0.5812148451805115,0.5990483164787292,-2.4760828409853275e-07,0.5550129413604736,0.5670291781425476,-0.007520854938775301,0.5421003699302673,0.5142129063606262,-0.012068444862961769,0.5573866367340088,0.4860955774784088,-0.01828712783753872,0.5763287544250488,0.5022051334381104,-0.022427594289183617,0.5547301769256592,0.4501298666000366,0.0006727604195475578,0.5557688474655151,0.39129483699798584,-0.011652454733848572,0.5513675212860107,0.4253102242946625,-0.019468311220407486,0.5513496994972229,0.45744383335113525,-0.023479342460632324,0.5734046101570129,0.45153021812438965,-0.0019536882173269987,0.5753474831581116,0.38757917284965515,-0.014462176710367203,0.5693376660346985,0.4308003783226013,-0.017703628167510033,0.5688778162002563,0.46266400814056396,-0.016807647421956062,0.5905812978744507,0.4611254334449768,-0.007065721321851015,0.5942856669425964,0.3993663787841797,-0.016997896134853363,0.58684903383255,0.43502843379974365,-0.014480775222182274,0.585552990436554,0.468086302280426,-0.009971722029149532,0.6089326739311218,0.48021095991134644,-0.013652406632900238,0.6102103590965271,0.43048298358917236,-0.02015019580721855,0.6020424962043762,0.4457034766674042,-0.018873997032642365,0.5980339646339417,0.47035911679267883,-0.016332043334841728
14,0.2514873147010803,0.3505692481994629,-2.1047949871899618e-07,0.23158486187458038,0.321718692779541,-0.007071001920849085,0.22778166830539703,0.274081826210022,-0.00941870640963316,0.24206894636154175,0.246673583984375,-0.012572875246405602,0.25804799795150757,0.2525772154331207,-0.014177084900438786,0.24000148475170135,0.23419009149074554,0.0022284998558461666,0.2421550750732422,0.1910177767276764,-0.006632748991250992,0.2352658212184906,0.19786429405212402,-0.01243576966226101,0.2308363914489746,0.22014841437339783,-0.014878333546221256,0.25510767102241516,0.23388725519180298,0.0017032319447025657,0.25974684953689575,0.18162305653095245,-0.007338060066103935,0.25058478116989136,0.19377732276916504,-0.010359169915318489,0.24604466557502747,0.22176912426948547,-0.00947824027389288,0.26969072222709656,0.2422695904970169,-0.0009206047398038208,0.2759648561477661,0.19408196210861206,-0.009954611770808697,0.2675608694553375,0.20449721813201904,-0.01090565137565136,0.2633785605430603,0.2297925502061844,-0.008442435413599014,0.2843398153781891,0.258137047290802,-0.004487304948270321,0.28719353675842285,0.22227881848812103,-0.011157005093991756,0.280702143907547,0.2240041047334671,-0.012113544158637524,0.27640247344970703,0.24136868119239807,-0.010760038159787655,0.5795004963874817,0.6016169190406799,-2.4990404767777363e-07,0.553875207901001,0.568305492401123,-0.007416021078824997,0.5418584942817688,0.5146973729133606,-0.01211162842810154,0.557876706123352,0.48859652876853943,-0.018626339733600616,0.5768045783042908,0.5063918232917786,-0.023115821182727814,0.5539000630378723,0.45057395100593567,0.0007210695766843855,0.5547810196876526,0.3913097381591797,-0.011810587719082832,0.5502309203147888,0.4269675016403198,-0.019736289978027344,0.5500879287719727,0.4604078531265259,-0.023725181818008423,0.5725510716438293,0.452441930770874,-0.0020816444884985685,0.5747337937355042,0.38836532831192017,-0.014999866485595703,0.5686960220336914,0.43183431029319763,-0.018323836848139763,0.5678272247314453,0.4648706912994385,-0.01730596460402012,0.5902000665664673,0.4622207283973694,-0.00739099457859993,0.5939832329750061,0.3998965322971344,-0.017342761158943176,0.5862664580345154,0.4360816776752472,-0.014764724299311638,0.5845173597335815,0.4692659378051758,-0.010127448476850986,0.6089498400688171,0.4810730516910553,-0.01419979427009821,0.6100154519081116,0.4317780137062073,-0.020319094881415367,0.6017197370529175,0.44827204942703247,-0.018755890429019928,0.5978550910949707,0.4734262228012085,-0.01603216864168644
15,0.25039243698120117,0.35748860239982605,-2.0039371406710416e-07,0.2289222925901413,0.32883673906326294,-0.009276279248297215,0.2252461016178131,0.2771350145339966,-0.011730793863534927,0.240118607878685,0.24473418295383453,-0.014517555013298988,0.25708338618278503,0.24891221523284912,-0.015411971136927605,0.2370888590812683,0.23635375499725342,0.0013953925808891654,0.23985475301742554,0.19109028577804565,-0.007900065742433071,0.2331266552209854,0.19607225060462952,-0.013835446909070015,0.228431835770607,0.21737782657146454,-0.016254447400569916,0.25328296422958374,0.23550266027450562,0.002107904991135001,0.25881803035736084,0.18130159378051758,-0.007285661064088345,0.249880850315094,0.19232206046581268,-0.010485985316336155,0.24465025961399078,0.22077994048595428,-0.009485036134719849,0.26826024055480957,0.24360652267932892,0.00041717971907928586,0.2758232653141022,0.19374950230121613,-0.009412059560418129,0.2678054869174957,0.20286671817302704,-0.010936586186289787,0.2630993127822876,0.22987951338291168,-0.008489111438393593,0.2833716869354248,0.2586672902107239,-0.002412833273410797,0.28688403964042664,0.2224377542734146,-0.010451233945786953,0.2813693583011627,0.2216828465461731,-0.012842012569308281,0.277411550283432,0.2384616583585739,-0.012160124257206917,0.5804745554924011,0.6035008430480957,-2.5473070763837313e-07,0.5545104146003723,0.5675250291824341,-0.00832073949277401,0.5420061945915222,0.5150188207626343,-0.014049381949007511,0.5584167242050171,0.4910614490509033,-0.021520743146538734,0.5784246921539307,0.5086066126823425,-0.026817426085472107,0.5534140467643738,0.45107704401016235,-0.0009300620295107365,0.5550320744514465,0.39089319109916687,-0.013991462998092175,0.5503898859024048,0.42791837453842163,-0.022095872089266777,0.5498287677764893,0.46109169721603394,-0.026185298338532448,0.5722593069076538,0.4531104564666748,-0.0034973707515746355,0.5749828815460205,0.38784000277519226,-0.016646718606352806,0.569115936756134,0.4328857958316803,-0.020029909908771515,0.567994236946106,0.466308057308197,-0.019209718331694603,0.590275228023529,0.4630950093269348,-0.00860257912427187,0.5941910743713379,0.4000159502029419,-0.018718469887971878,0.5869458913803101,0.43677830696105957,-0.016552885994315147,0.5847801566123962,0.4703904986381531,-0.012266880832612514,0.6090378761291504,0.4817379117012024,-0.015251096338033676,0.6102426648139954,0.43113675713539124,-0.021631132811307907,0.6019240021705627,0.44599977135658264,-0.020456455647945404,0.5968620181083679,0.47077393531799316,-0.018028847873210907
16,0.25039243698120117,0.35748860239982605,-2.0039371406710416e-07,0.2289222925901413,0.32883673906326294,-0.009276279248297215,0.2252461016178131,0.2771350145339966,-0.011730793863534927,0.240118607878685,0.24473418295383453,-0.014517555013298988,0.25708338618278503,0.24891221523284912,-0.015411971136927605,0.2370888590812683,0.23635375499725342,0.0013953925808891654,0.23985475301742554,0.19109028577804565,-0.007900065742433071,0.2331266552209854,0.19607225060462952,-0.013835446909070015,0.228431835770607,0.21737782657146454,-0.016254447400569916,0.25328296422958374,0.23550266027450562,0.002107904991135001,0.25881803035736084,0.18130159378051758,-0.007285661064088345,0.249880850315094,0.19232206046581268,-0.010485985316336155,0.24465025961399078,0.22077994048595428,-0.009485036134719849,0.26826024055480957,0.24360652267932892,0.00041717971907928586,0.2758232653141022,0.19374950230121613,-0.009412059560418129,0.2678054869174957,0.20286671817302704,-0.010936586186289787,0.2630993127822876,0.22987951338291168,-0.008489111438393593,0.2833716869354248,0.2586672902107239,-0.002412833273410797,0.28688403964042664,0.2224377542734146,-0.010451233945786953,0.2813693583011627,0.2216828465461731,-0.012842012569308281,0.277411550283432,0.2384616583585739,-0.012160124257206917,0.5804745554924011,0.6035008430480957,-2.5473070763837313e-07,0.5545104146003723,0.5675250291824341,-0.00832073949277401,0.5420061945915222,0.5150188207626343,-0.014049381949007511,0.5584167242050171,0.4910614490509033,-0.021520743146538734,0.5784246921539307,0.5086066126823425,-0.026817426085472107,0.5534140467643738,0.45107704401016235,-0.0009300620295107365,0.5550320744514465,0.39089319109916687,-0.013991462998092175,0.5503898859024048,0.42791837453842163,-0.022095872089266777,0.5498287677764893,0.46109169721603394,-0.026185298338532448,0.5722593069076538,0.4531104564666748,-0.0034973707515746355,0.5749828815460205,0.38784000277519226,-0.016646718606352806,0.569115936756134,0.4328857958316803,-0.020029909908771515,0.567994236946106,0.466308057308197,-0.019209718331694603,0.590275228023529,0.4630950093269348,-0.00860257912427187,0.5941910743713379,0.4000159502029419,-0.018718469887971878,0.5869458913803101,0.43677830696105957,-0.016552885994315147,0.5847801566123962,0.4703904986381531,-0.012266880832612514,0.6090378761291504,0.4817379117012024,-0.015251096338033676,0.6102426648139954,0.43113675713539124,-0.021631132811307907,0.6019240021705627,0.44599977135658264,-0.020456455647945404,0.5968620181083679,0.47077393531799316,-0.018028847873210907
17,0.250270813703537,0.35509172081947327,-2.1730308219503058e-07,0.22992926836013794,0.32650768756866455,-0.008768388070166111,0.22686301171779633,0.27416926622390747,-0.011339192278683186,0.24222375452518463,0.24466127157211304,-0.0140604879707098,0.2599107623100281,0.25161758065223694,-0.015065832994878292,0.23719243705272675,0.23496215045452118,-0.0005219641025178134,0.23961542546749115,0.1887989193201065,-0.0094290254637599,0.2340581715106964,0.19983892142772675,-0.01469465997070074,0.2308071106672287,0.2230178415775299,-0.016935547813773155,0.25335076451301575,0.2331235706806183,-2.2511092538479716e-05,0.25796470046043396,0.17834971845149994,-0.009232032112777233,0.2494436800479889,0.1959017515182495,-0.011394524946808815,0.24587737023830414,0.225082665681839,-0.009934685193002224,0.2689853608608246,0.240142360329628,-0.0016718620900064707,0.2751837372779846,0.19107207655906677,-0.011301320046186447,0.2666099965572357,0.20570188760757446,-0.012007585726678371,0.2628476917743683,0.2314208745956421,-0.009374136105179787,0.2845650017261505,0.25446194410324097,-0.004335138946771622,0.28508302569389343,0.21986116468906403,-0.012189563363790512,0.2783048450946808,0.2263052761554718,-0.013773525133728981,0.2750651240348816,0.24531298875808716,-0.012808127328753471,0.5806229710578918,0.6041083931922913,-2.645361973918625e-07,0.554214596748352,0.5684372186660767,-0.007779086474329233,0.5419028401374817,0.5159913301467896,-0.012921434827148914,0.5585094690322876,0.48955652117729187,-0.019843896850943565,0.5782469511032104,0.5067716836929321,-0.02463076449930668,0.5540661215782166,0.45363977551460266,-0.00041721347952261567,0.5545026063919067,0.39332422614097595,-0.012849179096519947,0.5500091314315796,0.42992958426475525,-0.020505065098404884,0.5501257181167603,0.4626022279262543,-0.02448268234729767,0.572618842124939,0.45468077063560486,-0.0031515327282249928,0.5746999979019165,0.3887413740158081,-0.015767987817525864,0.5687177181243896,0.432522714138031,-0.018749361857771873,0.5679441094398499,0.465454638004303,-0.017794925719499588,0.5903589725494385,0.4639621675014496,-0.008349241688847542,0.5937186479568481,0.4010423719882965,-0.018173446878790855,0.5863335132598877,0.4374164640903473,-0.015707746148109436,0.584600031375885,0.47065266966819763,-0.01136490423232317,0.6087552905082703,0.48220503330230713,-0.015065132640302181,0.6095839142799377,0.4323022961616516,-0.021400390192866325,0.6011861562728882,0.4477704167366028,-0.02012217789888382,0.5965451598167419,0.4731750190258026,-0.017661981284618378
18,0.2491047978401184,0.355784147977829,-2.1270697914133052e-07,0.22883997857570648,0.3287789523601532,-0.008783810772001743,0.22529031336307526,0.2796085774898529,-0.011107432655990124,0.23937085270881653,0.2478407472372055,-0.013593143783509731,0.25678616762161255,0.24800415337085724,-0.014128144830465317,0.2368437647819519,0.24001802504062653,-0.0006576036103069782,0.2393515706062317,0.19272981584072113,-0.009950806386768818,0.2323850393295288,0.1991356760263443,-0.014488700777292252,0.228834331035614,0.2212209850549698,-0.015789324417710304,0.2522833049297333,0.2384786754846573,-2.222994044132065e-05,0.2575117349624634,0.18182340264320374,-0.009935135021805763,0.2477843016386032,0.19381384551525116,-0.011454496532678604,0.2437433898448944,0.22250571846961975,-0.008919600397348404,0.26718205213546753,0.24636246263980865,-0.001634391606785357,0.27378299832344055,0.1949823498725891,-0.012176554650068283,0.2648124098777771,0.20578062534332275,-0.011978300288319588,0.26161763072013855,0.23205143213272095,-0.007999145425856113,0.2823968529701233,0.2611571252346039,-0.004236017353832722,0.2846533954143524,0.22323864698410034,-0.012900315225124359,0.2778594493865967,0.2247067242860794,-0.014379234053194523,0.2746942341327667,0.24272647500038147,-0.012705826200544834,0.5800096988677979,0.6034927368164062,-2.698033938486333e-07,0.5537919998168945,0.5685817003250122,-0.008324201218783855,0.5419043898582458,0.5162896513938904,-0.013780392706394196,0.5588075518608093,0.4906715452671051,-0.020989082753658295,0.5787747502326965,0.5070626735687256,-0.026039719581604004,0.5535076856613159,0.4537316560745239,-0.0007317292620427907,0.554448127746582,0.39407721161842346,-0.013632608577609062,0.5494868159294128,0.4314427673816681,-0.021820416674017906,0.5491452217102051,0.4646855890750885,-0.026076624169945717,0.5717694759368896,0.45530688762664795,-0.003221058752387762,0.5736710429191589,0.3892884850502014,-0.015919674187898636,0.5675404071807861,0.433498352766037,-0.019176732748746872,0.5666165947914124,0.4668126404285431,-0.018455717712640762,0.5896242260932922,0.46489450335502625,-0.008255981840193272,0.5934000015258789,0.40074828267097473,-0.018116746097803116,0.5861400961875916,0.4364755153656006,-0.015814518555998802,0.5839232802391052,0.4697674810886383,-0.01164599321782589,0.6084660887718201,0.48337334394454956,-0.014850469306111336,0.609589159488678,0.43241986632347107,-0.021229024976491928,0.6011340618133545,0.4477746784687042,-0.01995660550892353,0.5958163738250732,0.47346416115760803,-0.017544317990541458
19,0.5810216665267944,0.6055565476417542,-2.678883674889221e-07,0.5545427799224854,0.5701465606689453,-0.008282802067697048,0.5422406792640686,0.5168938040733337,-0.013619670644402504,0.5591613054275513,0.4897419512271881,-0.020648473873734474,0.5788394808769226,0.5082702040672302,-0.02558603323996067,0.5540739297866821,0.45492976903915405,-0.0004698086704593152,0.5541880130767822,0.3942008912563324,-0.01326074916869402,0.549665093421936,0.4303439259529114,-0.021502552554011345,0.5498104691505432,0.46316254138946533,-0.02592020109295845,0.572677731513977,0.45617544651031494,-0.0029820736963301897,0.573792576789856,0.3894530236721039,-0.01550587173551321,0.5676867961883545,0.43369442224502563,-0.018627891317009926,0.5669652223587036,0.4661174714565277,-0.017892945557832718,0.5903645753860474,0.46565982699394226,-0.0080481618642807,0.5936015844345093,0.4014005959033966,-0.017797915264964104,0.5861597657203674,0.43719831109046936,-0.015197135508060455,0.5842067003250122,0.46992048621177673,-0.010910349898040295,0.6090627312660217,0.4847211539745331,-0.014683157205581665,0.6096135377883911,0.4330001473426819,-0.020898055285215378,0.6014448404312134,0.44902777671813965,-0.019343655556440353,0.5969792008399963,0.47503137588500977,-0.016805822029709816,0.24850432574748993,0.35721060633659363,-2.031990078421586e-07,0.22846519947052002,0.32805004715919495,-0.008605053648352623,0.22456419467926025,0.28108349442481995,-0.011362128891050816,0.23768681287765503,0.2497764676809311,-0.014429779723286629,0.25267350673675537,0.2474554479122162,-0.015652433037757874,0.23617325723171234,0.23971451818943024,-0.0005132848164066672,0.2388114184141159,0.19377991557121277,-0.009573059156537056,0.23155610263347626,0.19986486434936523,-0.014612662605941296,0.22769302129745483,0.22027075290679932,-0.0164564810693264,0.2515006363391876,0.23847025632858276,-0.00026302249170839787,0.25647205114364624,0.18328288197517395,-0.009830625727772713,0.24714750051498413,0.19580915570259094,-0.012011612765491009,0.24303482472896576,0.2240108996629715,-0.010221265256404877,0.26643669605255127,0.24659590423107147,-0.0021947603672742844,0.27308860421180725,0.19498008489608765,-0.012088656425476074,0.26489517092704773,0.20532047748565674,-0.012490345165133476,0.2613421380519867,0.23130565881729126,-0.00923643633723259,0.28176072239875793,0.26140084862709045,-0.0051410202868282795,0.28476694226264954,0.2248574048280716,-0.013017266988754272,0.2786240577697754,0.22410787642002106,-0.014587066136300564,0.27505984902381897,0.23948772251605988,-0.013268861919641495
20,0.24682408571243286,0.35317671298980713,-1.9821432317712606e-07,0.22768107056617737,0.3251091539859772,-0.008359747938811779,0.22378437221050262,0.27722716331481934,-0.011593013070523739,0.23775014281272888,0.24814581871032715,-0.015408443287014961,0.254741907119751,0.2518339455127716,-0.01753394678235054,0.235666885972023,0.23665660619735718,8.015673665795475e-05,0.23800808191299438,0.19208355247974396,-0.009244970045983791,0.23063915967941284,0.19877475500106812,-0.014988268725574017,0.2264419049024582,0.22108888626098633,-0.01731482893228531,0.2505534589290619,0.23677918314933777,1.0818031114467885e-05,0.2560681700706482,0.18305926024913788,-0.009265048429369926,0.24636505544185638,0.19320885837078094,-0.012153560295701027,0.24185281991958618,0.2201860100030899,-0.011279232800006866,0.26503920555114746,0.24539662897586823,-0.0022301157005131245,0.2731660306453705,0.1952306479215622,-0.01164912711828947,0.2641667127609253,0.20321613550186157,-0.01258178148418665,0.2597367465496063,0.22784624993801117,-0.010079746134579182,0.2797771990299225,0.2610480785369873,-0.005487405229359865,0.28420066833496094,0.22260142862796783,-0.012329977937042713,0.27802640199661255,0.2218914031982422,-0.013362838886678219,0.27398863434791565,0.23822496831417084,-0.012083673849701881,0.5800570845603943,0.6042771935462952,-2.4866770331755106e-07,0.5540410876274109,0.5703607201576233,-0.008681923151016235,0.5418953895568848,0.516109824180603,-0.014110257849097252,0.5586844682693481,0.49060553312301636,-0.021197296679019928,0.5780923366546631,0.5095057487487793,-0.026190349832177162,0.5541157126426697,0.45319807529449463,-0.0006258114008232951,0.5550889372825623,0.3936898112297058,-0.013664396479725838,0.5505157113075256,0.4300236999988556,-0.022003237158060074,0.5506782531738281,0.46276527643203735,-0.026349132880568504,0.5723748803138733,0.4550681710243225,-0.0030408676248043776,0.5745101571083069,0.38957828283309937,-0.016045134514570236,0.5687077045440674,0.4320322871208191,-0.019535258412361145,0.5680030584335327,0.46478545665740967,-0.018780427053570747,0.590054452419281,0.4646536111831665,-0.008082953281700611,0.5937902927398682,0.40036246180534363,-0.018261121585965157,0.5868275165557861,0.4356708228588104,-0.01626002974808216,0.5850869417190552,0.4688756465911865,-0.012083089910447598,0.6086635589599609,0.48282089829444885,-0.014730134978890419,0.6094363331794739,0.43256428837776184,-0.02151063084602356,0.6014512181282043,0.4484688341617584,-0.0206140149384737,0.5972713232040405,0.47445693612098694,-0.018317189067602158
21,0.2461542934179306,0.3583158850669861,-2.1054238175111095e-07,0.2254716157913208,0.3287363350391388,-0.007598193362355232,0.22050587832927704,0.2796880006790161,-0.010115597397089005,0.2347162961959839,0.24723900854587555,-0.013473082333803177,0.25219517946243286,0.24857944250106812,-0.01503117848187685,0.23298093676567078,0.2372092604637146,0.0017490622121840715,0.23535096645355225,0.19084672629833221,-0.007303370628505945,0.228051096200943,0.19750818610191345,-0.012983869761228561,0.22402922809123993,0.21977274119853973,-0.01525027584284544,0.2485499531030655,0.23631858825683594,0.001373302424326539,0.2541060745716095,0.1811632215976715,-0.007608986459672451,0.24492241442203522,0.19305723905563354,-0.010423000901937485,0.24082764983177185,0.2206314504146576,-0.009374493733048439,0.26333165168762207,0.2446642965078354,-0.0011503496207296848,0.2714374363422394,0.19333100318908691,-0.010051848366856575,0.26302623748779297,0.20391963422298431,-0.010512854903936386,0.258802592754364,0.23001904785633087,-0.007658036425709724,0.2781746983528137,0.2605329751968384,-0.004742213524878025,0.28384655714035034,0.22214767336845398,-0.011213669553399086,0.2779380977153778,0.22019757330417633,-0.012115489691495895,0.2730289697647095,0.23545107245445251,-0.01068374328315258,0.5798661112785339,0.6042479276657104,-2.648456245424313e-07,0.5541922450065613,0.5685732364654541,-0.007924784906208515,0.5425551533699036,0.5158066153526306,-0.013242339715361595,0.5589553117752075,0.4897204637527466,-0.020396346226334572,0.5779174566268921,0.5077890753746033,-0.025474220514297485,0.5548353791236877,0.45409953594207764,-8.085482841124758e-05,0.5548019409179688,0.3943890333175659,-0.013103227131068707,0.5499842166900635,0.4308531582355499,-0.021448666229844093,0.550076961517334,0.46390753984451294,-0.02574586309492588,0.572922945022583,0.45610639452934265,-0.0027855783700942993,0.5740689635276794,0.39014890789985657,-0.015631001442670822,0.5677297711372375,0.4337053596973419,-0.018964366987347603,0.5668820738792419,0.46669474244117737,-0.018171871080994606,0.5904375314712524,0.4657458961009979,-0.00804563332349062,0.5938917398452759,0.4010459780693054,-0.0178835466504097,0.586452841758728,0.4358736574649811,-0.015546497888863087,0.5843230485916138,0.4687371253967285,-0.011255946941673756,0.6088650822639465,0.4841741621494293,-0.014850128442049026,0.6096872687339783,0.43313395977020264,-0.020984943956136703,0.6017303466796875,0.44793063402175903,-0.01959751918911934,0.5972210168838501,0.4734443128108978,-0.017047615721821785
22,0.24471056461334229,0.36099573969841003,-1.8918625244168652e-07,0.22358763217926025,0.33232420682907104,-0.009059015661478043,0.21814210712909698,0.2786503732204437,-0.01203504391014576,0.232815682888031,0.24397368729114532,-0.015437315218150616,0.25151756405830383,0.2495805323123932,-0.017105283215641975,0.23084518313407898,0.23948144912719727,-0.0008839903748594224,0.23250359296798706,0.19209717214107513,-0.010619529522955418,0.22567597031593323,0.19719535112380981,-0.016639744862914085,0.22224284708499908,0.2186691015958786,-0.01913442648947239,0.24661113321781158,0.2380395084619522,-0.0006936526042409241,0.25202471017837524,0.18269988894462585,-0.009667170234024525,0.24322552978992462,0.19095546007156372,-0.01215541735291481,0.23922377824783325,0.2174837738275528,-0.011111382395029068,0.2615829110145569,0.24673114717006683,-0.0028086600359529257,0.2697485685348511,0.19503624737262726,-0.012176349759101868,0.26142454147338867,0.2019660472869873,-0.0132294911891222,0.25736096501350403,0.22743339836597443,-0.010902906768023968,0.27651160955429077,0.2626422643661499,-0.006089353933930397,0.28186357021331787,0.22389984130859375,-0.013511603698134422,0.2753296196460724,0.22132036089897156,-0.015296577475965023,0.2701699137687683,0.2375369668006897,-0.014528398402035236,0.5806874632835388,0.6043861508369446,-2.6723751034296583e-07,0.5543811917304993,0.5685163736343384,-0.007929204031825066,0.5428066849708557,0.516646146774292,-0.013180561363697052,0.5594135522842407,0.4910542964935303,-0.020278435200452805,0.5786933898925781,0.5067295432090759,-0.025272006168961525,0.5547409057617188,0.45414817333221436,0.0003828256158158183,0.5543217062950134,0.39363038539886475,-0.012955390848219395,0.5503026247024536,0.4299938380718231,-0.02182038314640522,0.5505248308181763,0.46388915181159973,-0.026426568627357483,0.572862982749939,0.4559805691242218,-0.002240948611870408,0.5735887885093689,0.3899727463722229,-0.015333504416048527,0.5680487155914307,0.4345240592956543,-0.019119810312986374,0.5672316551208496,0.4684108793735504,-0.018704842776060104,0.5904266834259033,0.46523043513298035,-0.007467926479876041,0.5935183763504028,0.4006548821926117,-0.017415182664990425,0.5868405103683472,0.43522632122039795,-0.015220537781715393,0.5848661065101624,0.4681216776371002,-0.0111122727394104,0.6091102361679077,0.48342207074165344,-0.014248518273234367,0.6097934246063232,0.4325226843357086,-0.020472005009651184,0.6022047400474548,0.4475270211696625,-0.019070487469434738,0.5975713133811951,0.47298410534858704,-0.016536731272935867
23,0.24270868301391602,0.3537137508392334,-1.8961674186357413e-07,0.22273559868335724,0.32526254653930664,-0.008267768658697605,0.21634669601917267,0.277619868516922,-0.01152851339429617,0.2281496822834015,0.24443857371807098,-0.015323800966143608,0.24303241074085236,0.2436785250902176,-0.017344392836093903,0.23018977046012878,0.2381819486618042,-0.00023268902441486716,0.23192447423934937,0.19137409329414368,-0.009315692819654942,0.22418422996997833,0.19525234401226044,-0.014816567301750183,0.22057169675827026,0.21550962328910828,-0.017118562012910843,0.2447470724582672,0.23643718659877777,-0.00026422302471473813,0.24981138110160828,0.18072181940078735,-0.009614339098334312,0.23969046771526337,0.18945446610450745,-0.01224844716489315,0.23597288131713867,0.21617992222309113,-0.011178710497915745,0.2590397000312805,0.24412880837917328,-0.0024250068236142397,0.2660234570503235,0.19166627526283264,-0.011337639763951302,0.25748202204704285,0.1979188621044159,-0.011900578625500202,0.25437837839126587,0.22283565998077393,-0.009255392476916313,0.27381134033203125,0.25970378518104553,-0.005667281337082386,0.2785441279411316,0.22061091661453247,-0.011922010220587254,0.2720623314380646,0.21766003966331482,-0.012854215689003468,0.26759642362594604,0.23388555645942688,-0.011580056510865688,0.5808048248291016,0.6065577268600464,-2.5528495939397544e-07,0.5550112724304199,0.5697867274284363,-0.008940516039729118,0.5430708527565002,0.5167728662490845,-0.014237171970307827,0.5595597624778748,0.49018579721450806,-0.021152537316083908,0.5785602331161499,0.5074650049209595,-0.02575794979929924,0.5561502575874329,0.45387282967567444,0.00045147183118388057,0.5548428893089294,0.39455562829971313,-0.0127444202080369,0.5507652163505554,0.4300350248813629,-0.020944619551301003,0.5516102313995361,0.4633778929710388,-0.025026356801390648,0.5742774605751038,0.45564985275268555,-0.001616713940165937,0.5747058987617493,0.3906475603580475,-0.015322383493185043,0.5685840249061584,0.43420979380607605,-0.01867218315601349,0.5681049823760986,0.46809515357017517,-0.017454123124480247,0.5918692946434021,0.4657037854194641,-0.006496957968920469,0.5947533845901489,0.40351107716560364,-0.01738627813756466,0.5872173309326172,0.43604931235313416,-0.015462245792150497,0.5852601528167725,0.4678071141242981,-0.01090355683118105,0.6103342771530151,0.4846998453140259,-0.013011563569307327,0.6110034584999084,0.43473756313323975,-0.019889693707227707,0.6024957299232483,0.44629907608032227,-0.019147608429193497,0.5973585844039917,0.4698036313056946,-0.016700301319360733
24,0.2439567744731903,0.35059016942977905,-1.804979916641969e-07,0.22369500994682312,0.32252854108810425,-0.007897524163126945,0.21696579456329346,0.2738816738128662,-0.010407380759716034,0.2288254201412201,0.24185818433761597,-0.01352930348366499,0.24317872524261475,0.23861904442310333,-0.015072955749928951,0.2318830043077469,0.2354246824979782,0.001830215798690915,0.2314123511314392,0.19305795431137085,-0.007015237119048834,0.22411805391311646,0.19504939019680023,-0.013088468462228775,0.2202209085226059,0.21411676704883575,-0.015761258080601692,0.24624784290790558,0.23373045027256012,0.0018865905003622174,0.248286634683609,0.18329434096813202,-0.00613500876352191,0.23864024877548218,0.18822813034057617,-0.00898766703903675,0.2349538654088974,0.21184970438480377,-0.008599674329161644,0.25991204380989075,0.24144212901592255,-0.0003562034689821303,0.2655511796474457,0.19229786098003387,-0.008688829839229584,0.25677868723869324,0.19564370810985565,-0.009325198829174042,0.25292477011680603,0.21906468272209167,-0.0069413334131240845,0.27382272481918335,0.25749439001083374,-0.0037249040324240923,0.2782925069332123,0.21915516257286072,-0.009843028150498867,0.272075355052948,0.2142549604177475,-0.01074877381324768,0.2678222358226776,0.22837790846824646,-0.009487733244895935,0.5813999772071838,0.6078194975852966,-2.6001768560490746e-07,0.5552352666854858,0.570153534412384,-0.008410511538386345,0.5431212782859802,0.5171672701835632,-0.013345842249691486,0.5593644380569458,0.49069541692733765,-0.020006371662020683,0.578300416469574,0.5097812414169312,-0.024431733414530754,0.5564560890197754,0.45378851890563965,0.0014659363077953458,0.5549723505973816,0.3948185443878174,-0.01104367058724165,0.5501638650894165,0.4299909472465515,-0.01890854351222515,0.550698459148407,0.4632776081562042,-0.02292318269610405,0.5744274854660034,0.45524710416793823,-0.000809521006885916,0.57505202293396,0.3909377157688141,-0.013702256605029106,0.5680513978004456,0.43424201011657715,-0.016686292365193367,0.567308783531189,0.4678639769554138,-0.015417831018567085,0.5917435884475708,0.4653179347515106,-0.005863332189619541,0.5949184894561768,0.4037110507488251,-0.01613592356443405,0.5866497159004211,0.43657663464546204,-0.013875214383006096,0.5844362378120422,0.46829769015312195,-0.009284401312470436,0.6098347306251526,0.4848468601703644,-0.012536983005702496,0.6107529401779175,0.43456679582595825,-0.019066015258431435,0.6019653081893921,0.4468733072280884,-0.017968719825148582,0.5968185663223267,0.47082972526550293,-0.015387010760605335
25,0.24459311366081238,0.3512920141220093,-1.8164195125791593e-07,0.22344505786895752,0.32417595386505127,-0.007800625171512365,0.21723672747612,0.2744617760181427,-0.009597433730959892,0.22898659110069275,0.23829638957977295,-0.011885622516274452,0.2427348792552948,0.23500309884548187,-0.0124918632209301,0.2293948084115982,0.2360718995332718,0.0011896303622052073,0.2304648756980896,0.1908896267414093,-0.007200047839432955,0.22443747520446777,0.1924741566181183,-0.01188721228390932,0.22199060022830963,0.21138568222522736,-0.013467825949192047,0.24477986991405487,0.23328204452991486,0.0011968553299084306,0.2491888850927353,0.17828528583049774,-0.007527167443186045,0.24083459377288818,0.18451060354709625,-0.009635625407099724,0.2373867630958557,0.2103622555732727,-0.007866953499615192,0.2595416307449341,0.24013181030750275,-0.0009546749643050134,0.2656283378601074,0.18937541544437408,-0.009928771294653416,0.25863921642303467,0.19516237080097198,-0.010346947237849236,0.25598451495170593,0.2199009358882904,-0.007184317801147699,0.27446675300598145,0.2539651393890381,-0.004110910929739475,0.2781459093093872,0.21407048404216766,-0.01098018791526556,0.2721242904663086,0.2120511382818222,-0.012017968110740185,0.2683121860027313,0.22978685796260834,-0.010352600365877151,0.5816617608070374,0.6072151064872742,-2.808115198149608e-07,0.5545158982276917,0.5698414444923401,-0.007750930730253458,0.5427737236022949,0.5173494219779968,-0.01255999505519867,0.5596862435340881,0.49043723940849304,-0.019344525411725044,0.578665018081665,0.50853431224823,-0.02399817854166031,0.5548571944236755,0.45524483919143677,0.0020051123574376106,0.5541507005691528,0.39518246054649353,-0.010642665438354015,0.549410343170166,0.430851012468338,-0.019158296287059784,0.5494375228881836,0.4646470546722412,-0.02369384653866291,0.5732967853546143,0.4557912349700928,-0.0006530438549816608,0.5742253661155701,0.39035582542419434,-0.013064204715192318,0.5676997900009155,0.433904230594635,-0.016433924436569214,0.5664820671081543,0.4672960937023163,-0.01585143804550171,0.5908406972885132,0.4646492898464203,-0.0060054543428123,0.5941148400306702,0.40229058265686035,-0.015643039718270302,0.586721658706665,0.43653959035873413,-0.013442859053611755,0.5845127105712891,0.46934062242507935,-0.009377885609865189,0.6095075607299805,0.4830365478992462,-0.012959212996065617,0.6102325320243835,0.43359920382499695,-0.01888650469481945,0.602437436580658,0.4475023150444031,-0.017533933743834496,0.5976560711860657,0.47226035594940186,-0.015111281536519527
26,0.24459311366081238,0.3512920141220093,-1.8164195125791593e-07,0.22344505786895752,0.32417595386505127,-0.007800625171512365,0.21723672747612,0.2744617760181427,-0.009597433730959892,0.22898659110069275,0.23829638957977295,-0.011885622516274452,0.2427348792552948,0.23500309884548187,-0.0124918632209301,0.2293948084115982,0.2360718995332718,0.0011896303622052073,0.2304648756980896,0.1908896267414093,-0.007200047839432955,0.22443747520446777,0.1924741566181183,-0.01188721228390932,0.22199060022830963,0.21138568222522736,-0.013467825949192047,0.24477986991405487,0.23328204452991486,0.0011968553299084306,0.2491888850927353,0.17828528583049774,-0.007527167443186045,0.24083459377288818,0.18451060354709625,-0.009635625407099724,0.2373867630958557,0.2103622555732727,-0.007866953499615192,0.2595416307449341,0.24013181030750275,-0.0009546749643050134,0.2656283378601074,0.18937541544437408,-0.009928771294653416,0.25863921642303467,0.19516237080097198,-0.010346947237849236,0.25598451495170593,0.2199009358882904,-0.007184317801147699,0.27446675300598145,0.2539651393890381,-0.004110910929739475,0.2781459093093872,0.21407048404216766,-0.01098018791526556,0.2721242904663086,0.2120511382818222,-0.012017968110740185,0.2683121860027313,0.22978685796260834,-0.010352600365877151,0.5816617608070374,0.6072151064872742,-2.808115198149608e-07,0.5545158982276917,0.5698414444923401,-0.007750930730253458,0.5427737236022949,0.5173494219779968,-0.01255999505519867,0.5596862435340881,0.49043723940849304,-0.019344525411725044,0.578665018081665,0.50853431224823,-0.02399817854166031,0.5548571944236755,0.45524483919143677,0.0020051123574376106,0.5541507005691528,0.39518246054649353,-0.010642665438354015,0.549410343170166,0.430851012468338,-0.019158296287059784,0.5494375228881836,0.4646470546722412,-0.02369384653866291,0.5732967853546143,0.4557912349700928,-0.0006530438549816608,0.5742253661155701,0.39035582542419434,-0.013064204715192318,0.5676997900009155,0.433904230594635,-0.016433924436569214,0.5664820671081543,0.4672960937023163,-0.01585143804550171,0.5908406972885132,0.4646492898464203,-0.0060054543428123,0.5941148400306702,0.40229058265686035,-0.015643039718270302,0.586721658706665,0.43653959035873413,-0.013442859053611755,0.5845127105712891,0.46934062242507935,-0.009377885609865189,0.6095075607299805,0.4830365478992462,-0.012959212996065617,0.6102325320243835,0.43359920382499695,-0.01888650469481945,0.602437436580658,0.4475023150444031,-0.017533933743834496,0.5976560711860657,0.47226035594940186,-0.015111281536519527
27,0.24408084154129028,0.34753355383872986,-1.98614557689325e-07,0.22359535098075867,0.3171076774597168,-0.006191680673509836,0.2178763747215271,0.2715204358100891,-0.008274444378912449,0.22949236631393433,0.23972474038600922,-0.01151859387755394,0.24336600303649902,0.23305457830429077,-0.013174989260733128,0.2303430736064911,0.2295435518026352,0.0036633021663874388,0.23171605169773102,0.18400438129901886,-0.00490114139392972,0.2248518317937851,0.18815478682518005,-0.01063142903149128,0.22139418125152588,0.208380326628685,-0.012900889851152897,0.24546246230602264,0.2278490513563156,0.002670078305527568,0.25006407499313354,0.17369282245635986,-0.006042388267815113,0.24119770526885986,0.1832958608865738,-0.009471862576901913,0.23731619119644165,0.2101137340068817,-0.008845868520438671,0.2599927484989166,0.23497413098812103,-0.0003519523306749761,0.26599565148353577,0.18439611792564392,-0.00857585109770298,0.25839656591415405,0.19311515986919403,-0.009417347609996796,0.25532782077789307,0.2189471572637558,-0.006922830827534199,0.275007039308548,0.2492975890636444,-0.004290106240659952,0.27885836362838745,0.21076923608779907,-0.009692764841020107,0.27345871925354004,0.20901386439800262,-0.010118059813976288,0.27013418078422546,0.22552652657032013,-0.008413095958530903,0.581071138381958,0.6064642667770386,-2.8100294002797455e-07,0.554337739944458,0.568364679813385,-0.008480250835418701,0.5416466593742371,0.5170804262161255,-0.014147969894111156,0.5587509870529175,0.49033239483833313,-0.021565783768892288,0.5788285732269287,0.5090746879577637,-0.02683939039707184,0.5544856786727905,0.4546252191066742,1.1377896043995861e-05,0.5545850992202759,0.3942124843597412,-0.012734347954392433,0.5494387745857239,0.42961886525154114,-0.02139260433614254,0.548947811126709,0.46331146359443665,-0.026222268119454384,0.5728939771652222,0.4553295373916626,-0.002352188341319561,0.5738807320594788,0.38965779542922974,-0.014604725874960423,0.5672509074211121,0.43320953845977783,-0.017903421074151993,0.5660326480865479,0.4664081335067749,-0.017589639872312546,0.5906475782394409,0.464618444442749,-0.007346064317971468,0.5937899947166443,0.4024527072906494,-0.01682683639228344,0.5862883925437927,0.4360961318016052,-0.014630117453634739,0.5839219689369202,0.4685855507850647,-0.010835103690624237,0.6093855500221252,0.4836951792240143,-0.013983074575662613,0.6103968620300293,0.4335443079471588,-0.019999397918581963,0.6020398736000061,0.4474319517612457,-0.01873083971440792,0.5965481996536255,0.4727378487586975,-0.016534414142370224
28,0.24296650290489197,0.34641751646995544,-1.7556826037434803e-07,0.22227166593074799,0.31839555501937866,-0.0066461446695029736,0.21554817259311676,0.2676273584365845,-0.008269806392490864,0.22650597989559174,0.23119810223579407,-0.010740573517978191,0.24012652039527893,0.23331384360790253,-0.011445111595094204,0.22893472015857697,0.2298445999622345,0.0025861903559416533,0.22961705923080444,0.18430882692337036,-0.0054155196994543076,0.22252197563648224,0.18530286848545074,-0.010041194967925549,0.21914151310920715,0.20354114472866058,-0.011674883775413036,0.24370089173316956,0.22735168039798737,0.0021116312127560377,0.24766334891319275,0.17303431034088135,-0.0057990229688584805,0.23890091478824615,0.1776842325925827,-0.007030859589576721,0.23508572578430176,0.20153987407684326,-0.00486953929066658,0.2579430937767029,0.2349298596382141,-0.0005596502451226115,0.2636312246322632,0.18397247791290283,-0.008504929021000862,0.25573495030403137,0.1858592927455902,-0.007880734279751778,0.25227540731430054,0.2071424126625061,-0.0042039137333631516,0.2725133001804352,0.2502993941307068,-0.004294364247471094,0.2774490416049957,0.21206016838550568,-0.009432418271899223,0.2711927890777588,0.20599983632564545,-0.00944950059056282,0.2662316560745239,0.2192627638578415,-0.007393007632344961,0.5816153287887573,0.6089670062065125,-2.861517032215488e-07,0.5546436905860901,0.5686116218566895,-0.007839757949113846,0.5421801805496216,0.5166226029396057,-0.013139105401933193,0.5581246614456177,0.4882251024246216,-0.020378628745675087,0.5767166614532471,0.5067181587219238,-0.02526106871664524,0.5555412769317627,0.45491737127304077,0.0013144530821591616,0.554502546787262,0.39287883043289185,-0.011741532944142818,0.549148440361023,0.42796844244003296,-0.02008088119328022,0.5488737225532532,0.4617106318473816,-0.024475811049342155,0.5735157132148743,0.4562285542488098,-0.0012680767104029655,0.5733715891838074,0.3900442123413086,-0.014221700839698315,0.5669695138931274,0.43519875407218933,-0.016985436901450157,0.5661255717277527,0.46840471029281616,-0.016054728999733925,0.590987503528595,0.46574461460113525,-0.006615642458200455,0.5930939316749573,0.4023745656013489,-0.016713155433535576,0.5858250856399536,0.43682861328125,-0.013545572757720947,0.5839570164680481,0.46923479437828064,-0.00889463722705841,0.6096200942993164,0.48567402362823486,-0.013592300936579704,0.6100247502326965,0.4338819086551666,-0.019687024876475334,0.6015651226043701,0.4481353759765625,-0.017801804468035698,0.5960116386413574,0.47334402799606323,-0.015057153068482876
29,0.24210217595100403,0.34676018357276917,-2.0334468331384414e-07,0.22023870050907135,0.31823429465293884,-0.009004492312669754,0.2141595333814621,0.26432132720947266,-0.011584784835577011,0.2277437448501587,0.23033301532268524,-0.014476432465016842,0.24493318796157837,0.2339731901884079,-0.015587477944791317,0.22822770476341248,0.2277190238237381,-0.0005403780378401279,0.2290782630443573,0.18093863129615784,-0.009871634654700756,0.22091597318649292,0.18484415113925934,-0.015376255847513676,0.21672099828720093,0.2056598961353302,-0.017514221370220184,0.24323607981204987,0.22478611767292023,-3.107371594524011e-05,0.2474486231803894,0.1689428836107254,-0.009209515526890755,0.2369769960641861,0.17618104815483093,-0.011265710927546024,0.23235149681568146,0.20278339087963104,-0.009609032422304153,0.2576259672641754,0.231886625289917,-0.0018300313968211412,0.26347020268440247,0.17965182662010193,-0.011106055229902267,0.25440871715545654,0.18602366745471954,-0.011564267799258232,0.25090742111206055,0.21164008975028992,-0.008609764277935028,0.2723641097545624,0.24693064391613007,-0.004806764889508486,0.27562838792800903,0.20780116319656372,-0.011975434608757496,0.2685476541519165,0.20581454038619995,-0.013310674577951431,0.26426804065704346,0.2229946106672287,-0.012048137374222279,0.5796539783477783,0.6075975298881531,-2.711998945414962e-07,0.5537074208259583,0.5695447325706482,-0.0078184325248003,0.5423276424407959,0.5169853568077087,-0.01299444492906332,0.5586704611778259,0.48966097831726074,-0.020275913178920746,0.5773918628692627,0.5093991160392761,-0.025425007566809654,0.554640531539917,0.4556940793991089,0.001677503576502204,0.5531948208808899,0.39484208822250366,-0.011031941510736942,0.547802209854126,0.4299599528312683,-0.019290931522846222,0.5484541058540344,0.46318382024765015,-0.023669036105275154,0.57246333360672,0.456720232963562,-0.001211656373925507,0.5728251338005066,0.39068007469177246,-0.01433627400547266,0.5658376812934875,0.4326991140842438,-0.017641570419073105,0.5651893019676208,0.46648967266082764,-0.01668894849717617,0.5902119874954224,0.46584734320640564,-0.006812460254877806,0.5928038954734802,0.4010273218154907,-0.017039954662322998,0.5844523310661316,0.4336495101451874,-0.014973963610827923,0.5822603702545166,0.46607959270477295,-0.010635186918079853,0.6090891361236572,0.48371589183807373,-0.01402654591947794,0.6098944544792175,0.4330897331237793,-0.02022753469645977,0.60081547498703,0.44538813829421997,-0.01914202608168125,0.5953084230422974,0.47016459703445435,-0.01673738658428192
30,0.24210217595100403,0.34676018357276917,-2.0334468331384414e-07,0.22023870050907135,0.31823429465293884,-0.009004492312669754,0.2141595333814621,0.26432132720947266,-0.011584784835577011,0.2277437448501587,0.23033301532268524,-0.014476432465016842,0.24493318796157837,0.2339731901884079,-0.015587477944791317,0.22822770476341248,0.2277190238237381,-0.0005403780378401279,0.2290782630443573,0.18093863129615784,-0.009871634654700756,0.22091597318649292,0.18484415113925934,-0.015376255847513676,0.21672099828720093,0.2056598961353302,-0.017514221370220184,0.24323607981204987,0.22478611767292023,-3.107371594524011e-05,0.2474486231803894,0.1689428836107254,-0.009209515526890755,0.2369769960641861,0.17618104815483093,-0.011265710927546024,0.23235149681568146,0.20278339087963104,-0.009609032422304153,0.2576259672641754,0.231886625289917,-0.0018300313968211412,0.26347020268440247,0.17965182662010193,-0.011106055229902267,0.25440871715545654,0.18602366745471954,-0.011564267799258232,0.25090742111206055,0.21164008975028992,-0.008609764277935028,0.2723641097545624,0.24693064391613007,-0.004806764889508486,0.27562838792800903,0.20780116319656372,-0.011975434608757496,0.2685476541519165,0.20581454038619995,-0.013310674577951431,0.26426804065704346,0.2229946106672287,-0.012048137374222279,0.5796539783477783,0.6075975298881531,-2.711998945414962e-07,0.5537074208259583,0.5695447325706482,-0.0078184325248003,0.5423276424407959,0.5169853568077087,-0.01299444492906332,0.5586704611778259,0.48966097831726074,-0.020275913178920746,0.5773918628692627,0.5093991160392761,-0.025425007566809654,0.554640531539917,0.4556940793991089,0.001677503576502204,0.5531948208808899,0.39484208822250366,-0.011031941510736942,0.547802209854126,0.4299599528312683,-0.019290931522846222,0.5484541058540344,0.46318382024765015,-0.023669036105275154,0.57246333360672,0.456720232963562,-0.001211656373925507,0.5728251338005066,0.39068007469177246,-0.01433627400547266,0.5658376812934875,0.4326991140842438,-0.017641570419073105,0.5651893019676208,0.46648967266082764,-0.01668894849717617,0.5902119874954224,0.46584734320640564,-0.006812460254877806,0.5928038954734802,0.4010273218154907,-0.017039954662322998,0.5844523310661316,0.4336495101451874,-0.014973963610827923,0.5822603702545166,0.46607959270477295,-0.010635186918079853,0.6090891361236572,0.48371589183807373,-0.01402654591947794,0.6098944544792175,0.4330897331237793,-0.02022753469645977,0.60081547498703,0.44538813829421997,-0.01914202608168125,0.5953084230422974,0.47016459703445435,-0.01673738658428192
31,0.24215006828308105,0.3441374599933624,-1.8544579916124349e-07,0.22239084541797638,0.31539440155029297,-0.009105367586016655,0.21626131236553192,0.2655511796474457,-0.012404573149979115,0.22824378311634064,0.23320019245147705,-0.015991855412721634,0.24366262555122375,0.23521359264850616,-0.017703305929899216,0.23024623095989227,0.22713519632816315,-0.001312112552113831,0.22976292669773102,0.18268609046936035,-0.010854341089725494,0.22240304946899414,0.18545758724212646,-0.01649663597345352,0.2188275307416916,0.20414936542510986,-0.018825534731149673,0.24473026394844055,0.22466158866882324,-0.0009143043425865471,0.2468850165605545,0.17155112326145172,-0.010407818481326103,0.2367400974035263,0.17877013981342316,-0.012268622405827045,0.23260369896888733,0.20473317801952362,-0.010662272572517395,0.25865060091018677,0.23335321247577667,-0.0028516051825135946,0.26424527168273926,0.18287068605422974,-0.01240566186606884,0.25481605529785156,0.18692874908447266,-0.012249794788658619,0.2506299912929535,0.2105306088924408,-0.008894331753253937,0.2725851535797119,0.25041094422340393,-0.006003009621053934,0.27757588028907776,0.2149430364370346,-0.012877366505563259,0.2703079879283905,0.20831766724586487,-0.014059770852327347,0.26473286747932434,0.22032973170280457,-0.012838729657232761,0.5798755288124084,0.6080115437507629,-2.768039450984361e-07,0.5527237057685852,0.5696864128112793,-0.007817770354449749,0.5415900945663452,0.5168402194976807,-0.01265175174921751,0.5585217475891113,0.4899085462093353,-0.01959281787276268,0.5769935846328735,0.5095933675765991,-0.024415412917733192,0.5547670125961304,0.4555570185184479,0.0025405297055840492,0.5527760982513428,0.39473050832748413,-0.009743398986756802,0.5471637845039368,0.4294516444206238,-0.018072078004479408,0.5476581454277039,0.46353599429130554,-0.022610532119870186,0.5726037621498108,0.45615825057029724,-5.466691800393164e-05,0.5722292065620422,0.39143669605255127,-0.012663391418755054,0.565436840057373,0.4347289204597473,-0.01583937555551529,0.5650820136070251,0.4687059223651886,-0.015013796277344227,0.5899742245674133,0.46533146500587463,-0.005410000216215849,0.5918901562690735,0.40205785632133484,-0.01526549644768238,0.5836090445518494,0.4353733956813812,-0.012829839251935482,0.5818092226982117,0.46837759017944336,-0.008505336008965969,0.6086991429328918,0.4842122197151184,-0.01241985522210598,0.6092987060546875,0.43357470631599426,-0.01840451918542385,0.5998356342315674,0.4466944932937622,-0.016963118687272072,0.5940550565719604,0.4722471535205841,-0.014454047195613384
32,0.23963157832622528,0.34940105676651,-2.082602890141061e-07,0.22032430768013,0.3200487196445465,-0.006865700241178274,0.21431514620780945,0.2715032994747162,-0.009339449927210808,0.22512832283973694,0.23984524607658386,-0.01275679562240839,0.24016040563583374,0.23934629559516907,-0.014661230146884918,0.22898738086223602,0.23089401423931122,0.0019236842636018991,0.22869013249874115,0.18894529342651367,-0.0072165378369390965,0.2200223207473755,0.19149631261825562,-0.01323916669934988,0.21533292531967163,0.20955905318260193,-0.015754932537674904,0.24365271627902985,0.229555144906044,0.0011823746608570218,0.24653401970863342,0.17849387228488922,-0.00766749819740653,0.235308438539505,0.18489567935466766,-0.01021672785282135,0.22955258190631866,0.2099616974592209,-0.008958907797932625,0.25767114758491516,0.23883762955665588,-0.0017600954743102193,0.26308032870292664,0.18903997540473938,-0.01056280080229044,0.2530663013458252,0.19241565465927124,-0.010945507325232029,0.24766568839550018,0.2152053415775299,-0.00795928668230772,0.27151599526405334,0.25545579195022583,-0.005691155791282654,0.27517181634902954,0.22026625275611877,-0.011780451983213425,0.26775607466697693,0.2141779363155365,-0.012461729347705841,0.2618664801120758,0.2263445258140564,-0.010802552103996277,0.5801694989204407,0.6083880662918091,-2.7543498504201125e-07,0.5537179112434387,0.5698397159576416,-0.007581482641398907,0.5421515107154846,0.5174264907836914,-0.01260277722030878,0.5582766532897949,0.4898245930671692,-0.01978195831179619,0.5767500996589661,0.5093082189559937,-0.02477945387363434,0.5548655390739441,0.4556724429130554,0.002142620738595724,0.5527830719947815,0.39433208107948303,-0.010587879456579685,0.547344982624054,0.42966195940971375,-0.0189354307949543,0.54791659116745,0.46307942271232605,-0.023357907310128212,0.5724165439605713,0.45669305324554443,-0.0006600986234843731,0.5718889832496643,0.3915107846260071,-0.013675469905138016,0.565363883972168,0.4353482723236084,-0.016803305596113205,0.5652463436126709,0.46872562170028687,-0.01584942452609539,0.5899386405944824,0.4655619263648987,-0.006201484240591526,0.5919874906539917,0.40145912766456604,-0.01621275208890438,0.5839335322380066,0.4354718029499054,-0.013635486364364624,0.5822655558586121,0.46825680136680603,-0.009102377109229565,0.6087843775749207,0.4834187626838684,-0.013374805450439453,0.6096940040588379,0.432518869638443,-0.019185878336429596,0.6005589365959167,0.4457877576351166,-0.017647093161940575,0.5951066613197327,0.47105658054351807,-0.015031479299068451
33,0.2388457953929901,0.35560178756713867,-2.3476972899061366e-07,0.21704590320587158,0.3264603614807129,-0.007283390965312719,0.20893409848213196,0.2751592993736267,-0.010138389654457569,0.22080442309379578,0.24047935009002686,-0.013822655193507671,0.23802360892295837,0.24009862542152405,-0.016037866473197937,0.22412322461605072,0.2330029010772705,0.0013339751167222857,0.22341978549957275,0.18562476336956024,-0.008053275756537914,0.2141333967447281,0.189817413687706,-0.01436050608754158,0.20937202870845795,0.21013833582401276,-0.01712253876030445,0.2389594167470932,0.23053087294101715,0.0007747124182060361,0.24119283258914948,0.17565132677555084,-0.008299034088850021,0.22892700135707855,0.18477380275726318,-0.01135704480111599,0.2232695072889328,0.21106983721256256,-0.010644124820828438,0.25342100858688354,0.23740507662296295,-0.0019107346888631582,0.25688475370407104,0.18499858677387238,-0.01050825696438551,0.24555286765098572,0.19337832927703857,-0.01128852367401123,0.24068139493465424,0.21891134977340698,-0.008881526999175549,0.2682744860649109,0.2519838213920593,-0.005645358934998512,0.2687091827392578,0.21123884618282318,-0.01152320671826601,0.2602298855781555,0.20904280245304108,-0.012253948487341404,0.25544360280036926,0.22450438141822815,-0.010923572815954685,0.5801970362663269,0.6073416471481323,-2.6492006099942955e-07,0.5536702871322632,0.5713533759117126,-0.008260319009423256,0.5414713025093079,0.5180700421333313,-0.013383717276155949,0.5568975806236267,0.4910225570201874,-0.02045219950377941,0.5760760307312012,0.5069388747215271,-0.025360118597745895,0.5547928810119629,0.45531320571899414,0.001301207230426371,0.553052544593811,0.3943256139755249,-0.011469846591353416,0.5473618507385254,0.42809125781059265,-0.01983383484184742,0.5476930141448975,0.4618552327156067,-0.02422747202217579,0.5724913477897644,0.4565945565700531,-0.0011431914754211903,0.5725851058959961,0.391141802072525,-0.01453493908047676,0.5657244920730591,0.4334096610546112,-0.018150916323065758,0.5653250217437744,0.46829330921173096,-0.017374074086546898,0.5900817513465881,0.46564215421676636,-0.006323520559817553,0.5922992825508118,0.40185225009918213,-0.01677487976849079,0.5841227769851685,0.43413034081459045,-0.015055260621011257,0.5822812914848328,0.4670058488845825,-0.010977636091411114,0.6088482141494751,0.48329830169677734,-0.013115737587213516,0.6095685362815857,0.43381956219673157,-0.019518233835697174,0.6001976728439331,0.4462127983570099,-0.018715402111411095,0.5946353077888489,0.47103455662727356,-0.016566257923841476
34,0.23594895005226135,0.3467525839805603,-1.8932603040866525e-07,0.21689659357070923,0.32095664739608765,-0.009298687800765038,0.20972305536270142,0.27536246180534363,-0.013516264036297798,0.2216324359178543,0.24421772360801697,-0.01800731010735035,0.2382645457983017,0.2387426644563675,-0.020885415375232697,0.22102990746498108,0.23216363787651062,-0.0029141230043023825,0.21914930641651154,0.18439750373363495,-0.013482794165611267,0.2139386683702469,0.19169779121875763,-0.019722962751984596,0.21246373653411865,0.21448221802711487,-0.022253628820180893,0.23619458079338074,0.2291964888572693,-0.002585106296464801,0.23720775544643402,0.1738598346710205,-0.012788321822881699,0.2283044457435608,0.18720990419387817,-0.01556808315217495,0.22560060024261475,0.21628402173519135,-0.01467714924365282,0.251125693321228,0.23662163317203522,-0.004426566883921623,0.2546578347682953,0.18352606892585754,-0.014633391052484512,0.24569593369960785,0.19565866887569427,-0.014742560684680939,0.24272966384887695,0.22316303849220276,-0.011657225899398327,0.26617228984832764,0.25212496519088745,-0.0073649100959300995,0.26743438839912415,0.2125164419412613,-0.01530793122947216,0.26077064871788025,0.21398933231830597,-0.01636514626443386,0.2577962875366211,0.23200233280658722,-0.01488347165286541,0.5802423357963562,0.6084578037261963,-2.9203380336184637e-07,0.5529876351356506,0.5683082342147827,-0.007366612553596497,0.5404180884361267,0.5158413648605347,-0.012374178506433964,0.5568997859954834,0.4880174994468689,-0.019499752670526505,0.5760738253593445,0.5059953331947327,-0.024401556700468063,0.5537208914756775,0.453289657831192,0.0022379339206963778,0.5525063276290894,0.3915436863899231,-0.010519140399992466,0.5463987588882446,0.42857494950294495,-0.019103141501545906,0.5463317632675171,0.46341198682785034,-0.02380371280014515,0.5719181895256042,0.4545193612575531,-0.0006356044323183596,0.5723645091056824,0.38840410113334656,-0.013094205409288406,0.5654580593109131,0.4337315857410431,-0.01600383035838604,0.56465083360672,0.46729162335395813,-0.01529927272349596,0.5894685387611389,0.4643023908138275,-0.006249977275729179,0.5922229886054993,0.4002107083797455,-0.016033710911870003,0.5842220783233643,0.43522658944129944,-0.013047965243458748,0.5820618271827698,0.4685242772102356,-0.008596162311732769,0.6082884669303894,0.48443078994750977,-0.013449892401695251,0.6088921427726746,0.43263480067253113,-0.019484050571918488,0.5998037457466125,0.44784557819366455,-0.017615163698792458,0.5938928127288818,0.4745032489299774,-0.014922005124390125
35,0.2345494031906128,0.3504875898361206,-1.8593895845242514e-07,0.21353860199451447,0.32381412386894226,-0.008801004849374294,0.207097589969635,0.2775893211364746,-0.011835518293082714,0.21898873150348663,0.2439998835325241,-0.015151813626289368,0.23411370813846588,0.23875048756599426,-0.016735315322875977,0.21930789947509766,0.23695409297943115,-0.0006983933853916824,0.21959593892097473,0.18821169435977936,-0.010123404674232006,0.2136882096529007,0.19347956776618958,-0.0155028672888875,0.21117934584617615,0.21570046246051788,-0.017326366156339645,0.2348167896270752,0.2341906577348709,-4.020096457679756e-05,0.23747237026691437,0.17765632271766663,-0.009579208679497242,0.22858008742332458,0.1890425682067871,-0.01233731023967266,0.2250060886144638,0.21850831806659698,-0.010997257195413113,0.24968798458576202,0.2413593977689743,-0.0015674271853640676,0.25351154804229736,0.1890140026807785,-0.010996109806001186,0.24528270959854126,0.19911980628967285,-0.01177443191409111,0.24219061434268951,0.22665199637413025,-0.008906569331884384,0.2647964656352997,0.2557147145271301,-0.004132244735956192,0.26649942994117737,0.21725055575370789,-0.011414142325520515,0.26024922728538513,0.21714559197425842,-0.013030835427343845,0.25679415464401245,0.234854057431221,-0.011796808801591396,0.579388439655304,0.6072455644607544,-2.7716382078324386e-07,0.553593635559082,0.5696232318878174,-0.008091099560260773,0.5414128303527832,0.5162134766578674,-0.01357282791286707,0.5570369362831116,0.4897414743900299,-0.02108863554894924,0.5764581561088562,0.5072818994522095,-0.026327118277549744,0.5543076395988464,0.45327842235565186,0.0009068468934856355,0.5530449151992798,0.392327219247818,-0.012484055012464523,0.5470064878463745,0.42953771352767944,-0.021022116765379906,0.5474526286125183,0.4630637764930725,-0.025445614010095596,0.5718104839324951,0.4553411900997162,-0.0018844723235815763,0.5720462203025818,0.3894783854484558,-0.015506564639508724,0.5646158456802368,0.43372446298599243,-0.018688950687646866,0.5641920566558838,0.4677886366844177,-0.0175626277923584,0.589328408241272,0.4649835228919983,-0.007456979714334011,0.5920510292053223,0.3997138738632202,-0.01807982288300991,0.5833350419998169,0.4339611530303955,-0.015590853989124298,0.5812638401985168,0.4671586751937866,-0.010883467271924019,0.6080666184425354,0.48336508870124817,-0.01464658509939909,0.6089234352111816,0.4324011206626892,-0.02096078358590603,0.5995140671730042,0.4456787109375,-0.01956782676279545,0.5940014719963074,0.4709126055240631,-0.0169017743319273
36,0.23206818103790283,0.3498363792896271,-2.0289158442210464e-07,0.21275366842746735,0.322551429271698,-0.007361533585935831,0.20544786751270294,0.27842140197753906,-0.011009527370333672,0.2163473665714264,0.24710282683372498,-0.015396371483802795,0.2320471704006195,0.24000053107738495,-0.018076850101351738,0.21841779351234436,0.23543603718280792,-0.00131990818772465,0.21862924098968506,0.18704238533973694,-0.011068245396018028,0.2111850380897522,0.19511020183563232,-0.01697780378162861,0.2072157859802246,0.21762822568416595,-0.019175413995981216,0.2325749546289444,0.23356662690639496,-0.001660180976614356,0.2350933700799942,0.17962415516376495,-0.010484373196959496,0.22520436346530914,0.18871165812015533,-0.012867076322436333,0.22021302580833435,0.21375490725040436,-0.011912346817553043,0.24653588235378265,0.24128712713718414,-0.004046040587127209,0.25232207775115967,0.1902032196521759,-0.011988699436187744,0.24285250902175903,0.19300201535224915,-0.012079824693500996,0.23748573660850525,0.21315579116344452,-0.00956659484654665,0.26068180799484253,0.2568879723548889,-0.007474519778043032,0.2648361921310425,0.22257831692695618,-0.013034796342253685,0.2575582265853882,0.21574650704860687,-0.013784718699753284,0.25119543075561523,0.2249716818332672,-0.012558468617498875,0.5787796378135681,0.6060677766799927,-2.656743731677125e-07,0.5533874034881592,0.5681107044219971,-0.008497948758304119,0.5417525172233582,0.5149953365325928,-0.014498385600745678,0.557931125164032,0.48968905210494995,-0.022455045953392982,0.5777937173843384,0.5072212219238281,-0.028232507407665253,0.5548039078712463,0.4530661404132843,-0.0002416026109131053,0.5536872744560242,0.392288476228714,-0.01396307721734047,0.547630786895752,0.4290556311607361,-0.02281315252184868,0.5480380058288574,0.4627059996128082,-0.027396557852625847,0.5721193552017212,0.45564499497413635,-0.0029547482263296843,0.5725391507148743,0.3893736004829407,-0.01669234037399292,0.5650964379310608,0.43206560611724854,-0.02022544853389263,0.5646117329597473,0.46618300676345825,-0.01936228573322296,0.5895809531211853,0.4656091630458832,-0.008409680798649788,0.5922585129737854,0.39964842796325684,-0.019027352333068848,0.5834193229675293,0.43347254395484924,-0.016870081424713135,0.5812744498252869,0.4671158492565155,-0.012376967817544937,0.6082529425621033,0.48373594880104065,-0.015500604175031185,0.6087533831596375,0.43206992745399475,-0.02193734422326088,0.5994610786437988,0.4448891282081604,-0.02078252285718918,0.5941715240478516,0.470357745885849,-0.018251614645123482
37,0.23236390948295593,0.3560904562473297,-2.0417115820237086e-07,0.21068787574768066,0.3327826261520386,-0.008753763511776924,0.20130664110183716,0.28374573588371277,-0.012293427251279354,0.21264506876468658,0.2469545602798462,-0.01628369651734829,0.2310134768486023,0.24253737926483154,-0.0184271652251482,0.212452694773674,0.23811578750610352,-0.0014923718990758061,0.2117932289838791,0.18884357810020447,-0.011471442878246307,0.20482036471366882,0.1970057189464569,-0.017397360876202583,0.20211534202098846,0.22134704887866974,-0.01975907012820244,0.2277865707874298,0.234932079911232,-0.0015158731257542968,0.2300042062997818,0.17779283225536346,-0.01120517123490572,0.22080367803573608,0.18977713584899902,-0.014126881025731564,0.21783629059791565,0.21819032728672028,-0.013269759714603424,0.2429138571023941,0.24176137149333954,-0.0036902735009789467,0.24703580141067505,0.1885290890932083,-0.013221594505012035,0.23874019086360931,0.19929596781730652,-0.014094728976488113,0.23622271418571472,0.22595036029815674,-0.011659239418804646,0.2584945857524872,0.2560567557811737,-0.006923228036612272,0.2600743770599365,0.2154988795518875,-0.01412785891443491,0.2538864314556122,0.21567396819591522,-0.01544819213449955,0.2505809962749481,0.23357948660850525,-0.014336945489048958,0.5788733959197998,0.6056979894638062,-2.642049707901606e-07,0.5536599159240723,0.5686584711074829,-0.008281710557639599,0.5418096780776978,0.5149238705635071,-0.0140831945464015,0.5575433969497681,0.4894653856754303,-0.021897703409194946,0.5773512125015259,0.5074469447135925,-0.027645578607916832,0.5553926825523376,0.45241779088974,0.0003027692437171936,0.554355800151825,0.3912994861602783,-0.01325205434113741,0.5479702353477478,0.42678743600845337,-0.02188822627067566,0.5482105612754822,0.46018198132514954,-0.026303566992282867,0.5727142095565796,0.45528727769851685,-0.0025308262556791306,0.5732990503311157,0.38881388306617737,-0.01641066186130047,0.5652323961257935,0.43205416202545166,-0.020011086016893387,0.5643540024757385,0.466408371925354,-0.019063958898186684,0.5900250673294067,0.4655707776546478,-0.008085496723651886,0.5929235219955444,0.39906126260757446,-0.018986178562045097,0.5835816860198975,0.43379467725753784,-0.016822421923279762,0.5812287330627441,0.46792203187942505,-0.012202482670545578,0.6084625720977783,0.4841631352901459,-0.015225430950522423,0.6092424988746643,0.43188202381134033,-0.02206106297671795,0.5996391773223877,0.44571006298065186,-0.020914914086461067,0.594175398349762,0.47192278504371643,-0.01827903836965561
38,0.23030325770378113,0.3552522659301758,-2.0019889745981345e-07,0.2093203216791153,0.33148306608200073,-0.00813159067183733,0.20040372014045715,0.28509408235549927,-0.01155028585344553,0.21155688166618347,0.24929803609848022,-0.015356244519352913,0.22888723015785217,0.2442692220211029,-0.017199981957674026,0.21105849742889404,0.23968668282032013,-0.0011880123056471348,0.21083451807498932,0.18969620764255524,-0.010644225403666496,0.20524962246418,0.1995052993297577,-0.015696218237280846,0.20300441980361938,0.2236553579568863,-0.017509978264570236,0.22615978121757507,0.23595938086509705,-0.0012934555998072028,0.2280668169260025,0.1780821532011032,-0.011267025023698807,0.22054392099380493,0.19445838034152985,-0.013561561703681946,0.2188085913658142,0.2237991839647293,-0.012039312161505222,0.24124452471733093,0.2420266568660736,-0.003448151284828782,0.24469053745269775,0.190477192401886,-0.01321760006248951,0.23751108348369598,0.2038261741399765,-0.013242986053228378,0.2357843816280365,0.22956666350364685,-0.010019788518548012,0.2568242847919464,0.2556498348712921,-0.006559805013239384,0.25838470458984375,0.2164708524942398,-0.013665156438946724,0.2527209520339966,0.22024421393871307,-0.014312481507658958,0.25013044476509094,0.23934511840343475,-0.012620768509805202,0.5795074701309204,0.6058545708656311,-2.6108810402547533e-07,0.5538437962532043,0.5681092739105225,-0.007549067959189415,0.5417188405990601,0.5142468214035034,-0.012873254716396332,0.5567159652709961,0.4873669743537903,-0.020269103348255157,0.5757104158401489,0.5054492354393005,-0.025516550987958908,0.5554205179214478,0.4508017897605896,0.001585506135597825,0.5546286702156067,0.39120572805404663,-0.011655723676085472,0.5487653017044067,0.42686641216278076,-0.02036326751112938,0.5487726330757141,0.46056413650512695,-0.024798372760415077,0.5727399587631226,0.45416077971458435,-0.0013734818203374743,0.5730279088020325,0.3898424804210663,-0.014766649343073368,0.5657853484153748,0.4333198070526123,-0.01833336614072323,0.5651284456253052,0.467074453830719,-0.01746644638478756,0.5898987650871277,0.4645473062992096,-0.007027393206954002,0.5926834940910339,0.3996811509132385,-0.01728174090385437,0.5840444564819336,0.4337898790836334,-0.014851346611976624,0.5818560123443604,0.4677586257457733,-0.010212059132754803,0.6083628535270691,0.48366302251815796,-0.014259773306548595,0.6091070771217346,0.4319446086883545,-0.02034030482172966,0.599924623966217,0.44543081521987915,-0.018778620287775993,0.5945870876312256,0.4711928367614746,-0.015964750200510025
39,0.2295294553041458,0.35712242126464844,-1.9382964921987877e-07,0.20834198594093323,0.3318488597869873,-0.008824647404253483,0.20027406513690948,0.28442391753196716,-0.01231386698782444,0.21287867426872253,0.25011804699897766,-0.016042569652199745,0.23077376186847687,0.2477332204580307,-0.017795590683817863,0.21008190512657166,0.2404879331588745,-0.0010884498478844762,0.21022818982601166,0.19065137207508087,-0.010776595212519169,0.2051907628774643,0.20072004199028015,-0.016358694061636925,0.20287233591079712,0.22564032673835754,-0.018476031720638275,0.22522225975990295,0.23708641529083252,-0.0008380095823667943,0.22703607380390167,0.1794431209564209,-0.010715583339333534,0.22013799846172333,0.19466334581375122,-0.013528280891478062,0.21805477142333984,0.22418507933616638,-0.01242609042674303,0.24034342169761658,0.24348841607570648,-0.0027668834663927555,0.244005486369133,0.19162946939468384,-0.012513726018369198,0.2377552092075348,0.2014065533876419,-0.013467890210449696,0.23564574122428894,0.22611716389656067,-0.010915848426520824,0.2559815049171448,0.25750109553337097,-0.005724028218537569,0.25745558738708496,0.21839633584022522,-0.013078451156616211,0.25206130743026733,0.2190304845571518,-0.014439077116549015,0.2487967163324356,0.23584292829036713,-0.013246236369013786,0.5801425576210022,0.6069828271865845,-2.635416649354738e-07,0.5543946027755737,0.5683004856109619,-0.00747096398845315,0.541797399520874,0.5146562457084656,-0.012518912553787231,0.5567384958267212,0.48723551630973816,-0.019582660868763924,0.5759550333023071,0.5035508275032043,-0.024442868307232857,0.5558221340179443,0.4498327672481537,0.002503985306248069,0.5546998977661133,0.3910861015319824,-0.010523098520934582,0.548902153968811,0.426933616399765,-0.019112927839159966,0.5493829250335693,0.460039883852005,-0.023585457354784012,0.5733214020729065,0.45277896523475647,-0.00046217619092203677,0.5738483667373657,0.3883545994758606,-0.0138333635404706,0.5662277340888977,0.43286022543907166,-0.017258325591683388,0.5657081604003906,0.46613436937332153,-0.01622343249619007,0.5904139876365662,0.46325579285621643,-0.00619213143363595,0.5933297872543335,0.4001781642436981,-0.016445817425847054,0.5841873288154602,0.4348258674144745,-0.013823533430695534,0.582119882106781,0.46764642000198364,-0.00902249664068222,0.6087023615837097,0.48318958282470703,-0.013497217558324337,0.6091799736022949,0.43214261531829834,-0.019426079466938972,0.5996893644332886,0.4461590647697449,-0.017691954970359802,0.5947922468185425,0.47109541296958923,-0.01476310659199953
40,0.22907888889312744,0.355650931596756,-2.1585053389117093e-07,0.20729561150074005,0.3311682343482971,-0.006718973163515329,0.20002761483192444,0.2878574728965759,-0.008591776713728905,0.21163949370384216,0.25427937507629395,-0.011019021272659302,0.22704671323299408,0.24395765364170074,-0.011564509943127632,0.20947827398777008,0.24229370057582855,0.0015004186425358057,0.2097722589969635,0.19352468848228455,-0.00712787639349699,0.20401638746261597,0.202793151140213,-0.011521600186824799,0.20150712132453918,0.22695861756801605,-0.012728876434266567,0.2250649780035019,0.23792871832847595,0.001279829302802682,0.22615903615951538,0.18064820766448975,-0.00837712548673153,0.21885249018669128,0.19681833684444427,-0.010489231906831264,0.21712826192378998,0.22655169665813446,-0.008588489145040512,0.24016664922237396,0.2433439940214157,-0.0009802376152947545,0.2425616979598999,0.1922348141670227,-0.010727237910032272,0.2359509915113449,0.2055046558380127,-0.010752522386610508,0.2346324771642685,0.2316664755344391,-0.007289339322596788,0.2559136748313904,0.25650665163993835,-0.004044310189783573,0.25675392150878906,0.21857109665870667,-0.011343180201947689,0.25074371695518494,0.22131545841693878,-0.012146986089646816,0.2477661371231079,0.23878248035907745,-0.010347232222557068,0.5799478888511658,0.6055465936660767,-2.668013223683374e-07,0.553909420967102,0.5680410861968994,-0.007643305230885744,0.5414852499961853,0.5157139301300049,-0.012729773297905922,0.5565328598022461,0.4880226254463196,-0.019857099279761314,0.5759038925170898,0.5030478239059448,-0.024825790897011757,0.5545913577079773,0.45223501324653625,0.0017880117520689964,0.5526991486549377,0.3924056887626648,-0.01136526744812727,0.5475406646728516,0.42731064558029175,-0.0201257411390543,0.5481694936752319,0.4610350728034973,-0.02468888647854328,0.5720884203910828,0.4538913369178772,-0.0009414011728949845,0.5719980001449585,0.3893234431743622,-0.014286152087152004,0.5654990673065186,0.43288254737854004,-0.01789059303700924,0.5653925538063049,0.4666931927204132,-0.017177917063236237,0.5894672274589539,0.4631732702255249,-0.0063978154212236404,0.591423749923706,0.3998432159423828,-0.01658940501511097,0.5834509134292603,0.43330299854278564,-0.014317234978079796,0.581906259059906,0.4661465585231781,-0.009941928088665009,0.6082021594047546,0.48188844323158264,-0.01344853825867176,0.6086316108703613,0.43116700649261475,-0.01937875710427761,0.5998108983039856,0.44401195645332336,-0.01795397512614727,0.5948479175567627,0.46881935000419617,-0.015379300341010094
