frame,feature_0,feature_1,feature_2,feature_3,feature_4,feature_5,feature_6,feature_7,feature_8,feature_9,feature_10,feature_11,feature_12,feature_13,feature_14,feature_15,feature_16,feature_17,feature_18,feature_19,feature_20,feature_21,feature_22,feature_23,feature_24,feature_25,feature_26,feature_27,feature_28,feature_29,feature_30,feature_31,feature_32,feature_33,feature_34,feature_35,feature_36,feature_37,feature_38,feature_39,feature_40,feature_41,feature_42,feature_43,feature_44,feature_45,feature_46,feature_47,feature_48,feature_49,feature_50,feature_51,feature_52,feature_53,feature_54,feature_55,feature_56,feature_57,feature_58,feature_59,feature_60,feature_61,feature_62,feature_63,feature_64,feature_65,feature_66,feature_67,feature_68,feature_69,feature_70,feature_71,feature_72,feature_73,feature_74,feature_75,feature_76,feature_77,feature_78,feature_79,feature_80,feature_81,feature_82,feature_83,feature_84,feature_85,feature_86,feature_87,feature_88,feature_89,feature_90,feature_91,feature_92,feature_93,feature_94,feature_95,feature_96,feature_97,feature_98,feature_99,feature_100,feature_101,feature_102,feature_103,feature_104,feature_105,feature_106,feature_107,feature_108,feature_109,feature_110,feature_111,feature_112,feature_113,feature_114,feature_115,feature_116,feature_117,feature_118,feature_119,feature_120,feature_121,feature_122,feature_123,feature_124,feature_125
1,0.3723486661911011,0.5010542869567871,-1.408575514005861e-07,0.3504427969455719,0.48173636198043823,-0.009776975028216839,0.3431730270385742,0.4153171479701996,-0.009440475143492222,0.35283511877059937,0.3693871796131134,-0.00885965209454298,0.369240403175354,0.3707703649997711,-0.007276700809597969,0.35646188259124756,0.3711686134338379,0.0033194005955010653,0.35589396953582764,0.3224833607673645,-0.0048523652367293835,0.3512100577354431,0.2936471700668335,-0.010385184548795223,0.3437367379665375,0.29084932804107666,-0.012932606972754002,0.36910581588745117,0.3654855787754059,0.0050420006737113,0.36948612332344055,0.3119789958000183,-0.0034242840483784676,0.36122646927833557,0.2853684723377228,-0.007771819364279509,0.35159146785736084,0.2870788872241974,-0.008520392701029778,0.38071975111961365,0.3685057461261749,0.0040467591024935246,0.3811836838722229,0.3130578398704529,-0.007334437686949968,0.369191437959671,0.29806384444236755,-0.011627573519945145,0.3600294888019562,0.3058012127876282,-0.011144871823489666,0.39283329248428345,0.3778495192527771,0.002120392397046089,0.38337135314941406,0.33347439765930176,-0.011052547954022884,0.3747755289077759,0.3230110704898834,-0.01744757778942585,0.368846595287323,0.33082783222198486,-0.01898828335106373,0.5976552367210388,0.48621028661727905,-1.9661467831610935e-07,0.5753930807113647,0.46209055185317993,-0.009877883829176426,0.5637667179107666,0.4134155511856079,-0.014494756236672401,0.5729019045829773,0.3843390941619873,-0.020577913150191307,0.5868819952011108,0.3935639262199402,-0.024750372394919395,0.5784410834312439,0.35753822326660156,0.0021219688933342695,0.5754386782646179,0.3082597851753235,-0.00844630692154169,0.5684226751327515,0.32845795154571533,-0.014749402180314064,0.5684194564819336,0.35438376665115356,-0.017632272094488144,0.5924025774002075,0.3559582829475403,0.0009436839027330279,0.5908675789833069,0.3004327416419983,-0.011170763522386551,0.5818800330162048,0.32795581221580505,-0.014243517071008682,0.5819597244262695,0.35710662603378296,-0.012857840396463871,0.606469988822937,0.3627742826938629,-0.0032068470027297735,0.6080304384231567,0.3085050582885742,-0.014087703078985214,0.5979467034339905,0.3329618275165558,-0.013893524184823036,0.5963658690452576,0.3624008595943451,-0.01026836596429348,0.6221151947975159,0.3777093291282654,-0.008951906114816666,0.6228261590003967,0.3336161971092224,-0.015627969056367874,0.6133764386177063,0.3405309319496155,-0.015923434868454933,0.6087707877159119,0.36073020100593567,-0.014286833815276623
2,0.3720853924751282,0.49932625889778137,-9.821434332479839e-08,0.34960445761680603,0.4780074954032898,-0.01037495955824852,0.34102338552474976,0.41345980763435364,-0.010943977162241936,0.34945058822631836,0.36617451906204224,-0.011137890629470348,0.364302396774292,0.3590623140335083,-0.010309217497706413,0.35563740134239197,0.36749640107154846,0.0019432815024629235,0.3570023775100708,0.3154396414756775,-0.006582406349480152,0.35377568006515503,0.2828431725502014,-0.012697610072791576,0.34648045897483826,0.27710747718811035,-0.01577186957001686,0.37025341391563416,0.364744633436203,0.003557842457666993,0.37269389629364014,0.30960404872894287,-0.004655840341001749,0.36629244685173035,0.28171297907829285,-0.009392875246703625,0.3561452627182007,0.2851475477218628,-0.010698576457798481,0.3828987181186676,0.37230777740478516,0.0025629750452935696,0.38620099425315857,0.3169051706790924,-0.007790106814354658,0.37604033946990967,0.30297374725341797,-0.01143665798008442,0.36649706959724426,0.3127725422382355,-0.01119618583470583,0.3952201008796692,0.3878430724143982,0.0005182713503018022,0.3855521082878113,0.3513447642326355,-0.012499341741204262,0.3769674301147461,0.34596729278564453,-0.018354590982198715,0.3703552186489105,0.3572997748851776,-0.019584553316235542,0.5982422232627869,0.4858192205429077,-1.9071562462613656e-07,0.5755956172943115,0.4611337184906006,-0.009700297378003597,0.5642143487930298,0.41270411014556885,-0.014377864077687263,0.5728337168693542,0.3831876218318939,-0.02058161422610283,0.5860590934753418,0.3950808048248291,-0.024894261732697487,0.5796179175376892,0.35791370272636414,0.0022322055883705616,0.5764975547790527,0.30809611082077026,-0.008569581434130669,0.5689160227775574,0.3269919455051422,-0.014993419870734215,0.5685423016548157,0.35260337591171265,-0.017857404425740242,0.5930508971214294,0.3559727668762207,0.0009309861343353987,0.5908842086791992,0.2999134361743927,-0.011306807398796082,0.5813601016998291,0.3265135586261749,-0.014164251275360584,0.5814074277877808,0.3559955358505249,-0.012487920001149178,0.6067054271697998,0.36251115798950195,-0.003382694208994508,0.6079056859016418,0.3078480660915375,-0.014336595311760902,0.5974723696708679,0.33125540614128113,-0.014018360525369644,0.5961623787879944,0.3609490394592285,-0.010144902393221855,0.6221140027046204,0.3767496645450592,-0.009308556094765663,0.6228284239768982,0.33319100737571716,-0.01600082591176033,0.6133220195770264,0.339118093252182,-0.016443701460957527,0.6089614629745483,0.35908836126327515,-0.014821206219494343
3,0.3720853924751282,0.49932625889778137,-9.821434332479839e-08,0.34960445761680603,0.4780074954032898,-0.01037495955824852,0.34102338552474976,0.41345980763435364,-0.010943977162241936,0.34945058822631836,0.36617451906204224,-0.011137890629470348,0.364302396774292,0.3590623140335083,-0.010309217497706413,0.35563740134239197,0.36749640107154846,0.0019432815024629235,0.3570023775100708,0.3154396414756775,-0.006582406349480152,0.35377568006515503,0.2828431725502014,-0.012697610072791576,0.34648045897483826,0.27710747718811035,-0.01577186957001686,0.37025341391563416,0.364744633436203,0.003557842457666993,0.37269389629364014,0.30960404872894287,-0.004655840341001749,0.36629244685173035,0.28171297907829285,-0.009392875246703625,0.3561452627182007,0.2851475477218628,-0.010698576457798481,0.3828987181186676,0.37230777740478516,0.0025629750452935696,0.38620099425315857,0.3169051706790924,-0.007790106814354658,0.37604033946990967,0.30297374725341797,-0.01143665798008442,0.36649706959724426,0.3127725422382355,-0.01119618583470583,0.3952201008796692,0.3878430724143982,0.0005182713503018022,0.3855521082878113,0.3513447642326355,-0.012499341741204262,0.3769674301147461,0.34596729278564453,-0.018354590982198715,0.3703552186489105,0.3572997748851776,-0.019584553316235542,0.5982422232627869,0.4858192205429077,-1.9071562462613656e-07,0.5755956172943115,0.4611337184906006,-0.009700297378003597,0.5642143487930298,0.41270411014556885,-0.014377864077687263,0.5728337168693542,0.3831876218318939,-0.02058161422610283,0.5860590934753418,0.3950808048248291,-0.024894261732697487,0.5796179175376892,0.35791370272636414,0.0022322055883705616,0.5764975547790527,0.30809611082077026,-0.008569581434130669,0.5689160227775574,0.3269919455051422,-0.014993419870734215,0.5685423016548157,0.35260337591171265,-0.017857404425740242,0.5930508971214294,0.3559727668762207,0.0009309861343353987,0.5908842086791992,0.2999134361743927,-0.011306807398796082,0.5813601016998291,0.3265135586261749,-0.014164251275360584,0.5814074277877808,0.3559955358505249,-0.012487920001149178,0.6067054271697998,0.36251115798950195,-0.003382694208994508,0.6079056859016418,0.3078480660915375,-0.014336595311760902,0.5974723696708679,0.33125540614128113,-0.014018360525369644,0.5961623787879944,0.3609490394592285,-0.010144902393221855,0.6221140027046204,0.3767496645450592,-0.009308556094765663,0.6228284239768982,0.33319100737571716,-0.01600082591176033,0.6133220195770264,0.339118093252182,-0.016443701460957527,0.6089614629745483,0.35908836126327515,-0.014821206219494343
4,0.37335526943206787,0.49365848302841187,-1.0000251648989433e-07,0.3502078652381897,0.473105788230896,-0.010348589159548283,0.34203359484672546,0.4077439308166504,-0.010942185297608376,0.3532845973968506,0.36468058824539185,-0.01106402836740017,0.3710249960422516,0.3679678738117218,-0.010463357903063297,0.35523074865341187,0.36508041620254517,0.001988277304917574,0.35590124130249023,0.31610599160194397,-0.005616114009171724,0.35229766368865967,0.28921449184417725,-0.01101210992783308,0.3455911874771118,0.2862527370452881,-0.013735580258071423,0.3691316545009613,0.360599547624588,0.0038358464371412992,0.36986708641052246,0.3080870807170868,-0.0034125985112041235,0.3627665638923645,0.28403282165527344,-0.007660238537937403,0.35427695512771606,0.28686004877090454,-0.008870492689311504,0.38171327114105225,0.36654195189476013,0.0031472190748900175,0.3824918270111084,0.31338202953338623,-0.0073627266101539135,0.37073299288749695,0.3038015365600586,-0.011785216629505157,0.362032949924469,0.3145405054092407,-0.012124086730182171,0.39452043175697327,0.38053351640701294,0.0015499197179451585,0.3820379972457886,0.3466319143772125,-0.01125982217490673,0.37184861302375793,0.3482694625854492,-0.017015691846609116,0.36585554480552673,0.3639931380748749,-0.018422259017825127,0.5983867645263672,0.4848805367946625,-1.866733896349615e-07,0.5759597420692444,0.46155375242233276,-0.009494905360043049,0.5642134547233582,0.41379082202911377,-0.014256158843636513,0.5724774599075317,0.38494163751602173,-0.020570259541273117,0.5860510468482971,0.3955743908882141,-0.025070108473300934,0.5798140168190002,0.35730603337287903,0.0023888535797595978,0.5767579078674316,0.3078095316886902,-0.00850177276879549,0.5690798759460449,0.3259900212287903,-0.014874961227178574,0.5684822797775269,0.3514763414859772,-0.017634982243180275,0.5929672122001648,0.3554327189922333,0.0009949029190465808,0.5909570455551147,0.29912036657333374,-0.01140428613871336,0.5810598731040955,0.32638758420944214,-0.014391960576176643,0.5810787081718445,0.3565853536128998,-0.012665057554841042,0.6066140532493591,0.36197546124458313,-0.0033863717690110207,0.6079615950584412,0.3064556121826172,-0.014421890489757061,0.597266435623169,0.3304465711116791,-0.014248167164623737,0.5960521697998047,0.36036282777786255,-0.010351789183914661,0.622187614440918,0.3765891492366791,-0.009316501207649708,0.6224533319473267,0.3322896957397461,-0.016157738864421844,0.6127623319625854,0.33828821778297424,-0.016695700585842133,0.608638346195221,0.3578872084617615,-0.015033685602247715
5,0.3712792694568634,0.4822627902030945,-1.1852012704594017e-07,0.35070982575416565,0.4666953384876251,-0.011126005090773106,0.3407462537288666,0.4071568250656128,-0.013375570997595787,0.3469301164150238,0.35977256298065186,-0.015464311465620995,0.35807064175605774,0.34189167618751526,-0.016678020358085632,0.3518888056278229,0.35449403524398804,0.0012156483717262745,0.3533550500869751,0.3057265877723694,-0.007643282879143953,0.34950774908065796,0.284469336271286,-0.014790616929531097,0.34301844239234924,0.2835407257080078,-0.018561728298664093,0.3659365177154541,0.350626140832901,0.0025698922108858824,0.3689134418964386,0.29196441173553467,-0.0065310364589095116,0.3640362322330475,0.27307915687561035,-0.013440034352242947,0.356254905462265,0.2793453335762024,-0.016519060358405113,0.3792860805988312,0.35593628883361816,0.0013277855468913913,0.3840036392211914,0.2972957491874695,-0.011019501835107803,0.3771388530731201,0.29358580708503723,-0.01827070116996765,0.36927640438079834,0.31133967638015747,-0.020218707621097565,0.3927585482597351,0.3675100803375244,-0.0007282239967025816,0.3888804316520691,0.32248982787132263,-0.013600623235106468,0.38379839062690735,0.31516680121421814,-0.02049841731786728,0.37915632128715515,0.32497498393058777,-0.023126432672142982,0.598615288734436,0.4857930839061737,-1.9060860267927637e-07,0.5756170153617859,0.46137386560440063,-0.00978100299835205,0.5646359324455261,0.41166460514068604,-0.014164146035909653,0.5739718675613403,0.38362619280815125,-0.020107129588723183,0.5867192149162292,0.3961920142173767,-0.024161314591765404,0.579399049282074,0.35693562030792236,0.002841094508767128,0.5765050649642944,0.3074641525745392,-0.007495171390473843,0.5688903331756592,0.32603180408477783,-0.01365298219025135,0.5684823989868164,0.3514236807823181,-0.016464319080114365,0.5929926037788391,0.35521820187568665,0.001561993034556508,0.5909423828125,0.2998543083667755,-0.010479574091732502,0.5813866257667542,0.32565248012542725,-0.013427176512777805,0.5813524723052979,0.35501354932785034,-0.01188273262232542,0.606701672077179,0.3620426058769226,-0.0027707447297871113,0.607882022857666,0.30796006321907043,-0.013480974361300468,0.5976271033287048,0.33156952261924744,-0.013204620219767094,0.5963113307952881,0.3615194857120514,-0.009484902955591679,0.622428834438324,0.3767845034599304,-0.00875825621187687,0.6228741407394409,0.3332311511039734,-0.01538972370326519,0.6132476925849915,0.3393104672431946,-0.015788234770298004,0.6087540984153748,0.35914111137390137,-0.014182033948600292
6,0.37052321434020996,0.48956209421157837,-1.1720786829982899e-07,0.34782764315605164,0.47334378957748413,-0.011834181845188141,0.3391565978527069,0.40680813789367676,-0.0134135652333498,0.3497489094734192,0.35981014370918274,-0.014764154329895973,0.36828070878982544,0.36043673753738403,-0.014921436086297035,0.34857118129730225,0.3543833792209625,0.002934330375865102,0.3479200303554535,0.31016358733177185,-0.006665506400167942,0.3434950113296509,0.30477455258369446,-0.014448530040681362,0.3372165560722351,0.32285523414611816,-0.01854757033288479,0.36392492055892944,0.3481070399284363,0.004929968621581793,0.366914838552475,0.28914448618888855,-0.0050559863448143005,0.360360324382782,0.2779630124568939,-0.012449320405721664,0.35193362832069397,0.2962418794631958,-0.015330003574490547,0.37762486934661865,0.3526640236377716,0.004139874130487442,0.382015585899353,0.2904329001903534,-0.007735416293144226,0.3727094233036041,0.2959918975830078,-0.013791815377771854,0.36515456438064575,0.3229868412017822,-0.014856429770588875,0.3917069137096405,0.36535876989364624,0.002259264700114727,0.38269516825675964,0.32534971833229065,-0.011338167823851109,0.37543177604675293,0.33081135153770447,-0.01854018121957779,0.3707013726234436,0.35173818469047546,-0.02097496949136257,0.5988248586654663,0.4852074980735779,-1.9264578554611944e-07,0.5764784216880798,0.460879385471344,-0.00931928027421236,0.5650480389595032,0.41262033581733704,-0.013872101902961731,0.573844850063324,0.3839578330516815,-0.0200195275247097,0.5872153043746948,0.3945057690143585,-0.024318227544426918,0.5799379348754883,0.3572595417499542,0.0024510722141712904,0.5772753357887268,0.30733007192611694,-0.008032102137804031,0.5702793598175049,0.32626762986183167,-0.014301511459052563,0.5700230002403259,0.35171863436698914,-0.017145171761512756,0.5934191346168518,0.35601159930229187,0.0009398726397193968,0.5917755365371704,0.3002159297466278,-0.011092029511928558,0.582891583442688,0.32715144753456116,-0.014151736162602901,0.5829489827156067,0.3561965823173523,-0.012782415375113487,0.6072365045547485,0.3629019856452942,-0.0034998799674212933,0.6084714531898499,0.30857357382774353,-0.014125457964837551,0.5986963510513306,0.33287307620048523,-0.013916021212935448,0.5974189639091492,0.3624698519706726,-0.01037356723099947,0.6229100227355957,0.37763598561286926,-0.009512878954410553,0.6234838366508484,0.3337950110435486,-0.015931839123368263,0.614371657371521,0.340014785528183,-0.016218697652220726,0.6101032495498657,0.359516978263855,-0.014656508341431618
7,0.37031421065330505,0.4913373589515686,-1.1828081625253617e-07,0.3476105034351349,0.47262170910835266,-0.012837552465498447,0.3394620418548584,0.40344083309173584,-0.015605075284838676,0.3510509133338928,0.3559185266494751,-0.01869439333677292,0.3704776465892792,0.3626159131526947,-0.020168809220194817,0.3481234908103943,0.3528226613998413,0.0041634743101894855,0.34753483533859253,0.3066368103027344,-0.0063392105512320995,0.34233197569847107,0.30540212988853455,-0.014278238639235497,0.3362945318222046,0.32523083686828613,-0.01791256293654442,0.36320990324020386,0.3461669087409973,0.006265937350690365,0.3667631447315216,0.28569960594177246,-0.004413544666022062,0.3603750467300415,0.2831093668937683,-0.011209270916879177,0.35209086537361145,0.30571621656417847,-0.0128633389249444,0.3768974840641022,0.3496018350124359,0.0051426999270915985,0.380270779132843,0.2872527837753296,-0.006809894926846027,0.3727104663848877,0.2976025640964508,-0.012128925882279873,0.3659276068210602,0.3286625146865845,-0.01187280286103487,0.3913883864879608,0.3589104413986206,0.0026386568788439035,0.389691025018692,0.30822277069091797,-0.007941480726003647,0.3857826292514801,0.3088529109954834,-0.01312309317290783,0.38200467824935913,0.3287908732891083,-0.014343751594424248,0.6000015139579773,0.4846261143684387,-1.9608924617386947e-07,0.5771750211715698,0.46167704463005066,-0.010326412506401539,0.5658090710639954,0.412142276763916,-0.015218057669699192,0.5750982761383057,0.38484856486320496,-0.021439649164676666,0.5883646607398987,0.39663925766944885,-0.025847336277365685,0.5813591480255127,0.3581821620464325,0.0008373208693228662,0.5784874558448792,0.30810537934303284,-0.009855392388999462,0.5707011222839355,0.3267456293106079,-0.016234105452895164,0.5700306296348572,0.35254737734794617,-0.01924552395939827,0.5949922204017639,0.3565830588340759,-0.00016789112123660743,0.5932525396347046,0.3008959889411926,-0.012457197532057762,0.5838846564292908,0.32655709981918335,-0.015660375356674194,0.5836520195007324,0.3557770252227783,-0.014447160996496677,0.6087174415588379,0.36324286460876465,-0.004121036734431982,0.6099941730499268,0.3088427484035492,-0.015128850005567074,0.5999762415885925,0.3325967788696289,-0.015189243480563164,0.5985682606697083,0.36243078112602234,-0.011846695095300674,0.6242599487304688,0.37779730558395386,-0.009687352925539017,0.6239822506904602,0.3341797888278961,-0.01679733209311962,0.6147348284721375,0.3413480818271637,-0.017454586923122406,0.6106910705566406,0.3621164560317993,-0.016087688505649567
8,0.3678794205188751,0.4929894208908081,-9.538494794014696e-08,0.3438684642314911,0.46960341930389404,-0.012579782865941525,0.3358674943447113,0.39692384004592896,-0.015346481464803219,0.35144880414009094,0.3541107177734375,-0.018372511491179466,0.37433603405952454,0.3679853081703186,-0.019775081425905228,0.345356822013855,0.3476805090904236,0.0040907724760472775,0.3454083502292633,0.30279117822647095,-0.00583555456250906,0.3406585454940796,0.302761048078537,-0.013842623680830002,0.33445626497268677,0.3242550194263458,-0.01767043024301529,0.36159229278564453,0.34309592843055725,0.005907764192670584,0.36499372124671936,0.2822481691837311,-0.002442962722852826,0.3613980710506439,0.2726537883281708,-0.008762865327298641,0.3547270894050598,0.28969693183898926,-0.011268851347267628,0.37609678506851196,0.34949520230293274,0.00446378393098712,0.3819310665130615,0.28799131512641907,-0.005693366285413504,0.3774265646934509,0.2936559021472931,-0.011666731908917427,0.3713068962097168,0.3217290937900543,-0.012852698564529419,0.39148658514022827,0.36277303099632263,0.0015826538437977433,0.3919650614261627,0.3131333589553833,-0.008114774711430073,0.389849990606308,0.313172310590744,-0.013536225073039532,0.386398583650589,0.33173319697380066,-0.01548252534121275,0.5997403860092163,0.486662358045578,-1.8511819632749393e-07,0.577366054058075,0.46262896060943604,-0.009500694461166859,0.5663402676582336,0.4127604365348816,-0.013913298957049847,0.5756918787956238,0.38524946570396423,-0.019812844693660736,0.5887548923492432,0.39798831939697266,-0.023877572268247604,0.5808611512184143,0.3587287366390228,0.002101805992424488,0.5786160230636597,0.308840274810791,-0.008447105064988136,0.5715838074684143,0.32624098658561707,-0.014655922539532185,0.570961594581604,0.3522789180278778,-0.0173887200653553,0.5944684743881226,0.35736098885536194,0.0007399704772979021,0.593065083026886,0.301533967256546,-0.011273449286818504,0.5836944580078125,0.32652971148490906,-0.014240955002605915,0.5833127498626709,0.35610535740852356,-0.012740829959511757,0.6082904934883118,0.3645334839820862,-0.0035791511181741953,0.6097713112831116,0.3107162117958069,-0.01421408262103796,0.5998002290725708,0.33352547883987427,-0.014086269773542881,0.5985275506973267,0.3633531928062439,-0.010524211451411247,0.6239883303642273,0.3794844448566437,-0.009486792609095573,0.6247437000274658,0.33604034781455994,-0.016045013442635536,0.6155135631561279,0.34164074063301086,-0.01646309532225132,0.6113041639328003,0.3615214228630066,-0.014921770431101322
9,0.3678794205188751,0.4929894208908081,-9.538494794014696e-08,0.3438684642314911,0.46960341930389404,-0.012579782865941525,0.3358674943447113,0.39692384004592896,-0.015346481464803219,0.35144880414009094,0.3541107177734375,-0.018372511491179466,0.37433603405952454,0.3679853081703186,-0.019775081425905228,0.345356822013855,0.3476805090904236,0.0040907724760472775,0.3454083502292633,0.30279117822647095,-0.00583555456250906,0.3406585454940796,0.302761048078537,-0.013842623680830002,0.33445626497268677,0.3242550194263458,-0.01767043024301529,0.36159229278564453,0.34309592843055725,0.005907764192670584,0.36499372124671936,0.2822481691837311,-0.002442962722852826,0.3613980710506439,0.2726537883281708,-0.008762865327298641,0.3547270894050598,0.28969693183898926,-0.011268851347267628,0.37609678506851196,0.34949520230293274,0.00446378393098712,0.3819310665130615,0.28799131512641907,-0.005693366285413504,0.3774265646934509,0.2936559021472931,-0.011666731908917427,0.3713068962097168,0.3217290937900543,-0.012852698564529419,0.39148658514022827,0.36277303099632263,0.0015826538437977433,0.3919650614261627,0.3131333589553833,-0.008114774711430073,0.389849990606308,0.313172310590744,-0.013536225073039532,0.386398583650589,0.33173319697380066,-0.01548252534121275,0.5997403860092163,0.486662358045578,-1.8511819632749393e-07,0.577366054058075,0.46262896060943604,-0.009500694461166859,0.5663402676582336,0.4127604365348816,-0.013913298957049847,0.5756918787956238,0.38524946570396423,-0.019812844693660736,0.5887548923492432,0.39798831939697266,-0.023877572268247604,0.5808611512184143,0.3587287366390228,0.002101805992424488,0.5786160230636597,0.308840274810791,-0.008447105064988136,0.5715838074684143,0.32624098658561707,-0.014655922539532185,0.570961594581604,0.3522789180278778,-0.0173887200653553,0.5944684743881226,0.35736098885536194,0.0007399704772979021,0.593065083026886,0.301533967256546,-0.011273449286818504,0.5836944580078125,0.32652971148490906,-0.014240955002605915,0.5833127498626709,0.35610535740852356,-0.012740829959511757,0.6082904934883118,0.3645334839820862,-0.0035791511181741953,0.6097713112831116,0.3107162117958069,-0.01421408262103796,0.5998002290725708,0.33352547883987427,-0.014086269773542881,0.5985275506973267,0.3633531928062439,-0.010524211451411247,0.6239883303642273,0.3794844448566437,-0.009486792609095573,0.6247437000274658,0.33604034781455994,-0.016045013442635536,0.6155135631561279,0.34164074063301086,-0.01646309532225132,0.6113041639328003,0.3615214228630066,-0.014921770431101322
10,0.36807969212532043,0.48701444268226624,-1.0824186347235809e-07,0.3434000313282013,0.4648297429084778,-0.012702410109341145,0.3342873156070709,0.39459913969039917,-0.016017146408557892,0.34900206327438354,0.35162124037742615,-0.019756793975830078,0.3721065819263458,0.3621276021003723,-0.02180490456521511,0.34375855326652527,0.34409552812576294,0.0035991796758025885,0.34270626306533813,0.30119892954826355,-0.006724898237735033,0.3370356559753418,0.3033647835254669,-0.01517837680876255,0.3305470943450928,0.32471907138824463,-0.01921158656477928,0.35951507091522217,0.33756527304649353,0.005329230334609747,0.3608980178833008,0.2765944302082062,-0.0023868861608207226,0.35798633098602295,0.2689667046070099,-0.007803677581250668,0.3527340590953827,0.2848561108112335,-0.009802388958632946,0.3741386830806732,0.34317874908447266,0.0037040477618575096,0.37884750962257385,0.28118354082107544,-0.0062536559998989105,0.374818354845047,0.29126834869384766,-0.0107877217233181,0.36926156282424927,0.3211933970451355,-0.010801209136843681,0.38983315229415894,0.3561726212501526,0.000527287891600281,0.39150121808052063,0.30493372678756714,-0.00809512846171856,0.3895087242126465,0.302967369556427,-0.011951341293752193,0.3856686055660248,0.319533109664917,-0.012819914147257805,0.6008015871047974,0.48771947622299194,-1.8606742457905057e-07,0.5782255530357361,0.4637458324432373,-0.01026148721575737,0.5667744874954224,0.413923978805542,-0.014866474084556103,0.5762065649032593,0.3850867450237274,-0.02074607089161873,0.5900912880897522,0.3961281478404999,-0.024696392938494682,0.5821548700332642,0.35968151688575745,0.0012393277138471603,0.579523503780365,0.3105038106441498,-0.00965918693691492,0.5723349452018738,0.3286069929599762,-0.01611241139471531,0.5715895891189575,0.3549303412437439,-0.018936889246106148,0.5959446430206299,0.35796505212783813,0.0003318699018564075,0.5945262908935547,0.3022668659687042,-0.011811550706624985,0.5852751135826111,0.3266436755657196,-0.014790842309594154,0.5847082138061523,0.3563096225261688,-0.013301227241754532,0.6097609996795654,0.36508437991142273,-0.003593341913074255,0.6114073991775513,0.31165170669555664,-0.01444975845515728,0.6013573408126831,0.33402499556541443,-0.014376549981534481,0.5997399687767029,0.36398452520370483,-0.010798249393701553,0.6253929138183594,0.3803388774394989,-0.009158562868833542,0.6264603734016418,0.33719709515571594,-0.016003884375095367,0.6170653104782104,0.3419087827205658,-0.016607841476798058,0.6124091148376465,0.36127129197120667,-0.015124796889722347
11,0.36807969212532043,0.48701444268226624,-1.0824186347235809e-07,0.3434000313282013,0.4648297429084778,-0.012702410109341145,0.3342873156070709,0.39459913969039917,-0.016017146408557892,0.34900206327438354,0.35162124037742615,-0.019756793975830078,0.3721065819263458,0.3621276021003723,-0.02180490456521511,0.34375855326652527,0.34409552812576294,0.0035991796758025885,0.34270626306533813,0.30119892954826355,-0.006724898237735033,0.3370356559753418,0.3033647835254669,-0.01517837680876255,0.3305470943450928,0.32471907138824463,-0.01921158656477928,0.35951507091522217,0.33756527304649353,0.005329230334609747,0.3608980178833008,0.2765944302082062,-0.0023868861608207226,0.35798633098602295,0.2689667046070099,-0.007803677581250668,0.3527340590953827,0.2848561108112335,-0.009802388958632946,0.3741386830806732,0.34317874908447266,0.0037040477618575096,0.37884750962257385,0.28118354082107544,-0.0062536559998989105,0.374818354845047,0.29126834869384766,-0.0107877217233181,0.36926156282424927,0.3211933970451355,-0.010801209136843681,0.38983315229415894,0.3561726212501526,0.000527287891600281,0.39150121808052063,0.30493372678756714,-0.00809512846171856,0.3895087242126465,0.302967369556427,-0.011951341293752193,0.3856686055660248,0.319533109664917,-0.012819914147257805,0.6008015871047974,0.48771947622299194,-1.8606742457905057e-07,0.5782255530357361,0.4637458324432373,-0.01026148721575737,0.5667744874954224,0.413923978805542,-0.014866474084556103,0.5762065649032593,0.3850867450237274,-0.02074607089161873,0.5900912880897522,0.3961281478404999,-0.024696392938494682,0.5821548700332642,0.35968151688575745,0.0012393277138471603,0.579523503780365,0.3105038106441498,-0.00965918693691492,0.5723349452018738,0.3286069929599762,-0.01611241139471531,0.5715895891189575,0.3549303412437439,-0.018936889246106148,0.5959446430206299,0.35796505212783813,0.0003318699018564075,0.5945262908935547,0.3022668659687042,-0.011811550706624985,0.5852751135826111,0.3266436755657196,-0.014790842309594154,0.5847082138061523,0.3563096225261688,-0.013301227241754532,0.6097609996795654,0.36508437991142273,-0.003593341913074255,0.6114073991775513,0.31165170669555664,-0.01444975845515728,0.6013573408126831,0.33402499556541443,-0.014376549981534481,0.5997399687767029,0.36398452520370483,-0.010798249393701553,0.6253929138183594,0.3803388774394989,-0.009158562868833542,0.6264603734016418,0.33719709515571594,-0.016003884375095367,0.6170653104782104,0.3419087827205658,-0.016607841476798058,0.6124091148376465,0.36127129197120667,-0.015124796889722347
12,0.6008635759353638,0.4865899682044983,-1.7480307690220798e-07,0.5779203176498413,0.46241429448127747,-0.009692836552858353,0.5671875476837158,0.41342028975486755,-0.014250686392188072,0.5765706300735474,0.3862304389476776,-0.020178165286779404,0.5893511176109314,0.3995858132839203,-0.024109594523906708,0.5842468738555908,0.35806921124458313,0.0026447256095707417,0.5828135013580322,0.3091052770614624,-0.007860470563173294,0.5754399299621582,0.32731759548187256,-0.013868000358343124,0.5743346214294434,0.3538260757923126,-0.016284102573990822,0.5976554751396179,0.3575272858142853,0.0017027035355567932,0.5966288447380066,0.30274102091789246,-0.010235093533992767,0.586645781993866,0.32902467250823975,-0.012667985633015633,0.5860743522644043,0.3599351644515991,-0.010464804247021675,0.611236035823822,0.3650795817375183,-0.002286340342834592,0.6131731271743774,0.31160280108451843,-0.013152558356523514,0.6023045182228088,0.33397045731544495,-0.01260477676987648,0.6006854772567749,0.36450761556625366,-0.00830847304314375,0.6265531182289124,0.3805950880050659,-0.007832073606550694,0.62717205286026,0.336852103471756,-0.014838749542832375,0.6171058416366577,0.34206825494766235,-0.015350108034908772,0.6123932003974915,0.3629360496997833,-0.013460105285048485,0.3656381070613861,0.4874444007873535,-1.320773463930891e-07,0.3412211537361145,0.4678713083267212,-0.013586955145001411,0.33216679096221924,0.39459455013275146,-0.01659279502928257,0.34668174386024475,0.34622490406036377,-0.020143259316682816,0.3688843846321106,0.3523925840854645,-0.02136716991662979,0.34246209263801575,0.33509087562561035,0.004447499755769968,0.3435743749141693,0.28632867336273193,-0.007135409861803055,0.3387189507484436,0.2958119511604309,-0.015794998034834862,0.33188870549201965,0.32690194249153137,-0.019675539806485176,0.3583856523036957,0.32981258630752563,0.006331199314445257,0.36074069142341614,0.265043169260025,-0.0037507968954741955,0.3578035533428192,0.2655062675476074,-0.009900359436869621,0.3517809808254242,0.29279032349586487,-0.011491741985082626,0.37300625443458557,0.3365779519081116,0.004541704896837473,0.37771156430244446,0.27210748195648193,-0.00653773033991456,0.37373343110084534,0.28401798009872437,-0.010214933194220066,0.36819642782211304,0.3165346086025238,-0.00915976706892252,0.38918933272361755,0.35045763850212097,0.0009546452201902866,0.3903605341911316,0.29911309480667114,-0.009342808276414871,0.38794028759002686,0.30094847083091736,-0.01384730264544487,0.38380536437034607,0.32183897495269775,-0.014543112367391586
13,0.6008635759353638,0.4865899682044983,-1.7480307690220798e-07,0.5779203176498413,0.46241429448127747,-0.009692836552858353,0.5671875476837158,0.41342028975486755,-0.014250686392188072,0.5765706300735474,0.3862304389476776,-0.020178165286779404,0.5893511176109314,0.3995858132839203,-0.024109594523906708,0.5842468738555908,0.35806921124458313,0.0026447256095707417,0.5828135013580322,0.3091052770614624,-0.007860470563173294,0.5754399299621582,0.32731759548187256,-0.013868000358343124,0.5743346214294434,0.3538260757923126,-0.016284102573990822,0.5976554751396179,0.3575272858142853,0.0017027035355567932,0.5966288447380066,0.30274102091789246,-0.010235093533992767,0.586645781993866,0.32902467250823975,-0.012667985633015633,0.5860743522644043,0.3599351644515991,-0.010464804247021675,0.611236035823822,0.3650795817375183,-0.002286340342834592,0.6131731271743774,0.31160280108451843,-0.013152558356523514,0.6023045182228088,0.33397045731544495,-0.01260477676987648,0.6006854772567749,0.36450761556625366,-0.00830847304314375,0.6265531182289124,0.3805950880050659,-0.007832073606550694,0.62717205286026,0.336852103471756,-0.014838749542832375,0.6171058416366577,0.34206825494766235,-0.015350108034908772,0.6123932003974915,0.3629360496997833,-0.013460105285048485,0.3656381070613861,0.4874444007873535,-1.320773463930891e-07,0.3412211537361145,0.4678713083267212,-0.013586955145001411,0.33216679096221924,0.39459455013275146,-0.01659279502928257,0.34668174386024475,0.34622490406036377,-0.020143259316682816,0.3688843846321106,0.3523925840854645,-0.02136716991662979,0.34246209263801575,0.33509087562561035,0.004447499755769968,0.3435743749141693,0.28632867336273193,-0.007135409861803055,0.3387189507484436,0.2958119511604309,-0.015794998034834862,0.33188870549201965,0.32690194249153137,-0.019675539806485176,0.3583856523036957,0.32981258630752563,0.006331199314445257,0.36074069142341614,0.265043169260025,-0.0037507968954741955,0.3578035533428192,0.2655062675476074,-0.009900359436869621,0.3517809808254242,0.29279032349586487,-0.011491741985082626,0.37300625443458557,0.3365779519081116,0.004541704896837473,0.37771156430244446,0.27210748195648193,-0.00653773033991456,0.37373343110084534,0.28401798009872437,-0.010214933194220066,0.36819642782211304,0.3165346086025238,-0.00915976706892252,0.38918933272361755,0.35045763850212097,0.0009546452201902866,0.3903605341911316,0.29911309480667114,-0.009342808276414871,0.38794028759002686,0.30094847083091736,-0.01384730264544487,0.38380536437034607,0.32183897495269775,-0.014543112367391586
14,0.6011962890625,0.4863668978214264,-1.9796686956397025e-07,0.5797632336616516,0.46343889832496643,-0.010259866714477539,0.5677024722099304,0.4177665412425995,-0.01586034521460533,0.5757986307144165,0.38995569944381714,-0.022796960547566414,0.5896847248077393,0.3964623212814331,-0.027853550389409065,0.5854300856590271,0.3609360158443451,-0.00017378675693180412,0.582398533821106,0.31144940853118896,-0.011261994950473309,0.5740586519241333,0.32966071367263794,-0.017647694796323776,0.5731122493743896,0.355608731508255,-0.020550992339849472,0.5986236333847046,0.3598484694957733,-0.001220458885654807,0.5966249108314514,0.3040579557418823,-0.014096959494054317,0.5869218111038208,0.3303839862346649,-0.0172932967543602,0.586518406867981,0.3605607748031616,-0.01602603681385517,0.6122307181358337,0.3665611445903778,-0.005136869847774506,0.6126654148101807,0.31286779046058655,-0.016619035974144936,0.6025105118751526,0.3372659683227539,-0.01644180715084076,0.6010263562202454,0.3675557076931,-0.012891262769699097,0.6274532079696655,0.3813123106956482,-0.010592897422611713,0.6276159286499023,0.33714669942855835,-0.01787792146205902,0.6178565621376038,0.343568354845047,-0.018319597467780113,0.6128897070884705,0.36358094215393066,-0.01675962097942829,0.3646622896194458,0.48101282119750977,-1.3727323278089898e-07,0.34017622470855713,0.46203112602233887,-0.012671581469476223,0.3313503861427307,0.39066100120544434,-0.015672501176595688,0.3466963768005371,0.345210999250412,-0.019339002668857574,0.370368093252182,0.3553648591041565,-0.020872823894023895,0.34211501479148865,0.33233973383903503,0.004314436577260494,0.34316712617874146,0.28510400652885437,-0.007629833649843931,0.33807137608528137,0.2946550250053406,-0.016358070075511932,0.3316042423248291,0.3254939913749695,-0.020261265337467194,0.3579259216785431,0.3268277645111084,0.005652088206261396,0.3615497350692749,0.26410388946533203,-0.005474631674587727,0.3570425808429718,0.2681668698787689,-0.011641506105661392,0.35048460960388184,0.2983051836490631,-0.012769187800586224,0.3723174035549164,0.33272501826286316,0.003463059663772583,0.377321720123291,0.27032917737960815,-0.008119827136397362,0.3718697130680084,0.28365761041641235,-0.011499069631099701,0.366301953792572,0.31663405895233154,-0.009953589178621769,0.3881409466266632,0.34581995010375977,-0.0004277133848518133,0.38946524262428284,0.2961742579936981,-0.010997493751347065,0.3867676258087158,0.29977208375930786,-0.015285074710845947,0.38299405574798584,0.3216465413570404,-0.015626925975084305
15,0.3627166152000427,0.4866645038127899,-1.1394370602602066e-07,0.3379634618759155,0.4644058644771576,-0.013271845877170563,0.3302552103996277,0.39128604531288147,-0.01586104929447174,0.3465619683265686,0.3458264172077179,-0.018390852957963943,0.37046799063682556,0.351710706949234,-0.01903875172138214,0.33924156427383423,0.3358165919780731,0.003040207317098975,0.33950942754745483,0.2892115116119385,-0.007923683151602745,0.3358308672904968,0.2949836850166321,-0.01652168482542038,0.3303358256816864,0.3260832726955414,-0.020620720461010933,0.3558468818664551,0.33044758439064026,0.00532503379508853,0.3584573566913605,0.2678329050540924,-0.004503151401877403,0.35404008626937866,0.26826295256614685,-0.011128289625048637,0.34835726022720337,0.2964239716529846,-0.013498714193701744,0.3715522587299347,0.33681848645210266,0.00430679228156805,0.3782772421836853,0.2721356749534607,-0.007251970004290342,0.3716656565666199,0.28098759055137634,-0.012131409719586372,0.3649883568286896,0.3117198646068573,-0.012390236370265484,0.3884100914001465,0.351736843585968,0.001860274700447917,0.388025164604187,0.306139200925827,-0.009905449114739895,0.3832578957080841,0.31198275089263916,-0.015050978399813175,0.3780682682991028,0.3339920938014984,-0.01623016595840454,0.6037843823432922,0.4869692325592041,-1.907897910768952e-07,0.5813932418823242,0.4644547402858734,-0.010071913711726665,0.5686559677124023,0.419151246547699,-0.01575876772403717,0.5760409235954285,0.39078715443611145,-0.022804610431194305,0.5905452370643616,0.3947891294956207,-0.028026733547449112,0.5858986377716064,0.3611859679222107,-0.00029738034936599433,0.5827348232269287,0.31059932708740234,-0.01176011748611927,0.5753457546234131,0.32865989208221436,-0.018709730356931686,0.574705958366394,0.3550121784210205,-0.02190260775387287,0.599397599697113,0.3601016700267792,-0.0014394071185961366,0.5975541472434998,0.30473649501800537,-0.014274614863097668,0.5886265635490417,0.3312564194202423,-0.018021682277321815,0.5884318947792053,0.36167436838150024,-0.017209768295288086,0.6131449341773987,0.3667301833629608,-0.005411847028881311,0.6139355301856995,0.31242284178733826,-0.016448067501187325,0.604030430316925,0.3362167775630951,-0.016528582200407982,0.6024531126022339,0.3663157820701599,-0.013340665958821774,0.628331184387207,0.38126498460769653,-0.010922391898930073,0.6282119154930115,0.33819007873535156,-0.017864441499114037,0.618897557258606,0.34462133049964905,-0.01841415837407112,0.6143062710762024,0.36471202969551086,-0.01702982373535633
16,0.36223629117012024,0.48785173892974854,-1.0014400686486624e-07,0.33597588539123535,0.46710604429244995,-0.012318766675889492,0.32765012979507446,0.3900070786476135,-0.014247124083340168,0.3438619375228882,0.3428117632865906,-0.01631275936961174,0.36651286482810974,0.3473373055458069,-0.01679619401693344,0.3378939926624298,0.33018532395362854,0.004057225771248341,0.34369993209838867,0.28178536891937256,-0.006556857842952013,0.3431806266307831,0.28748393058776855,-0.015316012315452099,0.3385030925273895,0.3186313509941101,-0.019675223156809807,0.3563222587108612,0.3288693428039551,0.005411962512880564,0.3629927337169647,0.2650599181652069,-0.004123310558497906,0.36223161220550537,0.26634401082992554,-0.011723331175744534,0.35692083835601807,0.29638412594795227,-0.014678406529128551,0.3725833296775818,0.3408225476741791,0.0036032921634614468,0.38246873021125793,0.27728068828582764,-0.00766333844512701,0.37870126962661743,0.28728991746902466,-0.014469053596258163,0.3724461793899536,0.3176010847091675,-0.01642310991883278,0.38871610164642334,0.3616642653942108,0.0005716169252991676,0.3841947317123413,0.319840669631958,-0.012241387739777565,0.3781197965145111,0.32769501209259033,-0.01905950717628002,0.3721705973148346,0.34990477561950684,-0.021472353488206863,0.6045951247215271,0.4887205958366394,-1.9011376650723832e-07,0.5808365345001221,0.46356064081192017,-0.010352577082812786,0.5687155723571777,0.41493237018585205,-0.015551143325865269,0.5781161189079285,0.3871803283691406,-0.022053854539990425,0.5922824144363403,0.3971238136291504,-0.026681426912546158,0.5856503844261169,0.35894304513931274,0.0007432430284097791,0.5832794308662415,0.30922406911849976,-0.010030582547187805,0.5763855576515198,0.3287147581577301,-0.016843650490045547,0.5760310888290405,0.35508066415786743,-0.020171955227851868,0.5997858047485352,0.3581770956516266,-0.00012928385694976896,0.5993083715438843,0.30386343598365784,-0.01191795989871025,0.5903640985488892,0.33004286885261536,-0.015339932404458523,0.5896122455596924,0.35940784215927124,-0.014511145651340485,0.6136510372161865,0.3651028871536255,-0.003918160684406757,0.6161255836486816,0.3119899332523346,-0.013972499407827854,0.6060914993286133,0.33464595675468445,-0.013960469514131546,0.603650689125061,0.36390459537506104,-0.010924194939434528,0.6288108229637146,0.38008028268814087,-0.009385432116687298,0.629737138748169,0.33766695857048035,-0.015707097947597504,0.6204546093940735,0.3438265323638916,-0.016248710453510284,0.6154442429542542,0.36389288306236267,-0.015025433152914047
17,0.36183401942253113,0.4852108955383301,-9.074774709461053e-08,0.3367966413497925,0.4666975736618042,-0.01314129400998354,0.32722240686416626,0.39125168323516846,-0.015730131417512894,0.3431239128112793,0.34381696581840515,-0.018073037266731262,0.36707234382629395,0.34791359305381775,-0.018873434513807297,0.33676877617836,0.33305779099464417,0.0018452766817063093,0.34240248799324036,0.28527089953422546,-0.00859007891267538,0.34242257475852966,0.28845614194869995,-0.017170431092381477,0.3381258249282837,0.31610000133514404,-0.02159724198281765,0.35498055815696716,0.3302970230579376,0.0037520062178373337,0.361689954996109,0.26613524556159973,-0.005391457583755255,0.361416757106781,0.26559245586395264,-0.012565132230520248,0.3560616075992584,0.29353582859039307,-0.015569412149488926,0.3712393045425415,0.34098756313323975,0.002614367287606001,0.38174018263816833,0.2745462656021118,-0.008639005944132805,0.37840330600738525,0.28469550609588623,-0.015325488522648811,0.3717477023601532,0.31555646657943726,-0.017410073429346085,0.38722512125968933,0.3608038127422333,0.0002557979023549706,0.38335511088371277,0.3167745769023895,-0.012878681533038616,0.37744417786598206,0.3258017301559448,-0.019771989434957504,0.37112244963645935,0.34962034225463867,-0.02234724536538124,0.6039745807647705,0.4878538250923157,-1.9116356497761444e-07,0.5813303589820862,0.46440669894218445,-0.010279728099703789,0.5694409608840942,0.4158664047718048,-0.015689905732870102,0.5785835981369019,0.38883015513420105,-0.022396892309188843,0.5927786827087402,0.39807969331741333,-0.027294408529996872,0.5870148539543152,0.35959598422050476,0.00041160781984217465,0.5838297605514526,0.31064000725746155,-0.011005256325006485,0.5767261981964111,0.3302282392978668,-0.018062394112348557,0.5763782858848572,0.3569009304046631,-0.02137930318713188,0.6007660031318665,0.3588990271091461,-0.000634043593890965,0.5990325808525085,0.30438727140426636,-0.013332825154066086,0.5898834466934204,0.33207425475120544,-0.016931835561990738,0.5896275043487549,0.36244022846221924,-0.015996040776371956,0.614449679851532,0.3661990761756897,-0.0046320692636072636,0.6158493757247925,0.3125483989715576,-0.01579868420958519,0.6056159734725952,0.33669859170913696,-0.016020212322473526,0.6037866473197937,0.3670191466808319,-0.012840871699154377,0.6296345591545105,0.38157832622528076,-0.010215368121862411,0.6299821734428406,0.3384845554828644,-0.017354290932416916,0.6206940412521362,0.3452293872833252,-0.018131764605641365,0.6163051128387451,0.3655534088611603,-0.016902098432183266
18,0.36183401942253113,0.4852108955383301,-9.074774709461053e-08,0.3367966413497925,0.4666975736618042,-0.01314129400998354,0.32722240686416626,0.39125168323516846,-0.015730131417512894,0.3431239128112793,0.34381696581840515,-0.018073037266731262,0.36707234382629395,0.34791359305381775,-0.018873434513807297,0.33676877617836,0.33305779099464417,0.0018452766817063093,0.34240248799324036,0.28527089953422546,-0.00859007891267538,0.34242257475852966,0.28845614194869995,-0.017170431092381477,0.3381258249282837,0.31610000133514404,-0.02159724198281765,0.35498055815696716,0.3302970230579376,0.0037520062178373337,0.361689954996109,0.26613524556159973,-0.005391457583755255,0.361416757106781,0.26559245586395264,-0.012565132230520248,0.3560616075992584,0.29353582859039307,-0.015569412149488926,0.3712393045425415,0.34098756313323975,0.002614367287606001,0.38174018263816833,0.2745462656021118,-0.008639005944132805,0.37840330600738525,0.28469550609588623,-0.015325488522648811,0.3717477023601532,0.31555646657943726,-0.017410073429346085,0.38722512125968933,0.3608038127422333,0.0002557979023549706,0.38335511088371277,0.3167745769023895,-0.012878681533038616,0.37744417786598206,0.3258017301559448,-0.019771989434957504,0.37112244963645935,0.34962034225463867,-0.02234724536538124,0.6039745807647705,0.4878538250923157,-1.9116356497761444e-07,0.5813303589820862,0.46440669894218445,-0.010279728099703789,0.5694409608840942,0.4158664047718048,-0.015689905732870102,0.5785835981369019,0.38883015513420105,-0.022396892309188843,0.5927786827087402,0.39807969331741333,-0.027294408529996872,0.5870148539543152,0.35959598422050476,0.00041160781984217465,0.5838297605514526,0.31064000725746155,-0.011005256325006485,0.5767261981964111,0.3302282392978668,-0.018062394112348557,0.5763782858848572,0.3569009304046631,-0.02137930318713188,0.6007660031318665,0.3588990271091461,-0.000634043593890965,0.5990325808525085,0.30438727140426636,-0.013332825154066086,0.5898834466934204,0.33207425475120544,-0.016931835561990738,0.5896275043487549,0.36244022846221924,-0.015996040776371956,0.614449679851532,0.3661990761756897,-0.0046320692636072636,0.6158493757247925,0.3125483989715576,-0.01579868420958519,0.6056159734725952,0.33669859170913696,-0.016020212322473526,0.6037866473197937,0.3670191466808319,-0.012840871699154377,0.6296345591545105,0.38157832622528076,-0.010215368121862411,0.6299821734428406,0.3384845554828644,-0.017354290932416916,0.6206940412521362,0.3452293872833252,-0.018131764605641365,0.6163051128387451,0.3655534088611603,-0.016902098432183266
19,0.3631255626678467,0.4835716187953949,-1.21536245956122e-07,0.33585625886917114,0.46379324793815613,-0.012768738903105259,0.32672417163848877,0.3895745873451233,-0.01499978732317686,0.34413960576057434,0.34448447823524475,-0.01720166578888893,0.3688386380672455,0.35044074058532715,-0.017840001732110977,0.3366565704345703,0.335684597492218,0.003032876644283533,0.3385274112224579,0.2889383137226105,-0.007357269991189241,0.3338591158390045,0.2913128435611725,-0.015879806131124496,0.3269476592540741,0.3181338310241699,-0.02014000155031681,0.3545364737510681,0.331460177898407,0.004793248604983091,0.35896924138069153,0.26837486028671265,-0.003994245082139969,0.35542306303977966,0.2623762786388397,-0.01057645957916975,0.34950870275497437,0.287229061126709,-0.013142307288944721,0.37089458107948303,0.34035828709602356,0.0033273291774094105,0.3790648579597473,0.2760220766067505,-0.007490768097341061,0.37341082096099854,0.2819533050060272,-0.013568476773798466,0.3673967719078064,0.3115481734275818,-0.015086374245584011,0.3877500891685486,0.35862889885902405,0.0005059592076577246,0.38364118337631226,0.3147652745246887,-0.011545330286026001,0.37696534395217896,0.31945091485977173,-0.017625724896788597,0.3712660074234009,0.3411848247051239,-0.019683189690113068,0.6047514081001282,0.4874449074268341,-1.835119860515988e-07,0.5815190672874451,0.4648311138153076,-0.010121576488018036,0.5697570443153381,0.41646093130111694,-0.015183343552052975,0.5787885785102844,0.3887610137462616,-0.021604999899864197,0.5927568674087524,0.39916619658470154,-0.026114774867892265,0.5873222351074219,0.35988330841064453,0.0010003658244386315,0.584983766078949,0.31094568967819214,-0.010019040666520596,0.5782204866409302,0.3295227885246277,-0.01668277569115162,0.577223002910614,0.35640108585357666,-0.01963883824646473,0.6011415719985962,0.35868725180625916,-3.7114448787178844e-05,0.5998359322547913,0.3041727840900421,-0.012255878187716007,0.5910552144050598,0.3308733105659485,-0.015750709921121597,0.5903362035751343,0.3614535927772522,-0.014672858640551567,0.6147648692131042,0.3660701811313629,-0.004004518501460552,0.6165152788162231,0.31299757957458496,-0.014501919038593769,0.6066727042198181,0.33665406703948975,-0.014759033918380737,0.6047319769859314,0.36692091822624207,-0.01160972286015749,0.6299421787261963,0.38151124119758606,-0.009589110501110554,0.6310514211654663,0.33937060832977295,-0.016062533482909203,0.6220130920410156,0.34367868304252625,-0.016912557184696198,0.617260754108429,0.3621959090232849,-0.01577192172408104
20,0.3614436388015747,0.48264080286026,-1.246238099383845e-07,0.3366091847419739,0.4645974636077881,-0.012919040396809578,0.32755106687545776,0.38953346014022827,-0.015460438095033169,0.3430982232093811,0.3422206938266754,-0.01823478564620018,0.3669993281364441,0.34668564796447754,-0.01904086023569107,0.33641377091407776,0.3282124698162079,0.003164539346471429,0.34011873602867126,0.27876120805740356,-0.008744067512452602,0.3381877839565277,0.2893528938293457,-0.017438143491744995,0.3334454298019409,0.3235846757888794,-0.02124335989356041,0.35373085737228394,0.32412582635879517,0.0050123888067901134,0.3597794473171234,0.259426474571228,-0.006021562032401562,0.3566266596317291,0.26792728900909424,-0.012511481530964375,0.35093894600868225,0.30037009716033936,-0.013998155482113361,0.369853138923645,0.3318021297454834,0.0034754551015794277,0.37713703513145447,0.2672252953052521,-0.008539733476936817,0.37179023027420044,0.2823823094367981,-0.012920849025249481,0.3657058775424957,0.31497249007225037,-0.012404600158333778,0.3865618407726288,0.3471696376800537,0.000502229027915746,0.3861950635910034,0.2992192804813385,-0.010999291203916073,0.3821812570095062,0.3059695065021515,-0.015848765149712563,0.377750962972641,0.3277599811553955,-0.016688449308276176,0.605608344078064,0.4881454110145569,-1.933496491801634e-07,0.5823875069618225,0.46567535400390625,-0.010121299885213375,0.5702592730522156,0.41929173469543457,-0.015319941565394402,0.578879714012146,0.3913537263870239,-0.02183508314192295,0.5928569436073303,0.3951224982738495,-0.02653469890356064,0.5881834030151367,0.3626880645751953,-1.0335438673791941e-05,0.5848631858825684,0.3126363754272461,-0.01133220549672842,0.5778588056564331,0.33156466484069824,-0.018112193793058395,0.5776153802871704,0.35822048783302307,-0.021156465634703636,0.6018096804618835,0.36136889457702637,-0.0009541531326249242,0.6002330183982849,0.30600881576538086,-0.0137312151491642,0.5912914872169495,0.3334299921989441,-0.01723380945622921,0.5911400318145752,0.3641907274723053,-0.01613800600171089,0.6154898405075073,0.3678361475467682,-0.004754201974719763,0.616905689239502,0.3136236369609833,-0.015748966485261917,0.6068943738937378,0.33867567777633667,-0.01557125523686409,0.6054123640060425,0.36946478486061096,-0.012147442437708378,0.63082355260849,0.3826066553592682,-0.010122939012944698,0.6312670707702637,0.33959272503852844,-0.017213743180036545,0.6218886375427246,0.3466859459877014,-0.017796598374843597,0.61739182472229,0.3673078715801239,-0.016362426802515984
21,0.36243391036987305,0.4864484667778015,-1.2198545107366954e-07,0.33583301305770874,0.46676063537597656,-0.01293690875172615,0.32794153690338135,0.3903287351131439,-0.01448104064911604,0.34471485018730164,0.3428463935852051,-0.015793517231941223,0.3689279556274414,0.34655529260635376,-0.015392880886793137,0.3371467590332031,0.34021976590156555,0.0036674675066024065,0.3378501236438751,0.29392126202583313,-0.005735077895224094,0.333983838558197,0.2979303002357483,-0.013081397861242294,0.32821211218833923,0.3245614469051361,-0.01645534858107567,0.35401925444602966,0.3337728679180145,0.00635909428820014,0.3562150001525879,0.2721354067325592,-0.0014709355309605598,0.3519074618816376,0.26410752534866333,-0.007082113530486822,0.346457839012146,0.2823325991630554,-0.009245455265045166,0.3700137436389923,0.3392334580421448,0.005712264217436314,0.3769999146461487,0.2736513912677765,-0.005435597151517868,0.3701435625553131,0.2781623601913452,-0.011027144268155098,0.36355796456336975,0.30496206879615784,-0.011827260255813599,0.3872240483760834,0.3527226150035858,0.0037992834113538265,0.38657137751579285,0.305128276348114,-0.008297949098050594,0.3816100060939789,0.3078113794326782,-0.01420517172664404,0.3770197927951813,0.3273690938949585,-0.015989771112799644,0.605565071105957,0.48901814222335815,-1.866332866029552e-07,0.5820212960243225,0.46648645401000977,-0.010638012550771236,0.5700755715370178,0.4184216558933258,-0.016228875145316124,0.5793262124061584,0.3913317620754242,-0.023012379184365273,0.5932104587554932,0.39832332730293274,-0.027935178950428963,0.5869680643081665,0.36206701397895813,-0.000864430156070739,0.5844076871871948,0.3116426467895508,-0.012216804549098015,0.5775579810142517,0.3311224579811096,-0.01916397362947464,0.5770745277404785,0.3580615222454071,-0.022420311346650124,0.601375162601471,0.3610419034957886,-0.001666906289756298,0.6009438037872314,0.3058999180793762,-0.014092834666371346,0.5922231078147888,0.3327014744281769,-0.017699522897601128,0.5914599895477295,0.36292198300361633,-0.016944698989391327,0.6152980923652649,0.36789828538894653,-0.005314911715686321,0.617684543132782,0.31455713510513306,-0.015696382150053978,0.607846200466156,0.3385618329048157,-0.015812771394848824,0.6056636571884155,0.3688889145851135,-0.012931969948112965,0.6306173801422119,0.382666677236557,-0.010610113851726055,0.6319547295570374,0.34081965684890747,-0.017163744196295738,0.6227482557296753,0.3464512825012207,-0.017925255000591278,0.6176444292068481,0.365935742855072,-0.01691860891878605
22,0.3629764914512634,0.49271559715270996,-1.1649269282543173e-07,0.3355894088745117,0.47041910886764526,-0.013676472939550877,0.3269505798816681,0.39166340231895447,-0.015618427656590939,0.34420907497406006,0.34438610076904297,-0.017365319654345512,0.369577020406723,0.35141077637672424,-0.01741202175617218,0.3367324769496918,0.33982211351394653,0.003259567776694894,0.33765262365341187,0.29004034399986267,-0.0070334989577531815,0.3326553702354431,0.292105108499527,-0.01535713393241167,0.3258972764015198,0.31937482953071594,-0.01950673945248127,0.3541497588157654,0.33376291394233704,0.005791113246232271,0.35825422406196594,0.2680230736732483,-0.003182021901011467,0.35421222448349,0.26285818219184875,-0.009623113088309765,0.34777331352233887,0.28865957260131836,-0.012048625387251377,0.370013952255249,0.34108930826187134,0.004954570438712835,0.37855544686317444,0.2733669579029083,-0.00615384615957737,0.37229353189468384,0.28125277161598206,-0.011521795764565468,0.36518368124961853,0.31255587935447693,-0.012297330424189568,0.3868466913700104,0.3578435778617859,0.0026154329534620047,0.3843267560005188,0.31162428855895996,-0.009865913540124893,0.3788851201534271,0.3190595507621765,-0.015862714499235153,0.3736819922924042,0.34297898411750793,-0.017648253589868546,0.606167197227478,0.49021273851394653,-1.925128998436776e-07,0.5822157263755798,0.46790847182273865,-0.010618504136800766,0.5705533027648926,0.41953858733177185,-0.015972616150975227,0.5802158713340759,0.39215314388275146,-0.022590219974517822,0.5946258306503296,0.39888623356819153,-0.027300238609313965,0.5881900191307068,0.36280500888824463,-5.178865103516728e-05,0.5855345726013184,0.31211769580841064,-0.011186168529093266,0.5785114169120789,0.3309953510761261,-0.01811136305332184,0.5778390169143677,0.35769951343536377,-0.021371720358729362,0.6024240851402283,0.3617781400680542,-0.000820251414552331,0.6016331911087036,0.30596745014190674,-0.01313710119575262,0.5927848219871521,0.33283746242523193,-0.016774781048297882,0.5920795798301697,0.36372828483581543,-0.01594650372862816,0.6162510514259338,0.3686993718147278,-0.00447993166744709,0.6185550093650818,0.3144344687461853,-0.014739793725311756,0.6087133884429932,0.3378489017486572,-0.014793617650866508,0.6066558361053467,0.3682060241699219,-0.011787498369812965,0.6314972043037415,0.3835464119911194,-0.00982628669589758,0.6328970789909363,0.3408263325691223,-0.016130318865180016,0.6237826943397522,0.3457152545452118,-0.016831882297992706,0.6188048720359802,0.3647834062576294,-0.01577121950685978
23,0.3629764914512634,0.49271559715270996,-1.1649269282543173e-07,0.3355894088745117,0.47041910886764526,-0.013676472939550877,0.3269505798816681,0.39166340231895447,-0.015618427656590939,0.34420907497406006,0.34438610076904297,-0.017365319654345512,0.369577020406723,0.35141077637672424,-0.01741202175617218,0.3367324769496918,0.33982211351394653,0.003259567776694894,0.33765262365341187,0.29004034399986267,-0.0070334989577531815,0.3326553702354431,0.292105108499527,-0.01535713393241167,0.3258972764015198,0.31937482953071594,-0.01950673945248127,0.3541497588157654,0.33376291394233704,0.005791113246232271,0.35825422406196594,0.2680230736732483,-0.003182021901011467,0.35421222448349,0.26285818219184875,-0.009623113088309765,0.34777331352233887,0.28865957260131836,-0.012048625387251377,0.370013952255249,0.34108930826187134,0.004954570438712835,0.37855544686317444,0.2733669579029083,-0.00615384615957737,0.37229353189468384,0.28125277161598206,-0.011521795764565468,0.36518368124961853,0.31255587935447693,-0.012297330424189568,0.3868466913700104,0.3578435778617859,0.0026154329534620047,0.3843267560005188,0.31162428855895996,-0.009865913540124893,0.3788851201534271,0.3190595507621765,-0.015862714499235153,0.3736819922924042,0.34297898411750793,-0.017648253589868546,0.606167197227478,0.49021273851394653,-1.925128998436776e-07,0.5822157263755798,0.46790847182273865,-0.010618504136800766,0.5705533027648926,0.41953858733177185,-0.015972616150975227,0.5802158713340759,0.39215314388275146,-0.022590219974517822,0.5946258306503296,0.39888623356819153,-0.027300238609313965,0.5881900191307068,0.36280500888824463,-5.178865103516728e-05,0.5855345726013184,0.31211769580841064,-0.011186168529093266,0.5785114169120789,0.3309953510761261,-0.01811136305332184,0.5778390169143677,0.35769951343536377,-0.021371720358729362,0.6024240851402283,0.3617781400680542,-0.000820251414552331,0.6016331911087036,0.30596745014190674,-0.01313710119575262,0.5927848219871521,0.33283746242523193,-0.016774781048297882,0.5920795798301697,0.36372828483581543,-0.01594650372862816,0.6162510514259338,0.3686993718147278,-0.00447993166744709,0.6185550093650818,0.3144344687461853,-0.014739793725311756,0.6087133884429932,0.3378489017486572,-0.014793617650866508,0.6066558361053467,0.3682060241699219,-0.011787498369812965,0.6314972043037415,0.3835464119911194,-0.00982628669589758,0.6328970789909363,0.3408263325691223,-0.016130318865180016,0.6237826943397522,0.3457152545452118,-0.016831882297992706,0.6188048720359802,0.3647834062576294,-0.01577121950685978
24,0.606726884841919,0.4890308976173401,-1.9667731976369396e-07,0.583899199962616,0.46697449684143066,-0.010158748365938663,0.5722163915634155,0.42016008496284485,-0.0157934483140707,0.5814688801765442,0.3934081494808197,-0.02286863513290882,0.5963869690895081,0.39967599511146545,-0.028037358075380325,0.5888779759407043,0.36199522018432617,-0.0002368068671785295,0.5864220857620239,0.310502827167511,-0.011805090121924877,0.5792680978775024,0.330331414937973,-0.018851997330784798,0.5787400603294373,0.35763099789619446,-0.022070733830332756,0.6030799746513367,0.3614122271537781,-0.0014178601559251547,0.6029137372970581,0.30523478984832764,-0.01404646784067154,0.5937992930412292,0.33376798033714294,-0.01759965717792511,0.5931233167648315,0.36468252539634705,-0.01662861928343773,0.6168562769889832,0.3686520457267761,-0.005432371981441975,0.6193140149116516,0.3143232762813568,-0.015914661809802055,0.6092249751091003,0.3393847346305847,-0.015582404099404812,0.6071765422821045,0.3698119521141052,-0.012219442054629326,0.6319743394851685,0.3834346532821655,-0.011071067303419113,0.6331545114517212,0.3401978611946106,-0.01730535365641117,0.6242218613624573,0.34560713171958923,-0.017605263739824295,0.619547963142395,0.3648369014263153,-0.01620226539671421,0.3612140417098999,0.48042869567871094,-1.3452235236854904e-07,0.33596837520599365,0.4621413052082062,-0.012352144345641136,0.32755574584007263,0.39203080534935,-0.015047379769384861,0.34171250462532043,0.3467261493206024,-0.018342114984989166,0.36250975728034973,0.3501017093658447,-0.019756166264414787,0.3373171091079712,0.33110880851745605,0.0038280764129012823,0.3381061553955078,0.28284820914268494,-0.008483032695949078,0.33422034978866577,0.2881363332271576,-0.017868278548121452,0.32868772745132446,0.3189352750778198,-0.022295113652944565,0.35396406054496765,0.3261072039604187,0.0049919188022613525,0.35882800817489624,0.26441994309425354,-0.007573217153549194,0.35391005873680115,0.2699301242828369,-0.015220950357615948,0.34755316376686096,0.3035525679588318,-0.01715225726366043,0.3695405423641205,0.33292120695114136,0.002880056854337454,0.3763419985771179,0.27009424567222595,-0.00970353651791811,0.3696807026863098,0.2825729250907898,-0.013663215562701225,0.3635345995426178,0.316323846578598,-0.012476256117224693,0.3857538402080536,0.3474441170692444,-0.0007550859008915722,0.3848091661930084,0.3009757101535797,-0.012254833243787289,0.38130804896354675,0.30288445949554443,-0.016983643174171448,0.3781522810459137,0.32338961958885193,-0.01747177354991436
25,0.6071665287017822,0.48876065015792847,-1.914101233069232e-07,0.5843545198440552,0.46630722284317017,-0.010153125040233135,0.5725306868553162,0.41898399591445923,-0.01562251802533865,0.5813180208206177,0.3913426399230957,-0.022444352507591248,0.5959581732749939,0.39690524339675903,-0.027487652376294136,0.5897729396820068,0.36278337240219116,-0.0006429263739846647,0.5866948962211609,0.312542200088501,-0.01223403587937355,0.5799059271812439,0.33156073093414307,-0.019296973943710327,0.5795512199401855,0.3584575057029724,-0.022564299404621124,0.6037464141845703,0.36166125535964966,-0.0018131578108295798,0.6026942133903503,0.3052791953086853,-0.01448475755751133,0.5939237475395203,0.3323013484477997,-0.0182719137519598,0.5935285687446594,0.3628809452056885,-0.017544258385896683,0.6175096035003662,0.36861807107925415,-0.005766853224486113,0.6196148991584778,0.3135766386985779,-0.016491858288645744,0.6097075939178467,0.3383338749408722,-0.01649385876953602,0.6079224348068237,0.3689168095588684,-0.01336307916790247,0.6326354146003723,0.3836592733860016,-0.011291541159152985,0.6335330009460449,0.34000930190086365,-0.018024105578660965,0.6244487762451172,0.345953106880188,-0.018622977659106255,0.6200186610221863,0.3658728003501892,-0.017383497208356857,0.35823601484298706,0.48328933119773865,-1.2599997489814996e-07,0.3332323133945465,0.4632207155227661,-0.013246825896203518,0.3247676491737366,0.3909299075603485,-0.015848614275455475,0.33982473611831665,0.3457237184047699,-0.018773144111037254,0.3627151846885681,0.35149136185646057,-0.01966840773820877,0.3351600766181946,0.33044135570526123,0.0027824153658002615,0.33669403195381165,0.2826398015022278,-0.010298214852809906,0.3329119086265564,0.28321099281311035,-0.02022475004196167,0.32639336585998535,0.313148558139801,-0.024773739278316498,0.35354819893836975,0.32784005999565125,0.004287589807063341,0.36025622487068176,0.26755833625793457,-0.008854120038449764,0.3556039035320282,0.26443228125572205,-0.017214717343449593,0.3476962447166443,0.29573583602905273,-0.01961837336421013,0.36970990896224976,0.3370724022388458,0.0024045174941420555,0.37886273860931396,0.2776007354259491,-0.010160963982343674,0.3727238178253174,0.282439261674881,-0.014668069779872894,0.3657649755477905,0.3117606043815613,-0.013931815512478352,0.3860377073287964,0.3541848063468933,-0.00109765341039747,0.38598495721817017,0.3087008595466614,-0.012974871322512627,0.38343602418899536,0.3044964373111725,-0.018441971391439438,0.3803059458732605,0.31991150975227356,-0.019380537793040276
26,0.6071665287017822,0.48876065015792847,-1.914101233069232e-07,0.5843545198440552,0.46630722284317017,-0.010153125040233135,0.5725306868553162,0.41898399591445923,-0.01562251802533865,0.5813180208206177,0.3913426399230957,-0.022444352507591248,0.5959581732749939,0.39690524339675903,-0.027487652376294136,0.5897729396820068,0.36278337240219116,-0.0006429263739846647,0.5866948962211609,0.312542200088501,-0.01223403587937355,0.5799059271812439,0.33156073093414307,-0.019296973943710327,0.5795512199401855,0.3584575057029724,-0.022564299404621124,0.6037464141845703,0.36166125535964966,-0.0018131578108295798,0.6026942133903503,0.3052791953086853,-0.01448475755751133,0.5939237475395203,0.3323013484477997,-0.0182719137519598,0.5935285687446594,0.3628809452056885,-0.017544258385896683,0.6175096035003662,0.36861807107925415,-0.005766853224486113,0.6196148991584778,0.3135766386985779,-0.016491858288645744,0.6097075939178467,0.3383338749408722,-0.01649385876953602,0.6079224348068237,0.3689168095588684,-0.01336307916790247,0.6326354146003723,0.3836592733860016,-0.011291541159152985,0.6335330009460449,0.34000930190086365,-0.018024105578660965,0.6244487762451172,0.345953106880188,-0.018622977659106255,0.6200186610221863,0.3658728003501892,-0.017383497208356857,0.35823601484298706,0.48328933119773865,-1.2599997489814996e-07,0.3332323133945465,0.4632207155227661,-0.013246825896203518,0.3247676491737366,0.3909299075603485,-0.015848614275455475,0.33982473611831665,0.3457237184047699,-0.018773144111037254,0.3627151846885681,0.35149136185646057,-0.01966840773820877,0.3351600766181946,0.33044135570526123,0.0027824153658002615,0.33669403195381165,0.2826398015022278,-0.010298214852809906,0.3329119086265564,0.28321099281311035,-0.02022475004196167,0.32639336585998535,0.313148558139801,-0.024773739278316498,0.35354819893836975,0.32784005999565125,0.004287589807063341,0.36025622487068176,0.26755833625793457,-0.008854120038449764,0.3556039035320282,0.26443228125572205,-0.017214717343449593,0.3476962447166443,0.29573583602905273,-0.01961837336421013,0.36970990896224976,0.3370724022388458,0.0024045174941420555,0.37886273860931396,0.2776007354259491,-0.010160963982343674,0.3727238178253174,0.282439261674881,-0.014668069779872894,0.3657649755477905,0.3117606043815613,-0.013931815512478352,0.3860377073287964,0.3541848063468933,-0.00109765341039747,0.38598495721817017,0.3087008595466614,-0.012974871322512627,0.38343602418899536,0.3044964373111725,-0.018441971391439438,0.3803059458732605,0.31991150975227356,-0.019380537793040276
27,0.6073001027107239,0.48915895819664,-1.872697055205208e-07,0.5843027234077454,0.46713584661483765,-0.010505471378564835,0.572849452495575,0.4170723855495453,-0.015761347487568855,0.582307755947113,0.39068496227264404,-0.02233092300593853,0.5963557362556458,0.40225619077682495,-0.0270371250808239,0.5902879238128662,0.36155346035957336,0.0004984954139217734,0.5874029994010925,0.3119910955429077,-0.01100998930633068,0.5801234245300293,0.331757128238678,-0.017808519303798676,0.5796170830726624,0.3585909605026245,-0.02086842805147171,0.6042794585227966,0.36050209403038025,-0.0005000006058253348,0.6032811999320984,0.30423128604888916,-0.01324422750622034,0.5937976837158203,0.33205705881118774,-0.016522293910384178,0.5932697057723999,0.362531840801239,-0.015153595246374607,0.6180128455162048,0.36781832575798035,-0.004504740703850985,0.6201557517051697,0.31309762597084045,-0.01566876657307148,0.6097266674041748,0.3384557068347931,-0.015559844672679901,0.6079180836677551,0.3688456118106842,-0.011969001963734627,0.6332810521125793,0.38320714235305786,-0.010139744728803635,0.6342435479164124,0.3398505747318268,-0.01717866025865078,0.6250780820846558,0.3462306559085846,-0.01785409078001976,0.6209621429443359,0.36592957377433777,-0.016465352848172188,0.35944366455078125,0.4770585298538208,-1.3666036124959646e-07,0.3329960107803345,0.4610322117805481,-0.013878166675567627,0.32417619228363037,0.39171352982521057,-0.016955364495515823,0.33876729011535645,0.34442242980003357,-0.01960606314241886,0.3577774167060852,0.3379844129085541,-0.020801769569516182,0.3332328498363495,0.3325626254081726,-0.00023908432922326028,0.33481255173683167,0.28531914949417114,-0.012141559273004532,0.33082205057144165,0.2865934669971466,-0.021242599934339523,0.32385867834091187,0.31307896971702576,-0.025709887966513634,0.3519570529460907,0.3275376558303833,0.0018060046713799238,0.35737717151641846,0.26589587330818176,-0.009952377527952194,0.3521299362182617,0.26948851346969604,-0.017437592148780823,0.3445001542568207,0.30089911818504333,-0.01980341598391533,0.3689541816711426,0.3359984755516052,0.0008335185120813549,0.37743499875068665,0.27283409237861633,-0.012454800307750702,0.3698119521141052,0.2840501368045807,-0.017936432734131813,0.36214596033096313,0.3156530261039734,-0.018386060371994972,0.3852066993713379,0.3533526659011841,-0.0013761124573647976,0.38100141286849976,0.31258100271224976,-0.015345770865678787,0.3749285936355591,0.3200053870677948,-0.021358666941523552,0.3701445758342743,0.3427078127861023,-0.02277487702667713
28,0.6077496409416199,0.48886317014694214,-1.9287070074369694e-07,0.5847800374031067,0.46702489256858826,-0.010310226120054722,0.5728287696838379,0.4190768599510193,-0.015841934829950333,0.5818517804145813,0.39242953062057495,-0.022713322192430496,0.596361517906189,0.39820244908332825,-0.02775668166577816,0.589736819267273,0.3616492748260498,-0.00029580891714431345,0.5866369009017944,0.3115275800228119,-0.011967061087489128,0.5795966982841492,0.33118438720703125,-0.01902339980006218,0.5792469382286072,0.3581026494503021,-0.022243760526180267,0.6041713356971741,0.36068660020828247,-0.0014105044538155198,0.6031248569488525,0.3048500418663025,-0.014244774356484413,0.5942149758338928,0.3327637016773224,-0.017916083335876465,0.5937092900276184,0.36381304264068604,-0.016995137557387352,0.6182689666748047,0.3678737282752991,-0.00541296973824501,0.6202700734138489,0.3136224150657654,-0.016262277960777283,0.6102631688117981,0.338796466588974,-0.016254445537924767,0.6082412004470825,0.3695233166217804,-0.01305194292217493,0.6337279081344604,0.3828689157962799,-0.011015601456165314,0.6345625519752502,0.34001588821411133,-0.017851825803518295,0.625260591506958,0.3458142876625061,-0.018510660156607628,0.6205039024353027,0.3651115894317627,-0.017268750816583633,0.35948431491851807,0.48136529326438904,-1.2770679802542872e-07,0.3334605097770691,0.46169257164001465,-0.013317648321390152,0.3242310881614685,0.38973426818847656,-0.01621953584253788,0.3380288779735565,0.34202277660369873,-0.01951475255191326,0.3594624102115631,0.3454785645008087,-0.021197659894824028,0.3354480266571045,0.33610931038856506,0.0034372799564152956,0.333953320980072,0.28899988532066345,-0.008172099478542805,0.3280138075351715,0.2881864607334137,-0.017359962686896324,0.32172635197639465,0.3133130371570587,-0.021880468353629112,0.35269737243652344,0.33071741461753845,0.005184471607208252,0.3572297990322113,0.26814061403274536,-0.006400898098945618,0.35015082359313965,0.26659417152404785,-0.013902108184993267,0.3424605131149292,0.2967928349971771,-0.016008803620934486,0.36827874183654785,0.33739638328552246,0.0036175386048853397,0.37573009729385376,0.27234554290771484,-0.008453658781945705,0.3667464256286621,0.27885276079177856,-0.013232148252427578,0.3595135807991028,0.3105396628379822,-0.012841924093663692,0.3841811418533325,0.352099746465683,0.0004942510277032852,0.3830030560493469,0.3022802174091339,-0.010760532692074776,0.37719184160232544,0.3003694713115692,-0.015866907313466072,0.3723606765270233,0.3200996518135071,-0.016847677528858185
29,0.608069658279419,0.485940158367157,-1.789238837091034e-07,0.5851531028747559,0.4634961187839508,-0.009570195339620113,0.5734163522720337,0.41599181294441223,-0.014675134792923927,0.5822570323944092,0.3896864950656891,-0.021061085164546967,0.5964037775993347,0.39852872490882874,-0.025772130116820335,0.5903327465057373,0.360813707113266,0.0002642777399159968,0.5883509516716003,0.31211331486701965,-0.01099743414670229,0.5811111330986023,0.3304177522659302,-0.01758168824017048,0.5798667669296265,0.3571641445159912,-0.020479604601860046,0.6043393015861511,0.35970011353492737,-0.0010358390863984823,0.603588342666626,0.3033628463745117,-0.013693254441022873,0.5939677953720093,0.33039769530296326,-0.017160572111606598,0.5932226181030273,0.36191534996032715,-0.015950381755828857,0.6182070374488831,0.3673584461212158,-0.005134304519742727,0.6204366683959961,0.31312325596809387,-0.016247309744358063,0.610045850276947,0.33639997243881226,-0.016573704779148102,0.6080873012542725,0.3664395213127136,-0.013300718739628792,0.6335976123809814,0.38341036438941956,-0.010650922544300556,0.6346814632415771,0.34017643332481384,-0.017814690247178078,0.6252036094665527,0.34593144059181213,-0.018641822040081024,0.6205551028251648,0.3655831217765808,-0.017340363934636116,0.35713890194892883,0.48259902000427246,-1.2497969237301731e-07,0.3326004147529602,0.46473386883735657,-0.014902252703905106,0.32284602522850037,0.3923710286617279,-0.018454378470778465,0.33625560998916626,0.34246519207954407,-0.021885205060243607,0.358978807926178,0.34397655725479126,-0.023360423743724823,0.33291029930114746,0.33299583196640015,0.00042433684575371444,0.3328588008880615,0.286131352186203,-0.01304327230900526,0.3279542922973633,0.28560757637023926,-0.02306235209107399,0.3211289346218109,0.31272080540657043,-0.027799183502793312,0.350728839635849,0.32753634452819824,0.0027339239604771137,0.35695064067840576,0.26492035388946533,-0.011121419258415699,0.3509646952152252,0.2630864679813385,-0.019655849784612656,0.34256747364997864,0.29536309838294983,-0.02201327681541443,0.36643537878990173,0.33441394567489624,0.0017012694152072072,0.3747592866420746,0.2729053497314453,-0.011631494387984276,0.36753207445144653,0.2792089581489563,-0.016376612707972527,0.3604799211025238,0.3103451430797577,-0.01565655507147312,0.38240402936935425,0.34928199648857117,-0.00100593245588243,0.38148173689842224,0.3035847842693329,-0.013385321013629436,0.3782947361469269,0.30125197768211365,-0.019106553867459297,0.37502405047416687,0.3184443712234497,-0.0201873779296875
30,0.6088695526123047,0.4858302175998688,-1.8479038033092365e-07,0.5854434967041016,0.4638272225856781,-0.010079567320644855,0.5728219747543335,0.4158344268798828,-0.015419470146298409,0.5820280313491821,0.38884222507476807,-0.021999141201376915,0.5971333384513855,0.3984975516796112,-0.026782311499118805,0.5904505252838135,0.3598654568195343,-0.00022491838899441063,0.5880832672119141,0.31075572967529297,-0.011414755135774612,0.5808975696563721,0.3302070200443268,-0.01786571927368641,0.5799180269241333,0.35707980394363403,-0.020694540813565254,0.6046197414398193,0.3586285710334778,-0.0013644708087667823,0.6038188338279724,0.3025689721107483,-0.013735448941588402,0.5944532155990601,0.3302375376224518,-0.01677539572119713,0.5937831401824951,0.36092549562454224,-0.015396923758089542,0.6184872984886169,0.3660169839859009,-0.005350516643375158,0.6208196878433228,0.31179776787757874,-0.016157027333974838,0.610601544380188,0.33730149269104004,-0.01583043672144413,0.6088163256645203,0.3677668869495392,-0.012258321046829224,0.6338908672332764,0.3817042410373688,-0.010868166573345661,0.6349942684173584,0.3381326496601105,-0.017737796530127525,0.6257220506668091,0.34484708309173584,-0.018158525228500366,0.6213375329971313,0.36459454894065857,-0.016665583476424217,0.3579738140106201,0.47018617391586304,-1.6827704030220048e-07,0.33094388246536255,0.45574188232421875,-0.014027365483343601,0.32232311367988586,0.38578781485557556,-0.017021235078573227,0.3383290767669678,0.34197720885276794,-0.019702859222888947,0.3595268130302429,0.34483620524406433,-0.020674943923950195,0.33013632893562317,0.3271990418434143,0.00027787277940660715,0.32981106638908386,0.27784231305122375,-0.01045232079923153,0.32596057653427124,0.2858128845691681,-0.018170056864619255,0.32067474722862244,0.3144749104976654,-0.02210734598338604,0.34770289063453674,0.32023289799690247,0.0023586100433021784,0.35001885890960693,0.2580309212207794,-0.008869873359799385,0.34515199065208435,0.2690134048461914,-0.015214957296848297,0.3391456604003906,0.30205121636390686,-0.0167812779545784,0.3641212284564972,0.3254704177379608,0.0013392787659540772,0.36915940046310425,0.25983935594558716,-0.01231368351727724,0.36166003346443176,0.27551519870758057,-0.016602003946900368,0.354646235704422,0.30847427248954773,-0.015915684401988983,0.3806678056716919,0.3396947383880615,-0.0009974348358809948,0.374431312084198,0.29473617672920227,-0.015034062787890434,0.36769816279411316,0.30555617809295654,-0.02019941247999668,0.3632083237171173,0.3300827145576477,-0.020888134837150574
31,0.6090351343154907,0.48682528734207153,-1.8341943075483869e-07,0.5853750109672546,0.4648202657699585,-0.010094764642417431,0.5729862451553345,0.4169716238975525,-0.015160568989813328,0.5821298360824585,0.3890160620212555,-0.021535200998187065,0.5968048572540283,0.3984713554382324,-0.026011250913143158,0.5901272296905518,0.3607631027698517,0.00026141913258470595,0.5875025987625122,0.3106386363506317,-0.010722768492996693,0.5804082751274109,0.3301244378089905,-0.01707208715379238,0.5798882842063904,0.3571423888206482,-0.019842298701405525,0.6043184995651245,0.35922032594680786,-0.0007846254738979042,0.6037469506263733,0.3023431897163391,-0.013072934001684189,0.594427764415741,0.32948341965675354,-0.016108697280287743,0.5940057039260864,0.36012765765190125,-0.01464370358735323,0.6181914210319519,0.3661976158618927,-0.004690478555858135,0.6206740140914917,0.3116573095321655,-0.01521438267081976,0.610482394695282,0.3363792300224304,-0.01488899253308773,0.608912467956543,0.36660611629486084,-0.011285717599093914,0.6335777044296265,0.3814866542816162,-0.010182052850723267,0.6348367929458618,0.33833828568458557,-0.01660514995455742,0.6256728768348694,0.34395480155944824,-0.017060434445738792,0.6213513612747192,0.3632964491844177,-0.015625128522515297,0.35579562187194824,0.46815329790115356,-1.7056412104921037e-07,0.3296193778514862,0.45336541533470154,-0.013572223484516144,0.32090839743614197,0.3847936987876892,-0.016480211168527603,0.3360137343406677,0.34081417322158813,-0.019225040450692177,0.35627371072769165,0.34090057015419006,-0.02046685852110386,0.32822906970977783,0.3287966549396515,0.00016923178918659687,0.32683366537094116,0.28191977739334106,-0.010178820230066776,0.32310745120048523,0.285807341337204,-0.017864441499114037,0.318428099155426,0.30908381938934326,-0.02201790176331997,0.3459077477455139,0.3217694163322449,0.00195323140360415,0.3474101424217224,0.2593461275100708,-0.00887264870107174,0.3437211513519287,0.26665425300598145,-0.015428820624947548,0.3390826880931854,0.295844703912735,-0.017631029710173607,0.36321568489074707,0.32672354578971863,0.0006946330540813506,0.3688786029815674,0.26020461320877075,-0.013116873800754547,0.3627392649650574,0.2741241157054901,-0.019057491794228554,0.35640281438827515,0.3068693280220032,-0.019752999767661095,0.38066110014915466,0.3400282859802246,-0.001756595098413527,0.3781992793083191,0.2928309142589569,-0.01597500778734684,0.3742428719997406,0.29960232973098755,-0.022483937442302704,0.37125837802886963,0.3225991427898407,-0.024534016847610474
32,0.6094706654548645,0.4869290590286255,-1.8558682768343715e-07,0.5856813788414001,0.46435701847076416,-0.010632856748998165,0.5731773972511292,0.41550150513648987,-0.015902360901236534,0.5822618007659912,0.3869583308696747,-0.02237672358751297,0.5967006087303162,0.39539334177970886,-0.0269494466483593,0.5909556150436401,0.36006981134414673,-5.59719956072513e-05,0.5873768329620361,0.3107844591140747,-0.011545246466994286,0.5802274346351624,0.3304499685764313,-0.018236201256513596,0.5800185799598694,0.357255220413208,-0.021175557747483253,0.6049216389656067,0.3582005500793457,-0.000908404472284019,0.6030396819114685,0.30238577723503113,-0.013692217878997326,0.5937347412109375,0.33028820157051086,-0.01690063439309597,0.5937297344207764,0.3613944947719574,-0.015471303835511208,0.6186127662658691,0.36503416299819946,-0.004728459287434816,0.6199941635131836,0.3108179569244385,-0.01580345258116722,0.609929621219635,0.33637210726737976,-0.015472160652279854,0.6087045669555664,0.3675149977207184,-0.01179132703691721,0.6340452432632446,0.3802794814109802,-0.010185706429183483,0.6345404386520386,0.3372223973274231,-0.017329875379800797,0.6256036162376404,0.3431420624256134,-0.018015360459685326,0.6216626167297363,0.3625691533088684,-0.016589676961302757,0.3554265797138214,0.47959399223327637,-1.2774289359640534e-07,0.3296009600162506,0.46193674206733704,-0.013643660582602024,0.31978094577789307,0.38943949341773987,-0.016737209632992744,0.33257266879081726,0.3402441442012787,-0.01989959366619587,0.3536151647567749,0.3352910280227661,-0.021195348352193832,0.3308642506599426,0.3282588720321655,0.0022317878901958466,0.33171212673187256,0.2797755002975464,-0.010308840312063694,0.3276772201061249,0.28558623790740967,-0.019702469930052757,0.3221963942050934,0.317817360162735,-0.023920759558677673,0.3482836186885834,0.3235488831996918,0.004084952641278505,0.35391879081726074,0.2597571909427643,-0.007888494059443474,0.348152220249176,0.2651991844177246,-0.015024176798760891,0.3411523103713989,0.3001680374145508,-0.016552448272705078,0.3639680743217468,0.3318288028240204,0.002621579682454467,0.3723766803741455,0.2676733136177063,-0.009882980957627296,0.3649255931377411,0.27829402685165405,-0.013953649438917637,0.35828766226768494,0.3114321827888489,-0.012943601235747337,0.37950366735458374,0.348057359457016,-0.00034429755760356784,0.37816452980041504,0.3023955821990967,-0.012770351953804493,0.3731135427951813,0.3056786358356476,-0.017744220793247223,0.36879202723503113,0.3277542293071747,-0.018113048747181892
33,0.6094706654548645,0.4869290590286255,-1.8558682768343715e-07,0.5856813788414001,0.46435701847076416,-0.010632856748998165,0.5731773972511292,0.41550150513648987,-0.015902360901236534,0.5822618007659912,0.3869583308696747,-0.02237672358751297,0.5967006087303162,0.39539334177970886,-0.0269494466483593,0.5909556150436401,0.36006981134414673,-5.59719956072513e-05,0.5873768329620361,0.3107844591140747,-0.011545246466994286,0.5802274346351624,0.3304499685764313,-0.018236201256513596,0.5800185799598694,0.357255220413208,-0.021175557747483253,0.6049216389656067,0.3582005500793457,-0.000908404472284019,0.6030396819114685,0.30238577723503113,-0.013692217878997326,0.5937347412109375,0.33028820157051086,-0.01690063439309597,0.5937297344207764,0.3613944947719574,-0.015471303835511208,0.6186127662658691,0.36503416299819946,-0.004728459287434816,0.6199941635131836,0.3108179569244385,-0.01580345258116722,0.609929621219635,0.33637210726737976,-0.015472160652279854,0.6087045669555664,0.3675149977207184,-0.01179132703691721,0.6340452432632446,0.3802794814109802,-0.010185706429183483,0.6345404386520386,0.3372223973274231,-0.017329875379800797,0.6256036162376404,0.3431420624256134,-0.018015360459685326,0.6216626167297363,0.3625691533088684,-0.016589676961302757,0.3554265797138214,0.47959399223327637,-1.2774289359640534e-07,0.3296009600162506,0.46193674206733704,-0.013643660582602024,0.31978094577789307,0.38943949341773987,-0.016737209632992744,0.33257266879081726,0.3402441442012787,-0.01989959366619587,0.3536151647567749,0.3352910280227661,-0.021195348352193832,0.3308642506599426,0.3282588720321655,0.0022317878901958466,0.33171212673187256,0.2797755002975464,-0.010308840312063694,0.3276772201061249,0.28558623790740967,-0.019702469930052757,0.3221963942050934,0.317817360162735,-0.023920759558677673,0.3482836186885834,0.3235488831996918,0.004084952641278505,0.35391879081726074,0.2597571909427643,-0.007888494059443474,0.348152220249176,0.2651991844177246,-0.015024176798760891,0.3411523103713989,0.3001680374145508,-0.016552448272705078,0.3639680743217468,0.3318288028240204,0.002621579682454467,0.3723766803741455,0.2676733136177063,-0.009882980957627296,0.3649255931377411,0.27829402685165405,-0.013953649438917637,0.35828766226768494,0.3114321827888489,-0.012943601235747337,0.37950366735458374,0.348057359457016,-0.00034429755760356784,0.37816452980041504,0.3023955821990967,-0.012770351953804493,0.3731135427951813,0.3056786358356476,-0.017744220793247223,0.36879202723503113,0.3277542293071747,-0.018113048747181892
34,0.6083473563194275,0.48584336042404175,-1.9072321322255448e-07,0.584947407245636,0.46389007568359375,-0.010133275762200356,0.5728045701980591,0.4160288870334625,-0.015323251485824585,0.5822122097015381,0.3890242278575897,-0.021838350221514702,0.5966603755950928,0.3966522216796875,-0.02658171020448208,0.5894600749015808,0.3598242998123169,-0.0003114086575806141,0.5867183208465576,0.30983105301856995,-0.011389466933906078,0.5797008872032166,0.32867223024368286,-0.018008965998888016,0.5791182518005371,0.35538792610168457,-0.02104690670967102,0.6037590503692627,0.35836055874824524,-0.0013621780090034008,0.6027282476425171,0.3027176260948181,-0.013551341369748116,0.5939540863037109,0.3293389678001404,-0.016999999061226845,0.5935348272323608,0.35957831144332886,-0.01612965017557144,0.6177303194999695,0.3651617765426636,-0.0052088345400989056,0.6198418140411377,0.3112659156322479,-0.015707002952694893,0.6101565361022949,0.3363800048828125,-0.01577029377222061,0.6085631251335144,0.3669959008693695,-0.012750116176903248,0.6332206130027771,0.38029685616493225,-0.010623300448060036,0.6340649127960205,0.33751288056373596,-0.017451459541916847,0.6251388788223267,0.3435753285884857,-0.018233656883239746,0.6207794547080994,0.3632093667984009,-0.017137853428721428,0.35463443398475647,0.477760374546051,-1.3127703368809307e-07,0.32812726497650146,0.4603404104709625,-0.013996647670865059,0.3186746835708618,0.3874557316303253,-0.016972258687019348,0.3324412405490875,0.3394930362701416,-0.020215658470988274,0.3548455238342285,0.3394113779067993,-0.021927257999777794,0.3301587402820587,0.33361443877220154,0.0019062015926465392,0.3285153806209564,0.2872227132320404,-0.00996414478868246,0.3223617374897003,0.28620073199272156,-0.018606029450893402,0.3166705369949341,0.3080708980560303,-0.02252209559082985,0.34706640243530273,0.3268478214740753,0.003798435674980283,0.35117360949516296,0.26424115896224976,-0.007651201914995909,0.3438217043876648,0.26288551092147827,-0.014006883837282658,0.33701658248901367,0.290912926197052,-0.015083015896379948,0.362797349691391,0.33208510279655457,0.0022576383780688047,0.3686838448047638,0.2676423192024231,-0.010625571943819523,0.3598114252090454,0.277239054441452,-0.015306058339774609,0.35396769642829895,0.3114633560180664,-0.01439982932060957,0.3793734908103943,0.34477338194847107,-0.0008718876051716506,0.3805845081806183,0.29331257939338684,-0.012764643877744675,0.3752581775188446,0.2936149835586548,-0.01785692386329174,0.3710031509399414,0.31654801964759827,-0.01859501749277115
35,0.607169508934021,0.48939716815948486,-2.018865501440814e-07,0.5822370648384094,0.4655297100543976,-0.011374962516129017,0.5701635479927063,0.41576749086380005,-0.016778351739048958,0.5811838507652283,0.3879470229148865,-0.023164452984929085,0.5957556962966919,0.4014061391353607,-0.027440689504146576,0.5870895981788635,0.35945871472358704,-0.00012606133532244712,0.5841565728187561,0.3085281252861023,-0.010830908082425594,0.57740718126297,0.32963645458221436,-0.01736319065093994,0.5775049328804016,0.35742881894111633,-0.020593563094735146,0.6021095514297485,0.357889860868454,-0.00043346898746676743,0.6005786657333374,0.3027554452419281,-0.01275452971458435,0.5919579863548279,0.33208706974983215,-0.015953846275806427,0.5919402837753296,0.36346712708473206,-0.014720658771693707,0.6166270971298218,0.3643398582935333,-0.003693469101563096,0.6176154613494873,0.311735063791275,-0.014333363622426987,0.6081111431121826,0.33540740609169006,-0.014343691989779472,0.6066085696220398,0.36496248841285706,-0.01111232303082943,0.6321608424186707,0.37882375717163086,-0.008710564114153385,0.6322575211524963,0.3362796902656555,-0.015423719771206379,0.623041570186615,0.3431451916694641,-0.016204141080379486,0.6185407638549805,0.36367958784103394,-0.015071655623614788,0.35225361585617065,0.47935885190963745,-1.308419967926966e-07,0.32656294107437134,0.45969125628471375,-0.012651992961764336,0.3167140781879425,0.38967353105545044,-0.015887118875980377,0.3295915126800537,0.3423558175563812,-0.019721243530511856,0.35124069452285767,0.33632075786590576,-0.021781422197818756,0.3285599946975708,0.32750383019447327,0.0034519683104008436,0.3281925916671753,0.2784726917743683,-0.009020418860018253,0.3242626190185547,0.28626006841659546,-0.01831081695854664,0.318887859582901,0.3195222020149231,-0.022332362830638885,0.3451251685619354,0.3231167197227478,0.0044855219312012196,0.3484247624874115,0.2568901479244232,-0.0067979381419718266,0.34476396441459656,0.2626917362213135,-0.013940064236521721,0.3392757177352905,0.29664310812950134,-0.015845293179154396,0.36099955439567566,0.330939382314682,0.002115575596690178,0.3683087229728699,0.26500722765922546,-0.010799220763146877,0.3632257580757141,0.27700936794281006,-0.01600823737680912,0.35737064480781555,0.3111547827720642,-0.01581908017396927,0.37730690836906433,0.3463509976863861,-0.001592246233485639,0.37818753719329834,0.2972821891307831,-0.014407869428396225,0.3749270737171173,0.3028402328491211,-0.01982186734676361,0.3705453872680664,0.3278275430202484,-0.020641349256038666
36,0.3527485728263855,0.4802137613296509,-1.310402666376831e-07,0.32635754346847534,0.46094462275505066,-0.013394496403634548,0.3160567879676819,0.38665398955345154,-0.016798529773950577,0.33035048842430115,0.3385884165763855,-0.02097044512629509,0.35425710678100586,0.3431490361690521,-0.02319994568824768,0.328128844499588,0.32719919085502625,0.004141565412282944,0.3274659812450409,0.27816542983055115,-0.008900952525436878,0.32298991084098816,0.28569701313972473,-0.018438216298818588,0.3184594511985779,0.3183717429637909,-0.022526929154992104,0.34485846757888794,0.3220985233783722,0.0053641158156096935,0.3491894602775574,0.25677382946014404,-0.006685187574476004,0.34332913160324097,0.2637338936328888,-0.013369222171604633,0.33793267607688904,0.29888054728507996,-0.014267021790146828,0.3605183959007263,0.3295406997203827,0.0029200604185462,0.36624351143836975,0.265311598777771,-0.009873018600046635,0.358768105506897,0.2778344750404358,-0.01421922817826271,0.35369622707366943,0.3133842945098877,-0.012829837389290333,0.3770485818386078,0.34436681866645813,-0.00119099544826895,0.379092812538147,0.2917183041572571,-0.012312791310250759,0.3744816780090332,0.2927372455596924,-0.01667441986501217,0.3699258267879486,0.3167547583580017,-0.016730578616261482,0.605868935585022,0.48898959159851074,-1.9542429186003574e-07,0.5825931429862976,0.46674051880836487,-0.009504393674433231,0.5705927610397339,0.4198324978351593,-0.014575492590665817,0.5791981816291809,0.39098605513572693,-0.02118322253227234,0.5930191874504089,0.3971100449562073,-0.02593463473021984,0.5859990119934082,0.36195334792137146,0.0009286523563787341,0.5829545259475708,0.31148192286491394,-0.009765827096998692,0.5758793354034424,0.33083242177963257,-0.016285909339785576,0.575610876083374,0.3576970398426056,-0.01934933103621006,0.6004029512405396,0.3602280616760254,-0.0004942085943184793,0.5996468663215637,0.3043965697288513,-0.01244813296943903,0.5909637212753296,0.3325585126876831,-0.015716077759861946,0.5907658338546753,0.3633013367652893,-0.014663966372609138,0.6144658327102661,0.36671197414398193,-0.004680011887103319,0.6165398359298706,0.31227564811706543,-0.014567178674042225,0.6068481206893921,0.3367617726325989,-0.01404611673206091,0.6052815914154053,0.3666401505470276,-0.010716794990003109,0.6299027800559998,0.38103678822517395,-0.010454166680574417,0.6308913230895996,0.3381342589855194,-0.0162236038595438,0.6220632195472717,0.34382161498069763,-0.016299894079566002,0.6176815032958984,0.3631938695907593,-0.014865109696984291
37,0.3527485728263855,0.4802137613296509,-1.310402666376831e-07,0.32635754346847534,0.46094462275505066,-0.013394496403634548,0.3160567879676819,0.38665398955345154,-0.016798529773950577,0.33035048842430115,0.3385884165763855,-0.02097044512629509,0.35425710678100586,0.3431490361690521,-0.02319994568824768,0.328128844499588,0.32719919085502625,0.004141565412282944,0.3274659812450409,0.27816542983055115,-0.008900952525436878,0.32298991084098816,0.28569701313972473,-0.018438216298818588,0.3184594511985779,0.3183717429637909,-0.022526929154992104,0.34485846757888794,0.3220985233783722,0.0053641158156096935,0.3491894602775574,0.25677382946014404,-0.006685187574476004,0.34332913160324097,0.2637338936328888,-0.013369222171604633,0.33793267607688904,0.29888054728507996,-0.014267021790146828,0.3605183959007263,0.3295406997203827,0.0029200604185462,0.36624351143836975,0.265311598777771,-0.009873018600046635,0.358768105506897,0.2778344750404358,-0.01421922817826271,0.35369622707366943,0.3133842945098877,-0.012829837389290333,0.3770485818386078,0.34436681866645813,-0.00119099544826895,0.379092812538147,0.2917183041572571,-0.012312791310250759,0.3744816780090332,0.2927372455596924,-0.01667441986501217,0.3699258267879486,0.3167547583580017,-0.016730578616261482,0.605868935585022,0.48898959159851074,-1.9542429186003574e-07,0.5825931429862976,0.46674051880836487,-0.009504393674433231,0.5705927610397339,0.4198324978351593,-0.014575492590665817,0.5791981816291809,0.39098605513572693,-0.02118322253227234,0.5930191874504089,0.3971100449562073,-0.02593463473021984,0.5859990119934082,0.36195334792137146,0.0009286523563787341,0.5829545259475708,0.31148192286491394,-0.009765827096998692,0.5758793354034424,0.33083242177963257,-0.016285909339785576,0.575610876083374,0.3576970398426056,-0.01934933103621006,0.6004029512405396,0.3602280616760254,-0.0004942085943184793,0.5996468663215637,0.3043965697288513,-0.01244813296943903,0.5909637212753296,0.3325585126876831,-0.015716077759861946,0.5907658338546753,0.3633013367652893,-0.014663966372609138,0.6144658327102661,0.36671197414398193,-0.004680011887103319,0.6165398359298706,0.31227564811706543,-0.014567178674042225,0.6068481206893921,0.3367617726325989,-0.01404611673206091,0.6052815914154053,0.3666401505470276,-0.010716794990003109,0.6299027800559998,0.38103678822517395,-0.010454166680574417,0.6308913230895996,0.3381342589855194,-0.0162236038595438,0.6220632195472717,0.34382161498069763,-0.016299894079566002,0.6176815032958984,0.3631938695907593,-0.014865109696984291
38,0.604640781879425,0.49113729596138,-1.869444048452351e-07,0.5811948180198669,0.46868598461151123,-0.010482056997716427,0.5689647793769836,0.4193595349788666,-0.015386275947093964,0.5780691504478455,0.3903650641441345,-0.021535107865929604,0.5922009944915771,0.4010225236415863,-0.025727832689881325,0.5848373174667358,0.36364731192588806,0.0009147004457190633,0.5811349749565125,0.314982533454895,-0.009753439575433731,0.5751058459281921,0.33495303988456726,-0.016265206038951874,0.5755694508552551,0.3617800772190094,-0.019315769895911217,0.5992375612258911,0.36105525493621826,0.0001255757233593613,0.597158670425415,0.30608460307121277,-0.011869695037603378,0.5886971950531006,0.3340297043323517,-0.0151534928008914,0.5888431072235107,0.36511337757110596,-0.013952748849987984,0.6134111285209656,0.3672983944416046,-0.003580112010240555,0.6146753430366516,0.31339192390441895,-0.014103488996624947,0.6048896312713623,0.33728334307670593,-0.014288865029811859,0.6033615469932556,0.3677443861961365,-0.011049410328269005,0.6290647387504578,0.3817169666290283,-0.0089249974116683,0.6294025182723999,0.33901461958885193,-0.015584005042910576,0.6205906271934509,0.344242125749588,-0.01652194932103157,0.6165216565132141,0.36390429735183716,-0.015402485616505146,0.35093823075294495,0.48386862874031067,-1.1741128247422239e-07,0.326158732175827,0.4639962315559387,-0.014259098097682,0.3159578740596771,0.3892051577568054,-0.018262363970279694,0.3292262554168701,0.33882948756217957,-0.02281266450881958,0.3522661328315735,0.34010419249534607,-0.025263959541916847,0.3266064524650574,0.3257126808166504,0.002536662155762315,0.3258056044578552,0.27745169401168823,-0.011679345741868019,0.3222959041595459,0.28437238931655884,-0.022109737619757652,0.3171641528606415,0.31957536935806274,-0.026737065985798836,0.3438471555709839,0.32052451372146606,0.003967251628637314,0.34782931208610535,0.2532123327255249,-0.009467113763093948,0.3437751531600952,0.25754639506340027,-0.017428262159228325,0.3373250961303711,0.2938450872898102,-0.01919892616569996,0.3594484031200409,0.328391969203949,0.0017722838092595339,0.3653636872768402,0.26377633213996887,-0.01142502948641777,0.35999953746795654,0.2756149172782898,-0.015336859971284866,0.3543098568916321,0.3105408549308777,-0.013746917247772217,0.3757692277431488,0.34365788102149963,-0.002192474203184247,0.37700575590133667,0.293041855096817,-0.01396858412772417,0.3747636377811432,0.29573193192481995,-0.018560288473963737,0.3713192939758301,0.31924790143966675,-0.01863020472228527
39,0.6043891906738281,0.491327702999115,-1.920313934533624e-07,0.5806916356086731,0.46784722805023193,-0.011010346002876759,0.5687708854675293,0.4178081154823303,-0.016169769689440727,0.5787314176559448,0.39009109139442444,-0.02241438440978527,0.5925139784812927,0.4012351632118225,-0.026770036667585373,0.5844882726669312,0.36349397897720337,0.0002594899560790509,0.5810436606407166,0.31459495425224304,-0.010550370439887047,0.5744497776031494,0.33448100090026855,-0.017251791432499886,0.574720025062561,0.36144453287124634,-0.02054746076464653,0.598908543586731,0.3611428141593933,-0.00028037067386321723,0.5971229672431946,0.3055318593978882,-0.012583739124238491,0.5880689024925232,0.33331194519996643,-0.015946032479405403,0.5880150198936462,0.36452823877334595,-0.014849564991891384,0.6132727861404419,0.3672854006290436,-0.0037811954971402884,0.6148239970207214,0.3125894069671631,-0.014576551504433155,0.6047133803367615,0.3362353444099426,-0.014779594726860523,0.6031291484832764,0.3671022355556488,-0.01162108313292265,0.6292329430580139,0.38199013471603394,-0.008967764675617218,0.6289740800857544,0.3389139771461487,-0.0161493718624115,0.6196102499961853,0.3457457423210144,-0.017197260633111,0.615580141544342,0.36700519919395447,-0.016163419932127,0.3502054214477539,0.4859585165977478,-1.2750351174872776e-07,0.3246750831604004,0.4650251865386963,-0.013773279264569283,0.3134019076824188,0.3869590759277344,-0.017621472477912903,0.3268165588378906,0.33459243178367615,-0.02249905839562416,0.3512265086174011,0.34314632415771484,-0.024958087131381035,0.3255438804626465,0.32350897789001465,0.004428765270859003,0.3245142698287964,0.2717253267765045,-0.008843399584293365,0.3205356299877167,0.2806241512298584,-0.018669668585062027,0.315315306186676,0.3156251013278961,-0.0232229046523571,0.34289079904556274,0.3188575208187103,0.0055768657475709915,0.3462298512458801,0.25067463517189026,-0.006655645091086626,0.34293609857559204,0.25552040338516235,-0.01413893885910511,0.3369632661342621,0.29098740220069885,-0.016056425869464874,0.3584781885147095,0.32696524262428284,0.0029923466499894857,0.36420494318008423,0.2592002749443054,-0.008612219244241714,0.3593422472476959,0.2713317573070526,-0.011886640451848507,0.3535344898700714,0.3059985935688019,-0.010344019159674644,0.3755115568637848,0.3420799970626831,-0.0015463591553270817,0.37739887833595276,0.28729480504989624,-0.011802026070654392,0.37490835785865784,0.28856632113456726,-0.01614227518439293,0.370030015707016,0.311701238155365,-0.016509849578142166
40,0.6044020652770996,0.49051523208618164,-1.849830795208618e-07,0.5810883045196533,0.46869680285453796,-0.010886999778449535,0.569178581237793,0.419179230928421,-0.01590295508503914,0.5785557627677917,0.3900887966156006,-0.02202032320201397,0.5922211408615112,0.3997417092323303,-0.026100648567080498,0.5849626064300537,0.36225250363349915,0.0008656315039843321,0.581344723701477,0.3140777051448822,-0.009854140691459179,0.575508713722229,0.3349675238132477,-0.016311245039105415,0.5766115784645081,0.36171841621398926,-0.0193784236907959,0.5994910597801208,0.360260933637619,0.00022525055101141334,0.597644031047821,0.30540305376052856,-0.01206262968480587,0.5887642502784729,0.33402779698371887,-0.015258267521858215,0.5891445279121399,0.3647463321685791,-0.013950476422905922,0.6136950254440308,0.3668186366558075,-0.003425468923524022,0.6154220104217529,0.31274813413619995,-0.014305796474218369,0.6051396727561951,0.33666282892227173,-0.01437121070921421,0.6035925149917603,0.36688125133514404,-0.010992386378347874,0.6294765472412109,0.38171738386154175,-0.008751059882342815,0.6297656893730164,0.3388567268848419,-0.01578771322965622,0.6203582882881165,0.34483128786087036,-0.01683708094060421,0.6162312626838684,0.3647613227367401,-0.015769198536872864,0.3504701852798462,0.48618751764297485,-1.5478924808576267e-07,0.32467466592788696,0.4666651487350464,-0.014135575853288174,0.3134945034980774,0.3900299370288849,-0.01778447814285755,0.3260670304298401,0.3357852101325989,-0.022287899628281593,0.3490608036518097,0.3386506140232086,-0.024684926494956017,0.32472366094589233,0.32654839754104614,0.004049921873956919,0.32351377606391907,0.2743614912033081,-0.009463251568377018,0.3181300163269043,0.27665698528289795,-0.0197580698877573,0.31174975633621216,0.3056359887123108,-0.024717984721064568,0.34183013439178467,0.3202367424964905,0.0054600122384727,0.34248003363609314,0.25341615080833435,-0.006919410545378923,0.33783990144729614,0.2573164999485016,-0.01443505845963955,0.3319653570652008,0.29104849696159363,-0.016426920890808105,0.3581157326698303,0.32666632533073425,0.0031072318088263273,0.3619772493839264,0.2600290775299072,-0.009832033887505531,0.35584643483161926,0.2710290253162384,-0.014024251140654087,0.35018104314804077,0.30618906021118164,-0.012866800650954247,0.37595134973526,0.3404276967048645,-0.0011034137569367886,0.3769664168357849,0.2875800132751465,-0.012809352949261665,0.3728061616420746,0.28868338465690613,-0.01778087206184864,0.3676931858062744,0.31278321146965027,-0.01839619316160679
