frame,feature_0,feature_1,feature_2,feature_3,feature_4,feature_5,feature_6,feature_7,feature_8,feature_9,feature_10,feature_11,feature_12,feature_13,feature_14,feature_15,feature_16,feature_17,feature_18,feature_19,feature_20,feature_21,feature_22,feature_23,feature_24,feature_25,feature_26,feature_27,feature_28,feature_29,feature_30,feature_31,feature_32,feature_33,feature_34,feature_35,feature_36,feature_37,feature_38,feature_39,feature_40,feature_41,feature_42,feature_43,feature_44,feature_45,feature_46,feature_47,feature_48,feature_49,feature_50,feature_51,feature_52,feature_53,feature_54,feature_55,feature_56,feature_57,feature_58,feature_59,feature_60,feature_61,feature_62,feature_63,feature_64,feature_65,feature_66,feature_67,feature_68,feature_69,feature_70,feature_71,feature_72,feature_73,feature_74,feature_75,feature_76,feature_77,feature_78,feature_79,feature_80,feature_81,feature_82,feature_83,feature_84,feature_85,feature_86,feature_87,feature_88,feature_89,feature_90,feature_91,feature_92,feature_93,feature_94,feature_95,feature_96,feature_97,feature_98,feature_99,feature_100,feature_101,feature_102,feature_103,feature_104,feature_105,feature_106,feature_107,feature_108,feature_109,feature_110,feature_111,feature_112,feature_113,feature_114,feature_115,feature_116,feature_117,feature_118,feature_119,feature_120,feature_121,feature_122,feature_123,feature_124,feature_125
1,0.19566333293914795,0.37219154834747314,-2.0882296780655452e-07,0.16613472998142242,0.3430023789405823,-0.012868350371718407,0.14726874232292175,0.28258630633354187,-0.01777839846909046,0.15413570404052734,0.22946122288703918,-0.02330811321735382,0.17326125502586365,0.2218950390815735,-0.026838770136237144,0.156881183385849,0.22581744194030762,-0.0007820375612936914,0.1466255933046341,0.16495394706726074,-0.01349481102079153,0.13979242742061615,0.17131945490837097,-0.021246114745736122,0.1404436230659485,0.19802793860435486,-0.024542823433876038,0.17400696873664856,0.21339431405067444,-0.0005844884435646236,0.1650562584400177,0.14488597214221954,-0.013274283148348331,0.15526734292507172,0.16131940484046936,-0.016766998916864395,0.15586574375629425,0.19595853984355927,-0.015385167673230171,0.1927366703748703,0.2140309363603592,-0.003611731342971325,0.18534031510353088,0.15066176652908325,-0.01652594469487667,0.1759009063243866,0.17074836790561676,-0.01717817597091198,0.1778963804244995,0.2072354406118393,-0.013382325880229473,0.2131413370370865,0.22461086511611938,-0.008373032324016094,0.2052984982728958,0.17587314546108246,-0.018472816795110703,0.1974572092294693,0.1841333657503128,-0.0201696939766407,0.19799460470676422,0.21271587908267975,-0.01840938813984394,0.7141865491867065,0.6085878014564514,-2.0245909126970218e-07,0.6912131905555725,0.5835396647453308,-0.008455146104097366,0.6804289221763611,0.538087010383606,-0.012689928524196148,0.6941434741020203,0.5135387778282166,-0.017583515495061874,0.7109118103981018,0.5273869037628174,-0.020703041926026344,0.6894131898880005,0.4856480062007904,-0.0015201638452708721,0.6893212199211121,0.4385747015476227,-0.011451967991888523,0.6879247426986694,0.4658529758453369,-0.017413657158613205,0.6885429620742798,0.49186399579048157,-0.02053021639585495,0.7059348821640015,0.4838518798351288,-0.002538022119551897,0.706669807434082,0.4330308437347412,-0.01275088731199503,0.7038057446479797,0.46785080432891846,-0.015251155011355877,0.7030747532844543,0.4943343997001648,-0.014298515394330025,0.7218008637428284,0.4906015992164612,-0.00568968104198575,0.7226659059524536,0.4455004334449768,-0.014446593821048737,0.7178534269332886,0.4768480360507965,-0.012797786854207516,0.7165982127189636,0.5019457936286926,-0.00922152865678072,0.7375425696372986,0.5051236748695374,-0.01011046301573515,0.7354955077171326,0.47070208191871643,-0.01621364615857601,0.7295388579368591,0.48735955357551575,-0.015535231679677963,0.7274512648582458,0.506585955619812,-0.013539783656597137
2,0.19566333293914795,0.37219154834747314,-2.0882296780655452e-07,0.16613472998142242,0.3430023789405823,-0.012868350371718407,0.14726874232292175,0.28258630633354187,-0.01777839846909046,0.15413570404052734,0.22946122288703918,-0.02330811321735382,0.17326125502586365,0.2218950390815735,-0.026838770136237144,0.156881183385849,0.22581744194030762,-0.0007820375612936914,0.1466255933046341,0.16495394706726074,-0.01349481102079153,0.13979242742061615,0.17131945490837097,-0.021246114745736122,0.1404436230659485,0.19802793860435486,-0.024542823433876038,0.17400696873664856,0.21339431405067444,-0.0005844884435646236,0.1650562584400177,0.14488597214221954,-0.013274283148348331,0.15526734292507172,0.16131940484046936,-0.016766998916864395,0.15586574375629425,0.19595853984355927,-0.015385167673230171,0.1927366703748703,0.2140309363603592,-0.003611731342971325,0.18534031510353088,0.15066176652908325,-0.01652594469487667,0.1759009063243866,0.17074836790561676,-0.01717817597091198,0.1778963804244995,0.2072354406118393,-0.013382325880229473,0.2131413370370865,0.22461086511611938,-0.008373032324016094,0.2052984982728958,0.17587314546108246,-0.018472816795110703,0.1974572092294693,0.1841333657503128,-0.0201696939766407,0.19799460470676422,0.21271587908267975,-0.01840938813984394,0.7141865491867065,0.6085878014564514,-2.0245909126970218e-07,0.6912131905555725,0.5835396647453308,-0.008455146104097366,0.6804289221763611,0.538087010383606,-0.012689928524196148,0.6941434741020203,0.5135387778282166,-0.017583515495061874,0.7109118103981018,0.5273869037628174,-0.020703041926026344,0.6894131898880005,0.4856480062007904,-0.0015201638452708721,0.6893212199211121,0.4385747015476227,-0.011451967991888523,0.6879247426986694,0.4658529758453369,-0.017413657158613205,0.6885429620742798,0.49186399579048157,-0.02053021639585495,0.7059348821640015,0.4838518798351288,-0.002538022119551897,0.706669807434082,0.4330308437347412,-0.01275088731199503,0.7038057446479797,0.46785080432891846,-0.015251155011355877,0.7030747532844543,0.4943343997001648,-0.014298515394330025,0.7218008637428284,0.4906015992164612,-0.00568968104198575,0.7226659059524536,0.4455004334449768,-0.014446593821048737,0.7178534269332886,0.4768480360507965,-0.012797786854207516,0.7165982127189636,0.5019457936286926,-0.00922152865678072,0.7375425696372986,0.5051236748695374,-0.01011046301573515,0.7354955077171326,0.47070208191871643,-0.01621364615857601,0.7295388579368591,0.48735955357551575,-0.015535231679677963,0.7274512648582458,0.506585955619812,-0.013539783656597137
3,0.19408731162548065,0.3687652051448822,-2.1352954604481056e-07,0.1642647385597229,0.3407052159309387,-0.013243739493191242,0.14548775553703308,0.278426855802536,-0.017801230773329735,0.15338999032974243,0.22631636261940002,-0.02302127704024315,0.17340947687625885,0.22438549995422363,-0.02619759924709797,0.1566651463508606,0.2200835943222046,-0.00011874076153617352,0.1476306915283203,0.16082316637039185,-0.012444502674043179,0.13844463229179382,0.16643689572811127,-0.019862134009599686,0.13796588778495789,0.19295209646224976,-0.023068729788064957,0.17357110977172852,0.20851194858551025,0.0001141116808867082,0.1656239777803421,0.14062659442424774,-0.012546162120997906,0.15322847664356232,0.15475571155548096,-0.01575014740228653,0.15279576182365417,0.19011947512626648,-0.013965985737740993,0.19191628694534302,0.21116922795772552,-0.0030342102982103825,0.18617095053195953,0.14662832021713257,-0.016536464914679527,0.17439894378185272,0.16348445415496826,-0.017410797998309135,0.17522569000720978,0.20047980546951294,-0.013320372439920902,0.21237443387508392,0.22404080629348755,-0.007941029965877533,0.20540982484817505,0.17322687804698944,-0.01882588118314743,0.1959894895553589,0.1784345507621765,-0.021058959886431694,0.1954701989889145,0.20695872604846954,-0.019368978217244148,0.712844729423523,0.6072847843170166,-1.894142229730278e-07,0.6908191442489624,0.5816239714622498,-0.008475838229060173,0.6799003481864929,0.5377203226089478,-0.013275397941470146,0.6933445334434509,0.5132354497909546,-0.018800636753439903,0.70992112159729,0.5264968276023865,-0.022602565586566925,0.689087986946106,0.48430562019348145,-0.0017850869335234165,0.6891443729400635,0.43717971444129944,-0.012071224860846996,0.688130259513855,0.46501851081848145,-0.018504882231354713,0.68902188539505,0.49060118198394775,-0.02190190926194191,0.7053750157356262,0.4830455482006073,-0.0029788531828671694,0.7064328193664551,0.43262767791748047,-0.013185221701860428,0.7039644718170166,0.46731752157211304,-0.016052069142460823,0.7031939029693604,0.4931556284427643,-0.015443411655724049,0.7209470868110657,0.4900329113006592,-0.006293002050369978,0.7221790552139282,0.44462546706199646,-0.014981421642005444,0.717722475528717,0.475949227809906,-0.013532349839806557,0.716194748878479,0.5013524889945984,-0.01008682418614626,0.7363316416740417,0.5045855641365051,-0.010878395289182663,0.7349047064781189,0.46875518560409546,-0.0169388260692358,0.7294328808784485,0.48544710874557495,-0.01621823199093342,0.727227509021759,0.5055239796638489,-0.014128546230494976
4,0.19109921157360077,0.36333078145980835,-2.1661689686425234e-07,0.16300003230571747,0.3392070531845093,-0.01272591296583414,0.14555320143699646,0.2765926122665405,-0.016867149621248245,0.15356262028217316,0.2247907519340515,-0.02161003090441227,0.1716793328523636,0.2233191579580307,-0.024174703285098076,0.15429939329624176,0.22082474827766418,-0.00011186460324097425,0.14628489315509796,0.1612195074558258,-0.012148060835897923,0.13891059160232544,0.1675034612417221,-0.019227951765060425,0.13929958641529083,0.19475194811820984,-0.022229135036468506,0.1717352271080017,0.21007820963859558,0.00017084470891859382,0.16455793380737305,0.14050783216953278,-0.011986307799816132,0.15379242599010468,0.15419510006904602,-0.015395818278193474,0.15423451364040375,0.18930108845233917,-0.014097814448177814,0.19065020978450775,0.2128109186887741,-0.002792628016322851,0.18625430762767792,0.14796939492225647,-0.015531491488218307,0.17639173567295074,0.16244526207447052,-0.016926033422350883,0.17779356241226196,0.1978316754102707,-0.013716451823711395,0.21134255826473236,0.22496727108955383,-0.007461049593985081,0.2067842036485672,0.17471328377723694,-0.017253613099455833,0.19834059476852417,0.17743328213691711,-0.019639672711491585,0.19800487160682678,0.20363619923591614,-0.01865609548985958,0.7108988165855408,0.6059165000915527,-1.8985861061082687e-07,0.6892489790916443,0.5807104110717773,-0.007823901250958443,0.6790390014648438,0.5373660326004028,-0.012335187755525112,0.6925371289253235,0.5143063068389893,-0.01786874607205391,0.7094702124595642,0.5262691378593445,-0.021835733205080032,0.6889768838882446,0.4849124550819397,-0.0009861233411356807,0.6889907717704773,0.43667036294937134,-0.011595030315220356,0.6870852112770081,0.46358609199523926,-0.01832881011068821,0.6877007484436035,0.4897841513156891,-0.02178025059401989,0.7050130367279053,0.4842243492603302,-0.002571619814261794,0.7062902450561523,0.4325350522994995,-0.013232282362878323,0.7030400037765503,0.4659558832645416,-0.01653710938990116,0.7024196982383728,0.4923301637172699,-0.016071241348981857,0.7204193472862244,0.49139565229415894,-0.006298779044300318,0.722181499004364,0.44390660524368286,-0.015301716513931751,0.7167952060699463,0.4736070930957794,-0.014194331131875515,0.7153574228286743,0.4992816150188446,-0.01083056814968586,0.7358570098876953,0.5059322118759155,-0.01124490611255169,0.7352311015129089,0.4686174690723419,-0.017444441094994545,0.7289853692054749,0.48354750871658325,-0.01695539616048336,0.7265408039093018,0.5037767291069031,-0.014979608356952667
5,0.19728796184062958,0.36761146783828735,-2.365675726423433e-07,0.16900601983070374,0.3381258547306061,-0.011596248485147953,0.15052220225334167,0.2757875919342041,-0.016704345121979713,0.15832825005054474,0.2270423322916031,-0.022692473605275154,0.18019837141036987,0.2222026288509369,-0.02687147632241249,0.16345307230949402,0.21851696074008942,-0.0013275759993121028,0.1555326282978058,0.1599254012107849,-0.014044016599655151,0.14670789241790771,0.16691799461841583,-0.022030893713235855,0.1451636552810669,0.19438417255878448,-0.025833865627646446,0.18103983998298645,0.20942595601081848,-0.002132849069312215,0.17278634011745453,0.14025920629501343,-0.014571885578334332,0.15986263751983643,0.15307101607322693,-0.01829466223716736,0.15763302147388458,0.18801335990428925,-0.017636774107813835,0.20027445256710052,0.2140870839357376,-0.006024044007062912,0.19459307193756104,0.14672338962554932,-0.018645256757736206,0.18305981159210205,0.16087967157363892,-0.020040102303028107,0.1824740767478943,0.19665607810020447,-0.017269305884838104,0.221073180437088,0.22922083735466003,-0.011450477875769138,0.2128264605998993,0.1764409840106964,-0.021540779620409012,0.2037462443113327,0.17954763770103455,-0.02374441549181938,0.20273330807685852,0.20701414346694946,-0.022744061425328255,0.711426317691803,0.6061683297157288,-1.908630764546615e-07,0.6892619729042053,0.5812803506851196,-0.00839395634829998,0.6787266731262207,0.5363616943359375,-0.012897425331175327,0.6928884983062744,0.5133876800537109,-0.018198613077402115,0.7105039954185486,0.5262144207954407,-0.021871907636523247,0.6885721683502197,0.48445412516593933,-0.0015253608580678701,0.6885011792182922,0.43716806173324585,-0.011889301240444183,0.6870880126953125,0.46473294496536255,-0.01847458817064762,0.6876553297042847,0.4907815754413605,-0.021933145821094513,0.7050068974494934,0.483425110578537,-0.002672934904694557,0.7060973644256592,0.43272852897644043,-0.012884573079645634,0.7032537460327148,0.4671771824359894,-0.015823639929294586,0.7024708390235901,0.4931109547615051,-0.015285326167941093,0.7206317782402039,0.4906013607978821,-0.005991350393742323,0.7222721576690674,0.44395437836647034,-0.014737237244844437,0.7173192501068115,0.4745519459247589,-0.013439041562378407,0.7157414555549622,0.5001283288002014,-0.010112044401466846,0.7362736463546753,0.5052340030670166,-0.01057385839521885,0.7351303100585938,0.4683064818382263,-0.016885127872228622,0.7293416261672974,0.483933687210083,-0.01643500290811062,0.7270514369010925,0.5039224624633789,-0.014538000337779522
6,0.19728796184062958,0.36761146783828735,-2.365675726423433e-07,0.16900601983070374,0.3381258547306061,-0.011596248485147953,0.15052220225334167,0.2757875919342041,-0.016704345121979713,0.15832825005054474,0.2270423322916031,-0.022692473605275154,0.18019837141036987,0.2222026288509369,-0.02687147632241249,0.16345307230949402,0.21851696074008942,-0.0013275759993121028,0.1555326282978058,0.1599254012107849,-0.014044016599655151,0.14670789241790771,0.16691799461841583,-0.022030893713235855,0.1451636552810669,0.19438417255878448,-0.025833865627646446,0.18103983998298645,0.20942595601081848,-0.002132849069312215,0.17278634011745453,0.14025920629501343,-0.014571885578334332,0.15986263751983643,0.15307101607322693,-0.01829466223716736,0.15763302147388458,0.18801335990428925,-0.017636774107813835,0.20027445256710052,0.2140870839357376,-0.006024044007062912,0.19459307193756104,0.14672338962554932,-0.018645256757736206,0.18305981159210205,0.16087967157363892,-0.020040102303028107,0.1824740767478943,0.19665607810020447,-0.017269305884838104,0.221073180437088,0.22922083735466003,-0.011450477875769138,0.2128264605998993,0.1764409840106964,-0.021540779620409012,0.2037462443113327,0.17954763770103455,-0.02374441549181938,0.20273330807685852,0.20701414346694946,-0.022744061425328255,0.711426317691803,0.6061683297157288,-1.908630764546615e-07,0.6892619729042053,0.5812803506851196,-0.00839395634829998,0.6787266731262207,0.5363616943359375,-0.012897425331175327,0.6928884983062744,0.5133876800537109,-0.018198613077402115,0.7105039954185486,0.5262144207954407,-0.021871907636523247,0.6885721683502197,0.48445412516593933,-0.0015253608580678701,0.6885011792182922,0.43716806173324585,-0.011889301240444183,0.6870880126953125,0.46473294496536255,-0.01847458817064762,0.6876553297042847,0.4907815754413605,-0.021933145821094513,0.7050068974494934,0.483425110578537,-0.002672934904694557,0.7060973644256592,0.43272852897644043,-0.012884573079645634,0.7032537460327148,0.4671771824359894,-0.015823639929294586,0.7024708390235901,0.4931109547615051,-0.015285326167941093,0.7206317782402039,0.4906013607978821,-0.005991350393742323,0.7222721576690674,0.44395437836647034,-0.014737237244844437,0.7173192501068115,0.4745519459247589,-0.013439041562378407,0.7157414555549622,0.5001283288002014,-0.010112044401466846,0.7362736463546753,0.5052340030670166,-0.01057385839521885,0.7351303100585938,0.4683064818382263,-0.016885127872228622,0.7293416261672974,0.483933687210083,-0.01643500290811062,0.7270514369010925,0.5039224624633789,-0.014538000337779522
7,0.2006368488073349,0.36962223052978516,-2.0468127104322775e-07,0.17107687890529633,0.3403533399105072,-0.012590285390615463,0.15314264595508575,0.276140421628952,-0.01711408421397209,0.161296084523201,0.2248028665781021,-0.022243577986955643,0.18245290219783783,0.21770529448986053,-0.02518727444112301,0.16633303463459015,0.22233928740024567,-0.0013802697649225593,0.15704482793807983,0.16116484999656677,-0.014479822479188442,0.1490326225757599,0.16839808225631714,-0.02244548872113228,0.14804485440254211,0.19578087329864502,-0.0257241390645504,0.1831655651330948,0.2120152860879898,-0.0010871310951188207,0.17546546459197998,0.14069576561450958,-0.014228210784494877,0.16421908140182495,0.15482322871685028,-0.017658380791544914,0.16310018301010132,0.1909966915845871,-0.015960445627570152,0.20098301768302917,0.21529440581798553,-0.004030326846987009,0.1959702968597412,0.147551029920578,-0.01670447178184986,0.18520718812942505,0.16086570918560028,-0.0173350740224123,0.18541057407855988,0.196706622838974,-0.013276590965688229,0.22067062556743622,0.2286902815103531,-0.008739306591451168,0.21473540365695953,0.17828777432441711,-0.018585333600640297,0.20685113966464996,0.1781103014945984,-0.020833972841501236,0.20617884397506714,0.20242007076740265,-0.019320553168654442,0.7116213440895081,0.6048029065132141,-1.9152849972670083e-07,0.6898421049118042,0.5800049304962158,-0.007211035117506981,0.6788756251335144,0.5374259352684021,-0.011350983753800392,0.6918707489967346,0.5138962268829346,-0.016595497727394104,0.7085897922515869,0.5236091613769531,-0.020370155572891235,0.6891066431999207,0.4854850769042969,-0.0002478238893672824,0.6886147856712341,0.437993586063385,-0.010608608834445477,0.6867629885673523,0.46465861797332764,-0.01738159917294979,0.6872346997261047,0.4905511438846588,-0.020864032208919525,0.705122172832489,0.48490720987319946,-0.0019406372448429465,0.7058157324790955,0.4339464008808136,-0.012221841141581535,0.7025569677352905,0.46745413541793823,-0.015510709956288338,0.7018736004829407,0.49364370107650757,-0.015112396329641342,0.7206019163131714,0.49170854687690735,-0.005717403255403042,0.7223941683769226,0.4439164698123932,-0.014563926495611668,0.7169161438941956,0.4737664759159088,-0.013278794474899769,0.7154725193977356,0.49987706542015076,-0.009838370606303215,0.7364874482154846,0.5062137842178345,-0.010627733543515205,0.7357306480407715,0.4687266945838928,-0.016908476129174232,0.7294450402259827,0.48418015241622925,-0.016212191432714462,0.7269309163093567,0.5047053098678589,-0.014059050939977169
8,0.19779157638549805,0.3593664765357971,-2.0379594900532538e-07,0.16913224756717682,0.33300256729125977,-0.012987945228815079,0.15274547040462494,0.2722598612308502,-0.017638569697737694,0.1625150442123413,0.22666935622692108,-0.02266617864370346,0.18415313959121704,0.22264987230300903,-0.025530872866511345,0.16392087936401367,0.21810929477214813,-0.002992811379954219,0.15617279708385468,0.15991488099098206,-0.01590229943394661,0.14845865964889526,0.16759034991264343,-0.02326524443924427,0.14831063151359558,0.1961490958929062,-0.026236101984977722,0.18102851510047913,0.20826071500778198,-0.0025927331298589706,0.175302654504776,0.14006948471069336,-0.016291236504912376,0.16388440132141113,0.1540427953004837,-0.019895680248737335,0.16343536972999573,0.19027185440063477,-0.018302621319890022,0.1998750865459442,0.21183191239833832,-0.0053239185363054276,0.19710087776184082,0.14628669619560242,-0.018796183168888092,0.18559199571609497,0.15883499383926392,-0.020254474133253098,0.18553312122821808,0.19364318251609802,-0.016811465844511986,0.2202615588903427,0.22505170106887817,-0.009695803746581078,0.2152966409921646,0.17623217403888702,-0.020422810688614845,0.2070043683052063,0.1785552203655243,-0.023333968594670296,0.20661991834640503,0.20572610199451447,-0.022356385365128517,0.7120233178138733,0.606390118598938,-1.8952924563109264e-07,0.6898112893104553,0.5813010334968567,-0.007519845850765705,0.679292619228363,0.5375295877456665,-0.01147936936467886,0.6925196647644043,0.5135777592658997,-0.016410071402788162,0.7089600563049316,0.5247325897216797,-0.019904233515262604,0.6889105439186096,0.4857170879840851,-0.0004167410952504724,0.6885024309158325,0.4380679726600647,-0.010410108603537083,0.6873401403427124,0.46270230412483215,-0.016891848295927048,0.6881120204925537,0.48841625452041626,-0.020297812297940254,0.7051503658294678,0.4842309355735779,-0.0018801374826580286,0.7059555649757385,0.43315452337265015,-0.01212405040860176,0.7032690048217773,0.46638816595077515,-0.015406993217766285,0.7026156783103943,0.4932285249233246,-0.014986776746809483,0.720780074596405,0.4907461702823639,-0.0053976792842149734,0.7223104238510132,0.4432808458805084,-0.014172744005918503,0.7173359394073486,0.47351905703544617,-0.013071810826659203,0.7158804535865784,0.4998333752155304,-0.00980447605252266,0.7364534735679626,0.5051298141479492,-0.010084010660648346,0.7352011799812317,0.4685616195201874,-0.01653960347175598,0.7293589115142822,0.48452943563461304,-0.016200406476855278,0.7270951271057129,0.5050614476203918,-0.014309830963611603
9,0.19779157638549805,0.3593664765357971,-2.0379594900532538e-07,0.16913224756717682,0.33300256729125977,-0.012987945228815079,0.15274547040462494,0.2722598612308502,-0.017638569697737694,0.1625150442123413,0.22666935622692108,-0.02266617864370346,0.18415313959121704,0.22264987230300903,-0.025530872866511345,0.16392087936401367,0.21810929477214813,-0.002992811379954219,0.15617279708385468,0.15991488099098206,-0.01590229943394661,0.14845865964889526,0.16759034991264343,-0.02326524443924427,0.14831063151359558,0.1961490958929062,-0.026236101984977722,0.18102851510047913,0.20826071500778198,-0.0025927331298589706,0.175302654504776,0.14006948471069336,-0.016291236504912376,0.16388440132141113,0.1540427953004837,-0.019895680248737335,0.16343536972999573,0.19027185440063477,-0.018302621319890022,0.1998750865459442,0.21183191239833832,-0.0053239185363054276,0.19710087776184082,0.14628669619560242,-0.018796183168888092,0.18559199571609497,0.15883499383926392,-0.020254474133253098,0.18553312122821808,0.19364318251609802,-0.016811465844511986,0.2202615588903427,0.22505170106887817,-0.009695803746581078,0.2152966409921646,0.17623217403888702,-0.020422810688614845,0.2070043683052063,0.1785552203655243,-0.023333968594670296,0.20661991834640503,0.20572610199451447,-0.022356385365128517,0.7120233178138733,0.606390118598938,-1.8952924563109264e-07,0.6898112893104553,0.5813010334968567,-0.007519845850765705,0.679292619228363,0.5375295877456665,-0.01147936936467886,0.6925196647644043,0.5135777592658997,-0.016410071402788162,0.7089600563049316,0.5247325897216797,-0.019904233515262604,0.6889105439186096,0.4857170879840851,-0.0004167410952504724,0.6885024309158325,0.4380679726600647,-0.010410108603537083,0.6873401403427124,0.46270230412483215,-0.016891848295927048,0.6881120204925537,0.48841625452041626,-0.020297812297940254,0.7051503658294678,0.4842309355735779,-0.0018801374826580286,0.7059555649757385,0.43315452337265015,-0.01212405040860176,0.7032690048217773,0.46638816595077515,-0.015406993217766285,0.7026156783103943,0.4932285249233246,-0.014986776746809483,0.720780074596405,0.4907461702823639,-0.0053976792842149734,0.7223104238510132,0.4432808458805084,-0.014172744005918503,0.7173359394073486,0.47351905703544617,-0.013071810826659203,0.7158804535865784,0.4998333752155304,-0.00980447605252266,0.7364534735679626,0.5051298141479492,-0.010084010660648346,0.7352011799812317,0.4685616195201874,-0.01653960347175598,0.7293589115142822,0.48452943563461304,-0.016200406476855278,0.7270951271057129,0.5050614476203918,-0.014309830963611603
10,0.19948621094226837,0.36910316348075867,-2.135274428383127e-07,0.16947801411151886,0.34082189202308655,-0.011833727359771729,0.1526048332452774,0.2780475318431854,-0.01632874831557274,0.162453755736351,0.22846738994121552,-0.021715207025408745,0.1840362548828125,0.22487127780914307,-0.025134259834885597,0.16363954544067383,0.22223538160324097,-0.000580007559619844,0.15572530031204224,0.16313372552394867,-0.013289697468280792,0.14991718530654907,0.17087915539741516,-0.021674735471606255,0.1512368619441986,0.19862361252307892,-0.025742139667272568,0.18142828345298767,0.21267616748809814,-0.0010714085074141622,0.17554037272930145,0.14243915677070618,-0.013698158785700798,0.16558749973773956,0.1566663682460785,-0.018282167613506317,0.16618968546390533,0.19219207763671875,-0.018192192539572716,0.2004161775112152,0.2160075455904007,-0.004626475274562836,0.19711580872535706,0.14899501204490662,-0.016922658309340477,0.1876021772623062,0.16351020336151123,-0.018854588270187378,0.18861377239227295,0.1993633210659027,-0.01657259277999401,0.2206481248140335,0.22865451872348785,-0.009867755696177483,0.21601702272891998,0.17822527885437012,-0.019214170053601265,0.2093077152967453,0.18131272494792938,-0.021768417209386826,0.20943835377693176,0.20841477811336517,-0.021288307383656502,0.7111009359359741,0.6067169308662415,-1.9673916540341452e-07,0.6892200112342834,0.5808430314064026,-0.007959028705954552,0.6792511940002441,0.5358425974845886,-0.012192427180707455,0.6936233043670654,0.5124996900558472,-0.017197012901306152,0.7107078433036804,0.5260118246078491,-0.02056828886270523,0.6883623003959656,0.4837632477283478,-0.0014844905817881227,0.6884546875953674,0.437034010887146,-0.011377235874533653,0.6871657967567444,0.4655185341835022,-0.017604967579245567,0.6875035762786865,0.491523414850235,-0.02094150334596634,0.7051196098327637,0.48280882835388184,-0.0028637400828301907,0.7063584923744202,0.43183213472366333,-0.012713312171399593,0.7034997344017029,0.46670177578926086,-0.015488031320273876,0.7022011280059814,0.49257415533065796,-0.01491111796349287,0.7207200527191162,0.49028271436691284,-0.006287159863859415,0.7226696014404297,0.44365474581718445,-0.014660497196018696,0.7177276611328125,0.4741542935371399,-0.013215472921729088,0.7157838940620422,0.4992275834083557,-0.009918208234012127,0.7360061407089233,0.5055313110351562,-0.010926122777163982,0.734879732131958,0.469041645526886,-0.016967900097370148,0.729204535484314,0.4845506250858307,-0.016330575570464134,0.7267423868179321,0.5039640069007874,-0.014386609196662903
11,0.20052766799926758,0.3663511276245117,-2.0381061460739147e-07,0.17364805936813354,0.3381890058517456,-0.013152978383004665,0.15686383843421936,0.27793583273887634,-0.018817521631717682,0.16499793529510498,0.23115167021751404,-0.024876832962036133,0.18467497825622559,0.22853566706180573,-0.02876455895602703,0.16959944367408752,0.2197800576686859,-0.003443091409280896,0.16130119562149048,0.16172686219215393,-0.016872860491275787,0.15386834740638733,0.17096930742263794,-0.025012388825416565,0.15339112281799316,0.19987671077251434,-0.028597887605428696,0.18660736083984375,0.21197004616260529,-0.003298091934993863,0.18000414967536926,0.1442161500453949,-0.016724715009331703,0.16946594417095184,0.15916910767555237,-0.020472338423132896,0.16877898573875427,0.19425126910209656,-0.019403699785470963,0.20483803749084473,0.2174806445837021,-0.006299971137195826,0.20080822706222534,0.15268798172473907,-0.019325437024235725,0.19101984798908234,0.1661919355392456,-0.020560598000884056,0.1912505328655243,0.2003653198480606,-0.01737792231142521,0.22431017458438873,0.23268087208271027,-0.010999214835464954,0.21886058151721954,0.18195512890815735,-0.020980926230549812,0.2110370695590973,0.1857873499393463,-0.023148799315094948,0.20997494459152222,0.21373164653778076,-0.021968621760606766,0.7112895846366882,0.6060158610343933,-1.9503609394178056e-07,0.6894370317459106,0.5806713104248047,-0.0078474972397089,0.6796228885650635,0.5362331867218018,-0.011999056674540043,0.6936290264129639,0.5136165022850037,-0.01711016148328781,0.7102146148681641,0.5267033576965332,-0.02060292288661003,0.6888383626937866,0.48412421345710754,-0.0007800201419740915,0.6890579462051392,0.43654921650886536,-0.010919442400336266,0.6875031590461731,0.4640950858592987,-0.01720580644905567,0.6880139708518982,0.49038049578666687,-0.02043616957962513,0.7052173614501953,0.4835394620895386,-0.002232911763712764,0.7064972519874573,0.43239670991897583,-0.012603666633367538,0.7033628821372986,0.4666752219200134,-0.015594367869198322,0.702375590801239,0.4933149516582489,-0.014904196374118328,0.7208588123321533,0.49077457189559937,-0.005810162052512169,0.723010241985321,0.4433058500289917,-0.014582110568881035,0.7176488041877747,0.47367820143699646,-0.01319684088230133,0.7159233689308167,0.4993181824684143,-0.009691008366644382,0.7363615036010742,0.5054550766944885,-0.010613808408379555,0.7358019351959229,0.4689394533634186,-0.01680130325257778,0.729730486869812,0.48421183228492737,-0.01623334363102913,0.7272318005561829,0.5040605664253235,-0.014197785407304764
12,0.20162884891033173,0.3600494861602783,-2.0921328314216225e-07,0.17481359839439392,0.33684098720550537,-0.01268210168927908,0.15683121979236603,0.2774871587753296,-0.017650427296757698,0.16318246722221375,0.22995012998580933,-0.02308567613363266,0.1828998327255249,0.22518178820610046,-0.026490120217204094,0.17002645134925842,0.21995480358600616,-0.0030182101763784885,0.16200363636016846,0.16210666298866272,-0.015527328476309776,0.15234751999378204,0.17000339925289154,-0.022844912484288216,0.15086665749549866,0.19734179973602295,-0.02598007768392563,0.18597525358200073,0.21122974157333374,-0.0027883981820195913,0.17955663800239563,0.14493319392204285,-0.015718525275588036,0.1672886312007904,0.15908777713775635,-0.018907327204942703,0.16620121896266937,0.19294032454490662,-0.017330452799797058,0.20358790457248688,0.21517297625541687,-0.005584335885941982,0.19955605268478394,0.15222758054733276,-0.0184184480458498,0.1889215111732483,0.16754001379013062,-0.0191852655261755,0.1896093338727951,0.20114706456661224,-0.015563038177788258,0.22277985513210297,0.22801335155963898,-0.009996355511248112,0.2168157547712326,0.17923371493816376,-0.019937006756663322,0.20903027057647705,0.1849496066570282,-0.02172989957034588,0.20902353525161743,0.21221011877059937,-0.02014530450105667,0.7114272713661194,0.6044117212295532,-1.8347100194660015e-07,0.6903878450393677,0.5797553658485413,-0.0070652286522090435,0.6797460317611694,0.5396581888198853,-0.011453777551651001,0.6925607919692993,0.5169875621795654,-0.01697711832821369,0.7095004320144653,0.5249209403991699,-0.020931972190737724,0.6896165609359741,0.4862420856952667,-0.0004775226698257029,0.6902119517326355,0.4388972222805023,-0.011429264210164547,0.6890444159507751,0.46633002161979675,-0.018522437661886215,0.6895201802253723,0.49221140146255493,-0.02199838124215603,0.705645740032196,0.4862518310546875,-0.002373964060097933,0.7074120044708252,0.4352072477340698,-0.013265253975987434,0.7050659656524658,0.46856680512428284,-0.01689724810421467,0.7041747570037842,0.4948025941848755,-0.016535451635718346,0.7212779521942139,0.4929758310317993,-0.0063382526859641075,0.7240981459617615,0.4456768035888672,-0.015383427031338215,0.7191122174263,0.4751245975494385,-0.01395553071051836,0.7171319127082825,0.5003134608268738,-0.010299557819962502,0.7371805906295776,0.507010281085968,-0.011425399221479893,0.7376592755317688,0.4706341028213501,-0.017452439293265343,0.7313207983970642,0.4864650368690491,-0.016324330121278763,0.7280075550079346,0.5063621401786804,-0.013808161951601505
13,0.20162884891033173,0.3600494861602783,-2.0921328314216225e-07,0.17481359839439392,0.33684098720550537,-0.01268210168927908,0.15683121979236603,0.2774871587753296,-0.017650427296757698,0.16318246722221375,0.22995012998580933,-0.02308567613363266,0.1828998327255249,0.22518178820610046,-0.026490120217204094,0.17002645134925842,0.21995480358600616,-0.0030182101763784885,0.16200363636016846,0.16210666298866272,-0.015527328476309776,0.15234751999378204,0.17000339925289154,-0.022844912484288216,0.15086665749549866,0.19734179973602295,-0.02598007768392563,0.18597525358200073,0.21122974157333374,-0.0027883981820195913,0.17955663800239563,0.14493319392204285,-0.015718525275588036,0.1672886312007904,0.15908777713775635,-0.018907327204942703,0.16620121896266937,0.19294032454490662,-0.017330452799797058,0.20358790457248688,0.21517297625541687,-0.005584335885941982,0.19955605268478394,0.15222758054733276,-0.0184184480458498,0.1889215111732483,0.16754001379013062,-0.0191852655261755,0.1896093338727951,0.20114706456661224,-0.015563038177788258,0.22277985513210297,0.22801335155963898,-0.009996355511248112,0.2168157547712326,0.17923371493816376,-0.019937006756663322,0.20903027057647705,0.1849496066570282,-0.02172989957034588,0.20902353525161743,0.21221011877059937,-0.02014530450105667,0.7114272713661194,0.6044117212295532,-1.8347100194660015e-07,0.6903878450393677,0.5797553658485413,-0.0070652286522090435,0.6797460317611694,0.5396581888198853,-0.011453777551651001,0.6925607919692993,0.5169875621795654,-0.01697711832821369,0.7095004320144653,0.5249209403991699,-0.020931972190737724,0.6896165609359741,0.4862420856952667,-0.0004775226698257029,0.6902119517326355,0.4388972222805023,-0.011429264210164547,0.6890444159507751,0.46633002161979675,-0.018522437661886215,0.6895201802253723,0.49221140146255493,-0.02199838124215603,0.705645740032196,0.4862518310546875,-0.002373964060097933,0.7074120044708252,0.4352072477340698,-0.013265253975987434,0.7050659656524658,0.46856680512428284,-0.01689724810421467,0.7041747570037842,0.4948025941848755,-0.016535451635718346,0.7212779521942139,0.4929758310317993,-0.0063382526859641075,0.7240981459617615,0.4456768035888672,-0.015383427031338215,0.7191122174263,0.4751245975494385,-0.01395553071051836,0.7171319127082825,0.5003134608268738,-0.010299557819962502,0.7371805906295776,0.507010281085968,-0.011425399221479893,0.7376592755317688,0.4706341028213501,-0.017452439293265343,0.7313207983970642,0.4864650368690491,-0.016324330121278763,0.7280075550079346,0.5063621401786804,-0.013808161951601505
14,0.203332781791687,0.366270512342453,-2.2959808632094791e-07,0.17517131567001343,0.34249937534332275,-0.012379834428429604,0.15418989956378937,0.2817850112915039,-0.017857123166322708,0.15853597223758698,0.230189710855484,-0.023792413994669914,0.17808781564235687,0.2206006497144699,-0.028221335262060165,0.16767407953739166,0.22499814629554749,-0.004055950790643692,0.15827876329421997,0.16347941756248474,-0.016882512718439102,0.14811867475509644,0.167822927236557,-0.02453300729393959,0.14570210874080658,0.19305193424224854,-0.02796800062060356,0.18409040570259094,0.214305117726326,-0.004182569216936827,0.17417219281196594,0.14204642176628113,-0.017348647117614746,0.16089533269405365,0.15682515501976013,-0.020984090864658356,0.15925142168998718,0.1919742375612259,-0.01990807242691517,0.20229549705982208,0.21662648022174835,-0.007152176927775145,0.19368745386600494,0.14839036762714386,-0.020610999315977097,0.18241384625434875,0.16861531138420105,-0.02200993150472641,0.18363270163536072,0.20604261755943298,-0.018875768408179283,0.22258307039737701,0.22885622084140778,-0.011545306071639061,0.21182633936405182,0.17753514647483826,-0.02257566899061203,0.20340999960899353,0.18608662486076355,-0.02475631609559059,0.20430001616477966,0.21506869792938232,-0.023416772484779358,0.7135051488876343,0.6070716381072998,-1.8345008356845938e-07,0.6915537118911743,0.5822441577911377,-0.007938887923955917,0.6812310218811035,0.5387534499168396,-0.012213831767439842,0.6952695250511169,0.5153487920761108,-0.017415646463632584,0.7124602794647217,0.5283883810043335,-0.020963799208402634,0.6897751092910767,0.4863206446170807,-0.0008036838844418526,0.6904032826423645,0.438387393951416,-0.010945032350718975,0.6901295185089111,0.4642776846885681,-0.017540164291858673,0.6908522844314575,0.49074044823646545,-0.020936304703354836,0.7062102556228638,0.4851923882961273,-0.002099472563713789,0.7076822519302368,0.4338942766189575,-0.012178273871541023,0.7056963443756104,0.4664003849029541,-0.015476275235414505,0.7045412063598633,0.49351394176483154,-0.015081837773323059,0.7217963337898254,0.491764098405838,-0.005480785854160786,0.7242944836616516,0.4450374245643616,-0.013880803249776363,0.7194396257400513,0.47459858655929565,-0.012597262859344482,0.7172890305519104,0.5005944967269897,-0.009230637922883034,0.737345278263092,0.5060657262802124,-0.010124165564775467,0.7376136779785156,0.4705411195755005,-0.01594906859099865,0.7315893173217773,0.48536983132362366,-0.01525328028947115,0.7285842299461365,0.5050747394561768,-0.013171674683690071
15,0.20086218416690826,0.3484930694103241,-2.1485847412350267e-07,0.1751820147037506,0.3270255923271179,-0.012874390929937363,0.15697896480560303,0.2746080458164215,-0.019722934812307358,0.16116055846214294,0.23026244342327118,-0.026515290141105652,0.1790197789669037,0.22187896072864532,-0.032266635447740555,0.1686146855354309,0.2201036661863327,-0.00815786886960268,0.15914607048034668,0.16634513437747955,-0.02147560380399227,0.14778193831443787,0.16651347279548645,-0.02967720851302147,0.14279069006443024,0.18705867230892181,-0.03364283964037895,0.18523915112018585,0.20839163661003113,-0.008207958191633224,0.17304617166519165,0.14348751306533813,-0.021130718290805817,0.15912656486034393,0.15758153796195984,-0.025092605501413345,0.15666916966438293,0.19026952981948853,-0.024782896041870117,0.20306771993637085,0.21012568473815918,-0.010759726166725159,0.1930711269378662,0.1486583948135376,-0.024332284927368164,0.18152883648872375,0.16766011714935303,-0.02609594538807869,0.18162208795547485,0.202680766582489,-0.023639991879463196,0.22238773107528687,0.22222168743610382,-0.014583435840904713,0.21066495776176453,0.1772288680076599,-0.02628856711089611,0.20199644565582275,0.18604573607444763,-0.028439631685614586,0.20220443606376648,0.21231667697429657,-0.02707863785326481,0.7131693959236145,0.6067843437194824,-1.8551519076481782e-07,0.6917048692703247,0.5819380283355713,-0.007546005770564079,0.6815808415412903,0.5391378998756409,-0.011661066673696041,0.695367693901062,0.516038715839386,-0.016807448118925095,0.7122966051101685,0.526778519153595,-0.020301474258303642,0.6900861263275146,0.48558327555656433,-0.00032466632546857,0.6911601424217224,0.43777021765708923,-0.010595935396850109,0.6901674270629883,0.46462932229042053,-0.017273548990488052,0.6903204917907715,0.49082809686660767,-0.020672550424933434,0.7062678933143616,0.4851720631122589,-0.0018712686141952872,0.7080969214439392,0.4342256784439087,-0.012085921131074429,0.7057956457138062,0.46703746914863586,-0.015443786978721619,0.7045263648033142,0.49346375465393066,-0.01508365385234356,0.7216516137123108,0.4921277165412903,-0.005521044135093689,0.7243602275848389,0.44514691829681396,-0.01406299788504839,0.7194000482559204,0.4742797613143921,-0.012804345227777958,0.7172346711158752,0.4997921884059906,-0.009450536221265793,0.7369565963745117,0.5065969228744507,-0.010386115871369839,0.737126350402832,0.47042718529701233,-0.01640145853161812,0.7309600710868835,0.4852629005908966,-0.01571955904364586,0.7278047204017639,0.5051072835922241,-0.013615489937365055
16,0.20086218416690826,0.3484930694103241,-2.1485847412350267e-07,0.1751820147037506,0.3270255923271179,-0.012874390929937363,0.15697896480560303,0.2746080458164215,-0.019722934812307358,0.16116055846214294,0.23026244342327118,-0.026515290141105652,0.1790197789669037,0.22187896072864532,-0.032266635447740555,0.1686146855354309,0.2201036661863327,-0.00815786886960268,0.15914607048034668,0.16634513437747955,-0.02147560380399227,0.14778193831443787,0.16651347279548645,-0.02967720851302147,0.14279069006443024,0.18705867230892181,-0.03364283964037895,0.18523915112018585,0.20839163661003113,-0.008207958191633224,0.17304617166519165,0.14348751306533813,-0.021130718290805817,0.15912656486034393,0.15758153796195984,-0.025092605501413345,0.15666916966438293,0.19026952981948853,-0.024782896041870117,0.20306771993637085,0.21012568473815918,-0.010759726166725159,0.1930711269378662,0.1486583948135376,-0.024332284927368164,0.18152883648872375,0.16766011714935303,-0.02609594538807869,0.18162208795547485,0.202680766582489,-0.023639991879463196,0.22238773107528687,0.22222168743610382,-0.014583435840904713,0.21066495776176453,0.1772288680076599,-0.02628856711089611,0.20199644565582275,0.18604573607444763,-0.028439631685614586,0.20220443606376648,0.21231667697429657,-0.02707863785326481,0.7131693959236145,0.6067843437194824,-1.8551519076481782e-07,0.6917048692703247,0.5819380283355713,-0.007546005770564079,0.6815808415412903,0.5391378998756409,-0.011661066673696041,0.695367693901062,0.516038715839386,-0.016807448118925095,0.7122966051101685,0.526778519153595,-0.020301474258303642,0.6900861263275146,0.48558327555656433,-0.00032466632546857,0.6911601424217224,0.43777021765708923,-0.010595935396850109,0.6901674270629883,0.46462932229042053,-0.017273548990488052,0.6903204917907715,0.49082809686660767,-0.020672550424933434,0.7062678933143616,0.4851720631122589,-0.0018712686141952872,0.7080969214439392,0.4342256784439087,-0.012085921131074429,0.7057956457138062,0.46703746914863586,-0.015443786978721619,0.7045263648033142,0.49346375465393066,-0.01508365385234356,0.7216516137123108,0.4921277165412903,-0.005521044135093689,0.7243602275848389,0.44514691829681396,-0.01406299788504839,0.7194000482559204,0.4742797613143921,-0.012804345227777958,0.7172346711158752,0.4997921884059906,-0.009450536221265793,0.7369565963745117,0.5065969228744507,-0.010386115871369839,0.737126350402832,0.47042718529701233,-0.01640145853161812,0.7309600710868835,0.4852629005908966,-0.01571955904364586,0.7278047204017639,0.5051072835922241,-0.013615489937365055
17,0.20462572574615479,0.3451846241950989,-1.8208841368050344e-07,0.17945155501365662,0.32130295038223267,-0.012593870982527733,0.16219377517700195,0.26767486333847046,-0.018841970711946487,0.16747288405895233,0.22705860435962677,-0.025669120252132416,0.18676812946796417,0.22219036519527435,-0.0308504831045866,0.1736496537923813,0.20916222035884857,-0.005302423145622015,0.16622582077980042,0.1535540223121643,-0.019037887454032898,0.15426018834114075,0.16067783534526825,-0.02734852395951748,0.1493402123451233,0.18651697039604187,-0.030897874385118484,0.18945595622062683,0.2012270987033844,-0.005543651524931192,0.1801939159631729,0.13536706566810608,-0.018597885966300964,0.16541695594787598,0.14974084496498108,-0.022505437955260277,0.16212423145771027,0.18258634209632874,-0.02171684429049492,0.20638731122016907,0.2069331407546997,-0.008721885271370411,0.2006237953901291,0.14364154636859894,-0.02204304188489914,0.1879587322473526,0.159963458776474,-0.023830467835068703,0.18685376644134521,0.1940021514892578,-0.020835399627685547,0.22530068457126617,0.2220287173986435,-0.01337082963436842,0.22132138907909393,0.17452329397201538,-0.02454158291220665,0.21175450086593628,0.17307829856872559,-0.027326548472046852,0.20872703194618225,0.19201870262622833,-0.026201749220490456,0.7129812836647034,0.6068353652954102,-1.8350000630107388e-07,0.6910703182220459,0.5812166333198547,-0.008007442578673363,0.6808256506919861,0.5378308296203613,-0.01248222403228283,0.6947144269943237,0.5151283740997314,-0.017852330580353737,0.7115786075592041,0.5260023474693298,-0.021568581461906433,0.6896828413009644,0.48531413078308105,-0.0012565634679049253,0.6905679702758789,0.4375608265399933,-0.011788046918809414,0.689964234828949,0.46547070145606995,-0.018636440858244896,0.6907263398170471,0.4919143617153168,-0.022168826311826706,0.7061855792999268,0.4849206507205963,-0.002656266326084733,0.7083076238632202,0.43393510580062866,-0.012916774488985538,0.7060392498970032,0.46757614612579346,-0.01627470552921295,0.7049431204795837,0.4937455952167511,-0.0159903597086668,0.721773624420166,0.4920642375946045,-0.006167438812553883,0.7247965931892395,0.44495660066604614,-0.014667030423879623,0.7198184132575989,0.4744448661804199,-0.013336255215108395,0.7177223563194275,0.49968522787094116,-0.010028459131717682,0.737236499786377,0.5067880749702454,-0.010922113433480263,0.737554132938385,0.47027862071990967,-0.016839269548654556,0.7313428521156311,0.4854371249675751,-0.016028987243771553,0.7282112240791321,0.5053207278251648,-0.01389207225292921
18,0.2090509533882141,0.3463965952396393,-1.9520652472237998e-07,0.18145035207271576,0.3205656409263611,-0.01111445389688015,0.16408789157867432,0.2635357975959778,-0.01574237272143364,0.17264889180660248,0.220944344997406,-0.02117702178657055,0.19403186440467834,0.21933799982070923,-0.02481240965425968,0.17363578081130981,0.20748130977153778,-0.0018663599621504545,0.16709722578525543,0.15002599358558655,-0.014486920088529587,0.15806689858436584,0.15783625841140747,-0.02213164046406746,0.1562582552433014,0.18526306748390198,-0.025242293253540993,0.18961335718631744,0.19882507622241974,-0.002136276103556156,0.18338659405708313,0.132697194814682,-0.01495205145329237,0.1705019623041153,0.14699701964855194,-0.018936235457658768,0.16862139105796814,0.18140873312950134,-0.01796727068722248,0.20711790025234222,0.2018004059791565,-0.005336415488272905,0.20369845628738403,0.13887372612953186,-0.01792902685701847,0.19234493374824524,0.15200796723365784,-0.020498771220445633,0.19206774234771729,0.1862400770187378,-0.01810171641409397,0.2265738695859909,0.21335485577583313,-0.009918841533362865,0.22286762297153473,0.16442930698394775,-0.01977834850549698,0.2145415097475052,0.1658507138490677,-0.02278244122862816,0.2134460061788559,0.19053184986114502,-0.02216137945652008,0.7131763696670532,0.6065358519554138,-1.82396306058763e-07,0.6912996768951416,0.5813751220703125,-0.008058684878051281,0.6811443567276001,0.5375674962997437,-0.012532304041087627,0.6949437260627747,0.5147827863693237,-0.01789456605911255,0.7115920782089233,0.5276486873626709,-0.021571485325694084,0.6897974014282227,0.48540765047073364,-0.0012910810764878988,0.6909900307655334,0.437373548746109,-0.011700969189405441,0.6903506517410278,0.46453121304512024,-0.018287625163793564,0.6908081769943237,0.49074631929397583,-0.021643003448843956,0.7062939405441284,0.48477306962013245,-0.0026736268773674965,0.7083472013473511,0.4336424469947815,-0.012887738645076752,0.7060130834579468,0.4669571816921234,-0.016044849529862404,0.7048605680465698,0.4930044710636139,-0.015598760917782784,0.7219056487083435,0.4918311834335327,-0.006179558113217354,0.7246757745742798,0.44478291273117065,-0.014756998047232628,0.7197170853614807,0.47395989298820496,-0.013385167345404625,0.7176955938339233,0.4990740418434143,-0.01000272762030363,0.7374261617660522,0.5064338445663452,-0.01093625370413065,0.7374956607818604,0.46994197368621826,-0.016880851238965988,0.7313582301139832,0.4846953749656677,-0.016094975173473358,0.7283828854560852,0.5044162273406982,-0.013966411352157593
19,0.21315842866897583,0.353453129529953,-1.984301150059764e-07,0.18509541451931,0.32448112964630127,-0.011196737177670002,0.16845285892486572,0.2661062180995941,-0.015380779281258583,0.17671889066696167,0.21997269988059998,-0.020306890830397606,0.19713222980499268,0.21296752989292145,-0.02327418513596058,0.1774393916130066,0.2097969651222229,-0.0005165247712284327,0.17002294957637787,0.1499858796596527,-0.01267445832490921,0.1631513237953186,0.15755102038383484,-0.020449694246053696,0.16276496648788452,0.18397857248783112,-0.02383296936750412,0.19317622482776642,0.20061734318733215,-0.0005893619963899255,0.18758618831634521,0.13260313868522644,-0.012934059835970402,0.17698688805103302,0.14633433520793915,-0.017204923555254936,0.17570580542087555,0.17918409407138824,-0.01664748229086399,0.2106829434633255,0.20310115814208984,-0.0036104503087699413,0.20785513520240784,0.1376534402370453,-0.014959330670535564,0.19789566099643707,0.1498723030090332,-0.016966048628091812,0.19749855995178223,0.18225635588169098,-0.014656683430075645,0.2301003485918045,0.21471627056598663,-0.008187921717762947,0.22648262977600098,0.16545523703098297,-0.016536563634872437,0.21856489777565002,0.16612616181373596,-0.01888420432806015,0.21697001159191132,0.18947948515415192,-0.018209490925073624,0.7124848365783691,0.60671067237854,-1.8490216291411343e-07,0.6910311579704285,0.5809824466705322,-0.008126316592097282,0.6810799837112427,0.537146806716919,-0.01279272697865963,0.6951006054878235,0.5145851969718933,-0.01838812045753002,0.7121806144714355,0.5270302891731262,-0.022273370996117592,0.6900256872177124,0.484391450881958,-0.0013202927075326443,0.6911360025405884,0.436607301235199,-0.011984160169959068,0.6900781989097595,0.46456122398376465,-0.018759289756417274,0.690477728843689,0.4910533130168915,-0.022192182019352913,0.7065002918243408,0.48415443301200867,-0.0027829932514578104,0.7085860967636108,0.43306636810302734,-0.013187043368816376,0.7058466672897339,0.4665079712867737,-0.016391322016716003,0.7046226859092712,0.4926826059818268,-0.015927406027913094,0.7220616340637207,0.4916256070137024,-0.006401701830327511,0.7248245477676392,0.4448460042476654,-0.015186481177806854,0.7196155786514282,0.47436434030532837,-0.013816215097904205,0.7175715565681458,0.4997316300868988,-0.010342231951653957,0.7374433279037476,0.5065745115280151,-0.011275963857769966,0.7375912070274353,0.4698502719402313,-0.01734563335776329,0.7313842177391052,0.48449233174324036,-0.016541341319680214,0.7284343838691711,0.5043010711669922,-0.014333527535200119
20,0.21315842866897583,0.353453129529953,-1.984301150059764e-07,0.18509541451931,0.32448112964630127,-0.011196737177670002,0.16845285892486572,0.2661062180995941,-0.015380779281258583,0.17671889066696167,0.21997269988059998,-0.020306890830397606,0.19713222980499268,0.21296752989292145,-0.02327418513596058,0.1774393916130066,0.2097969651222229,-0.0005165247712284327,0.17002294957637787,0.1499858796596527,-0.01267445832490921,0.1631513237953186,0.15755102038383484,-0.020449694246053696,0.16276496648788452,0.18397857248783112,-0.02383296936750412,0.19317622482776642,0.20061734318733215,-0.0005893619963899255,0.18758618831634521,0.13260313868522644,-0.012934059835970402,0.17698688805103302,0.14633433520793915,-0.017204923555254936,0.17570580542087555,0.17918409407138824,-0.01664748229086399,0.2106829434633255,0.20310115814208984,-0.0036104503087699413,0.20785513520240784,0.1376534402370453,-0.014959330670535564,0.19789566099643707,0.1498723030090332,-0.016966048628091812,0.19749855995178223,0.18225635588169098,-0.014656683430075645,0.2301003485918045,0.21471627056598663,-0.008187921717762947,0.22648262977600098,0.16545523703098297,-0.016536563634872437,0.21856489777565002,0.16612616181373596,-0.01888420432806015,0.21697001159191132,0.18947948515415192,-0.018209490925073624,0.7124848365783691,0.60671067237854,-1.8490216291411343e-07,0.6910311579704285,0.5809824466705322,-0.008126316592097282,0.6810799837112427,0.537146806716919,-0.01279272697865963,0.6951006054878235,0.5145851969718933,-0.01838812045753002,0.7121806144714355,0.5270302891731262,-0.022273370996117592,0.6900256872177124,0.484391450881958,-0.0013202927075326443,0.6911360025405884,0.436607301235199,-0.011984160169959068,0.6900781989097595,0.46456122398376465,-0.018759289756417274,0.690477728843689,0.4910533130168915,-0.022192182019352913,0.7065002918243408,0.48415443301200867,-0.0027829932514578104,0.7085860967636108,0.43306636810302734,-0.013187043368816376,0.7058466672897339,0.4665079712867737,-0.016391322016716003,0.7046226859092712,0.4926826059818268,-0.015927406027913094,0.7220616340637207,0.4916256070137024,-0.006401701830327511,0.7248245477676392,0.4448460042476654,-0.015186481177806854,0.7196155786514282,0.47436434030532837,-0.013816215097904205,0.7175715565681458,0.4997316300868988,-0.010342231951653957,0.7374433279037476,0.5065745115280151,-0.011275963857769966,0.7375912070274353,0.4698502719402313,-0.01734563335776329,0.7313842177391052,0.48449233174324036,-0.016541341319680214,0.7284343838691711,0.5043010711669922,-0.014333527535200119
21,0.21444390714168549,0.3531382083892822,-1.9698225628417276e-07,0.18578903377056122,0.32233625650405884,-0.009405858814716339,0.17102421820163727,0.2645532488822937,-0.012945645488798618,0.18152748048305511,0.21836017072200775,-0.01782373897731304,0.20124021172523499,0.21417899429798126,-0.02106575295329094,0.17805099487304688,0.21190263330936432,0.0023343972861766815,0.1699582189321518,0.15494102239608765,-0.009691894054412842,0.16675929725170135,0.16321057081222534,-0.018050353974103928,0.16894283890724182,0.1897405982017517,-0.021907011047005653,0.19538697600364685,0.20227858424186707,0.0012449371861293912,0.1908271461725235,0.13580036163330078,-0.010255747474730015,0.18302848935127258,0.1515529453754425,-0.01487733144313097,0.18369655311107635,0.18537184596061707,-0.014958960935473442,0.21368184685707092,0.20482176542282104,-0.0027001637499779463,0.2121025174856186,0.14112234115600586,-0.01363443024456501,0.20372824370861053,0.15552815794944763,-0.01549078244715929,0.20417800545692444,0.18978381156921387,-0.013306635431945324,0.2328340858221054,0.21638721227645874,-0.008148007094860077,0.23108737170696259,0.16850362718105316,-0.016043130308389664,0.22517484426498413,0.1704055368900299,-0.018128518015146255,0.22441203892230988,0.19483551383018494,-0.017475228756666183,0.7139305472373962,0.6073122024536133,-1.7987713363254443e-07,0.6919910311698914,0.580489456653595,-0.008089091628789902,0.6824228167533875,0.5378186702728271,-0.012797072529792786,0.6969721913337708,0.5155034065246582,-0.01839330419898033,0.7142053246498108,0.5271732807159424,-0.02242947928607464,0.6918646693229675,0.48577120900154114,-0.0018816578667610884,0.6918234825134277,0.4378696084022522,-0.012349768541753292,0.6916071176528931,0.4634004831314087,-0.019048526883125305,0.6922945380210876,0.4893108308315277,-0.02248210459947586,0.7085418701171875,0.4848145544528961,-0.0032212361693382263,0.7100653648376465,0.43462425470352173,-0.013481004163622856,0.7080655097961426,0.46756988763809204,-0.016719259321689606,0.7068940997123718,0.4936358630657196,-0.016474565491080284,0.724120557308197,0.4918472468852997,-0.006609688047319651,0.7266718149185181,0.4456805884838104,-0.015282748267054558,0.7219476699829102,0.4752323627471924,-0.013908079825341702,0.7196511030197144,0.5006300806999207,-0.010597726330161095,0.7392494082450867,0.5064578056335449,-0.01122722402215004,0.7392889857292175,0.47065699100494385,-0.017356302589178085,0.7339277267456055,0.48505809903144836,-0.016673536971211433,0.7311310768127441,0.5039401650428772,-0.014620061963796616
22,0.21573732793331146,0.3490830957889557,-1.7794043571939255e-07,0.18827547132968903,0.32347363233566284,-0.010901964269578457,0.172666996717453,0.2660650312900543,-0.01465553604066372,0.18111079931259155,0.21667425334453583,-0.019248440861701965,0.19843393564224243,0.2093709111213684,-0.021986428648233414,0.17802459001541138,0.21095170080661774,0.0008204818004742265,0.17065244913101196,0.15320751070976257,-0.010760764591395855,0.16757048666477203,0.1570941060781479,-0.018268410116434097,0.16989272832870483,0.1809868961572647,-0.021739616990089417,0.1956751048564911,0.19938354194164276,0.0005483704153448343,0.19104261696338654,0.13204927742481232,-0.011682998389005661,0.1840786188840866,0.148903489112854,-0.016090761870145798,0.18547499179840088,0.1832880675792694,-0.015613146126270294,0.21437300741672516,0.20093943178653717,-0.0025963690131902695,0.21228836476802826,0.13717907667160034,-0.01452302373945713,0.20524127781391144,0.1525905728340149,-0.016627633944153786,0.20665614306926727,0.1868014931678772,-0.014303848147392273,0.2339628040790558,0.21234257519245148,-0.007207188755273819,0.230881005525589,0.16543002426624298,-0.016064690425992012,0.22523942589759827,0.17099317908287048,-0.018531763926148415,0.2253001183271408,0.1979927122592926,-0.017906157299876213,0.7147735953330994,0.6074786186218262,-1.8764357889722305e-07,0.6930029392242432,0.5820423364639282,-0.008322364650666714,0.682787299156189,0.5377810597419739,-0.0130403907969594,0.6959889531135559,0.5140991806983948,-0.018619421869516373,0.7127020955085754,0.5254831314086914,-0.022422922775149345,0.6939184069633484,0.48407649993896484,-0.0017596384277567267,0.6943591237068176,0.43549734354019165,-0.012332499027252197,0.692554235458374,0.46312415599823,-0.018890846520662308,0.6925849914550781,0.4896690845489502,-0.022141125053167343,0.7099198698997498,0.48466193675994873,-0.0030519769061356783,0.7116692066192627,0.4339388310909271,-0.013548334129154682,0.7084453105926514,0.4687582552433014,-0.01645992137491703,0.707184910774231,0.49492359161376953,-0.0158240869641304,0.7251276969909668,0.49276164174079895,-0.006491134408861399,0.7284194231033325,0.44470149278640747,-0.015375389717519283,0.722649097442627,0.4751209616661072,-0.013527869246900082,0.7201085686683655,0.5012222528457642,-0.009774060919880867,0.7402446866035461,0.5081513524055481,-0.011211132630705833,0.7408497929573059,0.47065049409866333,-0.017468128353357315,0.7343250513076782,0.48614680767059326,-0.01653149165213108,0.7306960225105286,0.5068021416664124,-0.014219308272004128
23,0.21719026565551758,0.34888285398483276,-1.5539744424586388e-07,0.19015397131443024,0.3201293349266052,-0.011090870015323162,0.17599381506443024,0.26451680064201355,-0.015316784381866455,0.18491464853286743,0.219234898686409,-0.020225970074534416,0.20182913541793823,0.21299931406974792,-0.0233427993953228,0.17883306741714478,0.20983430743217468,-0.0006152334972284734,0.17148229479789734,0.15244270861148834,-0.013026908971369267,0.16871830821037292,0.1525503695011139,-0.021003009751439095,0.17071661353111267,0.17492449283599854,-0.02447935938835144,0.19651955366134644,0.1985725313425064,-0.000866279995534569,0.19189685583114624,0.1309560388326645,-0.013927679508924484,0.1853925734758377,0.14486634731292725,-0.018872616812586784,0.18594065308570862,0.17929109930992126,-0.018446844071149826,0.21543478965759277,0.20006343722343445,-0.003903232980519533,0.21297135949134827,0.1374824047088623,-0.016027534380555153,0.20603598654270172,0.15080131590366364,-0.018519045785069466,0.2063644826412201,0.1839800775051117,-0.016255849972367287,0.23502328991889954,0.21084332466125488,-0.008371046744287014,0.23165103793144226,0.16517266631126404,-0.016988757997751236,0.22628940641880035,0.16856546700000763,-0.01940450631082058,0.22584940493106842,0.19317293167114258,-0.018618520349264145,0.7148844003677368,0.6086296439170837,-1.8456694306223653e-07,0.692884624004364,0.5820105075836182,-0.008771806955337524,0.6832544207572937,0.5374480485916138,-0.013834734447300434,0.6974208950996399,0.5150771737098694,-0.019650684669613838,0.7144396901130676,0.5274238586425781,-0.023757673799991608,0.694125771522522,0.4832340478897095,-0.002616577548906207,0.6946161985397339,0.43490028381347656,-0.01301688514649868,0.6929041147232056,0.4612599313259125,-0.01946801133453846,0.6926119327545166,0.4877031445503235,-0.022738900035619736,0.7102574110031128,0.4834764301776886,-0.003688812954351306,0.7120158076286316,0.43315476179122925,-0.014147123321890831,0.7087610960006714,0.46751415729522705,-0.017201462760567665,0.7070948481559753,0.4941561818122864,-0.016759587451815605,0.7254329919815063,0.49167290329933167,-0.006843451876193285,0.7281534671783447,0.44454240798950195,-0.015480795875191689,0.7228906750679016,0.4746885895729065,-0.014052273705601692,0.720249593257904,0.5007336139678955,-0.010735836811363697,0.7403411865234375,0.5071443915367126,-0.011310580186545849,0.7402183413505554,0.47042223811149597,-0.01740637794137001,0.7342164516448975,0.48536819219589233,-0.016808906570076942,0.7308405637741089,0.5050736665725708,-0.014862808398902416
24,0.21719026565551758,0.34888285398483276,-1.5539744424586388e-07,0.19015397131443024,0.3201293349266052,-0.011090870015323162,0.17599381506443024,0.26451680064201355,-0.015316784381866455,0.18491464853286743,0.219234898686409,-0.020225970074534416,0.20182913541793823,0.21299931406974792,-0.0233427993953228,0.17883306741714478,0.20983430743217468,-0.0006152334972284734,0.17148229479789734,0.15244270861148834,-0.013026908971369267,0.16871830821037292,0.1525503695011139,-0.021003009751439095,0.17071661353111267,0.17492449283599854,-0.02447935938835144,0.19651955366134644,0.1985725313425064,-0.000866279995534569,0.19189685583114624,0.1309560388326645,-0.013927679508924484,0.1853925734758377,0.14486634731292725,-0.018872616812586784,0.18594065308570862,0.17929109930992126,-0.018446844071149826,0.21543478965759277,0.20006343722343445,-0.003903232980519533,0.21297135949134827,0.1374824047088623,-0.016027534380555153,0.20603598654270172,0.15080131590366364,-0.018519045785069466,0.2063644826412201,0.1839800775051117,-0.016255849972367287,0.23502328991889954,0.21084332466125488,-0.008371046744287014,0.23165103793144226,0.16517266631126404,-0.016988757997751236,0.22628940641880035,0.16856546700000763,-0.01940450631082058,0.22584940493106842,0.19317293167114258,-0.018618520349264145,0.7148844003677368,0.6086296439170837,-1.8456694306223653e-07,0.692884624004364,0.5820105075836182,-0.008771806955337524,0.6832544207572937,0.5374480485916138,-0.013834734447300434,0.6974208950996399,0.5150771737098694,-0.019650684669613838,0.7144396901130676,0.5274238586425781,-0.023757673799991608,0.694125771522522,0.4832340478897095,-0.002616577548906207,0.6946161985397339,0.43490028381347656,-0.01301688514649868,0.6929041147232056,0.4612599313259125,-0.01946801133453846,0.6926119327545166,0.4877031445503235,-0.022738900035619736,0.7102574110031128,0.4834764301776886,-0.003688812954351306,0.7120158076286316,0.43315476179122925,-0.014147123321890831,0.7087610960006714,0.46751415729522705,-0.017201462760567665,0.7070948481559753,0.4941561818122864,-0.016759587451815605,0.7254329919815063,0.49167290329933167,-0.006843451876193285,0.7281534671783447,0.44454240798950195,-0.015480795875191689,0.7228906750679016,0.4746885895729065,-0.014052273705601692,0.720249593257904,0.5007336139678955,-0.010735836811363697,0.7403411865234375,0.5071443915367126,-0.011310580186545849,0.7402183413505554,0.47042223811149597,-0.01740637794137001,0.7342164516448975,0.48536819219589233,-0.016808906570076942,0.7308405637741089,0.5050736665725708,-0.014862808398902416
25,0.21656087040901184,0.3414003252983093,-1.870905066425621e-07,0.1880558431148529,0.31281864643096924,-0.010167643427848816,0.17354561388492584,0.2557075023651123,-0.013162270188331604,0.18391549587249756,0.21018646657466888,-0.01716829463839531,0.20355656743049622,0.20629556477069855,-0.019224906340241432,0.1795598864555359,0.20296144485473633,0.002185915596783161,0.17468833923339844,0.14847271144390106,-0.009158825501799583,0.16918867826461792,0.1521061807870865,-0.016341233626008034,0.16919197142124176,0.17535406351089478,-0.019288912415504456,0.19703616201877594,0.1930403858423233,0.00168497150298208,0.19398583471775055,0.12832070887088776,-0.009634356014430523,0.18580667674541473,0.14121180772781372,-0.013261250220239162,0.1854625642299652,0.17348040640354156,-0.012066264636814594,0.21517297625541687,0.19571827352046967,-0.0017592498334124684,0.2145470529794693,0.13663339614868164,-0.013033349998295307,0.20716799795627594,0.14947408437728882,-0.014255938120186329,0.2079065442085266,0.18202859163284302,-0.01100387517362833,0.2344156801700592,0.20680271089076996,-0.006730261258780956,0.23386786878108978,0.16102288663387299,-0.01501177717000246,0.22783292829990387,0.16095879673957825,-0.016839824616909027,0.2262812852859497,0.18290264904499054,-0.015454898588359356,0.7139037847518921,0.6088536977767944,-1.8498258214094676e-07,0.6922491788864136,0.5816380381584167,-0.008702079765498638,0.6831294298171997,0.5365703701972961,-0.013751678168773651,0.6979955434799194,0.5147733092308044,-0.0195121169090271,0.7152391672134399,0.5278112292289734,-0.023547913879156113,0.6937448978424072,0.48241329193115234,-0.0028089198749512434,0.6941902041435242,0.4344731569290161,-0.013367951847612858,0.6929078102111816,0.4626031816005707,-0.020020266994833946,0.6927961707115173,0.4892938435077667,-0.02346610277891159,0.7100669741630554,0.4827607274055481,-0.004000355955213308,0.7118878960609436,0.43220067024230957,-0.014370563440024853,0.7089083790779114,0.4673980176448822,-0.017323769629001617,0.7072504758834839,0.4935559034347534,-0.0169228482991457,0.7252040505409241,0.49144190549850464,-0.007276356220245361,0.7283595204353333,0.4448450207710266,-0.01595393195748329,0.7233887910842896,0.4752539396286011,-0.014482980594038963,0.7208296656608582,0.5007424354553223,-0.01118935365229845,0.7400355935096741,0.5075583457946777,-0.011856925673782825,0.7406225204467773,0.47098761796951294,-0.017935937270522118,0.7349500060081482,0.48622992634773254,-0.017224328592419624,0.731567919254303,0.5056779980659485,-0.01527168694883585
26,0.21516230702400208,0.34099483489990234,-1.8349382457927277e-07,0.187965527176857,0.3142431378364563,-0.011329642497003078,0.1738307625055313,0.2589583098888397,-0.015054456889629364,0.18328192830085754,0.20989346504211426,-0.019485896453261375,0.20247860252857208,0.19852013885974884,-0.02163013070821762,0.17822816967964172,0.20436520874500275,1.3256208148959558e-05,0.17311958968639374,0.1476789116859436,-0.0116743678227067,0.16838210821151733,0.1503337323665619,-0.01906261406838894,0.16908326745033264,0.17303821444511414,-0.02216263674199581,0.19646167755126953,0.1936323493719101,0.0002960928832180798,0.19306175410747528,0.12569256126880646,-0.01064071711152792,0.18615803122520447,0.13766905665397644,-0.014389782212674618,0.18640851974487305,0.16988573968410492,-0.013721083290874958,0.21518751978874207,0.19580772519111633,-0.0022755744867026806,0.21455219388008118,0.1323372721672058,-0.012992697767913342,0.20724156498908997,0.14461609721183777,-0.013795949518680573,0.2069246619939804,0.17734704911708832,-0.01074700616300106,0.2342706322669983,0.2069529891014099,-0.006477431859821081,0.23453976213932037,0.16091150045394897,-0.014584355056285858,0.22847826778888702,0.15650931000709534,-0.016737274825572968,0.22586040198802948,0.17456910014152527,-0.01583119109272957,0.7146686315536499,0.6089115738868713,-1.88522534472213e-07,0.6923484206199646,0.5817314982414246,-0.008746780455112457,0.6825559139251709,0.5366107225418091,-0.013819319196045399,0.6968690752983093,0.513839066028595,-0.019554775208234787,0.7141822576522827,0.5261203646659851,-0.023497043177485466,0.6931759119033813,0.48288002610206604,-0.002984338440001011,0.6937215328216553,0.43462783098220825,-0.013567580841481686,0.6924561262130737,0.4623447358608246,-0.020062489435076714,0.6923224329948425,0.4885055124759674,-0.023395728319883347,0.7098404765129089,0.4829784631729126,-0.004093454219400883,0.7116829752922058,0.43250957131385803,-0.014403748326003551,0.7087398767471313,0.46757107973098755,-0.01715829409658909,0.707137405872345,0.4932379126548767,-0.0166638121008873,0.7254235744476318,0.4912271499633789,-0.007291048299521208,0.7279932498931885,0.4448920488357544,-0.015866413712501526,0.7229697108268738,0.47539418935775757,-0.014083453454077244,0.7205140590667725,0.5003418922424316,-0.01065718661993742,0.7406856417655945,0.5068537592887878,-0.011792263016104698,0.7404143810272217,0.470725417137146,-0.017741279676556587,0.7347091436386108,0.48615792393684387,-0.016850750893354416,0.7316016554832458,0.5051659941673279,-0.01480170153081417
27,0.21516230702400208,0.34099483489990234,-1.8349382457927277e-07,0.187965527176857,0.3142431378364563,-0.011329642497003078,0.1738307625055313,0.2589583098888397,-0.015054456889629364,0.18328192830085754,0.20989346504211426,-0.019485896453261375,0.20247860252857208,0.19852013885974884,-0.02163013070821762,0.17822816967964172,0.20436520874500275,1.3256208148959558e-05,0.17311958968639374,0.1476789116859436,-0.0116743678227067,0.16838210821151733,0.1503337323665619,-0.01906261406838894,0.16908326745033264,0.17303821444511414,-0.02216263674199581,0.19646167755126953,0.1936323493719101,0.0002960928832180798,0.19306175410747528,0.12569256126880646,-0.01064071711152792,0.18615803122520447,0.13766905665397644,-0.014389782212674618,0.18640851974487305,0.16988573968410492,-0.013721083290874958,0.21518751978874207,0.19580772519111633,-0.0022755744867026806,0.21455219388008118,0.1323372721672058,-0.012992697767913342,0.20724156498908997,0.14461609721183777,-0.013795949518680573,0.2069246619939804,0.17734704911708832,-0.01074700616300106,0.2342706322669983,0.2069529891014099,-0.006477431859821081,0.23453976213932037,0.16091150045394897,-0.014584355056285858,0.22847826778888702,0.15650931000709534,-0.016737274825572968,0.22586040198802948,0.17456910014152527,-0.01583119109272957,0.7146686315536499,0.6089115738868713,-1.88522534472213e-07,0.6923484206199646,0.5817314982414246,-0.008746780455112457,0.6825559139251709,0.5366107225418091,-0.013819319196045399,0.6968690752983093,0.513839066028595,-0.019554775208234787,0.7141822576522827,0.5261203646659851,-0.023497043177485466,0.6931759119033813,0.48288002610206604,-0.002984338440001011,0.6937215328216553,0.43462783098220825,-0.013567580841481686,0.6924561262130737,0.4623447358608246,-0.020062489435076714,0.6923224329948425,0.4885055124759674,-0.023395728319883347,0.7098404765129089,0.4829784631729126,-0.004093454219400883,0.7116829752922058,0.43250957131385803,-0.014403748326003551,0.7087398767471313,0.46757107973098755,-0.01715829409658909,0.707137405872345,0.4932379126548767,-0.0166638121008873,0.7254235744476318,0.4912271499633789,-0.007291048299521208,0.7279932498931885,0.4448920488357544,-0.015866413712501526,0.7229697108268738,0.47539418935775757,-0.014083453454077244,0.7205140590667725,0.5003418922424316,-0.01065718661993742,0.7406856417655945,0.5068537592887878,-0.011792263016104698,0.7404143810272217,0.470725417137146,-0.017741279676556587,0.7347091436386108,0.48615792393684387,-0.016850750893354416,0.7316016554832458,0.5051659941673279,-0.01480170153081417
28,0.2160518318414688,0.3474425673484802,-1.7289072218318324e-07,0.1859009861946106,0.3133715093135834,-0.010472969152033329,0.17083671689033508,0.2517085671424866,-0.013875245116651058,0.18415036797523499,0.20482970774173737,-0.018128246068954468,0.2052156627178192,0.20977555215358734,-0.02054905891418457,0.1780838668346405,0.20281760394573212,0.0028179555665701628,0.1714755892753601,0.14640182256698608,-0.008797921240329742,0.16748212277889252,0.15205706655979156,-0.01721004769206047,0.16916631162166595,0.1783357709646225,-0.021146895363926888,0.1957002878189087,0.19166770577430725,0.002863376634195447,0.19262708723545074,0.12444067746400833,-0.007921312004327774,0.18603134155273438,0.13788318634033203,-0.012321374379098415,0.1866304576396942,0.17136359214782715,-0.012114177457988262,0.2139507383108139,0.1931292712688446,-4.2614195990609005e-05,0.21347026526927948,0.13384273648262024,-0.009804820641875267,0.20711518824100494,0.14751659333705902,-0.011729524470865726,0.2081858366727829,0.179885596036911,-0.00979564432054758,0.23327448964118958,0.20456764101982117,-0.00458719814196229,0.2314988374710083,0.1603659987449646,-0.0109969861805439,0.22652451694011688,0.16360104084014893,-0.012701575644314289,0.22636820375919342,0.18702906370162964,-0.011996639892458916,0.7159980535507202,0.6045536398887634,-1.9255776351201348e-07,0.6929958462715149,0.5791876912117004,-0.00839714240282774,0.681549608707428,0.5348554849624634,-0.01287323422729969,0.6949177980422974,0.5099151730537415,-0.018089063465595245,0.7121284008026123,0.5217800736427307,-0.02160402201116085,0.6928966045379639,0.4817371070384979,-0.001270077656954527,0.6924617290496826,0.43538543581962585,-0.011477690190076828,0.6910883188247681,0.46215349435806274,-0.01795797236263752,0.6916253566741943,0.4882545471191406,-0.021363545209169388,0.7093369960784912,0.48097795248031616,-0.002328029368072748,0.710150420665741,0.4316200017929077,-0.012529856525361538,0.7069006562232971,0.46671950817108154,-0.015266172587871552,0.7059718370437622,0.49289071559906006,-0.014585929922759533,0.724767804145813,0.48861169815063477,-0.005548515822738409,0.7264952659606934,0.44296807050704956,-0.014443732798099518,0.7209251523017883,0.47396132349967957,-0.012596058659255505,0.7188608646392822,0.4996790289878845,-0.00888154748827219,0.7400810718536377,0.5043842792510986,-0.010036409832537174,0.7393695712089539,0.4679986834526062,-0.01652171090245247,0.7329230308532715,0.4842659831047058,-0.01569381169974804,0.7297382950782776,0.5045468211174011,-0.01345832645893097
29,0.21039965748786926,0.3413797616958618,-1.687641031367093e-07,0.18124419450759888,0.31101512908935547,-0.0091744689270854,0.16738344728946686,0.25197479128837585,-0.011238852515816689,0.17999964952468872,0.20861077308654785,-0.014210314489901066,0.20015425980091095,0.20662729442119598,-0.015449736267328262,0.1744752675294876,0.20512472093105316,0.0033499763812869787,0.16851374506950378,0.15507592260837555,-0.007313988171517849,0.1616595834493637,0.15643124282360077,-0.014697149395942688,0.16025979816913605,0.1789996474981308,-0.017772911116480827,0.19139640033245087,0.19376018643379211,0.003169627394527197,0.18832305073738098,0.1307775378227234,-0.006903686095029116,0.17830167710781097,0.13706642389297485,-0.010497666895389557,0.17514130473136902,0.16716524958610535,-0.009630704298615456,0.20887406170368195,0.19540899991989136,0.00017715629655867815,0.20821096003055573,0.13709087669849396,-0.009984214790165424,0.19950443506240845,0.14607152342796326,-0.01207320298999548,0.198271244764328,0.17786291241645813,-0.009826180525124073,0.22747519612312317,0.20680928230285645,-0.004177917260676622,0.22596441209316254,0.16328634321689606,-0.012331352569162846,0.21936264634132385,0.1606639325618744,-0.014939676970243454,0.21721206605434418,0.18090827763080597,-0.014253663830459118,0.7151744961738586,0.6041393280029297,-2.0195166428038647e-07,0.6921783685684204,0.577975869178772,-0.008667153306305408,0.6810890436172485,0.5337174534797668,-0.013392454013228416,0.6953277587890625,0.5102615356445312,-0.018662819638848305,0.7127609252929688,0.5239814519882202,-0.02204008772969246,0.6916534304618835,0.4797353148460388,-0.0026335683651268482,0.6914281249046326,0.43298056721687317,-0.012869572266936302,0.6902924180030823,0.4618910253047943,-0.01903432607650757,0.6903388500213623,0.4885921776294708,-0.02227584831416607,0.7085762619972229,0.47904881834983826,-0.0035580014809966087,0.7097130417823792,0.42942339181900024,-0.013487865217030048,0.7067458033561707,0.4667050242424011,-0.015758737921714783,0.7052574753761292,0.4921906590461731,-0.01504992414265871,0.7241094708442688,0.4871197044849396,-0.0065743508748710155,0.7261095643043518,0.44238096475601196,-0.015059377066791058,0.7213000059127808,0.47451502084732056,-0.012805399484932423,0.7191348671913147,0.49924349784851074,-0.009162595495581627,0.7394702434539795,0.5035046339035034,-0.010880240239202976,0.7386894226074219,0.4679095149040222,-0.016900788992643356,0.7333579063415527,0.4846455752849579,-0.015841742977499962,0.7306706309318542,0.5035250782966614,-0.013727077282965183
30,0.21318581700325012,0.3473305404186249,-1.7720499556617142e-07,0.18441784381866455,0.3211868405342102,-0.012054110877215862,0.16804713010787964,0.2592427730560303,-0.015506337396800518,0.1769261211156845,0.2113528996706009,-0.019453002139925957,0.19643592834472656,0.20680107176303864,-0.021489093080163002,0.17497380077838898,0.2075349986553192,0.0006163437501527369,0.16681960225105286,0.15319323539733887,-0.010909836739301682,0.16002315282821655,0.1578885018825531,-0.01837361976504326,0.1606285125017166,0.18403485417366028,-0.021534398198127747,0.19114576280117035,0.19589264690876007,0.0013406164944171906,0.18553896248340607,0.1315373182296753,-0.010454022325575352,0.17478451132774353,0.1439688801765442,-0.014709009788930416,0.17465032637119293,0.17871563136577606,-0.013918538577854633,0.20881494879722595,0.19718998670578003,-0.0010094621684402227,0.205214262008667,0.13717886805534363,-0.012584060430526733,0.1953139752149582,0.1502375602722168,-0.015674130991101265,0.196548730134964,0.18429747223854065,-0.013876319862902164,0.22794495522975922,0.20771241188049316,-0.00488779554143548,0.22272251546382904,0.16246071457862854,-0.013594970107078552,0.21534286439418793,0.16689009964466095,-0.016606075689196587,0.21576091647148132,0.1940605640411377,-0.016242383047938347,0.7136428952217102,0.6041348576545715,-2.1467543831477087e-07,0.6913300156593323,0.5769786238670349,-0.007604175712913275,0.6813561916351318,0.5329645872116089,-0.011763647198677063,0.6955706477165222,0.5091527104377747,-0.016834812238812447,0.7125828862190247,0.5227672457695007,-0.02005593664944172,0.6908517479896545,0.48135682940483093,-0.0010364929912611842,0.6909989714622498,0.4342903196811676,-0.010933966375887394,0.689354658126831,0.4637921154499054,-0.016952967271208763,0.6896666288375854,0.4900580942630768,-0.02014651708304882,0.7074729204177856,0.48082342743873596,-0.0024817585945129395,0.709147036075592,0.4292958974838257,-0.012404373846948147,0.7059061527252197,0.4662613868713379,-0.014680493623018265,0.7045612335205078,0.4923664331436157,-0.01387687399983406,0.7229911684989929,0.48855170607566833,-0.005977517459541559,0.7255130410194397,0.44183170795440674,-0.014255208894610405,0.7205429077148438,0.4734274744987488,-0.011904195882380009,0.7186236381530762,0.4985909163951874,-0.008156990632414818,0.738437294960022,0.5042982697486877,-0.010726495645940304,0.7388293743133545,0.46722424030303955,-0.016278672963380814,0.7330725789070129,0.4832530617713928,-0.014980005100369453,0.7300116419792175,0.5028353929519653,-0.012767410837113857
31,0.21318581700325012,0.3473305404186249,-1.7720499556617142e-07,0.18441784381866455,0.3211868405342102,-0.012054110877215862,0.16804713010787964,0.2592427730560303,-0.015506337396800518,0.1769261211156845,0.2113528996706009,-0.019453002139925957,0.19643592834472656,0.20680107176303864,-0.021489093080163002,0.17497380077838898,0.2075349986553192,0.0006163437501527369,0.16681960225105286,0.15319323539733887,-0.010909836739301682,0.16002315282821655,0.1578885018825531,-0.01837361976504326,0.1606285125017166,0.18403485417366028,-0.021534398198127747,0.19114576280117035,0.19589264690876007,0.0013406164944171906,0.18553896248340607,0.1315373182296753,-0.010454022325575352,0.17478451132774353,0.1439688801765442,-0.014709009788930416,0.17465032637119293,0.17871563136577606,-0.013918538577854633,0.20881494879722595,0.19718998670578003,-0.0010094621684402227,0.205214262008667,0.13717886805534363,-0.012584060430526733,0.1953139752149582,0.1502375602722168,-0.015674130991101265,0.196548730134964,0.18429747223854065,-0.013876319862902164,0.22794495522975922,0.20771241188049316,-0.00488779554143548,0.22272251546382904,0.16246071457862854,-0.013594970107078552,0.21534286439418793,0.16689009964466095,-0.016606075689196587,0.21576091647148132,0.1940605640411377,-0.016242383047938347,0.7136428952217102,0.6041348576545715,-2.1467543831477087e-07,0.6913300156593323,0.5769786238670349,-0.007604175712913275,0.6813561916351318,0.5329645872116089,-0.011763647198677063,0.6955706477165222,0.5091527104377747,-0.016834812238812447,0.7125828862190247,0.5227672457695007,-0.02005593664944172,0.6908517479896545,0.48135682940483093,-0.0010364929912611842,0.6909989714622498,0.4342903196811676,-0.010933966375887394,0.689354658126831,0.4637921154499054,-0.016952967271208763,0.6896666288375854,0.4900580942630768,-0.02014651708304882,0.7074729204177856,0.48082342743873596,-0.0024817585945129395,0.709147036075592,0.4292958974838257,-0.012404373846948147,0.7059061527252197,0.4662613868713379,-0.014680493623018265,0.7045612335205078,0.4923664331436157,-0.01387687399983406,0.7229911684989929,0.48855170607566833,-0.005977517459541559,0.7255130410194397,0.44183170795440674,-0.014255208894610405,0.7205429077148438,0.4734274744987488,-0.011904195882380009,0.7186236381530762,0.4985909163951874,-0.008156990632414818,0.738437294960022,0.5042982697486877,-0.010726495645940304,0.7388293743133545,0.46722424030303955,-0.016278672963380814,0.7330725789070129,0.4832530617713928,-0.014980005100369453,0.7300116419792175,0.5028353929519653,-0.012767410837113857
32,0.2110174149274826,0.3524530827999115,-1.9325507594203373e-07,0.18170160055160522,0.3233577013015747,-0.011455055326223373,0.16580483317375183,0.2600589990615845,-0.014217793010175228,0.17606425285339355,0.21283717453479767,-0.01752599887549877,0.1955394446849823,0.2160976529121399,-0.018900588154792786,0.17239198088645935,0.20912618935108185,0.0010186313884332776,0.16472426056861877,0.15449237823486328,-0.0103994095697999,0.15810006856918335,0.15812912583351135,-0.017461106181144714,0.15885984897613525,0.18278390169143677,-0.020562484860420227,0.18953494727611542,0.19812960922718048,0.0014569583581760526,0.184487447142601,0.1344020664691925,-0.01062675379216671,0.17416074872016907,0.14817772805690765,-0.013967596925795078,0.17380481958389282,0.18233531713485718,-0.012326657772064209,0.20746247470378876,0.2002030462026596,-0.0011736575979739428,0.20429062843322754,0.14206337928771973,-0.012849720194935799,0.19498755037784576,0.15675301849842072,-0.014276671223342419,0.19600501656532288,0.1904175728559494,-0.011128941550850868,0.22649355232715607,0.2115534394979477,-0.005441253539174795,0.2211143672466278,0.16811007261276245,-0.014962145127356052,0.21476061642169952,0.17299634218215942,-0.017872583121061325,0.2152145504951477,0.19917045533657074,-0.0171353742480278,0.7133491039276123,0.6038293838500977,-1.914397671498591e-07,0.6910458207130432,0.5767948627471924,-0.008510197512805462,0.6805259585380554,0.5326578617095947,-0.013589520007371902,0.6948292851448059,0.5105386972427368,-0.01937459595501423,0.7118608951568604,0.5243993997573853,-0.023396877571940422,0.6912383437156677,0.4789438545703888,-0.002531069330871105,0.6910169720649719,0.43230459094047546,-0.013153730891644955,0.6897037029266357,0.4614385962486267,-0.01963014341890812,0.6899653077125549,0.48746588826179504,-0.02299320138990879,0.7078213095664978,0.4790732264518738,-0.003824473125860095,0.708742082118988,0.4294534921646118,-0.014235961250960827,0.7059519290924072,0.46543610095977783,-0.016863686963915825,0.7047147154808044,0.490800678730011,-0.016211286187171936,0.7234326004981995,0.4874011278152466,-0.0072497716173529625,0.7250730395317078,0.44259554147720337,-0.016222665086388588,0.7200419306755066,0.4741332232952118,-0.01438263338059187,0.7179169058799744,0.4989272952079773,-0.010732028633356094,0.7389417290687561,0.5032512545585632,-0.01193950418382883,0.7381592988967896,0.4671784043312073,-0.018197115510702133,0.7323592305183411,0.4835509955883026,-0.017266934737563133,0.7295190095901489,0.5028432011604309,-0.015074231661856174
33,0.20832975208759308,0.35855790972709656,-2.1257217497350211e-07,0.18001899123191833,0.3248552083969116,-0.010415310971438885,0.16600266098976135,0.2603467106819153,-0.012576020322740078,0.1768401563167572,0.21553196012973785,-0.015368504449725151,0.19549626111984253,0.21685084700584412,-0.016430946066975594,0.17138507962226868,0.21060699224472046,0.0028998898342251778,0.16368018090724945,0.155599907040596,-0.007493831682950258,0.15807722508907318,0.16079938411712646,-0.014303041622042656,0.1586487591266632,0.18649326264858246,-0.017296534031629562,0.18852432072162628,0.20086178183555603,0.003081447910517454,0.18299126625061035,0.13793164491653442,-0.007669872138649225,0.1739760935306549,0.15414071083068848,-0.01124305184930563,0.1736249178647995,0.187966987490654,-0.010270536877214909,0.20698338747024536,0.20345836877822876,0.00027758959913626313,0.2031431645154953,0.14519430696964264,-0.010142264887690544,0.19504414498806,0.16276654601097107,-0.01217928621917963,0.1959667205810547,0.19619230926036835,-0.010147538036108017,0.2264997959136963,0.21586111187934875,-0.004039006773382425,0.22036035358905792,0.17108485102653503,-0.012006077915430069,0.2147199511528015,0.1791471242904663,-0.014310718514025211,0.21568013727664948,0.2052827924489975,-0.013825438916683197,0.7132501006126404,0.6032654047012329,-1.9407163165396923e-07,0.6911510229110718,0.576661229133606,-0.008038514293730259,0.6805098652839661,0.5328342318534851,-0.012680115178227425,0.694775402545929,0.5097223520278931,-0.018122123554348946,0.7120765447616577,0.5232176184654236,-0.02194538526237011,0.6910992860794067,0.4799502491950989,-0.0014979050029069185,0.6904477477073669,0.43394261598587036,-0.01188822090625763,0.6891551613807678,0.46161121129989624,-0.018304284662008286,0.6898205280303955,0.4876325726509094,-0.021624408662319183,0.707499623298645,0.47953659296035767,-0.0029309913516044617,0.7082803249359131,0.4301378130912781,-0.013339710421860218,0.705368161201477,0.4654166102409363,-0.016066886484622955,0.7045482397079468,0.49112430214881897,-0.015347547829151154,0.7229977250099182,0.48736992478370667,-0.006487447302788496,0.7249338626861572,0.4415493607521057,-0.015497047454118729,0.7196344137191772,0.472784161567688,-0.013699078001081944,0.7177507281303406,0.49771401286125183,-0.009997986257076263,0.7383949160575867,0.5031696557998657,-0.011258107610046864,0.7375896573066711,0.4665586054325104,-0.017624402418732643,0.731464147567749,0.4832586646080017,-0.016716888174414635,0.7287484407424927,0.5030108094215393,-0.014473379589617252
34,0.20818299055099487,0.3574182987213135,-2.1013742923514656e-07,0.1787746250629425,0.32578957080841064,-0.0109193604439497,0.16461580991744995,0.26186075806617737,-0.012755903415381908,0.17623743414878845,0.21710319817066193,-0.015203976072371006,0.19503720104694366,0.21721698343753815,-0.015818018466234207,0.17039723694324493,0.21119916439056396,0.002943547209724784,0.1631544828414917,0.15560773015022278,-0.007518822327256203,0.15685802698135376,0.15975888073444366,-0.014307747595012188,0.1573614776134491,0.1854655146598816,-0.01723533496260643,0.18773682415485382,0.2013120800256729,0.00341196171939373,0.18295958638191223,0.13820761442184448,-0.007652057334780693,0.1729137897491455,0.15106654167175293,-0.011413768865168095,0.17194943130016327,0.18502193689346313,-0.010436772368848324,0.2060922086238861,0.2038983851671219,0.0007595854694955051,0.2028903365135193,0.14497146010398865,-0.010259047150611877,0.19395315647125244,0.15841564536094666,-0.012813037261366844,0.19443032145500183,0.19189204275608063,-0.010833214037120342,0.22534136474132538,0.2159271091222763,-0.0034509538672864437,0.21959520876407623,0.1710987091064453,-0.012122150510549545,0.21346771717071533,0.1759001612663269,-0.015156341716647148,0.21404120326042175,0.20187906920909882,-0.014958384446799755,0.7128937840461731,0.604443371295929,-1.9313226573558495e-07,0.6911032795906067,0.5773924589157104,-0.0083888815715909,0.6806924343109131,0.5334638953208923,-0.01327386312186718,0.6950435042381287,0.5105017423629761,-0.018902745097875595,0.7121239304542542,0.5235574245452881,-0.02287750132381916,0.6909663677215576,0.4800758957862854,-0.0019714704249054193,0.6907746195793152,0.4333813488483429,-0.012386435642838478,0.6894095540046692,0.4613224267959595,-0.018891464918851852,0.6900071501731873,0.4872139096260071,-0.022342197597026825,0.7075203657150269,0.4796164631843567,-0.0033276877366006374,0.708556592464447,0.4296606779098511,-0.013757935725152493,0.7055380940437317,0.4650615453720093,-0.01660509593784809,0.7046539783477783,0.490790992975235,-0.01603289134800434,0.7230682969093323,0.4875669479370117,-0.006806499790400267,0.7250596880912781,0.4415593147277832,-0.01585177518427372,0.7197114825248718,0.47270652651786804,-0.014193759299814701,0.7177776098251343,0.4979126751422882,-0.0106181800365448,0.7383534908294678,0.5033901929855347,-0.011532409116625786,0.737856924533844,0.4666932225227356,-0.01793675683438778,0.7315945625305176,0.4832325577735901,-0.01709330454468727,0.7287377715110779,0.5032959580421448,-0.01491823885589838
35,0.20818299055099487,0.3574182987213135,-2.1013742923514656e-07,0.1787746250629425,0.32578957080841064,-0.0109193604439497,0.16461580991744995,0.26186075806617737,-0.012755903415381908,0.17623743414878845,0.21710319817066193,-0.015203976072371006,0.19503720104694366,0.21721698343753815,-0.015818018466234207,0.17039723694324493,0.21119916439056396,0.002943547209724784,0.1631544828414917,0.15560773015022278,-0.007518822327256203,0.15685802698135376,0.15975888073444366,-0.014307747595012188,0.1573614776134491,0.1854655146598816,-0.01723533496260643,0.18773682415485382,0.2013120800256729,0.00341196171939373,0.18295958638191223,0.13820761442184448,-0.007652057334780693,0.1729137897491455,0.15106654167175293,-0.011413768865168095,0.17194943130016327,0.18502193689346313,-0.010436772368848324,0.2060922086238861,0.2038983851671219,0.0007595854694955051,0.2028903365135193,0.14497146010398865,-0.010259047150611877,0.19395315647125244,0.15841564536094666,-0.012813037261366844,0.19443032145500183,0.19189204275608063,-0.010833214037120342,0.22534136474132538,0.2159271091222763,-0.0034509538672864437,0.21959520876407623,0.1710987091064453,-0.012122150510549545,0.21346771717071533,0.1759001612663269,-0.015156341716647148,0.21404120326042175,0.20187906920909882,-0.014958384446799755,0.7128937840461731,0.604443371295929,-1.9313226573558495e-07,0.6911032795906067,0.5773924589157104,-0.0083888815715909,0.6806924343109131,0.5334638953208923,-0.01327386312186718,0.6950435042381287,0.5105017423629761,-0.018902745097875595,0.7121239304542542,0.5235574245452881,-0.02287750132381916,0.6909663677215576,0.4800758957862854,-0.0019714704249054193,0.6907746195793152,0.4333813488483429,-0.012386435642838478,0.6894095540046692,0.4613224267959595,-0.018891464918851852,0.6900071501731873,0.4872139096260071,-0.022342197597026825,0.7075203657150269,0.4796164631843567,-0.0033276877366006374,0.708556592464447,0.4296606779098511,-0.013757935725152493,0.7055380940437317,0.4650615453720093,-0.01660509593784809,0.7046539783477783,0.490790992975235,-0.01603289134800434,0.7230682969093323,0.4875669479370117,-0.006806499790400267,0.7250596880912781,0.4415593147277832,-0.01585177518427372,0.7197114825248718,0.47270652651786804,-0.014193759299814701,0.7177776098251343,0.4979126751422882,-0.0106181800365448,0.7383534908294678,0.5033901929855347,-0.011532409116625786,0.737856924533844,0.4666932225227356,-0.01793675683438778,0.7315945625305176,0.4832325577735901,-0.01709330454468727,0.7287377715110779,0.5032959580421448,-0.01491823885589838
36,0.20494753122329712,0.35829365253448486,-1.9953091623392538e-07,0.17697420716285706,0.3265243470668793,-0.009798749350011349,0.16217803955078125,0.26263153553009033,-0.012295505963265896,0.1699298620223999,0.2128986269235611,-0.01575465314090252,0.1866517812013626,0.2092626541852951,-0.017573118209838867,0.16696983575820923,0.21147678792476654,0.0030583806801587343,0.15943636000156403,0.15766751766204834,-0.007595533039420843,0.15512268245220184,0.15939103066921234,-0.015157151967287064,0.15606549382209778,0.18304987251758575,-0.018891198560595512,0.1846742480993271,0.20034199953079224,0.0023295010905712843,0.17797121405601501,0.13646167516708374,-0.007884969934821129,0.17056086659431458,0.14764812588691711,-0.012322523631155491,0.17043736577033997,0.18072514235973358,-0.012559222988784313,0.20362502336502075,0.20289583504199982,-0.0012973318807780743,0.19857600331306458,0.14381802082061768,-0.01212089229375124,0.192483052611351,0.15735527873039246,-0.015045692212879658,0.19383597373962402,0.1916274130344391,-0.013893980532884598,0.22325710952281952,0.21524730324745178,-0.006329725496470928,0.2167416363954544,0.17147116363048553,-0.015349955298006535,0.2118140161037445,0.17607930302619934,-0.018434330821037292,0.21254797279834747,0.20160724222660065,-0.018528243526816368,0.7128829956054688,0.604362964630127,-2.1535818461870804e-07,0.6905120611190796,0.5777849555015564,-0.00821775197982788,0.6802918910980225,0.5324348211288452,-0.012750127352774143,0.6949491500854492,0.5086620450019836,-0.018025485798716545,0.7125198841094971,0.5222949981689453,-0.021439503878355026,0.690366804599762,0.4797033369541168,-0.001867339015007019,0.6908209323883057,0.43263110518455505,-0.012103723362088203,0.6891142725944519,0.46223875880241394,-0.018394306302070618,0.6890099048614502,0.48885756731033325,-0.02175222523510456,0.7072281241416931,0.4793020784854889,-0.0030622081831097603,0.7086174488067627,0.4284399151802063,-0.013052552007138729,0.7054288387298584,0.4654284119606018,-0.01542614959180355,0.703972578048706,0.4915687143802643,-0.014708694070577621,0.7229068875312805,0.48726314306259155,-0.006355400662869215,0.7247932553291321,0.4410178065299988,-0.014674208126962185,0.719840407371521,0.4732550382614136,-0.012415102683007717,0.7178623676300049,0.49860233068466187,-0.00876812543720007,0.738507091999054,0.5033777952194214,-0.01093690562993288,0.7375415563583374,0.46640461683273315,-0.016690542921423912,0.7318717241287231,0.48321300745010376,-0.015525184571743011,0.7292004227638245,0.5027905106544495,-0.013371407054364681
37,0.20494753122329712,0.35829365253448486,-1.9953091623392538e-07,0.17697420716285706,0.3265243470668793,-0.009798749350011349,0.16217803955078125,0.26263153553009033,-0.012295505963265896,0.1699298620223999,0.2128986269235611,-0.01575465314090252,0.1866517812013626,0.2092626541852951,-0.017573118209838867,0.16696983575820923,0.21147678792476654,0.0030583806801587343,0.15943636000156403,0.15766751766204834,-0.007595533039420843,0.15512268245220184,0.15939103066921234,-0.015157151967287064,0.15606549382209778,0.18304987251758575,-0.018891198560595512,0.1846742480993271,0.20034199953079224,0.0023295010905712843,0.17797121405601501,0.13646167516708374,-0.007884969934821129,0.17056086659431458,0.14764812588691711,-0.012322523631155491,0.17043736577033997,0.18072514235973358,-0.012559222988784313,0.20362502336502075,0.20289583504199982,-0.0012973318807780743,0.19857600331306458,0.14381802082061768,-0.01212089229375124,0.192483052611351,0.15735527873039246,-0.015045692212879658,0.19383597373962402,0.1916274130344391,-0.013893980532884598,0.22325710952281952,0.21524730324745178,-0.006329725496470928,0.2167416363954544,0.17147116363048553,-0.015349955298006535,0.2118140161037445,0.17607930302619934,-0.018434330821037292,0.21254797279834747,0.20160724222660065,-0.018528243526816368,0.7128829956054688,0.604362964630127,-2.1535818461870804e-07,0.6905120611190796,0.5777849555015564,-0.00821775197982788,0.6802918910980225,0.5324348211288452,-0.012750127352774143,0.6949491500854492,0.5086620450019836,-0.018025485798716545,0.7125198841094971,0.5222949981689453,-0.021439503878355026,0.690366804599762,0.4797033369541168,-0.001867339015007019,0.6908209323883057,0.43263110518455505,-0.012103723362088203,0.6891142725944519,0.46223875880241394,-0.018394306302070618,0.6890099048614502,0.48885756731033325,-0.02175222523510456,0.7072281241416931,0.4793020784854889,-0.0030622081831097603,0.7086174488067627,0.4284399151802063,-0.013052552007138729,0.7054288387298584,0.4654284119606018,-0.01542614959180355,0.703972578048706,0.4915687143802643,-0.014708694070577621,0.7229068875312805,0.48726314306259155,-0.006355400662869215,0.7247932553291321,0.4410178065299988,-0.014674208126962185,0.719840407371521,0.4732550382614136,-0.012415102683007717,0.7178623676300049,0.49860233068466187,-0.00876812543720007,0.738507091999054,0.5033777952194214,-0.01093690562993288,0.7375415563583374,0.46640461683273315,-0.016690542921423912,0.7318717241287231,0.48321300745010376,-0.015525184571743011,0.7292004227638245,0.5027905106544495,-0.013371407054364681
38,0.20346210896968842,0.3536640405654907,-1.9260475880855665e-07,0.17529700696468353,0.325041264295578,-0.012066753581166267,0.15931527316570282,0.2606211006641388,-0.015477812848985195,0.1680184155702591,0.20982621610164642,-0.019398080185055733,0.1868075430393219,0.206681028008461,-0.021473288536071777,0.16520115733146667,0.21011343598365784,0.002002759138122201,0.15540170669555664,0.15466082096099854,-0.008862881921231747,0.15245486795902252,0.16181516647338867,-0.01673671044409275,0.15491805970668793,0.18799042701721191,-0.020734788849949837,0.18280476331710815,0.19871468842029572,0.0027156274300068617,0.17525261640548706,0.13448160886764526,-0.008066241629421711,0.16792461276054382,0.15019993484020233,-0.0130146574229002,0.16901516914367676,0.18388797342777252,-0.01362382061779499,0.2016361802816391,0.2000037580728531,0.00032385947997681797,0.19635523855686188,0.1388741433620453,-0.010460974648594856,0.18873891234397888,0.15354055166244507,-0.013818572275340557,0.18990318477153778,0.18688669800758362,-0.013056166470050812,0.22133134305477142,0.210889533162117,-0.0036922956351190805,0.21401722729206085,0.16541935503482819,-0.011853750795125961,0.2085561454296112,0.17085367441177368,-0.01509980857372284,0.20999595522880554,0.19633567333221436,-0.015626657754182816,0.7126319408416748,0.6036431789398193,-2.0592473504166264e-07,0.6905683875083923,0.577276885509491,-0.008638132363557816,0.6802759170532227,0.5322155356407166,-0.013350088149309158,0.6946107149124146,0.508922815322876,-0.01877107471227646,0.7123627662658691,0.521819531917572,-0.02234310656785965,0.6908265352249146,0.4797739088535309,-0.0023659532889723778,0.690902590751648,0.43193620443344116,-0.013019286096096039,0.6896923780441284,0.46078503131866455,-0.019542740657925606,0.6899091601371765,0.4877496659755707,-0.022907257080078125,0.7075241804122925,0.4797445833683014,-0.0033473263029009104,0.7088801860809326,0.4281383454799652,-0.013740018010139465,0.7056934833526611,0.4649670124053955,-0.016374267637729645,0.704433262348175,0.4915016293525696,-0.015705637633800507,0.7230201959609985,0.48805058002471924,-0.0064677949994802475,0.7254358530044556,0.4408392906188965,-0.015292156487703323,0.7200326323509216,0.47248321771621704,-0.013337766751646996,0.7177845239639282,0.4984031617641449,-0.009691540151834488,0.7383630871772766,0.5042799711227417,-0.010881239548325539,0.7378029823303223,0.46655869483947754,-0.01721237786114216,0.7317804098129272,0.4819639325141907,-0.016425183042883873,0.7286337018013,0.5017225742340088,-0.014354877173900604
39,0.20346210896968842,0.3536640405654907,-1.9260475880855665e-07,0.17529700696468353,0.325041264295578,-0.012066753581166267,0.15931527316570282,0.2606211006641388,-0.015477812848985195,0.1680184155702591,0.20982621610164642,-0.019398080185055733,0.1868075430393219,0.206681028008461,-0.021473288536071777,0.16520115733146667,0.21011343598365784,0.002002759138122201,0.15540170669555664,0.15466082096099854,-0.008862881921231747,0.15245486795902252,0.16181516647338867,-0.01673671044409275,0.15491805970668793,0.18799042701721191,-0.020734788849949837,0.18280476331710815,0.19871468842029572,0.0027156274300068617,0.17525261640548706,0.13448160886764526,-0.008066241629421711,0.16792461276054382,0.15019993484020233,-0.0130146574229002,0.16901516914367676,0.18388797342777252,-0.01362382061779499,0.2016361802816391,0.2000037580728531,0.00032385947997681797,0.19635523855686188,0.1388741433620453,-0.010460974648594856,0.18873891234397888,0.15354055166244507,-0.013818572275340557,0.18990318477153778,0.18688669800758362,-0.013056166470050812,0.22133134305477142,0.210889533162117,-0.0036922956351190805,0.21401722729206085,0.16541935503482819,-0.011853750795125961,0.2085561454296112,0.17085367441177368,-0.01509980857372284,0.20999595522880554,0.19633567333221436,-0.015626657754182816,0.7126319408416748,0.6036431789398193,-2.0592473504166264e-07,0.6905683875083923,0.577276885509491,-0.008638132363557816,0.6802759170532227,0.5322155356407166,-0.013350088149309158,0.6946107149124146,0.508922815322876,-0.01877107471227646,0.7123627662658691,0.521819531917572,-0.02234310656785965,0.6908265352249146,0.4797739088535309,-0.0023659532889723778,0.690902590751648,0.43193620443344116,-0.013019286096096039,0.6896923780441284,0.46078503131866455,-0.019542740657925606,0.6899091601371765,0.4877496659755707,-0.022907257080078125,0.7075241804122925,0.4797445833683014,-0.0033473263029009104,0.7088801860809326,0.4281383454799652,-0.013740018010139465,0.7056934833526611,0.4649670124053955,-0.016374267637729645,0.704433262348175,0.4915016293525696,-0.015705637633800507,0.7230201959609985,0.48805058002471924,-0.0064677949994802475,0.7254358530044556,0.4408392906188965,-0.015292156487703323,0.7200326323509216,0.47248321771621704,-0.013337766751646996,0.7177845239639282,0.4984031617641449,-0.009691540151834488,0.7383630871772766,0.5042799711227417,-0.010881239548325539,0.7378029823303223,0.46655869483947754,-0.01721237786114216,0.7317804098129272,0.4819639325141907,-0.016425183042883873,0.7286337018013,0.5017225742340088,-0.014354877173900604
40,0.20260077714920044,0.36079108715057373,-2.099133098454331e-07,0.1737232208251953,0.3306807279586792,-0.011465014889836311,0.15740719437599182,0.2676636576652527,-0.01517107617110014,0.16533860564231873,0.2184709757566452,-0.019727448001503944,0.1842688024044037,0.21771317720413208,-0.02264656312763691,0.1667160838842392,0.2142035961151123,0.003586838487535715,0.15782493352890015,0.16262394189834595,-0.007708582561463118,0.1506512612104416,0.16642460227012634,-0.016089068725705147,0.15063248574733734,0.19185715913772583,-0.020372984930872917,0.18353524804115295,0.2031496912240982,0.0034251685719937086,0.17643079161643982,0.14246943593025208,-0.007763214409351349,0.16597355902194977,0.1550508439540863,-0.012836094945669174,0.1653059720993042,0.18820378184318542,-0.013256984762847424,0.20155012607574463,0.20524781942367554,5.048282037023455e-05,0.19597166776657104,0.14829477667808533,-0.011011217720806599,0.1868046671152115,0.16295388340950012,-0.013755468651652336,0.18803448975086212,0.1962316483259201,-0.012370740063488483,0.22073616087436676,0.21729114651679993,-0.004963219165802002,0.21315565705299377,0.1713433861732483,-0.013111014850437641,0.20611080527305603,0.1793610155582428,-0.015184459276497364,0.2068670094013214,0.20669496059417725,-0.014660363085567951,0.7126531004905701,0.6039812564849854,-2.1464352073508053e-07,0.6904099583625793,0.5768460035324097,-0.008176276460289955,0.6808903813362122,0.5315264463424683,-0.012474778108298779,0.6960017085075378,0.5086398720741272,-0.017471738159656525,0.713460385799408,0.5226907730102539,-0.020586568862199783,0.6904733180999756,0.48018893599510193,-0.001706224400550127,0.6906857490539551,0.4327038526535034,-0.011924343183636665,0.6893925666809082,0.46195703744888306,-0.018283560872077942,0.6894943118095398,0.4885341227054596,-0.021681303158402443,0.7074165940284729,0.4795140027999878,-0.0027384869754314423,0.708609938621521,0.4283115565776825,-0.012648834846913815,0.7055297493934631,0.46513810753822327,-0.01503645721822977,0.704181432723999,0.49102482199668884,-0.014368405565619469,0.7229824662208557,0.48727113008499146,-0.005867233499884605,0.7249369621276855,0.44113269448280334,-0.014088868163526058,0.7199684381484985,0.4727368950843811,-0.01184509415179491,0.7180452346801758,0.4979093372821808,-0.008257328532636166,0.738507091999054,0.503304660320282,-0.010288883931934834,0.7374777793884277,0.4665640890598297,-0.01602589711546898,0.7318798303604126,0.48274144530296326,-0.014927774667739868,0.7292426228523254,0.5021291971206665,-0.012835746631026268
