frame,feature_0,feature_1,feature_2,feature_3,feature_4,feature_5,feature_6,feature_7,feature_8,feature_9,feature_10,feature_11,feature_12,feature_13,feature_14,feature_15,feature_16,feature_17,feature_18,feature_19,feature_20,feature_21,feature_22,feature_23,feature_24,feature_25,feature_26,feature_27,feature_28,feature_29,feature_30,feature_31,feature_32,feature_33,feature_34,feature_35,feature_36,feature_37,feature_38,feature_39,feature_40,feature_41,feature_42,feature_43,feature_44,feature_45,feature_46,feature_47,feature_48,feature_49,feature_50,feature_51,feature_52,feature_53,feature_54,feature_55,feature_56,feature_57,feature_58,feature_59,feature_60,feature_61,feature_62,feature_63,feature_64,feature_65,feature_66,feature_67,feature_68,feature_69,feature_70,feature_71,feature_72,feature_73,feature_74,feature_75,feature_76,feature_77,feature_78,feature_79,feature_80,feature_81,feature_82,feature_83,feature_84,feature_85,feature_86,feature_87,feature_88,feature_89,feature_90,feature_91,feature_92,feature_93,feature_94,feature_95,feature_96,feature_97,feature_98,feature_99,feature_100,feature_101,feature_102,feature_103,feature_104,feature_105,feature_106,feature_107,feature_108,feature_109,feature_110,feature_111,feature_112,feature_113,feature_114,feature_115,feature_116,feature_117,feature_118,feature_119,feature_120,feature_121,feature_122,feature_123,feature_124,feature_125
1,0.3678310215473175,0.34465479850769043,-8.82205242191958e-08,0.3559912443161011,0.3042433261871338,-0.005171188618987799,0.3532891571521759,0.26788800954818726,-0.005332687869668007,0.3644198179244995,0.2461218535900116,-0.0060753412544727325,0.376534640789032,0.23949415981769562,-0.005384927149862051,0.35457006096839905,0.23689140379428864,0.00805274210870266,0.35836631059646606,0.20003844797611237,0.003089543664827943,0.3573686480522156,0.2028723955154419,-0.0015829765470698476,0.3545188903808594,0.22074520587921143,-0.0033692908473312855,0.36716216802597046,0.23728829622268677,0.008904430083930492,0.3713553249835968,0.1954895257949829,0.004478906746953726,0.3701596260070801,0.20287169516086578,-0.00042727755499072373,0.3674679696559906,0.22258055210113525,-0.0024469695053994656,0.3791549801826477,0.24367426335811615,0.007958104833960533,0.3831518888473511,0.20607174932956696,0.004250184632837772,0.38151684403419495,0.2113105058670044,0.0007684959564357996,0.3784435987472534,0.22967927157878876,-0.0004198867245577276,0.38990578055381775,0.25487107038497925,0.00621346989646554,0.3933005630970001,0.22587651014328003,0.003970289137214422,0.39196428656578064,0.22514159977436066,0.002348589012399316,0.3891398310661316,0.2361704558134079,0.0019261677516624331,0.7391323447227478,0.7188724875450134,-2.0360043606615363e-07,0.7199319005012512,0.6827205419540405,-0.008270882070064545,0.7116119861602783,0.6409128904342651,-0.013965426944196224,0.7259445190429688,0.619012176990509,-0.02091975137591362,0.7409688830375671,0.6314274072647095,-0.026087434962391853,0.7253632545471191,0.5883920192718506,-0.0005752057768404484,0.7295224666595459,0.53761887550354,-0.012194661423563957,0.7274125218391418,0.5637034177780151,-0.020291190594434738,0.7251574993133545,0.5910220146179199,-0.024533314630389214,0.7419544458389282,0.5912857055664062,-0.0020758972968906164,0.7456603646278381,0.538185179233551,-0.012738525867462158,0.7422499060630798,0.57224041223526,-0.0169421024620533,0.7389200925827026,0.60013747215271,-0.017810475081205368,0.7577679753303528,0.6009191870689392,-0.005934818647801876,0.7616501450538635,0.5515966415405273,-0.014538029208779335,0.7566856145858765,0.5810273289680481,-0.014117119833827019,0.7521165013313293,0.6074284911155701,-0.011746258474886417,0.7725920677185059,0.6174058318138123,-0.011193903163075447,0.7736626863479614,0.5788777470588684,-0.01666826754808426,0.7688717246055603,0.5903867483139038,-0.01646038144826889,0.7643057107925415,0.6077380776405334,-0.015095162205398083
2,0.3678310215473175,0.34465479850769043,-8.82205242191958e-08,0.3559912443161011,0.3042433261871338,-0.005171188618987799,0.3532891571521759,0.26788800954818726,-0.005332687869668007,0.3644198179244995,0.2461218535900116,-0.0060753412544727325,0.376534640789032,0.23949415981769562,-0.005384927149862051,0.35457006096839905,0.23689140379428864,0.00805274210870266,0.35836631059646606,0.20003844797611237,0.003089543664827943,0.3573686480522156,0.2028723955154419,-0.0015829765470698476,0.3545188903808594,0.22074520587921143,-0.0033692908473312855,0.36716216802597046,0.23728829622268677,0.008904430083930492,0.3713553249835968,0.1954895257949829,0.004478906746953726,0.3701596260070801,0.20287169516086578,-0.00042727755499072373,0.3674679696559906,0.22258055210113525,-0.0024469695053994656,0.3791549801826477,0.24367426335811615,0.007958104833960533,0.3831518888473511,0.20607174932956696,0.004250184632837772,0.38151684403419495,0.2113105058670044,0.0007684959564357996,0.3784435987472534,0.22967927157878876,-0.0004198867245577276,0.38990578055381775,0.25487107038497925,0.00621346989646554,0.3933005630970001,0.22587651014328003,0.003970289137214422,0.39196428656578064,0.22514159977436066,0.002348589012399316,0.3891398310661316,0.2361704558134079,0.0019261677516624331,0.7391323447227478,0.7188724875450134,-2.0360043606615363e-07,0.7199319005012512,0.6827205419540405,-0.008270882070064545,0.7116119861602783,0.6409128904342651,-0.013965426944196224,0.7259445190429688,0.619012176990509,-0.02091975137591362,0.7409688830375671,0.6314274072647095,-0.026087434962391853,0.7253632545471191,0.5883920192718506,-0.0005752057768404484,0.7295224666595459,0.53761887550354,-0.012194661423563957,0.7274125218391418,0.5637034177780151,-0.020291190594434738,0.7251574993133545,0.5910220146179199,-0.024533314630389214,0.7419544458389282,0.5912857055664062,-0.0020758972968906164,0.7456603646278381,0.538185179233551,-0.012738525867462158,0.7422499060630798,0.57224041223526,-0.0169421024620533,0.7389200925827026,0.60013747215271,-0.017810475081205368,0.7577679753303528,0.6009191870689392,-0.005934818647801876,0.7616501450538635,0.5515966415405273,-0.014538029208779335,0.7566856145858765,0.5810273289680481,-0.014117119833827019,0.7521165013313293,0.6074284911155701,-0.011746258474886417,0.7725920677185059,0.6174058318138123,-0.011193903163075447,0.7736626863479614,0.5788777470588684,-0.01666826754808426,0.7688717246055603,0.5903867483139038,-0.01646038144826889,0.7643057107925415,0.6077380776405334,-0.015095162205398083
3,0.367064505815506,0.3454054594039917,-8.841241339041517e-08,0.35652634501457214,0.3044930696487427,-0.006605369970202446,0.3530151844024658,0.2670746445655823,-0.008523835800588131,0.363212913274765,0.24488461017608643,-0.010898453183472157,0.37543755769729614,0.24233007431030273,-0.011840959079563618,0.35523536801338196,0.23484006524085999,0.0052253687754273415,0.35860809683799744,0.19892340898513794,-0.0013142138486728072,0.3574274480342865,0.20474159717559814,-0.007164909970015287,0.3542223572731018,0.2238883078098297,-0.009883244521915913,0.3680753707885742,0.23469524085521698,0.005998698528856039,0.37265872955322266,0.19311007857322693,-0.0002706891391426325,0.3715231418609619,0.20396660268306732,-0.006110587157309055,0.36836230754852295,0.22512787580490112,-0.008649490773677826,0.38021403551101685,0.241657093167305,0.004931274801492691,0.3847462832927704,0.20290488004684448,-8.862240974849556e-06,0.3833586275577545,0.21005897223949432,-0.0038694520480930805,0.379736065864563,0.22875699400901794,-0.005242406856268644,0.39060425758361816,0.25426262617111206,0.0029667841736227274,0.39391931891441345,0.22588779032230377,0.00012145221990067512,0.3932926654815674,0.22606220841407776,-0.0018029115162789822,0.3907678723335266,0.23663240671157837,-0.002518964931368828,0.7388057708740234,0.7197610139846802,-2.113788752922119e-07,0.7198923230171204,0.6838772892951965,-0.008688900619745255,0.7119824886322021,0.6407350897789001,-0.01458775158971548,0.7267955541610718,0.6190583109855652,-0.021702956408262253,0.7415902614593506,0.6324948668479919,-0.02696758508682251,0.7251706123352051,0.5871386528015137,-0.001270683598704636,0.7297125458717346,0.5372594594955444,-0.013209891505539417,0.7271766066551208,0.5642247200012207,-0.021322572603821754,0.7251213192939758,0.5914803743362427,-0.02559138461947441,0.7417193651199341,0.5904154777526855,-0.002840487752109766,0.74611496925354,0.5372766256332397,-0.014114371500909328,0.7418843507766724,0.5726853609085083,-0.01813032478094101,0.7384063005447388,0.6009484529495239,-0.01866820827126503,0.75746089220047,0.6007264852523804,-0.00681679043918848,0.7619548439979553,0.5509073734283447,-0.01606462150812149,0.7564283013343811,0.5812577605247498,-0.01537801418453455,0.7519396543502808,0.6081198453903198,-0.012601543217897415,0.7721715569496155,0.617961049079895,-0.012225063517689705,0.7735192775726318,0.5792996883392334,-0.018005937337875366,0.7687147855758667,0.5900495648384094,-0.017754537984728813,0.7644045948982239,0.606673538684845,-0.01629507727921009
4,0.3678695559501648,0.34911417961120605,-9.569047421109644e-08,0.3575054109096527,0.3030999004840851,-0.007591580972075462,0.35502010583877563,0.26493552327156067,-0.008831096813082695,0.3652234375476837,0.24314261972904205,-0.010330291464924812,0.3771992623806,0.2389831244945526,-0.010361570864915848,0.3567168116569519,0.23385018110275269,0.006975892931222916,0.36005207896232605,0.19804856181144714,4.7422723582712933e-05,0.3584510087966919,0.20235055685043335,-0.006728590000420809,0.35494714975357056,0.222619891166687,-0.009761598892509937,0.36901208758354187,0.23557838797569275,0.008593907579779625,0.3736431896686554,0.19349481165409088,0.0016269650077447295,0.3721048831939697,0.20283204317092896,-0.006305677350610495,0.3688540756702423,0.22491228580474854,-0.009978193789720535,0.3810594081878662,0.24355214834213257,0.00813747476786375,0.3852883577346802,0.20494572818279266,0.002383133629336953,0.38428163528442383,0.20989716053009033,-0.004196678288280964,0.38096633553504944,0.23031868040561676,-0.007066677790135145,0.39161866903305054,0.25685614347457886,0.00680801784619689,0.3950750529766083,0.22730764746665955,0.0031476232688874006,0.39458999037742615,0.22439762949943542,-0.0006793609354645014,0.3923478126525879,0.234585702419281,-0.0025756002869457006,0.7374910116195679,0.720043420791626,-2.268493801693694e-07,0.7191411852836609,0.6821865439414978,-0.00805510301142931,0.710766613483429,0.6401103138923645,-0.013942797668278217,0.7253369092941284,0.619623601436615,-0.021330492570996284,0.7408475279808044,0.6327669620513916,-0.026814311742782593,0.7240692973136902,0.5861864686012268,0.0001694394595688209,0.7278427481651306,0.5358200669288635,-0.01223513949662447,0.724270761013031,0.5640501379966736,-0.020963601768016815,0.722342312335968,0.5922322869300842,-0.025622190907597542,0.7403730750083923,0.5899369120597839,-0.0017175214597955346,0.7448164820671082,0.5361245274543762,-0.013391915708780289,0.7397647500038147,0.5713322758674622,-0.01753178797662258,0.7366729974746704,0.5998241305351257,-0.018117940053343773,0.7559435963630676,0.6003096699714661,-0.006099595222622156,0.760890543460846,0.5493881702423096,-0.01527070626616478,0.7546045780181885,0.5790866613388062,-0.014183931984007359,0.7502979040145874,0.6058351993560791,-0.01112488005310297,0.7707809805870056,0.617614209651947,-0.011967575177550316,0.7723885774612427,0.5788530707359314,-0.01746338978409767,0.7670684456825256,0.5908545851707458,-0.016853749752044678,0.7627981305122375,0.6090835928916931,-0.01511240191757679
5,0.37027472257614136,0.3434004485607147,-1.1368850749704507e-07,0.3593907952308655,0.306434690952301,-0.007249678950756788,0.35601359605789185,0.26968586444854736,-0.009448626078665257,0.36452698707580566,0.24522541463375092,-0.012011495418846607,0.3745920658111572,0.23441967368125916,-0.01316474936902523,0.3581036925315857,0.23620881140232086,0.0039061103016138077,0.361053466796875,0.1998731940984726,-0.004217624664306641,0.3589310050010681,0.20296013355255127,-0.01136599387973547,0.35574644804000854,0.2219451367855072,-0.014658292755484581,0.37033694982528687,0.23577004671096802,0.004691259004175663,0.37405070662498474,0.19125686585903168,-0.0031368937343358994,0.372253954410553,0.20070451498031616,-0.009631551802158356,0.36970266699790955,0.22319316864013672,-0.012289304286241531,0.38253164291381836,0.242184117436409,0.0035277341958135366,0.3868636190891266,0.20143036544322968,-0.0029713136609643698,0.38484683632850647,0.2088252753019333,-0.007252125535160303,0.38179242610931396,0.22927407920360565,-0.008488191291689873,0.3938187062740326,0.2539157569408417,0.0015025855973362923,0.3970720171928406,0.22280654311180115,-0.002192595275118947,0.3951225280761719,0.22416052222251892,-0.004074809141457081,0.3918941020965576,0.23834210634231567,-0.004530894570052624,0.7355645298957825,0.7202621102333069,-2.233727656175688e-07,0.717832088470459,0.6794624924659729,-0.007967568002641201,0.7103800773620605,0.6381731629371643,-0.013551215641200542,0.7250370383262634,0.6173450946807861,-0.020867059007287025,0.7397139072418213,0.6305990219116211,-0.02646639756858349,0.7224452495574951,0.5862969756126404,0.0030502236913889647,0.7262211441993713,0.535722017288208,-0.009142761118710041,0.722770094871521,0.5617985129356384,-0.01850208081305027,0.7201197147369385,0.590275228023529,-0.023506460711359978,0.738995373249054,0.5893406271934509,0.0011591557413339615,0.7435369491577148,0.5358982682228088,-0.01072514709085226,0.7385731339454651,0.5692159533500671,-0.016222922131419182,0.7348954677581787,0.5991616249084473,-0.017546288669109344,0.7548204064369202,0.5985466241836548,-0.003329882398247719,0.7590675354003906,0.5494112968444824,-0.01255814079195261,0.7528067827224731,0.5777725577354431,-0.012515664100646973,0.748059868812561,0.6058417558670044,-0.009974614717066288,0.7696488499641418,0.6147956848144531,-0.009384574368596077,0.7709090113639832,0.5775694847106934,-0.01458387915045023,0.7653789520263672,0.5890052318572998,-0.014117117039859295,0.7607656121253967,0.6080392599105835,-0.012429190799593925
6,0.37123990058898926,0.3416629433631897,-1.0115019932754876e-07,0.3603895306587219,0.30215588212013245,-0.006502795964479446,0.3577365279197693,0.26856374740600586,-0.007633959408849478,0.36701345443725586,0.2462092638015747,-0.009154795669019222,0.3766228258609772,0.23812773823738098,-0.009213116019964218,0.3585914671421051,0.23451747000217438,0.0067320698872208595,0.3617537319660187,0.19985584914684296,-0.0002288633113494143,0.35923993587493896,0.20224416255950928,-0.006745651364326477,0.3561198115348816,0.22038407623767853,-0.009619422256946564,0.3701869249343872,0.2359546273946762,0.007660123985260725,0.37446606159210205,0.19206549227237701,0.0004835931758861989,0.37198227643966675,0.19832482933998108,-0.0062291258946061134,0.36867544054985046,0.21968980133533478,-0.008970994502305984,0.3817015588283539,0.24346013367176056,0.006555500440299511,0.38634783029556274,0.20377303659915924,0.00037594628520309925,0.38405895233154297,0.206051766872406,-0.005066708195954561,0.3804110288619995,0.22434018552303314,-0.007016398943960667,0.3925688564777374,0.25609317421913147,0.004651451949030161,0.39684706926345825,0.22603261470794678,0.0008312307181768119,0.3955724537372589,0.22075992822647095,-0.002351288218051195,0.3926614224910736,0.2287398725748062,-0.003779335180297494,0.7353680729866028,0.7200728058815002,-2.368555840348563e-07,0.7167699337005615,0.6808237433433533,-0.007762402296066284,0.7081811428070068,0.638884425163269,-0.013607814908027649,0.7225985527038574,0.6181224584579468,-0.02103649266064167,0.7380309700965881,0.6319614052772522,-0.026524776592850685,0.7205623984336853,0.5859032869338989,0.0009041320299729705,0.7235821485519409,0.5354942083358765,-0.01205469947308302,0.7206388711929321,0.5672953128814697,-0.021348658949136734,0.7197209000587463,0.5966604351997375,-0.026368273422122,0.7370565533638,0.5889293551445007,-0.00137453677598387,0.7414110898971558,0.5342851877212524,-0.013649127446115017,0.7371687293052673,0.5718402862548828,-0.018177401274442673,0.734592616558075,0.6005394458770752,-0.01889624260365963,0.7528827786445618,0.5981850624084473,-0.006216800305992365,0.75668865442276,0.5474629402160645,-0.015768669545650482,0.7509976029396057,0.5793135762214661,-0.014673336409032345,0.7470830678939819,0.606496274471283,-0.011511060409247875,0.7678861618041992,0.6143072247505188,-0.012563247233629227,0.7682097554206848,0.5752550363540649,-0.018033912405371666,0.7626251578330994,0.589557409286499,-0.01717478223145008,0.7582018375396729,0.6093635559082031,-0.015269865281879902
7,0.3747231364250183,0.3411928117275238,-9.941415157754818e-08,0.3627406060695648,0.3035005033016205,-0.007206419017165899,0.3596905767917633,0.26676705479621887,-0.009136264212429523,0.36998629570007324,0.24566839635372162,-0.01130087673664093,0.3818320035934448,0.24587413668632507,-0.01215415820479393,0.3609028160572052,0.23452754318714142,0.003925882745534182,0.36524128913879395,0.19969356060028076,-0.0027413663920015097,0.3644319474697113,0.20308208465576172,-0.00892410147935152,0.36126062273979187,0.2207326591014862,-0.011949337087571621,0.37338852882385254,0.23525352776050568,0.004741597920656204,0.3784073293209076,0.19200733304023743,-0.0020582936704158783,0.37802305817604065,0.2021963894367218,-0.00865708664059639,0.3750649094581604,0.22395868599414825,-0.011815602891147137,0.38573017716407776,0.24221639335155487,0.0037521803751587868,0.39154523611068726,0.20193327963352203,-0.002118245465680957,0.3914516866207123,0.20810957252979279,-0.007850764319300652,0.38813233375549316,0.22778427600860596,-0.010480175726115704,0.3965868353843689,0.2541441023349762,0.0019599804654717445,0.4000641107559204,0.22292128205299377,-0.0020703445188701153,0.3994080126285553,0.22211337089538574,-0.005544430110603571,0.39635878801345825,0.23398199677467346,-0.007484858855605125,0.7356043457984924,0.7186980247497559,-2.415710866898735e-07,0.7163572907447815,0.6811509132385254,-0.006780767347663641,0.7065199613571167,0.6385007500648499,-0.01193918939679861,0.7199829816818237,0.6148971915245056,-0.018902488052845,0.7371414303779602,0.623931884765625,-0.024126170203089714,0.7189935445785522,0.5856494903564453,0.0017671780660748482,0.7224208116531372,0.5332820415496826,-0.010474329814314842,0.7189978361129761,0.5597348809242249,-0.019045082852244377,0.7177067995071411,0.5884529948234558,-0.023597614839673042,0.7350636720657349,0.5879302024841309,-0.0007017728639766574,0.7388156652450562,0.531801700592041,-0.012642685323953629,0.7337378263473511,0.5670429468154907,-0.017122594639658928,0.7312399744987488,0.5977690815925598,-0.017838453873991966,0.7508795261383057,0.5972916483879089,-0.005590156186372042,0.754770040512085,0.545536994934082,-0.014973845332860947,0.7486769556999207,0.5758837461471558,-0.014110613614320755,0.7451838850975037,0.6045854091644287,-0.011215749196708202,0.7662455439567566,0.6136831641197205,-0.01182449422776699,0.7660951018333435,0.5749557018280029,-0.017229672521352768,0.7602624893188477,0.5880243182182312,-0.016581473872065544,0.7563115358352661,0.6080964803695679,-0.014920257031917572
8,0.37405750155448914,0.34751027822494507,-1.0771078962079628e-07,0.36305782198905945,0.3066212236881256,-0.006321599707007408,0.36023005843162537,0.26854509115219116,-0.007635681889951229,0.36945486068725586,0.2476722151041031,-0.009453793056309223,0.38064107298851013,0.24528975784778595,-0.009896842762827873,0.36311280727386475,0.23391681909561157,0.005393743980675936,0.36603689193725586,0.19798919558525085,-0.0015058066928759217,0.3640890121459961,0.2026829570531845,-0.007540096063166857,0.3606431484222412,0.22343522310256958,-0.010193639434874058,0.3747049570083618,0.2341146618127823,0.006105412729084492,0.3782157599925995,0.19120241701602936,-0.0009625479578971863,0.37698256969451904,0.20058727264404297,-0.007236815523356199,0.3739391565322876,0.22360916435718536,-0.00978426169604063,0.3859531581401825,0.24086453020572662,0.004941796883940697,0.389657199382782,0.20082123577594757,-0.0008926724549382925,0.38894394040107727,0.2062033861875534,-0.0058305710554122925,0.3858763873577118,0.22654536366462708,-0.007647966034710407,0.39612653851509094,0.25300052762031555,0.0029623983427882195,0.39854729175567627,0.22320502996444702,-0.0015352685004472733,0.39818984270095825,0.22142112255096436,-0.005017295479774475,0.3960590958595276,0.2323676347732544,-0.006553890183568001,0.7341449856758118,0.7176351547241211,-2.5642569312367414e-07,0.714979350566864,0.6784254312515259,-0.005407909397035837,0.7070115208625793,0.6368448138237,-0.009810877032577991,0.7209592461585999,0.6131799221038818,-0.01630771905183792,0.7362256050109863,0.6216095089912415,-0.02114016003906727,0.7179350256919861,0.5849636197090149,0.004401478450745344,0.7209790349006653,0.5328174233436584,-0.007388672791421413,0.7179197669029236,0.5617381930351257,-0.016114791855216026,0.7166725397109985,0.5914320945739746,-0.020721007138490677,0.7341597676277161,0.5865658521652222,0.0013597176875919104,0.7383607029914856,0.5302855372428894,-0.00996939092874527,0.7337128520011902,0.5662734508514404,-0.014799484051764011,0.7306341528892517,0.5965805649757385,-0.015750521793961525,0.7502378821372986,0.5948206782341003,-0.004023945424705744,0.7532306909561157,0.5429442524909973,-0.012654579244554043,0.74715256690979,0.5747330188751221,-0.011675111018121243,0.743260383605957,0.6031451225280762,-0.008788682520389557,0.7658134698867798,0.6101037263870239,-0.01068459264934063,0.7649364471435547,0.5704788565635681,-0.015260666608810425,0.7588974237442017,0.586296796798706,-0.01388939656317234,0.7548151612281799,0.6078982353210449,-0.011775252409279346
9,0.37405750155448914,0.34751027822494507,-1.0771078962079628e-07,0.36305782198905945,0.3066212236881256,-0.006321599707007408,0.36023005843162537,0.26854509115219116,-0.007635681889951229,0.36945486068725586,0.2476722151041031,-0.009453793056309223,0.38064107298851013,0.24528975784778595,-0.009896842762827873,0.36311280727386475,0.23391681909561157,0.005393743980675936,0.36603689193725586,0.19798919558525085,-0.0015058066928759217,0.3640890121459961,0.2026829570531845,-0.007540096063166857,0.3606431484222412,0.22343522310256958,-0.010193639434874058,0.3747049570083618,0.2341146618127823,0.006105412729084492,0.3782157599925995,0.19120241701602936,-0.0009625479578971863,0.37698256969451904,0.20058727264404297,-0.007236815523356199,0.3739391565322876,0.22360916435718536,-0.00978426169604063,0.3859531581401825,0.24086453020572662,0.004941796883940697,0.389657199382782,0.20082123577594757,-0.0008926724549382925,0.38894394040107727,0.2062033861875534,-0.0058305710554122925,0.3858763873577118,0.22654536366462708,-0.007647966034710407,0.39612653851509094,0.25300052762031555,0.0029623983427882195,0.39854729175567627,0.22320502996444702,-0.0015352685004472733,0.39818984270095825,0.22142112255096436,-0.005017295479774475,0.3960590958595276,0.2323676347732544,-0.006553890183568001,0.7341449856758118,0.7176351547241211,-2.5642569312367414e-07,0.714979350566864,0.6784254312515259,-0.005407909397035837,0.7070115208625793,0.6368448138237,-0.009810877032577991,0.7209592461585999,0.6131799221038818,-0.01630771905183792,0.7362256050109863,0.6216095089912415,-0.02114016003906727,0.7179350256919861,0.5849636197090149,0.004401478450745344,0.7209790349006653,0.5328174233436584,-0.007388672791421413,0.7179197669029236,0.5617381930351257,-0.016114791855216026,0.7166725397109985,0.5914320945739746,-0.020721007138490677,0.7341597676277161,0.5865658521652222,0.0013597176875919104,0.7383607029914856,0.5302855372428894,-0.00996939092874527,0.7337128520011902,0.5662734508514404,-0.014799484051764011,0.7306341528892517,0.5965805649757385,-0.015750521793961525,0.7502378821372986,0.5948206782341003,-0.004023945424705744,0.7532306909561157,0.5429442524909973,-0.012654579244554043,0.74715256690979,0.5747330188751221,-0.011675111018121243,0.743260383605957,0.6031451225280762,-0.008788682520389557,0.7658134698867798,0.6101037263870239,-0.01068459264934063,0.7649364471435547,0.5704788565635681,-0.015260666608810425,0.7588974237442017,0.586296796798706,-0.01388939656317234,0.7548151612281799,0.6078982353210449,-0.011775252409279346
10,0.37741371989250183,0.34396588802337646,-9.181084692500008e-08,0.36570262908935547,0.3091278374195099,-0.008965129032731056,0.36219215393066406,0.2741408944129944,-0.011760170571506023,0.3692310154438019,0.24933482706546783,-0.014321308583021164,0.3766562044620514,0.23600390553474426,-0.015355275012552738,0.3652617931365967,0.23740538954734802,0.001925840275362134,0.3698295056819916,0.20008189976215363,-0.005331856664270163,0.36862456798553467,0.20203165709972382,-0.011942102573812008,0.36536628007888794,0.21990258991718292,-0.015099521726369858,0.3774779140949249,0.2390909492969513,0.003976097796112299,0.3821333944797516,0.1952863335609436,-0.0026785284280776978,0.3808884918689728,0.2033943235874176,-0.009706475771963596,0.3778209984302521,0.2237168848514557,-0.013418679125607014,0.3888434171676636,0.24610522389411926,0.004134128801524639,0.393546462059021,0.20569925010204315,-0.0011601572623476386,0.392448753118515,0.21052269637584686,-0.006674026604741812,0.3887702226638794,0.22968120872974396,-0.009515638463199139,0.39906516671180725,0.2583429217338562,0.0033236986491829157,0.4015674293041229,0.22956189513206482,-0.0002487633319105953,0.4013004004955292,0.2281268686056137,-0.003808225505053997,0.39905452728271484,0.23830412328243256,-0.005934752989560366,0.7325965762138367,0.7162543535232544,-2.409736907793558e-07,0.7145969867706299,0.6786594390869141,-0.006639610975980759,0.7061071395874023,0.6368861198425293,-0.011690936051309109,0.7198957204818726,0.6145016551017761,-0.018572574481368065,0.7353764772415161,0.6258578896522522,-0.02362191490828991,0.7183193564414978,0.5829869508743286,0.0019905262161046267,0.7205420732498169,0.5314937829971313,-0.009962414391338825,0.7161772847175598,0.5606095194816589,-0.0182360652834177,0.7147564888000488,0.5888083577156067,-0.02259027771651745,0.7342302203178406,0.5857186913490295,-0.00041750469245016575,0.7372756600379944,0.5304222106933594,-0.011737028136849403,0.732108473777771,0.5656023621559143,-0.015610827133059502,0.7295690774917603,0.5936826467514038,-0.015961788594722748,0.7499502897262573,0.5949687957763672,-0.005229371599853039,0.753400444984436,0.5429978966712952,-0.014221356250345707,0.7468910217285156,0.5736504197120667,-0.012910857796669006,0.7430237531661987,0.6005202531814575,-0.009688264690339565,0.7652795314788818,0.6113899946212769,-0.011389823630452156,0.7658272385597229,0.5718356370925903,-0.016768179833889008,0.759570300579071,0.5858036875724792,-0.015774104744195938,0.754892110824585,0.6057615876197815,-0.013697409071028233
11,0.3787051737308502,0.34642377495765686,-8.221668679198046e-08,0.36707109212875366,0.3069731295108795,-0.006203742697834969,0.3623118996620178,0.27076882123947144,-0.007916910573840141,0.3700132369995117,0.24864917993545532,-0.009928728453814983,0.3798224627971649,0.24330392479896545,-0.010610532946884632,0.3671937882900238,0.2393781542778015,0.004030896350741386,0.36979860067367554,0.20290440320968628,-0.0021554857958108187,0.36914175748825073,0.20288346707820892,-0.0076234908774495125,0.3663122057914734,0.21868577599525452,-0.01010705716907978,0.37924709916114807,0.24013148248195648,0.0046141184866428375,0.3824290931224823,0.19693270325660706,-0.0010160052916035056,0.3821404278278351,0.2024071365594864,-0.006699151825159788,0.37894049286842346,0.2211371511220932,-0.009462199173867702,0.390741765499115,0.24756567180156708,0.0034657572396099567,0.3941081464290619,0.20867009460926056,-0.0012658581836149096,0.3942161202430725,0.21172533929347992,-0.006178759504109621,0.3907832205295563,0.22806794941425323,-0.00855870358645916,0.40056660771369934,0.2609795033931732,0.0015594250289723277,0.40372586250305176,0.23286770284175873,-0.0019953628070652485,0.4036727547645569,0.2307409942150116,-0.0052014365792274475,0.40096428990364075,0.23962539434432983,-0.0069218226708471775,0.7316697835922241,0.7142892479896545,-2.3418715500156395e-07,0.7124338150024414,0.6791250705718994,-0.007754242047667503,0.7031917572021484,0.6375470757484436,-0.013138615526258945,0.7177248001098633,0.6147558093070984,-0.019944751635193825,0.733910083770752,0.6264740228652954,-0.024852581322193146,0.7168427109718323,0.5831815004348755,0.0005128278862684965,0.7199528813362122,0.5324596762657166,-0.010998311452567577,0.7155436277389526,0.5613568425178528,-0.018981967121362686,0.7138628959655762,0.589169442653656,-0.02331128902733326,0.732894778251648,0.5861959457397461,-0.0011532502248883247,0.736569881439209,0.5322659611701965,-0.011798783205449581,0.7310592532157898,0.5674352049827576,-0.015220693312585354,0.7282400131225586,0.5947542786598206,-0.015515313483774662,0.7482250332832336,0.5953406095504761,-0.0052416506223380566,0.7527157664299011,0.5446507930755615,-0.013804147951304913,0.7456390857696533,0.574778139591217,-0.012270518578588963,0.7412253022193909,0.6009668707847595,-0.009129136800765991,0.7630396485328674,0.6116032004356384,-0.010755357332527637,0.7645013928413391,0.5726181268692017,-0.01621823012828827,0.7578586935997009,0.5872644782066345,-0.015384357422590256,0.7526512742042542,0.6073112487792969,-0.013537953607738018
12,0.7307053208351135,0.7139538526535034,-2.3121343417642493e-07,0.7115433812141418,0.680052638053894,-0.006989412475377321,0.7025890350341797,0.638616144657135,-0.012113918550312519,0.7162029147148132,0.6148858070373535,-0.01876796968281269,0.731965184211731,0.6234740018844604,-0.023605046793818474,0.7158598899841309,0.5840108394622803,0.00021417591779027134,0.7191208600997925,0.5334193706512451,-0.011206181719899178,0.7150236368179321,0.5616675019264221,-0.01902598701417446,0.7130196690559387,0.5893904566764832,-0.023189963772892952,0.7319262623786926,0.5867537260055542,-0.0017896174686029553,0.7354693412780762,0.5323117971420288,-0.01206965558230877,0.7306649684906006,0.5669349431991577,-0.015518991276621819,0.7277287840843201,0.5944443941116333,-0.015970639884471893,0.7474011182785034,0.5961788892745972,-0.0060458010993897915,0.7514422535896301,0.5449197292327881,-0.014267689548432827,0.7454709410667419,0.5752741694450378,-0.012912223115563393,0.7412933111190796,0.6013984084129333,-0.010108396410942078,0.7623914480209351,0.61266028881073,-0.011598675511777401,0.7632597088813782,0.5741881728172302,-0.016837751492857933,0.7575085759162903,0.5884487628936768,-0.01607333868741989,0.7527933716773987,0.6076223254203796,-0.01440455112606287,0.38215553760528564,0.34363532066345215,-1.0036014685965711e-07,0.36858418583869934,0.30933088064193726,-0.008101633749902248,0.36408382654190063,0.2704990804195404,-0.010854148305952549,0.37332549691200256,0.24530895054340363,-0.013664674945175648,0.38411569595336914,0.2344054877758026,-0.015076404437422752,0.36963599920272827,0.23915576934814453,0.002262798137962818,0.37241610884666443,0.20131783187389374,-0.004262880422174931,0.37000760436058044,0.2057572305202484,-0.010046703740954399,0.3662773072719574,0.2239047884941101,-0.012871223501861095,0.38179874420166016,0.23932912945747375,0.003497566096484661,0.38441041111946106,0.1956331431865692,-0.0021504738833755255,0.38262900710105896,0.20608484745025635,-0.007671570871025324,0.380037397146225,0.22684134542942047,-0.01046914141625166,0.39320290088653564,0.24629148840904236,0.002884596586227417,0.3965274393558502,0.2053280472755432,-0.001609183382242918,0.39508914947509766,0.2135966271162033,-0.0055293794721364975,0.392089307308197,0.2327016443014145,-0.007450712379068136,0.40315231680870056,0.25901150703430176,0.0012914075050503016,0.4054776132106781,0.2288810908794403,-0.0016034635482355952,0.4039265513420105,0.2291496992111206,-0.003733234014362097,0.4009994566440582,0.23921625316143036,-0.004912471864372492
13,0.7307053208351135,0.7139538526535034,-2.3121343417642493e-07,0.7115433812141418,0.680052638053894,-0.006989412475377321,0.7025890350341797,0.638616144657135,-0.012113918550312519,0.7162029147148132,0.6148858070373535,-0.01876796968281269,0.731965184211731,0.6234740018844604,-0.023605046793818474,0.7158598899841309,0.5840108394622803,0.00021417591779027134,0.7191208600997925,0.5334193706512451,-0.011206181719899178,0.7150236368179321,0.5616675019264221,-0.01902598701417446,0.7130196690559387,0.5893904566764832,-0.023189963772892952,0.7319262623786926,0.5867537260055542,-0.0017896174686029553,0.7354693412780762,0.5323117971420288,-0.01206965558230877,0.7306649684906006,0.5669349431991577,-0.015518991276621819,0.7277287840843201,0.5944443941116333,-0.015970639884471893,0.7474011182785034,0.5961788892745972,-0.0060458010993897915,0.7514422535896301,0.5449197292327881,-0.014267689548432827,0.7454709410667419,0.5752741694450378,-0.012912223115563393,0.7412933111190796,0.6013984084129333,-0.010108396410942078,0.7623914480209351,0.61266028881073,-0.011598675511777401,0.7632597088813782,0.5741881728172302,-0.016837751492857933,0.7575085759162903,0.5884487628936768,-0.01607333868741989,0.7527933716773987,0.6076223254203796,-0.01440455112606287,0.38215553760528564,0.34363532066345215,-1.0036014685965711e-07,0.36858418583869934,0.30933088064193726,-0.008101633749902248,0.36408382654190063,0.2704990804195404,-0.010854148305952549,0.37332549691200256,0.24530895054340363,-0.013664674945175648,0.38411569595336914,0.2344054877758026,-0.015076404437422752,0.36963599920272827,0.23915576934814453,0.002262798137962818,0.37241610884666443,0.20131783187389374,-0.004262880422174931,0.37000760436058044,0.2057572305202484,-0.010046703740954399,0.3662773072719574,0.2239047884941101,-0.012871223501861095,0.38179874420166016,0.23932912945747375,0.003497566096484661,0.38441041111946106,0.1956331431865692,-0.0021504738833755255,0.38262900710105896,0.20608484745025635,-0.007671570871025324,0.380037397146225,0.22684134542942047,-0.01046914141625166,0.39320290088653564,0.24629148840904236,0.002884596586227417,0.3965274393558502,0.2053280472755432,-0.001609183382242918,0.39508914947509766,0.2135966271162033,-0.0055293794721364975,0.392089307308197,0.2327016443014145,-0.007450712379068136,0.40315231680870056,0.25901150703430176,0.0012914075050503016,0.4054776132106781,0.2288810908794403,-0.0016034635482355952,0.4039265513420105,0.2291496992111206,-0.003733234014362097,0.4009994566440582,0.23921625316143036,-0.004912471864372492
14,0.7299234867095947,0.7129577398300171,-2.383345361067768e-07,0.7108808755874634,0.6804330348968506,-0.006948421243578196,0.7021781206130981,0.6376539468765259,-0.011902975849807262,0.7149017453193665,0.6144899129867554,-0.018264753744006157,0.7302812337875366,0.6225807070732117,-0.02280976064503193,0.715064525604248,0.5836355686187744,-0.00036759782233275473,0.7179381251335144,0.5334702730178833,-0.012255806475877762,0.7144602537155151,0.5623757243156433,-0.02014975994825363,0.7128446102142334,0.5901051759719849,-0.024251390248537064,0.7308835983276367,0.5865747928619385,-0.002483629621565342,0.7345209121704102,0.5320073366165161,-0.013430074788630009,0.7295910716056824,0.5683159828186035,-0.016905376687645912,0.7268592715263367,0.5961596965789795,-0.017131242901086807,0.7462621927261353,0.5960885286331177,-0.006839299574494362,0.750324010848999,0.5454152822494507,-0.01570938713848591,0.7441213726997375,0.5767478346824646,-0.014240958727896214,0.740319550037384,0.6027944087982178,-0.011138428933918476,0.7612912654876709,0.6124883890151978,-0.012436149641871452,0.7616020441055298,0.5739394426345825,-0.018085291609168053,0.7557135224342346,0.5889343023300171,-0.017301343381404877,0.7515681982040405,0.608086109161377,-0.015520344488322735,0.3836059272289276,0.33877602219581604,-1.0217276980029055e-07,0.36973926424980164,0.30660921335220337,-0.0072226375341415405,0.36584383249282837,0.2698242664337158,-0.008572516962885857,0.3748674690723419,0.24592791497707367,-0.009955210611224174,0.38552162051200867,0.2364262342453003,-0.009921962395310402,0.3681464195251465,0.2377946376800537,0.002892689546570182,0.37085384130477905,0.20063050091266632,-0.0036270529963076115,0.36995795369148254,0.20332899689674377,-0.008932949043810368,0.36715182662010193,0.22073225677013397,-0.011188780888915062,0.3806847333908081,0.23751771450042725,0.003986097406595945,0.38374486565589905,0.19357353448867798,-0.0015210231067612767,0.3831602931022644,0.20228780806064606,-0.006250683683902025,0.3804263472557068,0.22256726026535034,-0.008171217516064644,0.392585813999176,0.2442065179347992,0.0032129334285855293,0.39617425203323364,0.20402157306671143,-0.0018156437436118722,0.3953360319137573,0.21214742958545685,-0.005396952852606773,0.392103910446167,0.23066826164722443,-0.006650359835475683,0.4031899571418762,0.25641316175460815,0.0015721805393695831,0.40612223744392395,0.22713519632816315,-0.002703925361856818,0.4051052927970886,0.22881066799163818,-0.005355591420084238,0.4017830491065979,0.24055792391300201,-0.006412466987967491
15,0.7311652302742004,0.7135699987411499,-2.3974146756700065e-07,0.7109399437904358,0.6810775995254517,-0.00715933833271265,0.7013509273529053,0.6378955245018005,-0.012188115157186985,0.7143421769142151,0.6139280200004578,-0.01865529827773571,0.7305812239646912,0.6224201321601868,-0.023272128775715828,0.7147806286811829,0.5841209292411804,-0.0003665520343929529,0.7176083326339722,0.5327906608581543,-0.012133720330893993,0.7140111923217773,0.5614567995071411,-0.01994812861084938,0.7125672698020935,0.589705228805542,-0.024053312838077545,0.7307454347610474,0.5867423415184021,-0.0023676976561546326,0.7339153289794922,0.5315379500389099,-0.013353095389902592,0.728811502456665,0.5676615834236145,-0.016834180802106857,0.7262318730354309,0.5963020920753479,-0.017064519226551056,0.7461525797843933,0.5958248972892761,-0.006646160967648029,0.7497555613517761,0.5443432331085205,-0.015572519041597843,0.7435166239738464,0.5752788782119751,-0.014182080514729023,0.7398127317428589,0.6024707555770874,-0.011115867644548416,0.7612609267234802,0.6120049953460693,-0.012205607257783413,0.7612465620040894,0.573126494884491,-0.017998725175857544,0.7552209496498108,0.5871721506118774,-0.017426079139113426,0.7508571743965149,0.6068532466888428,-0.015774164348840714,0.38094574213027954,0.3423563838005066,-7.67966028547562e-08,0.3685905933380127,0.3028111159801483,-0.008194943889975548,0.36603689193725586,0.2671501338481903,-0.008867745287716389,0.37676841020584106,0.24601426720619202,-0.00928867794573307,0.3884199857711792,0.24073532223701477,-0.008157284930348396,0.3673630952835083,0.23662403225898743,0.0063611287623643875,0.3712035119533539,0.20066015422344208,0.0005911453627049923,0.37078550457954407,0.20165696740150452,-0.005167702678591013,0.3682693541049957,0.2193794548511505,-0.007809067144989967,0.38004782795906067,0.23827038705348969,0.008776835165917873,0.38445231318473816,0.19544129073619843,0.003477690974250436,0.383596807718277,0.20245486497879028,-0.003311931388452649,0.3807370364665985,0.22150057554244995,-0.006742578931152821,0.39172452688217163,0.24561452865600586,0.009138844907283783,0.39633363485336304,0.2071157544851303,0.0041701700538396835,0.3955249488353729,0.21011139452457428,-0.0020643079187721014,0.39196300506591797,0.22842095792293549,-0.005148685071617365,0.4020899832248688,0.25822383165359497,0.008613458834588528,0.4049059748649597,0.23152941465377808,0.004309231415390968,0.40492069721221924,0.22933785617351532,-0.00029020069632679224,0.4025913178920746,0.23932816088199615,-0.0028589293360710144
16,0.7312328815460205,0.7138016819953918,-2.308184576804706e-07,0.7107667326927185,0.6807324886322021,-0.007521231193095446,0.700767457485199,0.6377113461494446,-0.012499814853072166,0.7145677804946899,0.6135640740394592,-0.0188058540225029,0.7314643859863281,0.6221187710762024,-0.023213114589452744,0.7145007848739624,0.5840142369270325,-1.6539192984055262e-06,0.7173646688461304,0.5326111912727356,-0.011624369770288467,0.7139501571655273,0.5612329840660095,-0.019542573019862175,0.7126896977424622,0.5893120169639587,-0.023760490119457245,0.7305997014045715,0.5865746140480042,-0.0015916787087917328,0.7338753938674927,0.531509280204773,-0.012107494287192822,0.7287158370018005,0.566627025604248,-0.01549353078007698,0.7262161374092102,0.5943412780761719,-0.015784578397870064,0.7460699677467346,0.5956141948699951,-0.005531770177185535,0.7500477433204651,0.5439320206642151,-0.014134638011455536,0.743291974067688,0.5738945007324219,-0.01274289283901453,0.7393160462379456,0.6004254221916199,-0.009747453965246677,0.7611173391342163,0.6119801998138428,-0.010801466181874275,0.7614156007766724,0.5729749202728271,-0.016566742211580276,0.7548766732215881,0.5872649550437927,-0.0160512812435627,0.7501718997955322,0.6073100566864014,-0.014422832988202572,0.3844356834888458,0.3390387296676636,-8.268780504749884e-08,0.37125515937805176,0.30522021651268005,-0.008372243493795395,0.3677065372467041,0.2679707705974579,-0.010600650683045387,0.37745752930641174,0.24446702003479004,-0.01263374648988247,0.3886837363243103,0.2349778562784195,-0.013207914307713509,0.3693041503429413,0.23786291480064392,0.0020041840616613626,0.3711574971675873,0.20091280341148376,-0.004423079080879688,0.371182918548584,0.20297273993492126,-0.009681974537670612,0.3685506284236908,0.2202446311712265,-0.01191502995789051,0.38190698623657227,0.23781754076480865,0.0038102148100733757,0.38473132252693176,0.19327417016029358,-0.0017639542929828167,0.38498154282569885,0.20128491520881653,-0.007210375275462866,0.3821352422237396,0.22162076830863953,-0.00971459411084652,0.3938124179840088,0.24445374310016632,0.0037952919956296682,0.39683544635772705,0.20419341325759888,-0.0009965409990400076,0.39671480655670166,0.2110794186592102,-0.005246539134532213,0.3934362232685089,0.22963009774684906,-0.007117273285984993,0.40428176522254944,0.25654226541519165,0.002870712196454406,0.4076007008552551,0.2281389683485031,-0.0009665396646596491,0.4071393311023712,0.22862893342971802,-0.003892680397257209,0.40410375595092773,0.2395646870136261,-0.005312439985573292
17,0.7312328815460205,0.7138016819953918,-2.308184576804706e-07,0.7107667326927185,0.6807324886322021,-0.007521231193095446,0.700767457485199,0.6377113461494446,-0.012499814853072166,0.7145677804946899,0.6135640740394592,-0.0188058540225029,0.7314643859863281,0.6221187710762024,-0.023213114589452744,0.7145007848739624,0.5840142369270325,-1.6539192984055262e-06,0.7173646688461304,0.5326111912727356,-0.011624369770288467,0.7139501571655273,0.5612329840660095,-0.019542573019862175,0.7126896977424622,0.5893120169639587,-0.023760490119457245,0.7305997014045715,0.5865746140480042,-0.0015916787087917328,0.7338753938674927,0.531509280204773,-0.012107494287192822,0.7287158370018005,0.566627025604248,-0.01549353078007698,0.7262161374092102,0.5943412780761719,-0.015784578397870064,0.7460699677467346,0.5956141948699951,-0.005531770177185535,0.7500477433204651,0.5439320206642151,-0.014134638011455536,0.743291974067688,0.5738945007324219,-0.01274289283901453,0.7393160462379456,0.6004254221916199,-0.009747453965246677,0.7611173391342163,0.6119801998138428,-0.010801466181874275,0.7614156007766724,0.5729749202728271,-0.016566742211580276,0.7548766732215881,0.5872649550437927,-0.0160512812435627,0.7501718997955322,0.6073100566864014,-0.014422832988202572,0.3844356834888458,0.3390387296676636,-8.268780504749884e-08,0.37125515937805176,0.30522021651268005,-0.008372243493795395,0.3677065372467041,0.2679707705974579,-0.010600650683045387,0.37745752930641174,0.24446702003479004,-0.01263374648988247,0.3886837363243103,0.2349778562784195,-0.013207914307713509,0.3693041503429413,0.23786291480064392,0.0020041840616613626,0.3711574971675873,0.20091280341148376,-0.004423079080879688,0.371182918548584,0.20297273993492126,-0.009681974537670612,0.3685506284236908,0.2202446311712265,-0.01191502995789051,0.38190698623657227,0.23781754076480865,0.0038102148100733757,0.38473132252693176,0.19327417016029358,-0.0017639542929828167,0.38498154282569885,0.20128491520881653,-0.007210375275462866,0.3821352422237396,0.22162076830863953,-0.00971459411084652,0.3938124179840088,0.24445374310016632,0.0037952919956296682,0.39683544635772705,0.20419341325759888,-0.0009965409990400076,0.39671480655670166,0.2110794186592102,-0.005246539134532213,0.3934362232685089,0.22963009774684906,-0.007117273285984993,0.40428176522254944,0.25654226541519165,0.002870712196454406,0.4076007008552551,0.2281389683485031,-0.0009665396646596491,0.4071393311023712,0.22862893342971802,-0.003892680397257209,0.40410375595092773,0.2395646870136261,-0.005312439985573292
18,0.7301997542381287,0.7131755948066711,-2.393279316947883e-07,0.7103577256202698,0.6805686950683594,-0.007432721555233002,0.7013705968856812,0.6365272998809814,-0.012345047667622566,0.7154229283332825,0.6126899123191833,-0.018570413812994957,0.7313246726989746,0.6236640214920044,-0.022880466654896736,0.714326024055481,0.5835738778114319,-0.00053426343947649,0.7170081734657288,0.5319862365722656,-0.012175435200333595,0.7131420373916626,0.5613673329353333,-0.01993979886174202,0.711696207523346,0.5896255970001221,-0.02407381869852543,0.7304477691650391,0.5860443711280823,-0.0021678349003195763,0.7335965037345886,0.5305928587913513,-0.012810732237994671,0.7283372282981873,0.5666167736053467,-0.01587802916765213,0.7257954478263855,0.5945557355880737,-0.015845781192183495,0.7458478808403015,0.5949540734291077,-0.006093705538660288,0.7492998838424683,0.5431665778160095,-0.014695233665406704,0.7427160739898682,0.5739697217941284,-0.012997878715395927,0.7391008734703064,0.6006559133529663,-0.009753073565661907,0.7608672976493835,0.610931932926178,-0.011356180533766747,0.7608193755149841,0.5718072652816772,-0.017094776034355164,0.7546628713607788,0.5861700773239136,-0.016514379531145096,0.7504947185516357,0.6061767339706421,-0.014829227700829506,0.3860844373703003,0.33919137716293335,-9.072421391920216e-08,0.3726993501186371,0.30687281489372253,-0.006582750007510185,0.36906149983406067,0.27071335911750793,-0.00826494675129652,0.37687405943870544,0.24374955892562866,-0.0101534528657794,0.3857451379299164,0.22775283455848694,-0.010748160071671009,0.3711077570915222,0.24019096791744232,0.0027420981787145138,0.3723335266113281,0.2039632946252823,-0.003770399373024702,0.3708465099334717,0.20464158058166504,-0.008831978775560856,0.36832818388938904,0.21902889013290405,-0.010920203290879726,0.3837009072303772,0.24004359543323517,0.003493468975648284,0.3859442472457886,0.19490128755569458,-0.002187805948778987,0.38425567746162415,0.2017618715763092,-0.00641799857839942,0.3814523220062256,0.2204556167125702,-0.007980890572071075,0.39552003145217896,0.24689093232154846,0.0025288560427725315,0.39829352498054504,0.20512020587921143,-0.0025248650927096605,0.3961039185523987,0.21283626556396484,-0.0045968894846737385,0.3926357626914978,0.23045574128627777,-0.004799492657184601,0.40586116909980774,0.25998175144195557,0.0007445718511007726,0.4095601439476013,0.23169444501399994,-0.002449008170515299,0.40779176354408264,0.23163053393363953,-0.0033942069858312607,0.4046112895011902,0.2398122400045395,-0.003369289683178067
19,0.730563223361969,0.7123790383338928,-2.302714960933372e-07,0.7101324200630188,0.6810933947563171,-0.007517805323004723,0.6997827887535095,0.6377729177474976,-0.012294082902371883,0.7126980423927307,0.6122955679893494,-0.01833902671933174,0.7289636135101318,0.6204504370689392,-0.022374171763658524,0.7143283486366272,0.5836052298545837,0.0002466765290591866,0.7172707319259644,0.5318508148193359,-0.011111733503639698,0.7135219573974609,0.560519278049469,-0.01874811016023159,0.712004542350769,0.5885531902313232,-0.022770559415221214,0.7300974130630493,0.5862632989883423,-0.0011795107275247574,0.7330676913261414,0.5315632820129395,-0.011728784069418907,0.7280921936035156,0.5667341351509094,-0.01510650385171175,0.7255208492279053,0.5944548845291138,-0.015276900492608547,0.7451547980308533,0.5950993299484253,-0.004953271709382534,0.7486942410469055,0.5440529584884644,-0.01372358575463295,0.7427054047584534,0.5736685395240784,-0.012578277848660946,0.7391062378883362,0.6003535389900208,-0.009667715057730675,0.7600505352020264,0.6114245057106018,-0.010023484006524086,0.7605339288711548,0.5727056264877319,-0.016175081953406334,0.7543674111366272,0.5866129398345947,-0.016015764325857162,0.7497609257698059,0.6065303087234497,-0.014533528126776218,0.38765501976013184,0.3406653106212616,-1.027563598654524e-07,0.3742102384567261,0.30841830372810364,-0.0064291395246982574,0.3699846565723419,0.27433276176452637,-0.008420443162322044,0.3776390552520752,0.2500898241996765,-0.010528585873544216,0.3867330849170685,0.23735034465789795,-0.011167362332344055,0.370866984128952,0.2411498725414276,0.002110490808263421,0.3729564845561981,0.201379656791687,-0.004065008834004402,0.3726497292518616,0.2073509693145752,-0.009045548737049103,0.37008973956108093,0.22430701553821564,-0.011322126723825932,0.383847177028656,0.2415526956319809,0.002964046783745289,0.3863080143928528,0.19469331204891205,-0.00220595789141953,0.3861134946346283,0.2070210725069046,-0.00654946081340313,0.38370972871780396,0.22589364647865295,-0.008607832714915276,0.39559176564216614,0.24742436408996582,0.002270652446895838,0.39847350120544434,0.2052605301141739,-0.0016954111633822322,0.3977840542793274,0.21556305885314941,-0.0034647565335035324,0.3948412537574768,0.23328565061092377,-0.004013452213257551,0.4063151776790619,0.2592770457267761,0.0006909366347827017,0.40858012437820435,0.2322402149438858,-0.0019182672258466482,0.4084368646144867,0.23310595750808716,-0.0030813650228083134,0.40626341104507446,0.2400927096605301,-0.003573198337107897
20,0.730563223361969,0.7123790383338928,-2.302714960933372e-07,0.7101324200630188,0.6810933947563171,-0.007517805323004723,0.6997827887535095,0.6377729177474976,-0.012294082902371883,0.7126980423927307,0.6122955679893494,-0.01833902671933174,0.7289636135101318,0.6204504370689392,-0.022374171763658524,0.7143283486366272,0.5836052298545837,0.0002466765290591866,0.7172707319259644,0.5318508148193359,-0.011111733503639698,0.7135219573974609,0.560519278049469,-0.01874811016023159,0.712004542350769,0.5885531902313232,-0.022770559415221214,0.7300974130630493,0.5862632989883423,-0.0011795107275247574,0.7330676913261414,0.5315632820129395,-0.011728784069418907,0.7280921936035156,0.5667341351509094,-0.01510650385171175,0.7255208492279053,0.5944548845291138,-0.015276900492608547,0.7451547980308533,0.5950993299484253,-0.004953271709382534,0.7486942410469055,0.5440529584884644,-0.01372358575463295,0.7427054047584534,0.5736685395240784,-0.012578277848660946,0.7391062378883362,0.6003535389900208,-0.009667715057730675,0.7600505352020264,0.6114245057106018,-0.010023484006524086,0.7605339288711548,0.5727056264877319,-0.016175081953406334,0.7543674111366272,0.5866129398345947,-0.016015764325857162,0.7497609257698059,0.6065303087234497,-0.014533528126776218,0.38765501976013184,0.3406653106212616,-1.027563598654524e-07,0.3742102384567261,0.30841830372810364,-0.0064291395246982574,0.3699846565723419,0.27433276176452637,-0.008420443162322044,0.3776390552520752,0.2500898241996765,-0.010528585873544216,0.3867330849170685,0.23735034465789795,-0.011167362332344055,0.370866984128952,0.2411498725414276,0.002110490808263421,0.3729564845561981,0.201379656791687,-0.004065008834004402,0.3726497292518616,0.2073509693145752,-0.009045548737049103,0.37008973956108093,0.22430701553821564,-0.011322126723825932,0.383847177028656,0.2415526956319809,0.002964046783745289,0.3863080143928528,0.19469331204891205,-0.00220595789141953,0.3861134946346283,0.2070210725069046,-0.00654946081340313,0.38370972871780396,0.22589364647865295,-0.008607832714915276,0.39559176564216614,0.24742436408996582,0.002270652446895838,0.39847350120544434,0.2052605301141739,-0.0016954111633822322,0.3977840542793274,0.21556305885314941,-0.0034647565335035324,0.3948412537574768,0.23328565061092377,-0.004013452213257551,0.4063151776790619,0.2592770457267761,0.0006909366347827017,0.40858012437820435,0.2322402149438858,-0.0019182672258466482,0.4084368646144867,0.23310595750808716,-0.0030813650228083134,0.40626341104507446,0.2400927096605301,-0.003573198337107897
21,0.39016193151474,0.33766037225723267,-1.2938292570652266e-07,0.37699463963508606,0.3078550398349762,-0.005825095344334841,0.3699488937854767,0.2764076292514801,-0.008898192085325718,0.37505751848220825,0.2535988688468933,-0.012198660522699356,0.38442978262901306,0.24122606217861176,-0.014436044730246067,0.37545105814933777,0.23886656761169434,-0.0018625081283971667,0.3762887716293335,0.20125097036361694,-0.008805552497506142,0.373681902885437,0.2046961933374405,-0.013446968980133533,0.37113168835639954,0.22121721506118774,-0.015528378076851368,0.38849425315856934,0.23857061564922333,-0.002189991530030966,0.3899221122264862,0.19324873387813568,-0.009050983935594559,0.3874608874320984,0.20540642738342285,-0.012925378978252411,0.38480040431022644,0.22682735323905945,-0.014158420264720917,0.4006294310092926,0.2456972599029541,-0.0037775933742523193,0.402431845664978,0.20583513379096985,-0.009701254777610302,0.3997722864151001,0.21751153469085693,-0.011608917266130447,0.3965211808681488,0.2357291281223297,-0.011743140406906605,0.4109649062156677,0.2584529221057892,-0.0059103695675730705,0.41148582100868225,0.22911326587200165,-0.010089120827615261,0.4088168442249298,0.23375725746154785,-0.010968551971018314,0.40531742572784424,0.246302992105484,-0.010835357941687107,0.7275509238243103,0.7109546661376953,-2.257024647178696e-07,0.7081970572471619,0.6788290143013,-0.007922787219285965,0.6999574303627014,0.6359705924987793,-0.012977303937077522,0.7137742042541504,0.6121005415916443,-0.019254960119724274,0.7288525104522705,0.6210518479347229,-0.023470446467399597,0.7135380506515503,0.5829740166664124,-0.0007982373354025185,0.7171087861061096,0.5311335325241089,-0.012180554680526257,0.7126694917678833,0.5608216524124146,-0.01933399774134159,0.7106125354766846,0.5890655517578125,-0.02295142412185669,0.7290694117546082,0.5865145921707153,-0.0022273745853453875,0.7326719760894775,0.5308469533920288,-0.013124269433319569,0.7273367643356323,0.5664713978767395,-0.016390768811106682,0.7243070006370544,0.5936833024024963,-0.016425304114818573,0.7440674901008606,0.5963754653930664,-0.005977277643978596,0.7485479712486267,0.5435638427734375,-0.01535473857074976,0.7423707842826843,0.5732091665267944,-0.01439770869910717,0.7382691502571106,0.5996540188789368,-0.011507540009915829,0.7588424682617188,0.613624632358551,-0.010998561047017574,0.7603588104248047,0.5737226009368896,-0.01776924356818199,0.754169225692749,0.5872140526771545,-0.017826706171035767,0.7489627599716187,0.606932520866394,-0.01641773246228695
22,0.39397087693214417,0.3433050513267517,-1.1587069792540206e-07,0.38203510642051697,0.31341925263404846,-0.007743236608803272,0.37611252069473267,0.27995947003364563,-0.010618878528475761,0.3792394697666168,0.2542322278022766,-0.01339357253164053,0.38339483737945557,0.23706263303756714,-0.014738769270479679,0.3800993859767914,0.2418568879365921,-0.000527595286257565,0.3805186152458191,0.20249459147453308,-0.00867594312876463,0.376642644405365,0.20592288672924042,-0.014415730722248554,0.37346145510673523,0.22334393858909607,-0.01665833592414856,0.3921296000480652,0.24207861721515656,0.0005034514470025897,0.3935491740703583,0.1967325359582901,-0.007286536507308483,0.3880036771297455,0.20428985357284546,-0.011488450691103935,0.38394781947135925,0.22504599392414093,-0.012348366901278496,0.4037519097328186,0.2492225021123886,-0.0003310039755888283,0.4051271080970764,0.20796960592269897,-0.006983097176998854,0.3990636169910431,0.21319395303726196,-0.009231146425008774,0.3949711322784424,0.23123016953468323,-0.008885812014341354,0.4143849015235901,0.26307213306427,-0.0020189136266708374,0.41503414511680603,0.2339065670967102,-0.006420574616640806,0.41071295738220215,0.23350577056407928,-0.007795474957674742,0.407519668340683,0.2449599653482437,-0.007573164999485016,0.7277259826660156,0.7113950252532959,-2.2139165878343192e-07,0.7076247334480286,0.678956151008606,-0.008493692614138126,0.699558675289154,0.6349995732307434,-0.013407837599515915,0.7144796848297119,0.611511766910553,-0.019366418942809105,0.7301971912384033,0.6213914752006531,-0.02331545762717724,0.7130692005157471,0.5834624767303467,-0.0011447935830801725,0.7164387106895447,0.5315858721733093,-0.012190422043204308,0.712532639503479,0.5598775744438171,-0.019160998985171318,0.7109010815620422,0.5875002145767212,-0.02279122732579708,0.7290018796920776,0.5865419507026672,-0.0021742787212133408,0.7327706217765808,0.5307833552360535,-0.012896779924631119,0.7275218367576599,0.5652167201042175,-0.016031702980399132,0.7245926260948181,0.5926966667175293,-0.01595252752304077,0.7439386248588562,0.5961834192276001,-0.005551530979573727,0.7485930323600769,0.5443410873413086,-0.014944570139050484,0.742256760597229,0.5734072327613831,-0.01408515963703394,0.7381235361099243,0.6000174880027771,-0.011180778034031391,0.7585386633872986,0.6133168339729309,-0.010262245312333107,0.7601909041404724,0.5739585161209106,-0.017304524779319763,0.7541032433509827,0.5869938135147095,-0.017689621075987816,0.7490788102149963,0.6065942049026489,-0.016465116292238235
23,0.3917417824268341,0.34257858991622925,-1.249580776629955e-07,0.3779391944408417,0.3123847246170044,-0.008089732378721237,0.3725225031375885,0.2767384946346283,-0.010693226009607315,0.37977665662765503,0.252419114112854,-0.012971485033631325,0.3894317150115967,0.24363583326339722,-0.013764670118689537,0.3757193088531494,0.24139486253261566,-0.0010313240345567465,0.3784768283367157,0.2026979923248291,-0.007273061666637659,0.3765026330947876,0.2100801169872284,-0.011910423636436462,0.37378594279289246,0.2286710888147354,-0.014152771793305874,0.3885260224342346,0.2412392944097519,0.00025696438387967646,0.39070186018943787,0.1954059898853302,-0.005818397272378206,0.38909709453582764,0.20955082774162292,-0.010297339409589767,0.3868039846420288,0.23119132220745087,-0.012218580581247807,0.4006393849849701,0.24754834175109863,1.5668629202991724e-06,0.4025963544845581,0.20729756355285645,-0.005288903601467609,0.4015600383281708,0.21957959234714508,-0.008665437810122967,0.39908161759376526,0.23846419155597687,-0.01006103865802288,0.411388099193573,0.2597517967224121,-0.0010801067110151052,0.41266950964927673,0.23132336139678955,-0.00519807543605566,0.41101598739624023,0.2363431304693222,-0.0074789635837078094,0.4079701006412506,0.24915997684001923,-0.008626929484307766,0.7275004982948303,0.7117277383804321,-2.1716762432788528e-07,0.7082505226135254,0.6789177060127258,-0.008348176255822182,0.7001684904098511,0.6356626152992249,-0.013586480170488358,0.7147778868675232,0.612230658531189,-0.019869904965162277,0.7301876544952393,0.622998058795929,-0.024099569767713547,0.713153600692749,0.5837873220443726,-0.0019482880597934127,0.7163774967193604,0.532151997089386,-0.01311409566551447,0.7125656604766846,0.5609745979309082,-0.019888650625944138,0.7107517719268799,0.5890428423881531,-0.023298898711800575,0.7290059924125671,0.5868439674377441,-0.0031668180599808693,0.7324675917625427,0.5314211249351501,-0.013927469961345196,0.7275900840759277,0.5656759142875671,-0.016876569017767906,0.7246968150138855,0.5926300883293152,-0.016742173582315445,0.7441694140434265,0.5966830253601074,-0.006674335803836584,0.7484541535377502,0.5446068048477173,-0.016008634120225906,0.7427574992179871,0.5732024312019348,-0.01512379851192236,0.7389675974845886,0.5994237065315247,-0.012325865216553211,0.7589570879936218,0.6142212152481079,-0.011477591469883919,0.76028972864151,0.5739783644676208,-0.018427273258566856,0.7545105814933777,0.5864054560661316,-0.018771182745695114,0.7495924234390259,0.6056268215179443,-0.017579374834895134
24,0.3917417824268341,0.34257858991622925,-1.249580776629955e-07,0.3779391944408417,0.3123847246170044,-0.008089732378721237,0.3725225031375885,0.2767384946346283,-0.010693226009607315,0.37977665662765503,0.252419114112854,-0.012971485033631325,0.3894317150115967,0.24363583326339722,-0.013764670118689537,0.3757193088531494,0.24139486253261566,-0.0010313240345567465,0.3784768283367157,0.2026979923248291,-0.007273061666637659,0.3765026330947876,0.2100801169872284,-0.011910423636436462,0.37378594279289246,0.2286710888147354,-0.014152771793305874,0.3885260224342346,0.2412392944097519,0.00025696438387967646,0.39070186018943787,0.1954059898853302,-0.005818397272378206,0.38909709453582764,0.20955082774162292,-0.010297339409589767,0.3868039846420288,0.23119132220745087,-0.012218580581247807,0.4006393849849701,0.24754834175109863,1.5668629202991724e-06,0.4025963544845581,0.20729756355285645,-0.005288903601467609,0.4015600383281708,0.21957959234714508,-0.008665437810122967,0.39908161759376526,0.23846419155597687,-0.01006103865802288,0.411388099193573,0.2597517967224121,-0.0010801067110151052,0.41266950964927673,0.23132336139678955,-0.00519807543605566,0.41101598739624023,0.2363431304693222,-0.0074789635837078094,0.4079701006412506,0.24915997684001923,-0.008626929484307766,0.7275004982948303,0.7117277383804321,-2.1716762432788528e-07,0.7082505226135254,0.6789177060127258,-0.008348176255822182,0.7001684904098511,0.6356626152992249,-0.013586480170488358,0.7147778868675232,0.612230658531189,-0.019869904965162277,0.7301876544952393,0.622998058795929,-0.024099569767713547,0.713153600692749,0.5837873220443726,-0.0019482880597934127,0.7163774967193604,0.532151997089386,-0.01311409566551447,0.7125656604766846,0.5609745979309082,-0.019888650625944138,0.7107517719268799,0.5890428423881531,-0.023298898711800575,0.7290059924125671,0.5868439674377441,-0.0031668180599808693,0.7324675917625427,0.5314211249351501,-0.013927469961345196,0.7275900840759277,0.5656759142875671,-0.016876569017767906,0.7246968150138855,0.5926300883293152,-0.016742173582315445,0.7441694140434265,0.5966830253601074,-0.006674335803836584,0.7484541535377502,0.5446068048477173,-0.016008634120225906,0.7427574992179871,0.5732024312019348,-0.01512379851192236,0.7389675974845886,0.5994237065315247,-0.012325865216553211,0.7589570879936218,0.6142212152481079,-0.011477591469883919,0.76028972864151,0.5739783644676208,-0.018427273258566856,0.7545105814933777,0.5864054560661316,-0.018771182745695114,0.7495924234390259,0.6056268215179443,-0.017579374834895134
25,0.392445832490921,0.34331274032592773,-1.167745580232804e-07,0.37822121381759644,0.3115105628967285,-0.007763386238366365,0.3726558983325958,0.277054101228714,-0.01004138682037592,0.37826859951019287,0.2515905797481537,-0.012172465212643147,0.3855861723423004,0.2391873300075531,-0.012851521372795105,0.3765186369419098,0.24096930027008057,0.0006172858993522823,0.3790971040725708,0.20240575075149536,-0.005992865189909935,0.37767165899276733,0.20854295790195465,-0.011179819703102112,0.3749755620956421,0.2264055460691452,-0.013499507680535316,0.38993674516677856,0.24235635995864868,0.0019952505826950073,0.3925173282623291,0.19626577198505402,-0.003998051397502422,0.3907091021537781,0.20807847380638123,-0.009088858030736446,0.38787779211997986,0.22885960340499878,-0.011294827796518803,0.4020530581474304,0.24938367307186127,0.0017071375623345375,0.4039015769958496,0.20936551690101624,-0.003085555275902152,0.40230491757392883,0.21839874982833862,-0.006716528907418251,0.3992651402950287,0.23658715188503265,-0.008173980750143528,0.41257643699645996,0.26251348853111267,0.0005712949205189943,0.4134538471698761,0.2358914315700531,-0.0024510317016392946,0.41232240200042725,0.23561055958271027,-0.0047780475579202175,0.4098038375377655,0.24380284547805786,-0.006001717876642942,0.7278622388839722,0.710898220539093,-2.1345896072944015e-07,0.7083154320716858,0.6790211796760559,-0.00845279823988676,0.6995531320571899,0.6363773345947266,-0.013839831575751305,0.7134173512458801,0.6120764017105103,-0.020158810541033745,0.7291765809059143,0.6210224628448486,-0.02444438822567463,0.7124606370925903,0.5853370428085327,-0.002668998437002301,0.7160971164703369,0.5327103137969971,-0.014294837601482868,0.7132214307785034,0.5612704753875732,-0.021363941952586174,0.7114678025245667,0.5897005200386047,-0.024832723662257195,0.7285269498825073,0.5880032181739807,-0.003734343219548464,0.7320432662963867,0.5315572619438171,-0.014735113829374313,0.7280491590499878,0.5659401416778564,-0.018022390082478523,0.7251374125480652,0.5933303833007812,-0.01812056452035904,0.7438452243804932,0.5972439646720886,-0.007056341506540775,0.7479474544525146,0.5453848838806152,-0.016444234177470207,0.7430853843688965,0.5740288496017456,-0.015921184793114662,0.7393414974212646,0.6002148985862732,-0.013421030715107918,0.758782684803009,0.6140866279602051,-0.011638741940259933,0.7595266699790955,0.5741800665855408,-0.018594874069094658,0.7544019818305969,0.5870004892349243,-0.019167320802807808,0.7497422099113464,0.6061916351318359,-0.01817905157804489
26,0.3936780095100403,0.3428371250629425,-1.2694385986833367e-07,0.37985870242118835,0.3117103576660156,-0.008616045117378235,0.37315523624420166,0.2766871750354767,-0.01114251371473074,0.3786951005458832,0.2513255178928375,-0.013250407762825489,0.3875795006752014,0.23767538368701935,-0.01399926282465458,0.37678638100624084,0.24173733592033386,-0.0009367871098220348,0.3791835606098175,0.20252260565757751,-0.007895631715655327,0.37746933102607727,0.20701351761817932,-0.013205290772020817,0.3746543824672699,0.22394870221614838,-0.01567026972770691,0.3901047110557556,0.24204568564891815,0.0006364532164297998,0.39271944761276245,0.19498497247695923,-0.0059286789037287235,0.39107710123062134,0.2083420306444168,-0.011362869292497635,0.38838937878608704,0.22975774109363556,-0.013756496831774712,0.40244534611701965,0.24882559478282928,0.0005511378403753042,0.404828280210495,0.2082533985376358,-0.005344662815332413,0.4031681716442108,0.21984869241714478,-0.009698931127786636,0.39971381425857544,0.23850712180137634,-0.011532540433108807,0.412995308637619,0.2616986632347107,-0.00029616215033456683,0.41429805755615234,0.23183628916740417,-0.004886648152023554,0.4125165343284607,0.2358749806880951,-0.007770387921482325,0.40894827246665955,0.2481151968240738,-0.009214178659021854,0.726643979549408,0.7129839062690735,-2.2295384383141936e-07,0.7079463601112366,0.679258406162262,-0.008142126724123955,0.6990055441856384,0.6363901495933533,-0.013564448803663254,0.712647020816803,0.6114436984062195,-0.020156772807240486,0.7278093695640564,0.6217312216758728,-0.024661041796207428,0.7135646343231201,0.5836588740348816,-0.0015082680620253086,0.7163779735565186,0.5321170091629028,-0.013069238513708115,0.7122343182563782,0.5618509650230408,-0.020196715369820595,0.7104145288467407,0.5899373888969421,-0.023804640397429466,0.7294875979423523,0.5865962505340576,-0.0028893123380839825,0.7324422001838684,0.5316630601882935,-0.013989306055009365,0.7274518013000488,0.5676812529563904,-0.016969207674264908,0.7246917486190796,0.5942788124084473,-0.01683281548321247,0.744568943977356,0.5962429642677307,-0.006597801577299833,0.7484232187271118,0.5445336699485779,-0.01599319837987423,0.7427644729614258,0.5747489333152771,-0.014745381660759449,0.7390889525413513,0.6009472012519836,-0.011727523058652878,0.7590872645378113,0.6138015985488892,-0.011617164127528667,0.7601945400238037,0.5739208459854126,-0.018410535529255867,0.7546878457069397,0.5873973369598389,-0.01847490854561329,0.750015914440155,0.6065388321876526,-0.017069892957806587
27,0.3963298201560974,0.34308356046676636,-9.653966515088541e-08,0.3854869306087494,0.31351715326309204,-0.009188450872898102,0.37955519556999207,0.28091269731521606,-0.012408330105245113,0.3826560974121094,0.25537195801734924,-0.015257855877280235,0.38634300231933594,0.2389237880706787,-0.01664646528661251,0.3803980052471161,0.2411697953939438,-0.00023087390582077205,0.3810688555240631,0.20097509026527405,-0.006991911679506302,0.3793397545814514,0.20587816834449768,-0.01217476837337017,0.37738871574401855,0.22262021899223328,-0.014413030818104744,0.392048180103302,0.2415672391653061,0.0017216898268088698,0.3933984935283661,0.19649316370487213,-0.0045223478227853775,0.39037832617759705,0.20856615900993347,-0.009229123592376709,0.38784971833229065,0.2294837236404419,-0.01083324383944273,0.403640478849411,0.24834536015987396,0.001811498194001615,0.40466317534446716,0.20741212368011475,-0.0036954234819859266,0.40111514925956726,0.21708661317825317,-0.006770857144147158,0.3981332778930664,0.23593902587890625,-0.007351589389145374,0.4140516221523285,0.2612018287181854,0.0009491858072578907,0.41528087854385376,0.23193331062793732,-0.0033840727992355824,0.4129054844379425,0.23249241709709167,-0.005619898438453674,0.4105812907218933,0.2424493134021759,-0.006146054714918137,0.7267224788665771,0.7140142917633057,-2.034349364521404e-07,0.7081353068351746,0.6788815259933472,-0.00998705718666315,0.6993405818939209,0.6351426243782043,-0.01607431098818779,0.7142321467399597,0.6115660667419434,-0.02295631170272827,0.7296110987663269,0.6249456405639648,-0.027612540870904922,0.7140873670578003,0.5826863050460815,-0.0024093554820865393,0.7166426181793213,0.5323136448860168,-0.014187759719789028,0.7126337885856628,0.5612736940383911,-0.021616274490952492,0.7110631465911865,0.5892811417579651,-0.02552405744791031,0.7297798991203308,0.5859414339065552,-0.002992247696965933,0.7330201864242554,0.5325514078140259,-0.014674069359898567,0.7277300953865051,0.5671222805976868,-0.017957348376512527,0.7252988219261169,0.5938923358917236,-0.01794583909213543,0.7447423934936523,0.5960496664047241,-0.006132937502115965,0.7488581538200378,0.5462579131126404,-0.0160458292812109,0.7428355813026428,0.5740804076194763,-0.015418133698403835,0.739480197429657,0.6004358530044556,-0.01267960760742426,0.7592853903770447,0.6142224073410034,-0.010787107981741428,0.7601397633552551,0.5754780769348145,-0.018017088994383812,0.754357099533081,0.5869095921516418,-0.018902190029621124,0.7499490976333618,0.6057557463645935,-0.01805914379656315
28,0.3963298201560974,0.34308356046676636,-9.653966515088541e-08,0.3854869306087494,0.31351715326309204,-0.009188450872898102,0.37955519556999207,0.28091269731521606,-0.012408330105245113,0.3826560974121094,0.25537195801734924,-0.015257855877280235,0.38634300231933594,0.2389237880706787,-0.01664646528661251,0.3803980052471161,0.2411697953939438,-0.00023087390582077205,0.3810688555240631,0.20097509026527405,-0.006991911679506302,0.3793397545814514,0.20587816834449768,-0.01217476837337017,0.37738871574401855,0.22262021899223328,-0.014413030818104744,0.392048180103302,0.2415672391653061,0.0017216898268088698,0.3933984935283661,0.19649316370487213,-0.0045223478227853775,0.39037832617759705,0.20856615900993347,-0.009229123592376709,0.38784971833229065,0.2294837236404419,-0.01083324383944273,0.403640478849411,0.24834536015987396,0.001811498194001615,0.40466317534446716,0.20741212368011475,-0.0036954234819859266,0.40111514925956726,0.21708661317825317,-0.006770857144147158,0.3981332778930664,0.23593902587890625,-0.007351589389145374,0.4140516221523285,0.2612018287181854,0.0009491858072578907,0.41528087854385376,0.23193331062793732,-0.0033840727992355824,0.4129054844379425,0.23249241709709167,-0.005619898438453674,0.4105812907218933,0.2424493134021759,-0.006146054714918137,0.7267224788665771,0.7140142917633057,-2.034349364521404e-07,0.7081353068351746,0.6788815259933472,-0.00998705718666315,0.6993405818939209,0.6351426243782043,-0.01607431098818779,0.7142321467399597,0.6115660667419434,-0.02295631170272827,0.7296110987663269,0.6249456405639648,-0.027612540870904922,0.7140873670578003,0.5826863050460815,-0.0024093554820865393,0.7166426181793213,0.5323136448860168,-0.014187759719789028,0.7126337885856628,0.5612736940383911,-0.021616274490952492,0.7110631465911865,0.5892811417579651,-0.02552405744791031,0.7297798991203308,0.5859414339065552,-0.002992247696965933,0.7330201864242554,0.5325514078140259,-0.014674069359898567,0.7277300953865051,0.5671222805976868,-0.017957348376512527,0.7252988219261169,0.5938923358917236,-0.01794583909213543,0.7447423934936523,0.5960496664047241,-0.006132937502115965,0.7488581538200378,0.5462579131126404,-0.0160458292812109,0.7428355813026428,0.5740804076194763,-0.015418133698403835,0.739480197429657,0.6004358530044556,-0.01267960760742426,0.7592853903770447,0.6142224073410034,-0.010787107981741428,0.7601397633552551,0.5754780769348145,-0.018017088994383812,0.754357099533081,0.5869095921516418,-0.018902190029621124,0.7499490976333618,0.6057557463645935,-0.01805914379656315
29,0.3953579068183899,0.34621065855026245,-1.0390093763135155e-07,0.3843366205692291,0.31381261348724365,-0.010615916922688484,0.3786051273345947,0.2777910530567169,-0.013792166486382484,0.38335365056991577,0.2517853081226349,-0.01636311411857605,0.38925445079803467,0.2358531653881073,-0.017498480156064034,0.3801722228527069,0.24133384227752686,0.00012288600555621088,0.3810267150402069,0.20064759254455566,-0.007059933617711067,0.3787810802459717,0.20660588145256042,-0.013211293146014214,0.376639187335968,0.22449089586734772,-0.01622825860977173,0.3923366367816925,0.24171194434165955,0.0028325042221695185,0.3943104147911072,0.195771262049675,-0.0036131772212684155,0.39073646068573,0.2083146721124649,-0.009601385332643986,0.38797155022621155,0.22992384433746338,-0.012312836945056915,0.40394777059555054,0.24839022755622864,0.003481995314359665,0.40561965107917786,0.2072468400001526,-0.0021311354357749224,0.40215638279914856,0.21755428612232208,-0.006941134575754404,0.39885976910591125,0.23772434890270233,-0.008947977796196938,0.41404348611831665,0.2607898414134979,0.003061446128413081,0.4150135815143585,0.2305484265089035,-0.0015555663267150521,0.41237953305244446,0.2337658703327179,-0.005002334248274565,0.40950778126716614,0.24719417095184326,-0.006647496949881315,0.7264048457145691,0.7132256627082825,-2.0260918631720415e-07,0.707943856716156,0.6794787049293518,-0.009975847788155079,0.6988627314567566,0.6357088685035706,-0.016057893633842468,0.7129620909690857,0.6113449931144714,-0.022832708433270454,0.7279810309410095,0.6242246031761169,-0.02737629972398281,0.7139565944671631,0.5815116167068481,-0.0024743659887462854,0.7167274951934814,0.5327076315879822,-0.013895219191908836,0.7127952575683594,0.5610348582267761,-0.0210864394903183,0.7106781005859375,0.5886201858520508,-0.024897778406739235,0.7298732995986938,0.5840947031974792,-0.0030129053629934788,0.732914388179779,0.5324034690856934,-0.014273076318204403,0.7276383638381958,0.5672388076782227,-0.017541419714689255,0.7246575951576233,0.5935674905776978,-0.01767876371741295,0.7449616193771362,0.5938843488693237,-0.006051511038094759,0.7486760020256042,0.5450344085693359,-0.01579154282808304,0.7429078817367554,0.573702335357666,-0.015279497019946575,0.7393368482589722,0.599841296672821,-0.012793452478945255,0.7594518065452576,0.6121413111686707,-0.010558385401964188,0.7596326470375061,0.573993444442749,-0.018056461587548256,0.7541825175285339,0.5871937274932861,-0.019118616357445717,0.7501583099365234,0.606270432472229,-0.018432294949889183
30,0.3927188515663147,0.3450752794742584,-1.1806323385599171e-07,0.38015514612197876,0.3127122223377228,-0.007958823814988136,0.37428247928619385,0.2764512300491333,-0.010284742340445518,0.3813212513923645,0.25181955099105835,-0.012288727797567844,0.3911896347999573,0.24089835584163666,-0.0128781171515584,0.3761926293373108,0.24318327009677887,-0.0004888742696493864,0.3781704604625702,0.20315960049629211,-0.007152951788157225,0.3777087330818176,0.2084382325410843,-0.012174521572887897,0.3752554655075073,0.22596612572669983,-0.014584509655833244,0.38965779542922974,0.24245750904083252,0.000642982660792768,0.3921450972557068,0.19448253512382507,-0.005574905313551426,0.39188599586486816,0.2085716277360916,-0.010311170481145382,0.38938865065574646,0.23023027181625366,-0.012346344999969006,0.40219610929489136,0.2485741823911667,0.00015552803233731538,0.4043179154396057,0.20739273726940155,-0.005270913243293762,0.40414631366729736,0.22118452191352844,-0.008560523390769958,0.4013924300670624,0.23978808522224426,-0.009880801662802696,0.41295093297958374,0.2606791853904724,-0.0011191744124516845,0.4143339693546295,0.23003889620304108,-0.005510837305337191,0.41324537992477417,0.2374865710735321,-0.0075474395416677,0.40994077920913696,0.2516241669654846,-0.00842185877263546,0.7276068329811096,0.7120169401168823,-2.0737427064432268e-07,0.7087389230728149,0.6787251234054565,-0.008335776627063751,0.6998247504234314,0.6361988186836243,-0.0138743557035923,0.7131979465484619,0.6120496392250061,-0.020511917769908905,0.7292050123214722,0.6198828220367432,-0.025173993781208992,0.7127899527549744,0.5846591591835022,-0.001841147430241108,0.716800332069397,0.5321190357208252,-0.013530964031815529,0.7142239212989807,0.5593130588531494,-0.02101019024848938,0.7123691439628601,0.587297260761261,-0.024770084768533707,0.7288538217544556,0.5876069664955139,-0.0031157205812633038,0.7324289679527283,0.531449556350708,-0.014135935343801975,0.7287356853485107,0.5648483037948608,-0.018098032101988792,0.7257778644561768,0.5922866463661194,-0.018738754093647003,0.7443236708641052,0.5971611142158508,-0.006673543713986874,0.7483513951301575,0.5448763370513916,-0.016177963465452194,0.7435988783836365,0.5731759667396545,-0.016165338456630707,0.739774763584137,0.5999560952186584,-0.014034966938197613,0.759324312210083,0.6144446730613708,-0.01147717610001564,0.760260283946991,0.5744129419326782,-0.01859215833246708,0.7550365924835205,0.5864965915679932,-0.019312594085931778,0.7501183152198792,0.6055957674980164,-0.018406495451927185
31,0.3927188515663147,0.3450752794742584,-1.1806323385599171e-07,0.38015514612197876,0.3127122223377228,-0.007958823814988136,0.37428247928619385,0.2764512300491333,-0.010284742340445518,0.3813212513923645,0.25181955099105835,-0.012288727797567844,0.3911896347999573,0.24089835584163666,-0.0128781171515584,0.3761926293373108,0.24318327009677887,-0.0004888742696493864,0.3781704604625702,0.20315960049629211,-0.007152951788157225,0.3777087330818176,0.2084382325410843,-0.012174521572887897,0.3752554655075073,0.22596612572669983,-0.014584509655833244,0.38965779542922974,0.24245750904083252,0.000642982660792768,0.3921450972557068,0.19448253512382507,-0.005574905313551426,0.39188599586486816,0.2085716277360916,-0.010311170481145382,0.38938865065574646,0.23023027181625366,-0.012346344999969006,0.40219610929489136,0.2485741823911667,0.00015552803233731538,0.4043179154396057,0.20739273726940155,-0.005270913243293762,0.40414631366729736,0.22118452191352844,-0.008560523390769958,0.4013924300670624,0.23978808522224426,-0.009880801662802696,0.41295093297958374,0.2606791853904724,-0.0011191744124516845,0.4143339693546295,0.23003889620304108,-0.005510837305337191,0.41324537992477417,0.2374865710735321,-0.0075474395416677,0.40994077920913696,0.2516241669654846,-0.00842185877263546,0.7276068329811096,0.7120169401168823,-2.0737427064432268e-07,0.7087389230728149,0.6787251234054565,-0.008335776627063751,0.6998247504234314,0.6361988186836243,-0.0138743557035923,0.7131979465484619,0.6120496392250061,-0.020511917769908905,0.7292050123214722,0.6198828220367432,-0.025173993781208992,0.7127899527549744,0.5846591591835022,-0.001841147430241108,0.716800332069397,0.5321190357208252,-0.013530964031815529,0.7142239212989807,0.5593130588531494,-0.02101019024848938,0.7123691439628601,0.587297260761261,-0.024770084768533707,0.7288538217544556,0.5876069664955139,-0.0031157205812633038,0.7324289679527283,0.531449556350708,-0.014135935343801975,0.7287356853485107,0.5648483037948608,-0.018098032101988792,0.7257778644561768,0.5922866463661194,-0.018738754093647003,0.7443236708641052,0.5971611142158508,-0.006673543713986874,0.7483513951301575,0.5448763370513916,-0.016177963465452194,0.7435988783836365,0.5731759667396545,-0.016165338456630707,0.739774763584137,0.5999560952186584,-0.014034966938197613,0.759324312210083,0.6144446730613708,-0.01147717610001564,0.760260283946991,0.5744129419326782,-0.01859215833246708,0.7550365924835205,0.5864965915679932,-0.019312594085931778,0.7501183152198792,0.6055957674980164,-0.018406495451927185
32,0.3961150348186493,0.3454071581363678,-9.08378794406417e-08,0.3840409219264984,0.31408578157424927,-0.009850331582129002,0.3781050443649292,0.27817174792289734,-0.012872524559497833,0.3852353096008301,0.2530863583087921,-0.015255400910973549,0.39437034726142883,0.24023088812828064,-0.016101231798529625,0.3795081675052643,0.24250411987304688,-0.0007190246833488345,0.3808978796005249,0.20098906755447388,-0.007614741567522287,0.3808082938194275,0.2060457468032837,-0.013359310105443,0.37931808829307556,0.22366593778133392,-0.016232935711741447,0.39175331592559814,0.2419666349887848,0.001557003939524293,0.3933672308921814,0.19561836123466492,-0.004237594548612833,0.39207178354263306,0.20698876678943634,-0.00952107086777687,0.3900831937789917,0.22748321294784546,-0.012175614014267921,0.4035964012145996,0.247772678732872,0.0018863830482587218,0.40504223108291626,0.20696505904197693,-0.0034095575101673603,0.4032716453075409,0.21672235429286957,-0.007879681885242462,0.40056532621383667,0.2358846217393875,-0.010093321092426777,0.4142507314682007,0.260038822889328,0.0011992589570581913,0.41507571935653687,0.23067669570446014,-0.003680128138512373,0.41321027278900146,0.2341608852148056,-0.007210456766188145,0.4103589355945587,0.24697768688201904,-0.009133219718933105,0.7287020683288574,0.7121890187263489,-2.1751695555849437e-07,0.7094545960426331,0.6797767877578735,-0.007897786796092987,0.7000526785850525,0.6370342373847961,-0.012882904149591923,0.7131216526031494,0.6115902662277222,-0.01903722435235977,0.7292053699493408,0.6180909276008606,-0.023162508383393288,0.7131064534187317,0.5842683911323547,-0.0008021308458410203,0.7176830768585205,0.5325676798820496,-0.012220229022204876,0.7141646146774292,0.5592461824417114,-0.019550342112779617,0.7121241092681885,0.586772620677948,-0.02324702963232994,0.7287167906761169,0.5874554514884949,-0.002158453920856118,0.7332286238670349,0.5317984819412231,-0.01315295696258545,0.7283019423484802,0.5651670098304749,-0.01691189780831337,0.7254399657249451,0.5928080677986145,-0.017230505123734474,0.7437124848365784,0.597213089466095,-0.005795700009912252,0.7485128045082092,0.5453158617019653,-0.015134974382817745,0.7428547739982605,0.5728223919868469,-0.014715466648340225,0.739138662815094,0.5995032787322998,-0.012177607975900173,0.7584742903709412,0.6145915389060974,-0.010668563656508923,0.759685754776001,0.5748690366744995,-0.017198504880070686,0.7541224360466003,0.5853145122528076,-0.017562605440616608,0.7493835687637329,0.6035916209220886,-0.016436833888292313
33,0.3923451900482178,0.345647394657135,-9.222785024576297e-08,0.380299836397171,0.31076428294181824,-0.008346455171704292,0.37713783979415894,0.27265146374702454,-0.009148039855062962,0.3862631916999817,0.24453821778297424,-0.009568455629050732,0.395781546831131,0.23033593595027924,-0.008439447730779648,0.37573277950286865,0.2428114116191864,0.004326822701841593,0.3768422603607178,0.20248638093471527,-0.0008005288545973599,0.3782080113887787,0.20695917308330536,-0.005438280291855335,0.3772915303707123,0.2239866703748703,-0.0075614312663674355,0.38913989067077637,0.24242651462554932,0.006719359662383795,0.39109477400779724,0.19565913081169128,0.0016470634145662189,0.39182987809181213,0.20877504348754883,-0.0040482422336936,0.3900606632232666,0.2296278327703476,-0.006685546599328518,0.401345819234848,0.24812915921211243,0.007248807232826948,0.40338462591171265,0.20703628659248352,0.002318290062248707,0.4034312963485718,0.21821247041225433,-0.002477010479196906,0.40081676840782166,0.23735924065113068,-0.004595654085278511,0.41188904643058777,0.25952813029289246,0.006961157079786062,0.4138723909854889,0.23041479289531708,0.003015108872205019,0.4130918085575104,0.2342481166124344,-0.00012299447553232312,0.4101463556289673,0.24639150500297546,-0.0016845331992954016,0.727122962474823,0.7132380604743958,-2.04937535386307e-07,0.7083523869514465,0.6784421801567078,-0.008382797241210938,0.6994936466217041,0.6359739303588867,-0.013647974468767643,0.7135886549949646,0.6108231544494629,-0.01995512843132019,0.7290086150169373,0.6193797588348389,-0.024218544363975525,0.7133194804191589,0.5839333534240723,-0.0012369895121082664,0.7169782519340515,0.5334944725036621,-0.012288568541407585,0.7137448787689209,0.5602160692214966,-0.019299698993563652,0.711595356464386,0.5875909328460693,-0.02286849543452263,0.7290884852409363,0.5865283608436584,-0.0023387232795357704,0.733396053314209,0.5327686071395874,-0.013068531639873981,0.7287431359291077,0.5660039186477661,-0.01644144020974636,0.7258067727088928,0.5925517678260803,-0.016719665378332138,0.7442282438278198,0.5965156555175781,-0.005770045332610607,0.7490930557250977,0.5461656451225281,-0.014867478981614113,0.7437353134155273,0.5731388330459595,-0.014427476562559605,0.7401602864265442,0.5991815328598022,-0.012121615000069141,0.7589055299758911,0.6150572299957275,-0.010517340153455734,0.7603830695152283,0.5761978030204773,-0.017063472419977188,0.7550662159919739,0.5862193703651428,-0.017688674852252007,0.7503718733787537,0.6036478281021118,-0.016891643404960632
34,0.39315107464790344,0.34322917461395264,-1.122649351259497e-07,0.3800257444381714,0.31297996640205383,-0.008367150090634823,0.3740386664867401,0.2773840129375458,-0.01067875511944294,0.38129091262817383,0.25100839138031006,-0.012583816424012184,0.3918437659740448,0.23893418908119202,-0.012957283295691013,0.3761956989765167,0.24208885431289673,-0.00023762363707646728,0.3787190616130829,0.20143334567546844,-0.00628255307674408,0.3785630166530609,0.20796824991703033,-0.010850443504750729,0.37638208270072937,0.22615662217140198,-0.013037258759140968,0.389488160610199,0.24138672649860382,0.0013588392175734043,0.39185288548469543,0.193609356880188,-0.004610266070812941,0.39160603284835815,0.20857654511928558,-0.009472701698541641,0.3895580768585205,0.23021675646305084,-0.011656615883111954,0.40202564001083374,0.247426837682724,0.0013525173999369144,0.40427035093307495,0.20680610835552216,-0.004078310914337635,0.40374937653541565,0.22012217342853546,-0.007642879616469145,0.40116825699806213,0.2387738674879074,-0.009095491841435432,0.41310301423072815,0.25970855355262756,0.0005508784088306129,0.4150107204914093,0.23046503961086273,-0.003733490128070116,0.4133058786392212,0.23621968924999237,-0.006014910060912371,0.40974539518356323,0.24906811118125916,-0.007078569382429123,0.7260249853134155,0.7140918970108032,-2.0018079283090628e-07,0.7086136341094971,0.6778790950775146,-0.009200554341077805,0.6995503306388855,0.6358848810195923,-0.015027856454253197,0.7133264541625977,0.6100895404815674,-0.021821903064846992,0.7282838225364685,0.6209490299224854,-0.02644500695168972,0.7142001390457153,0.5829346179962158,-0.0013818457955494523,0.7169603109359741,0.5325843095779419,-0.012728424742817879,0.713129997253418,0.5595846176147461,-0.019843142479658127,0.7114236950874329,0.5870425701141357,-0.02348710410296917,0.7301055788993835,0.5858675241470337,-0.0022701064590364695,0.733674168586731,0.5320994853973389,-0.013459420762956142,0.728236734867096,0.5650202035903931,-0.016750609502196312,0.7254355549812317,0.5914735794067383,-0.016797060146927834,0.7452431917190552,0.5964921712875366,-0.005630520638078451,0.7492720484733582,0.5461304783821106,-0.015164135955274105,0.7431143522262573,0.572943389415741,-0.014552517794072628,0.739526629447937,0.5991853475570679,-0.011862627230584621,0.7595779895782471,0.6155791878700256,-0.010409555397927761,0.760221004486084,0.5764398574829102,-0.01705428957939148,0.7548354864120483,0.58575439453125,-0.017644574865698814,0.7506730556488037,0.6032540202140808,-0.01665423810482025
35,0.39315107464790344,0.34322917461395264,-1.122649351259497e-07,0.3800257444381714,0.31297996640205383,-0.008367150090634823,0.3740386664867401,0.2773840129375458,-0.01067875511944294,0.38129091262817383,0.25100839138031006,-0.012583816424012184,0.3918437659740448,0.23893418908119202,-0.012957283295691013,0.3761956989765167,0.24208885431289673,-0.00023762363707646728,0.3787190616130829,0.20143334567546844,-0.00628255307674408,0.3785630166530609,0.20796824991703033,-0.010850443504750729,0.37638208270072937,0.22615662217140198,-0.013037258759140968,0.389488160610199,0.24138672649860382,0.0013588392175734043,0.39185288548469543,0.193609356880188,-0.004610266070812941,0.39160603284835815,0.20857654511928558,-0.009472701698541641,0.3895580768585205,0.23021675646305084,-0.011656615883111954,0.40202564001083374,0.247426837682724,0.0013525173999369144,0.40427035093307495,0.20680610835552216,-0.004078310914337635,0.40374937653541565,0.22012217342853546,-0.007642879616469145,0.40116825699806213,0.2387738674879074,-0.009095491841435432,0.41310301423072815,0.25970855355262756,0.0005508784088306129,0.4150107204914093,0.23046503961086273,-0.003733490128070116,0.4133058786392212,0.23621968924999237,-0.006014910060912371,0.40974539518356323,0.24906811118125916,-0.007078569382429123,0.7260249853134155,0.7140918970108032,-2.0018079283090628e-07,0.7086136341094971,0.6778790950775146,-0.009200554341077805,0.6995503306388855,0.6358848810195923,-0.015027856454253197,0.7133264541625977,0.6100895404815674,-0.021821903064846992,0.7282838225364685,0.6209490299224854,-0.02644500695168972,0.7142001390457153,0.5829346179962158,-0.0013818457955494523,0.7169603109359741,0.5325843095779419,-0.012728424742817879,0.713129997253418,0.5595846176147461,-0.019843142479658127,0.7114236950874329,0.5870425701141357,-0.02348710410296917,0.7301055788993835,0.5858675241470337,-0.0022701064590364695,0.733674168586731,0.5320994853973389,-0.013459420762956142,0.728236734867096,0.5650202035903931,-0.016750609502196312,0.7254355549812317,0.5914735794067383,-0.016797060146927834,0.7452431917190552,0.5964921712875366,-0.005630520638078451,0.7492720484733582,0.5461304783821106,-0.015164135955274105,0.7431143522262573,0.572943389415741,-0.014552517794072628,0.739526629447937,0.5991853475570679,-0.011862627230584621,0.7595779895782471,0.6155791878700256,-0.010409555397927761,0.760221004486084,0.5764398574829102,-0.01705428957939148,0.7548354864120483,0.58575439453125,-0.017644574865698814,0.7506730556488037,0.6032540202140808,-0.01665423810482025
36,0.3917768895626068,0.34319642186164856,-1.1751890838240797e-07,0.3796752691268921,0.31342393159866333,-0.009007859043776989,0.3746027946472168,0.27860990166664124,-0.011935759335756302,0.3796292245388031,0.2521669268608093,-0.01435094978660345,0.3870047628879547,0.2369038164615631,-0.01521854754537344,0.37663304805755615,0.24007751047611237,-0.0018452719086781144,0.3790026903152466,0.20049695670604706,-0.008256792090833187,0.37869685888290405,0.20796139538288116,-0.012897719629108906,0.3762393295764923,0.22630304098129272,-0.014985927380621433,0.3897593319416046,0.24162733554840088,-2.801248911055154e-06,0.3924734592437744,0.1952798068523407,-0.006021762732416391,0.39203503727912903,0.2105821967124939,-0.010886389762163162,0.3896908164024353,0.23157571256160736,-0.013125359080731869,0.40190988779067993,0.24873091280460358,0.00023984027211554348,0.40464386343955994,0.20745722949504852,-0.005398482084274292,0.4038330018520355,0.22055122256278992,-0.009290398098528385,0.4006452262401581,0.2392333298921585,-0.010952787473797798,0.41240838170051575,0.26096028089523315,-0.00030362189863808453,0.4143662452697754,0.23162813484668732,-0.004999264609068632,0.4133816063404083,0.23555074632167816,-0.007862157188355923,0.4102599322795868,0.24699406325817108,-0.009318878874182701,0.7235789895057678,0.7141332030296326,-2.134650713969677e-07,0.707563042640686,0.677321195602417,-0.008917117491364479,0.7000660300254822,0.6347302198410034,-0.014303736388683319,0.7133122086524963,0.6086081862449646,-0.020878594368696213,0.7262983918190002,0.6177617311477661,-0.025456342846155167,0.7159408330917358,0.5822176337242126,0.0006967898807488382,0.7173481583595276,0.5316072106361389,-0.010770411230623722,0.7125783562660217,0.5571931600570679,-0.01822291687130928,0.7105485796928406,0.5850652456283569,-0.02196766622364521,0.7313995361328125,0.5847615003585815,-0.00030976717243902385,0.7334581613540649,0.5306348204612732,-0.012165294960141182,0.7267299890518188,0.5634521245956421,-0.01605810411274433,0.7235819697380066,0.5912275314331055,-0.01619727537035942,0.7463200092315674,0.5939313173294067,-0.003906990867108107,0.7482872605323792,0.542252779006958,-0.014461604878306389,0.7408578991889954,0.5704550743103027,-0.01436320599168539,0.7369901537895203,0.5990424156188965,-0.011684262193739414,0.7604615092277527,0.6114160418510437,-0.008922086097300053,0.7595625519752502,0.5707744359970093,-0.016703587025403976,0.7527312636375427,0.5825605988502502,-0.01772279664874077,0.7481583952903748,0.603002667427063,-0.01677529141306877
37,0.39059019088745117,0.3390096426010132,-1.2304693086662155e-07,0.3789462447166443,0.30959832668304443,-0.00800793431699276,0.3729192614555359,0.2777364253997803,-0.010618108324706554,0.3744674623012543,0.2529650032520294,-0.013066866435110569,0.3787565231323242,0.23807035386562347,-0.014044106937944889,0.3753657341003418,0.23727469146251678,-0.0003338440437801182,0.37698087096214294,0.19762423634529114,-0.007227154448628426,0.37588736414909363,0.20443634688854218,-0.012007282115519047,0.3734234571456909,0.22331854701042175,-0.013873130083084106,0.3879300355911255,0.23856087028980255,0.0008183919708244503,0.3899419903755188,0.19175435602664948,-0.006131558213382959,0.3884827196598053,0.2059013992547989,-0.01111849769949913,0.38603100180625916,0.22808396816253662,-0.01293419674038887,0.39985963702201843,0.24528096616268158,0.00022820405138190836,0.4020257592201233,0.20226405560970306,-0.006448484491556883,0.3999970555305481,0.21394042670726776,-0.01015841867774725,0.39643919467926025,0.2330717146396637,-0.011030839756131172,0.41049888730049133,0.25742459297180176,-0.0010748320491984487,0.41220012307167053,0.22749148309230804,-0.006143189035356045,0.4107867181301117,0.23039501905441284,-0.008612394332885742,0.4075941741466522,0.2418462336063385,-0.009336907416582108,0.7242133021354675,0.7134923338890076,-2.1016096241055493e-07,0.7077930569648743,0.676010251045227,-0.008352451957762241,0.6996226906776428,0.6356602907180786,-0.013644668273627758,0.7118291854858398,0.6094357371330261,-0.020363258197903633,0.7256135940551758,0.613608717918396,-0.02512449398636818,0.7135804295539856,0.5828967094421387,0.0005371465813368559,0.7156590223312378,0.5313969254493713,-0.011146655306220055,0.7112327814102173,0.5571999549865723,-0.018727807328104973,0.7095012664794922,0.5855721235275269,-0.022508660331368446,0.7295714616775513,0.5859225988388062,-0.0008354947785846889,0.7334325909614563,0.5308871865272522,-0.012835540808737278,0.7273845076560974,0.5629194974899292,-0.017116568982601166,0.7245420813560486,0.5910581946372986,-0.017602449283003807,0.7449552416801453,0.5964215397834778,-0.004694773815572262,0.7494524121284485,0.5444072484970093,-0.014939514920115471,0.7424046397209167,0.5714636445045471,-0.01485498994588852,0.7383612394332886,0.5991684794425964,-0.01228647492825985,0.7593650221824646,0.6149551868438721,-0.00990339182317257,0.7602012157440186,0.5761188864707947,-0.016834253445267677,0.7543221712112427,0.584904670715332,-0.01752515882253647,0.7499802708625793,0.6025571227073669,-0.016491664573550224
38,0.38962993025779724,0.3338507413864136,-9.918712606804547e-08,0.3788492679595947,0.30226776003837585,-0.008472382090985775,0.37430691719055176,0.26929792761802673,-0.010314292274415493,0.3789668679237366,0.2458551675081253,-0.011932971887290478,0.38616102933883667,0.2327730357646942,-0.01202630065381527,0.374459445476532,0.2331988513469696,0.003578021889552474,0.37472397089004517,0.19778677821159363,-0.0025848052464425564,0.37374526262283325,0.20021432638168335,-0.007703607901930809,0.3723769187927246,0.21729829907417297,-0.009799486957490444,0.3875521421432495,0.23503267765045166,0.005464168265461922,0.38889580965042114,0.19121196866035461,-0.0013830526731908321,0.3874984383583069,0.20229998230934143,-0.007465621456503868,0.38559943437576294,0.22575661540031433,-0.00959813129156828,0.39964425563812256,0.24264106154441833,0.005429902579635382,0.40094801783561707,0.20297212898731232,-0.0007025180384516716,0.399170458316803,0.2112586498260498,-0.005224868655204773,0.3960747718811035,0.23042641580104828,-0.006382770836353302,0.41002631187438965,0.25595319271087646,0.004563714377582073,0.41212791204452515,0.2287648320198059,0.0006701280362904072,0.41100186109542847,0.22786889970302582,-0.001852317713201046,0.4079969525337219,0.2371511608362198,-0.00254061259329319,0.7242337465286255,0.7123847007751465,-2.134246130935935e-07,0.7068113088607788,0.6769840121269226,-0.008928886614739895,0.6993640065193176,0.6347404718399048,-0.014431178569793701,0.7131770849227905,0.6097730398178101,-0.021118856966495514,0.7274417877197266,0.6203685402870178,-0.02568972297012806,0.7124693989753723,0.5811764001846313,-0.0005925846635363996,0.7153143286705017,0.5303051471710205,-0.012699567712843418,0.7113629579544067,0.5595356225967407,-0.020297780632972717,0.7100639343261719,0.5884807705879211,-0.02409653179347515,0.7288152575492859,0.5844713449478149,-0.001798182143829763,0.7325938940048218,0.5297689437866211,-0.014087887480854988,0.7273558378219604,0.5656126141548157,-0.017848392948508263,0.7248374819755554,0.5937564969062805,-0.017824113368988037,0.7442052364349365,0.5945195555686951,-0.00553602259606123,0.7479166388511658,0.5437950491905212,-0.01618269644677639,0.7419983744621277,0.5738404393196106,-0.01575484126806259,0.7384469509124756,0.6012789607048035,-0.012796077877283096,0.7584738731384277,0.6118104457855225,-0.010664763860404491,0.7592450380325317,0.5726128816604614,-0.018165064975619316,0.7538577914237976,0.5849288105964661,-0.018877873197197914,0.7495722770690918,0.6039878726005554,-0.017726965248584747
39,0.38962993025779724,0.3338507413864136,-9.918712606804547e-08,0.3788492679595947,0.30226776003837585,-0.008472382090985775,0.37430691719055176,0.26929792761802673,-0.010314292274415493,0.3789668679237366,0.2458551675081253,-0.011932971887290478,0.38616102933883667,0.2327730357646942,-0.01202630065381527,0.374459445476532,0.2331988513469696,0.003578021889552474,0.37472397089004517,0.19778677821159363,-0.0025848052464425564,0.37374526262283325,0.20021432638168335,-0.007703607901930809,0.3723769187927246,0.21729829907417297,-0.009799486957490444,0.3875521421432495,0.23503267765045166,0.005464168265461922,0.38889580965042114,0.19121196866035461,-0.0013830526731908321,0.3874984383583069,0.20229998230934143,-0.007465621456503868,0.38559943437576294,0.22575661540031433,-0.00959813129156828,0.39964425563812256,0.24264106154441833,0.005429902579635382,0.40094801783561707,0.20297212898731232,-0.0007025180384516716,0.399170458316803,0.2112586498260498,-0.005224868655204773,0.3960747718811035,0.23042641580104828,-0.006382770836353302,0.41002631187438965,0.25595319271087646,0.004563714377582073,0.41212791204452515,0.2287648320198059,0.0006701280362904072,0.41100186109542847,0.22786889970302582,-0.001852317713201046,0.4079969525337219,0.2371511608362198,-0.00254061259329319,0.7242337465286255,0.7123847007751465,-2.134246130935935e-07,0.7068113088607788,0.6769840121269226,-0.008928886614739895,0.6993640065193176,0.6347404718399048,-0.014431178569793701,0.7131770849227905,0.6097730398178101,-0.021118856966495514,0.7274417877197266,0.6203685402870178,-0.02568972297012806,0.7124693989753723,0.5811764001846313,-0.0005925846635363996,0.7153143286705017,0.5303051471710205,-0.012699567712843418,0.7113629579544067,0.5595356225967407,-0.020297780632972717,0.7100639343261719,0.5884807705879211,-0.02409653179347515,0.7288152575492859,0.5844713449478149,-0.001798182143829763,0.7325938940048218,0.5297689437866211,-0.014087887480854988,0.7273558378219604,0.5656126141548157,-0.017848392948508263,0.7248374819755554,0.5937564969062805,-0.017824113368988037,0.7442052364349365,0.5945195555686951,-0.00553602259606123,0.7479166388511658,0.5437950491905212,-0.01618269644677639,0.7419983744621277,0.5738404393196106,-0.01575484126806259,0.7384469509124756,0.6012789607048035,-0.012796077877283096,0.7584738731384277,0.6118104457855225,-0.010664763860404491,0.7592450380325317,0.5726128816604614,-0.018165064975619316,0.7538577914237976,0.5849288105964661,-0.018877873197197914,0.7495722770690918,0.6039878726005554,-0.017726965248584747
40,0.38997605443000793,0.33413147926330566,-1.1917567377395244e-07,0.3779805898666382,0.3065703511238098,-0.007637497037649155,0.37201040983200073,0.2739206850528717,-0.010162425227463245,0.37498462200164795,0.248989999294281,-0.012507072649896145,0.3804796040058136,0.2350100576877594,-0.01336852926760912,0.3737444579601288,0.23454511165618896,0.00029781361809000373,0.3742719292640686,0.19743330776691437,-0.0066897193901240826,0.3733038902282715,0.20184820890426636,-0.011823544278740883,0.3716503977775574,0.21950101852416992,-0.013944482430815697,0.3865724802017212,0.2343815565109253,0.0013017450692132115,0.3879159986972809,0.18928954005241394,-0.005670083221048117,0.38716644048690796,0.20198969542980194,-0.01011383906006813,0.385416179895401,0.2245490401983261,-0.011341007426381111,0.3987216651439667,0.2408570796251297,0.0005747415125370026,0.4003385901451111,0.19975322484970093,-0.00557131739333272,0.39914044737815857,0.21070347726345062,-0.007983680814504623,0.39640873670578003,0.22936727106571198,-0.007927740924060345,0.4096952974796295,0.2536745071411133,-0.000938548007979989,0.4111592173576355,0.22495220601558685,-0.004733818117529154,0.41007232666015625,0.22833897173404694,-0.0057554692029953,0.4072740375995636,0.24035236239433289,-0.00546780601143837,0.7244192361831665,0.710686206817627,-2.2565286883491353e-07,0.7064798474311829,0.6760010719299316,-0.008557114750146866,0.6995329856872559,0.6327952146530151,-0.01396914105862379,0.7134784460067749,0.6091933250427246,-0.02063787914812565,0.7273851037025452,0.6210285425186157,-0.02530418336391449,0.7117724418640137,0.5813260674476624,-0.001053125481121242,0.7141259908676147,0.5292302370071411,-0.013285763561725616,0.7100183963775635,0.558323860168457,-0.021121878176927567,0.7088872194290161,0.5872229933738708,-0.02514447644352913,0.7280363440513611,0.5847843289375305,-0.0024884601589292288,0.7313264012336731,0.5284125804901123,-0.014742541126906872,0.7256691455841064,0.5645570158958435,-0.01865164004266262,0.7230619788169861,0.5931161046028137,-0.0188149306923151,0.7435228824615479,0.594802737236023,-0.006340465508401394,0.747642457485199,0.5414131283760071,-0.016846874728798866,0.7412243485450745,0.5715158581733704,-0.01638321578502655,0.7373124361038208,0.5992847084999084,-0.013454564847052097,0.7582841515541077,0.6118942499160767,-0.011548323556780815,0.759635329246521,0.5717772841453552,-0.0188620425760746,0.7535800337791443,0.5843252539634705,-0.019343994557857513,0.7486521005630493,0.6041686534881592,-0.018086222931742668
