frame,feature_0,feature_1,feature_2,feature_3,feature_4,feature_5,feature_6,feature_7,feature_8,feature_9,feature_10,feature_11,feature_12,feature_13,feature_14,feature_15,feature_16,feature_17,feature_18,feature_19,feature_20,feature_21,feature_22,feature_23,feature_24,feature_25,feature_26,feature_27,feature_28,feature_29,feature_30,feature_31,feature_32,feature_33,feature_34,feature_35,feature_36,feature_37,feature_38,feature_39,feature_40,feature_41,feature_42,feature_43,feature_44,feature_45,feature_46,feature_47,feature_48,feature_49,feature_50,feature_51,feature_52,feature_53,feature_54,feature_55,feature_56,feature_57,feature_58,feature_59,feature_60,feature_61,feature_62,feature_63,feature_64,feature_65,feature_66,feature_67,feature_68,feature_69,feature_70,feature_71,feature_72,feature_73,feature_74,feature_75,feature_76,feature_77,feature_78,feature_79,feature_80,feature_81,feature_82,feature_83,feature_84,feature_85,feature_86,feature_87,feature_88,feature_89,feature_90,feature_91,feature_92,feature_93,feature_94,feature_95,feature_96,feature_97,feature_98,feature_99,feature_100,feature_101,feature_102,feature_103,feature_104,feature_105,feature_106,feature_107,feature_108,feature_109,feature_110,feature_111,feature_112,feature_113,feature_114,feature_115,feature_116,feature_117,feature_118,feature_119,feature_120,feature_121,feature_122,feature_123,feature_124,feature_125
1,0.3174445331096649,0.4614756107330322,-1.1619189876910241e-07,0.2951117157936096,0.4414209723472595,-0.007472511846572161,0.2843257188796997,0.39913105964660645,-0.01005113311111927,0.2932756245136261,0.3650229871273041,-0.0134555259719491,0.30872589349746704,0.36076050996780396,-0.015341945923864841,0.2859560251235962,0.36027809977531433,0.0012555173598229885,0.2816266715526581,0.3153184652328491,-0.008351544849574566,0.2795073986053467,0.3208800256252289,-0.014719698578119278,0.2809014320373535,0.34196293354034424,-0.017315173521637917,0.30006808042526245,0.3522101044654846,0.0007532218005508184,0.29769253730773926,0.2995307743549347,-0.008701668120920658,0.2941426634788513,0.31304970383644104,-0.012590155936777592,0.29457569122314453,0.34014397859573364,-0.012215235270559788,0.31465592980384827,0.3530556559562683,-0.001863161101937294,0.3148220181465149,0.30456075072288513,-0.0103463651612401,0.31020811200141907,0.3155463635921478,-0.011845090426504612,0.30965951085090637,0.3402295410633087,-0.00984668917953968,0.3297644853591919,0.36011719703674316,-0.005585616920143366,0.3301720917224884,0.32576847076416016,-0.011869675479829311,0.3264276385307312,0.3255883455276489,-0.013616016134619713,0.32484614849090576,0.34106993675231934,-0.012835417874157429,0.7421025037765503,0.845976710319519,-2.1755356272024073e-07,0.7175647616386414,0.8091315627098083,-0.01406997162848711,0.706928014755249,0.7567735910415649,-0.022777022793889046,0.7272706031799316,0.7338470220565796,-0.03113907016813755,0.7489907741546631,0.7506513595581055,-0.03670159727334976,0.7168899774551392,0.6873170137405396,-0.010804634541273117,0.7196730375289917,0.6263613104820251,-0.025447875261306763,0.7216846942901611,0.6680710315704346,-0.033990487456321716,0.7200430035591125,0.7029768824577332,-0.03851383924484253,0.7402955889701843,0.6878028512001038,-0.010733149014413357,0.7435184121131897,0.6235345005989075,-0.024271195754408836,0.744717001914978,0.6761563420295715,-0.02810661308467388,0.7412188649177551,0.7098520994186401,-0.028637424111366272,0.7608665823936462,0.6969383955001831,-0.013218401931226254,0.764817476272583,0.6415597200393677,-0.02561710588634014,0.7637101411819458,0.6869394779205322,-0.024289164692163467,0.7582194805145264,0.718528151512146,-0.0209906455129385,0.7794232964515686,0.7160789966583252,-0.01736553944647312,0.7815120220184326,0.671695351600647,-0.027787450700998306,0.7783172726631165,0.7000490427017212,-0.027753092348575592,0.7720996737480164,0.7260220050811768,-0.02587931789457798
2,0.3168451488018036,0.45969945192337036,-1.2082166733762278e-07,0.29451262950897217,0.44203782081604004,-0.00745733268558979,0.28384220600128174,0.40015852451324463,-0.010073215700685978,0.29298821091651917,0.3670963644981384,-0.013466638512909412,0.3085685670375824,0.3634096682071686,-0.01532159186899662,0.286042183637619,0.36112114787101746,-0.00022629040176980197,0.2820553779602051,0.3154887557029724,-0.010246211662888527,0.2793005108833313,0.3234950602054596,-0.01640845648944378,0.2801162898540497,0.34690171480178833,-0.018677134066820145,0.30000466108322144,0.35352623462677,-0.0006894603138789535,0.29646652936935425,0.2998465299606323,-0.010354126803576946,0.2923619747161865,0.31383419036865234,-0.013709750026464462,0.2934112548828125,0.3412792980670929,-0.012864284217357635,0.31430956721305847,0.35474318265914917,-0.0032072081230580807,0.3138522207736969,0.30545973777770996,-0.011978710070252419,0.30846789479255676,0.3177349865436554,-0.012993198819458485,0.30824384093284607,0.34295323491096497,-0.010568518191576004,0.3293355107307434,0.3618728816509247,-0.006806300487369299,0.32938212156295776,0.32687509059906006,-0.013800298795104027,0.32507258653640747,0.32623597979545593,-0.01569819450378418,0.3234427273273468,0.3414437472820282,-0.01483767107129097,0.7405642867088318,0.8465871810913086,-2.202931455030921e-07,0.7159269452095032,0.8098191022872925,-0.015057146549224854,0.7055447697639465,0.759010910987854,-0.024445749819278717,0.7261157035827637,0.7367092967033386,-0.03338748961687088,0.7469213008880615,0.75372713804245,-0.03941439464688301,0.7164096236228943,0.6865606307983398,-0.011013295501470566,0.718680739402771,0.6270392537117004,-0.02636861801147461,0.7201781868934631,0.669913113117218,-0.03598852828145027,0.7189209461212158,0.7051472067832947,-0.04131734371185303,0.7395321726799011,0.6867227554321289,-0.010790073312819004,0.7420159578323364,0.6230546236038208,-0.025098897516727448,0.7425622940063477,0.6770448088645935,-0.029298000037670135,0.7391254901885986,0.7114238142967224,-0.029911790043115616,0.7599369287490845,0.6958898305892944,-0.013280481100082397,0.7629011273384094,0.6413236260414124,-0.025911131873726845,0.7611541748046875,0.6868382692337036,-0.024499058723449707,0.7557711005210876,0.7184017896652222,-0.02107950672507286,0.7785252332687378,0.7149840593338013,-0.017621755599975586,0.7793343663215637,0.6720006465911865,-0.02791106142103672,0.7755419015884399,0.7000986337661743,-0.027870001271367073,0.7696564197540283,0.7258351445198059,-0.025969533249735832
3,0.3153478801250458,0.46078699827194214,-1.3239792906460934e-07,0.2936256229877472,0.4417955279350281,-0.007074783556163311,0.2832399010658264,0.4014076590538025,-0.009701505303382874,0.29233089089393616,0.36938953399658203,-0.013270030729472637,0.3081128001213074,0.3662102222442627,-0.01524240430444479,0.28594905138015747,0.3605141341686249,0.0013017334276810288,0.2817632555961609,0.316774845123291,-0.008239899761974812,0.27789995074272156,0.32704949378967285,-0.0144122913479805,0.27866196632385254,0.3502659201622009,-0.016944030299782753,0.29970598220825195,0.35325077176094055,0.0004899062332697213,0.29710978269577026,0.3009023070335388,-0.009112684987485409,0.2920568287372589,0.317211776971817,-0.012484554201364517,0.2927247881889343,0.34363752603530884,-0.01173641998320818,0.3137468695640564,0.3548470139503479,-0.0024159676395356655,0.3138126730918884,0.30693918466567993,-0.010795769281685352,0.3081919848918915,0.3199470639228821,-0.011568576097488403,0.308087021112442,0.34348031878471375,-0.009162805043160915,0.3286530077457428,0.36273688077926636,-0.006434039678424597,0.33013901114463806,0.328543484210968,-0.012244470417499542,0.32529592514038086,0.3289085030555725,-0.01336680818349123,0.3231201171875,0.3434810936450958,-0.01230617891997099,0.7396702170372009,0.8489631414413452,-2.2898790064118657e-07,0.7150683403015137,0.8118948936462402,-0.014484613202512264,0.7042418718338013,0.7601453065872192,-0.02350873127579689,0.7242095470428467,0.7352048754692078,-0.03231160342693329,0.7455089688301086,0.7498372197151184,-0.03826749697327614,0.7149099707603455,0.6888905167579651,-0.010377778671681881,0.7174302935600281,0.6274210810661316,-0.025664841756224632,0.7187145352363586,0.6697958111763,-0.03505909815430641,0.7175240516662598,0.7055206298828125,-0.040160514414310455,0.7382778525352478,0.6901310682296753,-0.010397075675427914,0.7411822080612183,0.6240833401679993,-0.02479591779410839,0.741388738155365,0.6769924163818359,-0.029314052313566208,0.738119900226593,0.7117595076560974,-0.030101163312792778,0.7591372132301331,0.7001400589942932,-0.013073601759970188,0.7623230814933777,0.6435176134109497,-0.02578764222562313,0.7603110671043396,0.6879769563674927,-0.024843264371156693,0.7552401423454285,0.7203808426856995,-0.021682780236005783,0.778537929058075,0.7200872898101807,-0.017518198117613792,0.778974175453186,0.6747871041297913,-0.02770855836570263,0.7750975489616394,0.7010603547096252,-0.027961015701293945,0.7694389820098877,0.7270275950431824,-0.026311105117201805
4,0.31483006477355957,0.46331238746643066,-1.362580661634638e-07,0.29323312640190125,0.44429653882980347,-0.007236707955598831,0.2827778458595276,0.40376052260398865,-0.009776988998055458,0.29169777035713196,0.3710273802280426,-0.01322751771658659,0.30711454153060913,0.36724987626075745,-0.015059935860335827,0.2850406765937805,0.3620067536830902,0.001099834800697863,0.28130507469177246,0.3167724311351776,-0.00867367535829544,0.27753064036369324,0.3277912139892578,-0.014715585857629776,0.27801936864852905,0.3515934348106384,-0.017024686560034752,0.29889723658561707,0.3543241024017334,0.0003238992649130523,0.29632285237312317,0.3018779456615448,-0.009476421400904655,0.291635662317276,0.31896498799324036,-0.012736906297504902,0.2922864854335785,0.3463757038116455,-0.01172159519046545,0.31315770745277405,0.3554172217845917,-0.002584276720881462,0.3137265741825104,0.30786454677581787,-0.011737595312297344,0.3077913820743561,0.3223128020763397,-0.01260395161807537,0.3071572184562683,0.3471109867095947,-0.00993289053440094,0.32811200618743896,0.36266395449638367,-0.006560874171555042,0.32912907004356384,0.3295716643333435,-0.013574866577982903,0.3241528868675232,0.3320728540420532,-0.015094590373337269,0.3220813572406769,0.3485862612724304,-0.013935393653810024,0.7397042512893677,0.8490089178085327,-2.3385584313473373e-07,0.7145485877990723,0.8112933039665222,-0.01393702533096075,0.7033539414405823,0.7583807706832886,-0.02286054566502571,0.723898708820343,0.7355760931968689,-0.03160995617508888,0.745871901512146,0.7512932419776917,-0.03755111247301102,0.7147072553634644,0.6869046092033386,-0.009937573224306107,0.7170052528381348,0.6280314922332764,-0.025261037051677704,0.7185050249099731,0.6718732118606567,-0.03524361550807953,0.7176483273506165,0.707244873046875,-0.04089474305510521,0.7377946972846985,0.6892358660697937,-0.010269210673868656,0.7408834099769592,0.6247343420982361,-0.02386455051600933,0.7410699725151062,0.6778630614280701,-0.028071168810129166,0.7375878691673279,0.7115000486373901,-0.029006045311689377,0.7582722306251526,0.7002841830253601,-0.013251179829239845,0.7626649141311646,0.6442925333976746,-0.025045689195394516,0.7602237462997437,0.6890384554862976,-0.02318933978676796,0.7544266581535339,0.7206926941871643,-0.019773852080106735,0.777266263961792,0.7211422920227051,-0.018035560846328735,0.7789362668991089,0.6759991645812988,-0.027551885694265366,0.7749884724617004,0.7019546031951904,-0.027021652087569237,0.7687732577323914,0.7267287969589233,-0.0250107292085886
5,0.31483006477355957,0.46331238746643066,-1.362580661634638e-07,0.29323312640190125,0.44429653882980347,-0.007236707955598831,0.2827778458595276,0.40376052260398865,-0.009776988998055458,0.29169777035713196,0.3710273802280426,-0.01322751771658659,0.30711454153060913,0.36724987626075745,-0.015059935860335827,0.2850406765937805,0.3620067536830902,0.001099834800697863,0.28130507469177246,0.3167724311351776,-0.00867367535829544,0.27753064036369324,0.3277912139892578,-0.014715585857629776,0.27801936864852905,0.3515934348106384,-0.017024686560034752,0.29889723658561707,0.3543241024017334,0.0003238992649130523,0.29632285237312317,0.3018779456615448,-0.009476421400904655,0.291635662317276,0.31896498799324036,-0.012736906297504902,0.2922864854335785,0.3463757038116455,-0.01172159519046545,0.31315770745277405,0.3554172217845917,-0.002584276720881462,0.3137265741825104,0.30786454677581787,-0.011737595312297344,0.3077913820743561,0.3223128020763397,-0.01260395161807537,0.3071572184562683,0.3471109867095947,-0.00993289053440094,0.32811200618743896,0.36266395449638367,-0.006560874171555042,0.32912907004356384,0.3295716643333435,-0.013574866577982903,0.3241528868675232,0.3320728540420532,-0.015094590373337269,0.3220813572406769,0.3485862612724304,-0.013935393653810024,0.7397042512893677,0.8490089178085327,-2.3385584313473373e-07,0.7145485877990723,0.8112933039665222,-0.01393702533096075,0.7033539414405823,0.7583807706832886,-0.02286054566502571,0.723898708820343,0.7355760931968689,-0.03160995617508888,0.745871901512146,0.7512932419776917,-0.03755111247301102,0.7147072553634644,0.6869046092033386,-0.009937573224306107,0.7170052528381348,0.6280314922332764,-0.025261037051677704,0.7185050249099731,0.6718732118606567,-0.03524361550807953,0.7176483273506165,0.707244873046875,-0.04089474305510521,0.7377946972846985,0.6892358660697937,-0.010269210673868656,0.7408834099769592,0.6247343420982361,-0.02386455051600933,0.7410699725151062,0.6778630614280701,-0.028071168810129166,0.7375878691673279,0.7115000486373901,-0.029006045311689377,0.7582722306251526,0.7002841830253601,-0.013251179829239845,0.7626649141311646,0.6442925333976746,-0.025045689195394516,0.7602237462997437,0.6890384554862976,-0.02318933978676796,0.7544266581535339,0.7206926941871643,-0.019773852080106735,0.777266263961792,0.7211422920227051,-0.018035560846328735,0.7789362668991089,0.6759991645812988,-0.027551885694265366,0.7749884724617004,0.7019546031951904,-0.027021652087569237,0.7687732577323914,0.7267287969589233,-0.0250107292085886
6,0.30928176641464233,0.4702792763710022,-1.5205039005650178e-07,0.2886609435081482,0.453203022480011,-0.006301055196672678,0.2773977518081665,0.4167151153087616,-0.008847778663039207,0.2838381826877594,0.38378068804740906,-0.012395281344652176,0.2976410984992981,0.37533849477767944,-0.0143275773152709,0.2808953821659088,0.3715450167655945,0.0007497528567910194,0.27690133452415466,0.32670149207115173,-0.008287601172924042,0.27195271849632263,0.3390090763568878,-0.013736199587583542,0.27209416031837463,0.36188679933547974,-0.015828946605324745,0.2940647602081299,0.3656359910964966,-0.0003884320321958512,0.2925516664981842,0.31348171830177307,-0.009356928989291191,0.28577470779418945,0.329898476600647,-0.012119048275053501,0.28587910532951355,0.3547039330005646,-0.011205343529582024,0.3079526126384735,0.368217796087265,-0.0034285576548427343,0.30860599875450134,0.32170894742012024,-0.011169021017849445,0.3013438582420349,0.33405250310897827,-0.011464790441095829,0.30061444640159607,0.35508057475090027,-0.009082593955099583,0.3228623569011688,0.3772836923599243,-0.00746939517557621,0.3251091241836548,0.34373921155929565,-0.012344562448561192,0.31901606917381287,0.34524330496788025,-0.01260994654148817,0.3158489465713501,0.36002475023269653,-0.011231369338929653,0.739244282245636,0.8442840576171875,-2.4063410819508135e-07,0.713923454284668,0.8083954453468323,-0.014277390204370022,0.7034227252006531,0.7560933232307434,-0.022900963202118874,0.7242618203163147,0.7360426187515259,-0.0309225395321846,0.7458820939064026,0.753140926361084,-0.036143723875284195,0.715400218963623,0.6845360994338989,-0.012268586084246635,0.7176632881164551,0.6273676156997681,-0.02705484628677368,0.7185488343238831,0.671099066734314,-0.03614381328225136,0.7171152830123901,0.7054970860481262,-0.04138132184743881,0.7381938099861145,0.6863828897476196,-0.012368666008114815,0.7409456968307495,0.6229594349861145,-0.02654721587896347,0.7404850125312805,0.6783424615859985,-0.030532460659742355,0.7369980812072754,0.7130429148674011,-0.031073853373527527,0.7582530975341797,0.6975311040878296,-0.014883236028254032,0.7622214555740356,0.643784761428833,-0.02736738510429859,0.7601422667503357,0.6899398565292358,-0.02565176971256733,0.7552191019058228,0.7210716009140015,-0.022152654826641083,0.776508629322052,0.7186420559883118,-0.01908194087445736,0.7781730890274048,0.6751129627227783,-0.029178425669670105,0.7741155624389648,0.7024490237236023,-0.028732197359204292,0.7683423757553101,0.7268022894859314,-0.026737030595541
7,0.3058764636516571,0.47481995820999146,-1.5236331307733053e-07,0.2853575348854065,0.4577158987522125,-0.0064986590296030045,0.2749592661857605,0.4217396080493927,-0.009311892092227936,0.28200554847717285,0.38946533203125,-0.013198236003518105,0.2957594692707062,0.3804156184196472,-0.015615595504641533,0.279161661863327,0.3783878982067108,-0.0002057768579106778,0.2757798135280609,0.3324488699436188,-0.009328721091151237,0.2706834077835083,0.34280869364738464,-0.014972011558711529,0.27068451046943665,0.364904522895813,-0.01729111559689045,0.29194173216819763,0.37227457761764526,-0.001425205497071147,0.2901304364204407,0.3190340995788574,-0.010332919657230377,0.28393569588661194,0.3344067335128784,-0.013602310791611671,0.28464749455451965,0.35951071977615356,-0.013339878059923649,0.3058338761329651,0.37438514828681946,-0.004446367267519236,0.3063798248767853,0.3256523609161377,-0.012147979810833931,0.2998649477958679,0.33889955282211304,-0.01297376025468111,0.2998432517051697,0.36158716678619385,-0.011206216178834438,0.3205057978630066,0.38239312171936035,-0.008486167527735233,0.322774738073349,0.3480810225009918,-0.013568551279604435,0.316721647977829,0.34899961948394775,-0.014339756220579147,0.31352126598358154,0.3642008900642395,-0.013488579541444778,0.7400482296943665,0.8438268303871155,-2.425551883789012e-07,0.7148004770278931,0.809907853603363,-0.013720443472266197,0.7031014561653137,0.7580305337905884,-0.02215185947716236,0.7227028608322144,0.7364130616188049,-0.02997582033276558,0.7439062595367432,0.7540717720985413,-0.03497815132141113,0.715125322341919,0.6848973631858826,-0.01201637927442789,0.7170169353485107,0.6285054683685303,-0.02629340998828411,0.7184281349182129,0.6726201772689819,-0.03503558784723282,0.7171398997306824,0.7064818143844604,-0.04017428308725357,0.7378749251365662,0.6864727139472961,-0.012280271388590336,0.7404223680496216,0.6239462494850159,-0.025859925895929337,0.7404065728187561,0.6798285841941833,-0.02954321913421154,0.7369253039360046,0.7141855955123901,-0.030027665197849274,0.7580845952033997,0.6971296668052673,-0.014855797402560711,0.7620131373405457,0.6436412334442139,-0.026811916381120682,0.7602030634880066,0.6904210448265076,-0.024794960394501686,0.75533127784729,0.7214270830154419,-0.021290084347128868,0.7765694260597229,0.7178471088409424,-0.019052859395742416,0.778118908405304,0.6746804714202881,-0.029092557728290558,0.7741185426712036,0.7031601071357727,-0.028560293838381767,0.7685206532478333,0.7276809811592102,-0.026547487825155258
8,0.306353360414505,0.48445624113082886,-1.5851668422328657e-07,0.2840868830680847,0.46816539764404297,-0.0064263781532645226,0.2722542881965637,0.4295923411846161,-0.00908066425472498,0.2796408534049988,0.3962652385234833,-0.012744808569550514,0.2943318486213684,0.3866112232208252,-0.014863402582705021,0.27644556760787964,0.38494542241096497,0.000675224931910634,0.2723805606365204,0.3378497362136841,-0.008891214616596699,0.26723408699035645,0.3504091203212738,-0.01480093877762556,0.26717785000801086,0.3741548955440521,-0.017068874090909958,0.29002562165260315,0.37822800874710083,-0.0004907473921775818,0.2878049910068512,0.3248597979545593,-0.010138996876776218,0.28116434812545776,0.34158310294151306,-0.01332141924649477,0.2814415693283081,0.3672208786010742,-0.012528077699244022,0.30380135774612427,0.37964850664138794,-0.0035957859363406897,0.30418238043785095,0.3314989507198334,-0.011774393729865551,0.29708099365234375,0.3454827070236206,-0.01192616205662489,0.2968737781047821,0.3682420551776886,-0.009385141544044018,0.3186902105808258,0.38781842589378357,-0.0077132112346589565,0.31992512941360474,0.35341590642929077,-0.012852387502789497,0.31364256143569946,0.35692620277404785,-0.01286271121352911,0.3113213777542114,0.37290263175964355,-0.011249409057199955,0.7372859120368958,0.8427125811576843,-2.4026195433179964e-07,0.713524341583252,0.8084173202514648,-0.013250177726149559,0.7032510042190552,0.7560298442840576,-0.02144686132669449,0.7232786417007446,0.7346611618995667,-0.029232723638415337,0.7441838383674622,0.7518919110298157,-0.0342336967587471,0.71571946144104,0.6844871044158936,-0.010027220472693443,0.7179221510887146,0.6277550458908081,-0.024425361305475235,0.718121349811554,0.669978141784668,-0.033026788383722305,0.7158342599868774,0.7032172083854675,-0.037691742181777954,0.7384917736053467,0.6866876482963562,-0.010234846733510494,0.7410014271736145,0.6254441142082214,-0.023459941148757935,0.740077793598175,0.678748369216919,-0.026974141597747803,0.7358516454696655,0.710818886756897,-0.027250025421380997,0.758357048034668,0.6971492171287537,-0.012885398231446743,0.7622798681259155,0.6449240446090698,-0.025015849620103836,0.7591184377670288,0.6910831332206726,-0.022813113406300545,0.7532662153244019,0.7209427356719971,-0.018994880840182304,0.7767324447631836,0.7185244560241699,-0.01711149886250496,0.7789058089256287,0.6754266619682312,-0.02738337218761444,0.7743409872055054,0.7048725485801697,-0.026603076606988907,0.7681801915168762,0.7290830016136169,-0.024166909977793694
9,0.306353360414505,0.48445624113082886,-1.5851668422328657e-07,0.2840868830680847,0.46816539764404297,-0.0064263781532645226,0.2722542881965637,0.4295923411846161,-0.00908066425472498,0.2796408534049988,0.3962652385234833,-0.012744808569550514,0.2943318486213684,0.3866112232208252,-0.014863402582705021,0.27644556760787964,0.38494542241096497,0.000675224931910634,0.2723805606365204,0.3378497362136841,-0.008891214616596699,0.26723408699035645,0.3504091203212738,-0.01480093877762556,0.26717785000801086,0.3741548955440521,-0.017068874090909958,0.29002562165260315,0.37822800874710083,-0.0004907473921775818,0.2878049910068512,0.3248597979545593,-0.010138996876776218,0.28116434812545776,0.34158310294151306,-0.01332141924649477,0.2814415693283081,0.3672208786010742,-0.012528077699244022,0.30380135774612427,0.37964850664138794,-0.0035957859363406897,0.30418238043785095,0.3314989507198334,-0.011774393729865551,0.29708099365234375,0.3454827070236206,-0.01192616205662489,0.2968737781047821,0.3682420551776886,-0.009385141544044018,0.3186902105808258,0.38781842589378357,-0.0077132112346589565,0.31992512941360474,0.35341590642929077,-0.012852387502789497,0.31364256143569946,0.35692620277404785,-0.01286271121352911,0.3113213777542114,0.37290263175964355,-0.011249409057199955,0.7372859120368958,0.8427125811576843,-2.4026195433179964e-07,0.713524341583252,0.8084173202514648,-0.013250177726149559,0.7032510042190552,0.7560298442840576,-0.02144686132669449,0.7232786417007446,0.7346611618995667,-0.029232723638415337,0.7441838383674622,0.7518919110298157,-0.0342336967587471,0.71571946144104,0.6844871044158936,-0.010027220472693443,0.7179221510887146,0.6277550458908081,-0.024425361305475235,0.718121349811554,0.669978141784668,-0.033026788383722305,0.7158342599868774,0.7032172083854675,-0.037691742181777954,0.7384917736053467,0.6866876482963562,-0.010234846733510494,0.7410014271736145,0.6254441142082214,-0.023459941148757935,0.740077793598175,0.678748369216919,-0.026974141597747803,0.7358516454696655,0.710818886756897,-0.027250025421380997,0.758357048034668,0.6971492171287537,-0.012885398231446743,0.7622798681259155,0.6449240446090698,-0.025015849620103836,0.7591184377670288,0.6910831332206726,-0.022813113406300545,0.7532662153244019,0.7209427356719971,-0.018994880840182304,0.7767324447631836,0.7185244560241699,-0.01711149886250496,0.7789058089256287,0.6754266619682312,-0.02738337218761444,0.7743409872055054,0.7048725485801697,-0.026603076606988907,0.7681801915168762,0.7290830016136169,-0.024166909977793694
10,0.30129274725914,0.49464038014411926,-1.7204826008310192e-07,0.2795889675617218,0.4768521785736084,-0.0063342503271996975,0.26866668462753296,0.43536823987960815,-0.008090734481811523,0.2764747738838196,0.4004248082637787,-0.011004457250237465,0.2907285690307617,0.3952687978744507,-0.01224509160965681,0.2719235122203827,0.3924698829650879,0.0021797707304358482,0.2687138020992279,0.3460400402545929,-0.00639227544888854,0.26473674178123474,0.35757240653038025,-0.011687022633850574,0.26591014862060547,0.3801920711994171,-0.013808771036565304,0.28494855761528015,0.38672223687171936,0.0009771607583388686,0.28330180048942566,0.3327683210372925,-0.008291744627058506,0.2775283455848694,0.3472820520401001,-0.011477220803499222,0.278516948223114,0.3735989034175873,-0.010691240429878235,0.2986483573913574,0.38850972056388855,-0.002256376203149557,0.2995331883430481,0.3393724262714386,-0.010788739658892155,0.29374226927757263,0.3502681255340576,-0.012042808346450329,0.2941585183143616,0.3735259175300598,-0.009989842772483826,0.3132196366786957,0.3958313465118408,-0.0065217395313084126,0.3150627911090851,0.3588029146194458,-0.011979108676314354,0.30967795848846436,0.3585156500339508,-0.013083343394100666,0.3074414134025574,0.374257355928421,-0.012271510437130928,0.7385044693946838,0.843061089515686,-2.3553637618078938e-07,0.7133935689926147,0.8086569905281067,-0.01434380654245615,0.7033336758613586,0.7557429671287537,-0.022721653804183006,0.7245011329650879,0.7348082661628723,-0.030414417386054993,0.7456561923027039,0.7537814378738403,-0.035340555012226105,0.7162550687789917,0.6845799684524536,-0.011842569336295128,0.7185297608375549,0.6282582879066467,-0.02544425055384636,0.7192012667655945,0.6712624430656433,-0.03349931910634041,0.7174631357192993,0.7050536274909973,-0.0382051020860672,0.7393134236335754,0.6857912540435791,-0.011736596934497356,0.7419573068618774,0.6237703561782837,-0.025065211579203606,0.741235077381134,0.678317666053772,-0.028621850535273552,0.7371886372566223,0.712631106376648,-0.028928212821483612,0.7593300938606262,0.6962261199951172,-0.01397562026977539,0.763153612613678,0.6445724368095398,-0.02631719410419464,0.760651707649231,0.6911841630935669,-0.024772780016064644,0.7551031708717346,0.72202467918396,-0.021399900317192078,0.7773022651672363,0.717352032661438,-0.017851879820227623,0.7797749042510986,0.6749325394630432,-0.02861318364739418,0.7755661606788635,0.7047191262245178,-0.02853936143219471,0.7695001363754272,0.7302113175392151,-0.026671787723898888
11,0.29923734068870544,0.49486541748046875,-1.6945236325227597e-07,0.2776956558227539,0.4780611991882324,-0.006218241062015295,0.26770028471946716,0.43815290927886963,-0.008140979334712029,0.2748265862464905,0.4040781855583191,-0.011219454929232597,0.2878604829311371,0.39794591069221497,-0.012663599103689194,0.2714100182056427,0.3935786783695221,0.0014582339208573103,0.26802754402160645,0.34601259231567383,-0.007226967252790928,0.26335155963897705,0.3575798571109772,-0.012425117194652557,0.2641189396381378,0.3805457055568695,-0.014430567622184753,0.28425848484039307,0.38839808106422424,0.0003218783240299672,0.2817445397377014,0.33536872267723083,-0.008994230069220066,0.2757757008075714,0.3516724109649658,-0.011844048276543617,0.2769889831542969,0.3782465159893036,-0.01082689594477415,0.2980177402496338,0.3904471695423126,-0.0027710432186722755,0.2980714738368988,0.3399527668952942,-0.011243638582527637,0.2916286587715149,0.35265302658081055,-0.011618513613939285,0.2919078469276428,0.3766186833381653,-0.009007776156067848,0.3126174807548523,0.3980158269405365,-0.0069028339348733425,0.31404370069503784,0.3620765507221222,-0.012603480368852615,0.30810457468032837,0.36159050464630127,-0.013472062535583973,0.30563607811927795,0.375945121049881,-0.012394143268465996,0.7385419607162476,0.8426839709281921,-2.360142588031522e-07,0.7135061621665955,0.8083903193473816,-0.014167502522468567,0.7034223675727844,0.7555842995643616,-0.022569216787815094,0.7245683073997498,0.7355214357376099,-0.030323583632707596,0.745730996131897,0.7546624541282654,-0.035354942083358765,0.7160672545433044,0.6843019723892212,-0.011938449926674366,0.7182456851005554,0.6280069351196289,-0.025976993143558502,0.7191913723945618,0.6714943647384644,-0.034424249082803726,0.7175942659378052,0.7060304284095764,-0.0393248088657856,0.739000678062439,0.6853731870651245,-0.011968051083385944,0.7416843175888062,0.6229709386825562,-0.02541773021221161,0.741136908531189,0.677873432636261,-0.02900523506104946,0.7371863126754761,0.7126039266586304,-0.029360858723521233,0.75897216796875,0.6959812641143799,-0.014364063739776611,0.762942373752594,0.6442705392837524,-0.026775186881422997,0.7604895830154419,0.6914495229721069,-0.025134189054369926,0.7550148963928223,0.7226201891899109,-0.021717334166169167,0.776944100856781,0.7173373103141785,-0.018390947952866554,0.7795381546020508,0.6749778389930725,-0.029218079522252083,0.7752035856246948,0.70525723695755,-0.02906319685280323,0.7690892815589905,0.7310401201248169,-0.027151387184858322
12,0.29974961280822754,0.4980751872062683,-1.436400083321132e-07,0.2781558632850647,0.4813081622123718,-0.007200745865702629,0.26686030626296997,0.441474974155426,-0.010099507868289948,0.2736637592315674,0.4081422686576843,-0.014006446115672588,0.2882329821586609,0.4020475149154663,-0.016181401908397675,0.2701032757759094,0.39632120728492737,0.0002281281049363315,0.26652026176452637,0.3505704402923584,-0.00935664027929306,0.26204273104667664,0.36259543895721436,-0.015130379237234592,0.2623741924762726,0.38490697741508484,-0.01739870384335518,0.2833994925022125,0.3903366029262543,-0.0007338779396377504,0.28151389956474304,0.33760198950767517,-0.010419365018606186,0.2758167088031769,0.3556281328201294,-0.013387853279709816,0.2763105034828186,0.3820481598377228,-0.012255200184881687,0.29701662063598633,0.3928149938583374,-0.003718765452504158,0.2971200942993164,0.34497591853141785,-0.012192494235932827,0.2910510301589966,0.35973846912384033,-0.012345374561846256,0.2907715439796448,0.3834453523159027,-0.009363585151731968,0.31126850843429565,0.40126118063926697,-0.007841241545975208,0.31320202350616455,0.36725935339927673,-0.013703139498829842,0.30831241607666016,0.3668302297592163,-0.014509162865579128,0.30558186769485474,0.38058972358703613,-0.01306856982409954,0.7401211857795715,0.8448852300643921,-2.561445455739886e-07,0.7148870825767517,0.8106725811958313,-0.013923699036240578,0.7036510109901428,0.758537232875824,-0.02248302660882473,0.7233842611312866,0.7357807755470276,-0.030386270955204964,0.7440040707588196,0.7532621622085571,-0.035452116280794144,0.7164096832275391,0.6855741739273071,-0.0123340068385005,0.7188489437103271,0.6283673048019409,-0.02632642537355423,0.7198591828346252,0.6719756126403809,-0.03457178920507431,0.7184650897979736,0.7050774693489075,-0.03941373899579048,0.7393884062767029,0.6877483129501343,-0.012691047973930836,0.7419130802154541,0.6248384118080139,-0.02643447369337082,0.7412976622581482,0.6806176900863647,-0.030030058696866035,0.7377105355262756,0.7145328521728516,-0.03039727173745632,0.7599000334739685,0.6986775994300842,-0.015325382351875305,0.7632305026054382,0.6448901891708374,-0.027722550556063652,0.7606561183929443,0.6922003626823425,-0.025711964815855026,0.7557571530342102,0.7230486273765564,-0.02210763469338417,0.7786311507225037,0.7196506857872009,-0.019588975235819817,0.7799504399299622,0.6749140024185181,-0.029993612319231033,0.775169849395752,0.7044498920440674,-0.029456382617354393,0.7694582939147949,0.729789674282074,-0.027399316430091858
13,0.29808762669563293,0.5003035068511963,-1.5305272427212913e-07,0.2766757607460022,0.4831696152687073,-0.006941764149814844,0.2653101980686188,0.4443287253379822,-0.009752077050507069,0.2727257013320923,0.4103104770183563,-0.013601105660200119,0.2880479693412781,0.40469589829444885,-0.015732815489172935,0.26896706223487854,0.3983529210090637,0.0006530436803586781,0.26486736536026,0.35173410177230835,-0.008583158254623413,0.2619171440601349,0.36642342805862427,-0.014496282674372196,0.2632771134376526,0.38968968391418457,-0.0170246884226799,0.28238973021507263,0.3927355408668518,-0.0003986695082858205,0.27999427914619446,0.34029334783554077,-0.009324898943305016,0.27535051107406616,0.35829809308052063,-0.012373974546790123,0.2763436436653137,0.38273948431015015,-0.011836646124720573,0.2960701882839203,0.39514777064323425,-0.003473348217085004,0.29615265130996704,0.3467971086502075,-0.01131423469632864,0.2904248833656311,0.36214694380760193,-0.011589505709707737,0.2904948592185974,0.3852708637714386,-0.009167277254164219,0.3105486035346985,0.4036579430103302,-0.0077031198889017105,0.3122951090335846,0.3678632080554962,-0.013088897801935673,0.3067815899848938,0.368786484003067,-0.013861109502613544,0.30386072397232056,0.3835464417934418,-0.012793097645044327,0.7368927597999573,0.8433248996734619,-2.2067709437578742e-07,0.7137818932533264,0.8077763319015503,-0.014081340283155441,0.70387864112854,0.7576690912246704,-0.022764477878808975,0.7234209179878235,0.7354434728622437,-0.030928608030080795,0.7433092594146729,0.7512239813804626,-0.03636685758829117,0.7178611159324646,0.685425341129303,-0.011348715983331203,0.7192018032073975,0.6304183602333069,-0.025226719677448273,0.7208799123764038,0.6717376112937927,-0.033546384423971176,0.7204264998435974,0.7057281136512756,-0.038416359573602676,0.7411044239997864,0.6872082352638245,-0.011690543964505196,0.7431589365005493,0.6264697909355164,-0.025939535349607468,0.742474377155304,0.6794564723968506,-0.030502617359161377,0.7387444972991943,0.7137809991836548,-0.03150205314159393,0.7615848183631897,0.6975588202476501,-0.014321763999760151,0.76410311460495,0.6455634832382202,-0.02780468761920929,0.7610782980918884,0.6921554207801819,-0.026844365522265434,0.7554258704185486,0.7246631979942322,-0.02365001291036606,0.7798975110054016,0.7188532948493958,-0.01856805756688118,0.7809320092201233,0.6760116219520569,-0.030126800760626793,0.7757359743118286,0.7056428790092468,-0.030348163098096848,0.7694970369338989,0.7321469187736511,-0.028507933020591736
14,0.2970160245895386,0.5034951567649841,-1.4028279338162974e-07,0.27501368522644043,0.4886639714241028,-0.006503176875412464,0.26361578702926636,0.4476187229156494,-0.00895569659769535,0.2720937728881836,0.4144124984741211,-0.012370273470878601,0.28792881965637207,0.40926921367645264,-0.014248296618461609,0.26695388555526733,0.40599140524864197,0.0004329955263528973,0.26219767332077026,0.3616274893283844,-0.009016281925141811,0.2576234042644501,0.3748645782470703,-0.014933498576283455,0.2583858072757721,0.39924749732017517,-0.01733410358428955,0.2800460755825043,0.39930227398872375,-0.0007174636702984571,0.27643877267837524,0.34612590074539185,-0.010133297182619572,0.27072447538375854,0.3634445369243622,-0.01312694139778614,0.27211475372314453,0.39022549986839294,-0.0121694877743721,0.29348093271255493,0.400882750749588,-0.00383269926533103,0.2935448884963989,0.35221531987190247,-0.011985355988144875,0.2872112989425659,0.3655022978782654,-0.012626678682863712,0.28750666975975037,0.3893495500087738,-0.010275169275701046,0.30810415744781494,0.4084128439426422,-0.007990033365786076,0.30912208557128906,0.3730095624923706,-0.013988716527819633,0.3034743666648865,0.3747404217720032,-0.015147305093705654,0.3014051616191864,0.3912341892719269,-0.014142831787467003,0.7376081347465515,0.8446756601333618,-2.1353217505293287e-07,0.7139983177185059,0.811907947063446,-0.015737855806946754,0.7039622068405151,0.7628621459007263,-0.024682456627488136,0.7249429225921631,0.7403866648674011,-0.03252666816115379,0.7459753751754761,0.7578335404396057,-0.037415992468595505,0.7168692350387573,0.6890662312507629,-0.01327931322157383,0.7180371284484863,0.6347763538360596,-0.027012832462787628,0.7205589413642883,0.6756582260131836,-0.03503992035984993,0.7202842235565186,0.7083957195281982,-0.039794135838747025,0.7399563193321228,0.6895473599433899,-0.012545018456876278,0.7416282892227173,0.6297636032104492,-0.026527170091867447,0.7416803240776062,0.6831766963005066,-0.030509628355503082,0.7383551597595215,0.7167505025863647,-0.031158367171883583,0.7601344585418701,0.6995409727096558,-0.014149798080325127,0.7628823518753052,0.6497467756271362,-0.027418075129389763,0.7604356408119202,0.6954454183578491,-0.026234082877635956,0.7551547884941101,0.7260599732398987,-0.02292565070092678,0.7778741121292114,0.7203469276428223,-0.017494339495897293,0.7790343761444092,0.6802492737770081,-0.028875382617115974,0.7743600606918335,0.7084535360336304,-0.029249282553792,0.7684890031814575,0.7327896356582642,-0.027559971436858177
15,0.2970596253871918,0.5051796436309814,-1.3495854034317745e-07,0.27464553713798523,0.48828229308128357,-0.006827999837696552,0.26323142647743225,0.4461131989955902,-0.009627578780055046,0.272042840719223,0.4119110107421875,-0.013388574123382568,0.28828296065330505,0.4097501337528229,-0.015631580725312233,0.26605603098869324,0.4043574631214142,0.0006523794727399945,0.2618035078048706,0.3582172691822052,-0.008708789944648743,0.2583063542842865,0.37214672565460205,-0.0149640291929245,0.2596130967140198,0.3961791694164276,-0.01778462342917919,0.27977535128593445,0.39817115664482117,-0.00032105602440424263,0.27656498551368713,0.3455055356025696,-0.009296621195971966,0.27168598771095276,0.3626573085784912,-0.012754615396261215,0.27336472272872925,0.3881627321243286,-0.012541941367089748,0.29359403252601624,0.39984703063964844,-0.0033154115080833435,0.29400619864463806,0.3513641059398651,-0.010905405506491661,0.288191556930542,0.36509987711906433,-0.012081071734428406,0.2885274291038513,0.3889865279197693,-0.01044468954205513,0.3082457482814789,0.40708234906196594,-0.007428667973726988,0.3081218898296356,0.37216776609420776,-0.013073399662971497,0.3032992482185364,0.37379640340805054,-0.014698106795549393,0.302219420671463,0.38989925384521484,-0.014296540059149265,0.7373093962669373,0.847977876663208,-2.2444724834258523e-07,0.7136613726615906,0.8133427500724792,-0.015074443072080612,0.7032884955406189,0.7632451057434082,-0.0242632944136858,0.7229486107826233,0.7395860552787781,-0.0326954685151577,0.7432019710540771,0.7558920383453369,-0.0383627749979496,0.7165645956993103,0.6912481784820557,-0.01293900329619646,0.7178608775138855,0.6352870464324951,-0.027069276198744774,0.7199153304100037,0.6759616732597351,-0.035544030368328094,0.719588577747345,0.7099938988685608,-0.040493566542863846,0.7396393418312073,0.6924985647201538,-0.01281241700053215,0.741391122341156,0.6316651105880737,-0.027400149032473564,0.7411252856254578,0.6851134300231934,-0.03197912126779556,0.7381013035774231,0.7204098701477051,-0.03288242965936661,0.7598688006401062,0.7028499245643616,-0.01497484277933836,0.7625545263290405,0.6503705382347107,-0.028501728549599648,0.7599489092826843,0.6957731246948242,-0.027782419696450233,0.7548659443855286,0.7284642457962036,-0.024671943858265877,0.7777742743492126,0.7237386703491211,-0.018831470981240273,0.7781243920326233,0.6807426810264587,-0.030202802270650864,0.7735342383384705,0.7077932357788086,-0.030793888494372368,0.7679962515830994,0.7334649562835693,-0.029240434989333153
16,0.2970596253871918,0.5051796436309814,-1.3495854034317745e-07,0.27464553713798523,0.48828229308128357,-0.006827999837696552,0.26323142647743225,0.4461131989955902,-0.009627578780055046,0.272042840719223,0.4119110107421875,-0.013388574123382568,0.28828296065330505,0.4097501337528229,-0.015631580725312233,0.26605603098869324,0.4043574631214142,0.0006523794727399945,0.2618035078048706,0.3582172691822052,-0.008708789944648743,0.2583063542842865,0.37214672565460205,-0.0149640291929245,0.2596130967140198,0.3961791694164276,-0.01778462342917919,0.27977535128593445,0.39817115664482117,-0.00032105602440424263,0.27656498551368713,0.3455055356025696,-0.009296621195971966,0.27168598771095276,0.3626573085784912,-0.012754615396261215,0.27336472272872925,0.3881627321243286,-0.012541941367089748,0.29359403252601624,0.39984703063964844,-0.0033154115080833435,0.29400619864463806,0.3513641059398651,-0.010905405506491661,0.288191556930542,0.36509987711906433,-0.012081071734428406,0.2885274291038513,0.3889865279197693,-0.01044468954205513,0.3082457482814789,0.40708234906196594,-0.007428667973726988,0.3081218898296356,0.37216776609420776,-0.013073399662971497,0.3032992482185364,0.37379640340805054,-0.014698106795549393,0.302219420671463,0.38989925384521484,-0.014296540059149265,0.7373093962669373,0.847977876663208,-2.2444724834258523e-07,0.7136613726615906,0.8133427500724792,-0.015074443072080612,0.7032884955406189,0.7632451057434082,-0.0242632944136858,0.7229486107826233,0.7395860552787781,-0.0326954685151577,0.7432019710540771,0.7558920383453369,-0.0383627749979496,0.7165645956993103,0.6912481784820557,-0.01293900329619646,0.7178608775138855,0.6352870464324951,-0.027069276198744774,0.7199153304100037,0.6759616732597351,-0.035544030368328094,0.719588577747345,0.7099938988685608,-0.040493566542863846,0.7396393418312073,0.6924985647201538,-0.01281241700053215,0.741391122341156,0.6316651105880737,-0.027400149032473564,0.7411252856254578,0.6851134300231934,-0.03197912126779556,0.7381013035774231,0.7204098701477051,-0.03288242965936661,0.7598688006401062,0.7028499245643616,-0.01497484277933836,0.7625545263290405,0.6503705382347107,-0.028501728549599648,0.7599489092826843,0.6957731246948242,-0.027782419696450233,0.7548659443855286,0.7284642457962036,-0.024671943858265877,0.7777742743492126,0.7237386703491211,-0.018831470981240273,0.7781243920326233,0.6807426810264587,-0.030202802270650864,0.7735342383384705,0.7077932357788086,-0.030793888494372368,0.7679962515830994,0.7334649562835693,-0.029240434989333153
17,0.2923629879951477,0.495648592710495,-1.5124112451303517e-07,0.2712499797344208,0.4784281253814697,-0.00680202292278409,0.2609923183917999,0.4397178590297699,-0.0094762509688735,0.2697761654853821,0.4079790711402893,-0.013067263178527355,0.2846626043319702,0.4043152630329132,-0.01512081641703844,0.2642442286014557,0.3984147310256958,-0.00013555549958255142,0.2606072723865509,0.35301995277404785,-0.009314210154116154,0.2574264407157898,0.36344051361083984,-0.015150677412748337,0.2583105266094208,0.38572463393211365,-0.01764301210641861,0.27755439281463623,0.3932192027568817,-0.0010073366574943066,0.2754175662994385,0.34169813990592957,-0.009952599182724953,0.2706485986709595,0.3569255769252777,-0.013108410872519016,0.27172183990478516,0.3828423321247101,-0.012724635191261768,0.2912616431713104,0.39576059579849243,-0.003791952971369028,0.29187512397766113,0.34764954447746277,-0.011825758963823318,0.2858453691005707,0.3599074184894562,-0.012529774568974972,0.28551748394966125,0.38312408328056335,-0.010487938299775124,0.3056657314300537,0.40408608317375183,-0.007636713795363903,0.3076956868171692,0.36939558386802673,-0.013253227807581425,0.30232563614845276,0.3689935803413391,-0.01435184944421053,0.29949015378952026,0.383296400308609,-0.013608016073703766,0.7385998964309692,0.8486557006835938,-2.398789149538061e-07,0.7146556973457336,0.8133531808853149,-0.015475749038159847,0.704017162322998,0.7640878558158875,-0.02539263851940632,0.723416805267334,0.7416309714317322,-0.03448554128408432,0.7444843053817749,0.75669264793396,-0.04057326167821884,0.7159876227378845,0.6903579831123352,-0.014773248694837093,0.7193840742111206,0.63334059715271,-0.029574012383818626,0.7209721207618713,0.6764193177223206,-0.03779971972107887,0.7194811105728149,0.7103031873703003,-0.042399581521749496,0.7389376163482666,0.6923702359199524,-0.01474674977362156,0.7413280606269836,0.6320050358772278,-0.029945379123091698,0.7412831783294678,0.6875815391540527,-0.03439436852931976,0.7381523251533508,0.7216823697090149,-0.03525698184967041,0.7592566013336182,0.7025079727172852,-0.017002040520310402,0.761794924736023,0.6491865515708923,-0.030503634363412857,0.7597550749778748,0.6957978010177612,-0.029157714918255806,0.7550161480903625,0.7273334264755249,-0.025842687115073204,0.7774420976638794,0.7223792672157288,-0.021027911454439163,0.7773416638374329,0.679968535900116,-0.03196076676249504,0.7734408378601074,0.7082625031471252,-0.03206683322787285,0.7683828473091125,0.733132004737854,-0.030395135283470154
18,0.2886662185192108,0.5006769299507141,-1.6104334576994006e-07,0.2679211497306824,0.48118826746940613,-0.006193175446242094,0.257165789604187,0.4423730671405792,-0.008586813695728779,0.2654496133327484,0.4099898338317871,-0.012066821567714214,0.2811957895755768,0.40639644861221313,-0.013961948454380035,0.2608564794063568,0.40094292163848877,0.0011974192457273602,0.2578114867210388,0.35599836707115173,-0.007406515534967184,0.25340890884399414,0.36800870299339294,-0.012796590104699135,0.25389859080314636,0.39117684960365295,-0.015010240487754345,0.27363109588623047,0.3961468040943146,5.5345626606140286e-05,0.2720189690589905,0.3434610068798065,-0.008686680346727371,0.2661488354206085,0.3592508137226105,-0.011614692397415638,0.26678717136383057,0.38503924012184143,-0.010990908369421959,0.28738754987716675,0.39867648482322693,-0.002970014000311494,0.2881794571876526,0.35011011362075806,-0.010837323032319546,0.2821223735809326,0.36235564947128296,-0.011623632162809372,0.2820502817630768,0.3853702247142792,-0.009561358951032162,0.3019375503063202,0.4068320095539093,-0.007016330491751432,0.3037280738353729,0.370184063911438,-0.01231323555111885,0.2984239459037781,0.3704572021961212,-0.013143879361450672,0.2958139479160309,0.38599976897239685,-0.012222853489220142,0.7386204600334167,0.8509145975112915,-2.467744195655541e-07,0.7138075232505798,0.8132568001747131,-0.014713895507156849,0.7038484215736389,0.7628568410873413,-0.024160852655768394,0.7239052653312683,0.7427054643630981,-0.03305501490831375,0.7449007034301758,0.7585239410400391,-0.039075225591659546,0.7151814699172974,0.6899736523628235,-0.013234352692961693,0.7186161279678345,0.6325326561927795,-0.027668487280607224,0.7200734615325928,0.6752916574478149,-0.035916123539209366,0.718548059463501,0.7097228765487671,-0.04055628180503845,0.738461434841156,0.6916237473487854,-0.013482111506164074,0.741493284702301,0.6312959790229797,-0.028230153024196625,0.7410643696784973,0.6871238946914673,-0.032604560256004333,0.7372483611106873,0.7219523787498474,-0.03337201476097107,0.7592488527297974,0.7017284631729126,-0.016008734703063965,0.7622729539871216,0.6490864157676697,-0.028813041746616364,0.7595066428184509,0.6961809992790222,-0.02721708081662655,0.7541245818138123,0.7280617356300354,-0.023796280845999718,0.7779731154441833,0.7219200730323792,-0.020297851413488388,0.7779104113578796,0.6795503497123718,-0.030466638505458832,0.7734487056732178,0.7079850435256958,-0.03016735427081585,0.7680713534355164,0.7328113913536072,-0.028293633833527565
19,0.2887319326400757,0.5023014545440674,-1.1990739778866555e-07,0.2674657702445984,0.484980970621109,-0.007327628787606955,0.25679200887680054,0.44565442204475403,-0.010511070489883423,0.26473096013069153,0.4132426083087921,-0.014464717358350754,0.27927881479263306,0.4066017270088196,-0.016867563128471375,0.2599310874938965,0.4049246907234192,-0.0015871258219704032,0.25594362616539,0.3576655387878418,-0.011401533149182796,0.2525646686553955,0.36612775921821594,-0.01734502613544464,0.25330808758735657,0.388773113489151,-0.01960190385580063,0.27330708503723145,0.3994375169277191,-0.002269168384373188,0.2713433802127838,0.3449859917163849,-0.01185819786041975,0.2666625380516052,0.3583187758922577,-0.015310189686715603,0.26755163073539734,0.3851626515388489,-0.014804991893470287,0.2871270179748535,0.40192893147468567,-0.004842293914407492,0.28725144267082214,0.3519972264766693,-0.013189840130507946,0.28184691071510315,0.3616734445095062,-0.014344423078000546,0.28186899423599243,0.3852434456348419,-0.012375710532069206,0.3018578290939331,0.41003671288490295,-0.008458652533590794,0.3026065230369568,0.3740019202232361,-0.014815093949437141,0.2980667054653168,0.37213796377182007,-0.01641988568007946,0.2959722876548767,0.3868558704853058,-0.015674585476517677,0.7383129000663757,0.8488963842391968,-2.3898053314042045e-07,0.713787853717804,0.8129836916923523,-0.01581435464322567,0.7029832005500793,0.763839840888977,-0.02598389983177185,0.7220442891120911,0.7404894232749939,-0.03531644865870476,0.7429076433181763,0.7546555399894714,-0.04163104295730591,0.715499997138977,0.6892477869987488,-0.014655587263405323,0.7190893888473511,0.6337416768074036,-0.029494838789105415,0.7208831310272217,0.6773166656494141,-0.03783612325787544,0.7191245555877686,0.7116394639015198,-0.042497552931308746,0.7389855980873108,0.6907867193222046,-0.014479810371994972,0.7411186695098877,0.6328632235527039,-0.02996527962386608,0.7412359714508057,0.6889036297798157,-0.03487701341509819,0.737819254398346,0.7232820391654968,-0.03598091006278992,0.7598546743392944,0.7001215219497681,-0.016584979370236397,0.761883020401001,0.6477022171020508,-0.03020423837006092,0.7596464157104492,0.695347785949707,-0.029037421569228172,0.7544388771057129,0.7272764444351196,-0.025807831436395645,0.7782490849494934,0.719228208065033,-0.020503457635641098,0.7774732708930969,0.6785590648651123,-0.03155842423439026,0.7732698321342468,0.7080903053283691,-0.031784579157829285,0.7681479454040527,0.7329649925231934,-0.030112022534012794
20,0.2887319326400757,0.5023014545440674,-1.1990739778866555e-07,0.2674657702445984,0.484980970621109,-0.007327628787606955,0.25679200887680054,0.44565442204475403,-0.010511070489883423,0.26473096013069153,0.4132426083087921,-0.014464717358350754,0.27927881479263306,0.4066017270088196,-0.016867563128471375,0.2599310874938965,0.4049246907234192,-0.0015871258219704032,0.25594362616539,0.3576655387878418,-0.011401533149182796,0.2525646686553955,0.36612775921821594,-0.01734502613544464,0.25330808758735657,0.388773113489151,-0.01960190385580063,0.27330708503723145,0.3994375169277191,-0.002269168384373188,0.2713433802127838,0.3449859917163849,-0.01185819786041975,0.2666625380516052,0.3583187758922577,-0.015310189686715603,0.26755163073539734,0.3851626515388489,-0.014804991893470287,0.2871270179748535,0.40192893147468567,-0.004842293914407492,0.28725144267082214,0.3519972264766693,-0.013189840130507946,0.28184691071510315,0.3616734445095062,-0.014344423078000546,0.28186899423599243,0.3852434456348419,-0.012375710532069206,0.3018578290939331,0.41003671288490295,-0.008458652533590794,0.3026065230369568,0.3740019202232361,-0.014815093949437141,0.2980667054653168,0.37213796377182007,-0.01641988568007946,0.2959722876548767,0.3868558704853058,-0.015674585476517677,0.7383129000663757,0.8488963842391968,-2.3898053314042045e-07,0.713787853717804,0.8129836916923523,-0.01581435464322567,0.7029832005500793,0.763839840888977,-0.02598389983177185,0.7220442891120911,0.7404894232749939,-0.03531644865870476,0.7429076433181763,0.7546555399894714,-0.04163104295730591,0.715499997138977,0.6892477869987488,-0.014655587263405323,0.7190893888473511,0.6337416768074036,-0.029494838789105415,0.7208831310272217,0.6773166656494141,-0.03783612325787544,0.7191245555877686,0.7116394639015198,-0.042497552931308746,0.7389855980873108,0.6907867193222046,-0.014479810371994972,0.7411186695098877,0.6328632235527039,-0.02996527962386608,0.7412359714508057,0.6889036297798157,-0.03487701341509819,0.737819254398346,0.7232820391654968,-0.03598091006278992,0.7598546743392944,0.7001215219497681,-0.016584979370236397,0.761883020401001,0.6477022171020508,-0.03020423837006092,0.7596464157104492,0.695347785949707,-0.029037421569228172,0.7544388771057129,0.7272764444351196,-0.025807831436395645,0.7782490849494934,0.719228208065033,-0.020503457635641098,0.7774732708930969,0.6785590648651123,-0.03155842423439026,0.7732698321342468,0.7080903053283691,-0.031784579157829285,0.7681479454040527,0.7329649925231934,-0.030112022534012794
21,0.28797855973243713,0.49907100200653076,-1.2681751115906081e-07,0.267351895570755,0.48292458057403564,-0.007124708034098148,0.2565878927707672,0.44412022829055786,-0.010173646733164787,0.26409289240837097,0.41200119256973267,-0.01395158190280199,0.2787652015686035,0.40574946999549866,-0.01613197661936283,0.25985947251319885,0.402380108833313,-0.0013062908546999097,0.2561444044113159,0.3573775291442871,-0.010963021777570248,0.25169768929481506,0.36783304810523987,-0.016685929149389267,0.25202319025993347,0.390298068523407,-0.01886528730392456,0.2729926109313965,0.3973475992679596,-0.00208105705678463,0.27104002237319946,0.344146728515625,-0.011692769825458527,0.26554110646247864,0.3589961528778076,-0.014769429340958595,0.266480028629303,0.38522401452064514,-0.013886136002838612,0.2865828275680542,0.40027591586112976,-0.0047408659011125565,0.28714877367019653,0.3516289293766022,-0.013111302629113197,0.2810143232345581,0.36229994893074036,-0.013937518931925297,0.28084778785705566,0.38495010137557983,-0.011659574694931507,0.3011326193809509,0.40884003043174744,-0.0084176454693079,0.30221062898635864,0.3738451898097992,-0.01465386152267456,0.2971295416355133,0.37264305353164673,-0.016033293679356575,0.2948320209980011,0.3868235647678375,-0.015099570155143738,0.739255964756012,0.8497065305709839,-2.5749238830030663e-07,0.7135931253433228,0.8133748769760132,-0.015603303909301758,0.7026344537734985,0.7625307440757751,-0.02554568462073803,0.7226153612136841,0.7397577166557312,-0.034538425505161285,0.7440100312232971,0.7562121748924255,-0.04048219323158264,0.7156442999839783,0.6887449622154236,-0.014990107156336308,0.7194333076477051,0.6324958801269531,-0.029600024223327637,0.7204397916793823,0.6775957942008972,-0.03750764951109886,0.7182272672653198,0.7120394110679626,-0.04186144098639488,0.7392640113830566,0.6903099417686462,-0.014721532352268696,0.7417299151420593,0.6321330666542053,-0.029523057863116264,0.7410712838172913,0.6895037293434143,-0.03346956521272659,0.7371841073036194,0.7234779596328735,-0.03396138921380043,0.7602028250694275,0.6999391317367554,-0.016683828085660934,0.7625579237937927,0.6489713788032532,-0.029804835096001625,0.7591598033905029,0.6978751420974731,-0.027658885344862938,0.7534663677215576,0.7289161682128906,-0.02382199652493,0.7788196802139282,0.7197710275650024,-0.020445995032787323,0.7782308459281921,0.6789141893386841,-0.030978107824921608,0.7733281850814819,0.7099785208702087,-0.03037540800869465,0.7678152322769165,0.734973132610321,-0.028162486851215363
22,0.2870978116989136,0.49785125255584717,-1.5122586205507105e-07,0.26648885011672974,0.4804798364639282,-0.006670160684734583,0.25660571455955505,0.4407716989517212,-0.009086151607334614,0.26605117321014404,0.409772127866745,-0.012477838434278965,0.2816772758960724,0.4093526005744934,-0.01443335972726345,0.2602226734161377,0.4000275731086731,0.0006788915488868952,0.257057785987854,0.35645154118537903,-0.00819389894604683,0.25326576828956604,0.36757078766822815,-0.014012573286890984,0.2539088726043701,0.3896408677101135,-0.016643991693854332,0.27349844574928284,0.3951694369316101,-0.0002706007508095354,0.27185502648353577,0.34423190355300903,-0.009222864173352718,0.2665627598762512,0.3598521053791046,-0.01245828066021204,0.26731714606285095,0.3855043649673462,-0.012027349323034286,0.28706660866737366,0.3981752395629883,-0.003150726668536663,0.28849637508392334,0.35039132833480835,-0.01138412393629551,0.28232330083847046,0.3626517355442047,-0.012436462566256523,0.28180068731307983,0.3858073055744171,-0.010476787574589252,0.30121368169784546,0.4069351553916931,-0.007074169814586639,0.30317869782447815,0.372632771730423,-0.013020141050219536,0.29824891686439514,0.372666597366333,-0.01445150189101696,0.29605162143707275,0.38688018918037415,-0.013855461962521076,0.7393431663513184,0.8500065803527832,-2.542412005368533e-07,0.7141722440719604,0.8137197494506836,-0.015020212158560753,0.703554630279541,0.7629110813140869,-0.02481861598789692,0.7230736613273621,0.7397968173027039,-0.033948563039302826,0.7438649535179138,0.7567676305770874,-0.04017014801502228,0.7159339785575867,0.6896697878837585,-0.013684959150850773,0.7195358872413635,0.6317049860954285,-0.028679538518190384,0.7203012704849243,0.6752016544342041,-0.03712478652596474,0.7183000445365906,0.7101466059684753,-0.04169509559869766,0.739025890827179,0.6912329792976379,-0.013782970607280731,0.7416449785232544,0.631554126739502,-0.02886749431490898,0.7409252524375916,0.6875367760658264,-0.03310096636414528,0.7372040748596191,0.7221608757972717,-0.03362808749079704,0.7597588896751404,0.7010217905044556,-0.016204677522182465,0.7622244954109192,0.6482503414154053,-0.029525835067033768,0.7590280771255493,0.6960954666137695,-0.027585608884692192,0.7537952661514282,0.7276718020439148,-0.023718012496829033,0.7784579992294312,0.7206110954284668,-0.020397352054715157,0.7777063846588135,0.6785253286361694,-0.0308301392942667,0.7727906107902527,0.7086941003799438,-0.030214624479413033,0.7675202488899231,0.73411625623703,-0.02793547511100769
23,0.2883038818836212,0.49698784947395325,-1.5604533132318466e-07,0.26848965883255005,0.4803408980369568,-0.006432909518480301,0.25887012481689453,0.44406381249427795,-0.008936173282563686,0.2675279378890991,0.4136124551296234,-0.01245962642133236,0.28196537494659424,0.40952596068382263,-0.014452246949076653,0.26199987530708313,0.40064552426338196,0.0009632918518036604,0.258715957403183,0.3578871786594391,-0.007620165590196848,0.25516176223754883,0.37022995948791504,-0.01307675614953041,0.25612762570381165,0.39202040433883667,-0.015436426736414433,0.2750818729400635,0.39603322744369507,-0.00011040709796361625,0.27378684282302856,0.3463015556335449,-0.00899173691868782,0.26864564418792725,0.363377183675766,-0.012204655446112156,0.2694837749004364,0.3883674442768097,-0.011794643476605415,0.28857919573783875,0.39873969554901123,-0.0030589427333325148,0.2900017201900482,0.3525494933128357,-0.011046559549868107,0.2842743992805481,0.36625778675079346,-0.011803582310676575,0.28416794538497925,0.38858720660209656,-0.009756251238286495,0.30276304483413696,0.4073143005371094,-0.007020025979727507,0.30564236640930176,0.3729113042354584,-0.012414294295012951,0.3006077706813812,0.37378549575805664,-0.013303386978805065,0.29806220531463623,0.38806065917015076,-0.012449723668396473,0.7401793003082275,0.8477638959884644,-2.6775109063237323e-07,0.7142141461372375,0.8122241497039795,-0.01450437493622303,0.7022581696510315,0.7621744275093079,-0.024276649579405785,0.7208417057991028,0.738047182559967,-0.033461421728134155,0.7422678470611572,0.7519936561584473,-0.03965754434466362,0.7148880958557129,0.6887463927268982,-0.014072258025407791,0.7186551094055176,0.6328383088111877,-0.029675591737031937,0.719832181930542,0.6783696413040161,-0.038504451513290405,0.7176891565322876,0.7134568095207214,-0.04323233291506767,0.7385740280151367,0.6907176971435547,-0.014514514245092869,0.7410112023353577,0.6324781775474548,-0.029945889487862587,0.7407824397087097,0.690341055393219,-0.034237850457429886,0.7371586561203003,0.7245686054229736,-0.034880850464105606,0.7598479390144348,0.700547456741333,-0.017201131209731102,0.7625312805175781,0.6494064927101135,-0.03094005212187767,0.7591735124588013,0.6991754174232483,-0.028540413826704025,0.7533904314041138,0.7307921051979065,-0.024392466992139816,0.7792390584945679,0.7202320098876953,-0.02158159762620926,0.7787231802940369,0.6799270510673523,-0.03212565556168556,0.7738425135612488,0.7111632823944092,-0.03098105825483799,0.7681595087051392,0.7360192537307739,-0.028341583907604218
24,0.2883038818836212,0.49698784947395325,-1.5604533132318466e-07,0.26848965883255005,0.4803408980369568,-0.006432909518480301,0.25887012481689453,0.44406381249427795,-0.008936173282563686,0.2675279378890991,0.4136124551296234,-0.01245962642133236,0.28196537494659424,0.40952596068382263,-0.014452246949076653,0.26199987530708313,0.40064552426338196,0.0009632918518036604,0.258715957403183,0.3578871786594391,-0.007620165590196848,0.25516176223754883,0.37022995948791504,-0.01307675614953041,0.25612762570381165,0.39202040433883667,-0.015436426736414433,0.2750818729400635,0.39603322744369507,-0.00011040709796361625,0.27378684282302856,0.3463015556335449,-0.00899173691868782,0.26864564418792725,0.363377183675766,-0.012204655446112156,0.2694837749004364,0.3883674442768097,-0.011794643476605415,0.28857919573783875,0.39873969554901123,-0.0030589427333325148,0.2900017201900482,0.3525494933128357,-0.011046559549868107,0.2842743992805481,0.36625778675079346,-0.011803582310676575,0.28416794538497925,0.38858720660209656,-0.009756251238286495,0.30276304483413696,0.4073143005371094,-0.007020025979727507,0.30564236640930176,0.3729113042354584,-0.012414294295012951,0.3006077706813812,0.37378549575805664,-0.013303386978805065,0.29806220531463623,0.38806065917015076,-0.012449723668396473,0.7401793003082275,0.8477638959884644,-2.6775109063237323e-07,0.7142141461372375,0.8122241497039795,-0.01450437493622303,0.7022581696510315,0.7621744275093079,-0.024276649579405785,0.7208417057991028,0.738047182559967,-0.033461421728134155,0.7422678470611572,0.7519936561584473,-0.03965754434466362,0.7148880958557129,0.6887463927268982,-0.014072258025407791,0.7186551094055176,0.6328383088111877,-0.029675591737031937,0.719832181930542,0.6783696413040161,-0.038504451513290405,0.7176891565322876,0.7134568095207214,-0.04323233291506767,0.7385740280151367,0.6907176971435547,-0.014514514245092869,0.7410112023353577,0.6324781775474548,-0.029945889487862587,0.7407824397087097,0.690341055393219,-0.034237850457429886,0.7371586561203003,0.7245686054229736,-0.034880850464105606,0.7598479390144348,0.700547456741333,-0.017201131209731102,0.7625312805175781,0.6494064927101135,-0.03094005212187767,0.7591735124588013,0.6991754174232483,-0.028540413826704025,0.7533904314041138,0.7307921051979065,-0.024392466992139816,0.7792390584945679,0.7202320098876953,-0.02158159762620926,0.7787231802940369,0.6799270510673523,-0.03212565556168556,0.7738425135612488,0.7111632823944092,-0.03098105825483799,0.7681595087051392,0.7360192537307739,-0.028341583907604218
25,0.29070359468460083,0.49719324707984924,-1.0803610450693668e-07,0.27053239941596985,0.4821538031101227,-0.007446304429322481,0.260400652885437,0.444070041179657,-0.010786943137645721,0.26919710636138916,0.41346538066864014,-0.014700676314532757,0.28422680497169495,0.4100647270679474,-0.017153559252619743,0.26420488953590393,0.4029948115348816,-0.0017002081731334329,0.2604197561740875,0.3600238263607025,-0.010918431915342808,0.25833189487457275,0.3728904724121094,-0.016597770154476166,0.26004284620285034,0.3961033225059509,-0.018959296867251396,0.2777247130870819,0.3977600038051605,-0.0023347793612629175,0.2754436135292053,0.3469521105289459,-0.011037987656891346,0.27132442593574524,0.36217358708381653,-0.014114143326878548,0.27262061834335327,0.3866581320762634,-0.013782727532088757,0.2911531627178192,0.40060505270957947,-0.004848643206059933,0.2916925549507141,0.35386723279953003,-0.012987484224140644,0.28612881898880005,0.36793872714042664,-0.013786968775093555,0.2860039472579956,0.39142510294914246,-0.011842410080134869,0.3055756688117981,0.4094519019126892,-0.008373839780688286,0.30530598759651184,0.37530916929244995,-0.014977199956774712,0.3007436692714691,0.37753716111183167,-0.016403084620833397,0.2992992699146271,0.3932149112224579,-0.0156576968729496,0.7388973236083984,0.8505430817604065,-2.627664059673407e-07,0.7135094404220581,0.8133017420768738,-0.014807789586484432,0.7026268839836121,0.7608659267425537,-0.024574166163802147,0.7223510146141052,0.738394021987915,-0.03371545672416687,0.743108332157135,0.7570686936378479,-0.03999972715973854,0.7158725261688232,0.687938928604126,-0.013568876311182976,0.7192211151123047,0.6302177906036377,-0.028758978471159935,0.7201662063598633,0.6751066446304321,-0.03742242231965065,0.7184109687805176,0.7107067108154297,-0.042139288038015366,0.739267885684967,0.6903781890869141,-0.013792186975479126,0.7418456077575684,0.6302513480186462,-0.028978971764445305,0.741088330745697,0.6876204013824463,-0.03305521607398987,0.7373866438865662,0.7224935293197632,-0.0334392711520195,0.7602689266204834,0.700681209564209,-0.016336193308234215,0.7628520131111145,0.6472700834274292,-0.02978075109422207,0.7592245936393738,0.6967494487762451,-0.027496883645653725,0.7536725401878357,0.7290156483650208,-0.023330383002758026,0.7792109847068787,0.7211446166038513,-0.020633311942219734,0.7785206437110901,0.6772422194480896,-0.031175043433904648,0.7731679081916809,0.7084643840789795,-0.030259596183896065,0.7675848603248596,0.7346994876861572,-0.02770589478313923
26,0.2907688319683075,0.498964786529541,-1.4405800641270616e-07,0.27066418528556824,0.4826180338859558,-0.0065255737863481045,0.26051223278045654,0.4456939995288849,-0.008850336074829102,0.2683389484882355,0.4145371913909912,-0.011958446353673935,0.28188616037368774,0.40972083806991577,-0.013651425950229168,0.2641735076904297,0.4029613137245178,0.00033118025748990476,0.26105430722236633,0.3601830303668976,-0.008222328498959541,0.2592328190803528,0.37219834327697754,-0.01364903710782528,0.26054200530052185,0.39462894201278687,-0.016003601253032684,0.27742841839790344,0.3980621099472046,-0.00046515336725860834,0.27590733766555786,0.34855327010154724,-0.008799723349511623,0.27188563346862793,0.36487993597984314,-0.011753110215067863,0.27241814136505127,0.38930004835128784,-0.011411850340664387,0.2907068729400635,0.40079835057258606,-0.003118263091892004,0.2915140986442566,0.3557813763618469,-0.011194511316716671,0.28674083948135376,0.37026864290237427,-0.011790272779762745,0.286749929189682,0.39352402091026306,-0.009724338538944721,0.3051166236400604,0.409699022769928,-0.006722291931509972,0.3056662082672119,0.3758704364299774,-0.013296622782945633,0.3017767369747162,0.3795403242111206,-0.014513674192130566,0.3002627491950989,0.396036833524704,-0.013660967350006104,0.7377414107322693,0.8499999046325684,-2.457327354932204e-07,0.7128352522850037,0.8109245300292969,-0.014264373108744621,0.7028513550758362,0.7600297331809998,-0.023653963580727577,0.7226048111915588,0.7391469478607178,-0.032783396542072296,0.7428715825080872,0.755896806716919,-0.03925866633653641,0.7159876227378845,0.6890189051628113,-0.012023177929222584,0.7191263437271118,0.6300548315048218,-0.026803595945239067,0.7203030586242676,0.6728923320770264,-0.0359138622879982,0.719230592250824,0.7084472179412842,-0.04115115851163864,0.7389185428619385,0.6908304691314697,-0.012626647017896175,0.7416338920593262,0.6288042068481445,-0.027570683509111404,0.7413917779922485,0.6836825013160706,-0.03272763639688492,0.7380638122558594,0.7197911143302917,-0.0340367816388607,0.7595331072807312,0.7011433839797974,-0.015558648854494095,0.7620991468429565,0.6461519598960876,-0.02846440114080906,0.7597848773002625,0.6925748586654663,-0.027690062299370766,0.7548236846923828,0.7260143756866455,-0.02477913163602352,0.7783451676368713,0.7218294143676758,-0.020259907469153404,0.7782000303268433,0.6777319312095642,-0.0305358674377203,0.7738142609596252,0.7059218287467957,-0.030672455206513405,0.7685139179229736,0.7327174544334412,-0.029076488688588142
27,0.2907688319683075,0.498964786529541,-1.4405800641270616e-07,0.27066418528556824,0.4826180338859558,-0.0065255737863481045,0.26051223278045654,0.4456939995288849,-0.008850336074829102,0.2683389484882355,0.4145371913909912,-0.011958446353673935,0.28188616037368774,0.40972083806991577,-0.013651425950229168,0.2641735076904297,0.4029613137245178,0.00033118025748990476,0.26105430722236633,0.3601830303668976,-0.008222328498959541,0.2592328190803528,0.37219834327697754,-0.01364903710782528,0.26054200530052185,0.39462894201278687,-0.016003601253032684,0.27742841839790344,0.3980621099472046,-0.00046515336725860834,0.27590733766555786,0.34855327010154724,-0.008799723349511623,0.27188563346862793,0.36487993597984314,-0.011753110215067863,0.27241814136505127,0.38930004835128784,-0.011411850340664387,0.2907068729400635,0.40079835057258606,-0.003118263091892004,0.2915140986442566,0.3557813763618469,-0.011194511316716671,0.28674083948135376,0.37026864290237427,-0.011790272779762745,0.286749929189682,0.39352402091026306,-0.009724338538944721,0.3051166236400604,0.409699022769928,-0.006722291931509972,0.3056662082672119,0.3758704364299774,-0.013296622782945633,0.3017767369747162,0.3795403242111206,-0.014513674192130566,0.3002627491950989,0.396036833524704,-0.013660967350006104,0.7377414107322693,0.8499999046325684,-2.457327354932204e-07,0.7128352522850037,0.8109245300292969,-0.014264373108744621,0.7028513550758362,0.7600297331809998,-0.023653963580727577,0.7226048111915588,0.7391469478607178,-0.032783396542072296,0.7428715825080872,0.755896806716919,-0.03925866633653641,0.7159876227378845,0.6890189051628113,-0.012023177929222584,0.7191263437271118,0.6300548315048218,-0.026803595945239067,0.7203030586242676,0.6728923320770264,-0.0359138622879982,0.719230592250824,0.7084472179412842,-0.04115115851163864,0.7389185428619385,0.6908304691314697,-0.012626647017896175,0.7416338920593262,0.6288042068481445,-0.027570683509111404,0.7413917779922485,0.6836825013160706,-0.03272763639688492,0.7380638122558594,0.7197911143302917,-0.0340367816388607,0.7595331072807312,0.7011433839797974,-0.015558648854494095,0.7620991468429565,0.6461519598960876,-0.02846440114080906,0.7597848773002625,0.6925748586654663,-0.027690062299370766,0.7548236846923828,0.7260143756866455,-0.02477913163602352,0.7783451676368713,0.7218294143676758,-0.020259907469153404,0.7782000303268433,0.6777319312095642,-0.0305358674377203,0.7738142609596252,0.7059218287467957,-0.030672455206513405,0.7685139179229736,0.7327174544334412,-0.029076488688588142
28,0.2909468412399292,0.4983749985694885,-1.3558167211158434e-07,0.27137213945388794,0.4803830683231354,-0.006524958647787571,0.26182979345321655,0.44345128536224365,-0.00924654770642519,0.2707110047340393,0.4137188792228699,-0.012693408876657486,0.28514981269836426,0.41100290417671204,-0.01469096727669239,0.26542285084724426,0.4025978446006775,-0.0007890484412200749,0.26296743750572205,0.36027973890304565,-0.00917732436209917,0.26105377078056335,0.3727341294288635,-0.014483124949038029,0.2622145116329193,0.3943854570388794,-0.01684189960360527,0.27892470359802246,0.39876067638397217,-0.0015064167091622949,0.27808907628059387,0.3494163453578949,-0.009515456855297089,0.27413448691368103,0.3656464219093323,-0.012271322309970856,0.27462196350097656,0.3893478810787201,-0.011918348260223866,0.29247429966926575,0.4025939404964447,-0.003933198284357786,0.2939666211605072,0.3562353849411011,-0.011341280303895473,0.2889235019683838,0.3696841895580292,-0.011743713170289993,0.2882921099662781,0.39196887612342834,-0.009713334031403065,0.3066331744194031,0.4123757779598236,-0.007312149275094271,0.30830976366996765,0.37944456934928894,-0.013185271993279457,0.30395662784576416,0.3788851797580719,-0.014419767074286938,0.3014080822467804,0.39125123620033264,-0.013752286322414875,0.7371890544891357,0.8501138091087341,-2.5042558604582155e-07,0.7123563885688782,0.8101940751075745,-0.014961333014070988,0.7029290199279785,0.7594196200370789,-0.02489127591252327,0.7229785919189453,0.7396248579025269,-0.03446679934859276,0.7435259222984314,0.7572236061096191,-0.04137309640645981,0.7155265808105469,0.6889710426330566,-0.012984010390937328,0.7189775705337524,0.6303147673606873,-0.028154488652944565,0.7198628187179565,0.6731687784194946,-0.03752853721380234,0.7181500792503357,0.7087704539299011,-0.042907461524009705,0.7387934923171997,0.6911469101905823,-0.013374856673181057,0.74170982837677,0.6294037103652954,-0.02881035767495632,0.7409808039665222,0.6845070719718933,-0.03432124853134155,0.7371650338172913,0.720342218875885,-0.035876426845788956,0.7597471475601196,0.7011626362800598,-0.01609259657561779,0.76276034116745,0.6457974314689636,-0.0291873998939991,0.7596373558044434,0.692401647567749,-0.028457004576921463,0.7538875937461853,0.7255077958106995,-0.0256270170211792,0.7787896990776062,0.7212724089622498,-0.020649245008826256,0.7786380052566528,0.6777734160423279,-0.030872754752635956,0.7736194133758545,0.7062804698944092,-0.030987968668341637,0.7677920460700989,0.7324366569519043,-0.029453327879309654
29,0.29179975390434265,0.49456149339675903,-1.8525130940361123e-07,0.2730366885662079,0.478812575340271,-0.006647076923400164,0.2625676393508911,0.4435712993144989,-0.009290295653045177,0.27051183581352234,0.4119235575199127,-0.012638791464269161,0.2845003008842468,0.405651718378067,-0.014320421032607555,0.2662542760372162,0.399404376745224,-0.0002311017015017569,0.2623748183250427,0.35405007004737854,-0.008853799663484097,0.26055750250816345,0.3681854009628296,-0.013740427792072296,0.26178258657455444,0.39251652359962463,-0.01557684876024723,0.27949753403663635,0.39415258169174194,-0.0007045703241601586,0.27698302268981934,0.34301698207855225,-0.00919097289443016,0.27329549193382263,0.3623185157775879,-0.011418923735618591,0.2742937505245209,0.3883960545063019,-0.010310606099665165,0.2929307222366333,0.39630597829818726,-0.0029879200737923384,0.29263028502464294,0.3506205081939697,-0.011303257197141647,0.2880825698375702,0.36658328771591187,-0.010943133383989334,0.2879863381385803,0.38970890641212463,-0.007888663560152054,0.30724701285362244,0.40516018867492676,-0.006193005479872227,0.30675166845321655,0.3694479167461395,-0.012814383022487164,0.3028069734573364,0.37389910221099854,-0.013432429172098637,0.3014232814311981,0.39050742983818054,-0.01188567839562893,0.7387125492095947,0.8471615314483643,-2.5114445634244476e-07,0.7132467031478882,0.8103264570236206,-0.01448375266045332,0.7016112804412842,0.7589818835258484,-0.024073196575045586,0.7204840779304504,0.7350179553031921,-0.03331615775823593,0.7413681149482727,0.7501344680786133,-0.0398343987762928,0.714645504951477,0.6861510872840881,-0.012270058505237103,0.7179881930351257,0.6284905076026917,-0.027922270819544792,0.7196609377861023,0.6715453267097473,-0.03757138177752495,0.7181975841522217,0.7084891200065613,-0.0428377129137516,0.7381389737129211,0.6878601312637329,-0.01267231348901987,0.7408329248428345,0.6277433633804321,-0.02815968543291092,0.7407169342041016,0.6831490993499756,-0.03326072543859482,0.7373199462890625,0.7196587920188904,-0.03436433523893356,0.7592885494232178,0.6979383826255798,-0.015471520833671093,0.7620812654495239,0.6454125046730042,-0.02923480235040188,0.759136974811554,0.6933180093765259,-0.027939697727560997,0.7537198662757874,0.7268928289413452,-0.024393348023295403,0.7784577012062073,0.7182267904281616,-0.020019782707095146,0.7781662940979004,0.6760247945785522,-0.03074917569756508,0.7735909223556519,0.705987274646759,-0.030360888689756393,0.768203854560852,0.7326619625091553,-0.028179984539747238
30,0.2917139232158661,0.4949469566345215,-1.6644899858420104e-07,0.2726747393608093,0.4792291522026062,-0.006692957133054733,0.2632288932800293,0.44283753633499146,-0.008959728293120861,0.27064278721809387,0.41020315885543823,-0.011879175901412964,0.28333401679992676,0.4023972749710083,-0.013261944055557251,0.2649816870689392,0.4005843997001648,-0.0003514594864100218,0.2623450458049774,0.3559851050376892,-0.009232088923454285,0.2595328688621521,0.36623960733413696,-0.014403359964489937,0.2600167691707611,0.3886864185333252,-0.016340728849172592,0.27833133935928345,0.3950381577014923,-0.0008515600929968059,0.27728158235549927,0.34398189187049866,-0.009555975906550884,0.2730458378791809,0.35934826731681824,-0.012249398976564407,0.27331504225730896,0.38526567816734314,-0.011457903310656548,0.29257848858833313,0.3975289463996887,-0.003199225291609764,0.29410287737846375,0.35044872760772705,-0.011879698373377323,0.28898563981056213,0.3638705313205719,-0.01258012093603611,0.2883124351501465,0.38690075278282166,-0.010306859388947487,0.3074142038822174,0.40585291385650635,-0.006405329331755638,0.30804771184921265,0.3729831576347351,-0.01336080115288496,0.30292078852653503,0.3748484253883362,-0.01486455462872982,0.3002168536186218,0.3890714943408966,-0.014088455587625504,0.740537166595459,0.8408803343772888,-2.9158431402720453e-07,0.713841438293457,0.807836651802063,-0.013350681401789188,0.7013081312179565,0.7561902403831482,-0.021849267184734344,0.719083309173584,0.7292822599411011,-0.02990909293293953,0.7407354116439819,0.7417364120483398,-0.03495989367365837,0.7129523754119873,0.6861556768417358,-0.012375123798847198,0.7177664637565613,0.6260678768157959,-0.02802540361881256,0.7188462018966675,0.6705978512763977,-0.03690660744905472,0.7161192297935486,0.7066373825073242,-0.04144720360636711,0.7363929748535156,0.6886314153671265,-0.012898127548396587,0.7395203113555908,0.6266063451766968,-0.027899103239178658,0.7399735450744629,0.6834139227867126,-0.03217586874961853,0.7367416024208069,0.7173541784286499,-0.03279838338494301,0.7574374079704285,0.697603702545166,-0.01568645052611828,0.761583149433136,0.6422648429870605,-0.02925162948668003,0.7585722208023071,0.6915489435195923,-0.02691902220249176,0.7530398964881897,0.723107099533081,-0.022814789786934853,0.7772282361984253,0.7167777419090271,-0.020015541464090347,0.778232991695404,0.6751633882522583,-0.03031574934720993,0.7732616662979126,0.7073171734809875,-0.028963999822735786,0.767214834690094,0.7330269813537598,-0.02622172236442566
31,0.2917139232158661,0.4949469566345215,-1.6644899858420104e-07,0.2726747393608093,0.4792291522026062,-0.006692957133054733,0.2632288932800293,0.44283753633499146,-0.008959728293120861,0.27064278721809387,0.41020315885543823,-0.011879175901412964,0.28333401679992676,0.4023972749710083,-0.013261944055557251,0.2649816870689392,0.4005843997001648,-0.0003514594864100218,0.2623450458049774,0.3559851050376892,-0.009232088923454285,0.2595328688621521,0.36623960733413696,-0.014403359964489937,0.2600167691707611,0.3886864185333252,-0.016340728849172592,0.27833133935928345,0.3950381577014923,-0.0008515600929968059,0.27728158235549927,0.34398189187049866,-0.009555975906550884,0.2730458378791809,0.35934826731681824,-0.012249398976564407,0.27331504225730896,0.38526567816734314,-0.011457903310656548,0.29257848858833313,0.3975289463996887,-0.003199225291609764,0.29410287737846375,0.35044872760772705,-0.011879698373377323,0.28898563981056213,0.3638705313205719,-0.01258012093603611,0.2883124351501465,0.38690075278282166,-0.010306859388947487,0.3074142038822174,0.40585291385650635,-0.006405329331755638,0.30804771184921265,0.3729831576347351,-0.01336080115288496,0.30292078852653503,0.3748484253883362,-0.01486455462872982,0.3002168536186218,0.3890714943408966,-0.014088455587625504,0.740537166595459,0.8408803343772888,-2.9158431402720453e-07,0.713841438293457,0.807836651802063,-0.013350681401789188,0.7013081312179565,0.7561902403831482,-0.021849267184734344,0.719083309173584,0.7292822599411011,-0.02990909293293953,0.7407354116439819,0.7417364120483398,-0.03495989367365837,0.7129523754119873,0.6861556768417358,-0.012375123798847198,0.7177664637565613,0.6260678768157959,-0.02802540361881256,0.7188462018966675,0.6705978512763977,-0.03690660744905472,0.7161192297935486,0.7066373825073242,-0.04144720360636711,0.7363929748535156,0.6886314153671265,-0.012898127548396587,0.7395203113555908,0.6266063451766968,-0.027899103239178658,0.7399735450744629,0.6834139227867126,-0.03217586874961853,0.7367416024208069,0.7173541784286499,-0.03279838338494301,0.7574374079704285,0.697603702545166,-0.01568645052611828,0.761583149433136,0.6422648429870605,-0.02925162948668003,0.7585722208023071,0.6915489435195923,-0.02691902220249176,0.7530398964881897,0.723107099533081,-0.022814789786934853,0.7772282361984253,0.7167777419090271,-0.020015541464090347,0.778232991695404,0.6751633882522583,-0.03031574934720993,0.7732616662979126,0.7073171734809875,-0.028963999822735786,0.767214834690094,0.7330269813537598,-0.02622172236442566
32,0.2918561100959778,0.49308496713638306,-1.9433331033269496e-07,0.27323102951049805,0.478071391582489,-0.006580371409654617,0.2628015875816345,0.44213199615478516,-0.00900597870349884,0.2704610228538513,0.41033071279525757,-0.012168671935796738,0.28400301933288574,0.40439334511756897,-0.013631003908813,0.2663510739803314,0.3980330228805542,-6.715725612593815e-05,0.26167577505111694,0.353346586227417,-0.00860002264380455,0.2583496570587158,0.3675644099712372,-0.01317183580249548,0.25931304693222046,0.39184489846229553,-0.014750821515917778,0.2790089249610901,0.39276009798049927,-0.0005857381038367748,0.27561524510383606,0.34215879440307617,-0.009528595954179764,0.27091458439826965,0.3616194725036621,-0.011541079729795456,0.2721336781978607,0.3879600465297699,-0.010052402503788471,0.29227131605148315,0.3948780596256256,-0.002923361724242568,0.29086124897003174,0.34981200098991394,-0.011646202765405178,0.28587767481803894,0.36616963148117065,-0.01127654779702425,0.28647011518478394,0.3899669945240021,-0.008000822737812996,0.3065537214279175,0.40307721495628357,-0.006176957860589027,0.30540889501571655,0.3675592839717865,-0.012836975045502186,0.3008909821510315,0.3713959753513336,-0.013462075963616371,0.2998587191104889,0.38844507932662964,-0.011858298443257809,0.7398748397827148,0.8402316570281982,-2.77106181556519e-07,0.7136156558990479,0.8047605156898499,-0.014019064605236053,0.7020837068557739,0.7518907785415649,-0.023039227351546288,0.7215933799743652,0.7287477254867554,-0.03165964037179947,0.7432341575622559,0.7447503209114075,-0.037435006350278854,0.7136581540107727,0.6824114918708801,-0.012273967266082764,0.7168874144554138,0.6233814358711243,-0.027858223766088486,0.717634916305542,0.6687267422676086,-0.03707106411457062,0.7153194546699524,0.7051684856414795,-0.04197167232632637,0.7365226149559021,0.6850225329399109,-0.012791868299245834,0.7398343682289124,0.6221674084663391,-0.02817576192319393,0.7398697137832642,0.6783776879310608,-0.03281461074948311,0.736128032207489,0.7136082649230957,-0.03340422734618187,0.757104218006134,0.6954203248023987,-0.01564215123653412,0.7608557939529419,0.6410289406776428,-0.029374921694397926,0.7576232552528381,0.6892811059951782,-0.027575625106692314,0.7517439126968384,0.7212721109390259,-0.02366066910326481,0.776440441608429,0.7161164879798889,-0.020130008459091187,0.7779590487480164,0.6737461686134338,-0.03081940859556198,0.7721738815307617,0.7048122882843018,-0.029912203550338745,0.7653550505638123,0.7313641309738159,-0.02739306166768074
33,0.291420578956604,0.49489009380340576,-1.5142937570544746e-07,0.27172696590423584,0.4804457724094391,-0.0070710694417357445,0.2613268792629242,0.44409072399139404,-0.009861459024250507,0.26887455582618713,0.41221189498901367,-0.01335892267525196,0.2830981910228729,0.4063248932361603,-0.01528865285217762,0.2640131115913391,0.40260493755340576,-0.0011488758027553558,0.2601187825202942,0.35775330662727356,-0.010043480433523655,0.2575623691082001,0.370208203792572,-0.015212276950478554,0.2590108811855316,0.3927305042743683,-0.01718413457274437,0.27674099802970886,0.39719679951667786,-0.001686437288299203,0.275095671415329,0.34567317366600037,-0.0105939581990242,0.2707807421684265,0.3621317744255066,-0.013414768502116203,0.2717772424221039,0.3878696858882904,-0.012635414488613605,0.2902246415615082,0.3993699550628662,-0.004039278253912926,0.2908787727355957,0.35156533122062683,-0.012196253053843975,0.28546133637428284,0.3639049530029297,-0.012826417572796345,0.2852088212966919,0.38630419969558716,-0.010569552890956402,0.3044826090335846,0.40698257088661194,-0.007373492233455181,0.3056432008743286,0.37205344438552856,-0.013281258754432201,0.30078035593032837,0.37252509593963623,-0.01442467886954546,0.29852357506752014,0.38700953125953674,-0.013558420352637768,0.7390422821044922,0.8363191485404968,-2.5523962676743395e-07,0.7133331298828125,0.8051043748855591,-0.014433150179684162,0.7015615701675415,0.7539156079292297,-0.023328125476837158,0.7209244966506958,0.7283865809440613,-0.03136766701936722,0.7414988279342651,0.7439767718315125,-0.03647361695766449,0.712774932384491,0.6808040738105774,-0.01298698503524065,0.7160087823867798,0.6242791414260864,-0.027643738314509392,0.7177948951721191,0.668319821357727,-0.03622164949774742,0.7161223888397217,0.7029238343238831,-0.041021253913640976,0.7358515858650208,0.6822041869163513,-0.013095846399664879,0.7380281686782837,0.6216813325881958,-0.027329595759510994,0.7382799386978149,0.6782562136650085,-0.031032342463731766,0.7348107099533081,0.7124913930892944,-0.03131328895688057,0.7562957406044006,0.6925441026687622,-0.015500767156481743,0.7591302394866943,0.6413302421569824,-0.02871718816459179,0.7567406296730042,0.6900786757469177,-0.026343030855059624,0.7515535354614258,0.7214011549949646,-0.022263459861278534,0.7751175761222839,0.7135111093521118,-0.019529832527041435,0.7755938172340393,0.6727331876754761,-0.030647672712802887,0.7710297703742981,0.7049295902252197,-0.029789630323648453,0.7651873826980591,0.73109370470047,-0.02725870907306671
34,0.2925487160682678,0.49904751777648926,-1.4179046559092967e-07,0.2720066010951996,0.48196953535079956,-0.00689789978787303,0.26132333278656006,0.4426237940788269,-0.009466767311096191,0.2691391110420227,0.410989373922348,-0.012876180931925774,0.2840827405452728,0.4082143008708954,-0.01470932923257351,0.26483893394470215,0.4022890627384186,-6.0666145145660266e-05,0.26092949509620667,0.3585093915462494,-0.009116314351558685,0.2572615146636963,0.3712877035140991,-0.014690547250211239,0.25840285420417786,0.3943799138069153,-0.016967246308922768,0.2775934040546417,0.3967316746711731,-0.0008631956297904253,0.2754364311695099,0.3453620970249176,-0.009740682318806648,0.2700870931148529,0.3620182275772095,-0.012542429380118847,0.271330863237381,0.3876419961452484,-0.01166724506765604,0.2910081446170807,0.3989953100681305,-0.0035920916125178337,0.2911798357963562,0.3517357409000397,-0.011469676159322262,0.2850657105445862,0.3642103672027588,-0.012098065577447414,0.285279780626297,0.38693469762802124,-0.009807651862502098,0.30527761578559875,0.40670639276504517,-0.007403460796922445,0.30600887537002563,0.3720828890800476,-0.01317266933619976,0.3006320297718048,0.3731423616409302,-0.014273055829107761,0.29848626255989075,0.3893631398677826,-0.01329957414418459,0.7386215329170227,0.836678147315979,-2.5107939904955856e-07,0.7133552432060242,0.804295539855957,-0.014973701909184456,0.7013614177703857,0.7532275915145874,-0.024356737732887268,0.7206629514694214,0.7289846539497375,-0.03276989236474037,0.7418477535247803,0.7455006837844849,-0.038107503205537796,0.7126539945602417,0.6806225776672363,-0.014040496200323105,0.7158381938934326,0.6231278777122498,-0.029165364801883698,0.7176898717880249,0.6674558520317078,-0.037644125521183014,0.7160106897354126,0.7019698023796082,-0.04221617430448532,0.7356466054916382,0.6819067001342773,-0.013881298713386059,0.7377334833145142,0.6210504770278931,-0.028548546135425568,0.7378465533256531,0.6779708862304688,-0.03204011544585228,0.7344155311584473,0.7117648124694824,-0.032062988728284836,0.756104588508606,0.6918906569480896,-0.01605379208922386,0.758815586566925,0.6405072212219238,-0.029451774433255196,0.7561200857162476,0.6891590356826782,-0.02677084691822529,0.7508522272109985,0.719834566116333,-0.022361885756254196,0.7747030854225159,0.7122117877006531,-0.019909726455807686,0.7748473882675171,0.671044111251831,-0.03087305836379528,0.7703484296798706,0.70276939868927,-0.029828492552042007,0.7646872997283936,0.728317379951477,-0.02711193636059761
35,0.2925487160682678,0.49904751777648926,-1.4179046559092967e-07,0.2720066010951996,0.48196953535079956,-0.00689789978787303,0.26132333278656006,0.4426237940788269,-0.009466767311096191,0.2691391110420227,0.410989373922348,-0.012876180931925774,0.2840827405452728,0.4082143008708954,-0.01470932923257351,0.26483893394470215,0.4022890627384186,-6.0666145145660266e-05,0.26092949509620667,0.3585093915462494,-0.009116314351558685,0.2572615146636963,0.3712877035140991,-0.014690547250211239,0.25840285420417786,0.3943799138069153,-0.016967246308922768,0.2775934040546417,0.3967316746711731,-0.0008631956297904253,0.2754364311695099,0.3453620970249176,-0.009740682318806648,0.2700870931148529,0.3620182275772095,-0.012542429380118847,0.271330863237381,0.3876419961452484,-0.01166724506765604,0.2910081446170807,0.3989953100681305,-0.0035920916125178337,0.2911798357963562,0.3517357409000397,-0.011469676159322262,0.2850657105445862,0.3642103672027588,-0.012098065577447414,0.285279780626297,0.38693469762802124,-0.009807651862502098,0.30527761578559875,0.40670639276504517,-0.007403460796922445,0.30600887537002563,0.3720828890800476,-0.01317266933619976,0.3006320297718048,0.3731423616409302,-0.014273055829107761,0.29848626255989075,0.3893631398677826,-0.01329957414418459,0.7386215329170227,0.836678147315979,-2.5107939904955856e-07,0.7133552432060242,0.804295539855957,-0.014973701909184456,0.7013614177703857,0.7532275915145874,-0.024356737732887268,0.7206629514694214,0.7289846539497375,-0.03276989236474037,0.7418477535247803,0.7455006837844849,-0.038107503205537796,0.7126539945602417,0.6806225776672363,-0.014040496200323105,0.7158381938934326,0.6231278777122498,-0.029165364801883698,0.7176898717880249,0.6674558520317078,-0.037644125521183014,0.7160106897354126,0.7019698023796082,-0.04221617430448532,0.7356466054916382,0.6819067001342773,-0.013881298713386059,0.7377334833145142,0.6210504770278931,-0.028548546135425568,0.7378465533256531,0.6779708862304688,-0.03204011544585228,0.7344155311584473,0.7117648124694824,-0.032062988728284836,0.756104588508606,0.6918906569480896,-0.01605379208922386,0.758815586566925,0.6405072212219238,-0.029451774433255196,0.7561200857162476,0.6891590356826782,-0.02677084691822529,0.7508522272109985,0.719834566116333,-0.022361885756254196,0.7747030854225159,0.7122117877006531,-0.019909726455807686,0.7748473882675171,0.671044111251831,-0.03087305836379528,0.7703484296798706,0.70276939868927,-0.029828492552042007,0.7646872997283936,0.728317379951477,-0.02711193636059761
36,0.2933047115802765,0.5012606382369995,-1.6467998875668854e-07,0.27288535237312317,0.4819110035896301,-0.006726199761033058,0.26249223947525024,0.4425732493400574,-0.008967806585133076,0.2701924741268158,0.40893876552581787,-0.01223383191972971,0.284867525100708,0.4049355685710907,-0.014002284966409206,0.2667098343372345,0.40151503682136536,0.001387844793498516,0.2629382014274597,0.3560338020324707,-0.00717374449595809,0.2594907283782959,0.3683047294616699,-0.012683838605880737,0.2605689764022827,0.3906325101852417,-0.015086930245161057,0.27924397587776184,0.396086722612381,0.0005040980759076774,0.27698126435279846,0.34428671002388,-0.008144311606884003,0.2713191509246826,0.3601647913455963,-0.011085466481745243,0.27195316553115845,0.3848179578781128,-0.010556201450526714,0.2924302816390991,0.39814361929893494,-0.0023905884008854628,0.2923523187637329,0.34876731038093567,-0.010418521240353584,0.28631898760795593,0.3631075620651245,-0.010829226113855839,0.28682535886764526,0.3873692750930786,-0.008492141962051392,0.3067154884338379,0.40627098083496094,-0.006393657997250557,0.30709055066108704,0.3689679205417633,-0.012177219614386559,0.30156052112579346,0.370696097612381,-0.013066091574728489,0.29987820982933044,0.38723108172416687,-0.012092405930161476,0.7393932342529297,0.8322452306747437,-2.9470490403582517e-07,0.7126097679138184,0.802547037601471,-0.013972737826406956,0.700637698173523,0.7516427040100098,-0.022048480808734894,0.7183393836021423,0.7243927121162415,-0.029293792322278023,0.7391617298126221,0.7354657649993896,-0.03341205045580864,0.7123934030532837,0.6775943040847778,-0.012938731350004673,0.7157989144325256,0.620954155921936,-0.027670806273818016,0.7168481945991516,0.666995108127594,-0.03535136580467224,0.7148638367652893,0.7026472687721252,-0.039158761501312256,0.735196590423584,0.6799114346504211,-0.01294412650167942,0.7374922037124634,0.6199747920036316,-0.027121981605887413,0.7377247214317322,0.6752955913543701,-0.030579375103116035,0.7344509363174438,0.708785891532898,-0.0304883886128664,0.7553819417953491,0.6894291639328003,-0.01518156286329031,0.7586402297019958,0.6370044350624084,-0.028740501031279564,0.7552080750465393,0.6858363747596741,-0.026175562292337418,0.7499439716339111,0.7165194749832153,-0.021682709455490112,0.7741875648498535,0.7093204855918884,-0.018915023654699326,0.774320125579834,0.6680814027786255,-0.029911186546087265,0.7689544558525085,0.7000558376312256,-0.028697293251752853,0.7630082964897156,0.7258897423744202,-0.025702355429530144
37,0.2918166518211365,0.49528607726097107,-1.7443407784867304e-07,0.27255770564079285,0.47692936658859253,-0.0065822298638522625,0.2628285884857178,0.4396321475505829,-0.009055038914084435,0.270903080701828,0.4064648151397705,-0.012372042052447796,0.2841741442680359,0.40053457021713257,-0.014019911177456379,0.26565447449684143,0.3975188136100769,0.0009779713582247496,0.2614767551422119,0.35184890031814575,-0.007209303788840771,0.2595396935939789,0.3656625747680664,-0.012251253239810467,0.2607739269733429,0.38864514231681824,-0.014313902705907822,0.2781154215335846,0.3912199139595032,0.0006843392038717866,0.27525100111961365,0.341590940952301,-0.007091672159731388,0.27171292901039124,0.36102718114852905,-0.009394004940986633,0.2728044092655182,0.3857988715171814,-0.0086838873103261,0.2911824882030487,0.3925265371799469,-0.0015046123880892992,0.29042863845825195,0.3457493185997009,-0.008787951432168484,0.2863551080226898,0.36139976978302,-0.008654343895614147,0.2868669629096985,0.38503727316856384,-0.006227448116987944,0.3054952621459961,0.4003707766532898,-0.0047440193593502045,0.30597516894340515,0.3659559190273285,-0.010292110964655876,0.30204343795776367,0.3683944344520569,-0.01114395447075367,0.30039235949516296,0.383062481880188,-0.010173114016652107,0.7392749786376953,0.8296971321105957,-2.861093548744975e-07,0.7133094668388367,0.7996780872344971,-0.014570610597729683,0.7013561129570007,0.7519334554672241,-0.023228719830513,0.7199158668518066,0.7264692783355713,-0.03108084201812744,0.7413073778152466,0.7379032373428345,-0.03570986166596413,0.7135049700737,0.6740264296531677,-0.01257744524627924,0.7154423594474792,0.6196480393409729,-0.027142828330397606,0.7166540622711182,0.6663764715194702,-0.03476565331220627,0.7155519127845764,0.7029338479042053,-0.03857138007879257,0.7364298105239868,0.6762052774429321,-0.0123377600684762,0.7368512153625488,0.6201045513153076,-0.02649758942425251,0.7373839020729065,0.6751068830490112,-0.03001750074326992,0.7350292205810547,0.7088568210601807,-0.030072364956140518,0.7566009759902954,0.6858232021331787,-0.014462773688137531,0.7584522366523743,0.6352814435958862,-0.028261631727218628,0.7554519176483154,0.6842126250267029,-0.02585611864924431,0.750634491443634,0.7161044478416443,-0.021435076370835304,0.7751479148864746,0.7058463096618652,-0.018176032230257988,0.7748746871948242,0.6658448576927185,-0.029544150456786156,0.7696462273597717,0.6980574727058411,-0.028462247923016548,0.7634971141815186,0.7249464988708496,-0.025378860533237457
38,0.2918166518211365,0.49528607726097107,-1.7443407784867304e-07,0.27255770564079285,0.47692936658859253,-0.0065822298638522625,0.2628285884857178,0.4396321475505829,-0.009055038914084435,0.270903080701828,0.4064648151397705,-0.012372042052447796,0.2841741442680359,0.40053457021713257,-0.014019911177456379,0.26565447449684143,0.3975188136100769,0.0009779713582247496,0.2614767551422119,0.35184890031814575,-0.007209303788840771,0.2595396935939789,0.3656625747680664,-0.012251253239810467,0.2607739269733429,0.38864514231681824,-0.014313902705907822,0.2781154215335846,0.3912199139595032,0.0006843392038717866,0.27525100111961365,0.341590940952301,-0.007091672159731388,0.27171292901039124,0.36102718114852905,-0.009394004940986633,0.2728044092655182,0.3857988715171814,-0.0086838873103261,0.2911824882030487,0.3925265371799469,-0.0015046123880892992,0.29042863845825195,0.3457493185997009,-0.008787951432168484,0.2863551080226898,0.36139976978302,-0.008654343895614147,0.2868669629096985,0.38503727316856384,-0.006227448116987944,0.3054952621459961,0.4003707766532898,-0.0047440193593502045,0.30597516894340515,0.3659559190273285,-0.010292110964655876,0.30204343795776367,0.3683944344520569,-0.01114395447075367,0.30039235949516296,0.383062481880188,-0.010173114016652107,0.7392749786376953,0.8296971321105957,-2.861093548744975e-07,0.7133094668388367,0.7996780872344971,-0.014570610597729683,0.7013561129570007,0.7519334554672241,-0.023228719830513,0.7199158668518066,0.7264692783355713,-0.03108084201812744,0.7413073778152466,0.7379032373428345,-0.03570986166596413,0.7135049700737,0.6740264296531677,-0.01257744524627924,0.7154423594474792,0.6196480393409729,-0.027142828330397606,0.7166540622711182,0.6663764715194702,-0.03476565331220627,0.7155519127845764,0.7029338479042053,-0.03857138007879257,0.7364298105239868,0.6762052774429321,-0.0123377600684762,0.7368512153625488,0.6201045513153076,-0.02649758942425251,0.7373839020729065,0.6751068830490112,-0.03001750074326992,0.7350292205810547,0.7088568210601807,-0.030072364956140518,0.7566009759902954,0.6858232021331787,-0.014462773688137531,0.7584522366523743,0.6352814435958862,-0.028261631727218628,0.7554519176483154,0.6842126250267029,-0.02585611864924431,0.750634491443634,0.7161044478416443,-0.021435076370835304,0.7751479148864746,0.7058463096618652,-0.018176032230257988,0.7748746871948242,0.6658448576927185,-0.029544150456786156,0.7696462273597717,0.6980574727058411,-0.028462247923016548,0.7634971141815186,0.7249464988708496,-0.025378860533237457
39,0.2934737503528595,0.49435874819755554,-1.4772680856367515e-07,0.27167436480522156,0.4751957654953003,-0.006543596275150776,0.2607753276824951,0.4364701211452484,-0.008572230115532875,0.2684410512447357,0.4024912416934967,-0.011537580750882626,0.2825205624103546,0.39815235137939453,-0.013069573789834976,0.2645907402038574,0.39731448888778687,0.00199123821221292,0.2608996629714966,0.35264554619789124,-0.0060001858510077,0.25720569491386414,0.3642546534538269,-0.011105705983936787,0.2580544352531433,0.3867289423942566,-0.013229968026280403,0.2772771716117859,0.3907223641872406,0.0013081335928291082,0.27501380443573,0.3391818404197693,-0.006595282349735498,0.2694830298423767,0.3548412621021271,-0.00938273873180151,0.27005696296691895,0.37998512387275696,-0.008769632317125797,0.29077059030532837,0.3918862044811249,-0.001334447762928903,0.2900862693786621,0.3439847528934479,-0.008632954210042953,0.2840074896812439,0.3580702841281891,-0.009169697761535645,0.2844739258289337,0.38176897168159485,-0.007062066812068224,0.3051935136318207,0.3989068567752838,-0.005042792297899723,0.3040519952774048,0.3637971878051758,-0.010275157168507576,0.298509418964386,0.36628028750419617,-0.011052805930376053,0.29711657762527466,0.3825834095478058,-0.010078142397105694,0.7396591901779175,0.8286935687065125,-2.8554924824675254e-07,0.7130069732666016,0.7985819578170776,-0.014518125914037228,0.7008954882621765,0.7504285573959351,-0.023238206282258034,0.719180166721344,0.724916398525238,-0.031067881733179092,0.740818977355957,0.7349525690078735,-0.035692248493433,0.7126461267471313,0.6745045185089111,-0.013657989911735058,0.7157065868377686,0.6193246841430664,-0.02787896618247032,0.716579258441925,0.6655917167663574,-0.03462585434317589,0.7149317264556885,0.7011431455612183,-0.0378723181784153,0.7355291843414307,0.6767132878303528,-0.013489654287695885,0.7368464469909668,0.6197462677955627,-0.02756655402481556,0.7371671795845032,0.6750439405441284,-0.0305609293282032,0.7345565557479858,0.7078577280044556,-0.030315563082695007,0.7556411027908325,0.6859419941902161,-0.015581665560603142,0.7581571340560913,0.6344159841537476,-0.02942480333149433,0.7547690868377686,0.683620035648346,-0.02656685560941696,0.749581515789032,0.7142954468727112,-0.021934615448117256,0.7739222049713135,0.7052286863327026,-0.01921108551323414,0.7741649150848389,0.664372444152832,-0.030690334737300873,0.7682644724845886,0.6974460482597351,-0.029404006898403168,0.7616322040557861,0.7239634990692139,-0.02630297653377056
40,0.2944599390029907,0.4983798861503601,-1.266657676524119e-07,0.2720363736152649,0.48184454441070557,-0.00710846995934844,0.26090681552886963,0.44303804636001587,-0.009808003902435303,0.26869332790374756,0.4095558226108551,-0.013258581981062889,0.28282809257507324,0.40774109959602356,-0.015164176933467388,0.2638207972049713,0.4051821827888489,-0.0005142506561242044,0.2592869997024536,0.35863813757896423,-0.009207378141582012,0.2562541663646698,0.3711436092853546,-0.014295481145381927,0.25774866342544556,0.39410507678985596,-0.01623424142599106,0.2768176198005676,0.3982636034488678,-0.0010768570937216282,0.27377697825431824,0.34567996859550476,-0.009943561628460884,0.2684954106807709,0.3620048761367798,-0.012528390623629093,0.26972082257270813,0.38732099533081055,-0.011619926430284977,0.29027804732322693,0.3986504077911377,-0.003571378532797098,0.2894490361213684,0.35031768679618835,-0.011596585623919964,0.28314879536628723,0.36427533626556396,-0.01201815064996481,0.28376305103302,0.3880324065685272,-0.00968307163566351,0.3050714135169983,0.40455734729766846,-0.007132688071578741,0.3047899901866913,0.36924123764038086,-0.012876953929662704,0.29831770062446594,0.37180095911026,-0.013835758902132511,0.29595839977264404,0.38851815462112427,-0.012923306785523891,0.7396758198738098,0.8273378610610962,-2.9966540182613244e-07,0.713060736656189,0.7981686592102051,-0.014193404465913773,0.7006683349609375,0.7504674196243286,-0.02252504788339138,0.7188395261764526,0.7245127558708191,-0.029991913586854935,0.7403725981712341,0.7342036366462708,-0.03420644626021385,0.7130001783370972,0.674210786819458,-0.013069012202322483,0.7150903940200806,0.6186630725860596,-0.027651946991682053,0.7157748341560364,0.6651775240898132,-0.03487977012991905,0.7145064473152161,0.7009626626968384,-0.03835998848080635,0.7357175946235657,0.6765277981758118,-0.012874356471002102,0.7364720702171326,0.6194502115249634,-0.026655348017811775,0.7366936206817627,0.674198567867279,-0.029619509354233742,0.7346178889274597,0.7063606977462769,-0.029501795768737793,0.7558385729789734,0.6858522295951843,-0.015008318237960339,0.7580796480178833,0.6346674561500549,-0.028587279841303825,0.7546433806419373,0.683506429195404,-0.02570224180817604,0.7501468658447266,0.7140496969223022,-0.021169137209653854,0.7746257185935974,0.7054327130317688,-0.018661953508853912,0.7742825746536255,0.664630115032196,-0.02968273125588894,0.768480122089386,0.6972261071205139,-0.02825506590306759,0.762435257434845,0.7235425710678101,-0.025137340649962425
