frame,feature_0,feature_1,feature_2,feature_3,feature_4,feature_5,feature_6,feature_7,feature_8,feature_9,feature_10,feature_11,feature_12,feature_13,feature_14,feature_15,feature_16,feature_17,feature_18,feature_19,feature_20,feature_21,feature_22,feature_23,feature_24,feature_25,feature_26,feature_27,feature_28,feature_29,feature_30,feature_31,feature_32,feature_33,feature_34,feature_35,feature_36,feature_37,feature_38,feature_39,feature_40,feature_41,feature_42,feature_43,feature_44,feature_45,feature_46,feature_47,feature_48,feature_49,feature_50,feature_51,feature_52,feature_53,feature_54,feature_55,feature_56,feature_57,feature_58,feature_59,feature_60,feature_61,feature_62,feature_63,feature_64,feature_65,feature_66,feature_67,feature_68,feature_69,feature_70,feature_71,feature_72,feature_73,feature_74,feature_75,feature_76,feature_77,feature_78,feature_79,feature_80,feature_81,feature_82,feature_83,feature_84,feature_85,feature_86,feature_87,feature_88,feature_89,feature_90,feature_91,feature_92,feature_93,feature_94,feature_95,feature_96,feature_97,feature_98,feature_99,feature_100,feature_101,feature_102,feature_103,feature_104,feature_105,feature_106,feature_107,feature_108,feature_109,feature_110,feature_111,feature_112,feature_113,feature_114,feature_115,feature_116,feature_117,feature_118,feature_119,feature_120,feature_121,feature_122,feature_123,feature_124,feature_125
1,0.3294157385826111,0.46825695037841797,-1.106159857044986e-07,0.31278467178344727,0.44371652603149414,-0.011668459512293339,0.30639520287513733,0.40925803780555725,-0.0173410065472126,0.3198225498199463,0.3868456184864044,-0.02234681509435177,0.3352591097354889,0.38342201709747314,-0.02562103606760502,0.3089568316936493,0.36310139298439026,-0.00585498521104455,0.3144649565219879,0.32089558243751526,-0.015402708202600479,0.31622958183288574,0.33500733971595764,-0.02252856455743313,0.31358906626701355,0.3604397475719452,-0.026399634778499603,0.3245057761669159,0.3621513545513153,-0.004422377794981003,0.3296165466308594,0.3130815923213959,-0.012604216113686562,0.3303758502006531,0.3347063660621643,-0.018623096868395805,0.3282068967819214,0.35879823565483093,-0.021815314888954163,0.33805325627326965,0.36841291189193726,-0.0048349336721003056,0.3436242341995239,0.3277614414691925,-0.012468263506889343,0.34263789653778076,0.34441208839416504,-0.016070740297436714,0.3390658497810364,0.3664984703063965,-0.017524659633636475,0.3507794141769409,0.38259103894233704,-0.006413301918655634,0.35544201731681824,0.35023850202560425,-0.013202381320297718,0.353462815284729,0.3586452305316925,-0.01594180427491665,0.348420113325119,0.37513208389282227,-0.0172040443867445,0.6474820375442505,0.30273696780204773,-2.0629396146887302e-07,0.6231444478034973,0.28282660245895386,-0.007758491672575474,0.6112321615219116,0.24260136485099792,-0.01188634056597948,0.6231210827827454,0.21361654996871948,-0.017370210960507393,0.6409006714820862,0.2185152769088745,-0.02134058065712452,0.61735600233078,0.19011521339416504,-0.0006916357087902725,0.6155424118041992,0.13851578533649445,-0.011453857645392418,0.617401659488678,0.16135364770889282,-0.01854764111340046,0.6200559735298157,0.18801772594451904,-0.022102972492575645,0.6329347491264343,0.18529818952083588,-0.002401268109679222,0.632057785987854,0.12729579210281372,-0.013850297778844833,0.6330007314682007,0.15968340635299683,-0.018292244523763657,0.6338539719581604,0.18912291526794434,-0.018557658419013023,0.6486021280288696,0.1877024620771408,-0.006184829398989677,0.64875727891922,0.13383889198303223,-0.015687057748436928,0.6468843817710876,0.16191166639328003,-0.015902003273367882,0.646607518196106,0.18952497839927673,-0.013404161669313908,0.6648567318916321,0.1976163238286972,-0.011253874748945236,0.6647433042526245,0.15590715408325195,-0.01744757778942585,0.6603022217750549,0.1675562560558319,-0.017688974738121033,0.6571279168128967,0.187974214553833,-0.016516707837581635
2,0.330280065536499,0.4666403532028198,-1.2115171443838335e-07,0.3131086826324463,0.4435901939868927,-0.011399757117033005,0.30598723888397217,0.41177329421043396,-0.017498495057225227,0.31662511825561523,0.3887670934200287,-0.02280242182314396,0.3304292559623718,0.3798900842666626,-0.0262060035020113,0.30991214513778687,0.36373817920684814,-0.007997214794158936,0.3143308758735657,0.321248322725296,-0.01735515519976616,0.31565922498703003,0.3358851671218872,-0.023558693006634712,0.31273698806762695,0.36035406589508057,-0.026700656861066818,0.32527393102645874,0.3625696301460266,-0.006556546315550804,0.3291938602924347,0.31234198808670044,-0.014562131837010384,0.3298514783382416,0.3343959152698517,-0.019338363781571388,0.32770848274230957,0.35805338621139526,-0.02163793332874775,0.33843713998794556,0.3687019944190979,-0.006790160667151213,0.34315046668052673,0.3268378973007202,-0.013904755003750324,0.34248122572898865,0.34305113554000854,-0.016063500195741653,0.3394574820995331,0.3644610643386841,-0.016607513651251793,0.3511076271533966,0.383242130279541,-0.008141010999679565,0.35488900542259216,0.3508112132549286,-0.014388437382876873,0.35352250933647156,0.35755616426467896,-0.016443338245153427,0.3491859436035156,0.3722759187221527,-0.017204273492097855,0.6479337811470032,0.30251163244247437,-2.0526847777091461e-07,0.6233465671539307,0.28485071659088135,-0.008296946063637733,0.61100172996521,0.24391093850135803,-0.012370300479233265,0.6227149367332458,0.21373532712459564,-0.0176368560642004,0.6403316259384155,0.2172583043575287,-0.02127147652208805,0.6169387102127075,0.19061382114887238,-0.000992822227999568,0.615121066570282,0.13872061669826508,-0.011837758123874664,0.6171422004699707,0.1620202660560608,-0.018723268061876297,0.6196097135543823,0.18884195387363434,-0.022073054686188698,0.6326379776000977,0.18529139459133148,-0.0024250796996057034,0.6313162446022034,0.12690258026123047,-0.0139778358861804,0.632388710975647,0.1591285765171051,-0.018208658322691917,0.6331334710121155,0.18826590478420258,-0.018232498317956924,0.648194432258606,0.18761654198169708,-0.006027750205248594,0.6483932733535767,0.1337364912033081,-0.015994064509868622,0.6463282108306885,0.16172368824481964,-0.01619483344256878,0.6458989977836609,0.1894560605287552,-0.01357592549175024,0.6646715998649597,0.19774840772151947,-0.010921809822320938,0.6642383933067322,0.15581576526165009,-0.017809148877859116,0.6591881513595581,0.1680719554424286,-0.018294084817171097,0.6555601954460144,0.18920564651489258,-0.017156416550278664
3,0.32832813262939453,0.4728597402572632,-1.091157670884968e-07,0.3109549283981323,0.4499082863330841,-0.010753722861409187,0.3049195408821106,0.41072916984558105,-0.015501094982028008,0.3173303008079529,0.3859330415725708,-0.019739488139748573,0.33258944749832153,0.3829447031021118,-0.02227597124874592,0.30743786692619324,0.36639150977134705,-0.005120359361171722,0.3119581341743469,0.3247207999229431,-0.01465731393545866,0.31451675295829773,0.33626118302345276,-0.021593956276774406,0.31233397126197815,0.3605979382991791,-0.02510068751871586,0.32310304045677185,0.36460790038108826,-0.004078652709722519,0.32700294256210327,0.31479188799858093,-0.012016587890684605,0.3289146423339844,0.3324960470199585,-0.01754443719983101,0.3268528878688812,0.3569149374961853,-0.02018062025308609,0.3371087908744812,0.37089666724205017,-0.004897519946098328,0.3416766822338104,0.3280349373817444,-0.012341566383838654,0.342107892036438,0.34122470021247864,-0.01577761024236679,0.338919460773468,0.3629370629787445,-0.016933416947722435,0.34996479749679565,0.38385042548179626,-0.006838052999228239,0.35288339853286743,0.35059115290641785,-0.01362165529280901,0.35225120186805725,0.355366051197052,-0.016492770984768867,0.348497211933136,0.370090514421463,-0.0176645889878273,0.6479670405387878,0.3033808469772339,-2.1070547973067733e-07,0.623252272605896,0.2846696972846985,-0.008432243019342422,0.6107842922210693,0.2440766543149948,-0.012810557149350643,0.6228224039077759,0.21428704261779785,-0.018437962979078293,0.6407729387283325,0.2181236743927002,-0.022474685683846474,0.617131769657135,0.1906154751777649,-0.001044312841258943,0.6152379512786865,0.13939623534679413,-0.012231264263391495,0.6166907548904419,0.16350287199020386,-0.019642001017928123,0.6193874478340149,0.1902468055486679,-0.023435112088918686,0.6327224969863892,0.18517298996448517,-0.002570726443082094,0.6316465735435486,0.12742507457733154,-0.014359435997903347,0.6321051120758057,0.16003930568695068,-0.018834276124835014,0.6329165697097778,0.1893802434206009,-0.019097696989774704,0.6482880711555481,0.18748986721038818,-0.00631699850782752,0.648489773273468,0.1336287260055542,-0.016336675733327866,0.6461400985717773,0.1617220789194107,-0.01666245423257351,0.6457220911979675,0.18947827816009521,-0.0141897052526474,0.6646769046783447,0.19786809384822845,-0.011408126913011074,0.6642857789993286,0.15607738494873047,-0.018360329791903496,0.6591701507568359,0.1688908040523529,-0.01897834800183773,0.6557378768920898,0.1906089186668396,-0.017980974167585373
4,0.33061692118644714,0.45969530940055847,-1.1870778138245441e-07,0.31311094760894775,0.44063785672187805,-0.012386309914290905,0.3048946261405945,0.4117734432220459,-0.01976008340716362,0.314062237739563,0.38881611824035645,-0.026127712801098824,0.3273311257362366,0.37778422236442566,-0.030615808442234993,0.3074909448623657,0.36065393686294556,-0.011498644948005676,0.3118339776992798,0.31886881589889526,-0.02149297297000885,0.3128376603126526,0.33491137623786926,-0.027435429394245148,0.31018421053886414,0.359479695558548,-0.030281664803624153,0.32283979654312134,0.3586876094341278,-0.010020004585385323,0.3265352249145508,0.3088579773902893,-0.01857517659664154,0.32719290256500244,0.331129252910614,-0.022757673636078835,0.32535916566848755,0.3551979064941406,-0.024598732590675354,0.33672788739204407,0.36479660868644714,-0.01015132199972868,0.341208815574646,0.3240647315979004,-0.017704399302601814,0.3404903709888458,0.34190472960472107,-0.019217675551772118,0.33743515610694885,0.3623087704181671,-0.019387494772672653,0.34988635778427124,0.37816542387008667,-0.011442160233855247,0.352751225233078,0.3479374051094055,-0.017677396535873413,0.3511277735233307,0.3569706082344055,-0.01901404559612274,0.3469773232936859,0.371330201625824,-0.019348077476024628,0.6483883261680603,0.30401912331581116,-2.1375390701905417e-07,0.6236430406570435,0.28635114431381226,-0.008519351482391357,0.610887885093689,0.24519000947475433,-0.012646918185055256,0.6225131750106812,0.21409451961517334,-0.017940685153007507,0.6400909423828125,0.21695539355278015,-0.02159726992249489,0.6176721453666687,0.19127555191516876,-0.0008831917657516897,0.6156697273254395,0.13996025919914246,-0.01201105397194624,0.6169150471687317,0.16334494948387146,-0.019199397414922714,0.6194208264350891,0.19051967561244965,-0.022752920165657997,0.6331349611282349,0.18587413430213928,-0.0022557368502020836,0.6318715214729309,0.12784509360790253,-0.014001638628542423,0.6320285797119141,0.16002635657787323,-0.01829175092279911,0.6329339146614075,0.18964239954948425,-0.018290219828486443,0.6486128568649292,0.18835239112377167,-0.005880272015929222,0.6487467885017395,0.13461384177207947,-0.0160609632730484,0.6459536552429199,0.16245687007904053,-0.016360247507691383,0.6456771492958069,0.19033071398735046,-0.013739150017499924,0.6650032997131348,0.19880208373069763,-0.010824363678693771,0.6644620299339294,0.15675699710845947,-0.01799464412033558,0.6589491963386536,0.16927385330200195,-0.018698854371905327,0.6555270552635193,0.19121460616588593,-0.017651431262493134
5,0.33061692118644714,0.45969530940055847,-1.1870778138245441e-07,0.31311094760894775,0.44063785672187805,-0.012386309914290905,0.3048946261405945,0.4117734432220459,-0.01976008340716362,0.314062237739563,0.38881611824035645,-0.026127712801098824,0.3273311257362366,0.37778422236442566,-0.030615808442234993,0.3074909448623657,0.36065393686294556,-0.011498644948005676,0.3118339776992798,0.31886881589889526,-0.02149297297000885,0.3128376603126526,0.33491137623786926,-0.027435429394245148,0.31018421053886414,0.359479695558548,-0.030281664803624153,0.32283979654312134,0.3586876094341278,-0.010020004585385323,0.3265352249145508,0.3088579773902893,-0.01857517659664154,0.32719290256500244,0.331129252910614,-0.022757673636078835,0.32535916566848755,0.3551979064941406,-0.024598732590675354,0.33672788739204407,0.36479660868644714,-0.01015132199972868,0.341208815574646,0.3240647315979004,-0.017704399302601814,0.3404903709888458,0.34190472960472107,-0.019217675551772118,0.33743515610694885,0.3623087704181671,-0.019387494772672653,0.34988635778427124,0.37816542387008667,-0.011442160233855247,0.352751225233078,0.3479374051094055,-0.017677396535873413,0.3511277735233307,0.3569706082344055,-0.01901404559612274,0.3469773232936859,0.371330201625824,-0.019348077476024628,0.6483883261680603,0.30401912331581116,-2.1375390701905417e-07,0.6236430406570435,0.28635114431381226,-0.008519351482391357,0.610887885093689,0.24519000947475433,-0.012646918185055256,0.6225131750106812,0.21409451961517334,-0.017940685153007507,0.6400909423828125,0.21695539355278015,-0.02159726992249489,0.6176721453666687,0.19127555191516876,-0.0008831917657516897,0.6156697273254395,0.13996025919914246,-0.01201105397194624,0.6169150471687317,0.16334494948387146,-0.019199397414922714,0.6194208264350891,0.19051967561244965,-0.022752920165657997,0.6331349611282349,0.18587413430213928,-0.0022557368502020836,0.6318715214729309,0.12784509360790253,-0.014001638628542423,0.6320285797119141,0.16002635657787323,-0.01829175092279911,0.6329339146614075,0.18964239954948425,-0.018290219828486443,0.6486128568649292,0.18835239112377167,-0.005880272015929222,0.6487467885017395,0.13461384177207947,-0.0160609632730484,0.6459536552429199,0.16245687007904053,-0.016360247507691383,0.6456771492958069,0.19033071398735046,-0.013739150017499924,0.6650032997131348,0.19880208373069763,-0.010824363678693771,0.6644620299339294,0.15675699710845947,-0.01799464412033558,0.6589491963386536,0.16927385330200195,-0.018698854371905327,0.6555270552635193,0.19121460616588593,-0.017651431262493134
6,0.32482269406318665,0.47387775778770447,-1.0117443594026554e-07,0.30789387226104736,0.44984960556030273,-0.009890162386000156,0.30170559883117676,0.4085437059402466,-0.013805409893393517,0.3136821389198303,0.38154712319374084,-0.01728215627372265,0.3293476402759552,0.380428671836853,-0.019106367602944374,0.30420219898223877,0.36360326409339905,-0.0043601845391094685,0.3076654076576233,0.32108551263809204,-0.013427216559648514,0.3097359836101532,0.3290960192680359,-0.019533436745405197,0.30834296345710754,0.35159239172935486,-0.02237178012728691,0.3197525441646576,0.3613739013671875,-0.003376449691131711,0.3236331343650818,0.3109121024608612,-0.010793057270348072,0.32487156987190247,0.32572656869888306,-0.014549889601767063,0.3228136897087097,0.3499738872051239,-0.015517161227762699,0.33428364992141724,0.368712842464447,-0.0042464956641197205,0.3391289710998535,0.3252527713775635,-0.011528892442584038,0.33845874667167664,0.3371058702468872,-0.013444429263472557,0.3349640667438507,0.3577440679073334,-0.013080865144729614,0.3477538228034973,0.38238054513931274,-0.006189300213009119,0.35093891620635986,0.34870100021362305,-0.013380317017436028,0.35019826889038086,0.3520161509513855,-0.015727590769529343,0.3468914330005646,0.366031289100647,-0.01595325395464897,0.6489335298538208,0.30540478229522705,-2.306309312416488e-07,0.6242915391921997,0.28938108682632446,-0.007931233383715153,0.610643208026886,0.24854101240634918,-0.011456181295216084,0.62211012840271,0.2163197249174118,-0.016112307086586952,0.6411556005477905,0.217984139919281,-0.01895616017282009,0.6175965666770935,0.19298920035362244,-0.0003051870735362172,0.6157089471817017,0.14056912064552307,-0.010901927016675472,0.6163537502288818,0.16482101380825043,-0.017505258321762085,0.6189351677894592,0.19206689298152924,-0.020779890939593315,0.6331329345703125,0.1877991110086441,-0.0017053905175998807,0.632333517074585,0.12904207408428192,-0.01301656849682331,0.6319872140884399,0.16235224902629852,-0.016664624214172363,0.6330220699310303,0.19199161231517792,-0.0162456426769495,0.6485652923583984,0.18987108767032623,-0.005320328287780285,0.6493061184883118,0.13552150130271912,-0.01493541244417429,0.6462974548339844,0.1629093736410141,-0.014578254893422127,0.6460416316986084,0.19009126722812653,-0.011643409729003906,0.6650063395500183,0.19956645369529724,-0.010236101225018501,0.66412752866745,0.15764731168746948,-0.0169947762042284,0.658614456653595,0.17058388888835907,-0.017397558316588402,0.6554039716720581,0.19260236620903015,-0.01620209589600563
7,0.32543694972991943,0.4743444323539734,-1.0219028467872704e-07,0.3083266615867615,0.450131893157959,-0.010449565947055817,0.3015047311782837,0.4089834988117218,-0.014684431254863739,0.31204402446746826,0.3807387351989746,-0.018395330756902695,0.32648414373397827,0.37728598713874817,-0.020214563235640526,0.3041606843471527,0.3635801672935486,-0.004616859834641218,0.30831295251846313,0.31960493326187134,-0.01338591706007719,0.3096503019332886,0.32881855964660645,-0.019036462530493736,0.30720624327659607,0.3519377112388611,-0.02146049775183201,0.3194374740123749,0.3619242310523987,-0.0032284753397107124,0.32320526242256165,0.3115586042404175,-0.010657857172191143,0.32434511184692383,0.32607436180114746,-0.014576838351786137,0.3220261335372925,0.3500954806804657,-0.015645738691091537,0.33374878764152527,0.3687584400177002,-0.0037324894219636917,0.33803948760032654,0.3246173858642578,-0.010750322602689266,0.3375765383243561,0.33657029271125793,-0.012900978326797485,0.33404842019081116,0.3571629822254181,-0.012710423208773136,0.34709712862968445,0.3811546564102173,-0.005360332317650318,0.3498842716217041,0.3465788960456848,-0.012063675560057163,0.3490349054336548,0.3508380055427551,-0.014388208277523518,0.3454875349998474,0.3662056028842926,-0.014632823877036572,0.6484113335609436,0.30468273162841797,-2.1101470792928012e-07,0.6241658926010132,0.2873326539993286,-0.00828281044960022,0.6113864779472351,0.24718934297561646,-0.012272583320736885,0.622674822807312,0.2160751223564148,-0.017499828711152077,0.6403449177742004,0.21690434217453003,-0.020960578694939613,0.6174453496932983,0.19062934815883636,6.221039075171575e-05,0.6157781481742859,0.1399538516998291,-0.010861767455935478,0.6167380213737488,0.16527792811393738,-0.017933018505573273,0.6189900636672974,0.19253692030906677,-0.021400416269898415,0.6329923868179321,0.1861800253391266,-0.0014394575264304876,0.6320562958717346,0.12853185832500458,-0.012842735275626183,0.6320428252220154,0.16044004261493683,-0.017167579382658005,0.6324881911277771,0.18895961344242096,-0.017291244119405746,0.6483621597290039,0.18909215927124023,-0.005230661015957594,0.6491081714630127,0.1356380432844162,-0.015322497114539146,0.6461844444274902,0.1634495109319687,-0.015568148344755173,0.6452744007110596,0.19103673100471497,-0.012934652157127857,0.6647475957870483,0.19988581538200378,-0.010311657562851906,0.6642962098121643,0.15816567838191986,-0.01749272830784321,0.6588789820671082,0.17133481800556183,-0.018075456842780113,0.6549971103668213,0.19369947910308838,-0.016887957230210304
8,0.3252158761024475,0.4626791775226593,-1.19453403613079e-07,0.3075854778289795,0.44180452823638916,-0.009576991200447083,0.30033159255981445,0.4065430760383606,-0.01395777054131031,0.3108750283718109,0.37991565465927124,-0.018165044486522675,0.3253905773162842,0.3722018897533417,-0.02072080783545971,0.30324018001556396,0.3606274425983429,-0.00462662847712636,0.305891752243042,0.31776586174964905,-0.013982570730149746,0.3076149821281433,0.3285219669342041,-0.019985737279057503,0.30611756443977356,0.35259556770324707,-0.022625023499131203,0.3185442090034485,0.3583783507347107,-0.0042345235124230385,0.32192304730415344,0.3079749345779419,-0.012560003437101841,0.32297277450561523,0.3250705301761627,-0.016987260431051254,0.3214702010154724,0.3499414324760437,-0.018382158130407333,0.332630455493927,0.36449891328811646,-0.005644754506647587,0.3375850319862366,0.32262521982192993,-0.013808563351631165,0.3366239070892334,0.3379031717777252,-0.015933865681290627,0.33368557691574097,0.35962745547294617,-0.015660591423511505,0.3457866907119751,0.3778718411922455,-0.008049065247178078,0.34964293241500854,0.3447541296482086,-0.015065587125718594,0.3479258418083191,0.35087206959724426,-0.016907380893826485,0.34372660517692566,0.36644887924194336,-0.016981815919280052,0.6472195982933044,0.30502262711524963,-2.0529719790829404e-07,0.6236079931259155,0.2853414714336395,-0.007677546236664057,0.611517071723938,0.24592739343643188,-0.011639513075351715,0.6222333312034607,0.215989351272583,-0.016948580741882324,0.6390462517738342,0.21961989998817444,-0.02050960063934326,0.6181197166442871,0.1916188895702362,0.0005748558323830366,0.6173262596130371,0.14099062979221344,-0.009536792524158955,0.6170734167098999,0.16508281230926514,-0.015813322737812996,0.6188445687294006,0.1918460726737976,-0.018887443467974663,0.6335751414299011,0.18746177852153778,-0.0011757125612348318,0.6338231563568115,0.12946031987667084,-0.012384292669594288,0.6325019001960754,0.1617439091205597,-0.01640080288052559,0.6329677104949951,0.19019483029842377,-0.01633875072002411,0.6489148139953613,0.19045358896255493,-0.005094692576676607,0.6500322818756104,0.1381480097770691,-0.014609507285058498,0.6467038989067078,0.1662455052137375,-0.014659461565315723,0.6463021039962769,0.19332332909107208,-0.011999188922345638,0.6648260354995728,0.20113185048103333,-0.010288483463227749,0.664699137210846,0.15985055267810822,-0.01642708107829094,0.6595447063446045,0.1725195199251175,-0.01669376716017723,0.6566731333732605,0.19356225430965424,-0.015551533550024033
9,0.3252158761024475,0.4626791775226593,-1.19453403613079e-07,0.3075854778289795,0.44180452823638916,-0.009576991200447083,0.30033159255981445,0.4065430760383606,-0.01395777054131031,0.3108750283718109,0.37991565465927124,-0.018165044486522675,0.3253905773162842,0.3722018897533417,-0.02072080783545971,0.30324018001556396,0.3606274425983429,-0.00462662847712636,0.305891752243042,0.31776586174964905,-0.013982570730149746,0.3076149821281433,0.3285219669342041,-0.019985737279057503,0.30611756443977356,0.35259556770324707,-0.022625023499131203,0.3185442090034485,0.3583783507347107,-0.0042345235124230385,0.32192304730415344,0.3079749345779419,-0.012560003437101841,0.32297277450561523,0.3250705301761627,-0.016987260431051254,0.3214702010154724,0.3499414324760437,-0.018382158130407333,0.332630455493927,0.36449891328811646,-0.005644754506647587,0.3375850319862366,0.32262521982192993,-0.013808563351631165,0.3366239070892334,0.3379031717777252,-0.015933865681290627,0.33368557691574097,0.35962745547294617,-0.015660591423511505,0.3457866907119751,0.3778718411922455,-0.008049065247178078,0.34964293241500854,0.3447541296482086,-0.015065587125718594,0.3479258418083191,0.35087206959724426,-0.016907380893826485,0.34372660517692566,0.36644887924194336,-0.016981815919280052,0.6472195982933044,0.30502262711524963,-2.0529719790829404e-07,0.6236079931259155,0.2853414714336395,-0.007677546236664057,0.611517071723938,0.24592739343643188,-0.011639513075351715,0.6222333312034607,0.215989351272583,-0.016948580741882324,0.6390462517738342,0.21961989998817444,-0.02050960063934326,0.6181197166442871,0.1916188895702362,0.0005748558323830366,0.6173262596130371,0.14099062979221344,-0.009536792524158955,0.6170734167098999,0.16508281230926514,-0.015813322737812996,0.6188445687294006,0.1918460726737976,-0.018887443467974663,0.6335751414299011,0.18746177852153778,-0.0011757125612348318,0.6338231563568115,0.12946031987667084,-0.012384292669594288,0.6325019001960754,0.1617439091205597,-0.01640080288052559,0.6329677104949951,0.19019483029842377,-0.01633875072002411,0.6489148139953613,0.19045358896255493,-0.005094692576676607,0.6500322818756104,0.1381480097770691,-0.014609507285058498,0.6467038989067078,0.1662455052137375,-0.014659461565315723,0.6463021039962769,0.19332332909107208,-0.011999188922345638,0.6648260354995728,0.20113185048103333,-0.010288483463227749,0.664699137210846,0.15985055267810822,-0.01642708107829094,0.6595447063446045,0.1725195199251175,-0.01669376716017723,0.6566731333732605,0.19356225430965424,-0.015551533550024033
10,0.3230210840702057,0.4691842794418335,-1.1863472337836356e-07,0.3054009675979614,0.4470750391483307,-0.0071974205784499645,0.2979261577129364,0.4088943898677826,-0.010218926705420017,0.3074905574321747,0.3800605833530426,-0.013530692085623741,0.3200738728046417,0.370521605014801,-0.015304888598620892,0.30202171206474304,0.36124783754348755,-0.001624181168153882,0.3038787245750427,0.31688064336776733,-0.009910115040838718,0.3054130971431732,0.32450413703918457,-0.015558719635009766,0.304345041513443,0.3462640047073364,-0.018042903393507004,0.3170074224472046,0.3595361113548279,-0.0019613748881965876,0.31975796818733215,0.308590829372406,-0.009136653505265713,0.32091692090034485,0.32121536135673523,-0.013015534728765488,0.3189678490161896,0.3446056842803955,-0.014166510663926601,0.3310689628124237,0.3661920428276062,-0.003985814284533262,0.33556878566741943,0.3213159739971161,-0.010783723555505276,0.3352600932121277,0.3316214680671692,-0.012613959610462189,0.33228257298469543,0.3513134717941284,-0.012343553826212883,0.34447285532951355,0.3789350986480713,-0.006872550584375858,0.347796231508255,0.3448672890663147,-0.012977691367268562,0.34700581431388855,0.34759554266929626,-0.01470152661204338,0.34360945224761963,0.3614484965801239,-0.014714699238538742,0.6474127173423767,0.3046411871910095,-1.9918434190913104e-07,0.623593807220459,0.2848750948905945,-0.008001149632036686,0.611724317073822,0.24557441473007202,-0.012147057801485062,0.6229273080825806,0.21660740673542023,-0.01747196726500988,0.6394265294075012,0.22124995291233063,-0.021086839959025383,0.6178096532821655,0.19095124304294586,-0.00018399511463940144,0.6172818541526794,0.14043530821800232,-0.010188285261392593,0.6179200410842896,0.16408511996269226,-0.01653563417494297,0.6195312738418579,0.1908411830663681,-0.019767800346016884,0.6336173415184021,0.18648776412010193,-0.0017646460328251123,0.6338540315628052,0.12935423851013184,-0.012689590454101562,0.6334351897239685,0.1616610288619995,-0.016887454316020012,0.6335214972496033,0.19011415541172028,-0.01715661957859993,0.6489832997322083,0.18941092491149902,-0.005462201777845621,0.6501299142837524,0.138169527053833,-0.014785978943109512,0.6475290060043335,0.16559404134750366,-0.015211004763841629,0.6468001008033752,0.19238825142383575,-0.013017779216170311,0.664714515209198,0.20019906759262085,-0.01044586580246687,0.6646355986595154,0.159929096698761,-0.01693875901401043,0.6598721742630005,0.1731128990650177,-0.01762630045413971,0.6567142605781555,0.19456695020198822,-0.016827965155243874
11,0.32141056656837463,0.4664362668991089,-1.1182134329601467e-07,0.30422329902648926,0.4438271224498749,-0.009110025130212307,0.2977216839790344,0.4063965678215027,-0.01259555108845234,0.3082387149333954,0.3783141076564789,-0.016011003404855728,0.3216894865036011,0.3715212047100067,-0.017670543864369392,0.3006746768951416,0.3582684397697449,-0.0020198107231408358,0.3046707808971405,0.31502312421798706,-0.010086443275213242,0.30633893609046936,0.3241167664527893,-0.015472132712602615,0.30375057458877563,0.34729066491127014,-0.017762966454029083,0.31580936908721924,0.3570398986339569,-0.0013366845669224858,0.31947562098503113,0.3066135346889496,-0.008575847372412682,0.3209657371044159,0.3209432065486908,-0.01310301199555397,0.31824204325675964,0.34491145610809326,-0.01469175424426794,0.3301040828227997,0.36386343836784363,-0.0025293868966400623,0.3350507616996765,0.31986936926841736,-0.009940586052834988,0.3351171910762787,0.3310619592666626,-0.01308088842779398,0.33131352066993713,0.35187026858329773,-0.013548753224313259,0.34341540932655334,0.3767131567001343,-0.004679541103541851,0.3469795286655426,0.3424493670463562,-0.011558697558939457,0.34647712111473083,0.3463365137577057,-0.014434832148253918,0.34254470467567444,0.36136341094970703,-0.01521806139498949,0.647834837436676,0.30494028329849243,-1.916876755103658e-07,0.624107301235199,0.28638845682144165,-0.007726678159087896,0.6124122738838196,0.24612976610660553,-0.011436285451054573,0.6231448650360107,0.21549220383167267,-0.01639438048005104,0.6388419270515442,0.2175939381122589,-0.01968175545334816,0.6182370185852051,0.19141465425491333,0.00015220255590975285,0.617359459400177,0.14088375866413116,-0.010136269964277744,0.6181690096855164,0.16429810225963593,-0.01650821976363659,0.6199444532394409,0.19141608476638794,-0.019473658874630928,0.6338818073272705,0.18703924119472504,-0.0015480800066143274,0.6337438225746155,0.12948043644428253,-0.012687653303146362,0.6334236860275269,0.1604055017232895,-0.016878733411431313,0.6337531805038452,0.18872827291488647,-0.016866549849510193,0.6491649150848389,0.1905098259449005,-0.005393207538872957,0.6496418118476868,0.13826465606689453,-0.015332141891121864,0.6470476388931274,0.16587723791599274,-0.015837648883461952,0.6468297243118286,0.19300760328769684,-0.013337765820324421,0.6649813652038574,0.20163467526435852,-0.010431824252009392,0.6644735932350159,0.16083914041519165,-0.017276300117373466,0.6593820452690125,0.1721663773059845,-0.01791374944150448,0.6563323736190796,0.19210505485534668,-0.016852635890245438
12,0.321601927280426,0.4603198766708374,-1.0877135281361916e-07,0.3046573996543884,0.44002801179885864,-0.009229161776602268,0.29789185523986816,0.4060112237930298,-0.013780714944005013,0.3070330321788788,0.37862446904182434,-0.018197692930698395,0.3186368942260742,0.3673805594444275,-0.02090674638748169,0.3001570701599121,0.35656097531318665,-0.004697304684668779,0.30213654041290283,0.3135073781013489,-0.014279243536293507,0.3043348491191864,0.32408908009529114,-0.020316487178206444,0.30327489972114563,0.34789973497390747,-0.022851141169667244,0.31553080677986145,0.35471388697624207,-0.0043866694904863834,0.3181709945201874,0.30492255091667175,-0.013087624683976173,0.3201282024383545,0.32223913073539734,-0.01719173602759838,0.31865113973617554,0.34694674611091614,-0.018249057233333588,0.3298160433769226,0.3610568344593048,-0.005868226755410433,0.33428388833999634,0.31791335344314575,-0.01401838194578886,0.33438777923583984,0.3322621285915375,-0.0153241828083992,0.33168479800224304,0.35319411754608154,-0.014429636299610138,0.3433130085468292,0.3742174804210663,-0.008337060920894146,0.34617409110069275,0.34123826026916504,-0.01495613344013691,0.3450932502746582,0.34664201736450195,-0.01620856113731861,0.34149158000946045,0.36074209213256836,-0.015792036429047585,0.6477739214897156,0.3038954734802246,-1.929473967265949e-07,0.6234842538833618,0.28557711839675903,-0.007330427877604961,0.611834704875946,0.24639254808425903,-0.010871903039515018,0.6223894953727722,0.2148018479347229,-0.015703627839684486,0.6379806995391846,0.2132335901260376,-0.018850112333893776,0.6184568405151367,0.1913757622241974,0.0005334836896508932,0.6180014610290527,0.1410008668899536,-0.009362476877868176,0.6186025142669678,0.1640516221523285,-0.015603133477270603,0.619877815246582,0.19098125398159027,-0.018473992124199867,0.6339939832687378,0.187213733792305,-0.0011991012142971158,0.6341768503189087,0.13097509741783142,-0.011874468997120857,0.6339417099952698,0.1621028184890747,-0.016030188649892807,0.6341053247451782,0.19007669389247894,-0.016137776896357536,0.6491944789886475,0.19042596220970154,-0.005001920275390148,0.6498637795448303,0.13698482513427734,-0.014254416339099407,0.6473034620285034,0.16430512070655823,-0.014453294686973095,0.6471033692359924,0.19164752960205078,-0.012007961049675941,0.6654324531555176,0.201292484998703,-0.009976833127439022,0.6647562980651855,0.16085487604141235,-0.01636204682290554,0.660027801990509,0.1711207926273346,-0.01684587076306343,0.6570980548858643,0.1895640790462494,-0.015780776739120483
13,0.32170549035072327,0.45764875411987305,-1.4289433636349713e-07,0.3050444424152374,0.4355621337890625,-0.008515640161931515,0.29878348112106323,0.40253371000289917,-0.01254670973867178,0.30854332447052,0.37674304842948914,-0.016363075003027916,0.32159411907196045,0.3685302138328552,-0.018210409209132195,0.301524817943573,0.3540967106819153,-0.0037780827842652798,0.3039783835411072,0.3116553723812103,-0.012318572029471397,0.30308985710144043,0.3242916166782379,-0.017120013013482094,0.3006537854671478,0.34925657510757446,-0.01883978582918644,0.31619322299957275,0.3519466817378998,-0.003233362454921007,0.31860843300819397,0.30196988582611084,-0.01150589156895876,0.31748485565185547,0.3195866048336029,-0.014260781928896904,0.31603631377220154,0.34459757804870605,-0.014054933562874794,0.3301543891429901,0.35779592394828796,-0.004392642993479967,0.3339819610118866,0.3156090974807739,-0.011816156096756458,0.33179160952568054,0.32994505763053894,-0.01199306733906269,0.32978323101997375,0.3508601188659668,-0.010131539776921272,0.34384334087371826,0.3718237578868866,-0.00649663619697094,0.34680473804473877,0.3388424217700958,-0.012115590274333954,0.3434237837791443,0.34462934732437134,-0.012353968806564808,0.33928850293159485,0.3608657717704773,-0.01109878346323967,0.6489120721817017,0.3055468499660492,-2.074824436704148e-07,0.6242913603782654,0.28609374165534973,-0.006902021821588278,0.6122971177101135,0.24629682302474976,-0.010287942364811897,0.6229587197303772,0.2153724879026413,-0.015109493397176266,0.6385965347290039,0.2148294448852539,-0.01832469180226326,0.6183214783668518,0.1922909915447235,0.0010590318124741316,0.6178709268569946,0.1415751874446869,-0.008690082468092442,0.6183719038963318,0.1647164225578308,-0.015021639876067638,0.6193804144859314,0.1919209361076355,-0.018074575811624527,0.6342349648475647,0.18794290721416473,-0.0008572421502321959,0.6342045664787292,0.1311553716659546,-0.011268527247011662,0.6340745091438293,0.16311036050319672,-0.015495102852582932,0.6341146230697632,0.19173038005828857,-0.01587330922484398,0.6498566269874573,0.19061768054962158,-0.004802677780389786,0.6505235433578491,0.1364741325378418,-0.013695505447685719,0.6480844020843506,0.16481971740722656,-0.013830558396875858,0.6476950645446777,0.1930849552154541,-0.011581417173147202,0.666384220123291,0.20080620050430298,-0.00992250069975853,0.6650040745735168,0.15978990495204926,-0.01612284779548645,0.6604709029197693,0.17151790857315063,-0.016522467136383057,0.6578732132911682,0.1913246214389801,-0.015541676431894302
14,0.32027825713157654,0.4739314019680023,-8.364320081000187e-08,0.30443015694618225,0.4470541477203369,-0.008564528077840805,0.29793012142181396,0.40561962127685547,-0.011688140220940113,0.30595964193344116,0.37353840470314026,-0.0148768937215209,0.31774014234542847,0.3639720380306244,-0.016263676807284355,0.29929983615875244,0.35860973596572876,-0.0014560710405930877,0.30041325092315674,0.31137800216674805,-0.009805012494325638,0.30276426672935486,0.3200381100177765,-0.015304001048207283,0.3021818995475769,0.3436577022075653,-0.017384715378284454,0.3141683340072632,0.35684138536453247,-0.0008786030230112374,0.315683513879776,0.30451709032058716,-0.007985475473105907,0.3178940713405609,0.31720665097236633,-0.01210859790444374,0.31661784648895264,0.34163570404052734,-0.013097300194203854,0.3281189501285553,0.36379194259643555,-0.0021232259459793568,0.3314025402069092,0.3188369572162628,-0.0089200958609581,0.331479012966156,0.330231636762619,-0.010962070897221565,0.32845643162727356,0.3509964346885681,-0.010439680889248848,0.3412313163280487,0.3765712380409241,-0.004330372903496027,0.3437437415122986,0.341057151556015,-0.010264687240123749,0.34325850009918213,0.3443652093410492,-0.01178502757102251,0.33994796872138977,0.35967639088630676,-0.011248272843658924,0.6487689018249512,0.3068671226501465,-1.9175341492427833e-07,0.624243438243866,0.2871798872947693,-0.006993528455495834,0.6121752858161926,0.24699625372886658,-0.010185766033828259,0.6235342621803284,0.21595917642116547,-0.014693686738610268,0.6403619050979614,0.2193053513765335,-0.01781192235648632,0.6184452176094055,0.1949865072965622,0.0010177079821005464,0.6179337501525879,0.144207164645195,-0.008858461864292622,0.6195313930511475,0.16578304767608643,-0.015625348314642906,0.6210458278656006,0.19264592230319977,-0.019038280472159386,0.6342443823814392,0.19027292728424072,-0.0007824965286999941,0.6344916820526123,0.13119500875473022,-0.011024164035916328,0.6348118782043457,0.1602512001991272,-0.015683069825172424,0.6348366737365723,0.18880315124988556,-0.016367880627512932,0.6498621106147766,0.19310753047466278,-0.004617646336555481,0.651045560836792,0.13845863938331604,-0.013662298209965229,0.6485157608985901,0.16433154046535492,-0.01468453835695982,0.6476985812187195,0.19163304567337036,-0.012894796207547188,0.6660633087158203,0.20339639484882355,-0.009581390768289566,0.6651196479797363,0.16190451383590698,-0.016200516372919083,0.660478413105011,0.1736011952161789,-0.017199359834194183,0.6578512191772461,0.19445452094078064,-0.016551710665225983
15,0.320817768573761,0.4737372398376465,-9.978175796732103e-08,0.3042997121810913,0.44686150550842285,-0.009275360964238644,0.29701486229896545,0.4043463468551636,-0.012767316773533821,0.30552423000335693,0.372214138507843,-0.016185032203793526,0.3188430666923523,0.3656662106513977,-0.01773318275809288,0.2993992269039154,0.35861340165138245,-0.002423773054033518,0.300201416015625,0.31095218658447266,-0.011435825377702713,0.3019101619720459,0.3197200894355774,-0.017391478642821312,0.30100545287132263,0.34342700242996216,-0.0197734571993351,0.3139163553714752,0.35578596591949463,-0.001602541422471404,0.315247118473053,0.303056925535202,-0.009523231536149979,0.31684404611587524,0.317738801240921,-0.013741196133196354,0.31539496779441833,0.34353864192962646,-0.014592666178941727,0.32796555757522583,0.36138424277305603,-0.0026819747872650623,0.3308727741241455,0.3158392012119293,-0.00987513829022646,0.3300107717514038,0.32791927456855774,-0.011793659068644047,0.3267862796783447,0.3494054079055786,-0.011095765978097916,0.3411577045917511,0.3727673888206482,-0.004846145864576101,0.34342139959335327,0.337718665599823,-0.010874169878661633,0.3417963683605194,0.34253716468811035,-0.01250289287418127,0.3379524052143097,0.35965263843536377,-0.012090775184333324,0.6495630741119385,0.30794087052345276,-1.9204331636046845e-07,0.6247048377990723,0.2874561846256256,-0.007411438971757889,0.6126921772956848,0.24773332476615906,-0.011086235754191875,0.6237769722938538,0.21576936542987823,-0.016062242910265923,0.6401005983352661,0.2147197276353836,-0.01958620175719261,0.6180488467216492,0.19440384209156036,0.0005815113545395434,0.6181241273880005,0.14331603050231934,-0.009617780335247517,0.6200090646743774,0.16500569880008698,-0.016588687896728516,0.6216127872467041,0.19207365810871124,-0.020093388855457306,0.6340758204460144,0.1895892322063446,-0.0012576233129948378,0.6348159909248352,0.13078540563583374,-0.011745251715183258,0.6353926062583923,0.1606217622756958,-0.01657777465879917,0.6352720260620117,0.18954506516456604,-0.01746191643178463,0.6499421000480652,0.19236676394939423,-0.005180074833333492,0.6512823700904846,0.13844233751296997,-0.014461031183600426,0.6491113901138306,0.16512681543827057,-0.015369666740298271,0.6481744050979614,0.19291691482067108,-0.013577217236161232,0.6664634943008423,0.20264998078346252,-0.010266651399433613,0.6658077836036682,0.16098521649837494,-0.016957944259047508,0.6614042520523071,0.17310717701911926,-0.0177596528083086,0.6584833264350891,0.1943061649799347,-0.017031187191605568
16,0.320817768573761,0.4737372398376465,-9.978175796732103e-08,0.3042997121810913,0.44686150550842285,-0.009275360964238644,0.29701486229896545,0.4043463468551636,-0.012767316773533821,0.30552423000335693,0.372214138507843,-0.016185032203793526,0.3188430666923523,0.3656662106513977,-0.01773318275809288,0.2993992269039154,0.35861340165138245,-0.002423773054033518,0.300201416015625,0.31095218658447266,-0.011435825377702713,0.3019101619720459,0.3197200894355774,-0.017391478642821312,0.30100545287132263,0.34342700242996216,-0.0197734571993351,0.3139163553714752,0.35578596591949463,-0.001602541422471404,0.315247118473053,0.303056925535202,-0.009523231536149979,0.31684404611587524,0.317738801240921,-0.013741196133196354,0.31539496779441833,0.34353864192962646,-0.014592666178941727,0.32796555757522583,0.36138424277305603,-0.0026819747872650623,0.3308727741241455,0.3158392012119293,-0.00987513829022646,0.3300107717514038,0.32791927456855774,-0.011793659068644047,0.3267862796783447,0.3494054079055786,-0.011095765978097916,0.3411577045917511,0.3727673888206482,-0.004846145864576101,0.34342139959335327,0.337718665599823,-0.010874169878661633,0.3417963683605194,0.34253716468811035,-0.01250289287418127,0.3379524052143097,0.35965263843536377,-0.012090775184333324,0.6495630741119385,0.30794087052345276,-1.9204331636046845e-07,0.6247048377990723,0.2874561846256256,-0.007411438971757889,0.6126921772956848,0.24773332476615906,-0.011086235754191875,0.6237769722938538,0.21576936542987823,-0.016062242910265923,0.6401005983352661,0.2147197276353836,-0.01958620175719261,0.6180488467216492,0.19440384209156036,0.0005815113545395434,0.6181241273880005,0.14331603050231934,-0.009617780335247517,0.6200090646743774,0.16500569880008698,-0.016588687896728516,0.6216127872467041,0.19207365810871124,-0.020093388855457306,0.6340758204460144,0.1895892322063446,-0.0012576233129948378,0.6348159909248352,0.13078540563583374,-0.011745251715183258,0.6353926062583923,0.1606217622756958,-0.01657777465879917,0.6352720260620117,0.18954506516456604,-0.01746191643178463,0.6499421000480652,0.19236676394939423,-0.005180074833333492,0.6512823700904846,0.13844233751296997,-0.014461031183600426,0.6491113901138306,0.16512681543827057,-0.015369666740298271,0.6481744050979614,0.19291691482067108,-0.013577217236161232,0.6664634943008423,0.20264998078346252,-0.010266651399433613,0.6658077836036682,0.16098521649837494,-0.016957944259047508,0.6614042520523071,0.17310717701911926,-0.0177596528083086,0.6584833264350891,0.1943061649799347,-0.017031187191605568
17,0.31928113102912903,0.468108594417572,-9.126557642957778e-08,0.30326247215270996,0.4440751373767853,-0.00951545313000679,0.2958430051803589,0.40326207876205444,-0.013306114822626114,0.3035542368888855,0.3709339201450348,-0.01718910038471222,0.3157235085964203,0.36079034209251404,-0.019305802881717682,0.29780325293540955,0.3548732399940491,-0.0015103945042937994,0.29898008704185486,0.30794379115104675,-0.010481316596269608,0.30067870020866394,0.3162391781806946,-0.016855621710419655,0.2998895049095154,0.33950239419937134,-0.01963225193321705,0.31227320432662964,0.352879136800766,-0.000915717042516917,0.31366944313049316,0.2998962998390198,-0.00901743583381176,0.31526806950569153,0.3149062395095825,-0.014235679060220718,0.3140609562397003,0.3406444787979126,-0.01591748371720314,0.3262442350387573,0.35912150144577026,-0.00228301458992064,0.32999610900878906,0.3135198950767517,-0.010012013837695122,0.32931795716285706,0.32699307799339294,-0.012869995087385178,0.32615071535110474,0.34938448667526245,-0.012879950925707817,0.3394572138786316,0.37106847763061523,-0.004703037440776825,0.342451810836792,0.33572036027908325,-0.011056389659643173,0.34101587533950806,0.3411908745765686,-0.012984389439225197,0.3371972441673279,0.35832691192626953,-0.012913452461361885,0.648774266242981,0.30758458375930786,-1.9564444642128365e-07,0.6239835619926453,0.28711360692977905,-0.007401393726468086,0.6120081543922424,0.24618883430957794,-0.010962054133415222,0.6242316365242004,0.21588492393493652,-0.01596168428659439,0.641491174697876,0.21852773427963257,-0.01955430582165718,0.6192840337753296,0.1930655986070633,0.001661827089264989,0.6183087825775146,0.1429458111524582,-0.008799197152256966,0.6192964911460876,0.16626103222370148,-0.01621697098016739,0.6211346387863159,0.19348464906215668,-0.01999552734196186,0.6350148320198059,0.18891195952892303,-0.0002846170391421765,0.6350067257881165,0.1308785378932953,-0.011294052936136723,0.6345658302307129,0.16117742657661438,-0.016291966661810875,0.6348218321800232,0.19026371836662292,-0.016928773373365402,0.6505014300346375,0.19232353568077087,-0.004452147521078587,0.6515209674835205,0.1379891335964203,-0.014036627486348152,0.6485190987586975,0.16426429152488708,-0.014988517388701439,0.6479277014732361,0.19194957613945007,-0.012889987789094448,0.6666927337646484,0.20340996980667114,-0.00984426960349083,0.6659335494041443,0.16170091927051544,-0.01653457060456276,0.6607605814933777,0.17387160658836365,-0.017247086390852928,0.6580095887184143,0.1955053061246872,-0.016263460740447044
18,0.31808334589004517,0.4538198709487915,-1.1631128415956482e-07,0.3015615940093994,0.43054085969924927,-0.010189766995608807,0.29419857263565063,0.3969234228134155,-0.01500361505895853,0.30487143993377686,0.3712625503540039,-0.01943030208349228,0.32022351026535034,0.36446309089660645,-0.021969152614474297,0.2979066073894501,0.3472776710987091,-0.003573416266590357,0.29987770318984985,0.30611419677734375,-0.013106179423630238,0.3001859486103058,0.31587138772010803,-0.01947624608874321,0.2982825040817261,0.3399219810962677,-0.022461898624897003,0.3124536871910095,0.3449752926826477,-0.0027270305436104536,0.3148497939109802,0.29601189494132996,-0.011392096988856792,0.3149009644985199,0.3138429522514343,-0.015511267818510532,0.3132859468460083,0.3376956880092621,-0.016553718596696854,0.32576680183410645,0.3511592447757721,-0.003899363102391362,0.32980403304100037,0.309854120016098,-0.012186986394226551,0.3287257254123688,0.3243817687034607,-0.013328599743545055,0.3263094127178192,0.34558039903640747,-0.012233830988407135,0.33906835317611694,0.36618122458457947,-0.006212907377630472,0.3419632911682129,0.33276423811912537,-0.013309892266988754,0.3401266634464264,0.33892250061035156,-0.014706120826303959,0.336577832698822,0.3533635139465332,-0.014249593019485474,0.6492679119110107,0.30907005071640015,-1.9856582866850658e-07,0.6246703863143921,0.28767019510269165,-0.006908218376338482,0.6126205921173096,0.24647876620292664,-0.010365951806306839,0.6242585182189941,0.21627794206142426,-0.015309371054172516,0.6412518620491028,0.21682286262512207,-0.01889784447848797,0.6198706030845642,0.19377759099006653,0.0008861887035891414,0.6191226840019226,0.14312009513378143,-0.009804206900298595,0.619622528553009,0.16483932733535767,-0.01711942069232464,0.6210882663726807,0.1918080896139145,-0.02075142227113247,0.6352594494819641,0.1896398514509201,-0.0013353105168789625,0.635448694229126,0.13078942894935608,-0.012619984336197376,0.6349244117736816,0.15967139601707458,-0.017645400017499924,0.6350592970848083,0.18832115828990936,-0.01831134781241417,0.6507523655891418,0.19306832551956177,-0.005648593883961439,0.6518892049789429,0.13838596642017365,-0.01524914987385273,0.6489075422286987,0.1637779027223587,-0.016141485422849655,0.6479708552360535,0.19067634642124176,-0.014100783504545689,0.6670047640800476,0.2042182832956314,-0.011118018999695778,0.6669957637786865,0.16251541674137115,-0.017608821392059326,0.661812961101532,0.1743382215499878,-0.018201423808932304,0.6585996747016907,0.19558930397033691,-0.017236538231372833
19,0.31730419397354126,0.4495578408241272,-1.354555223542775e-07,0.30042773485183716,0.42671966552734375,-0.009427971206605434,0.29385828971862793,0.3934664726257324,-0.014318110421299934,0.30494430661201477,0.3675702214241028,-0.018970195204019547,0.31999483704566956,0.3615216910839081,-0.021727407351136208,0.2969939112663269,0.3465139865875244,-0.004039991181343794,0.2995937764644623,0.30300405621528625,-0.013508051633834839,0.3000900149345398,0.3165816366672516,-0.01960979774594307,0.29804733395576477,0.3422999382019043,-0.022355759516358376,0.3119937777519226,0.34452980756759644,-0.003472476964816451,0.31484344601631165,0.29491591453552246,-0.011803441680967808,0.3145853281021118,0.31465616822242737,-0.015582731924951077,0.31296244263648987,0.3388223350048065,-0.016595736145973206,0.3255690336227417,0.3498125970363617,-0.00477375416085124,0.33006030321121216,0.30744272470474243,-0.01268205139786005,0.3282315135002136,0.32353612780570984,-0.01326144952327013,0.32579097151756287,0.345586359500885,-0.011978456750512123,0.33927810192108154,0.36401382088661194,-0.007146281190216541,0.34215617179870605,0.3297657072544098,-0.013626350089907646,0.33975961804389954,0.3371603786945343,-0.014325456693768501,0.3358655273914337,0.3528966009616852,-0.01356326974928379,0.6497194170951843,0.30846917629241943,-1.996431109319019e-07,0.6250277757644653,0.2880130410194397,-0.00721829105168581,0.6126059889793396,0.24648262560367584,-0.010666613467037678,0.624214231967926,0.21571551263332367,-0.01553379651159048,0.6415668725967407,0.21750375628471375,-0.018930142745375633,0.6197249889373779,0.19385875761508942,0.001149919000454247,0.6193585991859436,0.14316071569919586,-0.00936338771134615,0.619591236114502,0.16585823893547058,-0.01649593561887741,0.6208552122116089,0.1930081844329834,-0.020055770874023438,0.6352667808532715,0.18957707285881042,-0.000825635448563844,0.635714590549469,0.13069111108779907,-0.011978906579315662,0.634812593460083,0.16061320900917053,-0.016705572605133057,0.6348837614059448,0.18915919959545135,-0.017102167010307312,0.6507169008255005,0.19289253652095795,-0.004956065211445093,0.6521835923194885,0.13841977715492249,-0.01450837217271328,0.6488772630691528,0.16457009315490723,-0.015124031342566013,0.6479167342185974,0.19147999584674835,-0.012819179333746433,0.6670301556587219,0.2040719985961914,-0.010284454561769962,0.6670270562171936,0.16285258531570435,-0.016694920137524605,0.6617624759674072,0.1751531958580017,-0.017177609726786613,0.6586577892303467,0.19635027647018433,-0.016100235283374786
20,0.31730419397354126,0.4495578408241272,-1.354555223542775e-07,0.30042773485183716,0.42671966552734375,-0.009427971206605434,0.29385828971862793,0.3934664726257324,-0.014318110421299934,0.30494430661201477,0.3675702214241028,-0.018970195204019547,0.31999483704566956,0.3615216910839081,-0.021727407351136208,0.2969939112663269,0.3465139865875244,-0.004039991181343794,0.2995937764644623,0.30300405621528625,-0.013508051633834839,0.3000900149345398,0.3165816366672516,-0.01960979774594307,0.29804733395576477,0.3422999382019043,-0.022355759516358376,0.3119937777519226,0.34452980756759644,-0.003472476964816451,0.31484344601631165,0.29491591453552246,-0.011803441680967808,0.3145853281021118,0.31465616822242737,-0.015582731924951077,0.31296244263648987,0.3388223350048065,-0.016595736145973206,0.3255690336227417,0.3498125970363617,-0.00477375416085124,0.33006030321121216,0.30744272470474243,-0.01268205139786005,0.3282315135002136,0.32353612780570984,-0.01326144952327013,0.32579097151756287,0.345586359500885,-0.011978456750512123,0.33927810192108154,0.36401382088661194,-0.007146281190216541,0.34215617179870605,0.3297657072544098,-0.013626350089907646,0.33975961804389954,0.3371603786945343,-0.014325456693768501,0.3358655273914337,0.3528966009616852,-0.01356326974928379,0.6497194170951843,0.30846917629241943,-1.996431109319019e-07,0.6250277757644653,0.2880130410194397,-0.00721829105168581,0.6126059889793396,0.24648262560367584,-0.010666613467037678,0.624214231967926,0.21571551263332367,-0.01553379651159048,0.6415668725967407,0.21750375628471375,-0.018930142745375633,0.6197249889373779,0.19385875761508942,0.001149919000454247,0.6193585991859436,0.14316071569919586,-0.00936338771134615,0.619591236114502,0.16585823893547058,-0.01649593561887741,0.6208552122116089,0.1930081844329834,-0.020055770874023438,0.6352667808532715,0.18957707285881042,-0.000825635448563844,0.635714590549469,0.13069111108779907,-0.011978906579315662,0.634812593460083,0.16061320900917053,-0.016705572605133057,0.6348837614059448,0.18915919959545135,-0.017102167010307312,0.6507169008255005,0.19289253652095795,-0.004956065211445093,0.6521835923194885,0.13841977715492249,-0.01450837217271328,0.6488772630691528,0.16457009315490723,-0.015124031342566013,0.6479167342185974,0.19147999584674835,-0.012819179333746433,0.6670301556587219,0.2040719985961914,-0.010284454561769962,0.6670270562171936,0.16285258531570435,-0.016694920137524605,0.6617624759674072,0.1751531958580017,-0.017177609726786613,0.6586577892303467,0.19635027647018433,-0.016100235283374786
21,0.317585289478302,0.4513460695743561,-1.2265822135759663e-07,0.30030307173728943,0.4299573302268982,-0.00968869961798191,0.2930724620819092,0.3951500952243805,-0.014274269342422485,0.30422109365463257,0.36712804436683655,-0.018603842705488205,0.3200533092021942,0.3615718483924866,-0.021050255745649338,0.2967164218425751,0.34872883558273315,-0.004605035297572613,0.2992730140686035,0.30555811524391174,-0.013920120894908905,0.3002457916736603,0.3163246512413025,-0.019764376804232597,0.29859763383865356,0.34090566635131836,-0.022355301305651665,0.31187403202056885,0.34635892510414124,-0.003905985737219453,0.314869225025177,0.2958678603172302,-0.011875160038471222,0.31515228748321533,0.3119570314884186,-0.015456128865480423,0.3133723735809326,0.3358343839645386,-0.016421042382717133,0.3255736231803894,0.3519893288612366,-0.005098682828247547,0.33031848073005676,0.3081023693084717,-0.01293831504881382,0.32878991961479187,0.32076194882392883,-0.014001728035509586,0.32586756348609924,0.3424462080001831,-0.013031329028308392,0.3391523063182831,0.3659457862377167,-0.007380961906164885,0.34258437156677246,0.3311161994934082,-0.01425675954669714,0.3407573401927948,0.33459776639938354,-0.01589016430079937,0.33679401874542236,0.3488030731678009,-0.01575678586959839,0.6501997709274292,0.3088217079639435,-1.8635356013874116e-07,0.6256790161132812,0.2875393331050873,-0.006564607843756676,0.6139035224914551,0.24921542406082153,-0.010093876160681248,0.6248040199279785,0.21948330104351044,-0.015108863823115826,0.6400183439254761,0.21971413493156433,-0.0187097005546093,0.6195785999298096,0.1935271918773651,0.0014707118971273303,0.6194581389427185,0.14296412467956543,-0.008457832969725132,0.6209818124771118,0.1661616563796997,-0.015165194869041443,0.6224809885025024,0.1928916871547699,-0.01843258924782276,0.6354693174362183,0.1893051415681839,-0.0008664480410516262,0.6363447904586792,0.1321319192647934,-0.011320220306515694,0.6369099617004395,0.1629755198955536,-0.01591959223151207,0.6366553902626038,0.19135692715644836,-0.016431396827101707,0.6512023210525513,0.1927989274263382,-0.005211665295064449,0.6525518298149109,0.13972078263759613,-0.014226971194148064,0.650609016418457,0.16737152636051178,-0.01463797502219677,0.649600088596344,0.1941802054643631,-0.012377415783703327,0.6672874093055725,0.20364205539226532,-0.010654475539922714,0.6669322848320007,0.16336068511009216,-0.01678791083395481,0.6626780033111572,0.17588403820991516,-0.016917364671826363,0.6597431302070618,0.19565707445144653,-0.015596253797411919
22,0.3182971775531769,0.45656174421310425,-1.1159391988257994e-07,0.3008929491043091,0.434626042842865,-0.011282714083790779,0.2935958206653595,0.39739975333213806,-0.015972977504134178,0.3048218786716461,0.3687165677547455,-0.020059486851096153,0.3207557499408722,0.3630284368991852,-0.022164227440953255,0.29845383763313293,0.35035738348960876,-0.005005860235542059,0.30066800117492676,0.3068203926086426,-0.014627814292907715,0.30069538950920105,0.3174095153808594,-0.020554102957248688,0.2987425923347473,0.3414268493652344,-0.02300995960831642,0.3125959038734436,0.3478914201259613,-0.003411984769627452,0.31469643115997314,0.2972048819065094,-0.01242056954652071,0.31391453742980957,0.31413424015045166,-0.01597481593489647,0.3121585249900818,0.3385046720504761,-0.01617087610065937,0.32621699571609497,0.35407423973083496,-0.003917057067155838,0.33000800013542175,0.3098648488521576,-0.012552369385957718,0.32814663648605347,0.3231869637966156,-0.013673457317054272,0.32569220662117004,0.34429872035980225,-0.012092700228095055,0.33952707052230835,0.3675345480442047,-0.005649724509567022,0.3428361117839813,0.3325755298137665,-0.01304415613412857,0.34037670493125916,0.3376961350440979,-0.0146693279966712,0.3365497291088104,0.35333603620529175,-0.014011489227414131,0.6496990323066711,0.30736732482910156,-2.0044109305672464e-07,0.6259880661964417,0.28736770153045654,-0.00604385556653142,0.6136667132377625,0.2482547163963318,-0.00929879117757082,0.6245737671852112,0.22003164887428284,-0.014153745956718922,0.6408470869064331,0.22118401527404785,-0.017555518075823784,0.6209865212440491,0.1923302859067917,0.0018298657378181815,0.620385468006134,0.14283263683319092,-0.008850323967635632,0.6208478212356567,0.16629180312156677,-0.01585834100842476,0.6222505569458008,0.193340465426445,-0.019067691639065742,0.6367416381835938,0.1893235146999359,-0.0006544272182509303,0.636772096157074,0.13341383635997772,-0.011820032261312008,0.6364167332649231,0.16353286802768707,-0.016389425843954086,0.6366732716560364,0.19142040610313416,-0.01653650775551796,0.6523038148880005,0.1932564377784729,-0.005186418537050486,0.6531068682670593,0.14185722172260284,-0.014704245142638683,0.6501060724258423,0.16944973170757294,-0.014730214141309261,0.6494709253311157,0.1958751380443573,-0.011873234063386917,0.668687105178833,0.20468443632125854,-0.01076224073767662,0.6674432158470154,0.16470155119895935,-0.016657423228025436,0.6623448133468628,0.17681550979614258,-0.016248764470219612,0.6597334742546082,0.196101114153862,-0.014386930502951145
23,0.31815284490585327,0.4599567949771881,-1.0351062229574381e-07,0.3008973002433777,0.43673238158226013,-0.010854554362595081,0.29385554790496826,0.3978942632675171,-0.015354798175394535,0.3047930598258972,0.3683382570743561,-0.019423745572566986,0.32128801941871643,0.3636498749256134,-0.021471146494150162,0.298750102519989,0.35149091482162476,-0.004064913373440504,0.3007294535636902,0.3069332242012024,-0.01378836389631033,0.3017660975456238,0.316875696182251,-0.020063795149326324,0.30070915818214417,0.34103021025657654,-0.022851821035146713,0.31302934885025024,0.34880781173706055,-0.002717871218919754,0.3146021366119385,0.2970033884048462,-0.011842653155326843,0.3145860731601715,0.31377339363098145,-0.015886256471276283,0.31354641914367676,0.3386797308921814,-0.01656395010650158,0.326522558927536,0.35466286540031433,-0.003475942648947239,0.33020034432411194,0.3096763491630554,-0.012181841768324375,0.3286498188972473,0.32204216718673706,-0.013803425244987011,0.32665079832077026,0.3444734811782837,-0.012648170813918114,0.340332567691803,0.36810460686683655,-0.005456588696688414,0.34339138865470886,0.3345034122467041,-0.013052751310169697,0.3412879407405853,0.3386090397834778,-0.015314471907913685,0.3378249406814575,0.3550318777561188,-0.015153237618505955,0.649760901927948,0.30837512016296387,-1.9493207048526529e-07,0.6258840560913086,0.28795111179351807,-0.007006246596574783,0.6145824193954468,0.24819377064704895,-0.01043290551751852,0.6268762350082397,0.22042225301265717,-0.015160679817199707,0.6440630555152893,0.22436097264289856,-0.018413791432976723,0.6213480234146118,0.19386246800422668,0.0008539863047190011,0.6206657886505127,0.14458009600639343,-0.009421919472515583,0.6219930648803711,0.16734030842781067,-0.016284646466374397,0.6235620975494385,0.19479180872440338,-0.01964978687465191,0.6371635794639587,0.19004906713962555,-0.001100905821658671,0.637446939945221,0.1338205337524414,-0.012017439119517803,0.6373966932296753,0.1644984781742096,-0.016629541292786598,0.6372097730636597,0.1927572339773178,-0.01705031841993332,0.6523686647415161,0.1938825398683548,-0.00511208875104785,0.6538215279579163,0.14191946387290955,-0.014716969802975655,0.6508803963661194,0.16867734491825104,-0.015236461535096169,0.6496896147727966,0.19550248980522156,-0.012917621992528439,0.6684514284133911,0.20608019828796387,-0.010239609517157078,0.668487012386322,0.16595834493637085,-0.017147190868854523,0.6634610891342163,0.1792493462562561,-0.017613504081964493,0.6601121425628662,0.20069479942321777,-0.01640944741666317
24,0.31815284490585327,0.4599567949771881,-1.0351062229574381e-07,0.3008973002433777,0.43673238158226013,-0.010854554362595081,0.29385554790496826,0.3978942632675171,-0.015354798175394535,0.3047930598258972,0.3683382570743561,-0.019423745572566986,0.32128801941871643,0.3636498749256134,-0.021471146494150162,0.298750102519989,0.35149091482162476,-0.004064913373440504,0.3007294535636902,0.3069332242012024,-0.01378836389631033,0.3017660975456238,0.316875696182251,-0.020063795149326324,0.30070915818214417,0.34103021025657654,-0.022851821035146713,0.31302934885025024,0.34880781173706055,-0.002717871218919754,0.3146021366119385,0.2970033884048462,-0.011842653155326843,0.3145860731601715,0.31377339363098145,-0.015886256471276283,0.31354641914367676,0.3386797308921814,-0.01656395010650158,0.326522558927536,0.35466286540031433,-0.003475942648947239,0.33020034432411194,0.3096763491630554,-0.012181841768324375,0.3286498188972473,0.32204216718673706,-0.013803425244987011,0.32665079832077026,0.3444734811782837,-0.012648170813918114,0.340332567691803,0.36810460686683655,-0.005456588696688414,0.34339138865470886,0.3345034122467041,-0.013052751310169697,0.3412879407405853,0.3386090397834778,-0.015314471907913685,0.3378249406814575,0.3550318777561188,-0.015153237618505955,0.649760901927948,0.30837512016296387,-1.9493207048526529e-07,0.6258840560913086,0.28795111179351807,-0.007006246596574783,0.6145824193954468,0.24819377064704895,-0.01043290551751852,0.6268762350082397,0.22042225301265717,-0.015160679817199707,0.6440630555152893,0.22436097264289856,-0.018413791432976723,0.6213480234146118,0.19386246800422668,0.0008539863047190011,0.6206657886505127,0.14458009600639343,-0.009421919472515583,0.6219930648803711,0.16734030842781067,-0.016284646466374397,0.6235620975494385,0.19479180872440338,-0.01964978687465191,0.6371635794639587,0.19004906713962555,-0.001100905821658671,0.637446939945221,0.1338205337524414,-0.012017439119517803,0.6373966932296753,0.1644984781742096,-0.016629541292786598,0.6372097730636597,0.1927572339773178,-0.01705031841993332,0.6523686647415161,0.1938825398683548,-0.00511208875104785,0.6538215279579163,0.14191946387290955,-0.014716969802975655,0.6508803963661194,0.16867734491825104,-0.015236461535096169,0.6496896147727966,0.19550248980522156,-0.012917621992528439,0.6684514284133911,0.20608019828796387,-0.010239609517157078,0.668487012386322,0.16595834493637085,-0.017147190868854523,0.6634610891342163,0.1792493462562561,-0.017613504081964493,0.6601121425628662,0.20069479942321777,-0.01640944741666317
25,0.31851285696029663,0.46552711725234985,-7.773319055104366e-08,0.3010466396808624,0.44009271264076233,-0.010279743932187557,0.29513657093048096,0.39705681800842285,-0.0143210981041193,0.3072088062763214,0.36787593364715576,-0.018035979941487312,0.3234579265117645,0.3655549883842468,-0.019697848707437515,0.29808059334754944,0.352887362241745,-0.003388575743883848,0.30106064677238464,0.30761581659317017,-0.011883651837706566,0.30186864733695984,0.3168012797832489,-0.01724870502948761,0.2996920347213745,0.34046706557273865,-0.019377347081899643,0.31284570693969727,0.3509629964828491,-0.002056092955172062,0.31537947058677673,0.2985229790210724,-0.009313037618994713,0.31537875533103943,0.3121321499347687,-0.013294399715960026,0.3131396472454071,0.33643388748168945,-0.014310412108898163,0.32675936818122864,0.35762274265289307,-0.002685662591829896,0.33113864064216614,0.3122154176235199,-0.00964324176311493,0.3292834162712097,0.32198941707611084,-0.012260857969522476,0.3253769874572754,0.34315991401672363,-0.012200061231851578,0.3401138186454773,0.37069055438041687,-0.004462906159460545,0.3441685140132904,0.3355845510959625,-0.010920659638941288,0.34251871705055237,0.33604809641838074,-0.013577921316027641,0.33820876479148865,0.34994930028915405,-0.01397338230162859,0.650358259677887,0.3075226843357086,-1.9077070589901268e-07,0.6265527606010437,0.2890380918979645,-0.007678254507482052,0.6148862242698669,0.24901852011680603,-0.011452652513980865,0.6265140771865845,0.219126358628273,-0.016372887417674065,0.6436025500297546,0.2205417901277542,-0.019795604050159454,0.6210436820983887,0.19565802812576294,-0.00029360532062128186,0.620936393737793,0.14562298357486725,-0.010566303506493568,0.6225845813751221,0.16799446940422058,-0.017288552597165108,0.6241406798362732,0.1955406218767166,-0.020558344200253487,0.6369695067405701,0.19142568111419678,-0.001912419800646603,0.6374468207359314,0.1342770755290985,-0.01276548020541668,0.6378226280212402,0.1650516539812088,-0.017393918707966805,0.6376622915267944,0.19361577928066254,-0.01785903237760067,0.6524627208709717,0.19486626982688904,-0.0055620926432311535,0.6536049246788025,0.14178919792175293,-0.015221534296870232,0.6510812640190125,0.1687452644109726,-0.015878232195973396,0.6501355767250061,0.19606192409992218,-0.013674973510205746,0.6688360571861267,0.20635929703712463,-0.01032919529825449,0.6678886413574219,0.1654820442199707,-0.01717774011194706,0.6629521250724792,0.17778632044792175,-0.01772790029644966,0.6596789956092834,0.19868788123130798,-0.016654282808303833
26,0.31927111744880676,0.4677915573120117,-8.041421040161367e-08,0.302278608083725,0.4427739083766937,-0.010008741170167923,0.29556456208229065,0.3998378813266754,-0.014153637923300266,0.30592110753059387,0.36918845772743225,-0.01813308149576187,0.321120947599411,0.36336255073547363,-0.020133264362812042,0.2970842719078064,0.3531530499458313,-0.0023359591141343117,0.2991904020309448,0.3078550100326538,-0.011364954523742199,0.301300972700119,0.3181766867637634,-0.01797405257821083,0.3003029227256775,0.3425736725330353,-0.021086303517222404,0.3121882379055023,0.35153454542160034,-0.0013644836144521832,0.3146553933620453,0.29864975810050964,-0.009311622940003872,0.3158576786518097,0.3136163651943207,-0.014740335755050182,0.31413739919662476,0.3388766944408417,-0.016879171133041382,0.32619708776474,0.3579690754413605,-0.002344704233109951,0.3308248221874237,0.31241780519485474,-0.009440266527235508,0.33053135871887207,0.3225982189178467,-0.012677915394306183,0.32712262868881226,0.3444083333015442,-0.013287250883877277,0.33984529972076416,0.37143179774284363,-0.0044828904792666435,0.34344252943992615,0.33725687861442566,-0.01041011419147253,0.3429524898529053,0.33834925293922424,-0.0129495644941926,0.3394082188606262,0.3518134355545044,-0.013601596467196941,0.6504808068275452,0.30792054533958435,-1.9100752979284152e-07,0.6266404986381531,0.2893296182155609,-0.00755288964137435,0.6148675680160522,0.24897277355194092,-0.011255709454417229,0.6260870695114136,0.21882493793964386,-0.016183551400899887,0.6426011919975281,0.22094333171844482,-0.01958741433918476,0.6209749579429626,0.19599652290344238,0.00013645684521179646,0.6209348440170288,0.1458507627248764,-0.010224794037640095,0.6223707795143127,0.16824664175510406,-0.016890382394194603,0.6240026354789734,0.19583886861801147,-0.020040113478899002,0.6369888782501221,0.19199486076831818,-0.0015386661980301142,0.6374943256378174,0.1347646713256836,-0.012460668571293354,0.637467622756958,0.1654561311006546,-0.016957471147179604,0.6375138163566589,0.1939355432987213,-0.017250793054699898,0.6524640321731567,0.19540175795555115,-0.005294969771057367,0.6534817814826965,0.14230917394161224,-0.015005281195044518,0.6507521271705627,0.16936597228050232,-0.015560449101030827,0.6501889824867249,0.19700978696346283,-0.013193641789257526,0.6687731742858887,0.20652809739112854,-0.010176163166761398,0.6677899360656738,0.16557027399539948,-0.01690264418721199,0.6628415584564209,0.1773841381072998,-0.017390191555023193,0.659940779209137,0.19834792613983154,-0.016231456771492958
27,0.31927111744880676,0.4677915573120117,-8.041421040161367e-08,0.302278608083725,0.4427739083766937,-0.010008741170167923,0.29556456208229065,0.3998378813266754,-0.014153637923300266,0.30592110753059387,0.36918845772743225,-0.01813308149576187,0.321120947599411,0.36336255073547363,-0.020133264362812042,0.2970842719078064,0.3531530499458313,-0.0023359591141343117,0.2991904020309448,0.3078550100326538,-0.011364954523742199,0.301300972700119,0.3181766867637634,-0.01797405257821083,0.3003029227256775,0.3425736725330353,-0.021086303517222404,0.3121882379055023,0.35153454542160034,-0.0013644836144521832,0.3146553933620453,0.29864975810050964,-0.009311622940003872,0.3158576786518097,0.3136163651943207,-0.014740335755050182,0.31413739919662476,0.3388766944408417,-0.016879171133041382,0.32619708776474,0.3579690754413605,-0.002344704233109951,0.3308248221874237,0.31241780519485474,-0.009440266527235508,0.33053135871887207,0.3225982189178467,-0.012677915394306183,0.32712262868881226,0.3444083333015442,-0.013287250883877277,0.33984529972076416,0.37143179774284363,-0.0044828904792666435,0.34344252943992615,0.33725687861442566,-0.01041011419147253,0.3429524898529053,0.33834925293922424,-0.0129495644941926,0.3394082188606262,0.3518134355545044,-0.013601596467196941,0.6504808068275452,0.30792054533958435,-1.9100752979284152e-07,0.6266404986381531,0.2893296182155609,-0.00755288964137435,0.6148675680160522,0.24897277355194092,-0.011255709454417229,0.6260870695114136,0.21882493793964386,-0.016183551400899887,0.6426011919975281,0.22094333171844482,-0.01958741433918476,0.6209749579429626,0.19599652290344238,0.00013645684521179646,0.6209348440170288,0.1458507627248764,-0.010224794037640095,0.6223707795143127,0.16824664175510406,-0.016890382394194603,0.6240026354789734,0.19583886861801147,-0.020040113478899002,0.6369888782501221,0.19199486076831818,-0.0015386661980301142,0.6374943256378174,0.1347646713256836,-0.012460668571293354,0.637467622756958,0.1654561311006546,-0.016957471147179604,0.6375138163566589,0.1939355432987213,-0.017250793054699898,0.6524640321731567,0.19540175795555115,-0.005294969771057367,0.6534817814826965,0.14230917394161224,-0.015005281195044518,0.6507521271705627,0.16936597228050232,-0.015560449101030827,0.6501889824867249,0.19700978696346283,-0.013193641789257526,0.6687731742858887,0.20652809739112854,-0.010176163166761398,0.6677899360656738,0.16557027399539948,-0.01690264418721199,0.6628415584564209,0.1773841381072998,-0.017390191555023193,0.659940779209137,0.19834792613983154,-0.016231456771492958
28,0.31961432099342346,0.4704693853855133,-9.132249090271216e-08,0.30263033509254456,0.4424092173576355,-0.008554601110517979,0.295989990234375,0.4006059765815735,-0.012350528500974178,0.3059680759906769,0.3710266649723053,-0.016253571957349777,0.3199583888053894,0.36361339688301086,-0.018279021605849266,0.297665536403656,0.35521256923675537,-0.0020658185239881277,0.2999604046344757,0.30830714106559753,-0.011019443161785603,0.30192622542381287,0.3196491301059723,-0.01736532710492611,0.30014580488204956,0.3431849479675293,-0.020203610882163048,0.3127478063106537,0.3531443774700165,-0.0018367476295679808,0.31447872519493103,0.29874587059020996,-0.009439817629754543,0.31646057963371277,0.3154771029949188,-0.01426696591079235,0.3146255910396576,0.34064149856567383,-0.015992924571037292,0.32689517736434937,0.35945722460746765,-0.00336514413356781,0.3307548761367798,0.31211230158805847,-0.009793147444725037,0.33082422614097595,0.3256831765174866,-0.011709011159837246,0.32716643810272217,0.34774237871170044,-0.011486182920634747,0.340203195810318,0.3725763261318207,-0.005996282212436199,0.34339800477027893,0.33809271454811096,-0.011298825033009052,0.3434111475944519,0.3405999541282654,-0.012795479036867619,0.3401561975479126,0.3537595868110657,-0.012690325267612934,0.6500442028045654,0.30859559774398804,-1.8405999924198113e-07,0.6262867450714111,0.2884024381637573,-0.007409472018480301,0.6151042580604553,0.24895170331001282,-0.011408963240683079,0.6261295080184937,0.21871426701545715,-0.016676954925060272,0.6413871645927429,0.21727383136749268,-0.02037198469042778,0.6210118532180786,0.19350400567054749,0.0003895309055224061,0.6216939687728882,0.1437188982963562,-0.009726904332637787,0.622515857219696,0.1668490320444107,-0.01638800837099552,0.6236016154289246,0.19392181932926178,-0.019617630168795586,0.636749804019928,0.189753919839859,-0.0014917829539626837,0.6379715204238892,0.13392725586891174,-0.012333090417087078,0.6379530429840088,0.165622279047966,-0.016856687143445015,0.6378307938575745,0.19426216185092926,-0.017294079065322876,0.6520853638648987,0.19339489936828613,-0.005441053304821253,0.653799831867218,0.14080184698104858,-0.014713836833834648,0.6513306498527527,0.16863593459129333,-0.014977309852838516,0.6505626440048218,0.1963203102350235,-0.012681269086897373,0.6682733297348022,0.204833984375,-0.010565565899014473,0.6676468253135681,0.1650216430425644,-0.016997382044792175,0.6630269885063171,0.1774510145187378,-0.017353998497128487,0.6601298451423645,0.19711202383041382,-0.016251537948846817
29,0.3197924494743347,0.4701700806617737,-8.265513429250859e-08,0.3031355142593384,0.44477519392967224,-0.009209958836436272,0.2958371937274933,0.4026973247528076,-0.01342159602791071,0.30522459745407104,0.3729461133480072,-0.01758197322487831,0.3186793625354767,0.3656771779060364,-0.019824234768748283,0.2977728247642517,0.3560517728328705,-0.004199362359941006,0.30006781220436096,0.3087887465953827,-0.013339749537408352,0.301874577999115,0.3198621869087219,-0.019109677523374557,0.2998236119747162,0.3438408374786377,-0.021452566608786583,0.31249138712882996,0.35442474484443665,-0.003856303635984659,0.314811110496521,0.29935699701309204,-0.011790618300437927,0.3166390359401703,0.3156702220439911,-0.016098275780677795,0.314622163772583,0.3409658670425415,-0.017401380464434624,0.3266717791557312,0.3609839975833893,-0.0052866823971271515,0.3316407799720764,0.3132740259170532,-0.01240549422800541,0.3311878442764282,0.3269648253917694,-0.014582675881683826,0.32705122232437134,0.34882405400276184,-0.01444290392100811,0.34016117453575134,0.3738809823989868,-0.007787850685417652,0.3443104326725006,0.33917927742004395,-0.014055855572223663,0.3436857759952545,0.34248360991477966,-0.01613219827413559,0.3396240174770355,0.3566458523273468,-0.016360444948077202,0.6506206393241882,0.308691143989563,-1.990514704175439e-07,0.6265884041786194,0.28977248072624207,-0.007829227484762669,0.6146169900894165,0.2491993010044098,-0.01158482301980257,0.6260882616043091,0.21825698018074036,-0.016426604241132736,0.6427237391471863,0.21967025101184845,-0.01959030143916607,0.6206461191177368,0.1946827918291092,1.306707963522058e-05,0.620602011680603,0.14457298815250397,-0.010084785521030426,0.6212249994277954,0.1678372174501419,-0.016393370926380157,0.6227267980575562,0.19503530859947205,-0.01949726976454258,0.6368700861930847,0.19024305045604706,-0.0015286289853975177,0.6377373337745667,0.13326729834079742,-0.012393498793244362,0.6369797587394714,0.16466079652309418,-0.01638576202094555,0.6368220448493958,0.19265668094158173,-0.01639062538743019,0.65254145860672,0.19352807104587555,-0.005182014778256416,0.6537506580352783,0.14163579046726227,-0.014789394102990627,0.6505486965179443,0.1695610135793686,-0.014695688150823116,0.6498416662216187,0.19611892104148865,-0.012014091946184635,0.6689347624778748,0.2050905078649521,-0.010031230747699738,0.6676645874977112,0.1651369035243988,-0.01686248928308487,0.6626526117324829,0.17897330224514008,-0.01717493124306202,0.6601776480674744,0.19995121657848358,-0.015921825543045998
30,0.31998947262763977,0.47186610102653503,-9.518935684127428e-08,0.3030063509941101,0.4456340968608856,-0.009418266825377941,0.29618415236473083,0.40271469950675964,-0.013225511647760868,0.3059330880641937,0.3721753656864166,-0.017053917050361633,0.31996339559555054,0.365287721157074,-0.018981467932462692,0.2981109917163849,0.356437623500824,-0.002667756285518408,0.30025655031204224,0.30792900919914246,-0.011843383312225342,0.3018483817577362,0.3182607889175415,-0.017980359494686127,0.3001022934913635,0.3428260087966919,-0.02059129998087883,0.31296664476394653,0.3546915352344513,-0.002133977832272649,0.31496286392211914,0.29942750930786133,-0.010414181277155876,0.3163538873195648,0.3161105215549469,-0.015481499955058098,0.31457674503326416,0.3422919511795044,-0.017117492854595184,0.32699692249298096,0.3610646426677704,-0.0034867350477725267,0.33143869042396545,0.31286412477493286,-0.011133542284369469,0.33079758286476135,0.32631754875183105,-0.013917643576860428,0.32707899808883667,0.3495538532733917,-0.013910926878452301,0.3404459059238434,0.37399986386299133,-0.005921847652643919,0.34383323788642883,0.3378269076347351,-0.012643473222851753,0.34309569001197815,0.34107011556625366,-0.015134252607822418,0.33937352895736694,0.35681119561195374,-0.015465913340449333,0.6508738994598389,0.308965265750885,-1.908054088062272e-07,0.6265012621879578,0.288616418838501,-0.007533815689384937,0.6152008175849915,0.24837003648281097,-0.011288734152913094,0.6263452172279358,0.21721117198467255,-0.016325877979397774,0.6417626738548279,0.2175949066877365,-0.019776105880737305,0.6209768652915955,0.19398941099643707,0.0011275792494416237,0.6213101148605347,0.14424893260002136,-0.008713096380233765,0.622003972530365,0.16733911633491516,-0.015296879224479198,0.6231578588485718,0.19442816078662872,-0.018565822392702103,0.6369314789772034,0.1897934377193451,-0.0005898713134229183,0.6378797292709351,0.13403388857841492,-0.011138498783111572,0.6374379992485046,0.16607964038848877,-0.015488259494304657,0.637296199798584,0.19468215107917786,-0.015854008495807648,0.6522901654243469,0.192950040102005,-0.004446323029696941,0.6538571715354919,0.1407078504562378,-0.013584750704467297,0.6510300040245056,0.16854581236839294,-0.013879374600946903,0.6503370404243469,0.1964711844921112,-0.011617722921073437,0.6684776544570923,0.2037820667028427,-0.009523303247988224,0.6677114367485046,0.16413530707359314,-0.015967916697263718,0.6630023121833801,0.17661339044570923,-0.016480542719364166,0.6601823568344116,0.1968776434659958,-0.0155021445825696
31,0.31998947262763977,0.47186610102653503,-9.518935684127428e-08,0.3030063509941101,0.4456340968608856,-0.009418266825377941,0.29618415236473083,0.40271469950675964,-0.013225511647760868,0.3059330880641937,0.3721753656864166,-0.017053917050361633,0.31996339559555054,0.365287721157074,-0.018981467932462692,0.2981109917163849,0.356437623500824,-0.002667756285518408,0.30025655031204224,0.30792900919914246,-0.011843383312225342,0.3018483817577362,0.3182607889175415,-0.017980359494686127,0.3001022934913635,0.3428260087966919,-0.02059129998087883,0.31296664476394653,0.3546915352344513,-0.002133977832272649,0.31496286392211914,0.29942750930786133,-0.010414181277155876,0.3163538873195648,0.3161105215549469,-0.015481499955058098,0.31457674503326416,0.3422919511795044,-0.017117492854595184,0.32699692249298096,0.3610646426677704,-0.0034867350477725267,0.33143869042396545,0.31286412477493286,-0.011133542284369469,0.33079758286476135,0.32631754875183105,-0.013917643576860428,0.32707899808883667,0.3495538532733917,-0.013910926878452301,0.3404459059238434,0.37399986386299133,-0.005921847652643919,0.34383323788642883,0.3378269076347351,-0.012643473222851753,0.34309569001197815,0.34107011556625366,-0.015134252607822418,0.33937352895736694,0.35681119561195374,-0.015465913340449333,0.6508738994598389,0.308965265750885,-1.908054088062272e-07,0.6265012621879578,0.288616418838501,-0.007533815689384937,0.6152008175849915,0.24837003648281097,-0.011288734152913094,0.6263452172279358,0.21721117198467255,-0.016325877979397774,0.6417626738548279,0.2175949066877365,-0.019776105880737305,0.6209768652915955,0.19398941099643707,0.0011275792494416237,0.6213101148605347,0.14424893260002136,-0.008713096380233765,0.622003972530365,0.16733911633491516,-0.015296879224479198,0.6231578588485718,0.19442816078662872,-0.018565822392702103,0.6369314789772034,0.1897934377193451,-0.0005898713134229183,0.6378797292709351,0.13403388857841492,-0.011138498783111572,0.6374379992485046,0.16607964038848877,-0.015488259494304657,0.637296199798584,0.19468215107917786,-0.015854008495807648,0.6522901654243469,0.192950040102005,-0.004446323029696941,0.6538571715354919,0.1407078504562378,-0.013584750704467297,0.6510300040245056,0.16854581236839294,-0.013879374600946903,0.6503370404243469,0.1964711844921112,-0.011617722921073437,0.6684776544570923,0.2037820667028427,-0.009523303247988224,0.6677114367485046,0.16413530707359314,-0.015967916697263718,0.6630023121833801,0.17661339044570923,-0.016480542719364166,0.6601823568344116,0.1968776434659958,-0.0155021445825696
32,0.32050806283950806,0.4688018560409546,-1.1180329551052637e-07,0.3026490807533264,0.44444406032562256,-0.009905803017318249,0.2950303256511688,0.40113896131515503,-0.014284997247159481,0.30523252487182617,0.3693538010120392,-0.01857110485434532,0.3211691677570343,0.3656758964061737,-0.021037934347987175,0.2986273765563965,0.3556029200553894,-0.004200974944978952,0.3006790280342102,0.30778515338897705,-0.013650977052748203,0.30175337195396423,0.3195120096206665,-0.02007913589477539,0.3003971576690674,0.3434945344924927,-0.02306796796619892,0.31337687373161316,0.35335081815719604,-0.0035693692043423653,0.3154607117176056,0.2997525632381439,-0.011776856146752834,0.31612691283226013,0.3172925114631653,-0.016189875081181526,0.31450963020324707,0.34320908784866333,-0.017525222152471542,0.3275994658470154,0.3593362271785736,-0.004820091649889946,0.33150672912597656,0.3122496008872986,-0.012197148986160755,0.32999637722969055,0.32703498005867004,-0.014035438187420368,0.3267013728618622,0.34970328211784363,-0.013592729344964027,0.34104615449905396,0.3710101842880249,-0.007250137627124786,0.34391701221466064,0.335929274559021,-0.013342211954295635,0.3420133590698242,0.34105294942855835,-0.015010619536042213,0.3383413553237915,0.35766634345054626,-0.014973918907344341,0.6513096690177917,0.30866047739982605,-1.8397567203010112e-07,0.6261304616928101,0.2896951138973236,-0.007801339030265808,0.6140266060829163,0.24855920672416687,-0.01155348401516676,0.6256158947944641,0.21763820946216583,-0.016576876863837242,0.6420655846595764,0.216652050614357,-0.020144827663898468,0.6211236715316772,0.19470708072185516,0.00012025214527966455,0.6212578415870667,0.14315283298492432,-0.010116544552147388,0.621921181678772,0.16491112112998962,-0.016956230625510216,0.6231159567832947,0.19214273989200592,-0.02028132975101471,0.637014627456665,0.1901049017906189,-0.0014840500662103295,0.6377533674240112,0.13263770937919617,-0.012520626187324524,0.6375187039375305,0.1636846959590912,-0.01720501109957695,0.6377105712890625,0.1929880529642105,-0.017625877633690834,0.652543842792511,0.19315330684185028,-0.005213330965489149,0.6540822982788086,0.1403554528951645,-0.014830173924565315,0.6512852907180786,0.16781754791736603,-0.015619040466845036,0.6505841612815857,0.19601379334926605,-0.013488968834280968,0.6689674258232117,0.20378084480762482,-0.010144363157451153,0.6684316992759705,0.16366814076900482,-0.016740011051297188,0.663472592830658,0.1747734546661377,-0.01745736226439476,0.6602866053581238,0.19409476220607758,-0.01656362973153591
33,0.3205956816673279,0.4677274823188782,-1.0617776524668443e-07,0.3022264838218689,0.4440971612930298,-0.010041753761470318,0.29520219564437866,0.4024215042591095,-0.014257420785725117,0.3050416111946106,0.37057992815971375,-0.018429916352033615,0.3188406527042389,0.36339271068573,-0.02086072601377964,0.2982805371284485,0.35538533329963684,-0.0034329986665397882,0.3000030815601349,0.30768918991088867,-0.013089349493384361,0.3012252748012543,0.31876277923583984,-0.019756561145186424,0.3001050651073456,0.34241873025894165,-0.022794457152485847,0.31296515464782715,0.35276898741722107,-0.00284462608397007,0.31471240520477295,0.29854682087898254,-0.011504733003675938,0.31562498211860657,0.31623002886772156,-0.01632768288254738,0.31421998143196106,0.34258463978767395,-0.01766888052225113,0.3271256685256958,0.3585662245750427,-0.004218765534460545,0.3308245539665222,0.31180351972579956,-0.012279425747692585,0.3293091356754303,0.32670626044273376,-0.01453574001789093,0.3258093595504761,0.34940680861473083,-0.014084222726523876,0.3405291438102722,0.37001925706863403,-0.006738909985870123,0.34354841709136963,0.33482542634010315,-0.013350711204111576,0.34137821197509766,0.33969056606292725,-0.015129249542951584,0.33716076612472534,0.3558124005794525,-0.014965757727622986,0.6506739258766174,0.30873358249664307,-1.9877590773376141e-07,0.6265085339546204,0.28776171803474426,-0.007234616205096245,0.6152156591415405,0.24778462946414948,-0.011111649684607983,0.6266474723815918,0.2180202752351761,-0.01634831167757511,0.6418874263763428,0.21713554859161377,-0.020059553906321526,0.6210605502128601,0.19234557449817657,0.00031447820947505534,0.6221192479133606,0.14130713045597076,-0.009617991745471954,0.6223728060722351,0.16369596123695374,-0.01592451147735119,0.6230636239051819,0.1909499317407608,-0.018943320959806442,0.6371090412139893,0.18837009370326996,-0.0016703269211575389,0.6387438178062439,0.1321791410446167,-0.01236958522349596,0.63811856508255,0.16409654915332794,-0.01673448085784912,0.6377072334289551,0.1935999095439911,-0.017151392996311188,0.6527658700942993,0.19189846515655518,-0.005695662461221218,0.6545061469078064,0.14008894562721252,-0.014932312071323395,0.6517678499221802,0.16833871603012085,-0.015367655083537102,0.6507906913757324,0.19658546149730682,-0.013262254185974598,0.6689726114273071,0.20283626019954681,-0.010880358517169952,0.6682426333427429,0.16271421313285828,-0.01732867769896984,0.6633924841880798,0.1754383146762848,-0.01780921407043934,0.660243034362793,0.1959608495235443,-0.01686389558017254
34,0.3200339376926422,0.46639707684516907,-9.565330572058883e-08,0.30255234241485596,0.44416895508766174,-0.010053315199911594,0.2947959005832672,0.40148302912712097,-0.0139324851334095,0.3037799596786499,0.3675825893878937,-0.0178803913295269,0.31868577003479004,0.3613947033882141,-0.01983528584241867,0.29818180203437805,0.353004515171051,-0.002015938749536872,0.300618052482605,0.3059772849082947,-0.011452860198915005,0.30168431997299194,0.3139864504337311,-0.017838839441537857,0.299785852432251,0.33849743008613586,-0.020482266321778297,0.3127102851867676,0.35141026973724365,-0.0011496379738673568,0.31444600224494934,0.29847851395606995,-0.010000505484640598,0.3153792917728424,0.311955064535141,-0.015372003428637981,0.31370532512664795,0.3388803005218506,-0.01689843274652958,0.32660698890686035,0.35773080587387085,-0.0023203950840979815,0.3298610746860504,0.31086471676826477,-0.010424264706671238,0.32858872413635254,0.3228027820587158,-0.012970131821930408,0.32521355152130127,0.34658196568489075,-0.012418954633176327,0.34041765332221985,0.36949366331100464,-0.004655421711504459,0.3428855240345001,0.3325292766094208,-0.011308812536299229,0.34120801091194153,0.3357081711292267,-0.013417504727840424,0.33734238147735596,0.3530403971672058,-0.013200691901147366,0.6508619785308838,0.3088376224040985,-1.9674669715641357e-07,0.6264281868934631,0.2886641025543213,-0.007873209193348885,0.6148514747619629,0.24761469662189484,-0.011841966770589352,0.6261333227157593,0.21707776188850403,-0.017060477286577225,0.641342282295227,0.21685998141765594,-0.020639989525079727,0.6211175918579102,0.1921965479850769,0.00015682511730119586,0.6213217377662659,0.1413378119468689,-0.01020645909011364,0.6212776899337769,0.16465209424495697,-0.01686530001461506,0.622425377368927,0.1920389086008072,-0.02011234313249588,0.6371017694473267,0.18807382881641388,-0.0015203054063022137,0.6381099224090576,0.1317848563194275,-0.012751735746860504,0.6371632814407349,0.1645675152540207,-0.017012447118759155,0.6371495127677917,0.193841814994812,-0.017133187502622604,0.6527019739151001,0.19155848026275635,-0.0053769676014781,0.6540449857711792,0.13970038294792175,-0.014893702231347561,0.650946319103241,0.1681857705116272,-0.015091693960130215,0.6503010988235474,0.1961638629436493,-0.01265832781791687,0.6692238450050354,0.20250916481018066,-0.010493720881640911,0.668178915977478,0.1631026566028595,-0.01687568798661232,0.6630196571350098,0.1750914752483368,-0.01733921281993389,0.6599714159965515,0.19446949660778046,-0.016345210373401642
35,0.3200339376926422,0.46639707684516907,-9.565330572058883e-08,0.30255234241485596,0.44416895508766174,-0.010053315199911594,0.2947959005832672,0.40148302912712097,-0.0139324851334095,0.3037799596786499,0.3675825893878937,-0.0178803913295269,0.31868577003479004,0.3613947033882141,-0.01983528584241867,0.29818180203437805,0.353004515171051,-0.002015938749536872,0.300618052482605,0.3059772849082947,-0.011452860198915005,0.30168431997299194,0.3139864504337311,-0.017838839441537857,0.299785852432251,0.33849743008613586,-0.020482266321778297,0.3127102851867676,0.35141026973724365,-0.0011496379738673568,0.31444600224494934,0.29847851395606995,-0.010000505484640598,0.3153792917728424,0.311955064535141,-0.015372003428637981,0.31370532512664795,0.3388803005218506,-0.01689843274652958,0.32660698890686035,0.35773080587387085,-0.0023203950840979815,0.3298610746860504,0.31086471676826477,-0.010424264706671238,0.32858872413635254,0.3228027820587158,-0.012970131821930408,0.32521355152130127,0.34658196568489075,-0.012418954633176327,0.34041765332221985,0.36949366331100464,-0.004655421711504459,0.3428855240345001,0.3325292766094208,-0.011308812536299229,0.34120801091194153,0.3357081711292267,-0.013417504727840424,0.33734238147735596,0.3530403971672058,-0.013200691901147366,0.6508619785308838,0.3088376224040985,-1.9674669715641357e-07,0.6264281868934631,0.2886641025543213,-0.007873209193348885,0.6148514747619629,0.24761469662189484,-0.011841966770589352,0.6261333227157593,0.21707776188850403,-0.017060477286577225,0.641342282295227,0.21685998141765594,-0.020639989525079727,0.6211175918579102,0.1921965479850769,0.00015682511730119586,0.6213217377662659,0.1413378119468689,-0.01020645909011364,0.6212776899337769,0.16465209424495697,-0.01686530001461506,0.622425377368927,0.1920389086008072,-0.02011234313249588,0.6371017694473267,0.18807382881641388,-0.0015203054063022137,0.6381099224090576,0.1317848563194275,-0.012751735746860504,0.6371632814407349,0.1645675152540207,-0.017012447118759155,0.6371495127677917,0.193841814994812,-0.017133187502622604,0.6527019739151001,0.19155848026275635,-0.0053769676014781,0.6540449857711792,0.13970038294792175,-0.014893702231347561,0.650946319103241,0.1681857705116272,-0.015091693960130215,0.6503010988235474,0.1961638629436493,-0.01265832781791687,0.6692238450050354,0.20250916481018066,-0.010493720881640911,0.668178915977478,0.1631026566028595,-0.01687568798661232,0.6630196571350098,0.1750914752483368,-0.01733921281993389,0.6599714159965515,0.19446949660778046,-0.016345210373401642
36,0.31864485144615173,0.45287802815437317,-1.0406836992160606e-07,0.30185627937316895,0.4318138062953949,-0.01022235956043005,0.29494142532348633,0.39707157015800476,-0.014825822785496712,0.30568453669548035,0.3669518828392029,-0.019228385761380196,0.3200850188732147,0.3597680926322937,-0.021875521168112755,0.29638153314590454,0.3473077416419983,-0.003610447281971574,0.2984393835067749,0.3026878237724304,-0.01264296006411314,0.3005620241165161,0.3128626346588135,-0.01847907155752182,0.29984259605407715,0.336689829826355,-0.02102905698120594,0.311901718378067,0.34509921073913574,-0.002701778197661042,0.31412822008132935,0.29431039094924927,-0.011255422607064247,0.315635085105896,0.3120957016944885,-0.01564660854637623,0.3143933415412903,0.33735179901123047,-0.016829434782266617,0.32644185423851013,0.35096949338912964,-0.003721715183928609,0.33020028471946716,0.3070087134838104,-0.012288159690797329,0.3296537697315216,0.32393935322761536,-0.013946936465799809,0.32667404413223267,0.3465569019317627,-0.013006873428821564,0.33997589349746704,0.3638380765914917,-0.00580600555986166,0.3426806330680847,0.3286401033401489,-0.012667850591242313,0.3412565290927887,0.33613765239715576,-0.01393754780292511,0.33756589889526367,0.35207319259643555,-0.013392165303230286,0.6512603163719177,0.3087232708930969,-2.0502592690263555e-07,0.6270260214805603,0.2880098223686218,-0.007714657578617334,0.614946186542511,0.2474619746208191,-0.011887988075613976,0.6263347864151001,0.21733596920967102,-0.017291918396949768,0.6425278782844543,0.21607539057731628,-0.021106969565153122,0.6210502982139587,0.1917525678873062,-0.00044130528112873435,0.6209258437156677,0.14056143164634705,-0.010632063262164593,0.6203905940055847,0.16363871097564697,-0.017014874145388603,0.6215780377388,0.19119630753993988,-0.020136503502726555,0.6369932889938354,0.18771818280220032,-0.0021067261695861816,0.6373514533042908,0.13152560591697693,-0.013185386545956135,0.6358933448791504,0.16433370113372803,-0.01729792356491089,0.6362017393112183,0.19432306289672852,-0.0174504853785038,0.6529969573020935,0.19114701449871063,-0.0058496310375630856,0.6538215279579163,0.13921914994716644,-0.01521539967507124,0.6506279706954956,0.16766399145126343,-0.015382137149572372,0.650348424911499,0.19593138992786407,-0.013065203092992306,0.6697148680686951,0.20208640396595,-0.010802164673805237,0.6682370901107788,0.16227462887763977,-0.017221158370375633,0.6627821326255798,0.1752380132675171,-0.01766328141093254,0.659912109375,0.1959644854068756,-0.016684480011463165
37,0.3196125030517578,0.4519118070602417,-1.2007295424609765e-07,0.3022119700908661,0.4310228228569031,-0.010691758245229721,0.29512619972229004,0.39650416374206543,-0.015741875395178795,0.30581003427505493,0.36809873580932617,-0.02036309614777565,0.32049107551574707,0.36247631907463074,-0.023018725216388702,0.2965194880962372,0.3471882939338684,-0.005142750684171915,0.29904627799987793,0.30237966775894165,-0.014431383460760117,0.3002123236656189,0.31423524022102356,-0.020464949309825897,0.29881083965301514,0.33967405557632446,-0.02324214018881321,0.3123115301132202,0.3449545204639435,-0.003972864709794521,0.31447935104370117,0.2942064106464386,-0.012163628824055195,0.3149692416191101,0.31252214312553406,-0.01621384173631668,0.31373634934425354,0.33755454421043396,-0.01748299039900303,0.32660040259361267,0.3506172299385071,-0.00469710398465395,0.33083099126815796,0.3060281574726105,-0.012753521092236042,0.3297226130962372,0.3215039372444153,-0.013871573843061924,0.32716724276542664,0.34421879053115845,-0.012959643267095089,0.3404916822910309,0.36451107263565063,-0.0065731811337172985,0.3437614440917969,0.3310129940509796,-0.013274574652314186,0.3421476185321808,0.33593830466270447,-0.014654276892542839,0.33859673142433167,0.3496367931365967,-0.014428031630814075,0.6512264609336853,0.30837753415107727,-2.1028962748914637e-07,0.6269952654838562,0.2874189615249634,-0.0074018253944814205,0.6153026223182678,0.24712881445884705,-0.011216502636671066,0.6267030835151672,0.21629475057125092,-0.01637597382068634,0.642497181892395,0.21528100967407227,-0.019925953820347786,0.6213213801383972,0.19134169816970825,0.0007256790995597839,0.6210787296295166,0.14051151275634766,-0.009310317225754261,0.6206639409065247,0.16396844387054443,-0.015871072188019753,0.621759831905365,0.1913527399301529,-0.019163012504577637,0.6372405290603638,0.18715815246105194,-0.0010418286547064781,0.6374958157539368,0.13119551539421082,-0.011864003725349903,0.6362355947494507,0.16428819298744202,-0.016080401837825775,0.6363881230354309,0.19378316402435303,-0.016367534175515175,0.6530469059944153,0.19037601351737976,-0.004918139893561602,0.653903603553772,0.13855904340744019,-0.014140421524643898,0.6507232785224915,0.16749656200408936,-0.014266328886151314,0.650303065776825,0.19583559036254883,-0.011946192942559719,0.6696863770484924,0.20134924352169037,-0.010010160505771637,0.6681742668151855,0.1616898626089096,-0.016327301040291786,0.6629548072814941,0.17484357953071594,-0.016725070774555206,0.6601179838180542,0.19541388750076294,-0.015734408050775528
38,0.3196125030517578,0.4519118070602417,-1.2007295424609765e-07,0.3022119700908661,0.4310228228569031,-0.010691758245229721,0.29512619972229004,0.39650416374206543,-0.015741875395178795,0.30581003427505493,0.36809873580932617,-0.02036309614777565,0.32049107551574707,0.36247631907463074,-0.023018725216388702,0.2965194880962372,0.3471882939338684,-0.005142750684171915,0.29904627799987793,0.30237966775894165,-0.014431383460760117,0.3002123236656189,0.31423524022102356,-0.020464949309825897,0.29881083965301514,0.33967405557632446,-0.02324214018881321,0.3123115301132202,0.3449545204639435,-0.003972864709794521,0.31447935104370117,0.2942064106464386,-0.012163628824055195,0.3149692416191101,0.31252214312553406,-0.01621384173631668,0.31373634934425354,0.33755454421043396,-0.01748299039900303,0.32660040259361267,0.3506172299385071,-0.00469710398465395,0.33083099126815796,0.3060281574726105,-0.012753521092236042,0.3297226130962372,0.3215039372444153,-0.013871573843061924,0.32716724276542664,0.34421879053115845,-0.012959643267095089,0.3404916822910309,0.36451107263565063,-0.0065731811337172985,0.3437614440917969,0.3310129940509796,-0.013274574652314186,0.3421476185321808,0.33593830466270447,-0.014654276892542839,0.33859673142433167,0.3496367931365967,-0.014428031630814075,0.6512264609336853,0.30837753415107727,-2.1028962748914637e-07,0.6269952654838562,0.2874189615249634,-0.0074018253944814205,0.6153026223182678,0.24712881445884705,-0.011216502636671066,0.6267030835151672,0.21629475057125092,-0.01637597382068634,0.642497181892395,0.21528100967407227,-0.019925953820347786,0.6213213801383972,0.19134169816970825,0.0007256790995597839,0.6210787296295166,0.14051151275634766,-0.009310317225754261,0.6206639409065247,0.16396844387054443,-0.015871072188019753,0.621759831905365,0.1913527399301529,-0.019163012504577637,0.6372405290603638,0.18715815246105194,-0.0010418286547064781,0.6374958157539368,0.13119551539421082,-0.011864003725349903,0.6362355947494507,0.16428819298744202,-0.016080401837825775,0.6363881230354309,0.19378316402435303,-0.016367534175515175,0.6530469059944153,0.19037601351737976,-0.004918139893561602,0.653903603553772,0.13855904340744019,-0.014140421524643898,0.6507232785224915,0.16749656200408936,-0.014266328886151314,0.650303065776825,0.19583559036254883,-0.011946192942559719,0.6696863770484924,0.20134924352169037,-0.010010160505771637,0.6681742668151855,0.1616898626089096,-0.016327301040291786,0.6629548072814941,0.17484357953071594,-0.016725070774555206,0.6601179838180542,0.19541388750076294,-0.015734408050775528
39,0.32172659039497375,0.460910439491272,-1.0623870849713057e-07,0.3033900856971741,0.4388523995876312,-0.009607691317796707,0.29520875215530396,0.3973711133003235,-0.013844325207173824,0.3058028221130371,0.36531901359558105,-0.018087873235344887,0.3220316469669342,0.36148375272750854,-0.02051454596221447,0.2988007068634033,0.35071423649787903,-0.0035399673506617546,0.30053970217704773,0.3026752173900604,-0.012908647768199444,0.30190950632095337,0.31285175681114197,-0.01915060169994831,0.3005988299846649,0.3360161781311035,-0.021927686408162117,0.3134956955909729,0.3483950197696686,-0.003033689223229885,0.3151746392250061,0.2945936918258667,-0.011633277870714664,0.31642648577690125,0.31199273467063904,-0.016308479011058807,0.3147648572921753,0.33820444345474243,-0.01761741004884243,0.3275142312049866,0.3535635471343994,-0.004403864964842796,0.33123189210891724,0.3076803982257843,-0.01210159994661808,0.33038973808288574,0.32157444953918457,-0.01431957259774208,0.3270721137523651,0.34432175755500793,-0.013917933218181133,0.34111425280570984,0.3645630180835724,-0.0069191656075417995,0.34382176399230957,0.329861581325531,-0.013046286068856716,0.3427511155605316,0.334121972322464,-0.014982560649514198,0.3392871916294098,0.34979212284088135,-0.015052074566483498,0.6515455842018127,0.30795755982398987,-1.8736497509053152e-07,0.6268527507781982,0.2879006862640381,-0.0072329286485910416,0.6153327822685242,0.24792127311229706,-0.01070142351090908,0.6264464259147644,0.21693646907806396,-0.01558233704417944,0.6417886018753052,0.21518206596374512,-0.018949780613183975,0.6214550137519836,0.19371666014194489,0.0014028436271473765,0.6215962767601013,0.1430336833000183,-0.00875867810100317,0.6224681735038757,0.16538125276565552,-0.015676096081733704,0.6236918568611145,0.19242171943187714,-0.019041195511817932,0.6373516917228699,0.18940424919128418,-0.00047941398224793375,0.6383607387542725,0.13278740644454956,-0.011305675841867924,0.6383056640625,0.16401918232440948,-0.016008755192160606,0.6383661031723022,0.19269952178001404,-0.01651417836546898,0.652836799621582,0.19244809448719025,-0.004506540484726429,0.6546576619148254,0.1395147293806076,-0.013694508001208305,0.6521378755569458,0.16679918766021729,-0.014181329868733883,0.6514089107513428,0.19452804327011108,-0.011969082057476044,0.6690766215324402,0.20305213332176208,-0.009750403463840485,0.6687122583389282,0.16356387734413147,-0.015915609896183014,0.664212703704834,0.17444822192192078,-0.016396377235651016,0.6612163186073303,0.19321811199188232,-0.015399307012557983
40,0.3208594024181366,0.45810478925704956,-9.340921991451978e-08,0.30309534072875977,0.43645423650741577,-0.010414574295282364,0.29443779587745667,0.3973974883556366,-0.015489581972360611,0.30386558175086975,0.36629241704940796,-0.020522238686680794,0.319386750459671,0.35842010378837585,-0.023939158767461777,0.29785165190696716,0.3507615923881531,-0.005216562654823065,0.29954659938812256,0.30408406257629395,-0.01531730592250824,0.30189505219459534,0.31334805488586426,-0.022255616262555122,0.30176958441734314,0.33685141801834106,-0.025573082268238068,0.31261304020881653,0.34803733229637146,-0.004744338802993298,0.31448933482170105,0.29432517290115356,-0.014092265628278255,0.3158400356769562,0.3105012774467468,-0.019615160301327705,0.31499993801116943,0.33635151386260986,-0.021637167781591415,0.3269588053226471,0.3533204197883606,-0.006135157775133848,0.33039790391921997,0.30646002292633057,-0.014671513810753822,0.3289285898208618,0.32024091482162476,-0.01759354956448078,0.3258788287639618,0.34315937757492065,-0.017712831497192383,0.34078073501586914,0.3648872971534729,-0.008652682416141033,0.34331777691841125,0.3284803330898285,-0.015475569292902946,0.34123748540878296,0.33363133668899536,-0.017672715708613396,0.3374428451061249,0.3510977029800415,-0.01796768791973591,0.6505756974220276,0.3072677552700043,-1.9670056872200803e-07,0.6269877552986145,0.286136656999588,-0.007890300825238228,0.6152392029762268,0.2461780309677124,-0.01211740355938673,0.6269357800483704,0.2173425555229187,-0.0175804253667593,0.643866240978241,0.2178311049938202,-0.02148474007844925,0.6215576529502869,0.1917666345834732,-0.0004978778306394815,0.6211591362953186,0.14203687012195587,-0.011330022476613522,0.6217958331108093,0.1654883325099945,-0.018415287137031555,0.6233434081077576,0.1932402104139328,-0.021915873512625694,0.6373484134674072,0.18803603947162628,-0.002235128777101636,0.6383789777755737,0.13173124194145203,-0.013519915752112865,0.637606143951416,0.1627197265625,-0.01827055774629116,0.6374316811561584,0.19129392504692078,-0.01890227198600769,0.6529330611228943,0.19194138050079346,-0.00608941912651062,0.6546175479888916,0.13916319608688354,-0.015835179015994072,0.6514542698860168,0.1667550802230835,-0.01634783297777176,0.6504443883895874,0.19430744647979736,-0.01417058426886797,0.6690250039100647,0.20395393669605255,-0.011151622049510479,0.668420135974884,0.1636943221092224,-0.018174011260271072,0.6634464263916016,0.17689958214759827,-0.018845243379473686,0.6605728268623352,0.19866952300071716,-0.01786113902926445
