frame,feature_0,feature_1,feature_2,feature_3,feature_4,feature_5,feature_6,feature_7,feature_8,feature_9,feature_10,feature_11,feature_12,feature_13,feature_14,feature_15,feature_16,feature_17,feature_18,feature_19,feature_20,feature_21,feature_22,feature_23,feature_24,feature_25,feature_26,feature_27,feature_28,feature_29,feature_30,feature_31,feature_32,feature_33,feature_34,feature_35,feature_36,feature_37,feature_38,feature_39,feature_40,feature_41,feature_42,feature_43,feature_44,feature_45,feature_46,feature_47,feature_48,feature_49,feature_50,feature_51,feature_52,feature_53,feature_54,feature_55,feature_56,feature_57,feature_58,feature_59,feature_60,feature_61,feature_62,feature_63,feature_64,feature_65,feature_66,feature_67,feature_68,feature_69,feature_70,feature_71,feature_72,feature_73,feature_74,feature_75,feature_76,feature_77,feature_78,feature_79,feature_80,feature_81,feature_82,feature_83,feature_84,feature_85,feature_86,feature_87,feature_88,feature_89,feature_90,feature_91,feature_92,feature_93,feature_94,feature_95,feature_96,feature_97,feature_98,feature_99,feature_100,feature_101,feature_102,feature_103,feature_104,feature_105,feature_106,feature_107,feature_108,feature_109,feature_110,feature_111,feature_112,feature_113,feature_114,feature_115,feature_116,feature_117,feature_118,feature_119,feature_120,feature_121,feature_122,feature_123,feature_124,feature_125
1,0.7534979581832886,0.5584646463394165,-2.2037032465505035e-07,0.7321934700012207,0.5313782691955566,-0.004960343241691589,0.7207138538360596,0.49203580617904663,-0.007860301062464714,0.7317692637443542,0.4665590226650238,-0.012486915104091167,0.7479239106178284,0.47681811451911926,-0.01563999429345131,0.7321949601173401,0.44666287302970886,0.0038424476515501738,0.7308347225189209,0.40126150846481323,-0.005246335174888372,0.7270543575286865,0.4245353937149048,-0.011812519282102585,0.7272675633430481,0.44881632924079895,-0.015484885312616825,0.7456744909286499,0.44543910026550293,0.0017798852641135454,0.7443179488182068,0.39737313985824585,-0.0075755915604531765,0.7393987774848938,0.4268324673175812,-0.010725073516368866,0.7397194504737854,0.45229870080947876,-0.010665657930076122,0.7593955397605896,0.44968631863594055,-0.002372424816712737,0.7589076161384583,0.4050767719745636,-0.009931054897606373,0.7528961300849915,0.43107035756111145,-0.009021957404911518,0.7525612711906433,0.45716825127601624,-0.006266031414270401,0.7740567326545715,0.4610031545162201,-0.007666717749089003,0.7714322209358215,0.42703065276145935,-0.012302575632929802,0.7642056941986084,0.43942028284072876,-0.01194414310157299,0.7617908120155334,0.45951834321022034,-0.010523124597966671,0.3315017521381378,0.21557201445102692,-1.2173428842743306e-07,0.31650108098983765,0.20181843638420105,-0.008102154359221458,0.30679208040237427,0.1804783195257187,-0.013846701942384243,0.30491018295288086,0.16284669935703278,-0.019534796476364136,0.30862921476364136,0.14757874608039856,-0.023972421884536743,0.3144429922103882,0.13868577778339386,-0.01210643071681261,0.3121022582054138,0.10175862163305283,-0.02312546595931053,0.3073844909667969,0.10770547389984131,-0.02777126058936119,0.30550482869148254,0.12894289195537567,-0.02880687266588211,0.3285881280899048,0.1382397711277008,-0.012494439259171486,0.3268323540687561,0.09090343862771988,-0.02396535314619541,0.3212202489376068,0.10063114762306213,-0.025495363399386406,0.31982243061065674,0.12459465861320496,-0.02348420023918152,0.3424873948097229,0.14699018001556396,-0.014225494116544724,0.3419947326183319,0.10722790658473969,-0.024630801752209663,0.33615830540657043,0.11632409691810608,-0.022723102942109108,0.3345761299133301,0.13514317572116852,-0.018349172547459602,0.35649287700653076,0.16253654658794403,-0.01663919910788536,0.35876670479774475,0.1359959840774536,-0.024648912250995636,0.35416436195373535,0.13486900925636292,-0.024449165910482407,0.35142987966537476,0.1443202793598175,-0.021900003775954247
2,0.753185510635376,0.5590492486953735,-2.2040276803636516e-07,0.7322619557380676,0.5310975909233093,-0.004785644821822643,0.7205373048782349,0.492654025554657,-0.007782902102917433,0.7314319610595703,0.4676772952079773,-0.012581945396959782,0.7475095987319946,0.4772295355796814,-0.015911217778921127,0.7316280603408813,0.44619128108024597,0.0044362787157297134,0.730606198310852,0.4008671045303345,-0.004707376938313246,0.7263500094413757,0.42411354184150696,-0.011357356794178486,0.7266013026237488,0.4478094279766083,-0.015114047564566135,0.7451438903808594,0.4452916383743286,0.002199819078668952,0.7442063093185425,0.396984726190567,-0.00726316636428237,0.7388476729393005,0.4266469478607178,-0.010528093203902245,0.7391625046730042,0.4514290988445282,-0.010544734075665474,0.7589301466941833,0.44984865188598633,-0.0021436368115246296,0.7587116956710815,0.4045456349849701,-0.009887294843792915,0.7523470520973206,0.4312300682067871,-0.008852810598909855,0.7518719434738159,0.4569742679595947,-0.005944645032286644,0.7736446261405945,0.461598664522171,-0.0075957984663546085,0.7711905241012573,0.42710500955581665,-0.012209749780595303,0.76388019323349,0.4402010440826416,-0.0116111533716321,0.7615640163421631,0.460190087556839,-0.010001651011407375,0.3328106701374054,0.2196754515171051,-1.374743305859738e-07,0.3165770471096039,0.20525188744068146,-0.007349997293204069,0.3064635694026947,0.1813104748725891,-0.01230434700846672,0.30634135007858276,0.15974950790405273,-0.01750442013144493,0.31232237815856934,0.14312797784805298,-0.02130163460969925,0.31576022505760193,0.13919197022914886,-0.008479069918394089,0.3127641975879669,0.10209409147500992,-0.0186180230230093,0.3076900839805603,0.10711215436458588,-0.022683558985590935,0.30636298656463623,0.12717224657535553,-0.023457327857613564,0.3294644057750702,0.13796502351760864,-0.009110459126532078,0.32731977105140686,0.09147416055202484,-0.02057141624391079,0.3215433359146118,0.10380829870700836,-0.022058933973312378,0.3212094306945801,0.1284976303577423,-0.01966335065662861,0.34342843294143677,0.14542199671268463,-0.011141764000058174,0.3427188992500305,0.10866679251194,-0.021328464150428772,0.33689191937446594,0.12289801985025406,-0.018929116427898407,0.33637508749961853,0.14320816099643707,-0.013905142433941364,0.3574848771095276,0.15953990817070007,-0.013877487741410732,0.3589772582054138,0.1330605149269104,-0.020721057429909706,0.353754460811615,0.1365102082490921,-0.01953764073550701,0.35167214274406433,0.14896559715270996,-0.016244003549218178
3,0.7534205317497253,0.5593119859695435,-2.2084026340962737e-07,0.732056200504303,0.5316071510314941,-0.004949053283780813,0.7197262048721313,0.492818146944046,-0.00793804693967104,0.7302500605583191,0.4671308100223541,-0.012697436846792698,0.7464096546173096,0.47735244035720825,-0.01595219410955906,0.7316521406173706,0.44599318504333496,0.004595364909619093,0.7301886677742004,0.4008532166481018,-0.004637536127120256,0.725924015045166,0.4246794581413269,-0.011411942541599274,0.7264204621315002,0.44903862476348877,-0.015227620489895344,0.745175302028656,0.4449499845504761,0.002433128422126174,0.7439168691635132,0.3965543508529663,-0.00718979025259614,0.738379180431366,0.42634817957878113,-0.010544531047344208,0.7388728857040405,0.4518577754497528,-0.010524051263928413,0.7589741349220276,0.44935595989227295,-0.0018887812038883567,0.758640468120575,0.4040974974632263,-0.00975335668772459,0.7522377371788025,0.4308205842971802,-0.008886970579624176,0.7519235014915466,0.4573374390602112,-0.006001557223498821,0.7737827301025391,0.4610259234905243,-0.007359399925917387,0.7710965871810913,0.42715707421302795,-0.012242077849805355,0.7637184858322144,0.44004881381988525,-0.011957203038036823,0.7614268064498901,0.4603320062160492,-0.01046987995505333,0.33406320214271545,0.22147679328918457,-1.3987381919378095e-07,0.317008912563324,0.20581264793872833,-0.00809606071561575,0.30716827511787415,0.18239682912826538,-0.013157634995877743,0.3063291907310486,0.1616276353597641,-0.01829615607857704,0.3114961087703705,0.14361275732517242,-0.02193600684404373,0.31668752431869507,0.13886795938014984,-0.00882160197943449,0.3138611614704132,0.10193443298339844,-0.018803121522068977,0.3078511357307434,0.1088571548461914,-0.022884609177708626,0.30569708347320557,0.13006001710891724,-0.02364092320203781,0.3305753767490387,0.1385587900876999,-0.008968057110905647,0.3285224437713623,0.09265269339084625,-0.01992538571357727,0.32181450724601746,0.10620205849409103,-0.021420488134026527,0.3205311894416809,0.13098135590553284,-0.019139420241117477,0.3440614640712738,0.1470511555671692,-0.01058999728411436,0.34334248304367065,0.10961739718914032,-0.020345080643892288,0.3371301591396332,0.12425332516431808,-0.018160931766033173,0.3358320891857147,0.14501743018627167,-0.013426465913653374,0.35757502913475037,0.16171148419380188,-0.012982016429305077,0.35925236344337463,0.13540886342525482,-0.020157210528850555,0.3540371358394623,0.1366184949874878,-0.01962762512266636,0.35096627473831177,0.14704741537570953,-0.016779450699687004
4,0.7534205317497253,0.5593119859695435,-2.2084026340962737e-07,0.732056200504303,0.5316071510314941,-0.004949053283780813,0.7197262048721313,0.492818146944046,-0.00793804693967104,0.7302500605583191,0.4671308100223541,-0.012697436846792698,0.7464096546173096,0.47735244035720825,-0.01595219410955906,0.7316521406173706,0.44599318504333496,0.004595364909619093,0.7301886677742004,0.4008532166481018,-0.004637536127120256,0.725924015045166,0.4246794581413269,-0.011411942541599274,0.7264204621315002,0.44903862476348877,-0.015227620489895344,0.745175302028656,0.4449499845504761,0.002433128422126174,0.7439168691635132,0.3965543508529663,-0.00718979025259614,0.738379180431366,0.42634817957878113,-0.010544531047344208,0.7388728857040405,0.4518577754497528,-0.010524051263928413,0.7589741349220276,0.44935595989227295,-0.0018887812038883567,0.758640468120575,0.4040974974632263,-0.00975335668772459,0.7522377371788025,0.4308205842971802,-0.008886970579624176,0.7519235014915466,0.4573374390602112,-0.006001557223498821,0.7737827301025391,0.4610259234905243,-0.007359399925917387,0.7710965871810913,0.42715707421302795,-0.012242077849805355,0.7637184858322144,0.44004881381988525,-0.011957203038036823,0.7614268064498901,0.4603320062160492,-0.01046987995505333,0.33406320214271545,0.22147679328918457,-1.3987381919378095e-07,0.317008912563324,0.20581264793872833,-0.00809606071561575,0.30716827511787415,0.18239682912826538,-0.013157634995877743,0.3063291907310486,0.1616276353597641,-0.01829615607857704,0.3114961087703705,0.14361275732517242,-0.02193600684404373,0.31668752431869507,0.13886795938014984,-0.00882160197943449,0.3138611614704132,0.10193443298339844,-0.018803121522068977,0.3078511357307434,0.1088571548461914,-0.022884609177708626,0.30569708347320557,0.13006001710891724,-0.02364092320203781,0.3305753767490387,0.1385587900876999,-0.008968057110905647,0.3285224437713623,0.09265269339084625,-0.01992538571357727,0.32181450724601746,0.10620205849409103,-0.021420488134026527,0.3205311894416809,0.13098135590553284,-0.019139420241117477,0.3440614640712738,0.1470511555671692,-0.01058999728411436,0.34334248304367065,0.10961739718914032,-0.020345080643892288,0.3371301591396332,0.12425332516431808,-0.018160931766033173,0.3358320891857147,0.14501743018627167,-0.013426465913653374,0.35757502913475037,0.16171148419380188,-0.012982016429305077,0.35925236344337463,0.13540886342525482,-0.020157210528850555,0.3540371358394623,0.1366184949874878,-0.01962762512266636,0.35096627473831177,0.14704741537570953,-0.016779450699687004
5,0.753241777420044,0.5587289333343506,-2.2209083283541986e-07,0.7314835786819458,0.5307282209396362,-0.004694062285125256,0.7191056609153748,0.4925863742828369,-0.0073892599903047085,0.7296047210693359,0.4667612314224243,-0.011920809745788574,0.7456868290901184,0.4773978888988495,-0.014968985691666603,0.7313505411148071,0.44564560055732727,0.005599259398877621,0.7301676869392395,0.40050628781318665,-0.0031239574309438467,0.7255328297615051,0.4239433705806732,-0.009549439884722233,0.7258320450782776,0.4477844536304474,-0.013210508972406387,0.7447379231452942,0.44472208619117737,0.0033819638192653656,0.74373859167099,0.3959815204143524,-0.006072379648685455,0.7378648519515991,0.4258936643600464,-0.009437811560928822,0.738075315952301,0.4515678286552429,-0.009344699792563915,0.7586202025413513,0.449230432510376,-0.0009735694038681686,0.7581357359886169,0.4041779935359955,-0.008764712139964104,0.7515595555305481,0.43127670884132385,-0.007883715443313122,0.7511343955993652,0.4575684070587158,-0.004921705927699804,0.7735714912414551,0.4610505700111389,-0.006442801561206579,0.770628035068512,0.42716184258461,-0.011145137250423431,0.7630949020385742,0.4407179653644562,-0.0106541458517313,0.7607682943344116,0.4610978662967682,-0.009003368206322193,0.333615779876709,0.2222699522972107,-1.594405603100313e-07,0.3170531690120697,0.20688381791114807,-0.005995089653879404,0.3070027232170105,0.18364088237285614,-0.009543588384985924,0.3047213554382324,0.1632157862186432,-0.01320476084947586,0.3091978430747986,0.14537476003170013,-0.015416511334478855,0.3165081739425659,0.14226339757442474,-0.007492091506719589,0.3133239150047302,0.10531587153673172,-0.017077423632144928,0.30786019563674927,0.11355119198560715,-0.020346786826848984,0.3062096834182739,0.13598518073558807,-0.02051929384469986,0.3298982083797455,0.14173361659049988,-0.008197516202926636,0.3272424638271332,0.0936521589756012,-0.019842779263854027,0.32101351022720337,0.10761437565088272,-0.02082766406238079,0.3207491338253021,0.13214111328125,-0.017876993864774704,0.34352558851242065,0.14991535246372223,-0.010218027979135513,0.3426949679851532,0.10995227098464966,-0.021059777587652206,0.3367080092430115,0.12295427918434143,-0.018827419728040695,0.3363122045993805,0.14187008142471313,-0.013644016347825527,0.3573746979236603,0.16483409702777863,-0.012634435668587685,0.3585364520549774,0.13625667989253998,-0.0206955187022686,0.35328230261802673,0.13896425068378448,-0.02020288072526455,0.35124465823173523,0.1515398770570755,-0.017174139618873596
6,0.7519977688789368,0.5572366714477539,-2.1220517965048202e-07,0.7313475608825684,0.5315154790878296,-0.005498087964951992,0.7195061445236206,0.4920574724674225,-0.008508521132171154,0.7299625873565674,0.46601781249046326,-0.01306828111410141,0.7458927631378174,0.4762361943721771,-0.01608370617032051,0.7313933372497559,0.4451083838939667,0.0034552819561213255,0.7303513884544373,0.4007790684700012,-0.005553145427256823,0.7263185977935791,0.4253617525100708,-0.011845962144434452,0.7270912528038025,0.4493403434753418,-0.015409889630973339,0.7448739409446716,0.44434505701065063,0.001497813849709928,0.7443334460258484,0.3961535692214966,-0.008226755075156689,0.738875150680542,0.4264485239982605,-0.011321650817990303,0.7392059564590454,0.4514695405960083,-0.01101294532418251,0.7584823369979858,0.4493255317211151,-0.002574629383161664,0.7583813667297363,0.4051329791545868,-0.010753659531474113,0.7521381974220276,0.43190401792526245,-0.009886777959764004,0.7519031167030334,0.45742088556289673,-0.006889451295137405,0.772931694984436,0.46126314997673035,-0.007781564258038998,0.7705487608909607,0.42738500237464905,-0.013042077422142029,0.7632054090499878,0.4406633973121643,-0.012857737950980663,0.761014997959137,0.46075037121772766,-0.011384498327970505,0.33317479491233826,0.22817260026931763,-1.6787085144187586e-07,0.3157230317592621,0.21132999658584595,-0.005405638832598925,0.306957483291626,0.186006560921669,-0.008178802207112312,0.308133065700531,0.16256766021251678,-0.011122586205601692,0.31493616104125977,0.14527027308940887,-0.012471247464418411,0.31517019867897034,0.14416512846946716,-0.0047235265374183655,0.3129957616329193,0.10472850501537323,-0.013699465431272984,0.30802422761917114,0.11265236139297485,-0.017016617581248283,0.3059888482093811,0.13525041937828064,-0.01726602576673031,0.32918035984039307,0.1429666131734848,-0.005285797640681267,0.3270365297794342,0.09466993808746338,-0.016034334897994995,0.3214450776576996,0.10957766324281693,-0.0171396192163229,0.32093295454978943,0.13468363881111145,-0.014418530277907848,0.3432665765285492,0.1505196988582611,-0.007247528061270714,0.3430037796497345,0.11084350943565369,-0.017109069973230362,0.3372902572154999,0.123356394469738,-0.015081108547747135,0.33674681186676025,0.1422058492898941,-0.010297122411429882,0.3575720489025116,0.16526567935943604,-0.00961284153163433,0.3589417636394501,0.1366468369960785,-0.01632402278482914,0.3537043333053589,0.1402544379234314,-0.015378687530755997,0.35143327713012695,0.15382832288742065,-0.01230318658053875
7,0.7541828751564026,0.5587810277938843,-2.1645512049417448e-07,0.7324437499046326,0.5326616168022156,-0.004942786879837513,0.7194828391075134,0.4929274618625641,-0.007452304940670729,0.7293843030929565,0.4658527374267578,-0.011634616181254387,0.7455791234970093,0.47616448998451233,-0.014337005093693733,0.7319563627243042,0.4456050395965576,0.004955900367349386,0.7303194403648376,0.4006653130054474,-0.003635952714830637,0.725914716720581,0.4241335988044739,-0.00982689019292593,0.7266519069671631,0.448123961687088,-0.013392695225775242,0.7453905344009399,0.4444519579410553,0.0028903360944241285,0.7441884279251099,0.39576295018196106,-0.006541516166180372,0.7382838129997253,0.42590615153312683,-0.009601231664419174,0.7388282418251038,0.4514099657535553,-0.009248227812349796,0.7590116858482361,0.44925299286842346,-0.001309832907281816,0.758324146270752,0.4048748016357422,-0.009332667104899883,0.7516844868659973,0.4320189654827118,-0.008460300974547863,0.7517306804656982,0.4580526053905487,-0.0054309372790157795,0.7736983895301819,0.46154162287712097,-0.006609925534576178,0.7708041071891785,0.4272349774837494,-0.01179858110845089,0.7631162405014038,0.4409857988357544,-0.011537419632077217,0.7611516714096069,0.46166980266571045,-0.009984741918742657,0.33328333497047424,0.22331364452838898,-1.6686341552940576e-07,0.31663742661476135,0.20833200216293335,-0.005862708669155836,0.3067473769187927,0.18479911983013153,-0.009571145288646221,0.30559051036834717,0.16416093707084656,-0.013546076603233814,0.31108158826828003,0.14895379543304443,-0.016276855021715164,0.31591373682022095,0.14266915619373322,-0.007077364716678858,0.3135519027709961,0.1050359234213829,-0.017081525176763535,0.30793139338493347,0.11389973759651184,-0.021216941997408867,0.3056662082672119,0.13767533004283905,-0.021912282332777977,0.32961151003837585,0.14189007878303528,-0.00798033457249403,0.3275701403617859,0.09513203054666519,-0.01918908581137657,0.3215253949165344,0.10904829949140549,-0.02076099067926407,0.32070523500442505,0.1342378556728363,-0.01847768761217594,0.3434791564941406,0.14949087798595428,-0.010211749002337456,0.3427542746067047,0.11079848557710648,-0.020247921347618103,0.3373260200023651,0.12454347312450409,-0.01824820227921009,0.33693012595176697,0.14440421760082245,-0.013629226014018059,0.3572399914264679,0.1633918285369873,-0.012914075516164303,0.3577118515968323,0.1349189579486847,-0.020168839022517204,0.35287806391716003,0.14018844068050385,-0.01926024630665779,0.3513782024383545,0.1547883003950119,-0.016193648800253868
8,0.7528601884841919,0.5575810670852661,-2.1073951472772023e-07,0.7317698001861572,0.5326237082481384,-0.005507014691829681,0.7194316387176514,0.492898553609848,-0.008335021324455738,0.7294352054595947,0.4661816358566284,-0.012707645073533058,0.745320737361908,0.47701501846313477,-0.015544956550002098,0.731406033039093,0.4459594488143921,0.00367348687723279,0.7304477691650391,0.40067359805107117,-0.005034683737903833,0.726102888584137,0.4244506359100342,-0.011031059548258781,0.7266508936882019,0.4482777714729309,-0.014417978934943676,0.7447917461395264,0.4451577365398407,0.0017956001684069633,0.7443281412124634,0.39621859788894653,-0.007705171126872301,0.7385222315788269,0.4261418879032135,-0.010549760423600674,0.7387654185295105,0.45114433765411377,-0.010030398145318031,0.7583280205726624,0.4501093924045563,-0.002205794909968972,0.7583946585655212,0.4054703414440155,-0.010264888405799866,0.7519007921218872,0.43225133419036865,-0.009274983778595924,0.751639187335968,0.45772862434387207,-0.006170178763568401,0.7727811336517334,0.46196964383125305,-0.007354371715337038,0.7706915736198425,0.42764806747436523,-0.012606450356543064,0.7632974982261658,0.4409855008125305,-0.012396212667226791,0.7611368894577026,0.4611853063106537,-0.010891401208937168,0.33355435729026794,0.22922202944755554,-1.7034392385539832e-07,0.3160248398780823,0.21243616938591003,-0.0036081683356314898,0.3061957359313965,0.18722446262836456,-0.005698166787624359,0.30506792664527893,0.16490647196769714,-0.00826969463378191,0.31020525097846985,0.14839085936546326,-0.009476250037550926,0.3139353394508362,0.14644964039325714,-0.0040476820431649685,0.3120270371437073,0.10682091116905212,-0.012520257383584976,0.3077280819416046,0.11543543636798859,-0.015162273310124874,0.3064180016517639,0.1381833851337433,-0.014912068843841553,0.3279097080230713,0.14512395858764648,-0.005696918349713087,0.32645872235298157,0.09559369087219238,-0.015736106783151627,0.3212593197822571,0.11064937710762024,-0.016200296580791473,0.3211669325828552,0.13504792749881744,-0.013010863214731216,0.342337042093277,0.15255820751190186,-0.008506879210472107,0.3418213427066803,0.11235612630844116,-0.017671432346105576,0.3369113802909851,0.12672193348407745,-0.01487707905471325,0.33720502257347107,0.1453651487827301,-0.009657956659793854,0.3568224608898163,0.16676472127437592,-0.01156422309577465,0.3574327528476715,0.13692545890808105,-0.017998436465859413,0.35255059599876404,0.14204317331314087,-0.016334181651473045,0.35093221068382263,0.1563781350851059,-0.012713640928268433
9,0.7521415948867798,0.5572975277900696,-2.1258452420624963e-07,0.731245756149292,0.5313645601272583,-0.005570612847805023,0.7190189361572266,0.49235138297080994,-0.008775907568633556,0.7291627526283264,0.46753308176994324,-0.013544472865760326,0.7451316118240356,0.4779379367828369,-0.016865061596035957,0.7318443059921265,0.44557926058769226,0.0032415695022791624,0.73038649559021,0.4009877145290375,-0.00580686517059803,0.7259169816970825,0.4245554506778717,-0.012058665044605732,0.7265475392341614,0.44864174723625183,-0.01557663269340992,0.745033860206604,0.44470277428627014,0.0013031878042966127,0.7440625429153442,0.39642518758773804,-0.008551801554858685,0.7379916906356812,0.4266987144947052,-0.011579335667192936,0.7383348941802979,0.45239242911338806,-0.011149424128234386,0.7584765553474426,0.44973641633987427,-0.0027502726297825575,0.7582902908325195,0.40531566739082336,-0.01110611017793417,0.7514756321907043,0.43276816606521606,-0.010127856396138668,0.7511625289916992,0.4588335454463959,-0.0069872066378593445,0.7728829979896545,0.46200472116470337,-0.007922844961285591,0.7704389095306396,0.4279446303844452,-0.013359409756958485,0.7628467679023743,0.4417831003665924,-0.013071290217339993,0.7606686353683472,0.46229487657546997,-0.01145454403012991,0.3298249840736389,0.2281094789505005,-1.6654270496019308e-07,0.3130192160606384,0.2106858491897583,-0.003809946356341243,0.30462098121643066,0.18717089295387268,-0.005552597343921661,0.30464354157447815,0.16493132710456848,-0.007945835590362549,0.30986931920051575,0.14853514730930328,-0.008903700858354568,0.31345537304878235,0.14594027400016785,-0.0015009501948952675,0.31211891770362854,0.10919681191444397,-0.009896466508507729,0.30738013982772827,0.11183901876211166,-0.01339163538068533,0.3046524226665497,0.13075664639472961,-0.013593187555670738,0.32714882493019104,0.14454415440559387,-0.0025157341733574867,0.3259510397911072,0.09816057980060577,-0.011942826211452484,0.3208145499229431,0.10991213470697403,-0.013347658328711987,0.31934237480163574,0.1349078118801117,-0.010810155421495438,0.3410250246524811,0.15176290273666382,-0.00486814696341753,0.34101182222366333,0.11310355365276337,-0.013660166412591934,0.3362746834754944,0.12361720204353333,-0.012152770534157753,0.3352603018283844,0.14390824735164642,-0.007629332132637501,0.3549640476703644,0.1653192639350891,-0.007578184362500906,0.35748928785324097,0.13793031871318817,-0.014188670553267002,0.3533770442008972,0.13866150379180908,-0.01397697627544403,0.35077354311943054,0.15100526809692383,-0.011103377677500248
10,0.7523715496063232,0.5583992004394531,-2.147693294318742e-07,0.731087863445282,0.5318552255630493,-0.0053915949538350105,0.7188935279846191,0.49264153838157654,-0.008515046909451485,0.7294039726257324,0.4685908555984497,-0.013280194252729416,0.7453501224517822,0.47879651188850403,-0.01669345237314701,0.7319871783256531,0.4457622468471527,0.0034174297470599413,0.7302581071853638,0.40106919407844543,-0.005652749445289373,0.7258959412574768,0.42444491386413574,-0.011991203762590885,0.7263261079788208,0.448710173368454,-0.015521430410444736,0.7452613115310669,0.4448249936103821,0.0013981935335323215,0.7440259456634521,0.3970335125923157,-0.008310596458613873,0.7380813360214233,0.42756596207618713,-0.011369730345904827,0.7382730841636658,0.45397263765335083,-0.01098855771124363,0.758727490901947,0.44991886615753174,-0.002734233858063817,0.7583269476890564,0.40547335147857666,-0.010952859185636044,0.7516027092933655,0.4332819879055023,-0.009995671920478344,0.7511174082756042,0.45998531579971313,-0.0068953316658735275,0.7731777429580688,0.46218791604042053,-0.007985970005393028,0.7704509496688843,0.42825648188591003,-0.013453933410346508,0.762995719909668,0.4421294927597046,-0.013169815763831139,0.7606075406074524,0.46269822120666504,-0.011514991521835327,0.3281458914279938,0.22495362162590027,-1.51794353087098e-07,0.31217196583747864,0.2098061442375183,-0.0038565881550312042,0.30281320214271545,0.1878182590007782,-0.006090001203119755,0.30069243907928467,0.1668197065591812,-0.008984681218862534,0.30418434739112854,0.15070506930351257,-0.010631310753524303,0.3114722669124603,0.14584887027740479,-0.0031783217564225197,0.3099459707736969,0.1103157103061676,-0.011284555308520794,0.30574896931648254,0.11300286650657654,-0.014409792609512806,0.3038133382797241,0.13235484063625336,-0.014538808725774288,0.32532379031181335,0.14474117755889893,-0.004321115557104349,0.32499393820762634,0.09836027026176453,-0.014239959418773651,0.3201603889465332,0.1083931028842926,-0.015909232199192047,0.31900396943092346,0.13277776539325714,-0.013755627907812595,0.33958372473716736,0.15190115571022034,-0.0066022444516420364,0.34034615755081177,0.11209078878164291,-0.015495069324970245,0.3356070816516876,0.1223376989364624,-0.014150822535157204,0.3344714045524597,0.14234590530395508,-0.00995991937816143,0.3537221848964691,0.1656828075647354,-0.009187036193907261,0.3566175103187561,0.13721218705177307,-0.015218853019177914,0.3523801565170288,0.13989901542663574,-0.014586525037884712,0.35011693835258484,0.15439042448997498,-0.011731457896530628
11,0.7523715496063232,0.5583992004394531,-2.147693294318742e-07,0.731087863445282,0.5318552255630493,-0.0053915949538350105,0.7188935279846191,0.49264153838157654,-0.008515046909451485,0.7294039726257324,0.4685908555984497,-0.013280194252729416,0.7453501224517822,0.47879651188850403,-0.01669345237314701,0.7319871783256531,0.4457622468471527,0.0034174297470599413,0.7302581071853638,0.40106919407844543,-0.005652749445289373,0.7258959412574768,0.42444491386413574,-0.011991203762590885,0.7263261079788208,0.448710173368454,-0.015521430410444736,0.7452613115310669,0.4448249936103821,0.0013981935335323215,0.7440259456634521,0.3970335125923157,-0.008310596458613873,0.7380813360214233,0.42756596207618713,-0.011369730345904827,0.7382730841636658,0.45397263765335083,-0.01098855771124363,0.758727490901947,0.44991886615753174,-0.002734233858063817,0.7583269476890564,0.40547335147857666,-0.010952859185636044,0.7516027092933655,0.4332819879055023,-0.009995671920478344,0.7511174082756042,0.45998531579971313,-0.0068953316658735275,0.7731777429580688,0.46218791604042053,-0.007985970005393028,0.7704509496688843,0.42825648188591003,-0.013453933410346508,0.762995719909668,0.4421294927597046,-0.013169815763831139,0.7606075406074524,0.46269822120666504,-0.011514991521835327,0.3281458914279938,0.22495362162590027,-1.51794353087098e-07,0.31217196583747864,0.2098061442375183,-0.0038565881550312042,0.30281320214271545,0.1878182590007782,-0.006090001203119755,0.30069243907928467,0.1668197065591812,-0.008984681218862534,0.30418434739112854,0.15070506930351257,-0.010631310753524303,0.3114722669124603,0.14584887027740479,-0.0031783217564225197,0.3099459707736969,0.1103157103061676,-0.011284555308520794,0.30574896931648254,0.11300286650657654,-0.014409792609512806,0.3038133382797241,0.13235484063625336,-0.014538808725774288,0.32532379031181335,0.14474117755889893,-0.004321115557104349,0.32499393820762634,0.09836027026176453,-0.014239959418773651,0.3201603889465332,0.1083931028842926,-0.015909232199192047,0.31900396943092346,0.13277776539325714,-0.013755627907812595,0.33958372473716736,0.15190115571022034,-0.0066022444516420364,0.34034615755081177,0.11209078878164291,-0.015495069324970245,0.3356070816516876,0.1223376989364624,-0.014150822535157204,0.3344714045524597,0.14234590530395508,-0.00995991937816143,0.3537221848964691,0.1656828075647354,-0.009187036193907261,0.3566175103187561,0.13721218705177307,-0.015218853019177914,0.3523801565170288,0.13989901542663574,-0.014586525037884712,0.35011693835258484,0.15439042448997498,-0.011731457896530628
12,0.7519702315330505,0.557461678981781,-2.1291454288530076e-07,0.731143593788147,0.5317060351371765,-0.005635643843561411,0.7193130850791931,0.4929330050945282,-0.008968262001872063,0.7294310927391052,0.4693346619606018,-0.013856863602995872,0.7450459599494934,0.47824856638908386,-0.01733792945742607,0.7319783568382263,0.4457489550113678,0.0026951711624860764,0.7305560111999512,0.4014504551887512,-0.006600001826882362,0.7262063026428223,0.42526236176490784,-0.013088933192193508,0.7266373634338379,0.4491649568080902,-0.016744010150432587,0.7453228235244751,0.4453013837337494,0.000666955835185945,0.7444252967834473,0.3970909118652344,-0.009345651604235172,0.7385232448577881,0.4276121258735657,-0.012595489621162415,0.7386034727096558,0.45350557565689087,-0.012355910614132881,0.7588195204734802,0.45063135027885437,-0.0034492553677409887,0.7590031027793884,0.40619397163391113,-0.011833942495286465,0.7523654103279114,0.433148592710495,-0.010999120771884918,0.7516239285469055,0.4591321349143982,-0.008006985299289227,0.7731497883796692,0.46295320987701416,-0.008683261461555958,0.7710264325141907,0.4291776120662689,-0.014169931411743164,0.7633994817733765,0.4423377811908722,-0.013938827440142632,0.7606191635131836,0.46222811937332153,-0.012390438467264175,0.32774972915649414,0.22715960443019867,-1.2935301185734716e-07,0.3109818994998932,0.2132539451122284,-0.004236217588186264,0.3013679087162018,0.19046413898468018,-0.0070580532774329185,0.30149006843566895,0.16890393197536469,-0.010601839050650597,0.30577364563941956,0.15403743088245392,-0.013116261921823025,0.3093777298927307,0.145095095038414,-0.0021322513930499554,0.30747342109680176,0.10855033248662949,-0.009169264696538448,0.30504897236824036,0.11268381774425507,-0.012902328744530678,0.30443620681762695,0.13194960355758667,-0.013920694589614868,0.32388800382614136,0.14356297254562378,-0.003214634954929352,0.32239842414855957,0.09961743652820587,-0.010612627491354942,0.3197006285190582,0.10666383802890778,-0.012820612639188766,0.3198261260986328,0.12753607332706451,-0.012391027994453907,0.338274747133255,0.15108104050159454,-0.005489808041602373,0.3388785123825073,0.11287210881710052,-0.012249095365405083,0.33594512939453125,0.11815214902162552,-0.012346914038062096,0.33554720878601074,0.13406744599342346,-0.010367962531745434,0.35211601853370667,0.1657872051000595,-0.008128887973725796,0.35384026169776917,0.1367839127779007,-0.011808808892965317,0.35039177536964417,0.13789422810077667,-0.010878522880375385,0.34856295585632324,0.15039856731891632,-0.008877203799784184
13,0.7521450519561768,0.5579026937484741,-2.1226472313173872e-07,0.731272280216217,0.5313177108764648,-0.0052161989733576775,0.7193165421485901,0.4929928183555603,-0.008481662720441818,0.7294772267341614,0.4690300226211548,-0.013439040631055832,0.74535071849823,0.478263795375824,-0.016966819763183594,0.7317937612533569,0.4458428919315338,0.003383501898497343,0.7309848666191101,0.40126287937164307,-0.00603881012648344,0.7266308069229126,0.4246079623699188,-0.012682617641985416,0.7269357442855835,0.4486267864704132,-0.01637532375752926,0.7452866435050964,0.4456641376018524,0.0011841509258374572,0.7451674938201904,0.39765283465385437,-0.008699149824678898,0.7394999861717224,0.42775237560272217,-0.011960768140852451,0.7395509481430054,0.4534742534160614,-0.011793548241257668,0.758838415145874,0.45100218057632446,-0.003129270626232028,0.759768545627594,0.4066646695137024,-0.011116712354123592,0.7532053589820862,0.4333086907863617,-0.010044354945421219,0.7523123621940613,0.45917531847953796,-0.00699754199013114,0.7731936573982239,0.46338680386543274,-0.008581417612731457,0.7714169025421143,0.4294736385345459,-0.013437078334391117,0.7639951109886169,0.4421987235546112,-0.012904767878353596,0.7612623572349548,0.46177059412002563,-0.011263339780271053,0.3251422643661499,0.2179916799068451,-1.742107968993878e-07,0.309749960899353,0.203281968832016,-0.004484811332076788,0.29974308609962463,0.17907477915287018,-0.008888599462807178,0.2979166507720947,0.15892428159713745,-0.014071444980800152,0.30069342255592346,0.14422279596328735,-0.018602285534143448,0.3099376857280731,0.14149640500545502,-0.007092825602740049,0.3073233366012573,0.1061367392539978,-0.016335949301719666,0.3023192286491394,0.11583410203456879,-0.020844072103500366,0.29969435930252075,0.1375683695077896,-0.022085754200816154,0.3231930732727051,0.14073701202869415,-0.008916704915463924,0.3209165036678314,0.09693005681037903,-0.0187265295535326,0.3157069683074951,0.10999742895364761,-0.020726677030324936,0.3144550025463104,0.13444440066814423,-0.01949096843600273,0.33683082461357117,0.14822663366794586,-0.011724678799510002,0.33585312962532043,0.1094411313533783,-0.02020498923957348,0.3308711051940918,0.11922019720077515,-0.019022183492779732,0.32951825857162476,0.1375102996826172,-0.015708422288298607,0.35014742612838745,0.16208800673484802,-0.014896364882588387,0.3506465554237366,0.1335965394973755,-0.020094122737646103,0.3460847735404968,0.13770267367362976,-0.01846635341644287,0.3438420593738556,0.15181276202201843,-0.01555065531283617
14,0.7523422837257385,0.5585190057754517,-2.1520897064419842e-07,0.7313480377197266,0.5315372943878174,-0.005425290670245886,0.7196822166442871,0.4926464855670929,-0.00877942331135273,0.7302421927452087,0.46931952238082886,-0.013776886276900768,0.745858907699585,0.48042792081832886,-0.017344608902931213,0.7323247790336609,0.4454871416091919,0.00292745023034513,0.7313964366912842,0.40044593811035156,-0.006372213829308748,0.7267239093780518,0.4239913523197174,-0.012838099151849747,0.7266207337379456,0.44769737124443054,-0.016477447003126144,0.7454060912132263,0.445433109998703,0.0007994724437594414,0.7448102235794067,0.39740657806396484,-0.009054092690348625,0.7389341592788696,0.4280896782875061,-0.01206910889595747,0.7387056946754456,0.45397305488586426,-0.01171531155705452,0.7587037682533264,0.45100677013397217,-0.003433527424931526,0.7590847015380859,0.4062402546405792,-0.01152841467410326,0.7525008320808411,0.4337456524372101,-0.010309651494026184,0.7515163421630859,0.4598262310028076,-0.007121321279555559,0.7729799747467041,0.4636443555355072,-0.008824641816318035,0.7708922624588013,0.4298369288444519,-0.014086374081671238,0.7636529207229614,0.44282829761505127,-0.013710741885006428,0.7607991099357605,0.46236276626586914,-0.012083541601896286,0.32503750920295715,0.22633205354213715,-1.724987299667191e-07,0.30818724632263184,0.21012747287750244,-0.0052450867369771,0.2996836006641388,0.1827966570854187,-0.00863390602171421,0.3040226101875305,0.16183021664619446,-0.012473449110984802,0.31308871507644653,0.15186822414398193,-0.01512850634753704,0.30618035793304443,0.1427755504846573,-0.005537526216357946,0.3045607805252075,0.10492774844169617,-0.014566820114850998,0.30138856172561646,0.11463548988103867,-0.01862451434135437,0.3003196716308594,0.1376822590827942,-0.019533075392246246,0.32061898708343506,0.14076463878154755,-0.006561101879924536,0.31921127438545227,0.09365302324295044,-0.016454756259918213,0.31565940380096436,0.10845943540334702,-0.018181171268224716,0.31546780467033386,0.13492032885551453,-0.016445081681013107,0.3355098366737366,0.14809103310108185,-0.008765257894992828,0.3350558876991272,0.11182224750518799,-0.017467323690652847,0.3318105638027191,0.1250002533197403,-0.016411863267421722,0.33190497756004333,0.14482374489307404,-0.0129938255995512,0.34982728958129883,0.16223999857902527,-0.011412686668336391,0.3491513729095459,0.1361614465713501,-0.016747448593378067,0.3455200493335724,0.1428152173757553,-0.015679070726037025,0.34484127163887024,0.15790274739265442,-0.013135182671248913
15,0.7523422837257385,0.5585190057754517,-2.1520897064419842e-07,0.7313480377197266,0.5315372943878174,-0.005425290670245886,0.7196822166442871,0.4926464855670929,-0.00877942331135273,0.7302421927452087,0.46931952238082886,-0.013776886276900768,0.745858907699585,0.48042792081832886,-0.017344608902931213,0.7323247790336609,0.4454871416091919,0.00292745023034513,0.7313964366912842,0.40044593811035156,-0.006372213829308748,0.7267239093780518,0.4239913523197174,-0.012838099151849747,0.7266207337379456,0.44769737124443054,-0.016477447003126144,0.7454060912132263,0.445433109998703,0.0007994724437594414,0.7448102235794067,0.39740657806396484,-0.009054092690348625,0.7389341592788696,0.4280896782875061,-0.01206910889595747,0.7387056946754456,0.45397305488586426,-0.01171531155705452,0.7587037682533264,0.45100677013397217,-0.003433527424931526,0.7590847015380859,0.4062402546405792,-0.01152841467410326,0.7525008320808411,0.4337456524372101,-0.010309651494026184,0.7515163421630859,0.4598262310028076,-0.007121321279555559,0.7729799747467041,0.4636443555355072,-0.008824641816318035,0.7708922624588013,0.4298369288444519,-0.014086374081671238,0.7636529207229614,0.44282829761505127,-0.013710741885006428,0.7607991099357605,0.46236276626586914,-0.012083541601896286,0.32503750920295715,0.22633205354213715,-1.724987299667191e-07,0.30818724632263184,0.21012747287750244,-0.0052450867369771,0.2996836006641388,0.1827966570854187,-0.00863390602171421,0.3040226101875305,0.16183021664619446,-0.012473449110984802,0.31308871507644653,0.15186822414398193,-0.01512850634753704,0.30618035793304443,0.1427755504846573,-0.005537526216357946,0.3045607805252075,0.10492774844169617,-0.014566820114850998,0.30138856172561646,0.11463548988103867,-0.01862451434135437,0.3003196716308594,0.1376822590827942,-0.019533075392246246,0.32061898708343506,0.14076463878154755,-0.006561101879924536,0.31921127438545227,0.09365302324295044,-0.016454756259918213,0.31565940380096436,0.10845943540334702,-0.018181171268224716,0.31546780467033386,0.13492032885551453,-0.016445081681013107,0.3355098366737366,0.14809103310108185,-0.008765257894992828,0.3350558876991272,0.11182224750518799,-0.017467323690652847,0.3318105638027191,0.1250002533197403,-0.016411863267421722,0.33190497756004333,0.14482374489307404,-0.0129938255995512,0.34982728958129883,0.16223999857902527,-0.011412686668336391,0.3491513729095459,0.1361614465713501,-0.016747448593378067,0.3455200493335724,0.1428152173757553,-0.015679070726037025,0.34484127163887024,0.15790274739265442,-0.013135182671248913
16,0.7515499591827393,0.5590535402297974,-2.1609857014937006e-07,0.7311215400695801,0.5318657755851746,-0.005304182879626751,0.7197521924972534,0.4930925667285919,-0.008720441721379757,0.730270504951477,0.46924832463264465,-0.01381308026611805,0.7459648251533508,0.4794119596481323,-0.0175006166100502,0.732347309589386,0.446697473526001,0.0026325394865125418,0.731522262096405,0.4009445905685425,-0.006784467026591301,0.7269502282142639,0.42410409450531006,-0.01332149375230074,0.7268463373184204,0.448051780462265,-0.016961224377155304,0.7454341053962708,0.44672635197639465,0.00046515188296325505,0.745062530040741,0.39775559306144714,-0.009426618926227093,0.7392095923423767,0.42800968885421753,-0.012568246573209763,0.7389886379241943,0.45404013991355896,-0.01233940664678812,0.7588124871253967,0.4522370994091034,-0.0037585983518511057,0.7595747113227844,0.4062685966491699,-0.011797590181231499,0.7527941465377808,0.4332333207130432,-0.010650359094142914,0.7516534328460693,0.4595862925052643,-0.0075599430128932,0.773108720779419,0.46478474140167236,-0.009122971445322037,0.771356999874115,0.43020206689834595,-0.014293049462139606,0.7639520764350891,0.44266754388809204,-0.013932613655924797,0.7609303593635559,0.46246781945228577,-0.012355110608041286,0.3196865916252136,0.1967012882232666,-1.707912957726876e-07,0.30653461813926697,0.18096643686294556,-0.006311016622930765,0.29859134554862976,0.15735000371932983,-0.012140349484980106,0.2960425913333893,0.14325574040412903,-0.018245281651616096,0.29833295941352844,0.13494710624217987,-0.023884344846010208,0.30979955196380615,0.13410495221614838,-0.013323825784027576,0.30775585770606995,0.10188424587249756,-0.023761188611388206,0.30217230319976807,0.11338654160499573,-0.028810661286115646,0.29916197061538696,0.13638415932655334,-0.030530110001564026,0.3227848410606384,0.1377716362476349,-0.014615693129599094,0.32093700766563416,0.09793418645858765,-0.025234246626496315,0.3148551881313324,0.11208795756101608,-0.02754972316324711,0.312899649143219,0.1359986513853073,-0.027076229453086853,0.3355585038661957,0.14772719144821167,-0.016653239727020264,0.33510565757751465,0.11252018064260483,-0.025537829846143723,0.3296946585178375,0.12581856548786163,-0.024272795766592026,0.3281935453414917,0.14554940164089203,-0.02152983844280243,0.34773963689804077,0.16247756779193878,-0.019162878394126892,0.3483644425868988,0.13754446804523468,-0.025494446977972984,0.3441842496395111,0.14271089434623718,-0.02466398850083351,0.3423347473144531,0.15621578693389893,-0.022733189165592194
17,0.7515836358070374,0.5594863295555115,-2.231503799521306e-07,0.7311564087867737,0.5320895314216614,-0.005339105147868395,0.7198069095611572,0.4929339587688446,-0.00917478371411562,0.7304998636245728,0.4695114493370056,-0.014680587686598301,0.7463589906692505,0.4804938733577728,-0.01874263770878315,0.7324549555778503,0.4463386833667755,0.0017062502447515726,0.7314660549163818,0.3998805582523346,-0.008342519402503967,0.7268665432929993,0.42391717433929443,-0.015226518735289574,0.7266048192977905,0.44858843088150024,-0.01897936500608921,0.745554506778717,0.4469012916088104,-0.0004913535667583346,0.7446288466453552,0.3979341983795166,-0.01066362764686346,0.738900363445282,0.42882323265075684,-0.01365350466221571,0.7386389970779419,0.4551936089992523,-0.013337243348360062,0.7589387893676758,0.4525071382522583,-0.004751489497721195,0.7592155933380127,0.4057782292366028,-0.012763150036334991,0.7525146007537842,0.43280482292175293,-0.011307270266115665,0.7514004111289978,0.45944133400917053,-0.008080163039267063,0.7733705639839172,0.4649597704410553,-0.010176464915275574,0.7710405588150024,0.4298972189426422,-0.015340225771069527,0.7638301253318787,0.4421602189540863,-0.014901211485266685,0.760907769203186,0.4621139168739319,-0.013269280083477497,0.3205903172492981,0.20202189683914185,-1.855473357181836e-07,0.30564701557159424,0.18453386425971985,-0.003704582806676626,0.29673251509666443,0.16254644095897675,-0.007292720023542643,0.29464244842529297,0.14815041422843933,-0.0117715522646904,0.2969825565814972,0.13710302114486694,-0.015709392726421356,0.30834314227104187,0.13342322409152985,-0.007077679503709078,0.306871235370636,0.10324977338314056,-0.016483571380376816,0.3016253411769867,0.11231783032417297,-0.020818641409277916,0.29826709628105164,0.13470736145973206,-0.021909890696406364,0.32137784361839294,0.13401469588279724,-0.009401805698871613,0.3196115493774414,0.0937403067946434,-0.01991669088602066,0.3146655261516571,0.10839462280273438,-0.021926382556557655,0.3131800889968872,0.13433648645877838,-0.02047598361968994,0.33476367592811584,0.14191284775733948,-0.012589218094944954,0.3336590826511383,0.110208660364151,-0.021552758291363716,0.3299339711666107,0.12527213990688324,-0.01997128129005432,0.32976233959198,0.1459093540906906,-0.01629628613591194,0.34789660573005676,0.15558084845542908,-0.016112040728330612,0.34793755412101746,0.13181030750274658,-0.02235274575650692,0.34414002299308777,0.139105424284935,-0.021120332181453705,0.343075692653656,0.15401168167591095,-0.018350807949900627
18,0.7515836358070374,0.5594863295555115,-2.231503799521306e-07,0.7311564087867737,0.5320895314216614,-0.005339105147868395,0.7198069095611572,0.4929339587688446,-0.00917478371411562,0.7304998636245728,0.4695114493370056,-0.014680587686598301,0.7463589906692505,0.4804938733577728,-0.01874263770878315,0.7324549555778503,0.4463386833667755,0.0017062502447515726,0.7314660549163818,0.3998805582523346,-0.008342519402503967,0.7268665432929993,0.42391717433929443,-0.015226518735289574,0.7266048192977905,0.44858843088150024,-0.01897936500608921,0.745554506778717,0.4469012916088104,-0.0004913535667583346,0.7446288466453552,0.3979341983795166,-0.01066362764686346,0.738900363445282,0.42882323265075684,-0.01365350466221571,0.7386389970779419,0.4551936089992523,-0.013337243348360062,0.7589387893676758,0.4525071382522583,-0.004751489497721195,0.7592155933380127,0.4057782292366028,-0.012763150036334991,0.7525146007537842,0.43280482292175293,-0.011307270266115665,0.7514004111289978,0.45944133400917053,-0.008080163039267063,0.7733705639839172,0.4649597704410553,-0.010176464915275574,0.7710405588150024,0.4298972189426422,-0.015340225771069527,0.7638301253318787,0.4421602189540863,-0.014901211485266685,0.760907769203186,0.4621139168739319,-0.013269280083477497,0.3205903172492981,0.20202189683914185,-1.855473357181836e-07,0.30564701557159424,0.18453386425971985,-0.003704582806676626,0.29673251509666443,0.16254644095897675,-0.007292720023542643,0.29464244842529297,0.14815041422843933,-0.0117715522646904,0.2969825565814972,0.13710302114486694,-0.015709392726421356,0.30834314227104187,0.13342322409152985,-0.007077679503709078,0.306871235370636,0.10324977338314056,-0.016483571380376816,0.3016253411769867,0.11231783032417297,-0.020818641409277916,0.29826709628105164,0.13470736145973206,-0.021909890696406364,0.32137784361839294,0.13401469588279724,-0.009401805698871613,0.3196115493774414,0.0937403067946434,-0.01991669088602066,0.3146655261516571,0.10839462280273438,-0.021926382556557655,0.3131800889968872,0.13433648645877838,-0.02047598361968994,0.33476367592811584,0.14191284775733948,-0.012589218094944954,0.3336590826511383,0.110208660364151,-0.021552758291363716,0.3299339711666107,0.12527213990688324,-0.01997128129005432,0.32976233959198,0.1459093540906906,-0.01629628613591194,0.34789660573005676,0.15558084845542908,-0.016112040728330612,0.34793755412101746,0.13181030750274658,-0.02235274575650692,0.34414002299308777,0.139105424284935,-0.021120332181453705,0.343075692653656,0.15401168167591095,-0.018350807949900627
19,0.752350389957428,0.5599997639656067,-2.20356170643754e-07,0.7314120531082153,0.5321215391159058,-0.0052007706835865974,0.719615638256073,0.4930099546909332,-0.008663089014589787,0.730182945728302,0.46879419684410095,-0.013819943182170391,0.7460307478904724,0.4803417921066284,-0.01747332140803337,0.7319480776786804,0.4467204809188843,0.002896236488595605,0.7312086820602417,0.40001577138900757,-0.006796503905206919,0.7265878915786743,0.42394569516181946,-0.01346930768340826,0.7264639735221863,0.4481675624847412,-0.017131103202700615,0.7451342344284058,0.44694679975509644,0.0007392305415123701,0.7445608377456665,0.39763587713241577,-0.009259669110178947,0.738663375377655,0.4288339614868164,-0.012177753262221813,0.7385104894638062,0.45489850640296936,-0.01174332108348608,0.7585453987121582,0.45233988761901855,-0.003532080678269267,0.7591740489006042,0.40587592124938965,-0.011558937840163708,0.7523876428604126,0.43352222442626953,-0.010031183250248432,0.7513946294784546,0.46009504795074463,-0.006647714879363775,0.7729796767234802,0.4648585319519043,-0.00896306149661541,0.7710244059562683,0.43004417419433594,-0.014053569175302982,0.7637894749641418,0.44291770458221436,-0.013494571670889854,0.7609987258911133,0.4629151225090027,-0.011737513355910778,0.320705771446228,0.21812301874160767,-1.7662168261267652e-07,0.30447283387184143,0.20258653163909912,-0.003862320212647319,0.29493868350982666,0.17841139435768127,-0.0068815057165920734,0.2945173978805542,0.1578454077243805,-0.01079125888645649,0.29860952496528625,0.1430405080318451,-0.013719781301915646,0.30498024821281433,0.13970719277858734,-0.004218691494315863,0.3032696843147278,0.10309691727161407,-0.013106968253850937,0.29989755153656006,0.1126660481095314,-0.017216602340340614,0.2983667850494385,0.1351051777601242,-0.017995411530137062,0.31876111030578613,0.1380578726530075,-0.005859494674950838,0.31756871938705444,0.09190887212753296,-0.015454179607331753,0.31402111053466797,0.10786305367946625,-0.017194924876093864,0.31355443596839905,0.13487617671489716,-0.015319484286010265,0.3328571617603302,0.1453825682401657,-0.008585833944380283,0.3333178758621216,0.10750757902860641,-0.017067639157176018,0.3293435275554657,0.1221964955329895,-0.015359041281044483,0.3284657299518585,0.14400207996368408,-0.011185582727193832,0.34660306572914124,0.15984900295734406,-0.011684359982609749,0.3477506637573242,0.13290247321128845,-0.017255378887057304,0.34313511848449707,0.13750441372394562,-0.015915846452116966,0.3403371572494507,0.1521066427230835,-0.012716094963252544
20,0.7523155808448792,0.5592429041862488,-2.2333153992804e-07,0.7315122485160828,0.5327101945877075,-0.004703551530838013,0.7200571298599243,0.4938581883907318,-0.00807423796504736,0.7304431200027466,0.47020187973976135,-0.013223064132034779,0.7456364631652832,0.48004844784736633,-0.01694401167333126,0.7307373881340027,0.4474526345729828,0.0024796701036393642,0.7304834127426147,0.4005166292190552,-0.007258816156536341,0.7264619469642639,0.4244658052921295,-0.01391675416380167,0.7263146042823792,0.4485204815864563,-0.017534686252474785,0.7443441152572632,0.4474618136882782,3.7182620872044936e-05,0.7442359924316406,0.39759930968284607,-0.009642456658184528,0.7392681837081909,0.42832469940185547,-0.012532982975244522,0.7389921545982361,0.4536440372467041,-0.012312841601669788,0.7581520080566406,0.4524926245212555,-0.004412699490785599,0.7591896057128906,0.40578392148017883,-0.011987866833806038,0.7529143691062927,0.4332418143749237,-0.010317792184650898,0.7515685558319092,0.45880812406539917,-0.00711063202470541,0.7727735638618469,0.4642447829246521,-0.009964145720005035,0.7712013125419617,0.42971840500831604,-0.014301112852990627,0.7638885974884033,0.4428307116031647,-0.013324825093150139,0.7607197165489197,0.4619688093662262,-0.011578111909329891,0.32091668248176575,0.21314120292663574,-1.820262269802697e-07,0.3040754795074463,0.1967654824256897,-0.002619998762384057,0.29496386647224426,0.17477770149707794,-0.004560781642794609,0.2951006293296814,0.15657144784927368,-0.007622351869940758,0.30087488889694214,0.1459188312292099,-0.009769267402589321,0.30629462003707886,0.13743217289447784,-4.591979450196959e-05,0.3041098713874817,0.1028011292219162,-0.007518577855080366,0.2996211647987366,0.10869195312261581,-0.011647404171526432,0.29739007353782654,0.1274954080581665,-0.012780609540641308,0.31944483518600464,0.13691997528076172,-0.0018183296779170632,0.31833067536354065,0.09318238496780396,-0.01039155013859272,0.3133474886417389,0.10544204711914062,-0.012861082330346107,0.31213903427124023,0.1301363855600357,-0.011777274310588837,0.3328523635864258,0.1448974758386612,-0.004698446486145258,0.3334265351295471,0.10755142569541931,-0.012026820331811905,0.32873883843421936,0.1167297214269638,-0.011165897361934185,0.3277072012424469,0.13597004115581512,-0.007856542244553566,0.34601449966430664,0.15997911989688873,-0.007894479669630527,0.3485194742679596,0.13315778970718384,-0.012425646185874939,0.34451431035995483,0.13273727893829346,-0.011526850052177906,0.342296838760376,0.14338171482086182,-0.008921895176172256
21,0.7520437836647034,0.5602009892463684,-2.3085820544110902e-07,0.7311281561851501,0.5332096219062805,-0.004782308358699083,0.7196637392044067,0.4932396113872528,-0.008167940191924572,0.730562686920166,0.4683651924133301,-0.013352706097066402,0.7462158203125,0.47934067249298096,-0.017011528834700584,0.7304965853691101,0.4472270607948303,0.0026513098273426294,0.7298952341079712,0.4000047445297241,-0.007364936638623476,0.7260425090789795,0.4255501627922058,-0.013972344808280468,0.7262595295906067,0.45040616393089294,-0.017436955124139786,0.7441709041595459,0.44705823063850403,0.00023256517306435853,0.7438709735870361,0.39711347222328186,-0.009968823753297329,0.7389965057373047,0.4290449917316437,-0.012564622797071934,0.7388247847557068,0.4548545181751251,-0.011868482455611229,0.7580821514129639,0.4517422616481781,-0.0042820521630346775,0.7587429881095886,0.40549853444099426,-0.012195425108075142,0.7525423169136047,0.43369024991989136,-0.010156028904020786,0.7514420747756958,0.45932263135910034,-0.0064776199869811535,0.7728562355041504,0.4630042612552643,-0.009938260540366173,0.7710164785385132,0.4282548725605011,-0.014212341979146004,0.7636920213699341,0.44204142689704895,-0.012974546290934086,0.7606821656227112,0.461643785238266,-0.010948890820145607,0.3214013874530792,0.21711446344852448,-1.7415206343684986e-07,0.3048482835292816,0.2011624127626419,-0.005286309868097305,0.2958890199661255,0.17823636531829834,-0.00907206628471613,0.29782184958457947,0.15971244871616364,-0.013558709993958473,0.30438342690467834,0.14752297103405,-0.017039703205227852,0.30520957708358765,0.13762669265270233,-0.004168394487351179,0.30315911769866943,0.10139100253582001,-0.013152636587619781,0.2993168234825134,0.10978149622678757,-0.018090467900037766,0.2974761426448822,0.13074593245983124,-0.019763626158237457,0.3189859092235565,0.13690751791000366,-0.005350499879568815,0.31743454933166504,0.09186235070228577,-0.015308081172406673,0.31303882598876953,0.10752396285533905,-0.018503999337553978,0.3122696280479431,0.1341637521982193,-0.01805354654788971,0.33295390009880066,0.14474207162857056,-0.0077874669805169106,0.33331698179244995,0.10718511790037155,-0.016417093575000763,0.3291105031967163,0.11950133740901947,-0.016337761655449867,0.3281324803829193,0.14036434888839722,-0.01374862715601921,0.34683170914649963,0.1597108095884323,-0.010726356878876686,0.34826695919036865,0.1334242969751358,-0.016353631392121315,0.3442651331424713,0.13624975085258484,-0.0161599013954401,0.34204360842704773,0.14876574277877808,-0.014279804192483425
22,0.7520437836647034,0.5602009892463684,-2.3085820544110902e-07,0.7311281561851501,0.5332096219062805,-0.004782308358699083,0.7196637392044067,0.4932396113872528,-0.008167940191924572,0.730562686920166,0.4683651924133301,-0.013352706097066402,0.7462158203125,0.47934067249298096,-0.017011528834700584,0.7304965853691101,0.4472270607948303,0.0026513098273426294,0.7298952341079712,0.4000047445297241,-0.007364936638623476,0.7260425090789795,0.4255501627922058,-0.013972344808280468,0.7262595295906067,0.45040616393089294,-0.017436955124139786,0.7441709041595459,0.44705823063850403,0.00023256517306435853,0.7438709735870361,0.39711347222328186,-0.009968823753297329,0.7389965057373047,0.4290449917316437,-0.012564622797071934,0.7388247847557068,0.4548545181751251,-0.011868482455611229,0.7580821514129639,0.4517422616481781,-0.0042820521630346775,0.7587429881095886,0.40549853444099426,-0.012195425108075142,0.7525423169136047,0.43369024991989136,-0.010156028904020786,0.7514420747756958,0.45932263135910034,-0.0064776199869811535,0.7728562355041504,0.4630042612552643,-0.009938260540366173,0.7710164785385132,0.4282548725605011,-0.014212341979146004,0.7636920213699341,0.44204142689704895,-0.012974546290934086,0.7606821656227112,0.461643785238266,-0.010948890820145607,0.3214013874530792,0.21711446344852448,-1.7415206343684986e-07,0.3048482835292816,0.2011624127626419,-0.005286309868097305,0.2958890199661255,0.17823636531829834,-0.00907206628471613,0.29782184958457947,0.15971244871616364,-0.013558709993958473,0.30438342690467834,0.14752297103405,-0.017039703205227852,0.30520957708358765,0.13762669265270233,-0.004168394487351179,0.30315911769866943,0.10139100253582001,-0.013152636587619781,0.2993168234825134,0.10978149622678757,-0.018090467900037766,0.2974761426448822,0.13074593245983124,-0.019763626158237457,0.3189859092235565,0.13690751791000366,-0.005350499879568815,0.31743454933166504,0.09186235070228577,-0.015308081172406673,0.31303882598876953,0.10752396285533905,-0.018503999337553978,0.3122696280479431,0.1341637521982193,-0.01805354654788971,0.33295390009880066,0.14474207162857056,-0.0077874669805169106,0.33331698179244995,0.10718511790037155,-0.016417093575000763,0.3291105031967163,0.11950133740901947,-0.016337761655449867,0.3281324803829193,0.14036434888839722,-0.01374862715601921,0.34683170914649963,0.1597108095884323,-0.010726356878876686,0.34826695919036865,0.1334242969751358,-0.016353631392121315,0.3442651331424713,0.13624975085258484,-0.0161599013954401,0.34204360842704773,0.14876574277877808,-0.014279804192483425
23,0.753407895565033,0.5608593225479126,-2.180977816124141e-07,0.7320359349250793,0.533129096031189,-0.0052907406352460384,0.7197422981262207,0.4933607280254364,-0.008824101649224758,0.7297524213790894,0.4686526358127594,-0.014035137370228767,0.7454965710639954,0.4805212616920471,-0.01782323233783245,0.7321562767028809,0.4464472234249115,0.0026675208937376738,0.7308928370475769,0.4009324312210083,-0.006860966328531504,0.7264241576194763,0.42490893602371216,-0.013466873206198215,0.7265978455543518,0.44898462295532227,-0.017213115468621254,0.7454222440719604,0.44620072841644287,0.0003554730792529881,0.7443576455116272,0.39745089411735535,-0.009733181446790695,0.7386824488639832,0.42823415994644165,-0.012834708206355572,0.7386916279792786,0.45432576537132263,-0.012540380470454693,0.7589554786682129,0.4513947367668152,-0.004048624541610479,0.7587404847145081,0.40592941641807556,-0.012188221327960491,0.7523018717765808,0.43317416310310364,-0.011048574000597,0.7515431642532349,0.45951902866363525,-0.007939411327242851,0.7734726667404175,0.4636944532394409,-0.00961024034768343,0.7706325650215149,0.42928534746170044,-0.014760276302695274,0.7634063363075256,0.44225937128067017,-0.014432279393076897,0.7608615159988403,0.46221405267715454,-0.012905051000416279,0.32184305787086487,0.2194094955921173,-1.6949007886069012e-07,0.30544933676719666,0.2029363065958023,-0.005706443451344967,0.29750311374664307,0.17896044254302979,-0.009182983078062534,0.30117493867874146,0.16056793928146362,-0.013233508914709091,0.309226393699646,0.14974826574325562,-0.01607867330312729,0.3055611848831177,0.13740238547325134,-0.004298917483538389,0.3033645749092102,0.10092541575431824,-0.013617897406220436,0.29967647790908813,0.10965617746114731,-0.018402574583888054,0.2979324162006378,0.13220930099487305,-0.019698088988661766,0.3194914162158966,0.13680897653102875,-0.0051290844567120075,0.31779494881629944,0.09245488792657852,-0.015302860178053379,0.3137417733669281,0.10688860714435577,-0.01811733841896057,0.3130371570587158,0.13400697708129883,-0.017129499465227127,0.3333914875984192,0.14503298699855804,-0.007332000881433487,0.33382734656333923,0.10858339071273804,-0.01639034040272236,0.3295964002609253,0.12065055966377258,-0.015878448262810707,0.3285709321498871,0.14178034663200378,-0.012598186731338501,0.3470565676689148,0.16005943715572357,-0.010079031810164452,0.3483718931674957,0.13368791341781616,-0.016199419274926186,0.3441848158836365,0.13631485402584076,-0.01591120846569538,0.34186193346977234,0.1494113802909851,-0.013589030131697655
24,0.7511053085327148,0.5603145956993103,-2.2077760775118804e-07,0.7310084104537964,0.5318905115127563,-0.005331496242433786,0.7196369171142578,0.4935220181941986,-0.009240538813173771,0.7300809621810913,0.469220906496048,-0.014805172570049763,0.7455391883850098,0.47937679290771484,-0.018862877041101456,0.7316750884056091,0.4455956220626831,0.002231066348031163,0.7308663725852966,0.3990912139415741,-0.007770173717290163,0.7264589071273804,0.4240776300430298,-0.01463495846837759,0.7264984846115112,0.4486115276813507,-0.018415972590446472,0.7447165250778198,0.44609877467155457,-0.00010183575068367645,0.7440283894538879,0.39699727296829224,-0.010476209223270416,0.7387003302574158,0.4281866252422333,-0.013560337945818901,0.7385018467903137,0.4540911614894867,-0.013238569721579552,0.7582597732543945,0.45165514945983887,-0.004530056845396757,0.7584302425384521,0.404961496591568,-0.012785653583705425,0.7521348595619202,0.4324567914009094,-0.011286121793091297,0.7511271238327026,0.458313912153244,-0.007954008877277374,0.772764265537262,0.46405959129333496,-0.01011631265282631,0.7702762484550476,0.4292665123939514,-0.01534472219645977,0.7630995512008667,0.4430256485939026,-0.014726389199495316,0.7603164315223694,0.46323251724243164,-0.012943573296070099,0.320908784866333,0.21356026828289032,-1.6230130484018446e-07,0.30486977100372314,0.2004328966140747,-0.005127378273755312,0.294622540473938,0.17985904216766357,-0.00895655620843172,0.29273325204849243,0.16379563510417938,-0.01350871566683054,0.2951737642288208,0.15168114006519318,-0.017235683277249336,0.30487632751464844,0.13929569721221924,-0.005520598031580448,0.30288195610046387,0.10363958030939102,-0.014425426721572876,0.29927101731300354,0.11190532892942429,-0.01919296383857727,0.29761803150177,0.13301518559455872,-0.020741289481520653,0.3185468912124634,0.13825614750385284,-0.006749770604074001,0.3168138861656189,0.09391318261623383,-0.01646575517952442,0.3128604292869568,0.10878259688615799,-0.019330410286784172,0.31257376074790955,0.13459281623363495,-0.018783846870064735,0.33248791098594666,0.14601366221904755,-0.009119069203734398,0.33294758200645447,0.10868187248706818,-0.017734602093696594,0.32886621356010437,0.12064652889966965,-0.01774127222597599,0.32798922061920166,0.14103038609027863,-0.015259805135428905,0.3462344706058502,0.16074392199516296,-0.011928308755159378,0.34786584973335266,0.1346742957830429,-0.017835546284914017,0.3433409333229065,0.13798022270202637,-0.01766400970518589,0.34067296981811523,0.1513889729976654,-0.015769505873322487
25,0.7517396807670593,0.5600359439849854,-2.1676888195543143e-07,0.731043815612793,0.5310162305831909,-0.0048834048211574554,0.7195681929588318,0.4923505187034607,-0.008029148913919926,0.7301695942878723,0.4678483009338379,-0.012986191548407078,0.7461181282997131,0.47828853130340576,-0.01655936986207962,0.7319685816764832,0.4466037154197693,0.0038232868537306786,0.7309888601303101,0.3999324440956116,-0.005553205963224173,0.7261212468147278,0.42283669114112854,-0.012313399463891983,0.7261607646942139,0.4471912980079651,-0.016115963459014893,0.7448742389678955,0.4465346038341522,0.0014469986781477928,0.7444599270820618,0.3965524733066559,-0.00846728216856718,0.7382779121398926,0.4259190857410431,-0.011957824230194092,0.7383471131324768,0.4518773555755615,-0.011981691233813763,0.7582086324691772,0.45164376497268677,-0.0030153023544698954,0.7590844035148621,0.4044124186038971,-0.011144869029521942,0.7519903779029846,0.43061915040016174,-0.010325991548597813,0.7511366605758667,0.4572932720184326,-0.007434668019413948,0.7725480198860168,0.4638817608356476,-0.008603339083492756,0.7711902856826782,0.4280160367488861,-0.013750026933848858,0.763434648513794,0.4409720003604889,-0.013399522751569748,0.7605530023574829,0.46199843287467957,-0.011851582676172256,0.3206402659416199,0.21596477925777435,-1.612622213542636e-07,0.3038899004459381,0.2025977075099945,-0.004186305683106184,0.294333815574646,0.18225663900375366,-0.007106409873813391,0.29564282298088074,0.1655794233083725,-0.010676843114197254,0.30191224813461304,0.1550779938697815,-0.013176199048757553,0.3036381006240845,0.13943958282470703,-0.003533035283908248,0.30170637369155884,0.10401283949613571,-0.011662760749459267,0.29878154397010803,0.1109357625246048,-0.015721431002020836,0.29747334122657776,0.1310678869485855,-0.016742344945669174,0.31770604848861694,0.13817378878593445,-0.004755320027470589,0.3165513873100281,0.09293129295110703,-0.014080566354095936,0.3131745159626007,0.10575222969055176,-0.01653103716671467,0.31267571449279785,0.13103434443473816,-0.015468703582882881,0.33172494173049927,0.14608635008335114,-0.007095032837241888,0.33265379071235657,0.10882555693387985,-0.015525219030678272,0.32911938428878784,0.11748883873224258,-0.015349672175943851,0.3279286324977875,0.13623498380184174,-0.012416903860867023,0.3452291488647461,0.1612936556339264,-0.009754782542586327,0.3473728895187378,0.1346837729215622,-0.015131126157939434,0.34384885430336,0.13574208319187164,-0.014788694679737091,0.341571569442749,0.14747989177703857,-0.012585001066327095
26,0.7517396807670593,0.5600359439849854,-2.1676888195543143e-07,0.731043815612793,0.5310162305831909,-0.0048834048211574554,0.7195681929588318,0.4923505187034607,-0.008029148913919926,0.7301695942878723,0.4678483009338379,-0.012986191548407078,0.7461181282997131,0.47828853130340576,-0.01655936986207962,0.7319685816764832,0.4466037154197693,0.0038232868537306786,0.7309888601303101,0.3999324440956116,-0.005553205963224173,0.7261212468147278,0.42283669114112854,-0.012313399463891983,0.7261607646942139,0.4471912980079651,-0.016115963459014893,0.7448742389678955,0.4465346038341522,0.0014469986781477928,0.7444599270820618,0.3965524733066559,-0.00846728216856718,0.7382779121398926,0.4259190857410431,-0.011957824230194092,0.7383471131324768,0.4518773555755615,-0.011981691233813763,0.7582086324691772,0.45164376497268677,-0.0030153023544698954,0.7590844035148621,0.4044124186038971,-0.011144869029521942,0.7519903779029846,0.43061915040016174,-0.010325991548597813,0.7511366605758667,0.4572932720184326,-0.007434668019413948,0.7725480198860168,0.4638817608356476,-0.008603339083492756,0.7711902856826782,0.4280160367488861,-0.013750026933848858,0.763434648513794,0.4409720003604889,-0.013399522751569748,0.7605530023574829,0.46199843287467957,-0.011851582676172256,0.3206402659416199,0.21596477925777435,-1.612622213542636e-07,0.3038899004459381,0.2025977075099945,-0.004186305683106184,0.294333815574646,0.18225663900375366,-0.007106409873813391,0.29564282298088074,0.1655794233083725,-0.010676843114197254,0.30191224813461304,0.1550779938697815,-0.013176199048757553,0.3036381006240845,0.13943958282470703,-0.003533035283908248,0.30170637369155884,0.10401283949613571,-0.011662760749459267,0.29878154397010803,0.1109357625246048,-0.015721431002020836,0.29747334122657776,0.1310678869485855,-0.016742344945669174,0.31770604848861694,0.13817378878593445,-0.004755320027470589,0.3165513873100281,0.09293129295110703,-0.014080566354095936,0.3131745159626007,0.10575222969055176,-0.01653103716671467,0.31267571449279785,0.13103434443473816,-0.015468703582882881,0.33172494173049927,0.14608635008335114,-0.007095032837241888,0.33265379071235657,0.10882555693387985,-0.015525219030678272,0.32911938428878784,0.11748883873224258,-0.015349672175943851,0.3279286324977875,0.13623498380184174,-0.012416903860867023,0.3452291488647461,0.1612936556339264,-0.009754782542586327,0.3473728895187378,0.1346837729215622,-0.015131126157939434,0.34384885430336,0.13574208319187164,-0.014788694679737091,0.341571569442749,0.14747989177703857,-0.012585001066327095
27,0.7537908554077148,0.560294508934021,-2.2159559875944979e-07,0.7322137951850891,0.5324222445487976,-0.005213605705648661,0.7195967435836792,0.4925907254219055,-0.00846085511147976,0.7291305661201477,0.46720877289772034,-0.013464609161019325,0.7446125745773315,0.47757193446159363,-0.017000678926706314,0.7324886918067932,0.44471246004104614,0.003915999550372362,0.7304038405418396,0.39876362681388855,-0.005449066404253244,0.7254273891448975,0.42245614528656006,-0.012058098800480366,0.7258985042572021,0.44685208797454834,-0.015800705179572105,0.7454739212989807,0.4442209303379059,0.0016220358666032553,0.7435968518257141,0.3952500820159912,-0.00855653639882803,0.7374795079231262,0.42588892579078674,-0.011943540535867214,0.7379172444343567,0.4523603618144989,-0.011730675585567951,0.7590881586074829,0.4491313099861145,-0.0028228540904819965,0.7578125596046448,0.40343958139419556,-0.011240578256547451,0.7511032819747925,0.4312297999858856,-0.010318129323422909,0.7509042620658875,0.4581459164619446,-0.007220303639769554,0.7738263607025146,0.46128150820732117,-0.008411388844251633,0.770328164100647,0.4265139400959015,-0.013776250183582306,0.7628374695777893,0.44070693850517273,-0.013434909284114838,0.7607654333114624,0.4619693458080292,-0.011781228706240654,0.3195992112159729,0.19975633919239044,-1.658846287000415e-07,0.30310139060020447,0.1885538101196289,1.7914511772687547e-05,0.293285071849823,0.1743553876876831,0.00024218461476266384,0.291678249835968,0.15969432890415192,-0.0010274077067151666,0.29529207944869995,0.14726543426513672,-0.0015833229990676045,0.30319705605506897,0.1372993141412735,0.007087405305355787,0.30088886618614197,0.105924092233181,0.0027443894650787115,0.29871007800102234,0.1083657443523407,-0.0008764892118051648,0.29694458842277527,0.12452071160078049,-0.0020001621451228857,0.31703469157218933,0.13591128587722778,0.0052438462153077126,0.31614208221435547,0.09652188420295715,0.0003333022177685052,0.3133658766746521,0.1064479872584343,-0.002726934617385268,0.3119581341743469,0.12847770750522614,-0.0030302356462925673,0.33093613386154175,0.14228087663650513,0.0024295274633914232,0.3309587836265564,0.10914162546396255,-0.0014309207908809185,0.32777875661849976,0.11683174222707748,-0.0010511481668800116,0.32706815004348755,0.1345471888780594,0.0009539338643662632,0.34461596608161926,0.15638956427574158,-0.0005295612500049174,0.34717071056365967,0.13147562742233276,-0.0017770187696442008,0.3437815010547638,0.13180865347385406,0.0001063957461155951,0.3418176472187042,0.1425728052854538,0.0026216532569378614
28,0.7531828284263611,0.5593531131744385,-2.204523497084665e-07,0.7316097021102905,0.5316717624664307,-0.00510423444211483,0.719192385673523,0.49142691493034363,-0.007909553125500679,0.7290374040603638,0.46411722898483276,-0.012460924685001373,0.7446422576904297,0.4745112657546997,-0.015526422299444675,0.7318025231361389,0.4449652433395386,0.004412516951560974,0.7299365997314453,0.39849352836608887,-0.004577102605253458,0.7248360514640808,0.4223116636276245,-0.01085657812654972,0.7252744436264038,0.44662222266197205,-0.014362819492816925,0.7448083162307739,0.4442354142665863,0.002243172377347946,0.743523120880127,0.3944435715675354,-0.007708915043622255,0.7370946407318115,0.42482709884643555,-0.01078878901898861,0.7374237775802612,0.45105594396591187,-0.01028270274400711,0.7583367824554443,0.44904783368110657,-0.0020942501723766327,0.7580559253692627,0.40280449390411377,-0.010443026199936867,0.7509022355079651,0.4298820197582245,-0.009423253126442432,0.7504183650016785,0.45659926533699036,-0.006147919688373804,0.772780179977417,0.4608750343322754,-0.007572662550956011,0.7703680396080017,0.4254375398159027,-0.012783309444785118,0.7625486254692078,0.43896621465682983,-0.012374344281852245,0.7601206302642822,0.46023160219192505,-0.010655815713107586,0.31979238986968994,0.21038001775741577,-1.765698698363849e-07,0.30415967106819153,0.19573736190795898,-0.004410619847476482,0.2959502041339874,0.17489217221736908,-0.007338244002312422,0.29838454723358154,0.15842735767364502,-0.01113541703671217,0.3051667809486389,0.1504395306110382,-0.014119768515229225,0.3048126995563507,0.1293611079454422,-0.0006042821914888918,0.3017166256904602,0.09831055998802185,-0.0077376593835651875,0.29641082882881165,0.10819113254547119,-0.01212301291525364,0.29415810108184814,0.12970922887325287,-0.013685718178749084,0.3179079294204712,0.12856057286262512,-0.001811906578950584,0.31563037633895874,0.09176214039325714,-0.009713753126561642,0.3100525438785553,0.1061500608921051,-0.012773304246366024,0.3086797893047333,0.13023963570594788,-0.012585665099322796,0.33081507682800293,0.1360674798488617,-0.004287696909159422,0.3296906054019928,0.10660049319267273,-0.01138085126876831,0.32535403966903687,0.11924076080322266,-0.011558912694454193,0.3249049782752991,0.13914519548416138,-0.009456352330744267,0.34344202280044556,0.14997565746307373,-0.007214904762804508,0.3436630964279175,0.127557635307312,-0.011682825163006783,0.33981049060821533,0.1327049285173416,-0.011097369715571404,0.3386816680431366,0.14601221680641174,-0.009083030745387077
29,0.7528966069221497,0.5592711567878723,-2.1585161391612928e-07,0.7312507629394531,0.5315556526184082,-0.005129322409629822,0.7186707854270935,0.4911559224128723,-0.008080830797553062,0.7287055253982544,0.46377238631248474,-0.012706139124929905,0.7446798086166382,0.4760003685951233,-0.0157609973102808,0.7310463190078735,0.444624125957489,0.003987772855907679,0.7298822402954102,0.39807653427124023,-0.004973995499312878,0.7250216007232666,0.4222453534603119,-0.011107352562248707,0.7255229949951172,0.4464744031429291,-0.01455052848905325,0.7443252801895142,0.4443419277667999,0.0018310095183551311,0.7438191771507263,0.3941110670566559,-0.008039682172238827,0.7375876903533936,0.4245736002922058,-0.0108540253713727,0.737795352935791,0.450261652469635,-0.01022063847631216,0.7579699158668518,0.44946327805519104,-0.002471861196681857,0.7582155466079712,0.4032828211784363,-0.010518714785575867,0.7511731386184692,0.43028590083122253,-0.009119958616793156,0.7505951523780823,0.4563613533973694,-0.005688576493412256,0.772507905960083,0.4616612195968628,-0.007939835079014301,0.7704474329948425,0.42620691657066345,-0.012726112268865108,0.762682318687439,0.4396982789039612,-0.012072254903614521,0.7602798342704773,0.4605322480201721,-0.010301765985786915,0.3169390559196472,0.2094816267490387,-1.8230009857234108e-07,0.30176106095314026,0.19353601336479187,-0.001035391935147345,0.29381856322288513,0.17085424065589905,-0.0019554595928639174,0.29466745257377625,0.1503322422504425,-0.0042969826608896255,0.30131247639656067,0.1392863392829895,-0.0058920420706272125,0.30369552969932556,0.13264219462871552,0.005724248941987753,0.302728533744812,0.09905636310577393,0.0007778245490044355,0.29768094420433044,0.10430201888084412,-0.0030086939223110676,0.29488688707351685,0.12323802709579468,-0.004309036768972874,0.3162497282028198,0.1320444792509079,0.0038409950211644173,0.3146260678768158,0.09204127639532089,-0.0017270358512178063,0.3095846474170685,0.10219250619411469,-0.004922893829643726,0.3079795837402344,0.12437652796506882,-0.005201892927289009,0.328891396522522,0.1396825760602951,0.0008571281214244664,0.3280653953552246,0.10439495742321014,-0.004244743846356869,0.32413166761398315,0.11257855594158173,-0.004903030581772327,0.32352414727211,0.13113035261631012,-0.0034313101787120104,0.3415210247039795,0.15387287735939026,-0.002218799665570259,0.3421296179294586,0.1269417703151703,-0.004661819897592068,0.33907973766326904,0.1295979768037796,-0.003529971232637763,0.3382869064807892,0.14253799617290497,-0.0013740133726969361
30,0.7528966069221497,0.5592711567878723,-2.1585161391612928e-07,0.7312507629394531,0.5315556526184082,-0.005129322409629822,0.7186707854270935,0.4911559224128723,-0.008080830797553062,0.7287055253982544,0.46377238631248474,-0.012706139124929905,0.7446798086166382,0.4760003685951233,-0.0157609973102808,0.7310463190078735,0.444624125957489,0.003987772855907679,0.7298822402954102,0.39807653427124023,-0.004973995499312878,0.7250216007232666,0.4222453534603119,-0.011107352562248707,0.7255229949951172,0.4464744031429291,-0.01455052848905325,0.7443252801895142,0.4443419277667999,0.0018310095183551311,0.7438191771507263,0.3941110670566559,-0.008039682172238827,0.7375876903533936,0.4245736002922058,-0.0108540253713727,0.737795352935791,0.450261652469635,-0.01022063847631216,0.7579699158668518,0.44946327805519104,-0.002471861196681857,0.7582155466079712,0.4032828211784363,-0.010518714785575867,0.7511731386184692,0.43028590083122253,-0.009119958616793156,0.7505951523780823,0.4563613533973694,-0.005688576493412256,0.772507905960083,0.4616612195968628,-0.007939835079014301,0.7704474329948425,0.42620691657066345,-0.012726112268865108,0.762682318687439,0.4396982789039612,-0.012072254903614521,0.7602798342704773,0.4605322480201721,-0.010301765985786915,0.3169390559196472,0.2094816267490387,-1.8230009857234108e-07,0.30176106095314026,0.19353601336479187,-0.001035391935147345,0.29381856322288513,0.17085424065589905,-0.0019554595928639174,0.29466745257377625,0.1503322422504425,-0.0042969826608896255,0.30131247639656067,0.1392863392829895,-0.0058920420706272125,0.30369552969932556,0.13264219462871552,0.005724248941987753,0.302728533744812,0.09905636310577393,0.0007778245490044355,0.29768094420433044,0.10430201888084412,-0.0030086939223110676,0.29488688707351685,0.12323802709579468,-0.004309036768972874,0.3162497282028198,0.1320444792509079,0.0038409950211644173,0.3146260678768158,0.09204127639532089,-0.0017270358512178063,0.3095846474170685,0.10219250619411469,-0.004922893829643726,0.3079795837402344,0.12437652796506882,-0.005201892927289009,0.328891396522522,0.1396825760602951,0.0008571281214244664,0.3280653953552246,0.10439495742321014,-0.004244743846356869,0.32413166761398315,0.11257855594158173,-0.004903030581772327,0.32352414727211,0.13113035261631012,-0.0034313101787120104,0.3415210247039795,0.15387287735939026,-0.002218799665570259,0.3421296179294586,0.1269417703151703,-0.004661819897592068,0.33907973766326904,0.1295979768037796,-0.003529971232637763,0.3382869064807892,0.14253799617290497,-0.0013740133726969361
31,0.7523277401924133,0.5581976175308228,-2.2109939834535908e-07,0.7310997843742371,0.5313913822174072,-0.005503276363015175,0.7184630632400513,0.4907914102077484,-0.008545329794287682,0.7282924056053162,0.4641364514827728,-0.013169013895094395,0.7442305088043213,0.4750264286994934,-0.016253290697932243,0.7315998077392578,0.4435722231864929,0.003438421757891774,0.7299565672874451,0.3971627354621887,-0.005685190670192242,0.7247648239135742,0.4215216040611267,-0.011882156133651733,0.7250058054924011,0.44603583216667175,-0.01532420702278614,0.7446151375770569,0.4431684613227844,0.0014661647146567702,0.7431709170341492,0.39337438344955444,-0.00853382982313633,0.7367029190063477,0.42444103956222534,-0.011386770755052567,0.736977756023407,0.4505935609340668,-0.010728122666478157,0.7581552863121033,0.448331743478775,-0.00266370945610106,0.7576637864112854,0.40194767713546753,-0.011121838353574276,0.7504943013191223,0.4299089014530182,-0.009827871806919575,0.7500572800636292,0.45636892318725586,-0.006379314232617617,0.7726984620094299,0.4606306850910187,-0.007941496558487415,0.7701725959777832,0.42502668499946594,-0.013347038999199867,0.7622612714767456,0.43951424956321716,-0.01278245635330677,0.7598720192909241,0.46070489287376404,-0.010919349268078804,0.3133286237716675,0.21076446771621704,-1.9921854743643053e-07,0.2987913489341736,0.19366402924060822,-0.002070022514089942,0.291798859834671,0.17075470089912415,-0.004152362234890461,0.29286274313926697,0.15316537022590637,-0.007424830459058285,0.2985125780105591,0.1415357142686844,-0.009716887958347797,0.2998250722885132,0.1322082132101059,-0.0005835199845023453,0.2980425953865051,0.09657198935747147,-0.008958236314356327,0.2943672835826874,0.10733048617839813,-0.013264838606119156,0.2929752469062805,0.1300337016582489,-0.014346087351441383,0.31251540780067444,0.13103018701076508,-0.002981121651828289,0.3111933469772339,0.08676692843437195,-0.012509062886238098,0.30772820115089417,0.10521179437637329,-0.014868805184960365,0.3081025779247284,0.13063469529151917,-0.013485420495271683,0.32637184858322144,0.13847525417804718,-0.006423750426620245,0.32586559653282166,0.10383141785860062,-0.014094710350036621,0.32255879044532776,0.12054657936096191,-0.012712331488728523,0.32338982820510864,0.1394721418619156,-0.009193693287670612,0.3403002917766571,0.15262310206890106,-0.010070019401609898,0.3405415415763855,0.12529747188091278,-0.013712822459638119,0.3366991877555847,0.13383011519908905,-0.01134053897112608,0.33636465668678284,0.14860934019088745,-0.007986840792000294
32,0.751715898513794,0.5586363077163696,-2.2472497107628442e-07,0.7303833365440369,0.5306087732315063,-0.004716338124126196,0.7183698415756226,0.4903298616409302,-0.007367387413978577,0.7282944321632385,0.46388688683509827,-0.011843524873256683,0.7439479231834412,0.473638117313385,-0.014909026212990284,0.7312782406806946,0.4444528818130493,0.004644428845494986,0.7297939658164978,0.39751720428466797,-0.00419576233252883,0.7245839238166809,0.42097195982933044,-0.010444190353155136,0.7247554063796997,0.44540464878082275,-0.013924932107329369,0.744340717792511,0.4438863694667816,0.0024171050172299147,0.7430781722068787,0.39351484179496765,-0.007176882587373257,0.7367185950279236,0.42379117012023926,-0.010380537249147892,0.73701012134552,0.45026376843452454,-0.010105921886861324,0.7579665780067444,0.44885554909706116,-0.0018990386743098497,0.757482647895813,0.401016503572464,-0.009907769970595837,0.7505406141281128,0.42869696021080017,-0.008929478004574776,0.7501753568649292,0.45599719882011414,-0.005852680653333664,0.7725142240524292,0.46085092425346375,-0.0072983643040061,0.7698369026184082,0.4249606430530548,-0.012422824278473854,0.7622759938240051,0.4388576149940491,-0.012015135958790779,0.7601363062858582,0.460270494222641,-0.010340194217860699,0.3122078776359558,0.19569504261016846,-1.8429058457059e-07,0.2987534701824188,0.17563796043395996,0.0006659820792265236,0.2927585244178772,0.15319207310676575,0.0014526977902278304,0.2928330600261688,0.13651995360851288,0.0008566159522160888,0.2970593571662903,0.12669683992862701,0.0007772649987600744,0.3007166087627411,0.12815119326114655,0.007032804191112518,0.2982822060585022,0.10173395276069641,0.002573250327259302,0.29452940821647644,0.1044023409485817,-0.00137182860635221,0.2914714217185974,0.12031292170286179,-0.0027762127574533224,0.31304484605789185,0.1302987039089203,0.004886524751782417,0.31133297085762024,0.09368987381458282,-0.0003700575907714665,0.3077685534954071,0.10231311619281769,-0.004222658462822437,0.30569058656692505,0.12238243222236633,-0.005159136839210987,0.3258836567401886,0.13889434933662415,0.0018969329539686441,0.3257273733615875,0.10701391100883484,-0.0025350628420710564,0.32270029187202454,0.11283113807439804,-0.003841184079647064,0.3214605748653412,0.12809613347053528,-0.0030665190424770117,0.33859559893608093,0.15325307846069336,-0.0010160347446799278,0.34036001563072205,0.12791307270526886,-0.0026026852428913116,0.3376315236091614,0.12780076265335083,-0.0015915458789095283,0.33603447675704956,0.1364591419696808,8.506303856847808e-05
33,0.751715898513794,0.5586363077163696,-2.2472497107628442e-07,0.7303833365440369,0.5306087732315063,-0.004716338124126196,0.7183698415756226,0.4903298616409302,-0.007367387413978577,0.7282944321632385,0.46388688683509827,-0.011843524873256683,0.7439479231834412,0.473638117313385,-0.014909026212990284,0.7312782406806946,0.4444528818130493,0.004644428845494986,0.7297939658164978,0.39751720428466797,-0.00419576233252883,0.7245839238166809,0.42097195982933044,-0.010444190353155136,0.7247554063796997,0.44540464878082275,-0.013924932107329369,0.744340717792511,0.4438863694667816,0.0024171050172299147,0.7430781722068787,0.39351484179496765,-0.007176882587373257,0.7367185950279236,0.42379117012023926,-0.010380537249147892,0.73701012134552,0.45026376843452454,-0.010105921886861324,0.7579665780067444,0.44885554909706116,-0.0018990386743098497,0.757482647895813,0.401016503572464,-0.009907769970595837,0.7505406141281128,0.42869696021080017,-0.008929478004574776,0.7501753568649292,0.45599719882011414,-0.005852680653333664,0.7725142240524292,0.46085092425346375,-0.0072983643040061,0.7698369026184082,0.4249606430530548,-0.012422824278473854,0.7622759938240051,0.4388576149940491,-0.012015135958790779,0.7601363062858582,0.460270494222641,-0.010340194217860699,0.3122078776359558,0.19569504261016846,-1.8429058457059e-07,0.2987534701824188,0.17563796043395996,0.0006659820792265236,0.2927585244178772,0.15319207310676575,0.0014526977902278304,0.2928330600261688,0.13651995360851288,0.0008566159522160888,0.2970593571662903,0.12669683992862701,0.0007772649987600744,0.3007166087627411,0.12815119326114655,0.007032804191112518,0.2982822060585022,0.10173395276069641,0.002573250327259302,0.29452940821647644,0.1044023409485817,-0.00137182860635221,0.2914714217185974,0.12031292170286179,-0.0027762127574533224,0.31304484605789185,0.1302987039089203,0.004886524751782417,0.31133297085762024,0.09368987381458282,-0.0003700575907714665,0.3077685534954071,0.10231311619281769,-0.004222658462822437,0.30569058656692505,0.12238243222236633,-0.005159136839210987,0.3258836567401886,0.13889434933662415,0.0018969329539686441,0.3257273733615875,0.10701391100883484,-0.0025350628420710564,0.32270029187202454,0.11283113807439804,-0.003841184079647064,0.3214605748653412,0.12809613347053528,-0.0030665190424770117,0.33859559893608093,0.15325307846069336,-0.0010160347446799278,0.34036001563072205,0.12791307270526886,-0.0026026852428913116,0.3376315236091614,0.12780076265335083,-0.0015915458789095283,0.33603447675704956,0.1364591419696808,8.506303856847808e-05
34,0.7511276602745056,0.5566287040710449,-2.042963700432665e-07,0.730843186378479,0.530579149723053,-0.006132352165877819,0.7188881039619446,0.49021071195602417,-0.009556540288031101,0.7283331155776978,0.46370017528533936,-0.014467990957200527,0.7440280914306641,0.4742319881916046,-0.017914026975631714,0.7319233417510986,0.4436683654785156,0.002248945413157344,0.7307012677192688,0.3973832130432129,-0.006886011455208063,0.7260024547576904,0.4202679693698883,-0.012865843251347542,0.7261226177215576,0.4447275996208191,-0.016054511070251465,0.744929313659668,0.44327327609062195,0.0004273632657714188,0.7441933155059814,0.39369139075279236,-0.0097702881321311,0.7380078434944153,0.4235701560974121,-0.012794005684554577,0.7380197048187256,0.44988253712654114,-0.012147814966738224,0.7580808997154236,0.44875314831733704,-0.0035053775645792484,0.7587482929229736,0.402579665184021,-0.01237883884459734,0.7517489790916443,0.4296341836452484,-0.011613182723522186,0.750959038734436,0.4565061330795288,-0.008372730575501919,0.7720252275466919,0.461215615272522,-0.008587246760725975,0.7710270285606384,0.4256709814071655,-0.014648075215518475,0.7634344100952148,0.43911072611808777,-0.014628151431679726,0.7606922388076782,0.4602769613265991,-0.013019584119319916,0.3125748336315155,0.19749824702739716,-1.7207183589107444e-07,0.2972049415111542,0.1840936839580536,-0.003248969791457057,0.28830069303512573,0.1650342047214508,-0.006282932125031948,0.2869684100151062,0.15103550255298615,-0.010293148458003998,0.29159626364707947,0.1413159817457199,-0.013620401732623577,0.2977840006351471,0.12900815904140472,-0.0022896011359989643,0.29495465755462646,0.0990419089794159,-0.009983047842979431,0.2925012707710266,0.1064111739397049,-0.014819310046732426,0.29188627004623413,0.12787248194217682,-0.016722215339541435,0.3112688958644867,0.12839797139167786,-0.0038586542941629887,0.30908483266830444,0.09133628010749817,-0.01210801862180233,0.3059423565864563,0.10420150309801102,-0.015512588433921337,0.3057261109352112,0.12802454829216003,-0.015953892841935158,0.3251168131828308,0.13489697873592377,-0.006394181866198778,0.32404181361198425,0.10255970060825348,-0.01335274800658226,0.3205554187297821,0.11633100360631943,-0.013045166619122028,0.3205682933330536,0.13707681000232697,-0.010925582610070705,0.3385057747364044,0.14764562249183655,-0.00921549554914236,0.33822011947631836,0.12310787290334702,-0.01358102634549141,0.3347858190536499,0.1301209181547165,-0.01265396922826767,0.33399951457977295,0.14575205743312836,-0.010562273673713207
35,0.7534705996513367,0.5604313015937805,-2.2290325318863324e-07,0.7324517369270325,0.532430112361908,-0.005303940270096064,0.7201286554336548,0.4917261600494385,-0.008587989956140518,0.7295709252357483,0.4661405384540558,-0.01362984161823988,0.745437502861023,0.4760238230228424,-0.017242733389139175,0.7330881357192993,0.44394606351852417,0.0036429662723094225,0.7305843234062195,0.3977847695350647,-0.00597772840410471,0.725689709186554,0.42172473669052124,-0.012598511762917042,0.725986897945404,0.4463111460208893,-0.01621021330356598,0.7458909749984741,0.443869411945343,0.001397867570631206,0.7440526485443115,0.3950073719024658,-0.009043607860803604,0.7374707460403442,0.4255528151988983,-0.012467519380152225,0.7374107241630554,0.45194315910339355,-0.012185409665107727,0.759182333946228,0.44906342029571533,-0.003019192023202777,0.7585843801498413,0.40309882164001465,-0.01187134813517332,0.7512823939323425,0.43040451407432556,-0.0111552057787776,0.750430166721344,0.45740407705307007,-0.008042359724640846,0.7736082077026367,0.46129754185676575,-0.00854821689426899,0.7704710960388184,0.4257606267929077,-0.014319398440420628,0.7629320025444031,0.43952617049217224,-0.014189851470291615,0.7606820464134216,0.46059590578079224,-0.012573188170790672,0.3133326768875122,0.20458269119262695,-1.9071130452630314e-07,0.2971351742744446,0.1913478672504425,-0.0042393989861011505,0.28949081897735596,0.16953952610492706,-0.006707754451781511,0.2924845218658447,0.15275058150291443,-0.009802470915019512,0.2995325028896332,0.14485420286655426,-0.011607480235397816,0.296712726354599,0.12970304489135742,-0.0018709148280322552,0.29483023285865784,0.09652300179004669,-0.009611474350094795,0.2915044128894806,0.10917910188436508,-0.013463533483445644,0.29078468680381775,0.13298414647579193,-0.014471360482275486,0.3102802038192749,0.12798161804676056,-0.0028172896709293127,0.3083074688911438,0.08827746659517288,-0.011802563443779945,0.3046944737434387,0.10382005572319031,-0.013997025787830353,0.30525127053260803,0.12796592712402344,-0.012942010536789894,0.32438594102859497,0.1347203403711319,-0.004996749572455883,0.32305583357810974,0.10243193805217743,-0.012508111074566841,0.31942349672317505,0.11499056220054626,-0.011726783588528633,0.3202580511569977,0.13322019577026367,-0.008811553940176964,0.3381056785583496,0.14781656861305237,-0.007596444338560104,0.3374042212963104,0.12319057434797287,-0.01128887664526701,0.3335275948047638,0.12860625982284546,-0.009956542402505875,0.3332972824573517,0.14280888438224792,-0.007562883198261261
36,0.7518780827522278,0.5596539378166199,-2.2273664512795222e-07,0.7316281795501709,0.5310795903205872,-0.004987294320017099,0.719784677028656,0.4913356900215149,-0.008324477821588516,0.729727566242218,0.46635377407073975,-0.013376221060752869,0.7458035349845886,0.4763577878475189,-0.016961583867669106,0.7323204278945923,0.44367289543151855,0.003576982533559203,0.7305139899253845,0.39820483326911926,-0.005955112632364035,0.7257528901100159,0.4228639304637909,-0.012588558718562126,0.7262372374534607,0.44733449816703796,-0.01627574861049652,0.7453960180282593,0.4435443878173828,0.001206405577249825,0.7441205978393555,0.3952978253364563,-0.009018557146191597,0.7379401326179504,0.4261859953403473,-0.012257986702024937,0.7379175424575806,0.45207643508911133,-0.011948964558541775,0.7589858174324036,0.4487156569957733,-0.0032687094062566757,0.758598268032074,0.40313196182250977,-0.011614998802542686,0.7516304850578308,0.4311002790927887,-0.010333188809454441,0.7508851289749146,0.45733538269996643,-0.0070240008644759655,0.7736296057701111,0.46115273237228394,-0.00884985737502575,0.7708517909049988,0.42635098099708557,-0.013951794244349003,0.7632166743278503,0.44120097160339355,-0.013196753337979317,0.7609323263168335,0.4618907868862152,-0.011283143423497677,0.31361672282218933,0.21664291620254517,-1.8135757784421003e-07,0.29729604721069336,0.20282304286956787,-0.006097314413636923,0.2895020544528961,0.17794649302959442,-0.009730415418744087,0.29418593645095825,0.1573226898908615,-0.013681882061064243,0.3045857548713684,0.1469515711069107,-0.015980403870344162,0.295113205909729,0.13664212822914124,-0.005466860253363848,0.2935238182544708,0.09838040173053741,-0.015051979571580887,0.29108038544654846,0.10836901515722275,-0.01919098198413849,0.2904735803604126,0.13260869681835175,-0.020008990541100502,0.3091442584991455,0.1332688331604004,-0.0060004740953445435,0.3076920807361603,0.08681225776672363,-0.01643720269203186,0.3045171797275543,0.10221611708402634,-0.018303612247109413,0.3045589327812195,0.12807360291481018,-0.016572726890444756,0.32350942492485046,0.13931885361671448,-0.007895437069237232,0.32299140095710754,0.10204769670963287,-0.01701207458972931,0.31919047236442566,0.11508924514055252,-0.015420232899487019,0.3191748559474945,0.13454875349998474,-0.011426674202084541,0.33781173825263977,0.1522429883480072,-0.01034941989928484,0.3385419547557831,0.1249212697148323,-0.015912741422653198,0.33464592695236206,0.12957033514976501,-0.014773334376513958,0.33323782682418823,0.1437971293926239,-0.011968658305704594
37,0.7518780827522278,0.5596539378166199,-2.2273664512795222e-07,0.7316281795501709,0.5310795903205872,-0.004987294320017099,0.719784677028656,0.4913356900215149,-0.008324477821588516,0.729727566242218,0.46635377407073975,-0.013376221060752869,0.7458035349845886,0.4763577878475189,-0.016961583867669106,0.7323204278945923,0.44367289543151855,0.003576982533559203,0.7305139899253845,0.39820483326911926,-0.005955112632364035,0.7257528901100159,0.4228639304637909,-0.012588558718562126,0.7262372374534607,0.44733449816703796,-0.01627574861049652,0.7453960180282593,0.4435443878173828,0.001206405577249825,0.7441205978393555,0.3952978253364563,-0.009018557146191597,0.7379401326179504,0.4261859953403473,-0.012257986702024937,0.7379175424575806,0.45207643508911133,-0.011948964558541775,0.7589858174324036,0.4487156569957733,-0.0032687094062566757,0.758598268032074,0.40313196182250977,-0.011614998802542686,0.7516304850578308,0.4311002790927887,-0.010333188809454441,0.7508851289749146,0.45733538269996643,-0.0070240008644759655,0.7736296057701111,0.46115273237228394,-0.00884985737502575,0.7708517909049988,0.42635098099708557,-0.013951794244349003,0.7632166743278503,0.44120097160339355,-0.013196753337979317,0.7609323263168335,0.4618907868862152,-0.011283143423497677,0.31361672282218933,0.21664291620254517,-1.8135757784421003e-07,0.29729604721069336,0.20282304286956787,-0.006097314413636923,0.2895020544528961,0.17794649302959442,-0.009730415418744087,0.29418593645095825,0.1573226898908615,-0.013681882061064243,0.3045857548713684,0.1469515711069107,-0.015980403870344162,0.295113205909729,0.13664212822914124,-0.005466860253363848,0.2935238182544708,0.09838040173053741,-0.015051979571580887,0.29108038544654846,0.10836901515722275,-0.01919098198413849,0.2904735803604126,0.13260869681835175,-0.020008990541100502,0.3091442584991455,0.1332688331604004,-0.0060004740953445435,0.3076920807361603,0.08681225776672363,-0.01643720269203186,0.3045171797275543,0.10221611708402634,-0.018303612247109413,0.3045589327812195,0.12807360291481018,-0.016572726890444756,0.32350942492485046,0.13931885361671448,-0.007895437069237232,0.32299140095710754,0.10204769670963287,-0.01701207458972931,0.31919047236442566,0.11508924514055252,-0.015420232899487019,0.3191748559474945,0.13454875349998474,-0.011426674202084541,0.33781173825263977,0.1522429883480072,-0.01034941989928484,0.3385419547557831,0.1249212697148323,-0.015912741422653198,0.33464592695236206,0.12957033514976501,-0.014773334376513958,0.33323782682418823,0.1437971293926239,-0.011968658305704594
38,0.7518789768218994,0.5593500733375549,-2.239477510102006e-07,0.7314764261245728,0.531387209892273,-0.004953351337462664,0.7194802165031433,0.4914041757583618,-0.008317637257277966,0.7294081449508667,0.4660228192806244,-0.013356837444007397,0.745744526386261,0.4753674268722534,-0.016927450895309448,0.731807291507721,0.44408687949180603,0.0028470249380916357,0.7305192947387695,0.3983812928199768,-0.00672492478042841,0.7257124781608582,0.42301180958747864,-0.013386918231844902,0.7258961796760559,0.44758182764053345,-0.017131220549345016,0.7450599670410156,0.44410568475723267,0.0004443129582796246,0.7441240549087524,0.39499855041503906,-0.009624301455914974,0.738267183303833,0.42578208446502686,-0.01284496858716011,0.7384435534477234,0.4513985514640808,-0.012691843323409557,0.7586517930030823,0.4496613144874573,-0.003995273262262344,0.7586392164230347,0.40363430976867676,-0.012094886042177677,0.7521054148674011,0.43089109659194946,-0.010914028622210026,0.7515104413032532,0.45681431889533997,-0.007852955721318722,0.7731508612632751,0.4625088572502136,-0.009533348493278027,0.7710036635398865,0.4273872673511505,-0.01448829472064972,0.7636653184890747,0.4411543309688568,-0.013903112150728703,0.7613032460212708,0.4614391326904297,-0.012264763936400414,0.3143349289894104,0.21455925703048706,-1.9460739508758707e-07,0.2973058223724365,0.19845981895923615,-0.0060074059292674065,0.28955575823783875,0.1722666323184967,-0.009778181090950966,0.29539284110069275,0.15212050080299377,-0.014018637128174305,0.3067084550857544,0.14379853010177612,-0.016895538195967674,0.29567280411720276,0.13206705451011658,-0.004700350575149059,0.29337361454963684,0.0956462174654007,-0.01374892145395279,0.2901315987110138,0.10630518943071365,-0.018244249746203423,0.2896787226200104,0.12927284836769104,-0.01973080076277256,0.30966588854789734,0.13034485280513763,-0.005617631133645773,0.3078482449054718,0.08688262104988098,-0.015764405950903893,0.30411410331726074,0.1027689203619957,-0.01842721924185753,0.3041970133781433,0.1283477544784546,-0.017636798322200775,0.32406294345855713,0.13791517913341522,-0.007872668094933033,0.3230443298816681,0.10100898891687393,-0.01652832143008709,0.31926465034484863,0.11401665210723877,-0.01590057834982872,0.319148451089859,0.13389621675014496,-0.013060178607702255,0.3381512463092804,0.15205539762973785,-0.010726889595389366,0.337590754032135,0.12560829520225525,-0.01615568995475769,0.3340029716491699,0.13029365241527557,-0.015701301395893097,0.3332042396068573,0.14451685547828674,-0.013777458108961582
39,0.7511945962905884,0.5579556226730347,-2.194756802964548e-07,0.730902373790741,0.5314911603927612,-0.0050985198467969894,0.7195377945899963,0.4909161925315857,-0.008274073712527752,0.7300837635993958,0.4653277099132538,-0.013037063181400299,0.746036946773529,0.47566643357276917,-0.01629049889743328,0.7313717603683472,0.4446723163127899,0.002260926878079772,0.731133222579956,0.3977943956851959,-0.007145643699914217,0.7265933752059937,0.42244598269462585,-0.013503306545317173,0.7266440391540527,0.44698309898376465,-0.017024975270032883,0.7447271347045898,0.44491469860076904,3.098372690146789e-05,0.7448424100875854,0.3947576880455017,-0.0098028052598238,0.7393174767494202,0.42527979612350464,-0.012709863483905792,0.7393596768379211,0.450474351644516,-0.012380789965391159,0.7581316828727722,0.4504200518131256,-0.004218076355755329,0.7592099905014038,0.40380820631980896,-0.012041349895298481,0.7528544068336487,0.4306926131248474,-0.010693030431866646,0.7519991993904114,0.45622819662094116,-0.007599095813930035,0.7723416090011597,0.46276047825813293,-0.00958552211523056,0.7708470821380615,0.42719367146492004,-0.014279408380389214,0.763780951499939,0.4407943785190582,-0.013686065562069416,0.7614724040031433,0.46097370982170105,-0.012147203087806702,0.3136857748031616,0.2169833779335022,-1.6208986153287697e-07,0.29728296399116516,0.20234175026416779,-0.0058964937925338745,0.28901827335357666,0.17807842791080475,-0.008941537700593472,0.29226404428482056,0.15717464685440063,-0.01224775705486536,0.30127573013305664,0.14641734957695007,-0.013789333403110504,0.2938624322414398,0.13768021762371063,-0.004763198085129261,0.2911466062068939,0.100834921002388,-0.013867586851119995,0.28895896673202515,0.10460502654314041,-0.01742086373269558,0.2884511649608612,0.1261669397354126,-0.017809053882956505,0.3082597255706787,0.13465824723243713,-0.005277651362121105,0.30652472376823425,0.0879555493593216,-0.016138656064867973,0.3036901354789734,0.09962891042232513,-0.018254972994327545,0.30343616008758545,0.12580539286136627,-0.016414443030953407,0.32285276055336,0.14093488454818726,-0.007100978400558233,0.32200658321380615,0.10346925258636475,-0.01648521237075329,0.31860724091529846,0.11448412388563156,-0.014865422621369362,0.3183060586452484,0.1346573531627655,-0.010530292987823486,0.3373357653617859,0.15405544638633728,-0.009481396526098251,0.3380849361419678,0.126358300447464,-0.01579742133617401,0.33432528376579285,0.1298915594816208,-0.015133431181311607,0.33239176869392395,0.14524343609809875,-0.012300578877329826
40,0.7523515820503235,0.5596279501914978,-2.1999623811552738e-07,0.7315173745155334,0.5317112803459167,-0.0049472772516310215,0.7204990983009338,0.4911577105522156,-0.007974240928888321,0.7315812706947327,0.4665152430534363,-0.012732302770018578,0.7475263476371765,0.47637829184532166,-0.015961989760398865,0.7316038012504578,0.4453195631504059,0.0031299307011067867,0.7311567068099976,0.3986669182777405,-0.00646731024608016,0.7275673747062683,0.423621267080307,-0.013293705880641937,0.7280158996582031,0.4489116668701172,-0.017100196331739426,0.7451059222221375,0.4453151524066925,0.0008220347226597369,0.745132565498352,0.3955780863761902,-0.009057675488293171,0.7404634952545166,0.4263736605644226,-0.012382418848574162,0.7406370639801025,0.45227381587028503,-0.012395494617521763,0.7586351633071899,0.4505189061164856,-0.003576440503820777,0.7597361207008362,0.4035973846912384,-0.011480898596346378,0.7540300488471985,0.4302460551261902,-0.010497204028069973,0.7531407475471497,0.45662081241607666,-0.007639017887413502,0.7728565335273743,0.4626915454864502,-0.009115641005337238,0.7714918255805969,0.42679738998413086,-0.013970614410936832,0.7649106979370117,0.43947553634643555,-0.013635130599141121,0.7623276710510254,0.4598665237426758,-0.012246373109519482,0.31315556168556213,0.21398168802261353,-1.625879519906448e-07,0.2974051833152771,0.20152701437473297,-0.007088947109878063,0.29002559185028076,0.17855289578437805,-0.010708900168538094,0.2954736351966858,0.15854649245738983,-0.014407041482627392,0.3063036799430847,0.1484416276216507,-0.016247140243649483,0.2933846712112427,0.13625700771808624,-0.005540905054658651,0.2911253571510315,0.10010223090648651,-0.015180529095232487,0.2897646725177765,0.10680841654539108,-0.019219469279050827,0.28977084159851074,0.12947607040405273,-0.019934002310037613,0.30780652165412903,0.13260436058044434,-0.005564411170780659,0.3061920404434204,0.08730694651603699,-0.016598476096987724,0.3042021095752716,0.10180486738681793,-0.018682708963751793,0.304410457611084,0.1281374841928482,-0.016858534887433052,0.32248279452323914,0.13844111561775208,-0.0070575810968875885,0.3220480680465698,0.10378745943307877,-0.016809333115816116,0.31927964091300964,0.11800821125507355,-0.015154763124883175,0.31937718391418457,0.1381521075963974,-0.010795455425977707,0.3370174765586853,0.15077337622642517,-0.009208658710122108,0.33794134855270386,0.12555214762687683,-0.015670636668801308,0.33469176292419434,0.13183265924453735,-0.015014211647212505,0.33322033286094666,0.1472984254360199,-0.012245235964655876
