frame,feature_0,feature_1,feature_2,feature_3,feature_4,feature_5,feature_6,feature_7,feature_8,feature_9,feature_10,feature_11,feature_12,feature_13,feature_14,feature_15,feature_16,feature_17,feature_18,feature_19,feature_20,feature_21,feature_22,feature_23,feature_24,feature_25,feature_26,feature_27,feature_28,feature_29,feature_30,feature_31,feature_32,feature_33,feature_34,feature_35,feature_36,feature_37,feature_38,feature_39,feature_40,feature_41,feature_42,feature_43,feature_44,feature_45,feature_46,feature_47,feature_48,feature_49,feature_50,feature_51,feature_52,feature_53,feature_54,feature_55,feature_56,feature_57,feature_58,feature_59,feature_60,feature_61,feature_62,feature_63,feature_64,feature_65,feature_66,feature_67,feature_68,feature_69,feature_70,feature_71,feature_72,feature_73,feature_74,feature_75,feature_76,feature_77,feature_78,feature_79,feature_80,feature_81,feature_82,feature_83,feature_84,feature_85,feature_86,feature_87,feature_88,feature_89,feature_90,feature_91,feature_92,feature_93,feature_94,feature_95,feature_96,feature_97,feature_98,feature_99,feature_100,feature_101,feature_102,feature_103,feature_104,feature_105,feature_106,feature_107,feature_108,feature_109,feature_110,feature_111,feature_112,feature_113,feature_114,feature_115,feature_116,feature_117,feature_118,feature_119,feature_120,feature_121,feature_122,feature_123,feature_124,feature_125
1,0.5783175826072693,0.7945285439491272,-2.0789182997305033e-07,0.5519630312919617,0.774501621723175,-0.007188849151134491,0.5359159111976624,0.7298707365989685,-0.010786179453134537,0.5471584796905518,0.6974671483039856,-0.014916030690073967,0.5665189623832703,0.7061834335327148,-0.016377020627260208,0.5479244589805603,0.663077712059021,0.0006517036817967892,0.5454628467559814,0.6118403673171997,-0.009914925321936607,0.5439708828926086,0.6432563662528992,-0.01531127467751503,0.5452785491943359,0.6704341173171997,-0.017689496278762817,0.565233588218689,0.6590355634689331,-0.0005701205227524042,0.5631449222564697,0.606020987033844,-0.010875720530748367,0.5598922371864319,0.6492899656295776,-0.010083449073135853,0.5610390901565552,0.6720863580703735,-0.00627670343965292,0.5799232125282288,0.6657252311706543,-0.004170700907707214,0.5811530947685242,0.618674635887146,-0.012324819341301918,0.5756538510322571,0.6546440720558167,-0.004682720173150301,0.5757597088813782,0.6798879504203796,0.003358115442097187,0.596102774143219,0.6857582330703735,-0.009217151440680027,0.5956701636314392,0.6430755257606506,-0.014040582813322544,0.5884044766426086,0.6637116074562073,-0.0088139483705163,0.5862892866134644,0.6868758201599121,-0.0030403360724449158,0.2538159191608429,0.5105789303779602,-1.378689944431244e-07,0.23244188725948334,0.49140220880508423,-0.010632132180035114,0.21994152665138245,0.44875568151474,-0.015071731992065907,0.226923406124115,0.41228675842285156,-0.019809836521744728,0.24335135519504547,0.40349286794662476,-0.022390728816390038,0.2234637439250946,0.3961222171783447,-0.002030665287747979,0.21835345029830933,0.34506136178970337,-0.013267762027680874,0.21637201309204102,0.3567318022251129,-0.019918590784072876,0.21800372004508972,0.3833239674568176,-0.02255866676568985,0.23799382150173187,0.389875590801239,-0.0017345566302537918,0.23441511392593384,0.332418292760849,-0.013305998407304287,0.22989149391651154,0.3530309200286865,-0.016856754198670387,0.23139750957489014,0.3826463222503662,-0.0158316008746624,0.25245746970176697,0.3928866684436798,-0.003934948239475489,0.25177302956581116,0.34121203422546387,-0.014784077182412148,0.24618159234523773,0.3579067885875702,-0.015048608183860779,0.24730326235294342,0.3860936760902405,-0.011682651937007904,0.26857924461364746,0.40419796109199524,-0.007516943383961916,0.26822394132614136,0.3665841817855835,-0.01629307121038437,0.2632825970649719,0.371316522359848,-0.017997339367866516,0.2621368169784546,0.39183545112609863,-0.016637202352285385
2,0.5776457190513611,0.7918869256973267,-2.1459155163938703e-07,0.5521129965782166,0.7751950025558472,-0.008203781209886074,0.5358700156211853,0.7304837107658386,-0.012166649103164673,0.547233521938324,0.6996514201164246,-0.016546007245779037,0.5677193999290466,0.7069198489189148,-0.01855231449007988,0.5465165376663208,0.6627373099327087,-0.0006247314158827066,0.5447882413864136,0.6109451055526733,-0.011777893640100956,0.5432761907577515,0.6430799961090088,-0.01761680468916893,0.5440419912338257,0.670474648475647,-0.02013753540813923,0.5639293193817139,0.6586700081825256,-0.0016856336733326316,0.5626482367515564,0.6049306392669678,-0.012196913361549377,0.559582531452179,0.6492393612861633,-0.012314623221755028,0.5602753162384033,0.6743161082267761,-0.00911476369947195,0.579264760017395,0.6651498079299927,-0.005221805069595575,0.5810736417770386,0.6174687147140503,-0.014179610647261143,0.5755509734153748,0.6544927954673767,-0.008556194603443146,0.5754453539848328,0.6803383827209473,-0.0018471833318471909,0.595967710018158,0.6830729842185974,-0.010118615813553333,0.5953561663627625,0.642937421798706,-0.016202576458454132,0.5881153345108032,0.6642887592315674,-0.012638618238270283,0.5860394835472107,0.6864410638809204,-0.008061612024903297,0.2550225257873535,0.5135998129844666,-1.2215542710691807e-07,0.23320984840393066,0.49175137281417847,-0.009008076041936874,0.2217513918876648,0.4483661651611328,-0.012942533008754253,0.22901566326618195,0.4128643572330475,-0.01732526905834675,0.24333897233009338,0.39954495429992676,-0.01970137283205986,0.22390523552894592,0.39713212847709656,-0.002623705193400383,0.22049720585346222,0.34560781717300415,-0.013657732866704464,0.21905770897865295,0.35743534564971924,-0.020410025492310524,0.2199193835258484,0.38424280285835266,-0.022993244230747223,0.2384507656097412,0.39147502183914185,-0.0028204484842717648,0.23537343740463257,0.3342728018760681,-0.013084705919027328,0.23168957233428955,0.3549075126647949,-0.016779711470007896,0.23289905488491058,0.38386762142181396,-0.016599951311945915,0.25355374813079834,0.39462581276893616,-0.005245934706181288,0.25356242060661316,0.3409470021724701,-0.014753972180187702,0.24815812706947327,0.3573278486728668,-0.01591661013662815,0.24758675694465637,0.38503873348236084,-0.013944189064204693,0.269901841878891,0.4050876796245575,-0.00878896564245224,0.2697840631008148,0.36691147089004517,-0.016696367412805557,0.2651028037071228,0.37151646614074707,-0.018815571442246437,0.2627771496772766,0.3911408483982086,-0.01829143986105919
3,0.5776457190513611,0.7918869256973267,-2.1459155163938703e-07,0.5521129965782166,0.7751950025558472,-0.008203781209886074,0.5358700156211853,0.7304837107658386,-0.012166649103164673,0.547233521938324,0.6996514201164246,-0.016546007245779037,0.5677193999290466,0.7069198489189148,-0.01855231449007988,0.5465165376663208,0.6627373099327087,-0.0006247314158827066,0.5447882413864136,0.6109451055526733,-0.011777893640100956,0.5432761907577515,0.6430799961090088,-0.01761680468916893,0.5440419912338257,0.670474648475647,-0.02013753540813923,0.5639293193817139,0.6586700081825256,-0.0016856336733326316,0.5626482367515564,0.6049306392669678,-0.012196913361549377,0.559582531452179,0.6492393612861633,-0.012314623221755028,0.5602753162384033,0.6743161082267761,-0.00911476369947195,0.579264760017395,0.6651498079299927,-0.005221805069595575,0.5810736417770386,0.6174687147140503,-0.014179610647261143,0.5755509734153748,0.6544927954673767,-0.008556194603443146,0.5754453539848328,0.6803383827209473,-0.0018471833318471909,0.595967710018158,0.6830729842185974,-0.010118615813553333,0.5953561663627625,0.642937421798706,-0.016202576458454132,0.5881153345108032,0.6642887592315674,-0.012638618238270283,0.5860394835472107,0.6864410638809204,-0.008061612024903297,0.2550225257873535,0.5135998129844666,-1.2215542710691807e-07,0.23320984840393066,0.49175137281417847,-0.009008076041936874,0.2217513918876648,0.4483661651611328,-0.012942533008754253,0.22901566326618195,0.4128643572330475,-0.01732526905834675,0.24333897233009338,0.39954495429992676,-0.01970137283205986,0.22390523552894592,0.39713212847709656,-0.002623705193400383,0.22049720585346222,0.34560781717300415,-0.013657732866704464,0.21905770897865295,0.35743534564971924,-0.020410025492310524,0.2199193835258484,0.38424280285835266,-0.022993244230747223,0.2384507656097412,0.39147502183914185,-0.0028204484842717648,0.23537343740463257,0.3342728018760681,-0.013084705919027328,0.23168957233428955,0.3549075126647949,-0.016779711470007896,0.23289905488491058,0.38386762142181396,-0.016599951311945915,0.25355374813079834,0.39462581276893616,-0.005245934706181288,0.25356242060661316,0.3409470021724701,-0.014753972180187702,0.24815812706947327,0.3573278486728668,-0.01591661013662815,0.24758675694465637,0.38503873348236084,-0.013944189064204693,0.269901841878891,0.4050876796245575,-0.00878896564245224,0.2697840631008148,0.36691147089004517,-0.016696367412805557,0.2651028037071228,0.37151646614074707,-0.018815571442246437,0.2627771496772766,0.3911408483982086,-0.01829143986105919
4,0.5789991021156311,0.7934951782226562,-2.0888587926037872e-07,0.5525798797607422,0.7743075489997864,-0.008801381103694439,0.5362154245376587,0.7281358242034912,-0.012992887757718563,0.5482552647590637,0.6974981427192688,-0.01748255267739296,0.5683119297027588,0.7079006433486938,-0.019494349136948586,0.548220157623291,0.6615323424339294,-0.00100478355307132,0.5454741716384888,0.6108059883117676,-0.011616959236562252,0.5440354943275452,0.644281804561615,-0.017290441319346428,0.5452771186828613,0.6728837490081787,-0.019886033609509468,0.5654675364494324,0.6574339866638184,-0.0017737066373229027,0.563402533531189,0.6044570803642273,-0.012003849260509014,0.5601209998130798,0.6477629542350769,-0.012085351161658764,0.5611340403556824,0.673024594783783,-0.008989897556602955,0.5802116990089417,0.6640034914016724,-0.004998094867914915,0.5816416144371033,0.6167935132980347,-0.013532338663935661,0.5762700438499451,0.6529503464698792,-0.007836172357201576,0.5760489702224731,0.6798851490020752,-0.0011975314700976014,0.5964598059654236,0.6825024485588074,-0.009728742763400078,0.5955835580825806,0.640731692314148,-0.01593148522078991,0.5886931419372559,0.6616286635398865,-0.012464859522879124,0.5864216685295105,0.6851790547370911,-0.007893257774412632,0.2561340034008026,0.5113919973373413,-1.0224518831591922e-07,0.23418143391609192,0.49164214730262756,-0.010830930434167385,0.22344496846199036,0.4450424015522003,-0.015207563526928425,0.23130013048648834,0.40748658776283264,-0.019636746495962143,0.2478596568107605,0.3976023197174072,-0.021929141134023666,0.22532919049263,0.3962096869945526,-0.002935746917501092,0.2217021882534027,0.34635695815086365,-0.014540519565343857,0.2211395502090454,0.3587802052497864,-0.02172272652387619,0.22245420515537262,0.38601356744766235,-0.024567903950810432,0.2396642416715622,0.39003127813339233,-0.0023654974065721035,0.2362840473651886,0.334783673286438,-0.01335874106734991,0.23341330885887146,0.35608136653900146,-0.01749292016029358,0.235112726688385,0.384672611951828,-0.01742512732744217,0.2544556260108948,0.39287877082824707,-0.004311543423682451,0.254029780626297,0.3419959545135498,-0.014737599529325962,0.24913454055786133,0.3588106036186218,-0.016262603923678398,0.24890941381454468,0.3856785297393799,-0.01426672376692295,0.2707118093967438,0.40265291929244995,-0.007522372528910637,0.2704642415046692,0.3648170828819275,-0.015894925221800804,0.26603737473487854,0.3710504472255707,-0.018053555861115456,0.2639494836330414,0.3908126652240753,-0.017463108524680138
5,0.5801805257797241,0.7932823300361633,-2.0202205064379086e-07,0.5533174872398376,0.7742971777915955,-0.009242590516805649,0.5363194942474365,0.7287399768829346,-0.013491812162101269,0.5466229319572449,0.6962270736694336,-0.01786133460700512,0.5658560395240784,0.7032506465911865,-0.019837332889437675,0.5482226014137268,0.6616975665092468,-0.0012213564477860928,0.5461730360984802,0.6115497350692749,-0.011708846315741539,0.5451091527938843,0.6423263549804688,-0.017248524352908134,0.5460525155067444,0.6706944108009338,-0.01972055807709694,0.5656799674034119,0.6571640372276306,-0.0017777093453332782,0.5641230344772339,0.6040182113647461,-0.012423612177371979,0.5611291527748108,0.6466374397277832,-0.013022208586335182,0.5618609189987183,0.6730111837387085,-0.010210338979959488,0.5807179808616638,0.6630793213844299,-0.004751825239509344,0.5818886756896973,0.6162207126617432,-0.014102363958954811,0.577164351940155,0.6524463295936584,-0.009211665019392967,0.576919674873352,0.6800733804702759,-0.003011600812897086,0.5973712801933289,0.6812575459480286,-0.009159662760794163,0.5962072014808655,0.640038251876831,-0.016483724117279053,0.5899238586425781,0.6613293886184692,-0.013723284937441349,0.5875442028045654,0.6844415664672852,-0.009505236521363258,0.25760507583618164,0.5107637643814087,-1.095456880761958e-07,0.23692402243614197,0.4921649992465973,-0.012117278762161732,0.22527208924293518,0.451524019241333,-0.017472930252552032,0.23057353496551514,0.4143219590187073,-0.022655397653579712,0.2433370053768158,0.3977462649345398,-0.025641558691859245,0.22723014652729034,0.3980323076248169,-0.004881842061877251,0.22106176614761353,0.34765586256980896,-0.01649792492389679,0.22064173221588135,0.3571751117706299,-0.023150086402893066,0.22287707030773163,0.3827345669269562,-0.025588350370526314,0.24177250266075134,0.39081454277038574,-0.003783931490033865,0.23734703660011292,0.3335137665271759,-0.015567773021757603,0.23468086123466492,0.35132500529289246,-0.019553229212760925,0.23655791580677032,0.38027453422546387,-0.018982963636517525,0.25653383135795593,0.39274296164512634,-0.005120021756738424,0.2552782893180847,0.34013357758522034,-0.016029058024287224,0.2514166831970215,0.3538361191749573,-0.017059635370969772,0.2523050010204315,0.3804950714111328,-0.01440215390175581,0.27235010266304016,0.4026886820793152,-0.007823695428669453,0.2720249891281128,0.36471521854400635,-0.01658175326883793,0.2679515480995178,0.3697855472564697,-0.018513387069106102,0.2664552330970764,0.39094677567481995,-0.017396673560142517
6,0.5790539979934692,0.791307806968689,-1.9855812638525094e-07,0.5530911684036255,0.7739547491073608,-0.010448361746966839,0.5366435647010803,0.7279654741287231,-0.015154765918850899,0.5474646091461182,0.6971836686134338,-0.019771384075284004,0.5666489601135254,0.7061406373977661,-0.022101862356066704,0.5483214855194092,0.662101686000824,-0.002426632447168231,0.5465317368507385,0.6117727160453796,-0.013034909963607788,0.545364260673523,0.6428119540214539,-0.01864650845527649,0.5463515520095825,0.6721490621566772,-0.02110842429101467,0.5655471682548523,0.6576591730117798,-0.002547736745327711,0.5644498467445374,0.6040163636207581,-0.013452197425067425,0.5612369179725647,0.6455184817314148,-0.014473576098680496,0.5618747472763062,0.6737100481987,-0.011837629601359367,0.5806139707565308,0.6634517908096313,-0.005206587724387646,0.5821174383163452,0.6161702275276184,-0.015140087343752384,0.5772584080696106,0.6514707803726196,-0.011530156247317791,0.577041745185852,0.6797327399253845,-0.006050669588148594,0.5972485542297363,0.6803669929504395,-0.009331407025456429,0.5961496233940125,0.6403549909591675,-0.01764102466404438,0.5898401141166687,0.6611502766609192,-0.016164937987923622,0.5874074101448059,0.6843101978302002,-0.01275724545121193,0.25844264030456543,0.5084680318832397,-1.2953746875155048e-07,0.23603777587413788,0.4877670407295227,-0.008692586794495583,0.22482691705226898,0.4452527165412903,-0.012537458911538124,0.23275664448738098,0.40936708450317383,-0.016664542257785797,0.2484869807958603,0.39747247099876404,-0.018759969621896744,0.22632719576358795,0.39715224504470825,-0.002444245619699359,0.22144025564193726,0.34573644399642944,-0.012922132387757301,0.22127112746238708,0.358327180147171,-0.019287876784801483,0.22308248281478882,0.3849635124206543,-0.021776817739009857,0.2417466789484024,0.39060333371162415,-0.0024334490299224854,0.23770670592784882,0.3334072530269623,-0.011888153851032257,0.23550550639629364,0.35308265686035156,-0.015005157329142094,0.2374938726425171,0.3809337615966797,-0.014608986675739288,0.2566080689430237,0.3929142653942108,-0.004502992145717144,0.2562927305698395,0.34029021859169006,-0.013135017827153206,0.2516416907310486,0.3561207056045532,-0.01310590747743845,0.25148093700408936,0.3822646737098694,-0.010527386330068111,0.27225765585899353,0.402717262506485,-0.007721444591879845,0.2723765969276428,0.3639637231826782,-0.015155966393649578,0.2677878141403198,0.36919984221458435,-0.01640123501420021,0.26536625623703003,0.3893580436706543,-0.015275183133780956
7,0.5790539979934692,0.791307806968689,-1.9855812638525094e-07,0.5530911684036255,0.7739547491073608,-0.010448361746966839,0.5366435647010803,0.7279654741287231,-0.015154765918850899,0.5474646091461182,0.6971836686134338,-0.019771384075284004,0.5666489601135254,0.7061406373977661,-0.022101862356066704,0.5483214855194092,0.662101686000824,-0.002426632447168231,0.5465317368507385,0.6117727160453796,-0.013034909963607788,0.545364260673523,0.6428119540214539,-0.01864650845527649,0.5463515520095825,0.6721490621566772,-0.02110842429101467,0.5655471682548523,0.6576591730117798,-0.002547736745327711,0.5644498467445374,0.6040163636207581,-0.013452197425067425,0.5612369179725647,0.6455184817314148,-0.014473576098680496,0.5618747472763062,0.6737100481987,-0.011837629601359367,0.5806139707565308,0.6634517908096313,-0.005206587724387646,0.5821174383163452,0.6161702275276184,-0.015140087343752384,0.5772584080696106,0.6514707803726196,-0.011530156247317791,0.577041745185852,0.6797327399253845,-0.006050669588148594,0.5972485542297363,0.6803669929504395,-0.009331407025456429,0.5961496233940125,0.6403549909591675,-0.01764102466404438,0.5898401141166687,0.6611502766609192,-0.016164937987923622,0.5874074101448059,0.6843101978302002,-0.01275724545121193,0.25844264030456543,0.5084680318832397,-1.2953746875155048e-07,0.23603777587413788,0.4877670407295227,-0.008692586794495583,0.22482691705226898,0.4452527165412903,-0.012537458911538124,0.23275664448738098,0.40936708450317383,-0.016664542257785797,0.2484869807958603,0.39747247099876404,-0.018759969621896744,0.22632719576358795,0.39715224504470825,-0.002444245619699359,0.22144025564193726,0.34573644399642944,-0.012922132387757301,0.22127112746238708,0.358327180147171,-0.019287876784801483,0.22308248281478882,0.3849635124206543,-0.021776817739009857,0.2417466789484024,0.39060333371162415,-0.0024334490299224854,0.23770670592784882,0.3334072530269623,-0.011888153851032257,0.23550550639629364,0.35308265686035156,-0.015005157329142094,0.2374938726425171,0.3809337615966797,-0.014608986675739288,0.2566080689430237,0.3929142653942108,-0.004502992145717144,0.2562927305698395,0.34029021859169006,-0.013135017827153206,0.2516416907310486,0.3561207056045532,-0.01310590747743845,0.25148093700408936,0.3822646737098694,-0.010527386330068111,0.27225765585899353,0.402717262506485,-0.007721444591879845,0.2723765969276428,0.3639637231826782,-0.015155966393649578,0.2677878141403198,0.36919984221458435,-0.01640123501420021,0.26536625623703003,0.3893580436706543,-0.015275183133780956
8,0.579103946685791,0.7921164631843567,-2.017143572174973e-07,0.553182065486908,0.7728332281112671,-0.009916190057992935,0.5376688838005066,0.7267870903015137,-0.014363057911396027,0.5488895773887634,0.6970981359481812,-0.01886935345828533,0.5673836469650269,0.7069461345672607,-0.021113092079758644,0.5491641759872437,0.6618332266807556,-0.0015580294420942664,0.5474634170532227,0.6108387112617493,-0.012240945361554623,0.5463937520980835,0.6410226821899414,-0.018016068264842033,0.5474157929420471,0.6702439188957214,-0.020590629428625107,0.5663853883743286,0.6576365828514099,-0.001838369877077639,0.5653313398361206,0.6043119430541992,-0.012489784508943558,0.561991274356842,0.6455063819885254,-0.013527515344321728,0.5623553991317749,0.6729780435562134,-0.011068765074014664,0.5813799500465393,0.6631831526756287,-0.0046721468679606915,0.5828770399093628,0.6157604455947876,-0.014302972704172134,0.5780252814292908,0.6512688994407654,-0.01046706736087799,0.5776522159576416,0.6798556447029114,-0.005003908649086952,0.5981582403182983,0.6802037954330444,-0.008974084630608559,0.5970861315727234,0.6401351094245911,-0.01732024922966957,0.5908751487731934,0.6615168452262878,-0.01585155911743641,0.5884462594985962,0.6850322484970093,-0.012466849759221077,0.25768932700157166,0.5045454502105713,-1.235381290598525e-07,0.23547771573066711,0.48481976985931396,-0.009450774639844894,0.22534964978694916,0.4424504339694977,-0.013441881164908409,0.23448634147644043,0.4082759916782379,-0.017836574465036392,0.2500893473625183,0.3995487689971924,-0.02027813531458378,0.22694805264472961,0.3973361551761627,-0.00239549926482141,0.22208558022975922,0.346216082572937,-0.01330684032291174,0.22098493576049805,0.35723263025283813,-0.019580351188778877,0.22252601385116577,0.38406500220298767,-0.02171996422111988,0.24211329221725464,0.39037778973579407,-0.0022493337746709585,0.23857620358467102,0.3322507441043854,-0.0126862283796072,0.23533844947814941,0.34994977712631226,-0.01598249562084675,0.2365628480911255,0.3795430362224579,-0.015047569759190083,0.2569373846054077,0.39244893193244934,-0.004350140690803528,0.2568920850753784,0.340004026889801,-0.014315945096313953,0.2512969970703125,0.3542492091655731,-0.014612456783652306,0.25075969099998474,0.3818235397338867,-0.011498150415718555,0.2727064788341522,0.4016894996166229,-0.007662724703550339,0.2726583480834961,0.3636651933193207,-0.01597093977034092,0.26778969168663025,0.36731529235839844,-0.017506930977106094,0.265427827835083,0.3879426419734955,-0.016094375401735306
9,0.5804030299186707,0.7951230406761169,-2.196502890683405e-07,0.5543788075447083,0.7722269296646118,-0.008460406213998795,0.5384607911109924,0.7287452220916748,-0.012793615460395813,0.549688458442688,0.6994445323944092,-0.017457278445363045,0.5679190754890442,0.7082966566085815,-0.01982862688601017,0.5504415035247803,0.6614089012145996,-0.0014060268877074122,0.5476356148719788,0.6110660433769226,-0.011995322071015835,0.5457796454429626,0.6415256261825562,-0.017834946513175964,0.5469115376472473,0.6701537370681763,-0.02064531482756138,0.5674063563346863,0.6576334238052368,-0.0022662661504000425,0.5656039714813232,0.6040105223655701,-0.012778832577168941,0.5615194439888,0.6468577980995178,-0.013465655036270618,0.562549889087677,0.6739884614944458,-0.011057676747441292,0.582298994064331,0.6638514399528503,-0.005412761587649584,0.5833463072776794,0.615463376045227,-0.014451581984758377,0.5778411626815796,0.6518605351448059,-0.009595594368875027,0.5780103206634521,0.6805512309074402,-0.003742832690477371,0.5989379286766052,0.6827528476715088,-0.009939238429069519,0.5978528261184692,0.6407416462898254,-0.01735827699303627,0.5909981727600098,0.6621360182762146,-0.014861144125461578,0.5885292887687683,0.6860509514808655,-0.010939093306660652,0.25765928626060486,0.5083756446838379,-1.4933412728623807e-07,0.23568448424339294,0.48672524094581604,-0.010499592870473862,0.22509902715682983,0.4408990442752838,-0.014604519121348858,0.23406772315502167,0.4052731394767761,-0.01900418847799301,0.2508796751499176,0.39833864569664,-0.02141265571117401,0.2275896668434143,0.39543378353118896,-0.002942049875855446,0.22370532155036926,0.34340202808380127,-0.0139195267111063,0.2228209674358368,0.35551726818084717,-0.020623819902539253,0.22406509518623352,0.3827160596847534,-0.02332259900867939,0.24257491528987885,0.3891446590423584,-0.0023311942350119352,0.23968659341335297,0.3318499028682709,-0.012706559151411057,0.23658283054828644,0.3518807291984558,-0.016639593988656998,0.23744846880435944,0.3818603456020355,-0.01646469719707966,0.25742828845977783,0.3916594088077545,-0.0040169088169932365,0.25731322169303894,0.33865007758140564,-0.013787171803414822,0.25206074118614197,0.3544657230377197,-0.014542319811880589,0.25138574838638306,0.38333675265312195,-0.011993033811450005,0.27307218313217163,0.40167850255966187,-0.007061717100441456,0.2722207307815552,0.36192426085472107,-0.015002665109932423,0.26779136061668396,0.3658089339733124,-0.016727333888411522,0.265644907951355,0.38726806640625,-0.015713464468717575
10,0.5804030299186707,0.7951230406761169,-2.196502890683405e-07,0.5543788075447083,0.7722269296646118,-0.008460406213998795,0.5384607911109924,0.7287452220916748,-0.012793615460395813,0.549688458442688,0.6994445323944092,-0.017457278445363045,0.5679190754890442,0.7082966566085815,-0.01982862688601017,0.5504415035247803,0.6614089012145996,-0.0014060268877074122,0.5476356148719788,0.6110660433769226,-0.011995322071015835,0.5457796454429626,0.6415256261825562,-0.017834946513175964,0.5469115376472473,0.6701537370681763,-0.02064531482756138,0.5674063563346863,0.6576334238052368,-0.0022662661504000425,0.5656039714813232,0.6040105223655701,-0.012778832577168941,0.5615194439888,0.6468577980995178,-0.013465655036270618,0.562549889087677,0.6739884614944458,-0.011057676747441292,0.582298994064331,0.6638514399528503,-0.005412761587649584,0.5833463072776794,0.615463376045227,-0.014451581984758377,0.5778411626815796,0.6518605351448059,-0.009595594368875027,0.5780103206634521,0.6805512309074402,-0.003742832690477371,0.5989379286766052,0.6827528476715088,-0.009939238429069519,0.5978528261184692,0.6407416462898254,-0.01735827699303627,0.5909981727600098,0.6621360182762146,-0.014861144125461578,0.5885292887687683,0.6860509514808655,-0.010939093306660652,0.25765928626060486,0.5083756446838379,-1.4933412728623807e-07,0.23568448424339294,0.48672524094581604,-0.010499592870473862,0.22509902715682983,0.4408990442752838,-0.014604519121348858,0.23406772315502167,0.4052731394767761,-0.01900418847799301,0.2508796751499176,0.39833864569664,-0.02141265571117401,0.2275896668434143,0.39543378353118896,-0.002942049875855446,0.22370532155036926,0.34340202808380127,-0.0139195267111063,0.2228209674358368,0.35551726818084717,-0.020623819902539253,0.22406509518623352,0.3827160596847534,-0.02332259900867939,0.24257491528987885,0.3891446590423584,-0.0023311942350119352,0.23968659341335297,0.3318499028682709,-0.012706559151411057,0.23658283054828644,0.3518807291984558,-0.016639593988656998,0.23744846880435944,0.3818603456020355,-0.01646469719707966,0.25742828845977783,0.3916594088077545,-0.0040169088169932365,0.25731322169303894,0.33865007758140564,-0.013787171803414822,0.25206074118614197,0.3544657230377197,-0.014542319811880589,0.25138574838638306,0.38333675265312195,-0.011993033811450005,0.27307218313217163,0.40167850255966187,-0.007061717100441456,0.2722207307815552,0.36192426085472107,-0.015002665109932423,0.26779136061668396,0.3658089339733124,-0.016727333888411522,0.265644907951355,0.38726806640625,-0.015713464468717575
11,0.5805453062057495,0.7969002723693848,-2.370712479660142e-07,0.5538297891616821,0.7710328102111816,-0.004779226146638393,0.5385960340499878,0.7302461266517639,-0.008032802492380142,0.5503420233726501,0.7001084089279175,-0.012195157818496227,0.5686706900596619,0.7081903219223022,-0.013544579036533833,0.5507522821426392,0.6602528691291809,0.002961405785754323,0.5477616190910339,0.6104342341423035,-0.007373841945081949,0.5461254715919495,0.6417747735977173,-0.013863157480955124,0.5473753809928894,0.6693919897079468,-0.017363974824547768,0.5682125687599182,0.6578179001808167,0.0010908443946391344,0.5655328035354614,0.6053735017776489,-0.00870622880756855,0.5621680021286011,0.6494826674461365,-0.008588992990553379,0.5630128383636475,0.6730729341506958,-0.005991440266370773,0.5826112031936646,0.6645956635475159,-0.00285572512075305,0.5833173394203186,0.6178800463676453,-0.009733238257467747,0.5783312916755676,0.6536670923233032,-0.001837346120737493,0.5782772302627563,0.6806087493896484,0.005658009089529514,0.5987883806228638,0.6856057643890381,-0.00811783503741026,0.5978644490242004,0.642663836479187,-0.011751716956496239,0.5908422470092773,0.6630885601043701,-0.006053021177649498,0.5883600115776062,0.6870144605636597,-0.00034320700797252357,0.25746452808380127,0.5065268874168396,-1.6517628864676226e-07,0.23686090111732483,0.4848966598510742,-0.009471964091062546,0.2251141220331192,0.44123923778533936,-0.013650541193783283,0.23400066792964935,0.40409407019615173,-0.01839391328394413,0.250966876745224,0.4010191559791565,-0.021223988384008408,0.22726935148239136,0.39431625604629517,-0.0017774997977539897,0.22271178662776947,0.34183675050735474,-0.012697172351181507,0.22236758470535278,0.35655635595321655,-0.019455304369330406,0.22471095621585846,0.3834203779697418,-0.02236894704401493,0.24247606098651886,0.38918057084083557,-0.0018179623875766993,0.23971833288669586,0.330352246761322,-0.012848836369812489,0.2371417135000229,0.3519824743270874,-0.01703491434454918,0.23855534195899963,0.38184478878974915,-0.017077654600143433,0.2579500079154968,0.39241111278533936,-0.0041058920323848724,0.2574882507324219,0.33807867765426636,-0.014164327643811703,0.2529614567756653,0.355868399143219,-0.015335178934037685,0.2526213824748993,0.38365089893341064,-0.013164340518414974,0.2735920548439026,0.4024178087711334,-0.007626084610819817,0.2726285755634308,0.3613882064819336,-0.014703981578350067,0.2681373953819275,0.36580270528793335,-0.01621571183204651,0.26617804169654846,0.3860103487968445,-0.015512810088694096
12,0.5798478126525879,0.7961333990097046,-2.3406151683502685e-07,0.5534855723381042,0.7715008854866028,-0.007157501764595509,0.5382483005523682,0.7287043333053589,-0.010952499695122242,0.5507833361625671,0.6996603012084961,-0.015313142910599709,0.5693524479866028,0.7086583375930786,-0.01701260171830654,0.5505926012992859,0.6604980826377869,0.0011562020517885685,0.5480343699455261,0.6096042990684509,-0.009319585748016834,0.5469213128089905,0.6411430835723877,-0.015641141682863235,0.5480259656906128,0.6698029041290283,-0.018922699615359306,0.5679429769515991,0.6577348709106445,9.567546658217907e-05,0.5659748911857605,0.6047797203063965,-0.00963918212801218,0.5624237656593323,0.6488694548606873,-0.010022488422691822,0.5630826354026794,0.6744294762611389,-0.007788806222379208,0.5823342204093933,0.6640406847000122,-0.003300814423710108,0.5834589004516602,0.6169847846031189,-0.011217869818210602,0.5783462524414062,0.6534389853477478,-0.005148758180439472,0.5782424807548523,0.6820796132087708,0.0011901535326614976,0.5987451672554016,0.6836652755737305,-0.008117591962218285,0.597608745098114,0.641214907169342,-0.01417245902121067,0.5911538600921631,0.6626337766647339,-0.01059633120894432,0.5887628793716431,0.687239944934845,-0.006151197943836451,0.25947603583335876,0.5017052888870239,-1.6532554525383603e-07,0.23745805025100708,0.48249179124832153,-0.009133145213127136,0.22618542611598969,0.44088444113731384,-0.012259542010724545,0.2342294454574585,0.4049356281757355,-0.015831610187888145,0.24976691603660583,0.3963700234889984,-0.01750732958316803,0.22835615277290344,0.39122241735458374,-0.000980339478701353,0.22425641119480133,0.3402358293533325,-0.011080716736614704,0.22291237115859985,0.3509312868118286,-0.017093701288104057,0.2244500070810318,0.3770054876804352,-0.019405364990234375,0.24390827119350433,0.3855474889278412,-0.0006974931457079947,0.24122290313243866,0.33004024624824524,-0.010965656489133835,0.23771420121192932,0.3492273986339569,-0.01447383500635624,0.23853182792663574,0.37870121002197266,-0.013869199901819229,0.25881585478782654,0.3883431553840637,-0.0026355681475251913,0.2588456869125366,0.3371236026287079,-0.012465770356357098,0.25345656275749207,0.3525536060333252,-0.012855621986091137,0.25318291783332825,0.38030099868774414,-0.009959940798580647,0.27441227436065674,0.39879390597343445,-0.005765467416495085,0.2737811207771301,0.3596227467060089,-0.013839206658303738,0.2690049111843109,0.3642893135547638,-0.015397891402244568,0.2670351564884186,0.3856232464313507,-0.014191865921020508
13,0.5794293284416199,0.7965466976165771,-2.3741340271499212e-07,0.5533978343009949,0.7712836861610413,-0.0070255957543849945,0.5382522344589233,0.7290963530540466,-0.010895438492298126,0.5508285760879517,0.7004179954528809,-0.015350122936069965,0.5695587396621704,0.7087520360946655,-0.017068030312657356,0.5508520007133484,0.6600808501243591,0.0012008047197014093,0.5486050844192505,0.6092399954795837,-0.009149367921054363,0.5469841361045837,0.6408554911613464,-0.015213524922728539,0.5479201078414917,0.6694947481155396,-0.01831713691353798,0.568219006061554,0.6577960252761841,6.416162068489939e-05,0.5670669078826904,0.6040732860565186,-0.010045083239674568,0.5628669261932373,0.6482210755348206,-0.010343795642256737,0.5630612969398499,0.6738205552101135,-0.00796077586710453,0.5824728012084961,0.6641311645507812,-0.0033792906906455755,0.5843064785003662,0.6163468360900879,-0.01168450154364109,0.5787400007247925,0.6527985334396362,-0.005442055873572826,0.5780755281448364,0.6814841032028198,0.0011618189746513963,0.5987769365310669,0.6839430332183838,-0.008199839852750301,0.598064661026001,0.6409488916397095,-0.01422138698399067,0.5915412306785583,0.6621885299682617,-0.010448670014739037,0.5887730717658997,0.686820387840271,-0.005857975222170353,0.26049092411994934,0.5012790560722351,-1.5129857899864874e-07,0.23795051872730255,0.4830467104911804,-0.010574414394795895,0.226146399974823,0.438633531332016,-0.01430945098400116,0.23552240431308746,0.40218010544776917,-0.018030554056167603,0.2528410851955414,0.39840829372406006,-0.01972786895930767,0.2293131947517395,0.3919553756713867,-0.0025725876912474632,0.2250281721353531,0.3418693542480469,-0.012899397872388363,0.22373966872692108,0.3550674021244049,-0.01896129734814167,0.22539283335208893,0.3819485306739807,-0.021449940279126167,0.24446088075637817,0.3850843012332916,-0.001697177067399025,0.2413148283958435,0.3293173909187317,-0.011936194263398647,0.2377554178237915,0.3503035306930542,-0.014893299899995327,0.2389833927154541,0.37860456109046936,-0.01389357540756464,0.2592433989048004,0.3868432939052582,-0.0031642576213926077,0.2584887444972992,0.33721020817756653,-0.013000215403735638,0.2536024749279022,0.3549608886241913,-0.012841500341892242,0.2541227340698242,0.3817231357097626,-0.009611048735678196,0.27522096037864685,0.39660727977752686,-0.00598504114896059,0.27332285046577454,0.3590801954269409,-0.014401935040950775,0.2688796818256378,0.36687880754470825,-0.015809152275323868,0.2677901089191437,0.3884841799736023,-0.01445457711815834
14,0.5794293284416199,0.7965466976165771,-2.3741340271499212e-07,0.5533978343009949,0.7712836861610413,-0.0070255957543849945,0.5382522344589233,0.7290963530540466,-0.010895438492298126,0.5508285760879517,0.7004179954528809,-0.015350122936069965,0.5695587396621704,0.7087520360946655,-0.017068030312657356,0.5508520007133484,0.6600808501243591,0.0012008047197014093,0.5486050844192505,0.6092399954795837,-0.009149367921054363,0.5469841361045837,0.6408554911613464,-0.015213524922728539,0.5479201078414917,0.6694947481155396,-0.01831713691353798,0.568219006061554,0.6577960252761841,6.416162068489939e-05,0.5670669078826904,0.6040732860565186,-0.010045083239674568,0.5628669261932373,0.6482210755348206,-0.010343795642256737,0.5630612969398499,0.6738205552101135,-0.00796077586710453,0.5824728012084961,0.6641311645507812,-0.0033792906906455755,0.5843064785003662,0.6163468360900879,-0.01168450154364109,0.5787400007247925,0.6527985334396362,-0.005442055873572826,0.5780755281448364,0.6814841032028198,0.0011618189746513963,0.5987769365310669,0.6839430332183838,-0.008199839852750301,0.598064661026001,0.6409488916397095,-0.01422138698399067,0.5915412306785583,0.6621885299682617,-0.010448670014739037,0.5887730717658997,0.686820387840271,-0.005857975222170353,0.26049092411994934,0.5012790560722351,-1.5129857899864874e-07,0.23795051872730255,0.4830467104911804,-0.010574414394795895,0.226146399974823,0.438633531332016,-0.01430945098400116,0.23552240431308746,0.40218010544776917,-0.018030554056167603,0.2528410851955414,0.39840829372406006,-0.01972786895930767,0.2293131947517395,0.3919553756713867,-0.0025725876912474632,0.2250281721353531,0.3418693542480469,-0.012899397872388363,0.22373966872692108,0.3550674021244049,-0.01896129734814167,0.22539283335208893,0.3819485306739807,-0.021449940279126167,0.24446088075637817,0.3850843012332916,-0.001697177067399025,0.2413148283958435,0.3293173909187317,-0.011936194263398647,0.2377554178237915,0.3503035306930542,-0.014893299899995327,0.2389833927154541,0.37860456109046936,-0.01389357540756464,0.2592433989048004,0.3868432939052582,-0.0031642576213926077,0.2584887444972992,0.33721020817756653,-0.013000215403735638,0.2536024749279022,0.3549608886241913,-0.012841500341892242,0.2541227340698242,0.3817231357097626,-0.009611048735678196,0.27522096037864685,0.39660727977752686,-0.00598504114896059,0.27332285046577454,0.3590801954269409,-0.014401935040950775,0.2688796818256378,0.36687880754470825,-0.015809152275323868,0.2677901089191437,0.3884841799736023,-0.01445457711815834
15,0.5797203779220581,0.7975929379463196,-2.445930533667706e-07,0.553354024887085,0.7704622149467468,-0.0040770405903458595,0.5381494760513306,0.729508638381958,-0.006991529371589422,0.5504978895187378,0.6995452642440796,-0.010925955139100552,0.5698923468589783,0.7088627815246582,-0.011843334883451462,0.5500402450561523,0.659493088722229,0.0033333110623061657,0.5481703281402588,0.6085707545280457,-0.00719530088827014,0.5464577078819275,0.6415059566497803,-0.01354927197098732,0.5474051237106323,0.66911780834198,-0.01692318543791771,0.5676803588867188,0.6574352383613586,0.0013531441800296307,0.5660586357116699,0.6039639711380005,-0.008371385745704174,0.5627468824386597,0.6495214700698853,-0.00770961120724678,0.5630694627761841,0.67170649766922,-0.004784093704074621,0.582173228263855,0.6646497845649719,-0.002669806592166424,0.5841101408004761,0.6171436309814453,-0.009203409776091576,0.5790532231330872,0.6538207530975342,-0.00043741476838476956,0.5784030556678772,0.6803342700004578,0.00758556742221117,0.5982092022895813,0.6857677698135376,-0.00799906998872757,0.5980230569839478,0.6421793103218079,-0.011363737285137177,0.5912027359008789,0.6624225974082947,-0.005402989685535431,0.5887588858604431,0.6857314705848694,0.0004363414191175252,0.26043280959129333,0.5009105801582336,-9.577687620776487e-08,0.23868286609649658,0.4829484224319458,-0.012220705859363079,0.22820588946342468,0.43815430998802185,-0.017104685306549072,0.2377128154039383,0.40307825803756714,-0.021830683574080467,0.25509077310562134,0.39971527457237244,-0.024496544152498245,0.23008134961128235,0.3892674148082733,-0.004380004480481148,0.2261500358581543,0.3413957357406616,-0.016120964661240578,0.2255893498659134,0.3521708846092224,-0.02364487573504448,0.22679093480110168,0.3786129951477051,-0.026931121945381165,0.24498988687992096,0.38310760259628296,-0.0030654300935566425,0.2416919767856598,0.3301013112068176,-0.014141552150249481,0.2383023202419281,0.3504641652107239,-0.018620966002345085,0.23947611451148987,0.3793470859527588,-0.01890752837061882,0.25931090116500854,0.3858846127986908,-0.004318917170166969,0.2595756947994232,0.3373298645019531,-0.015085449442267418,0.25409650802612305,0.35380733013153076,-0.01681431010365486,0.2536293566226959,0.38278859853744507,-0.014833458699285984,0.27528709173202515,0.39599043130874634,-0.006985445506870747,0.27502015233039856,0.35980862379074097,-0.016234299167990685,0.27068039774894714,0.3655931353569031,-0.019274037331342697,0.2686515748500824,0.3865455985069275,-0.01915743015706539
16,0.5802982449531555,0.7976917028427124,-2.448714440106414e-07,0.5534787774085999,0.7701048851013184,-0.004036245867609978,0.5380268692970276,0.7289947867393494,-0.0069176675751805305,0.5500165820121765,0.6984970569610596,-0.010831361636519432,0.5691969394683838,0.7080704569816589,-0.011805197224020958,0.5499492287635803,0.6590079069137573,0.0033189982641488314,0.5477088689804077,0.6083976030349731,-0.0074923159554600716,0.5461696982383728,0.6409919261932373,-0.014124906621873379,0.5472021102905273,0.6684074401855469,-0.017620692029595375,0.5677986145019531,0.6568546891212463,0.0012663481757044792,0.5660140514373779,0.6033859252929688,-0.008566614240407944,0.5626732110977173,0.6487122774124146,-0.007991118356585503,0.562865674495697,0.6712436676025391,-0.005055262241512537,0.5824481248855591,0.6642639636993408,-0.002841358305886388,0.5842592716217041,0.6168368458747864,-0.00954484660178423,0.579129159450531,0.6536058783531189,-0.0009296131902374327,0.5784437656402588,0.6803455352783203,0.007116451859474182,0.5985072255134583,0.685873806476593,-0.008244757540524006,0.5982730984687805,0.6420760154724121,-0.01164317224174738,0.591346800327301,0.6621842384338379,-0.005631215870380402,0.5887885093688965,0.6857312917709351,0.00032459295471198857,0.261043906211853,0.5014396905899048,-1.1081017703418183e-07,0.23867440223693848,0.4821317493915558,-0.010961241088807583,0.2272733896970749,0.43858593702316284,-0.015275227837264538,0.2369207739830017,0.40381473302841187,-0.01975654624402523,0.25457558035850525,0.40173888206481934,-0.022129856050014496,0.2300444394350052,0.39047059416770935,-0.0028715692460536957,0.22628459334373474,0.3403583765029907,-0.013493488542735577,0.22499310970306396,0.3519837260246277,-0.01959909126162529,0.22638563811779022,0.3779195249080658,-0.02193828485906124,0.2447485327720642,0.383920282125473,-0.002121151424944401,0.2420165091753006,0.3284740447998047,-0.012633700855076313,0.2380622774362564,0.34921014308929443,-0.015935633331537247,0.2396109402179718,0.37794730067253113,-0.015094306319952011,0.25931113958358765,0.38637080788612366,-0.0038143438287079334,0.2598315179347992,0.3373996615409851,-0.013860206119716167,0.2539423108100891,0.35518473386764526,-0.014470509253442287,0.253874808549881,0.382817804813385,-0.011560209095478058,0.275319904088974,0.39630359411239624,-0.006872829049825668,0.2760956585407257,0.3589431643486023,-0.014975606463849545,0.2708315849304199,0.3660240173339844,-0.016765667125582695,0.2685222327709198,0.38777557015419006,-0.0157131627202034
17,0.580055832862854,0.794743537902832,-2.3536081528163777e-07,0.553457498550415,0.7722300887107849,-0.007008128333836794,0.5373921990394592,0.7284160256385803,-0.010354236699640751,0.5498334169387817,0.699154794216156,-0.014371482655405998,0.5698806047439575,0.70997554063797,-0.015951406210660934,0.5495082139968872,0.6594172120094299,0.0017781696515157819,0.547699511051178,0.608034074306488,-0.009087872691452503,0.5461041927337646,0.6395718455314636,-0.015805885195732117,0.5468586683273315,0.6675052046775818,-0.019209833815693855,0.5671784281730652,0.6563000679016113,0.00048526746104471385,0.5662078857421875,0.6044268608093262,-0.00939598586410284,0.5630567669868469,0.6488368511199951,-0.010250995866954327,0.5633351802825928,0.6743675470352173,-0.008127300068736076,0.5822997689247131,0.6634129881858826,-0.003200999228283763,0.5844646096229553,0.6169067025184631,-0.011208035051822662,0.5790970325469971,0.6541866660118103,-0.005942329298704863,0.5782286524772644,0.6816109418869019,-2.2526219254359603e-06,0.5986003875732422,0.6833080053329468,-0.008271781727671623,0.5980743169784546,0.6423634886741638,-0.013936921954154968,0.5913153886795044,0.6638132929801941,-0.010567300952970982,0.5889090895652771,0.6871818900108337,-0.006355806719511747,0.2601385712623596,0.5008599758148193,-1.153016384591865e-07,0.2380981296300888,0.48265913128852844,-0.01064147800207138,0.22840426862239838,0.4375580847263336,-0.014336416497826576,0.23819762468338013,0.4037656784057617,-0.01814419962465763,0.25405916571617126,0.39954060316085815,-0.02004702016711235,0.23062647879123688,0.3903445303440094,-0.003189780516549945,0.22623449563980103,0.341301828622818,-0.014256734400987625,0.2246682345867157,0.3513913154602051,-0.02070303075015545,0.22572575509548187,0.3782258629798889,-0.023074844852089882,0.24475429952144623,0.3836878836154938,-0.002447073580697179,0.24122793972492218,0.32900094985961914,-0.013404200784862041,0.23738844692707062,0.3483831286430359,-0.01683701016008854,0.23885849118232727,0.3787671625614166,-0.016036920249462128,0.25943705439567566,0.3861423134803772,-0.004180595278739929,0.25940990447998047,0.3360731303691864,-0.014809681102633476,0.2536287307739258,0.35220661759376526,-0.016073524951934814,0.25347766280174255,0.3805951476097107,-0.013650032691657543,0.2756207585334778,0.3953706622123718,-0.00719187268987298,0.27542644739151,0.3588506877422333,-0.016400691121816635,0.27022993564605713,0.365081250667572,-0.019100552424788475,0.26810842752456665,0.38661956787109375,-0.018635032698512077
18,0.580055832862854,0.794743537902832,-2.3536081528163777e-07,0.553457498550415,0.7722300887107849,-0.007008128333836794,0.5373921990394592,0.7284160256385803,-0.010354236699640751,0.5498334169387817,0.699154794216156,-0.014371482655405998,0.5698806047439575,0.70997554063797,-0.015951406210660934,0.5495082139968872,0.6594172120094299,0.0017781696515157819,0.547699511051178,0.608034074306488,-0.009087872691452503,0.5461041927337646,0.6395718455314636,-0.015805885195732117,0.5468586683273315,0.6675052046775818,-0.019209833815693855,0.5671784281730652,0.6563000679016113,0.00048526746104471385,0.5662078857421875,0.6044268608093262,-0.00939598586410284,0.5630567669868469,0.6488368511199951,-0.010250995866954327,0.5633351802825928,0.6743675470352173,-0.008127300068736076,0.5822997689247131,0.6634129881858826,-0.003200999228283763,0.5844646096229553,0.6169067025184631,-0.011208035051822662,0.5790970325469971,0.6541866660118103,-0.005942329298704863,0.5782286524772644,0.6816109418869019,-2.2526219254359603e-06,0.5986003875732422,0.6833080053329468,-0.008271781727671623,0.5980743169784546,0.6423634886741638,-0.013936921954154968,0.5913153886795044,0.6638132929801941,-0.010567300952970982,0.5889090895652771,0.6871818900108337,-0.006355806719511747,0.2601385712623596,0.5008599758148193,-1.153016384591865e-07,0.2380981296300888,0.48265913128852844,-0.01064147800207138,0.22840426862239838,0.4375580847263336,-0.014336416497826576,0.23819762468338013,0.4037656784057617,-0.01814419962465763,0.25405916571617126,0.39954060316085815,-0.02004702016711235,0.23062647879123688,0.3903445303440094,-0.003189780516549945,0.22623449563980103,0.341301828622818,-0.014256734400987625,0.2246682345867157,0.3513913154602051,-0.02070303075015545,0.22572575509548187,0.3782258629798889,-0.023074844852089882,0.24475429952144623,0.3836878836154938,-0.002447073580697179,0.24122793972492218,0.32900094985961914,-0.013404200784862041,0.23738844692707062,0.3483831286430359,-0.01683701016008854,0.23885849118232727,0.3787671625614166,-0.016036920249462128,0.25943705439567566,0.3861423134803772,-0.004180595278739929,0.25940990447998047,0.3360731303691864,-0.014809681102633476,0.2536287307739258,0.35220661759376526,-0.016073524951934814,0.25347766280174255,0.3805951476097107,-0.013650032691657543,0.2756207585334778,0.3953706622123718,-0.00719187268987298,0.27542644739151,0.3588506877422333,-0.016400691121816635,0.27022993564605713,0.365081250667572,-0.019100552424788475,0.26810842752456665,0.38661956787109375,-0.018635032698512077
19,0.5803868770599365,0.7952610850334167,-2.4298290668411937e-07,0.5539529323577881,0.7722163200378418,-0.008305101655423641,0.5384447574615479,0.7282814979553223,-0.012412467040121555,0.5509739518165588,0.7000125050544739,-0.016923973336815834,0.5695315599441528,0.7073105573654175,-0.018940625712275505,0.551175594329834,0.6614390015602112,-0.0003721754183061421,0.5482556223869324,0.6085562109947205,-0.011737015098333359,0.5461466312408447,0.6405511498451233,-0.01822834089398384,0.5475326180458069,0.6695020198822021,-0.02131495252251625,0.5684558153152466,0.6594406962394714,-0.001297300448641181,0.5669048428535461,0.6031613349914551,-0.012098079547286034,0.5623866319656372,0.6459566950798035,-0.012959030456840992,0.5633042454719543,0.6726486682891846,-0.010715959593653679,0.5829802751541138,0.6659006476402283,-0.004701919853687286,0.5841329097747803,0.6165521144866943,-0.01439526304602623,0.5781906247138977,0.6536843776702881,-0.009468289092183113,0.5786014795303345,0.6828439831733704,-0.0034620333462953568,0.6000447869300842,0.6848999261856079,-0.009482141584157944,0.5982314944267273,0.6423195004463196,-0.017193887382745743,0.5913044214248657,0.6645845174789429,-0.014536463655531406,0.5892102718353271,0.6893921494483948,-0.010488190688192844,0.2599252164363861,0.4985693693161011,-1.5222695992633817e-07,0.23844940960407257,0.48193761706352234,-0.011460408568382263,0.22721999883651733,0.4389711022377014,-0.01558070257306099,0.23612768948078156,0.40294182300567627,-0.01961108297109604,0.25247135758399963,0.39604055881500244,-0.021852735430002213,0.2298039048910141,0.3903663158416748,-0.004165954887866974,0.22480729222297668,0.3400750756263733,-0.014915551990270615,0.2234613597393036,0.3472100496292114,-0.021341761574149132,0.22468796372413635,0.37189850211143494,-0.02413821779191494,0.24499009549617767,0.3841452896595001,-0.003114991821348667,0.24020276963710785,0.32845407724380493,-0.014371913857758045,0.23751191794872284,0.3460952639579773,-0.018547140061855316,0.23881588876247406,0.37592563033103943,-0.018491806462407112,0.260008841753006,0.3868204653263092,-0.004400378558784723,0.2579188644886017,0.33544203639030457,-0.015360615216195583,0.2543208599090576,0.3509872257709503,-0.01682375930249691,0.25519853830337524,0.37946805357933044,-0.014753920957446098,0.27577024698257446,0.396869033575058,-0.007000294514000416,0.27351438999176025,0.357858270406723,-0.016929354518651962,0.2694292962551117,0.36343979835510254,-0.019870340824127197,0.26839765906333923,0.385035902261734,-0.019617535173892975
20,0.5798994302749634,0.7980363368988037,-2.4353218464057136e-07,0.5536105632781982,0.7709267139434814,-0.006175038404762745,0.5383318662643433,0.7292674779891968,-0.00998298916965723,0.550670862197876,0.7002162933349609,-0.014595733024179935,0.5691959857940674,0.7094679474830627,-0.0164165161550045,0.5508784651756287,0.6592989563941956,0.0021675187163054943,0.5484437942504883,0.6083881855010986,-0.008400804363191128,0.546180784702301,0.6409082412719727,-0.01474587433040142,0.54703289270401,0.6689666509628296,-0.018018290400505066,0.568244993686676,0.6576123237609863,0.0006837781984359026,0.5670563578605652,0.6040692925453186,-0.009349491447210312,0.5626181364059448,0.6487903594970703,-0.009473179467022419,0.5627394318580627,0.6729209423065186,-0.0070034898817539215,0.5825713276863098,0.6647095680236816,-0.003071672050282359,0.5844438076019287,0.6172170042991638,-0.010926804505288601,0.5786635279655457,0.6536288261413574,-0.0040184976533055305,0.5779235363006592,0.681318461894989,0.003026773454621434,0.5988244414329529,0.6854518055915833,-0.008195198141038418,0.5981901288032532,0.6419771313667297,-0.01290864683687687,0.5913403630256653,0.6625066995620728,-0.008133919909596443,0.5885655879974365,0.6865047216415405,-0.0029916863422840834,0.2601972818374634,0.5013648271560669,-1.1096481955519266e-07,0.2385794222354889,0.4828425943851471,-0.011704354546964169,0.22757506370544434,0.43825095891952515,-0.016075031831860542,0.23713380098342896,0.4031849801540375,-0.020357245579361916,0.25347471237182617,0.4001992642879486,-0.02253774367272854,0.23026393353939056,0.39136019349098206,-0.0035716767888516188,0.22547735273838043,0.3411114811897278,-0.014149419963359833,0.22511406242847443,0.3521202504634857,-0.020099254325032234,0.22755390405654907,0.3780292272567749,-0.022314298897981644,0.244941845536232,0.38406631350517273,-0.002338574267923832,0.24114243686199188,0.32638487219810486,-0.01347183808684349,0.23760586977005005,0.34634751081466675,-0.016764400526881218,0.23920413851737976,0.37697887420654297,-0.015520221553742886,0.259716659784317,0.38609805703163147,-0.003555653151124716,0.2589063048362732,0.3349560797214508,-0.014134442433714867,0.2537924349308014,0.35080158710479736,-0.015003962442278862,0.25440114736557007,0.37911441922187805,-0.01198553666472435,0.2758043706417084,0.3958769738674164,-0.00618163263425231,0.2750900387763977,0.3587407171726227,-0.01470676064491272,0.2702310383319855,0.3641864061355591,-0.016938498243689537,0.26898840069770813,0.3853961229324341,-0.01601160131394863
21,0.5798994302749634,0.7980363368988037,-2.4353218464057136e-07,0.5536105632781982,0.7709267139434814,-0.006175038404762745,0.5383318662643433,0.7292674779891968,-0.00998298916965723,0.550670862197876,0.7002162933349609,-0.014595733024179935,0.5691959857940674,0.7094679474830627,-0.0164165161550045,0.5508784651756287,0.6592989563941956,0.0021675187163054943,0.5484437942504883,0.6083881855010986,-0.008400804363191128,0.546180784702301,0.6409082412719727,-0.01474587433040142,0.54703289270401,0.6689666509628296,-0.018018290400505066,0.568244993686676,0.6576123237609863,0.0006837781984359026,0.5670563578605652,0.6040692925453186,-0.009349491447210312,0.5626181364059448,0.6487903594970703,-0.009473179467022419,0.5627394318580627,0.6729209423065186,-0.0070034898817539215,0.5825713276863098,0.6647095680236816,-0.003071672050282359,0.5844438076019287,0.6172170042991638,-0.010926804505288601,0.5786635279655457,0.6536288261413574,-0.0040184976533055305,0.5779235363006592,0.681318461894989,0.003026773454621434,0.5988244414329529,0.6854518055915833,-0.008195198141038418,0.5981901288032532,0.6419771313667297,-0.01290864683687687,0.5913403630256653,0.6625066995620728,-0.008133919909596443,0.5885655879974365,0.6865047216415405,-0.0029916863422840834,0.2601972818374634,0.5013648271560669,-1.1096481955519266e-07,0.2385794222354889,0.4828425943851471,-0.011704354546964169,0.22757506370544434,0.43825095891952515,-0.016075031831860542,0.23713380098342896,0.4031849801540375,-0.020357245579361916,0.25347471237182617,0.4001992642879486,-0.02253774367272854,0.23026393353939056,0.39136019349098206,-0.0035716767888516188,0.22547735273838043,0.3411114811897278,-0.014149419963359833,0.22511406242847443,0.3521202504634857,-0.020099254325032234,0.22755390405654907,0.3780292272567749,-0.022314298897981644,0.244941845536232,0.38406631350517273,-0.002338574267923832,0.24114243686199188,0.32638487219810486,-0.01347183808684349,0.23760586977005005,0.34634751081466675,-0.016764400526881218,0.23920413851737976,0.37697887420654297,-0.015520221553742886,0.259716659784317,0.38609805703163147,-0.003555653151124716,0.2589063048362732,0.3349560797214508,-0.014134442433714867,0.2537924349308014,0.35080158710479736,-0.015003962442278862,0.25440114736557007,0.37911441922187805,-0.01198553666472435,0.2758043706417084,0.3958769738674164,-0.00618163263425231,0.2750900387763977,0.3587407171726227,-0.01470676064491272,0.2702310383319855,0.3641864061355591,-0.016938498243689537,0.26898840069770813,0.3853961229324341,-0.01601160131394863
22,0.5795659422874451,0.7978060245513916,-2.467697015617887e-07,0.5526946187019348,0.7720679044723511,-0.0065637133084237576,0.5375016331672668,0.7292137145996094,-0.01014360599219799,0.5503678917884827,0.6995440721511841,-0.014429724775254726,0.5690357685089111,0.7083581686019897,-0.015932602807879448,0.5508508086204529,0.6600064039230347,0.0021499409340322018,0.5486667156219482,0.60862797498703,-0.008233927190303802,0.5459224581718445,0.6413896679878235,-0.014293394051492214,0.5467607378959656,0.6696562767028809,-0.01734304055571556,0.5683949589729309,0.6579649448394775,0.000796632724814117,0.5674156546592712,0.6037974953651428,-0.009558246470987797,0.5621942281723022,0.6483114957809448,-0.009711907245218754,0.5624147057533264,0.673224925994873,-0.00702865282073617,0.5827711224555969,0.6648285388946533,-0.0028834212571382523,0.5846216678619385,0.6169918775558472,-0.011243817396461964,0.5782254338264465,0.6536009907722473,-0.004582915920764208,0.5777386426925659,0.6815758347511292,0.0025018632877618074,0.5993515849113464,0.6855005621910095,-0.007931687869131565,0.59846031665802,0.6423066854476929,-0.012875465676188469,0.5911778807640076,0.6635666489601135,-0.008175666444003582,0.5885750651359558,0.6877934336662292,-0.0030157719738781452,0.2603299021720886,0.4979296624660492,-1.5340664560881123e-07,0.23813286423683167,0.4805733859539032,-0.010571237653493881,0.2268962264060974,0.4361998438835144,-0.014081253670156002,0.23592841625213623,0.3996000587940216,-0.017732568085193634,0.25206562876701355,0.39309775829315186,-0.01949511282145977,0.23016127943992615,0.389149934053421,-0.0024900452699512243,0.22539320588111877,0.33783113956451416,-0.013046739622950554,0.22434602677822113,0.34821027517318726,-0.019246863201260567,0.22590264678001404,0.373829185962677,-0.021695464849472046,0.24520619213581085,0.38316765427589417,-0.0016634211642667651,0.2408556044101715,0.32640528678894043,-0.012333260849118233,0.23806464672088623,0.3457745611667633,-0.015802990645170212,0.23939138650894165,0.3751172423362732,-0.015027971938252449,0.2599920630455017,0.38576579093933105,-0.0032109597232192755,0.2583051919937134,0.33458274602890015,-0.013554533012211323,0.25386810302734375,0.35109350085258484,-0.013935140334069729,0.25437313318252563,0.37886911630630493,-0.010895432904362679,0.275752991437912,0.3955680727958679,-0.006089393049478531,0.27395176887512207,0.3562127947807312,-0.014877033419907093,0.2691361904144287,0.3615248501300812,-0.016641870141029358,0.26740825176239014,0.3826926648616791,-0.01545195933431387
23,0.5797642469406128,0.7959610223770142,-2.322975944935024e-07,0.5529820919036865,0.7723491191864014,-0.009076515212655067,0.5376130938529968,0.7273578643798828,-0.013494609855115414,0.5501112937927246,0.6987049579620361,-0.018266556784510612,0.5688750147819519,0.7071738243103027,-0.02062057889997959,0.5514335036277771,0.6612056493759155,-0.0009594747680239379,0.5485861301422119,0.6085695028305054,-0.011908688582479954,0.5457491874694824,0.6402039527893066,-0.01814841665327549,0.5467817187309265,0.6690837144851685,-0.021179424598813057,0.5684689879417419,0.6589097380638123,-0.0016067447140812874,0.5665697455406189,0.6052289009094238,-0.012164042331278324,0.5617342591285706,0.6479936838150024,-0.013128204271197319,0.5627384781837463,0.6752503514289856,-0.011020596139132977,0.5829877257347107,0.6655453443527222,-0.004763709846884012,0.5840208530426025,0.6163831949234009,-0.014272256754338741,0.5779341459274292,0.6526371836662292,-0.00982047338038683,0.5782376527786255,0.6821160912513733,-0.004201019182801247,0.5994694232940674,0.6844061613082886,-0.00936559122055769,0.5981444716453552,0.6419015526771545,-0.017060082405805588,0.5910911560058594,0.66324782371521,-0.014757143333554268,0.5887717604637146,0.688022792339325,-0.010982220992445946,0.2596158981323242,0.4998614192008972,-1.5862070767980185e-07,0.23773954808712006,0.4797653257846832,-0.009765655733644962,0.2268289029598236,0.43597254157066345,-0.013100335374474525,0.23607836663722992,0.3995833992958069,-0.016878854483366013,0.2529546022415161,0.3937188684940338,-0.018794815987348557,0.22936509549617767,0.3896445631980896,-0.0012264663819223642,0.22518062591552734,0.3374690115451813,-0.01152597926557064,0.22404596209526062,0.3460329473018646,-0.01759541966021061,0.2255808562040329,0.37089863419532776,-0.01994423381984234,0.24452395737171173,0.38339096307754517,-0.0008077608654275537,0.24049875140190125,0.3262808322906494,-0.011523564346134663,0.23785503208637238,0.34471479058265686,-0.01524524949491024,0.2393822968006134,0.37524884939193726,-0.01462590042501688,0.25978508591651917,0.3860011696815491,-0.002713489346206188,0.2585165798664093,0.33343246579170227,-0.013189764693379402,0.25378113985061646,0.3491244316101074,-0.014072439633309841,0.253948837518692,0.37811389565467834,-0.011279369704425335,0.27574920654296875,0.39580589532852173,-0.0058703068643808365,0.2743147313594818,0.35607215762138367,-0.014569119550287724,0.2695455551147461,0.3604893386363983,-0.016599975526332855,0.26774826645851135,0.38207173347473145,-0.015599370002746582
24,0.5788012742996216,0.7975670695304871,-2.462884651777131e-07,0.5524328947067261,0.7712363004684448,-0.005614298861473799,0.5372729301452637,0.729290783405304,-0.008844790048897266,0.5499101281166077,0.6979163289070129,-0.01280386932194233,0.568962037563324,0.7033443450927734,-0.014051206409931183,0.5495985746383667,0.6621596217155457,0.0017316892044618726,0.5475731492042542,0.6102118492126465,-0.00861844327300787,0.54570472240448,0.6418002843856812,-0.014484253711998463,0.5467337965965271,0.6701642274856567,-0.017410142347216606,0.567482054233551,0.659875750541687,7.62434137868695e-05,0.5666335225105286,0.604861855506897,-0.010489298030734062,0.5624627470970154,0.6492301821708679,-0.01079893670976162,0.5628882646560669,0.6741448640823364,-0.00830250047147274,0.5822759866714478,0.6663734316825867,-0.0036488401237875223,0.5839276909828186,0.6181177496910095,-0.01208958774805069,0.5782648921012878,0.6551745533943176,-0.005220871418714523,0.5779212713241577,0.6829161643981934,0.001930029015056789,0.5991972088813782,0.6867898106575012,-0.008572948165237904,0.5981602072715759,0.64284348487854,-0.013461400754749775,0.5913456678390503,0.6645397543907166,-0.008375560864806175,0.5888145565986633,0.6889709234237671,-0.002967666834592819,0.2579752802848816,0.49821358919143677,-1.5491774263409752e-07,0.23722316324710846,0.47912389039993286,-0.010513238608837128,0.22720599174499512,0.4367160201072693,-0.014240466058254242,0.23705518245697021,0.39984187483787537,-0.018116438761353493,0.2530115246772766,0.396147757768631,-0.019915957003831863,0.2291187196969986,0.3924288749694824,-0.0031765049789100885,0.2237468957901001,0.3396225571632385,-0.01404041238129139,0.22311384975910187,0.3485602140426636,-0.020272724330425262,0.22519823908805847,0.37481191754341125,-0.02260279655456543,0.24396270513534546,0.38591238856315613,-0.0023553206119686365,0.23952852189540863,0.32633131742477417,-0.014001080766320229,0.23741455376148224,0.34290626645088196,-0.01804390922188759,0.2394772171974182,0.37447282671928406,-0.01751820184290409,0.2594621777534485,0.3881358802318573,-0.00383779127150774,0.2576585114002228,0.33447954058647156,-0.014681186527013779,0.25395873188972473,0.34699925780296326,-0.016353799030184746,0.25451594591140747,0.37473955750465393,-0.014082960784435272,0.27516651153564453,0.39709436893463135,-0.006619947496801615,0.2740364074707031,0.35728126764297485,-0.01485752034932375,0.2695067524909973,0.35915905237197876,-0.01730143465101719,0.267551451921463,0.3796536922454834,-0.016840746626257896
25,0.5788012742996216,0.7975670695304871,-2.462884651777131e-07,0.5524328947067261,0.7712363004684448,-0.005614298861473799,0.5372729301452637,0.729290783405304,-0.008844790048897266,0.5499101281166077,0.6979163289070129,-0.01280386932194233,0.568962037563324,0.7033443450927734,-0.014051206409931183,0.5495985746383667,0.6621596217155457,0.0017316892044618726,0.5475731492042542,0.6102118492126465,-0.00861844327300787,0.54570472240448,0.6418002843856812,-0.014484253711998463,0.5467337965965271,0.6701642274856567,-0.017410142347216606,0.567482054233551,0.659875750541687,7.62434137868695e-05,0.5666335225105286,0.604861855506897,-0.010489298030734062,0.5624627470970154,0.6492301821708679,-0.01079893670976162,0.5628882646560669,0.6741448640823364,-0.00830250047147274,0.5822759866714478,0.6663734316825867,-0.0036488401237875223,0.5839276909828186,0.6181177496910095,-0.01208958774805069,0.5782648921012878,0.6551745533943176,-0.005220871418714523,0.5779212713241577,0.6829161643981934,0.001930029015056789,0.5991972088813782,0.6867898106575012,-0.008572948165237904,0.5981602072715759,0.64284348487854,-0.013461400754749775,0.5913456678390503,0.6645397543907166,-0.008375560864806175,0.5888145565986633,0.6889709234237671,-0.002967666834592819,0.2579752802848816,0.49821358919143677,-1.5491774263409752e-07,0.23722316324710846,0.47912389039993286,-0.010513238608837128,0.22720599174499512,0.4367160201072693,-0.014240466058254242,0.23705518245697021,0.39984187483787537,-0.018116438761353493,0.2530115246772766,0.396147757768631,-0.019915957003831863,0.2291187196969986,0.3924288749694824,-0.0031765049789100885,0.2237468957901001,0.3396225571632385,-0.01404041238129139,0.22311384975910187,0.3485602140426636,-0.020272724330425262,0.22519823908805847,0.37481191754341125,-0.02260279655456543,0.24396270513534546,0.38591238856315613,-0.0023553206119686365,0.23952852189540863,0.32633131742477417,-0.014001080766320229,0.23741455376148224,0.34290626645088196,-0.01804390922188759,0.2394772171974182,0.37447282671928406,-0.01751820184290409,0.2594621777534485,0.3881358802318573,-0.00383779127150774,0.2576585114002228,0.33447954058647156,-0.014681186527013779,0.25395873188972473,0.34699925780296326,-0.016353799030184746,0.25451594591140747,0.37473955750465393,-0.014082960784435272,0.27516651153564453,0.39709436893463135,-0.006619947496801615,0.2740364074707031,0.35728126764297485,-0.01485752034932375,0.2695067524909973,0.35915905237197876,-0.01730143465101719,0.267551451921463,0.3796536922454834,-0.016840746626257896
26,0.5785171985626221,0.7944162487983704,-2.1865766086648364e-07,0.5524319410324097,0.7712190747261047,-0.008835739456117153,0.5366005301475525,0.7263410091400146,-0.013342499732971191,0.5487360954284668,0.696851372718811,-0.018220340833067894,0.5678438544273376,0.7078641653060913,-0.020768793299794197,0.5496166944503784,0.6599233150482178,-0.0006835621898062527,0.5472351908683777,0.6101101040840149,-0.011583354324102402,0.5454152226448059,0.642024576663971,-0.017903301864862442,0.5469068884849548,0.67054682970047,-0.021018430590629578,0.5669317841529846,0.6569527387619019,-0.0014936394290998578,0.5657625198364258,0.6045243740081787,-0.011702955700457096,0.5613996386528015,0.6477354168891907,-0.012316658161580563,0.5620490908622742,0.6740884184837341,-0.00988087523728609,0.5817689299583435,0.6637390851974487,-0.004775601904839277,0.5834622979164124,0.615992546081543,-0.01350121758878231,0.577476441860199,0.6520853042602539,-0.008305313996970654,0.5771811008453369,0.6800259947776794,-0.0022055376321077347,0.5981205105781555,0.6830100417137146,-0.009553425014019012,0.5972570776939392,0.6408184766769409,-0.01619812287390232,0.5899980664253235,0.6617474555969238,-0.01315051969140768,0.5873363018035889,0.6853109002113342,-0.008953527547419071,0.25951719284057617,0.4961717128753662,-1.6087794563190982e-07,0.23835866153240204,0.47807300090789795,-0.010622111149132252,0.22633185982704163,0.43560338020324707,-0.015074844472110271,0.2353917360305786,0.39842087030410767,-0.01970338076353073,0.25163039565086365,0.39513716101646423,-0.02245461754500866,0.22894613444805145,0.38601580262184143,-0.0031081789638847113,0.2233356237411499,0.33611008524894714,-0.013818762265145779,0.22245851159095764,0.3486737012863159,-0.02032676339149475,0.2250094711780548,0.3739122748374939,-0.0231782216578722,0.24427303671836853,0.3801281750202179,-0.0025905086658895016,0.24042771756649017,0.32409316301345825,-0.013403058052062988,0.23733103275299072,0.3445882797241211,-0.01718103513121605,0.2392013669013977,0.373722106218338,-0.01695508137345314,0.259752482175827,0.383104145526886,-0.0043717543594539165,0.25856009125709534,0.3320060968399048,-0.014740241691470146,0.25372517108917236,0.35004499554634094,-0.01590644381940365,0.25384464859962463,0.377280056476593,-0.013685652986168861,0.2754371762275696,0.3929896354675293,-0.007442897651344538,0.2742467522621155,0.3537406921386719,-0.015308818779885769,0.26933524012565613,0.35980579257011414,-0.017024224624037743,0.2676267921924591,0.3805556297302246,-0.016303859651088715
27,0.5785238146781921,0.7939116358757019,-2.197784425561622e-07,0.5523922443389893,0.77110755443573,-0.008515478111803532,0.5364990234375,0.7264313697814941,-0.01286308467388153,0.5487977862358093,0.6969237327575684,-0.01763506606221199,0.5685852766036987,0.7071954011917114,-0.020113252103328705,0.5496641397476196,0.6603190302848816,-0.0007215143414214253,0.5474323630332947,0.6085034608840942,-0.01125454343855381,0.5451768040657043,0.6390646696090698,-0.017218926921486855,0.5461534261703491,0.667510986328125,-0.02016349881887436,0.5669058561325073,0.6572187542915344,-0.001643441617488861,0.5653998851776123,0.6042535901069641,-0.011572543531656265,0.5610867738723755,0.6467939615249634,-0.012045317329466343,0.5616436004638672,0.673204779624939,-0.009585725143551826,0.5816479325294495,0.6640411019325256,-0.0049719177186489105,0.5830414295196533,0.6163628697395325,-0.013313117437064648,0.5772377848625183,0.6519367098808289,-0.00803377479314804,0.5768786072731018,0.6797811388969421,-0.0020281497854739428,0.5979222655296326,0.6831629276275635,-0.009777807630598545,0.5967105627059937,0.6410134434700012,-0.016341619193553925,0.5896432399749756,0.6616763472557068,-0.013395813293755054,0.5871629118919373,0.6853461861610413,-0.009341860190033913,0.2595927119255066,0.496329128742218,-1.579863919687341e-07,0.2381318360567093,0.4785391092300415,-0.01072990894317627,0.22650545835494995,0.435235857963562,-0.014783850871026516,0.2361539751291275,0.3980107605457306,-0.01889001950621605,0.253238707780838,0.39644700288772583,-0.02103111892938614,0.22870707511901855,0.3860659897327423,-0.002613035263493657,0.22333499789237976,0.3366970717906952,-0.01295185461640358,0.2224060744047165,0.34852853417396545,-0.01911342330276966,0.22490425407886505,0.37409016489982605,-0.021746370941400528,0.24428129196166992,0.3799116313457489,-0.0018791822949424386,0.2407529056072235,0.32379859685897827,-0.012513814494013786,0.23716774582862854,0.34349361062049866,-0.016117654740810394,0.23883156478405,0.3730250597000122,-0.01557520218193531,0.259894460439682,0.3826991319656372,-0.003474700264632702,0.2589579224586487,0.33203887939453125,-0.013859161175787449,0.2537303864955902,0.3487444818019867,-0.015047156251966953,0.25375819206237793,0.3758721351623535,-0.012663397938013077,0.27567386627197266,0.39261773228645325,-0.006355701480060816,0.2742263972759247,0.35429641604423523,-0.014677879400551319,0.2692381739616394,0.35990095138549805,-0.016711154952645302,0.26780444383621216,0.38068780303001404,-0.01600031740963459
28,0.5785238146781921,0.7939116358757019,-2.197784425561622e-07,0.5523922443389893,0.77110755443573,-0.008515478111803532,0.5364990234375,0.7264313697814941,-0.01286308467388153,0.5487977862358093,0.6969237327575684,-0.01763506606221199,0.5685852766036987,0.7071954011917114,-0.020113252103328705,0.5496641397476196,0.6603190302848816,-0.0007215143414214253,0.5474323630332947,0.6085034608840942,-0.01125454343855381,0.5451768040657043,0.6390646696090698,-0.017218926921486855,0.5461534261703491,0.667510986328125,-0.02016349881887436,0.5669058561325073,0.6572187542915344,-0.001643441617488861,0.5653998851776123,0.6042535901069641,-0.011572543531656265,0.5610867738723755,0.6467939615249634,-0.012045317329466343,0.5616436004638672,0.673204779624939,-0.009585725143551826,0.5816479325294495,0.6640411019325256,-0.0049719177186489105,0.5830414295196533,0.6163628697395325,-0.013313117437064648,0.5772377848625183,0.6519367098808289,-0.00803377479314804,0.5768786072731018,0.6797811388969421,-0.0020281497854739428,0.5979222655296326,0.6831629276275635,-0.009777807630598545,0.5967105627059937,0.6410134434700012,-0.016341619193553925,0.5896432399749756,0.6616763472557068,-0.013395813293755054,0.5871629118919373,0.6853461861610413,-0.009341860190033913,0.2595927119255066,0.496329128742218,-1.579863919687341e-07,0.2381318360567093,0.4785391092300415,-0.01072990894317627,0.22650545835494995,0.435235857963562,-0.014783850871026516,0.2361539751291275,0.3980107605457306,-0.01889001950621605,0.253238707780838,0.39644700288772583,-0.02103111892938614,0.22870707511901855,0.3860659897327423,-0.002613035263493657,0.22333499789237976,0.3366970717906952,-0.01295185461640358,0.2224060744047165,0.34852853417396545,-0.01911342330276966,0.22490425407886505,0.37409016489982605,-0.021746370941400528,0.24428129196166992,0.3799116313457489,-0.0018791822949424386,0.2407529056072235,0.32379859685897827,-0.012513814494013786,0.23716774582862854,0.34349361062049866,-0.016117654740810394,0.23883156478405,0.3730250597000122,-0.01557520218193531,0.259894460439682,0.3826991319656372,-0.003474700264632702,0.2589579224586487,0.33203887939453125,-0.013859161175787449,0.2537303864955902,0.3487444818019867,-0.015047156251966953,0.25375819206237793,0.3758721351623535,-0.012663397938013077,0.27567386627197266,0.39261773228645325,-0.006355701480060816,0.2742263972759247,0.35429641604423523,-0.014677879400551319,0.2692381739616394,0.35990095138549805,-0.016711154952645302,0.26780444383621216,0.38068780303001404,-0.01600031740963459
29,0.5785965919494629,0.7936533689498901,-2.2284737610789307e-07,0.5521551966667175,0.772767186164856,-0.008197919465601444,0.5361493229866028,0.7274355292320251,-0.012478523887693882,0.5480912923812866,0.6972328424453735,-0.017356984317302704,0.5680038332939148,0.7073783278465271,-0.019900590181350708,0.548194169998169,0.6607584357261658,-0.0003867988707497716,0.5466710329055786,0.6075122356414795,-0.011385159566998482,0.5443974733352661,0.6404241323471069,-0.017843499779701233,0.5451570153236389,0.6691433191299438,-0.021046599373221397,0.5656265020370483,0.6577346324920654,-0.0015950268134474754,0.5647029280662537,0.6038475036621094,-0.011755735613405704,0.5611913800239563,0.6474712491035461,-0.012498466297984123,0.5617008805274963,0.6738665103912354,-0.010159080848097801,0.580863356590271,0.6646007299423218,-0.005241067614406347,0.5827100276947021,0.6156288981437683,-0.013598271645605564,0.5773559212684631,0.6515946984291077,-0.008553711697459221,0.5769412517547607,0.678867518901825,-0.002679825061932206,0.5973121523857117,0.6829822659492493,-0.010332681238651276,0.5961476564407349,0.6411508321762085,-0.01637354865670204,0.5891863107681274,0.6615063548088074,-0.013314289972186089,0.5867608785629272,0.6848796606063843,-0.00930140819400549,0.2605412006378174,0.4956754446029663,-1.6114155698687682e-07,0.23899826407432556,0.4769742488861084,-0.00924274418503046,0.22766146063804626,0.43516677618026733,-0.01233158353716135,0.23553809523582458,0.3979502022266388,-0.015922168269753456,0.2509387135505676,0.38666659593582153,-0.017605440691113472,0.2310182750225067,0.386201947927475,-0.00038086227141320705,0.22661350667476654,0.3343217670917511,-0.010322838090360165,0.2249198853969574,0.34333696961402893,-0.016191743314266205,0.22613917291164398,0.36869630217552185,-0.018342211842536926,0.24598824977874756,0.3804562985897064,-0.0001006442034849897,0.24245597422122955,0.3232961595058441,-0.010208072140812874,0.23866239190101624,0.34059762954711914,-0.013825624249875546,0.2395927906036377,0.3696293830871582,-0.013274487107992172,0.26068800687789917,0.38307666778564453,-0.0021053096279501915,0.259897917509079,0.33084654808044434,-0.012037541717290878,0.2544934153556824,0.3454119861125946,-0.012531287968158722,0.2545350193977356,0.3732786476612091,-0.009630871936678886,0.27633199095726013,0.3933970332145691,-0.005304976832121611,0.27533432841300964,0.3529002368450165,-0.013321668840944767,0.26996466517448425,0.3566822409629822,-0.014695520512759686,0.26782670617103577,0.3776825964450836,-0.013320562429726124
30,0.5789670348167419,0.7954165935516357,-2.2753688710963615e-07,0.5529717206954956,0.7723407745361328,-0.0068972473964095116,0.5368263721466064,0.7290142774581909,-0.010826798155903816,0.5485373139381409,0.6982259750366211,-0.015474842861294746,0.5682656168937683,0.7065213322639465,-0.017683465033769608,0.5485602617263794,0.660408616065979,0.0006799875991418958,0.5470162630081177,0.6093029975891113,-0.010345564223825932,0.5456279516220093,0.642106831073761,-0.01700209453701973,0.546381950378418,0.6707416772842407,-0.020353036001324654,0.5662109851837158,0.6574837565422058,-0.0008547543548047543,0.5652535557746887,0.6039389967918396,-0.01069702859967947,0.562049388885498,0.6479315757751465,-0.01107564102858305,0.5622618794441223,0.6731289029121399,-0.008703069761395454,0.5813711285591125,0.6641866564750671,-0.004690620116889477,0.5835744738578796,0.616113543510437,-0.012666228227317333,0.5782031416893005,0.6530923247337341,-0.00641484884545207,0.577383816242218,0.6804093718528748,0.00015907447959762067,0.5978631973266602,0.6834143996238708,-0.009897569194436073,0.5972870588302612,0.641175389289856,-0.015475833788514137,0.5902966260910034,0.6625742316246033,-0.011384067125618458,0.5874825119972229,0.6861826181411743,-0.0066407956182956696,0.2592049539089203,0.49501651525497437,-1.3568818246767478e-07,0.2386394739151001,0.4771603047847748,-0.010876023210585117,0.2278088927268982,0.4353916645050049,-0.01498959306627512,0.23606707155704498,0.39945775270462036,-0.019127989187836647,0.2517009675502777,0.3929261267185211,-0.021306850016117096,0.23136349022388458,0.388007253408432,-0.003230693284422159,0.22544829547405243,0.33886221051216125,-0.013885806314647198,0.22417421638965607,0.3499290943145752,-0.02005014941096306,0.2262107878923416,0.37517932057380676,-0.02250906638801098,0.24609024822711945,0.38169947266578674,-0.0024215970188379288,0.2415812611579895,0.3250954747200012,-0.013484694063663483,0.23784641921520233,0.34376564621925354,-0.016780301928520203,0.23948337137699127,0.3719106614589691,-0.015854107216000557,0.2608376443386078,0.3841480612754822,-0.003960824105888605,0.25952979922294617,0.3330068290233612,-0.014728236012160778,0.25430551171302795,0.3488250970840454,-0.014971397817134857,0.254815936088562,0.3753536343574524,-0.011723687872290611,0.27666500210762024,0.3942115604877472,-0.006815783679485321,0.2755524814128876,0.3555566370487213,-0.015516574494540691,0.270081490278244,0.36082178354263306,-0.016981542110443115,0.26819586753845215,0.3811631500720978,-0.015578621067106724
31,0.5787063241004944,0.796455979347229,-2.2507452968056896e-07,0.552216649055481,0.7724006772041321,-0.008211445063352585,0.5366788506507874,0.7281257510185242,-0.01248030737042427,0.5494545698165894,0.6989039778709412,-0.017215535044670105,0.5688896179199219,0.7089716196060181,-0.019520282745361328,0.5492624044418335,0.6602420210838318,0.00011629485379671678,0.5469829440116882,0.609951376914978,-0.010884503833949566,0.5455146431922913,0.6416783928871155,-0.017653392627835274,0.5465230941772461,0.6706801056861877,-0.021109338849782944,0.5668318867683411,0.6574470400810242,-0.0007256130338646472,0.5657459497451782,0.6043253540992737,-0.010710399597883224,0.5619100332260132,0.6482639312744141,-0.011564673855900764,0.562358021736145,0.6745527386665344,-0.009540936909615993,0.5815737247467041,0.6640684008598328,-0.004003418609499931,0.5833514332771301,0.6160091757774353,-0.012236826121807098,0.5779551267623901,0.6524218916893005,-0.007016265764832497,0.5775768756866455,0.6811977028846741,-0.00113772158510983,0.5981872081756592,0.6833559274673462,-0.00876701157540083,0.5972038507461548,0.640828013420105,-0.01513623259961605,0.5907461643218994,0.6616784334182739,-0.012112198397517204,0.5882807374000549,0.6854908466339111,-0.008041514083743095,0.2596101760864258,0.4949457049369812,-1.6104957012430532e-07,0.23811346292495728,0.4763610064983368,-0.009817997924983501,0.22783474624156952,0.4328509569168091,-0.012930608354508877,0.2370070219039917,0.3971734941005707,-0.01619074121117592,0.2526719272136688,0.3899969756603241,-0.0176557544618845,0.2311575561761856,0.38650310039520264,-0.0016270831692963839,0.22560735046863556,0.3372320532798767,-0.011839871294796467,0.22372770309448242,0.34834757447242737,-0.01772334799170494,0.2254732847213745,0.3740971088409424,-0.019984997808933258,0.2458745539188385,0.3800720274448395,-0.001057571149431169,0.2414878010749817,0.32436636090278625,-0.01186030451208353,0.23745237290859222,0.34329500794410706,-0.014782550744712353,0.2388940006494522,0.3724096119403839,-0.013431531377136707,0.2605375051498413,0.3823961615562439,-0.0028272983618080616,0.2591119706630707,0.33225011825561523,-0.013276999816298485,0.2541869878768921,0.3484569191932678,-0.0130696389824152,0.2553640902042389,0.37565457820892334,-0.009506812319159508,0.2763538360595703,0.39251708984375,-0.0058571649715304375,0.2747036814689636,0.35387754440307617,-0.014657480642199516,0.2695527970790863,0.36030256748199463,-0.01596086658537388,0.26855531334877014,0.3814282715320587,-0.014351838268339634
32,0.5787063241004944,0.796455979347229,-2.2507452968056896e-07,0.552216649055481,0.7724006772041321,-0.008211445063352585,0.5366788506507874,0.7281257510185242,-0.01248030737042427,0.5494545698165894,0.6989039778709412,-0.017215535044670105,0.5688896179199219,0.7089716196060181,-0.019520282745361328,0.5492624044418335,0.6602420210838318,0.00011629485379671678,0.5469829440116882,0.609951376914978,-0.010884503833949566,0.5455146431922913,0.6416783928871155,-0.017653392627835274,0.5465230941772461,0.6706801056861877,-0.021109338849782944,0.5668318867683411,0.6574470400810242,-0.0007256130338646472,0.5657459497451782,0.6043253540992737,-0.010710399597883224,0.5619100332260132,0.6482639312744141,-0.011564673855900764,0.562358021736145,0.6745527386665344,-0.009540936909615993,0.5815737247467041,0.6640684008598328,-0.004003418609499931,0.5833514332771301,0.6160091757774353,-0.012236826121807098,0.5779551267623901,0.6524218916893005,-0.007016265764832497,0.5775768756866455,0.6811977028846741,-0.00113772158510983,0.5981872081756592,0.6833559274673462,-0.00876701157540083,0.5972038507461548,0.640828013420105,-0.01513623259961605,0.5907461643218994,0.6616784334182739,-0.012112198397517204,0.5882807374000549,0.6854908466339111,-0.008041514083743095,0.2596101760864258,0.4949457049369812,-1.6104957012430532e-07,0.23811346292495728,0.4763610064983368,-0.009817997924983501,0.22783474624156952,0.4328509569168091,-0.012930608354508877,0.2370070219039917,0.3971734941005707,-0.01619074121117592,0.2526719272136688,0.3899969756603241,-0.0176557544618845,0.2311575561761856,0.38650310039520264,-0.0016270831692963839,0.22560735046863556,0.3372320532798767,-0.011839871294796467,0.22372770309448242,0.34834757447242737,-0.01772334799170494,0.2254732847213745,0.3740971088409424,-0.019984997808933258,0.2458745539188385,0.3800720274448395,-0.001057571149431169,0.2414878010749817,0.32436636090278625,-0.01186030451208353,0.23745237290859222,0.34329500794410706,-0.014782550744712353,0.2388940006494522,0.3724096119403839,-0.013431531377136707,0.2605375051498413,0.3823961615562439,-0.0028272983618080616,0.2591119706630707,0.33225011825561523,-0.013276999816298485,0.2541869878768921,0.3484569191932678,-0.0130696389824152,0.2553640902042389,0.37565457820892334,-0.009506812319159508,0.2763538360595703,0.39251708984375,-0.0058571649715304375,0.2747036814689636,0.35387754440307617,-0.014657480642199516,0.2695527970790863,0.36030256748199463,-0.01596086658537388,0.26855531334877014,0.3814282715320587,-0.014351838268339634
33,0.5794664621353149,0.7925001978874207,-2.1969847807667975e-07,0.5538237690925598,0.7726686596870422,-0.008495129644870758,0.5367411375045776,0.7260790467262268,-0.0129969147965312,0.5476346611976624,0.6953319907188416,-0.01817351020872593,0.5677455067634583,0.7031307816505432,-0.021227769553661346,0.5482081770896912,0.6602990627288818,-0.0009970910614356399,0.5469013452529907,0.6050359010696411,-0.012277711182832718,0.5442838072776794,0.6375415921211243,-0.01874011941254139,0.5448499321937561,0.6664755344390869,-0.02179434895515442,0.5655367374420166,0.6577609181404114,-0.0024146614596247673,0.5646125078201294,0.6019564867019653,-0.013130596838891506,0.5607671737670898,0.6441470980644226,-0.014567773789167404,0.5611113905906677,0.6718863844871521,-0.012539972551167011,0.5811300873756409,0.6645416617393494,-0.006278775632381439,0.5827412009239197,0.6129776239395142,-0.015844430774450302,0.5771664381027222,0.6498327255249023,-0.011822960339486599,0.576648473739624,0.6783215999603271,-0.006288737524300814,0.5982134342193604,0.681675374507904,-0.011461589485406876,0.5965023040771484,0.6394727826118469,-0.018650364130735397,0.5898829698562622,0.6612123847007751,-0.01619592308998108,0.5878325700759888,0.6855054497718811,-0.012407335452735424,0.26143878698349,0.4977392852306366,-1.335384496314873e-07,0.23988503217697144,0.4757368564605713,-0.009721986018121243,0.22895954549312592,0.4354826807975769,-0.013515789061784744,0.2382124960422516,0.4002945125102997,-0.017570016905665398,0.2545527219772339,0.39160850644111633,-0.019709985703229904,0.23211804032325745,0.38859567046165466,-0.0017351846909150481,0.2277439683675766,0.33813655376434326,-0.011779745109379292,0.22762943804264069,0.3483167290687561,-0.017972512170672417,0.22882115840911865,0.3726498484611511,-0.020532725378870964,0.24654525518417358,0.3820984363555908,-0.0012931798119097948,0.24305783212184906,0.3237297534942627,-0.011950553394854069,0.24076756834983826,0.3440309166908264,-0.015895167365670204,0.2421460747718811,0.37202683091163635,-0.01565335877239704,0.2610485255718231,0.3839682936668396,-0.0030082303564995527,0.2607218325138092,0.331967830657959,-0.012481213547289371,0.2566165030002594,0.3473047912120819,-0.013105971738696098,0.25703153014183044,0.37338370084762573,-0.010548490099608898,0.2768401503562927,0.3946395218372345,-0.005991651676595211,0.27658188343048096,0.35619884729385376,-0.012584252282977104,0.2725635766983032,0.360584557056427,-0.01361569482833147,0.270969957113266,0.3798525333404541,-0.01244539488106966
34,0.5797419548034668,0.7961558103561401,-2.4352075911338034e-07,0.5526551008224487,0.7703116536140442,-0.005160228814929724,0.53607577085495,0.7276005744934082,-0.008349364623427391,0.5480570197105408,0.6951326131820679,-0.012399304658174515,0.5679818391799927,0.7021190524101257,-0.013806390576064587,0.5478433966636658,0.659345269203186,0.0019066084641963243,0.5463283658027649,0.6069251894950867,-0.008536523208022118,0.544640064239502,0.6389074921607971,-0.014805158600211143,0.5455412864685059,0.6677942872047424,-0.018073877319693565,0.5658532977104187,0.6564748883247375,-5.0123628170695156e-05,0.5647204518318176,0.6019591093063354,-0.01002496387809515,0.5612322092056274,0.6474668383598328,-0.00988761242479086,0.5613236427307129,0.672569215297699,-0.007123460993170738,0.5809375643730164,0.6632730960845947,-0.0040765912272036076,0.5827441811561584,0.6146464347839355,-0.01147718820720911,0.5776267051696777,0.6521182656288147,-0.003980047069489956,0.5768543481826782,0.6796684265136719,0.0033673709258437157,0.597623348236084,0.6839960217475891,-0.009375736117362976,0.5967945456504822,0.6405172944068909,-0.01368310209363699,0.5901581048965454,0.6620531678199768,-0.008269569836556911,0.5875626802444458,0.6860278844833374,-0.002713059540838003,0.2618800699710846,0.4935912489891052,-1.6017885684505018e-07,0.24008697271347046,0.4764012396335602,-0.009889560751616955,0.2292807400226593,0.43472883105278015,-0.013179775327444077,0.23799633979797363,0.39901143312454224,-0.01662600412964821,0.252919465303421,0.3884256184101105,-0.018244903534650803,0.2323005646467209,0.38810834288597107,-0.0029735066927969456,0.22742384672164917,0.3370826542377472,-0.013525629416108131,0.22627587616443634,0.34531691670417786,-0.019644396379590034,0.2277071326971054,0.37037575244903564,-0.021957341581583023,0.2475707232952118,0.38251587748527527,-0.0022812101524323225,0.24335426092147827,0.3250883221626282,-0.013035674579441547,0.24044141173362732,0.3408557176589966,-0.016882693395018578,0.24148774147033691,0.37022584676742554,-0.01657695509493351,0.2624318301677704,0.3849051892757416,-0.003822098718956113,0.2608076333999634,0.33207976818084717,-0.014370941556990147,0.2564801275730133,0.3449418842792511,-0.015663573518395424,0.25691694021224976,0.37292948365211487,-0.013401441276073456,0.27807989716529846,0.3939974904060364,-0.0065373913384974,0.2763940095901489,0.35445287823677063,-0.015857858583331108,0.272032767534256,0.35706469416618347,-0.0186249278485775,0.2706110179424286,0.37742698192596436,-0.018249278888106346
35,0.5793805718421936,0.7956555485725403,-2.3117810599160293e-07,0.5525817275047302,0.7693000435829163,-0.004913527984172106,0.536358118057251,0.7279337048530579,-0.008166895247995853,0.548402726650238,0.6963631510734558,-0.012374159879982471,0.5684971809387207,0.7048588991165161,-0.013882526196539402,0.5483320355415344,0.6593784689903259,0.0022491863928735256,0.5466665625572205,0.60721355676651,-0.008325503207743168,0.545099139213562,0.6374910473823547,-0.014412930235266685,0.5460571646690369,0.6658909916877747,-0.017499662935733795,0.5660840272903442,0.6565458178520203,0.0002786371624097228,0.5650479793548584,0.6021630764007568,-0.010343397036194801,0.5614891052246094,0.6472172737121582,-0.010081684216856956,0.561794102191925,0.6720536947250366,-0.0069423033855855465,0.5810630321502686,0.6635228991508484,-0.0037575680762529373,0.5833507776260376,0.6152818202972412,-0.01134489756077528,0.5778142213821411,0.6521499156951904,-0.0032861302606761456,0.5768423676490784,0.6793269515037537,0.0046922494657337666,0.597305417060852,0.6844682693481445,-0.009095088578760624,0.597127377986908,0.6410132646560669,-0.013187368400394917,0.5899724960327148,0.6619685888290405,-0.0075303735211491585,0.5873449444770813,0.6858651041984558,-0.0016960646025836468,0.263614684343338,0.4979362487792969,-1.1335619376495742e-07,0.24080754816532135,0.47837400436401367,-0.011243711225688457,0.23062115907669067,0.4337082803249359,-0.014674657955765724,0.24060237407684326,0.39858749508857727,-0.01811116747558117,0.25550559163093567,0.39321398735046387,-0.01947912760078907,0.23346659541130066,0.38877642154693604,-0.002567840972915292,0.2281225174665451,0.3381921947002411,-0.01297825574874878,0.22796960175037384,0.3478524684906006,-0.01894000731408596,0.2306831330060959,0.3733958601951599,-0.021090345457196236,0.24822154641151428,0.3819490373134613,-0.001380490604788065,0.2442706674337387,0.3230789303779602,-0.01274004764854908,0.24081267416477203,0.3409597873687744,-0.016456063836812973,0.24256782233715057,0.3712241053581238,-0.015492236241698265,0.26277846097946167,0.38359346985816956,-0.0026634589303284883,0.2625035047531128,0.33177486062049866,-0.01365014910697937,0.2571554183959961,0.34555256366729736,-0.015208156779408455,0.2574901580810547,0.3737275004386902,-0.012551815249025822,0.27867621183395386,0.3928043842315674,-0.005306246690452099,0.27947303652763367,0.35498934984207153,-0.013979187235236168,0.2742612063884735,0.3584364950656891,-0.016604561358690262,0.2722201347351074,0.3790985345840454,-0.016009395942091942
36,0.5793805718421936,0.7956555485725403,-2.3117810599160293e-07,0.5525817275047302,0.7693000435829163,-0.004913527984172106,0.536358118057251,0.7279337048530579,-0.008166895247995853,0.548402726650238,0.6963631510734558,-0.012374159879982471,0.5684971809387207,0.7048588991165161,-0.013882526196539402,0.5483320355415344,0.6593784689903259,0.0022491863928735256,0.5466665625572205,0.60721355676651,-0.008325503207743168,0.545099139213562,0.6374910473823547,-0.014412930235266685,0.5460571646690369,0.6658909916877747,-0.017499662935733795,0.5660840272903442,0.6565458178520203,0.0002786371624097228,0.5650479793548584,0.6021630764007568,-0.010343397036194801,0.5614891052246094,0.6472172737121582,-0.010081684216856956,0.561794102191925,0.6720536947250366,-0.0069423033855855465,0.5810630321502686,0.6635228991508484,-0.0037575680762529373,0.5833507776260376,0.6152818202972412,-0.01134489756077528,0.5778142213821411,0.6521499156951904,-0.0032861302606761456,0.5768423676490784,0.6793269515037537,0.0046922494657337666,0.597305417060852,0.6844682693481445,-0.009095088578760624,0.597127377986908,0.6410132646560669,-0.013187368400394917,0.5899724960327148,0.6619685888290405,-0.0075303735211491585,0.5873449444770813,0.6858651041984558,-0.0016960646025836468,0.263614684343338,0.4979362487792969,-1.1335619376495742e-07,0.24080754816532135,0.47837400436401367,-0.011243711225688457,0.23062115907669067,0.4337082803249359,-0.014674657955765724,0.24060237407684326,0.39858749508857727,-0.01811116747558117,0.25550559163093567,0.39321398735046387,-0.01947912760078907,0.23346659541130066,0.38877642154693604,-0.002567840972915292,0.2281225174665451,0.3381921947002411,-0.01297825574874878,0.22796960175037384,0.3478524684906006,-0.01894000731408596,0.2306831330060959,0.3733958601951599,-0.021090345457196236,0.24822154641151428,0.3819490373134613,-0.001380490604788065,0.2442706674337387,0.3230789303779602,-0.01274004764854908,0.24081267416477203,0.3409597873687744,-0.016456063836812973,0.24256782233715057,0.3712241053581238,-0.015492236241698265,0.26277846097946167,0.38359346985816956,-0.0026634589303284883,0.2625035047531128,0.33177486062049866,-0.01365014910697937,0.2571554183959961,0.34555256366729736,-0.015208156779408455,0.2574901580810547,0.3737275004386902,-0.012551815249025822,0.27867621183395386,0.3928043842315674,-0.005306246690452099,0.27947303652763367,0.35498934984207153,-0.013979187235236168,0.2742612063884735,0.3584364950656891,-0.016604561358690262,0.2722201347351074,0.3790985345840454,-0.016009395942091942
37,0.5790640711784363,0.7943300008773804,-2.285477194163832e-07,0.5534539222717285,0.7706276178359985,-0.007788878865540028,0.5371506810188293,0.7259824275970459,-0.01248208899050951,0.5486978888511658,0.6961134076118469,-0.018024669960141182,0.5683803558349609,0.7049652338027954,-0.021405642852187157,0.5483318567276001,0.6595668196678162,-0.00052336894441396,0.5476431250572205,0.6051735281944275,-0.012127377092838287,0.5452215671539307,0.6385442614555359,-0.01902352273464203,0.5453577637672424,0.6677997708320618,-0.022407636046409607,0.5657360553741455,0.6575208306312561,-0.0022223535925149918,0.5653654932975769,0.6014509797096252,-0.013101409189403057,0.5614801645278931,0.6450930833816528,-0.014556088484823704,0.5610826015472412,0.672315239906311,-0.012707414105534554,0.581379771232605,0.664055347442627,-0.006290575489401817,0.5835632085800171,0.6125650405883789,-0.01564479060471058,0.5779349207878113,0.6498588919639587,-0.011088866740465164,0.576686441898346,0.6783867478370667,-0.00536826578900218,0.5983713865280151,0.6812787055969238,-0.011669018305838108,0.5972762107849121,0.638973593711853,-0.01843814179301262,0.590451180934906,0.6613466739654541,-0.015487108379602432,0.5875574946403503,0.6859738826751709,-0.011480724439024925,0.2639792263507843,0.4979414939880371,-1.1345792927386356e-07,0.24197646975517273,0.47926661372184753,-0.011844909749925137,0.23214082419872284,0.43373826146125793,-0.01600399985909462,0.24159292876720428,0.3989049792289734,-0.019973840564489365,0.25605109333992004,0.39386239647865295,-0.022056257352232933,0.23457002639770508,0.3895159363746643,-0.004830331075936556,0.2288692742586136,0.3393953740596771,-0.015635643154382706,0.22884561121463776,0.3491310775279999,-0.022094206884503365,0.23183724284172058,0.374679833650589,-0.02478291653096676,0.24904274940490723,0.38200777769088745,-0.003640831680968404,0.24478444457054138,0.32298144698143005,-0.015487155877053738,0.24144262075424194,0.34119486808776855,-0.019855240359902382,0.24349892139434814,0.3725975751876831,-0.01964082196354866,0.2640133500099182,0.38347098231315613,-0.0048034703359007835,0.26333892345428467,0.3301239609718323,-0.01559943612664938,0.2582871913909912,0.3438129425048828,-0.017850585281848907,0.25883233547210693,0.37181714177131653,-0.016198916360735893,0.28000640869140625,0.3926016092300415,-0.007330629974603653,0.27935874462127686,0.35430753231048584,-0.015554623678326607,0.27413514256477356,0.36032789945602417,-0.01825643703341484,0.27275171875953674,0.3829061985015869,-0.018195917829871178
38,0.5786222219467163,0.7944951057434082,-2.1770829050637985e-07,0.5529521703720093,0.7699587345123291,-0.00830005295574665,0.5369036793708801,0.7245268225669861,-0.0133278863504529,0.54903244972229,0.6953366994857788,-0.01910693198442459,0.5687910914421082,0.7062320709228516,-0.022844035178422928,0.548773467540741,0.6597156524658203,-0.0014081879053264856,0.5477578043937683,0.6039974689483643,-0.012773680500686169,0.5457480549812317,0.6352095007896423,-0.019488127902150154,0.546116292476654,0.6647390127182007,-0.022840237244963646,0.5663071274757385,0.6573200821876526,-0.0029867934063076973,0.5656511187553406,0.6006937623023987,-0.013843810185790062,0.5620408058166504,0.6432924866676331,-0.015407363884150982,0.561832845211029,0.6711499691009521,-0.013677911832928658,0.5816289782524109,0.6641109585762024,-0.006903528235852718,0.5834127068519592,0.6131184697151184,-0.01607273519039154,0.5782317519187927,0.6495805978775024,-0.011810754425823689,0.5773441195487976,0.6782411336898804,-0.006423346698284149,0.5982123613357544,0.6820111274719238,-0.012190410867333412,0.5968484878540039,0.6392452120780945,-0.01907121017575264,0.5904278755187988,0.6606415510177612,-0.016469204798340797,0.5877167582511902,0.6851204037666321,-0.012767300941050053,0.26449474692344666,0.5005488991737366,-1.4746861154435464e-07,0.24223670363426208,0.47844937443733215,-0.01018661167472601,0.23182637989521027,0.43184828758239746,-0.013494843617081642,0.24140776693820953,0.39721351861953735,-0.017030788585543633,0.25682035088539124,0.393900990486145,-0.018760131672024727,0.23627835512161255,0.38782089948654175,-0.0017343597719445825,0.23139497637748718,0.3387099504470825,-0.011956707574427128,0.22977511584758759,0.34939059615135193,-0.018261080607771873,0.2313532680273056,0.37513840198516846,-0.020947080105543137,0.2502773404121399,0.38084840774536133,-0.0012418478727340698,0.24551483988761902,0.32261133193969727,-0.012609266676008701,0.24088214337825775,0.3413020968437195,-0.016652267426252365,0.2423216998577118,0.37264329195022583,-0.016231361776590347,0.2649663984775543,0.38290759921073914,-0.0031694236677139997,0.26316747069358826,0.3284898102283478,-0.013583820313215256,0.25770097970962524,0.3419390022754669,-0.015602346509695053,0.2584678530693054,0.36980772018432617,-0.01385740377008915,0.28075751662254333,0.3930295705795288,-0.006392608396708965,0.27906402945518494,0.3534995913505554,-0.014350325800478458,0.27340641617774963,0.35978180170059204,-0.016846956685185432,0.2721317410469055,0.38299089670181274,-0.016703635454177856
39,0.5791205763816833,0.7956446409225464,-2.266923360139117e-07,0.5529035925865173,0.7711498737335205,-0.007680805400013924,0.5369802117347717,0.7259067296981812,-0.0118417888879776,0.5485489964485168,0.6941198110580444,-0.016711672767996788,0.5678449273109436,0.7022914290428162,-0.01928406022489071,0.549668550491333,0.6603282690048218,-1.0330802069802303e-05,0.5480194091796875,0.6064417362213135,-0.010515127331018448,0.5457403659820557,0.6377894878387451,-0.016519617289304733,0.5465279817581177,0.6668306589126587,-0.01947168819606304,0.5670282244682312,0.657842755317688,-0.0014232168905436993,0.5661441087722778,0.6027606725692749,-0.01158986147493124,0.5620800852775574,0.6450662612915039,-0.012387474067509174,0.5621317625045776,0.6716544032096863,-0.010159177705645561,0.5820403099060059,0.6643965840339661,-0.005145609378814697,0.583704948425293,0.6140967011451721,-0.013652601279318333,0.5779950022697449,0.6498255729675293,-0.00846779253333807,0.577264130115509,0.677997350692749,-0.002490986604243517,0.5985872149467468,0.6830353140830994,-0.010248731821775436,0.5974186658859253,0.6398073434829712,-0.016468709334731102,0.5903090238571167,0.6607875227928162,-0.013255743309855461,0.5874008536338806,0.6853123307228088,-0.0090867280960083,0.2652636468410492,0.4976246654987335,-1.1674558919594347e-07,0.2423488199710846,0.47892364859580994,-0.012571030296385288,0.2314247339963913,0.433820903301239,-0.016427533701062202,0.2405397742986679,0.39691847562789917,-0.019907016307115555,0.2555921971797943,0.39029809832572937,-0.02115551382303238,0.2346096783876419,0.3881346881389618,-0.003691608551889658,0.23008525371551514,0.3376319706439972,-0.014120085164904594,0.2290111929178238,0.34787535667419434,-0.02013539709150791,0.2312159389257431,0.37401777505874634,-0.022450672462582588,0.24953557550907135,0.38069814443588257,-0.0018232503207400441,0.24593594670295715,0.3219297230243683,-0.013379029929637909,0.241801455616951,0.3393786549568176,-0.017604267224669456,0.24337171018123627,0.37018299102783203,-0.01710524596273899,0.2642655372619629,0.3821945786476135,-0.002482878975570202,0.26372063159942627,0.33075523376464844,-0.01336759328842163,0.25832897424697876,0.34281525015830994,-0.01588291861116886,0.25902172923088074,0.3706783950328827,-0.014130921103060246,0.2800304591655731,0.39157307147979736,-0.004590305034071207,0.2797018885612488,0.3547326326370239,-0.013158946298062801,0.2746470272541046,0.3574562966823578,-0.01656591333448887,0.2732165455818176,0.37832561135292053,-0.01676156371831894
40,0.5791205763816833,0.7956446409225464,-2.266923360139117e-07,0.5529035925865173,0.7711498737335205,-0.007680805400013924,0.5369802117347717,0.7259067296981812,-0.0118417888879776,0.5485489964485168,0.6941198110580444,-0.016711672767996788,0.5678449273109436,0.7022914290428162,-0.01928406022489071,0.549668550491333,0.6603282690048218,-1.0330802069802303e-05,0.5480194091796875,0.6064417362213135,-0.010515127331018448,0.5457403659820557,0.6377894878387451,-0.016519617289304733,0.5465279817581177,0.6668306589126587,-0.01947168819606304,0.5670282244682312,0.657842755317688,-0.0014232168905436993,0.5661441087722778,0.6027606725692749,-0.01158986147493124,0.5620800852775574,0.6450662612915039,-0.012387474067509174,0.5621317625045776,0.6716544032096863,-0.010159177705645561,0.5820403099060059,0.6643965840339661,-0.005145609378814697,0.583704948425293,0.6140967011451721,-0.013652601279318333,0.5779950022697449,0.6498255729675293,-0.00846779253333807,0.577264130115509,0.677997350692749,-0.002490986604243517,0.5985872149467468,0.6830353140830994,-0.010248731821775436,0.5974186658859253,0.6398073434829712,-0.016468709334731102,0.5903090238571167,0.6607875227928162,-0.013255743309855461,0.5874008536338806,0.6853123307228088,-0.0090867280960083,0.2652636468410492,0.4976246654987335,-1.1674558919594347e-07,0.2423488199710846,0.47892364859580994,-0.012571030296385288,0.2314247339963913,0.433820903301239,-0.016427533701062202,0.2405397742986679,0.39691847562789917,-0.019907016307115555,0.2555921971797943,0.39029809832572937,-0.02115551382303238,0.2346096783876419,0.3881346881389618,-0.003691608551889658,0.23008525371551514,0.3376319706439972,-0.014120085164904594,0.2290111929178238,0.34787535667419434,-0.02013539709150791,0.2312159389257431,0.37401777505874634,-0.022450672462582588,0.24953557550907135,0.38069814443588257,-0.0018232503207400441,0.24593594670295715,0.3219297230243683,-0.013379029929637909,0.241801455616951,0.3393786549568176,-0.017604267224669456,0.24337171018123627,0.37018299102783203,-0.01710524596273899,0.2642655372619629,0.3821945786476135,-0.002482878975570202,0.26372063159942627,0.33075523376464844,-0.01336759328842163,0.25832897424697876,0.34281525015830994,-0.01588291861116886,0.25902172923088074,0.3706783950328827,-0.014130921103060246,0.2800304591655731,0.39157307147979736,-0.004590305034071207,0.2797018885612488,0.3547326326370239,-0.013158946298062801,0.2746470272541046,0.3574562966823578,-0.01656591333448887,0.2732165455818176,0.37832561135292053,-0.01676156371831894
