frame,feature_0,feature_1,feature_2,feature_3,feature_4,feature_5,feature_6,feature_7,feature_8,feature_9,feature_10,feature_11,feature_12,feature_13,feature_14,feature_15,feature_16,feature_17,feature_18,feature_19,feature_20,feature_21,feature_22,feature_23,feature_24,feature_25,feature_26,feature_27,feature_28,feature_29,feature_30,feature_31,feature_32,feature_33,feature_34,feature_35,feature_36,feature_37,feature_38,feature_39,feature_40,feature_41,feature_42,feature_43,feature_44,feature_45,feature_46,feature_47,feature_48,feature_49,feature_50,feature_51,feature_52,feature_53,feature_54,feature_55,feature_56,feature_57,feature_58,feature_59,feature_60,feature_61,feature_62,feature_63,feature_64,feature_65,feature_66,feature_67,feature_68,feature_69,feature_70,feature_71,feature_72,feature_73,feature_74,feature_75,feature_76,feature_77,feature_78,feature_79,feature_80,feature_81,feature_82,feature_83,feature_84,feature_85,feature_86,feature_87,feature_88,feature_89,feature_90,feature_91,feature_92,feature_93,feature_94,feature_95,feature_96,feature_97,feature_98,feature_99,feature_100,feature_101,feature_102,feature_103,feature_104,feature_105,feature_106,feature_107,feature_108,feature_109,feature_110,feature_111,feature_112,feature_113,feature_114,feature_115,feature_116,feature_117,feature_118,feature_119,feature_120,feature_121,feature_122,feature_123,feature_124,feature_125
1,0.2627899944782257,0.48924681544303894,-1.4878574461363314e-07,0.23868562281131744,0.47206151485443115,-0.00832714606076479,0.22676189243793488,0.42913123965263367,-0.012154312804341316,0.23545369505882263,0.39403751492500305,-0.01689150743186474,0.2511155307292938,0.3798207640647888,-0.019628193229436874,0.23407013714313507,0.37289175391197205,-0.0020351307466626167,0.2317112386226654,0.31628385186195374,-0.014423539862036705,0.2278912365436554,0.32860302925109863,-0.021216358989477158,0.22883592545986176,0.35776206851005554,-0.02340182289481163,0.25053536891937256,0.3680341839790344,-0.003200290957465768,0.25017523765563965,0.30231064558029175,-0.015563645400106907,0.2443891167640686,0.32292991876602173,-0.019010432064533234,0.24605514109134674,0.3549550473690033,-0.017570078372955322,0.26652586460113525,0.3728315532207489,-0.006639366503804922,0.269697904586792,0.3149148225784302,-0.017783785238862038,0.26187369227409363,0.3350525498390198,-0.017219901084899902,0.26171258091926575,0.3643386960029602,-0.013122882694005966,0.28401699662208557,0.38534629344940186,-0.01120353676378727,0.28799107670783997,0.34381669759750366,-0.019561367109417915,0.2822301983833313,0.34638363122940063,-0.02035503461956978,0.2795010507106781,0.3642922639846802,-0.01830882765352726,0.4385940134525299,0.5753647089004517,-2.091686468475018e-07,0.40207237005233765,0.5512085556983948,-0.005796181503683329,0.38107046484947205,0.5089942812919617,-0.010210813023149967,0.3882388770580292,0.47469499707221985,-0.016724567860364914,0.40580400824546814,0.48063942790031433,-0.020826127380132675,0.38652271032333374,0.43565160036087036,0.002717716386541724,0.3756342828273773,0.3802306652069092,-0.009162318892776966,0.3717755675315857,0.4194552004337311,-0.016076862812042236,0.3773558735847473,0.4482766389846802,-0.019426798447966576,0.4021892845630646,0.43000560998916626,-0.0007417711894959211,0.39426785707473755,0.37072908878326416,-0.014704583212733269,0.38909783959388733,0.42155933380126953,-0.01612992398440838,0.39471083879470825,0.44944101572036743,-0.013123779557645321,0.4184224009513855,0.43250739574432373,-0.006639623083174229,0.41404107213020325,0.37559759616851807,-0.015988962724804878,0.4062390923500061,0.42040637135505676,-0.009739022701978683,0.4095716178417206,0.45166516304016113,-0.002139145042747259,0.43612635135650635,0.4453832507133484,-0.014097488485276699,0.43131837248802185,0.397605836391449,-0.01654714345932007,0.4205806255340576,0.4234963655471802,-0.010804859921336174,0.42044132947921753,0.4533395767211914,-0.005139246117323637
2,0.2625546455383301,0.48197317123413086,-1.0325614141493134e-07,0.23903954029083252,0.4692131578922272,-0.010187932290136814,0.2266918420791626,0.4240775406360626,-0.014066768810153008,0.23629458248615265,0.387031227350235,-0.01830855756998062,0.25332149863243103,0.3759801983833313,-0.020565781742334366,0.23466655611991882,0.3630155026912689,-0.0022926386445760727,0.231789231300354,0.312841534614563,-0.014450091868638992,0.22848251461982727,0.3234929144382477,-0.021791448816657066,0.23006713390350342,0.35025548934936523,-0.024684563279151917,0.2510586977005005,0.35848119854927063,-0.0026850432623177767,0.24959643185138702,0.299218088388443,-0.015092874877154827,0.24432756006717682,0.31999748945236206,-0.01886194944381714,0.24628399312496185,0.3517947196960449,-0.017682058736681938,0.26742616295814514,0.36441662907600403,-0.005682325456291437,0.2695835530757904,0.3116196095943451,-0.017252841964364052,0.26234933733940125,0.32999783754348755,-0.017775006592273712,0.2625066936016083,0.35794249176979065,-0.014494436793029308,0.28452616930007935,0.3774277865886688,-0.009957323782145977,0.28829675912857056,0.33854442834854126,-0.019112706184387207,0.28161177039146423,0.34246954321861267,-0.020751846954226494,0.27864527702331543,0.360889732837677,-0.019351447001099586,0.4390221834182739,0.575606644153595,-2.171274360307507e-07,0.401517778635025,0.5503147840499878,-0.006004920229315758,0.38058215379714966,0.5110345482826233,-0.010653173550963402,0.38880014419555664,0.47705936431884766,-0.01741158403456211,0.40906471014022827,0.481203556060791,-0.02148294448852539,0.38666677474975586,0.43484169244766235,0.0037400200963020325,0.37474486231803894,0.3818584382534027,-0.008880236186087132,0.37134936451911926,0.42331409454345703,-0.016770504415035248,0.37736210227012634,0.4505216181278229,-0.02085934393107891,0.40227609872817993,0.4290330111980438,0.000580991676542908,0.3935151696205139,0.37088239192962646,-0.013469438999891281,0.388705849647522,0.42380815744400024,-0.0154059287160635,0.39430341124534607,0.4492279887199402,-0.0130723025649786,0.41823774576187134,0.4316507875919342,-0.005120749585330486,0.41325825452804565,0.377250999212265,-0.013939998112618923,0.4059373736381531,0.4237537980079651,-0.00723862461745739,0.4096653461456299,0.45341020822525024,0.0003902781754732132,0.4359619617462158,0.4451971650123596,-0.01247125118970871,0.4309910833835602,0.3975738286972046,-0.013749751262366772,0.4205527603626251,0.4240516424179077,-0.007181617431342602,0.4207977056503296,0.4530130922794342,-0.001146992202848196
3,0.2625546455383301,0.48197317123413086,-1.0325614141493134e-07,0.23903954029083252,0.4692131578922272,-0.010187932290136814,0.2266918420791626,0.4240775406360626,-0.014066768810153008,0.23629458248615265,0.387031227350235,-0.01830855756998062,0.25332149863243103,0.3759801983833313,-0.020565781742334366,0.23466655611991882,0.3630155026912689,-0.0022926386445760727,0.231789231300354,0.312841534614563,-0.014450091868638992,0.22848251461982727,0.3234929144382477,-0.021791448816657066,0.23006713390350342,0.35025548934936523,-0.024684563279151917,0.2510586977005005,0.35848119854927063,-0.0026850432623177767,0.24959643185138702,0.299218088388443,-0.015092874877154827,0.24432756006717682,0.31999748945236206,-0.01886194944381714,0.24628399312496185,0.3517947196960449,-0.017682058736681938,0.26742616295814514,0.36441662907600403,-0.005682325456291437,0.2695835530757904,0.3116196095943451,-0.017252841964364052,0.26234933733940125,0.32999783754348755,-0.017775006592273712,0.2625066936016083,0.35794249176979065,-0.014494436793029308,0.28452616930007935,0.3774277865886688,-0.009957323782145977,0.28829675912857056,0.33854442834854126,-0.019112706184387207,0.28161177039146423,0.34246954321861267,-0.020751846954226494,0.27864527702331543,0.360889732837677,-0.019351447001099586,0.4390221834182739,0.575606644153595,-2.171274360307507e-07,0.401517778635025,0.5503147840499878,-0.006004920229315758,0.38058215379714966,0.5110345482826233,-0.010653173550963402,0.38880014419555664,0.47705936431884766,-0.01741158403456211,0.40906471014022827,0.481203556060791,-0.02148294448852539,0.38666677474975586,0.43484169244766235,0.0037400200963020325,0.37474486231803894,0.3818584382534027,-0.008880236186087132,0.37134936451911926,0.42331409454345703,-0.016770504415035248,0.37736210227012634,0.4505216181278229,-0.02085934393107891,0.40227609872817993,0.4290330111980438,0.000580991676542908,0.3935151696205139,0.37088239192962646,-0.013469438999891281,0.388705849647522,0.42380815744400024,-0.0154059287160635,0.39430341124534607,0.4492279887199402,-0.0130723025649786,0.41823774576187134,0.4316507875919342,-0.005120749585330486,0.41325825452804565,0.377250999212265,-0.013939998112618923,0.4059373736381531,0.4237537980079651,-0.00723862461745739,0.4096653461456299,0.45341020822525024,0.0003902781754732132,0.4359619617462158,0.4451971650123596,-0.01247125118970871,0.4309910833835602,0.3975738286972046,-0.013749751262366772,0.4205527603626251,0.4240516424179077,-0.007181617431342602,0.4207977056503296,0.4530130922794342,-0.001146992202848196
4,0.26457276940345764,0.47949346899986267,-1.457074034760808e-07,0.24106454849243164,0.4629020690917969,-0.009130697697401047,0.2291845828294754,0.4172056317329407,-0.012326416559517384,0.2391374707221985,0.3793661296367645,-0.015973655506968498,0.25782063603401184,0.3687684237957001,-0.01742199994623661,0.23490121960639954,0.3614957332611084,-0.0018718877108767629,0.23263445496559143,0.3093104064464569,-0.013422749936580658,0.22892755270004272,0.32026612758636475,-0.019686385989189148,0.22971995174884796,0.3498706817626953,-0.021681128069758415,0.2516549229621887,0.35554611682891846,-0.0022496916353702545,0.25022751092910767,0.2953519821166992,-0.014007097110152245,0.2445685863494873,0.31674724817276,-0.0168807003647089,0.24587340652942657,0.34970489144325256,-0.0149449547752738,0.26830387115478516,0.3601889908313751,-0.005022841040045023,0.27057498693466187,0.30787962675094604,-0.016184218227863312,0.26381880044937134,0.3266889154911041,-0.01585821621119976,0.2638556957244873,0.3555396497249603,-0.011851121671497822,0.28615468740463257,0.37232065200805664,-0.008936065249145031,0.2901926338672638,0.33299505710601807,-0.018381984904408455,0.28429025411605835,0.3359290361404419,-0.019937405362725258,0.28109830617904663,0.35394027829170227,-0.018202509731054306,0.4386843144893646,0.5749481320381165,-2.2764123741580988e-07,0.4007691442966461,0.5479276776313782,-0.0034098136238753796,0.3813178837299347,0.5109604001045227,-0.007081837393343449,0.38799917697906494,0.4771939218044281,-0.013065541163086891,0.4077576994895935,0.4801591634750366,-0.016160037368535995,0.3864767849445343,0.43613332509994507,0.0052590216509997845,0.37486252188682556,0.38475966453552246,-0.0077276574447751045,0.3718870282173157,0.42487579584121704,-0.01618420146405697,0.3778381049633026,0.4512982666492462,-0.020779093727469444,0.4021105170249939,0.42963656783103943,0.0016262264689430594,0.3933558464050293,0.3703444302082062,-0.012586195021867752,0.3896797299385071,0.42422160506248474,-0.014103526249527931,0.39473631978034973,0.44796988368034363,-0.011605028063058853,0.4181452691555023,0.43239182233810425,-0.0042524137534201145,0.4138851761817932,0.37867945432662964,-0.012012449093163013,0.40742167830467224,0.4244306981563568,-0.003587318118661642,0.41107356548309326,0.45258015394210815,0.00496883736923337,0.4361383616924286,0.44838574528694153,-0.01164635643362999,0.4322856068611145,0.4013643264770508,-0.010702759027481079,0.4217182695865631,0.4260694682598114,-0.0024690800346434116,0.4217378795146942,0.45287024974823,0.0043767113238573074
5,0.26668184995651245,0.4772253632545471,-1.3413894350833289e-07,0.24327196180820465,0.4616689085960388,-0.010241270996630192,0.23050673305988312,0.4154261648654938,-0.014027975499629974,0.2408781349658966,0.3777027428150177,-0.01799068972468376,0.26078322529792786,0.37205836176872253,-0.019726738333702087,0.23649068176746368,0.3594166040420532,-0.0038484963588416576,0.23476453125476837,0.3079577088356018,-0.01574121043086052,0.23044268786907196,0.31866833567619324,-0.02197829820215702,0.23021787405014038,0.34755808115005493,-0.024000385776162148,0.25318625569343567,0.3540474772453308,-0.0039857057854533195,0.2517152428627014,0.2946696877479553,-0.0161583311855793,0.24571704864501953,0.3156774342060089,-0.018906721845269203,0.2463378757238388,0.34851932525634766,-0.016825763508677483,0.2701191008090973,0.3596522808074951,-0.006621676031500101,0.2721938192844391,0.3068959414958954,-0.01830892264842987,0.2653786540031433,0.3233053684234619,-0.01847386732697487,0.26485124230384827,0.3503943383693695,-0.014673554338514805,0.2876453399658203,0.37203478813171387,-0.01045078132301569,0.2917540371417999,0.33174145221710205,-0.020433858036994934,0.2859368622303009,0.33334019780158997,-0.022470852360129356,0.2825821042060852,0.3507317900657654,-0.021010490134358406,0.4383206367492676,0.5766931176185608,-2.257138760342059e-07,0.4004458487033844,0.5485318899154663,-0.00298757990822196,0.38159048557281494,0.5107029676437378,-0.006378064397722483,0.3879535496234894,0.47685614228248596,-0.012149970047175884,0.406781405210495,0.48009660840034485,-0.014972525648772717,0.3867965042591095,0.4353342652320862,0.006396150682121515,0.3755010962486267,0.3852132558822632,-0.006507229059934616,0.37216657400131226,0.4256174564361572,-0.014936769381165504,0.3777463436126709,0.4517126679420471,-0.019312571734189987,0.40165355801582336,0.4292623698711395,0.002638157457113266,0.39271244406700134,0.37114381790161133,-0.011793732643127441,0.38915765285491943,0.4248741567134857,-0.013283240608870983,0.39431172609329224,0.4494396150112152,-0.010332670994102955,0.41771751642227173,0.4323115050792694,-0.0033772801980376244,0.4131827652454376,0.379069447517395,-0.011683451943099499,0.4068811535835266,0.42504435777664185,-0.0034247958101332188,0.41044458746910095,0.45403605699539185,0.00551310321316123,0.43547001481056213,0.4484303593635559,-0.01083623617887497,0.4321768879890442,0.4006018042564392,-0.01014246791601181,0.4214511215686798,0.42542627453804016,-0.0017479496309533715,0.42121919989585876,0.4527106285095215,0.005564427003264427
6,0.26668184995651245,0.4772253632545471,-1.3413894350833289e-07,0.24327196180820465,0.4616689085960388,-0.010241270996630192,0.23050673305988312,0.4154261648654938,-0.014027975499629974,0.2408781349658966,0.3777027428150177,-0.01799068972468376,0.26078322529792786,0.37205836176872253,-0.019726738333702087,0.23649068176746368,0.3594166040420532,-0.0038484963588416576,0.23476453125476837,0.3079577088356018,-0.01574121043086052,0.23044268786907196,0.31866833567619324,-0.02197829820215702,0.23021787405014038,0.34755808115005493,-0.024000385776162148,0.25318625569343567,0.3540474772453308,-0.0039857057854533195,0.2517152428627014,0.2946696877479553,-0.0161583311855793,0.24571704864501953,0.3156774342060089,-0.018906721845269203,0.2463378757238388,0.34851932525634766,-0.016825763508677483,0.2701191008090973,0.3596522808074951,-0.006621676031500101,0.2721938192844391,0.3068959414958954,-0.01830892264842987,0.2653786540031433,0.3233053684234619,-0.01847386732697487,0.26485124230384827,0.3503943383693695,-0.014673554338514805,0.2876453399658203,0.37203478813171387,-0.01045078132301569,0.2917540371417999,0.33174145221710205,-0.020433858036994934,0.2859368622303009,0.33334019780158997,-0.022470852360129356,0.2825821042060852,0.3507317900657654,-0.021010490134358406,0.4383206367492676,0.5766931176185608,-2.257138760342059e-07,0.4004458487033844,0.5485318899154663,-0.00298757990822196,0.38159048557281494,0.5107029676437378,-0.006378064397722483,0.3879535496234894,0.47685614228248596,-0.012149970047175884,0.406781405210495,0.48009660840034485,-0.014972525648772717,0.3867965042591095,0.4353342652320862,0.006396150682121515,0.3755010962486267,0.3852132558822632,-0.006507229059934616,0.37216657400131226,0.4256174564361572,-0.014936769381165504,0.3777463436126709,0.4517126679420471,-0.019312571734189987,0.40165355801582336,0.4292623698711395,0.002638157457113266,0.39271244406700134,0.37114381790161133,-0.011793732643127441,0.38915765285491943,0.4248741567134857,-0.013283240608870983,0.39431172609329224,0.4494396150112152,-0.010332670994102955,0.41771751642227173,0.4323115050792694,-0.0033772801980376244,0.4131827652454376,0.379069447517395,-0.011683451943099499,0.4068811535835266,0.42504435777664185,-0.0034247958101332188,0.41044458746910095,0.45403605699539185,0.00551310321316123,0.43547001481056213,0.4484303593635559,-0.01083623617887497,0.4321768879890442,0.4006018042564392,-0.01014246791601181,0.4214511215686798,0.42542627453804016,-0.0017479496309533715,0.42121919989585876,0.4527106285095215,0.005564427003264427
7,0.265949547290802,0.4792816936969757,-7.962822934359792e-08,0.24359196424484253,0.4614085257053375,-0.011013512499630451,0.2317456603050232,0.41629230976104736,-0.0158342607319355,0.241488978266716,0.37897807359695435,-0.02088828571140766,0.26045888662338257,0.3678181767463684,-0.02378189004957676,0.23708879947662354,0.36015522480010986,-0.0038236069958657026,0.23504890501499176,0.3093929886817932,-0.01591450721025467,0.23298712074756622,0.31887343525886536,-0.023257754743099213,0.2338607907295227,0.34531170129776,-0.0260731503367424,0.25364214181900024,0.3552103638648987,-0.003873018082231283,0.25264036655426025,0.2961871922016144,-0.015677331015467644,0.24788720905780792,0.3146250545978546,-0.019911915063858032,0.2482367753982544,0.34461572766304016,-0.019560959190130234,0.2704825699329376,0.35999396443367004,-0.006412670016288757,0.27361005544662476,0.3060847222805023,-0.017375575378537178,0.26668307185173035,0.32360318303108215,-0.018433276563882828,0.2655475437641144,0.35226160287857056,-0.015854375436902046,0.2883102595806122,0.37230801582336426,-0.010275989770889282,0.2924027740955353,0.3320913314819336,-0.018825838342308998,0.2863840162754059,0.3353695869445801,-0.02047412097454071,0.2826330065727234,0.3545568287372589,-0.019345760345458984,0.4391253888607025,0.5741939544677734,-2.1114188086812646e-07,0.4006425142288208,0.5481383800506592,-0.0038594729267060757,0.38227179646492004,0.5118751525878906,-0.00760007556527853,0.38891077041625977,0.47669392824172974,-0.013690807856619358,0.40895208716392517,0.47765499353408813,-0.016525844112038612,0.3869192600250244,0.43730998039245605,0.006429316941648722,0.3742789030075073,0.386238694190979,-0.006902632769197226,0.37229466438293457,0.4263405203819275,-0.01584036834537983,0.3785634934902191,0.45181429386138916,-0.020680034533143044,0.4020880460739136,0.43115532398223877,0.0029393117874860764,0.39177918434143066,0.3720700442790985,-0.011616606265306473,0.38921576738357544,0.424416720867157,-0.014050522819161415,0.3945905268192291,0.4465210437774658,-0.012198755517601967,0.4176484942436218,0.4341100752353668,-0.002960215089842677,0.4124460518360138,0.3776499927043915,-0.010758407413959503,0.4068060517311096,0.4214041829109192,-0.0025012106634676456,0.41074731945991516,0.44915321469306946,0.006045552436262369,0.4352332651615143,0.4503139555454254,-0.010484610684216022,0.4306049942970276,0.4007975161075592,-0.009235011413693428,0.42062145471572876,0.4241752028465271,-0.0010292223887518048,0.42129242420196533,0.45113605260849,0.005863554775714874
8,0.2691398859024048,0.48280057311058044,-6.043916300768615e-08,0.24555984139442444,0.46350201964378357,-0.011545456945896149,0.2334441840648651,0.41363850235939026,-0.016210829839110374,0.2435818761587143,0.3746836483478546,-0.020898839458823204,0.2625504434108734,0.3679216206073761,-0.02335507608950138,0.23909926414489746,0.36119142174720764,-0.005160389468073845,0.23672477900981903,0.3080938160419464,-0.017475657165050507,0.23353198170661926,0.31445619463920593,-0.024578502401709557,0.23437181115150452,0.3408340513706207,-0.027253946289420128,0.2558022439479828,0.3569982349872589,-0.004858782514929771,0.25529950857162476,0.29536667466163635,-0.01753760688006878,0.24843460321426392,0.3069942891597748,-0.022121340036392212,0.24814307689666748,0.33819669485092163,-0.02182762697339058,0.2725130021572113,0.3633667826652527,-0.007117953151464462,0.2756504714488983,0.3073863387107849,-0.01831919699907303,0.26765725016593933,0.3173065185546875,-0.02038612775504589,0.26641935110092163,0.34495165944099426,-0.01844351924955845,0.2902296781539917,0.37647897005081177,-0.010749945417046547,0.2934668958187103,0.3347005546092987,-0.020041946321725845,0.28760191798210144,0.33106479048728943,-0.023310411721467972,0.2845276892185211,0.347167432308197,-0.023261219263076782,0.4408908486366272,0.5765935182571411,-1.9755444213842566e-07,0.40308907628059387,0.5514699220657349,-0.004677774850279093,0.3828286826610565,0.5102216601371765,-0.008377175778150558,0.39037659764289856,0.47405365109443665,-0.014287729747593403,0.4092765152454376,0.4766973555088043,-0.017306888476014137,0.38691627979278564,0.43843337893486023,0.005272471811622381,0.37490028142929077,0.38505831360816956,-0.0069708451628685,0.3723483681678772,0.42447155714035034,-0.014367143623530865,0.37882667779922485,0.4509432911872864,-0.018219003453850746,0.40294572710990906,0.4322432577610016,0.0015977908624336123,0.3938675820827484,0.37201935052871704,-0.012015785090625286,0.3897431790828705,0.4229376018047333,-0.013016889803111553,0.3950771689414978,0.44524696469306946,-0.010031722486019135,0.41870489716529846,0.43533650040626526,-0.004605560563504696,0.4135252833366394,0.37830066680908203,-0.012843756936490536,0.407191663980484,0.42288994789123535,-0.004136288072913885,0.41116106510162354,0.4503974914550781,0.0048250239342451096,0.4366009533405304,0.4508606791496277,-0.012408779002726078,0.4315033555030823,0.40143632888793945,-0.012988478876650333,0.42181292176246643,0.42638838291168213,-0.005056576803326607,0.42227622866630554,0.45431941747665405,0.001969177508726716
9,0.26950803399086,0.47901612520217896,-8.997551503853174e-08,0.24542078375816345,0.4619782567024231,-0.010045350529253483,0.2330603152513504,0.4151993691921234,-0.013988163322210312,0.24289140105247498,0.3772348165512085,-0.01816755346953869,0.2613105773925781,0.3681870996952057,-0.020170854404568672,0.2385319322347641,0.3581499755382538,-0.0036314292810857296,0.23668766021728516,0.3050823509693146,-0.014756878837943077,0.23398186266422272,0.314547598361969,-0.02088376134634018,0.2344033420085907,0.34086495637893677,-0.022956937551498413,0.2553527057170868,0.3537130057811737,-0.0038945935666561127,0.2545537054538727,0.29313012957572937,-0.014986410737037659,0.24944378435611725,0.30944353342056274,-0.018115637823939323,0.24968646466732025,0.3392915427684784,-0.016938069835305214,0.27211612462997437,0.35962945222854614,-0.006542258895933628,0.27544596791267395,0.3048654794692993,-0.016695884987711906,0.2685207724571228,0.3182356357574463,-0.017163777723908424,0.26699259877204895,0.3444792330265045,-0.014297779649496078,0.2896603047847748,0.37270939350128174,-0.010447608307003975,0.2934645712375641,0.33199265599250793,-0.018792664632201195,0.2875637710094452,0.3305966854095459,-0.02053096517920494,0.2837461531162262,0.3457179069519043,-0.01943518966436386,0.4410824179649353,0.5753172039985657,-2.1657194793078816e-07,0.4022407531738281,0.5480812191963196,-0.0022043881472200155,0.38339677453041077,0.5116615891456604,-0.005450849421322346,0.38700103759765625,0.4781154692173004,-0.011388684622943401,0.4034685492515564,0.47656041383743286,-0.014422907494008541,0.38707172870635986,0.43762829899787903,0.006601396016776562,0.3745073080062866,0.385689377784729,-0.0062706442549824715,0.3723015785217285,0.4254201054573059,-0.014632320031523705,0.3784736394882202,0.4525263011455536,-0.01887330412864685,0.40210291743278503,0.43182405829429626,0.002304219175130129,0.3923001289367676,0.37298986315727234,-0.011994104832410812,0.3894326090812683,0.4250614643096924,-0.014053789898753166,0.39459216594696045,0.4487815499305725,-0.011762693524360657,0.41821062564849854,0.43397408723831177,-0.004135766066610813,0.41222861409187317,0.3783377707004547,-0.011872134171426296,0.4064593017101288,0.42289674282073975,-0.0036085022147744894,0.4100126028060913,0.45145779848098755,0.005031181033700705,0.4356771409511566,0.44900915026664734,-0.01195823960006237,0.4309215247631073,0.39908918738365173,-0.010843252763152122,0.42048245668411255,0.42365169525146484,-0.0021832843776792288,0.42050397396087646,0.4519919455051422,0.00519312359392643
10,0.26950803399086,0.47901612520217896,-8.997551503853174e-08,0.24542078375816345,0.4619782567024231,-0.010045350529253483,0.2330603152513504,0.4151993691921234,-0.013988163322210312,0.24289140105247498,0.3772348165512085,-0.01816755346953869,0.2613105773925781,0.3681870996952057,-0.020170854404568672,0.2385319322347641,0.3581499755382538,-0.0036314292810857296,0.23668766021728516,0.3050823509693146,-0.014756878837943077,0.23398186266422272,0.314547598361969,-0.02088376134634018,0.2344033420085907,0.34086495637893677,-0.022956937551498413,0.2553527057170868,0.3537130057811737,-0.0038945935666561127,0.2545537054538727,0.29313012957572937,-0.014986410737037659,0.24944378435611725,0.30944353342056274,-0.018115637823939323,0.24968646466732025,0.3392915427684784,-0.016938069835305214,0.27211612462997437,0.35962945222854614,-0.006542258895933628,0.27544596791267395,0.3048654794692993,-0.016695884987711906,0.2685207724571228,0.3182356357574463,-0.017163777723908424,0.26699259877204895,0.3444792330265045,-0.014297779649496078,0.2896603047847748,0.37270939350128174,-0.010447608307003975,0.2934645712375641,0.33199265599250793,-0.018792664632201195,0.2875637710094452,0.3305966854095459,-0.02053096517920494,0.2837461531162262,0.3457179069519043,-0.01943518966436386,0.4410824179649353,0.5753172039985657,-2.1657194793078816e-07,0.4022407531738281,0.5480812191963196,-0.0022043881472200155,0.38339677453041077,0.5116615891456604,-0.005450849421322346,0.38700103759765625,0.4781154692173004,-0.011388684622943401,0.4034685492515564,0.47656041383743286,-0.014422907494008541,0.38707172870635986,0.43762829899787903,0.006601396016776562,0.3745073080062866,0.385689377784729,-0.0062706442549824715,0.3723015785217285,0.4254201054573059,-0.014632320031523705,0.3784736394882202,0.4525263011455536,-0.01887330412864685,0.40210291743278503,0.43182405829429626,0.002304219175130129,0.3923001289367676,0.37298986315727234,-0.011994104832410812,0.3894326090812683,0.4250614643096924,-0.014053789898753166,0.39459216594696045,0.4487815499305725,-0.011762693524360657,0.41821062564849854,0.43397408723831177,-0.004135766066610813,0.41222861409187317,0.3783377707004547,-0.011872134171426296,0.4064593017101288,0.42289674282073975,-0.0036085022147744894,0.4100126028060913,0.45145779848098755,0.005031181033700705,0.4356771409511566,0.44900915026664734,-0.01195823960006237,0.4309215247631073,0.39908918738365173,-0.010843252763152122,0.42048245668411255,0.42365169525146484,-0.0021832843776792288,0.42050397396087646,0.4519919455051422,0.00519312359392643
11,0.2696415185928345,0.4737407863140106,-1.4749990384643752e-07,0.24552327394485474,0.4575819969177246,-0.010468952357769012,0.23387229442596436,0.41160693764686584,-0.01410708948969841,0.24451513588428497,0.3745170831680298,-0.017965706065297127,0.26325497031211853,0.3641120195388794,-0.019657941535115242,0.23987719416618347,0.35800081491470337,-0.0030236432794481516,0.23673245310783386,0.3032752275466919,-0.014857083559036255,0.23265787959098816,0.3144291341304779,-0.02092357911169529,0.23361575603485107,0.34378841519355774,-0.022705011069774628,0.25645267963409424,0.3521984815597534,-0.0028305761516094208,0.2543608844280243,0.2902020215988159,-0.015060072764754295,0.24765373766422272,0.30980539321899414,-0.01817302778363228,0.24897584319114685,0.34200379252433777,-0.016367176547646523,0.2725182771682739,0.35622352361679077,-0.0051651038229465485,0.27455517649650574,0.3016936480998993,-0.017252052202820778,0.2664807140827179,0.3196941614151001,-0.01747414842247963,0.2663717269897461,0.34879574179649353,-0.01364249736070633,0.2898871600627899,0.368007093667984,-0.008692697621881962,0.29244229197502136,0.3259838819503784,-0.01894952543079853,0.28584298491477966,0.3306460380554199,-0.020883603021502495,0.28308725357055664,0.3508433699607849,-0.019315682351589203,0.43951743841171265,0.5729777216911316,-2.2856694670281286e-07,0.40101590752601624,0.5456417798995972,-0.001961863599717617,0.3827391266822815,0.5100084543228149,-0.004900672007352114,0.3877733647823334,0.47751957178115845,-0.010464138351380825,0.4059807360172272,0.47443631291389465,-0.013044613413512707,0.3870232105255127,0.4372330605983734,0.007063977885991335,0.3757131099700928,0.3865700662136078,-0.006288914941251278,0.37305939197540283,0.4261775612831116,-0.015131616964936256,0.37867891788482666,0.4517260491847992,-0.019814560189843178,0.40176424384117126,0.4307345449924469,0.002887454116716981,0.3921648859977722,0.37166503071784973,-0.011432814411818981,0.38919514417648315,0.4261647164821625,-0.013731610961258411,0.394193172454834,0.4488961100578308,-0.011831009760499,0.41768285632133484,0.43298104405403137,-0.0034681090619415045,0.41246113181114197,0.3763580322265625,-0.011288436129689217,0.4067431390285492,0.42241936922073364,-0.0030404238495975733,0.4103326201438904,0.4513203799724579,0.005427825730293989,0.43536993861198425,0.4490632712841034,-0.011159623041749,0.43089184165000916,0.40035223960876465,-0.010113605298101902,0.4207305610179901,0.4251347482204437,-0.0016926650423556566,0.4211232364177704,0.45184674859046936,0.005376430228352547
12,0.2701283395290375,0.47395533323287964,-1.4600071551740257e-07,0.24618104100227356,0.4557487368583679,-0.008725308813154697,0.2342054545879364,0.4110388457775116,-0.011770344339311123,0.2432929277420044,0.3740919232368469,-0.01538141630589962,0.26105061173439026,0.3655027449131012,-0.016542542725801468,0.2402811348438263,0.3582650125026703,-0.0017329666297882795,0.2360491305589676,0.3014001250267029,-0.013215036131441593,0.23131966590881348,0.31088876724243164,-0.018188217654824257,0.23224885761737823,0.3394685983657837,-0.01890280283987522,0.2566356956958771,0.3524855971336365,-0.001929363003000617,0.25441601872444153,0.28847774863243103,-0.014141933061182499,0.2470708191394806,0.30526629090309143,-0.015421302989125252,0.24794764816761017,0.3373085856437683,-0.011686790734529495,0.272481232881546,0.3565419018268585,-0.004545533563941717,0.27358999848365784,0.3009099066257477,-0.016053222119808197,0.26465922594070435,0.31565701961517334,-0.013868512585759163,0.2643595039844513,0.34354984760284424,-0.007775600999593735,0.28986603021621704,0.3681679368019104,-0.00836147740483284,0.29256364703178406,0.3269768953323364,-0.017630478367209435,0.28554561734199524,0.32745128870010376,-0.018231187015771866,0.28251874446868896,0.3452743887901306,-0.015195704065263271,0.4373897314071655,0.5745759606361389,-2.3023572737201903e-07,0.40048515796661377,0.5509734749794006,-0.0036893191281706095,0.38096365332603455,0.5135548114776611,-0.007591697387397289,0.38743042945861816,0.47844377160072327,-0.013893559575080872,0.40657317638397217,0.47951266169548035,-0.017350368201732635,0.38564154505729675,0.43923014402389526,0.005397757515311241,0.37512755393981934,0.3849968910217285,-0.008221719413995743,0.37205183506011963,0.42412495613098145,-0.017090624198317528,0.3772534430027008,0.44988131523132324,-0.021612640470266342,0.40018534660339355,0.4332889914512634,0.001612575026229024,0.39108309149742126,0.37411704659461975,-0.012028568424284458,0.3883208930492401,0.42815542221069336,-0.013759668916463852,0.3936786949634552,0.4511951208114624,-0.011464850977063179,0.41582396626472473,0.4352933168411255,-0.004646492190659046,0.4111970365047455,0.37876278162002563,-0.012810757383704185,0.4053851366043091,0.42433202266693115,-0.0055688777938485146,0.4091452360153198,0.4545935392379761,0.00222273007966578,0.4334045946598053,0.4495168626308441,-0.012416839599609375,0.4295695424079895,0.4023609459400177,-0.012637825682759285,0.4194342792034149,0.4272908866405487,-0.0057397023774683475,0.4191538989543915,0.4545479118824005,0.00028856287826783955
13,0.27069664001464844,0.47353947162628174,-1.1412199540927759e-07,0.24715188145637512,0.45482751727104187,-0.010140345431864262,0.23611509799957275,0.41131964325904846,-0.014041117392480373,0.24622884392738342,0.37339597940444946,-0.018180279061198235,0.2637324333190918,0.363787442445755,-0.01988835260272026,0.24049973487854004,0.35699543356895447,-0.0027902170550078154,0.2358480840921402,0.3023311495780945,-0.014525859616696835,0.23356691002845764,0.3098720908164978,-0.020166218280792236,0.23538808524608612,0.33668053150177,-0.021450776606798172,0.2570609152317047,0.3499069809913635,-0.0025515821762382984,0.25357964634895325,0.2903464138507843,-0.01464875042438507,0.24893873929977417,0.30815762281417847,-0.016789594665169716,0.25037023425102234,0.33990222215652466,-0.01396492775529623,0.2728886008262634,0.35356003046035767,-0.004818090703338385,0.2729359269142151,0.30180633068084717,-0.016574593260884285,0.26664698123931885,0.31800490617752075,-0.015128519386053085,0.2668180465698242,0.3461795151233673,-0.009670145809650421,0.28967413306236267,0.36512452363967896,-0.008340013213455677,0.29137733578681946,0.3247971534729004,-0.018140379339456558,0.28572964668273926,0.3270508050918579,-0.019126329571008682,0.28291934728622437,0.3454033434391022,-0.016335025429725647,0.4408084750175476,0.5766465663909912,-2.0781433818228834e-07,0.40344858169555664,0.5531919002532959,-0.0035919244401156902,0.3835689127445221,0.5154106616973877,-0.007100118324160576,0.3885214328765869,0.4783645272254944,-0.012759105302393436,0.4067116677761078,0.48087748885154724,-0.015488505363464355,0.38642534613609314,0.44219985604286194,0.004505753982812166,0.37464943528175354,0.3901125490665436,-0.007403417490422726,0.3722532391548157,0.42804157733917236,-0.014919946901500225,0.3777776062488556,0.45359256863594055,-0.019025489687919617,0.40211206674575806,0.43574199080467224,0.0008670261595398188,0.39284151792526245,0.37740373611450195,-0.01197410561144352,0.38974902033805847,0.4280237853527069,-0.012978838756680489,0.39438095688819885,0.450780987739563,-0.010510718449950218,0.4177943766117096,0.43814295530319214,-0.004939074628055096,0.41226914525032043,0.38110801577568054,-0.011912869289517403,0.40679311752319336,0.4253607392311096,-0.002735606860369444,0.4103083610534668,0.4529307782649994,0.005965295247733593,0.4355543553829193,0.4535033404827118,-0.012242528609931469,0.4304797053337097,0.4043269753456116,-0.011753495782613754,0.4212135374546051,0.42900681495666504,-0.003369217971339822,0.42133527994155884,0.45604366064071655,0.003623231081292033
14,0.27069664001464844,0.47353947162628174,-1.1412199540927759e-07,0.24715188145637512,0.45482751727104187,-0.010140345431864262,0.23611509799957275,0.41131964325904846,-0.014041117392480373,0.24622884392738342,0.37339597940444946,-0.018180279061198235,0.2637324333190918,0.363787442445755,-0.01988835260272026,0.24049973487854004,0.35699543356895447,-0.0027902170550078154,0.2358480840921402,0.3023311495780945,-0.014525859616696835,0.23356691002845764,0.3098720908164978,-0.020166218280792236,0.23538808524608612,0.33668053150177,-0.021450776606798172,0.2570609152317047,0.3499069809913635,-0.0025515821762382984,0.25357964634895325,0.2903464138507843,-0.01464875042438507,0.24893873929977417,0.30815762281417847,-0.016789594665169716,0.25037023425102234,0.33990222215652466,-0.01396492775529623,0.2728886008262634,0.35356003046035767,-0.004818090703338385,0.2729359269142151,0.30180633068084717,-0.016574593260884285,0.26664698123931885,0.31800490617752075,-0.015128519386053085,0.2668180465698242,0.3461795151233673,-0.009670145809650421,0.28967413306236267,0.36512452363967896,-0.008340013213455677,0.29137733578681946,0.3247971534729004,-0.018140379339456558,0.28572964668273926,0.3270508050918579,-0.019126329571008682,0.28291934728622437,0.3454033434391022,-0.016335025429725647,0.4408084750175476,0.5766465663909912,-2.0781433818228834e-07,0.40344858169555664,0.5531919002532959,-0.0035919244401156902,0.3835689127445221,0.5154106616973877,-0.007100118324160576,0.3885214328765869,0.4783645272254944,-0.012759105302393436,0.4067116677761078,0.48087748885154724,-0.015488505363464355,0.38642534613609314,0.44219985604286194,0.004505753982812166,0.37464943528175354,0.3901125490665436,-0.007403417490422726,0.3722532391548157,0.42804157733917236,-0.014919946901500225,0.3777776062488556,0.45359256863594055,-0.019025489687919617,0.40211206674575806,0.43574199080467224,0.0008670261595398188,0.39284151792526245,0.37740373611450195,-0.01197410561144352,0.38974902033805847,0.4280237853527069,-0.012978838756680489,0.39438095688819885,0.450780987739563,-0.010510718449950218,0.4177943766117096,0.43814295530319214,-0.004939074628055096,0.41226914525032043,0.38110801577568054,-0.011912869289517403,0.40679311752319336,0.4253607392311096,-0.002735606860369444,0.4103083610534668,0.4529307782649994,0.005965295247733593,0.4355543553829193,0.4535033404827118,-0.012242528609931469,0.4304797053337097,0.4043269753456116,-0.011753495782613754,0.4212135374546051,0.42900681495666504,-0.003369217971339822,0.42133527994155884,0.45604366064071655,0.003623231081292033
15,0.27679723501205444,0.4772375226020813,-8.731868916811436e-08,0.2511157691478729,0.45965880155563354,-0.01047886349260807,0.23674599826335907,0.41275906562805176,-0.014536798931658268,0.245374858379364,0.3721507787704468,-0.01881631836295128,0.26541993021965027,0.36164823174476624,-0.020620061084628105,0.24169357120990753,0.35757845640182495,-0.002564413705840707,0.238210529088974,0.3015369176864624,-0.01349212322384119,0.23509804904460907,0.31120753288269043,-0.019405027851462364,0.23640690743923187,0.3371405601501465,-0.021303484216332436,0.25752171874046326,0.35117781162261963,-0.002253350568935275,0.25517842173576355,0.28978148102760315,-0.013278907164931297,0.24959640204906464,0.3073420226573944,-0.016263561323285103,0.25080007314682007,0.3375927209854126,-0.014878948219120502,0.27350497245788574,0.3547741174697876,-0.004428309388458729,0.27471989393234253,0.2992546856403351,-0.014622095972299576,0.2672445476055145,0.3155062198638916,-0.015054173767566681,0.26708275079727173,0.34374088048934937,-0.01199424546211958,0.2905030846595764,0.36547234654426575,-0.00793412420898676,0.29249125719070435,0.32430896162986755,-0.01601908914744854,0.2857646942138672,0.3267492949962616,-0.01767844520509243,0.28257936239242554,0.3465615510940552,-0.01648431457579136,0.4387775957584381,0.5786762237548828,-2.0679547674262722e-07,0.40163010358810425,0.5548322796821594,-0.004799481015652418,0.38175827264785767,0.5152134299278259,-0.008284884504973888,0.3885309398174286,0.476810097694397,-0.013677023351192474,0.40928998589515686,0.48662176728248596,-0.015627671033143997,0.3838955760002136,0.43995362520217896,0.005618064198642969,0.371777206659317,0.39005547761917114,-0.007305831648409367,0.3698563575744629,0.43019694089889526,-0.015979396179318428,0.37485870718955994,0.45429569482803345,-0.020847277715802193,0.39963337779045105,0.4329528212547302,0.003245375119149685,0.39000552892684937,0.37836524844169617,-0.009356379508972168,0.38717952370643616,0.4309932589530945,-0.010889328084886074,0.39190351963043213,0.45188212394714355,-0.009016070514917374,0.41561976075172424,0.43660032749176025,-0.001596251968294382,0.4110561013221741,0.3838217258453369,-0.007376066409051418,0.4054586589336395,0.4289122521877289,0.0015273841563612223,0.4091588854789734,0.45551031827926636,0.009709556587040424,0.43339812755584717,0.45174649357795715,-0.008227146230638027,0.4289688766002655,0.4049120843410492,-0.006908794865012169,0.41955387592315674,0.42977625131607056,0.00064684177050367,0.42055320739746094,0.45424917340278625,0.006892040837556124
16,0.27429771423339844,0.4674518406391144,-1.2830552975628962e-07,0.2500441074371338,0.45091482996940613,-0.009865205734968185,0.23714065551757812,0.4090355336666107,-0.014165123924612999,0.24637126922607422,0.37151768803596497,-0.018786100670695305,0.2650466561317444,0.3617464005947113,-0.02116560935974121,0.24144233763217926,0.3537304103374481,-0.002944227308034897,0.23707318305969238,0.3003714382648468,-0.01420446578413248,0.233694925904274,0.31438589096069336,-0.020178791135549545,0.23527051508426666,0.34266677498817444,-0.02194717526435852,0.2574380040168762,0.34628039598464966,-0.0029391120187938213,0.2539478540420532,0.2881223261356354,-0.013444619253277779,0.2486008107662201,0.30886220932006836,-0.015729181468486786,0.250578910112381,0.33913302421569824,-0.013792265206575394,0.2733398675918579,0.3493298292160034,-0.005300574935972691,0.27397871017456055,0.2986239790916443,-0.015495207160711288,0.2669457197189331,0.3178097605705261,-0.014703785069286823,0.2671034634113312,0.3450033664703369,-0.010592806152999401,0.2901538014411926,0.3599381744861603,-0.008882962167263031,0.29211342334747314,0.32088178396224976,-0.017097048461437225,0.28570032119750977,0.3249734938144684,-0.017672335729002953,0.28237107396125793,0.34313732385635376,-0.01537207793444395,0.4382169842720032,0.5770372748374939,-2.0030837788453937e-07,0.40157392621040344,0.5530888438224792,-0.005266948603093624,0.3820669651031494,0.5143038034439087,-0.008831151761114597,0.38906192779541016,0.47712621092796326,-0.014038538560271263,0.4095267653465271,0.48761045932769775,-0.015849044546484947,0.38421252369880676,0.439496785402298,0.005140790715813637,0.37237006425857544,0.3899601399898529,-0.007191490847617388,0.37087127566337585,0.4285356402397156,-0.015813108533620834,0.37563395500183105,0.4517901539802551,-0.02085326425731182,0.4001498520374298,0.4332513213157654,0.0032418197952210903,0.39095139503479004,0.37919944524765015,-0.008568145334720612,0.3884830176830292,0.4309796988964081,-0.010366079397499561,0.3926458954811096,0.45176491141319275,-0.009127877652645111,0.4159397780895233,0.437181681394577,-0.0010475858580321074,0.411540150642395,0.38494181632995605,-0.006329945754259825,0.4061730206012726,0.42901211977005005,0.0020547532476484776,0.40972575545310974,0.45601361989974976,0.009485536254942417,0.4338664710521698,0.4518233835697174,-0.007130176294595003,0.4299049973487854,0.4063977003097534,-0.0059491307474672794,0.42080986499786377,0.43066808581352234,0.0011302810162305832,0.42142385244369507,0.45501822233200073,0.006825799122452736
17,0.2758737802505493,0.4649249017238617,-1.1813780531610973e-07,0.2512063980102539,0.44906914234161377,-0.010487941093742847,0.23846082389354706,0.40507373213768005,-0.01452640164643526,0.24835029244422913,0.3674841821193695,-0.018870070576667786,0.2678249776363373,0.3617247939109802,-0.021016890183091164,0.24305464327335358,0.3521442413330078,-0.002171784406527877,0.23934431374073029,0.29984527826309204,-0.013342272490262985,0.23545502126216888,0.3135010600090027,-0.019375620409846306,0.23657919466495514,0.3418682813644409,-0.021292109042406082,0.2590681314468384,0.34498292207717896,-0.0020031153690069914,0.2564295530319214,0.2860201895236969,-0.013258960098028183,0.25046512484550476,0.30628421902656555,-0.01621059887111187,0.252187043428421,0.3375430405139923,-0.014478093013167381,0.27511078119277954,0.34818416833877563,-0.004360875114798546,0.27631738781929016,0.29622045159339905,-0.015485317446291447,0.26845505833625793,0.3154772222042084,-0.015770655125379562,0.26821163296699524,0.34316378831863403,-0.012125153094530106,0.29194486141204834,0.3580756187438965,-0.007947342470288277,0.2936442494392395,0.3194825053215027,-0.016763264313340187,0.28708556294441223,0.3243030309677124,-0.01808192767202854,0.28419601917266846,0.34352919459342957,-0.016296425834298134,0.4397748112678528,0.5784832239151001,-2.1825758267368656e-07,0.40158069133758545,0.5533926486968994,-0.0040045082569122314,0.38220515847206116,0.5164076089859009,-0.008028611540794373,0.3882998526096344,0.48096251487731934,-0.014175977557897568,0.40884193778038025,0.48300901055336,-0.01707751303911209,0.3851949870586395,0.4404752254486084,0.004904004745185375,0.3727667033672333,0.3896055817604065,-0.008607064373791218,0.37107232213020325,0.4304443895816803,-0.017829591408371925,0.3767179548740387,0.4550740122795105,-0.023076677694916725,0.40111950039863586,0.43445414304733276,0.001669377670623362,0.3909861147403717,0.37674006819725037,-0.011980158276855946,0.3887336850166321,0.43134748935699463,-0.013985956087708473,0.39316147565841675,0.45287513732910156,-0.012355613522231579,0.4168265461921692,0.4382682740688324,-0.003866118611767888,0.4118354916572571,0.3838428258895874,-0.010540606454014778,0.40652820467948914,0.42926400899887085,-0.0017278366722166538,0.4099995791912079,0.45696529746055603,0.006601579487323761,0.4344490170478821,0.4553016424179077,-0.01103746797889471,0.4298556447029114,0.4064604938030243,-0.009584330953657627,0.4201045632362366,0.43107888102531433,-0.0013372404500842094,0.42039868235588074,0.4576677680015564,0.00533639919012785
18,0.2758737802505493,0.4649249017238617,-1.1813780531610973e-07,0.2512063980102539,0.44906914234161377,-0.010487941093742847,0.23846082389354706,0.40507373213768005,-0.01452640164643526,0.24835029244422913,0.3674841821193695,-0.018870070576667786,0.2678249776363373,0.3617247939109802,-0.021016890183091164,0.24305464327335358,0.3521442413330078,-0.002171784406527877,0.23934431374073029,0.29984527826309204,-0.013342272490262985,0.23545502126216888,0.3135010600090027,-0.019375620409846306,0.23657919466495514,0.3418682813644409,-0.021292109042406082,0.2590681314468384,0.34498292207717896,-0.0020031153690069914,0.2564295530319214,0.2860201895236969,-0.013258960098028183,0.25046512484550476,0.30628421902656555,-0.01621059887111187,0.252187043428421,0.3375430405139923,-0.014478093013167381,0.27511078119277954,0.34818416833877563,-0.004360875114798546,0.27631738781929016,0.29622045159339905,-0.015485317446291447,0.26845505833625793,0.3154772222042084,-0.015770655125379562,0.26821163296699524,0.34316378831863403,-0.012125153094530106,0.29194486141204834,0.3580756187438965,-0.007947342470288277,0.2936442494392395,0.3194825053215027,-0.016763264313340187,0.28708556294441223,0.3243030309677124,-0.01808192767202854,0.28419601917266846,0.34352919459342957,-0.016296425834298134,0.4397748112678528,0.5784832239151001,-2.1825758267368656e-07,0.40158069133758545,0.5533926486968994,-0.0040045082569122314,0.38220515847206116,0.5164076089859009,-0.008028611540794373,0.3882998526096344,0.48096251487731934,-0.014175977557897568,0.40884193778038025,0.48300901055336,-0.01707751303911209,0.3851949870586395,0.4404752254486084,0.004904004745185375,0.3727667033672333,0.3896055817604065,-0.008607064373791218,0.37107232213020325,0.4304443895816803,-0.017829591408371925,0.3767179548740387,0.4550740122795105,-0.023076677694916725,0.40111950039863586,0.43445414304733276,0.001669377670623362,0.3909861147403717,0.37674006819725037,-0.011980158276855946,0.3887336850166321,0.43134748935699463,-0.013985956087708473,0.39316147565841675,0.45287513732910156,-0.012355613522231579,0.4168265461921692,0.4382682740688324,-0.003866118611767888,0.4118354916572571,0.3838428258895874,-0.010540606454014778,0.40652820467948914,0.42926400899887085,-0.0017278366722166538,0.4099995791912079,0.45696529746055603,0.006601579487323761,0.4344490170478821,0.4553016424179077,-0.01103746797889471,0.4298556447029114,0.4064604938030243,-0.009584330953657627,0.4201045632362366,0.43107888102531433,-0.0013372404500842094,0.42039868235588074,0.4576677680015564,0.00533639919012785
19,0.2773359417915344,0.47563764452934265,-5.694428040214916e-08,0.25263193249702454,0.4557303488254547,-0.009708298370242119,0.23918049037456512,0.4099638760089874,-0.012832920998334885,0.24792368710041046,0.3700801432132721,-0.016438176855444908,0.26747849583625793,0.3642595410346985,-0.017742112278938293,0.24284055829048157,0.35770153999328613,0.00021605489018838853,0.239166721701622,0.30547842383384705,-0.009912057779729366,0.23548170924186707,0.3103773295879364,-0.01587502472102642,0.23641686141490936,0.33424821496009827,-0.01801627315580845,0.2589467167854309,0.350562185049057,0.00011895944771822542,0.25601521134376526,0.29180848598480225,-0.010479786433279514,0.25038453936576843,0.3035253584384918,-0.014429529197514057,0.2511433959007263,0.3338812589645386,-0.013674721121788025,0.27505239844322205,0.3534508943557739,-0.002501401584595442,0.27569544315338135,0.3002653121948242,-0.012366455048322678,0.2686311602592468,0.3119814097881317,-0.013627579435706139,0.2683567702770233,0.33948859572410583,-0.011001871898770332,0.2923816740512848,0.36323705315589905,-0.006437314208596945,0.2935032844543457,0.32357358932495117,-0.015055054798722267,0.287432461977005,0.32495570182800293,-0.017374640330672264,0.2844265103340149,0.3456599712371826,-0.016320157796144485,0.438510537147522,0.5786430835723877,-2.029131280778529e-07,0.40176936984062195,0.5543276071548462,-0.004784516990184784,0.38252919912338257,0.5148043036460876,-0.008309902623295784,0.38959288597106934,0.47717365622520447,-0.013749286532402039,0.4100111722946167,0.48708340525627136,-0.015779731795191765,0.3844388425350189,0.4404747486114502,0.005252989474684,0.3723517954349518,0.3905814290046692,-0.007293387316167355,0.3710571229457855,0.43081510066986084,-0.015454539097845554,0.37633681297302246,0.4549191892147064,-0.019989730790257454,0.40035831928253174,0.4339867830276489,0.002620141254737973,0.3912079334259033,0.3790431022644043,-0.010072066448628902,0.3888435661792755,0.43145355582237244,-0.011645792983472347,0.39340972900390625,0.4525154232978821,-0.009793481789529324,0.4163318872451782,0.4379875063896179,-0.00242269947193563,0.41213545203208923,0.38541486859321594,-0.008492236956954002,0.40659305453300476,0.4297833740711212,2.775818393274676e-05,0.41011545062065125,0.4564444124698639,0.007979165762662888,0.4342264235019684,0.4535236656665802,-0.009225334972143173,0.43025967478752136,0.40703636407852173,-0.0079059898853302,0.4209033250808716,0.43093663454055786,-0.0004662780265789479,0.42145174741744995,0.45548343658447266,0.00560796819627285
20,0.27811023592948914,0.4736361503601074,-5.85169566136301e-08,0.2533635199069977,0.45717963576316833,-0.011974835768342018,0.23962248861789703,0.4133228063583374,-0.01693018712103367,0.2463257908821106,0.3723999261856079,-0.021810617297887802,0.26451605558395386,0.3585044741630554,-0.024327212944626808,0.24269045889377594,0.3585900068283081,-0.004620086867362261,0.23855823278427124,0.30444926023483276,-0.0164058618247509,0.2361435890197754,0.3105718791484833,-0.022838890552520752,0.23788729310035706,0.33540910482406616,-0.02499426156282425,0.25877201557159424,0.3515160083770752,-0.0038682841695845127,0.25565946102142334,0.2910825312137604,-0.015828685835003853,0.2504267394542694,0.30577337741851807,-0.019740641117095947,0.251789927482605,0.33676859736442566,-0.018922537565231323,0.2750239968299866,0.3546341061592102,-0.005656253080815077,0.27545833587646484,0.3000982403755188,-0.01685439981520176,0.26832684874534607,0.31475359201431274,-0.017957232892513275,0.2684330642223358,0.3437737822532654,-0.01516660489141941,0.29246053099632263,0.3643762469291687,-0.008808335289359093,0.29303309321403503,0.3247770071029663,-0.018523482605814934,0.2870909869670868,0.3275362253189087,-0.02109951339662075,0.28449609875679016,0.3481725752353668,-0.020167771726846695,0.43829241394996643,0.576924741268158,-2.1931708715783316e-07,0.40114524960517883,0.5540218949317932,-0.005076337140053511,0.3812412619590759,0.5162997841835022,-0.009180909022688866,0.3876602351665497,0.4799669086933136,-0.015290659852325916,0.40886256098747253,0.4851868152618408,-0.01815209351480007,0.38535764813423157,0.4412882328033447,0.004874406848102808,0.37289535999298096,0.39144858717918396,-0.008713066577911377,0.37096863985061646,0.43193942308425903,-0.018080804497003555,0.37648481130599976,0.45606887340545654,-0.023431766778230667,0.40072381496429443,0.43511804938316345,0.0020644806791096926,0.39032360911369324,0.37825319170951843,-0.01118376199156046,0.3878662884235382,0.43263137340545654,-0.013308790512382984,0.3931574523448944,0.4541821777820587,-0.011886199936270714,0.4163944125175476,0.4389866590499878,-0.003267152002081275,0.41161733865737915,0.3841695785522461,-0.01022331602871418,0.40592578053474426,0.429602712392807,-0.002100038342177868,0.4099298417568207,0.4578608572483063,0.005689929239451885,0.434193879365921,0.4545660614967346,-0.010376792401075363,0.43010374903678894,0.40755265951156616,-0.009818362072110176,0.42032095789909363,0.43192601203918457,-0.0027231054846197367,0.42069151997566223,0.45729950070381165,0.0031051854602992535
21,0.27811023592948914,0.4736361503601074,-5.85169566136301e-08,0.2533635199069977,0.45717963576316833,-0.011974835768342018,0.23962248861789703,0.4133228063583374,-0.01693018712103367,0.2463257908821106,0.3723999261856079,-0.021810617297887802,0.26451605558395386,0.3585044741630554,-0.024327212944626808,0.24269045889377594,0.3585900068283081,-0.004620086867362261,0.23855823278427124,0.30444926023483276,-0.0164058618247509,0.2361435890197754,0.3105718791484833,-0.022838890552520752,0.23788729310035706,0.33540910482406616,-0.02499426156282425,0.25877201557159424,0.3515160083770752,-0.0038682841695845127,0.25565946102142334,0.2910825312137604,-0.015828685835003853,0.2504267394542694,0.30577337741851807,-0.019740641117095947,0.251789927482605,0.33676859736442566,-0.018922537565231323,0.2750239968299866,0.3546341061592102,-0.005656253080815077,0.27545833587646484,0.3000982403755188,-0.01685439981520176,0.26832684874534607,0.31475359201431274,-0.017957232892513275,0.2684330642223358,0.3437737822532654,-0.01516660489141941,0.29246053099632263,0.3643762469291687,-0.008808335289359093,0.29303309321403503,0.3247770071029663,-0.018523482605814934,0.2870909869670868,0.3275362253189087,-0.02109951339662075,0.28449609875679016,0.3481725752353668,-0.020167771726846695,0.43829241394996643,0.576924741268158,-2.1931708715783316e-07,0.40114524960517883,0.5540218949317932,-0.005076337140053511,0.3812412619590759,0.5162997841835022,-0.009180909022688866,0.3876602351665497,0.4799669086933136,-0.015290659852325916,0.40886256098747253,0.4851868152618408,-0.01815209351480007,0.38535764813423157,0.4412882328033447,0.004874406848102808,0.37289535999298096,0.39144858717918396,-0.008713066577911377,0.37096863985061646,0.43193942308425903,-0.018080804497003555,0.37648481130599976,0.45606887340545654,-0.023431766778230667,0.40072381496429443,0.43511804938316345,0.0020644806791096926,0.39032360911369324,0.37825319170951843,-0.01118376199156046,0.3878662884235382,0.43263137340545654,-0.013308790512382984,0.3931574523448944,0.4541821777820587,-0.011886199936270714,0.4163944125175476,0.4389866590499878,-0.003267152002081275,0.41161733865737915,0.3841695785522461,-0.01022331602871418,0.40592578053474426,0.429602712392807,-0.002100038342177868,0.4099298417568207,0.4578608572483063,0.005689929239451885,0.434193879365921,0.4545660614967346,-0.010376792401075363,0.43010374903678894,0.40755265951156616,-0.009818362072110176,0.42032095789909363,0.43192601203918457,-0.0027231054846197367,0.42069151997566223,0.45729950070381165,0.0031051854602992535
22,0.2776041328907013,0.4773426055908203,-7.190990203298497e-08,0.2535760998725891,0.45958560705184937,-0.012125798501074314,0.24023374915122986,0.4147869646549225,-0.016614390537142754,0.24680668115615845,0.37269625067710876,-0.02096516266465187,0.2634926438331604,0.35746556520462036,-0.022941026836633682,0.2434224635362625,0.3603670001029968,-0.0036439974792301655,0.2391374409198761,0.30505242943763733,-0.01528078317642212,0.23661911487579346,0.3113071620464325,-0.021546272560954094,0.2385440617799759,0.33676382899284363,-0.023545196279883385,0.25950145721435547,0.3532939553260803,-0.0025847232900559902,0.2560521364212036,0.29111751914024353,-0.014620323665440083,0.251037061214447,0.30618566274642944,-0.01846936158835888,0.2527913749217987,0.33668041229248047,-0.01741502247750759,0.2757595479488373,0.35636764764785767,-0.0041328840889036655,0.27577394247055054,0.30074307322502136,-0.015579599887132645,0.26951679587364197,0.3162054121494293,-0.016514386981725693,0.2703901529312134,0.344711035490036,-0.01341288536787033,0.2929721176624298,0.3664513826370239,-0.00702675012871623,0.2921242117881775,0.3245808184146881,-0.016618607565760612,0.2865139842033386,0.32868191599845886,-0.018777059391140938,0.2850753664970398,0.35041630268096924,-0.01750614307820797,0.44018611311912537,0.5788078308105469,-2.1050033183200867e-07,0.4016241431236267,0.5548375248908997,-0.00467859348282218,0.3820434510707855,0.5161247253417969,-0.008494054898619652,0.3884185254573822,0.47939327359199524,-0.01444173138588667,0.40961989760398865,0.4851212799549103,-0.016865277662873268,0.3854596018791199,0.4400782585144043,0.006387610919773579,0.3723562955856323,0.39147263765335083,-0.007423972710967064,0.37102246284484863,0.4326103925704956,-0.01731039583683014,0.3769204616546631,0.4563240706920624,-0.02313600294291973,0.4008775055408478,0.43411964178085327,0.003489386523142457,0.39008283615112305,0.37776750326156616,-0.01019990723580122,0.38777968287467957,0.431994765996933,-0.012898211367428303,0.39298495650291443,0.45261478424072266,-0.011875567957758904,0.41631901264190674,0.43850433826446533,-0.0019644054118543863,0.411193311214447,0.38442370295524597,-0.008278744295239449,0.40591558814048767,0.43003350496292114,0.0006891000084578991,0.41011667251586914,0.45720505714416504,0.008925113826990128,0.43414947390556335,0.45480430126190186,-0.009306402876973152,0.42965349555015564,0.408033162355423,-0.007734514307230711,0.4202050566673279,0.4326111376285553,5.091053753858432e-05,0.42097237706184387,0.4572423994541168,0.006284989416599274
23,0.2794640064239502,0.4772500991821289,-7.67811343393987e-08,0.2534209191799164,0.4612981081008911,-0.011294071562588215,0.23862865567207336,0.41491836309432983,-0.015332181937992573,0.24697107076644897,0.37378284335136414,-0.019421033561229706,0.26566365361213684,0.36330005526542664,-0.021124931052327156,0.24317988753318787,0.36005502939224243,-0.0027922221925109625,0.2387935370206833,0.3056376576423645,-0.01397120114415884,0.2364758551120758,0.3132338523864746,-0.020276540890336037,0.2384246587753296,0.339080810546875,-0.02248961664736271,0.2592792510986328,0.3536236584186554,-0.002044671680778265,0.2559312880039215,0.2927509546279907,-0.013480234891176224,0.25135543942451477,0.30869728326797485,-0.017225518822669983,0.25328704714775085,0.3394933342933655,-0.016343630850315094,0.27540382742881775,0.35724344849586487,-0.0038773310370743275,0.27594539523124695,0.30255207419395447,-0.014707058668136597,0.2694734036922455,0.3168315291404724,-0.016183678060770035,0.2696264982223511,0.34479379653930664,-0.01378954853862524,0.29252761602401733,0.36761415004730225,-0.00704696960747242,0.2936995327472687,0.32710325717926025,-0.016284003853797913,0.2874760329723358,0.33036401867866516,-0.019022181630134583,0.28456491231918335,0.3513805866241455,-0.018460175022482872,0.44022703170776367,0.5782743692398071,-2.0595896899067156e-07,0.40204858779907227,0.5544491410255432,-0.004247154109179974,0.382236510515213,0.5153295993804932,-0.007726327516138554,0.38923168182373047,0.47897353768348694,-0.013375308364629745,0.4097025394439697,0.4842349886894226,-0.01571161113679409,0.38520547747612,0.4411473870277405,0.0062885950319468975,0.37237727642059326,0.39168885350227356,-0.006557171232998371,0.37120774388313293,0.4326045513153076,-0.0151956332847476,0.37735530734062195,0.45665693283081055,-0.020073650404810905,0.4007605016231537,0.4347617030143738,0.0029926737770438194,0.39043718576431274,0.37765806913375854,-0.010544126853346825,0.38790109753608704,0.43112513422966003,-0.01246165856719017,0.39315393567085266,0.45200014114379883,-0.010570915415883064,0.4161642789840698,0.4383111298084259,-0.002780856564640999,0.4109865427017212,0.3831726908683777,-0.009838012978434563,0.40538716316223145,0.4282274544239044,-0.0011588033521547914,0.4095403254032135,0.45551544427871704,0.007294433191418648,0.4340113401412964,0.45422738790512085,-0.01026908215135336,0.4289875626564026,0.40621280670166016,-0.009365001693367958,0.41941386461257935,0.43109509348869324,-0.0015490268124267459,0.42033278942108154,0.4572518467903137,0.004944379907101393
24,0.27730077505111694,0.48502445220947266,-5.9353066461653725e-08,0.25220945477485657,0.4658511281013489,-0.011842330917716026,0.23993328213691711,0.4167439639568329,-0.015922151505947113,0.2489938735961914,0.3753461539745331,-0.020030582323670387,0.2674250304698944,0.3657534420490265,-0.02178925834596157,0.24362732470035553,0.3641112446784973,-0.003003703197464347,0.2390861064195633,0.3099296987056732,-0.0147372055798769,0.23655761778354645,0.3142088055610657,-0.021803980693221092,0.23864643275737762,0.33998721837997437,-0.024419477209448814,0.2588162422180176,0.35664087533950806,-0.0021014490630477667,0.2559368312358856,0.29585063457489014,-0.013960964046418667,0.2503258287906647,0.3058231472969055,-0.018429476767778397,0.2515014708042145,0.33677148818969727,-0.018117433413863182,0.2748410403728485,0.35979175567626953,-0.003917152062058449,0.27560046315193176,0.30344468355178833,-0.01478653959929943,0.26853662729263306,0.312254399061203,-0.017132189124822617,0.26869428157806396,0.3407568633556366,-0.015358165837824345,0.2923952639102936,0.3703243136405945,-0.007205544970929623,0.2940829396247864,0.3290596902370453,-0.016378037631511688,0.2876572906970978,0.3286595940589905,-0.019781986251473427,0.2846170663833618,0.34932056069374084,-0.01975502073764801,0.44318532943725586,0.578635573387146,-2.0321135707490612e-07,0.4059760570526123,0.5543915033340454,-0.004032306373119354,0.38456669449806213,0.51822429895401,-0.008295048959553242,0.3870266377925873,0.47977015376091003,-0.014716769568622112,0.4070420563220978,0.48269832134246826,-0.018080225214362144,0.3892236649990082,0.44022321701049805,0.0040999348275363445,0.3747688829898834,0.39071255922317505,-0.008881941437721252,0.3740501403808594,0.4307813346385956,-0.01764659769833088,0.38103774189949036,0.4555739462375641,-0.022689519450068474,0.404209166765213,0.43466997146606445,0.0007667535683140159,0.3928025960922241,0.37772348523139954,-0.012620383873581886,0.39049163460731506,0.4293840527534485,-0.014000358991324902,0.39566683769226074,0.4519330561161041,-0.011913527734577656,0.4194055199623108,0.4385463297367096,-0.0047998251393437386,0.4129563570022583,0.38386791944503784,-0.011613013222813606,0.40753892064094543,0.4292050302028656,-0.002102126833051443,0.4118894040584564,0.4568787217140198,0.006787854712456465,0.43697884678840637,0.4551834762096405,-0.012054186314344406,0.4314906895160675,0.40568622946739197,-0.011504211463034153,0.42191317677497864,0.43115100264549255,-0.0032703399192541838,0.42269614338874817,0.4587799310684204,0.003644924843683839
25,0.27730077505111694,0.48502445220947266,-5.9353066461653725e-08,0.25220945477485657,0.4658511281013489,-0.011842330917716026,0.23993328213691711,0.4167439639568329,-0.015922151505947113,0.2489938735961914,0.3753461539745331,-0.020030582323670387,0.2674250304698944,0.3657534420490265,-0.02178925834596157,0.24362732470035553,0.3641112446784973,-0.003003703197464347,0.2390861064195633,0.3099296987056732,-0.0147372055798769,0.23655761778354645,0.3142088055610657,-0.021803980693221092,0.23864643275737762,0.33998721837997437,-0.024419477209448814,0.2588162422180176,0.35664087533950806,-0.0021014490630477667,0.2559368312358856,0.29585063457489014,-0.013960964046418667,0.2503258287906647,0.3058231472969055,-0.018429476767778397,0.2515014708042145,0.33677148818969727,-0.018117433413863182,0.2748410403728485,0.35979175567626953,-0.003917152062058449,0.27560046315193176,0.30344468355178833,-0.01478653959929943,0.26853662729263306,0.312254399061203,-0.017132189124822617,0.26869428157806396,0.3407568633556366,-0.015358165837824345,0.2923952639102936,0.3703243136405945,-0.007205544970929623,0.2940829396247864,0.3290596902370453,-0.016378037631511688,0.2876572906970978,0.3286595940589905,-0.019781986251473427,0.2846170663833618,0.34932056069374084,-0.01975502073764801,0.44318532943725586,0.578635573387146,-2.0321135707490612e-07,0.4059760570526123,0.5543915033340454,-0.004032306373119354,0.38456669449806213,0.51822429895401,-0.008295048959553242,0.3870266377925873,0.47977015376091003,-0.014716769568622112,0.4070420563220978,0.48269832134246826,-0.018080225214362144,0.3892236649990082,0.44022321701049805,0.0040999348275363445,0.3747688829898834,0.39071255922317505,-0.008881941437721252,0.3740501403808594,0.4307813346385956,-0.01764659769833088,0.38103774189949036,0.4555739462375641,-0.022689519450068474,0.404209166765213,0.43466997146606445,0.0007667535683140159,0.3928025960922241,0.37772348523139954,-0.012620383873581886,0.39049163460731506,0.4293840527534485,-0.014000358991324902,0.39566683769226074,0.4519330561161041,-0.011913527734577656,0.4194055199623108,0.4385463297367096,-0.0047998251393437386,0.4129563570022583,0.38386791944503784,-0.011613013222813606,0.40753892064094543,0.4292050302028656,-0.002102126833051443,0.4118894040584564,0.4568787217140198,0.006787854712456465,0.43697884678840637,0.4551834762096405,-0.012054186314344406,0.4314906895160675,0.40568622946739197,-0.011504211463034153,0.42191317677497864,0.43115100264549255,-0.0032703399192541838,0.42269614338874817,0.4587799310684204,0.003644924843683839
26,0.27857622504234314,0.4839462339878082,-8.412017393766291e-08,0.253312349319458,0.4676082730293274,-0.012146285735070705,0.23944777250289917,0.4187004268169403,-0.0164971761405468,0.24858061969280243,0.376681923866272,-0.020720837637782097,0.26767969131469727,0.36715811491012573,-0.022514790296554565,0.24326494336128235,0.3640124499797821,-0.0033856139052659273,0.23905186355113983,0.30815306305885315,-0.014782305806875229,0.23634526133537292,0.3173747658729553,-0.021187875419855118,0.2385280430316925,0.34569859504699707,-0.02341127023100853,0.25915849208831787,0.3566870391368866,-0.002319114748388529,0.2564888596534729,0.29399144649505615,-0.013994528912007809,0.2510259449481964,0.30921414494514465,-0.017532775178551674,0.25284308195114136,0.34083613753318787,-0.01637815497815609,0.27528080344200134,0.3602027893066406,-0.003974557854235172,0.2765396237373352,0.30247533321380615,-0.014870472252368927,0.26952433586120605,0.3139755129814148,-0.016193058341741562,0.2695211172103882,0.34135720133781433,-0.01358840148895979,0.29226550459861755,0.37112078070640564,-0.007083829026669264,0.2938636541366577,0.3287259340286255,-0.016176480799913406,0.2873390018939972,0.32973697781562805,-0.01881200633943081,0.2846606373786926,0.3496994972229004,-0.018161941319704056,0.439931720495224,0.5767365097999573,-2.0217275675804558e-07,0.40350332856178284,0.5541660189628601,-0.004793401807546616,0.3835180699825287,0.5146631002426147,-0.008465403690934181,0.3901176154613495,0.47874903678894043,-0.01413712278008461,0.41017666459083557,0.48465752601623535,-0.016784483566880226,0.3859594464302063,0.44037437438964844,0.004353911150246859,0.373233437538147,0.38942068815231323,-0.00801714789122343,0.3716594874858856,0.4298018217086792,-0.016255218535661697,0.37744322419166565,0.45461010932922363,-0.020927337929606438,0.40199536085128784,0.4342762529850006,0.0014086725423112512,0.39233633875846863,0.3774522840976715,-0.010697445832192898,0.38979291915893555,0.4298032224178314,-0.012196054682135582,0.3943835496902466,0.45083606243133545,-0.01054245512932539,0.4177505075931549,0.43814653158187866,-0.003892447566613555,0.41259366273880005,0.38367441296577454,-0.009908213280141354,0.40722304582595825,0.42845866084098816,-0.0017111259512603283,0.41104453802108765,0.45546627044677734,0.005768709350377321,0.43555936217308044,0.45323053002357483,-0.01087742205709219,0.4304906129837036,0.406197190284729,-0.01014623511582613,0.4212993383407593,0.4309178292751312,-0.002859472995623946,0.4220900535583496,0.4564899802207947,0.003037727205082774
27,0.27939197421073914,0.4798829257488251,-9.4487155877232e-08,0.2536042034626007,0.4649706184864044,-0.01066346000880003,0.23857182264328003,0.41855061054229736,-0.014894542284309864,0.24750667810440063,0.3773221969604492,-0.019312774762511253,0.26717957854270935,0.36741605401039124,-0.02150978520512581,0.24277955293655396,0.35985907912254333,-0.002424051519483328,0.2394932061433792,0.30620527267456055,-0.013433421961963177,0.23667889833450317,0.3156581521034241,-0.019986916333436966,0.23792871832847595,0.3424009382724762,-0.022525493055582047,0.25887537002563477,0.3528974652290344,-0.0022962912917137146,0.2563512921333313,0.29220467805862427,-0.013241383247077465,0.2517593204975128,0.31002578139305115,-0.016894875094294548,0.25354689359664917,0.34125176072120667,-0.016161732375621796,0.27531883120536804,0.3563686013221741,-0.004682666622102261,0.27710849046707153,0.30136629939079285,-0.014962436631321907,0.27046555280685425,0.31619447469711304,-0.016410283744335175,0.26999524235725403,0.343353271484375,-0.014309791848063469,0.2925788164138794,0.3672075569629669,-0.008372887969017029,0.2942856252193451,0.32696494460105896,-0.01690060831606388,0.28787583112716675,0.3300708830356598,-0.019183067604899406,0.2843968868255615,0.3493709862232208,-0.018585653975605965,0.444557249546051,0.5788695812225342,-2.187277345910843e-07,0.4063916504383087,0.550402045249939,-0.004028283059597015,0.3857269287109375,0.5136694312095642,-0.00836994033306837,0.3884304165840149,0.4768391251564026,-0.014893417246639729,0.4071078598499298,0.48045971989631653,-0.018689805641770363,0.39107465744018555,0.43800124526023865,0.00516744377091527,0.37687116861343384,0.388485312461853,-0.00885095540434122,0.3736783266067505,0.4269891679286957,-0.019355857744812965,0.37917178869247437,0.4512685537338257,-0.025426488369703293,0.4053972363471985,0.43437182903289795,0.0023599511478096247,0.39308369159698486,0.377999871969223,-0.011097528040409088,0.38950520753860474,0.4299035370349884,-0.013799351640045643,0.39482808113098145,0.4535627067089081,-0.012735610827803612,0.4205780625343323,0.43830880522727966,-0.002748026279732585,0.4134455919265747,0.3834798336029053,-0.008809145539999008,0.40675675868988037,0.42879167199134827,-0.0005275594303384423,0.41132858395576477,0.45830315351486206,0.00727166747674346,0.4382111132144928,0.45358988642692566,-0.009632749482989311,0.43233704566955566,0.4071078896522522,-0.008552496321499348,0.42125552892684937,0.4327341616153717,-0.0011053119087591767,0.4219520688056946,0.4592868387699127,0.005061698146164417
28,0.27881520986557007,0.48105841875076294,-8.5321239851055e-08,0.2533048391342163,0.4619382321834564,-0.01057412102818489,0.23968443274497986,0.4153422713279724,-0.014768210239708424,0.24839098751544952,0.37548619508743286,-0.01944107376039028,0.2668789327144623,0.3651798665523529,-0.021862849593162537,0.24306605756282806,0.36040717363357544,-0.001632961560972035,0.23934105038642883,0.3063678741455078,-0.012997341342270374,0.23679935932159424,0.3171526789665222,-0.019884459674358368,0.23802921175956726,0.34340670704841614,-0.022503776475787163,0.2590535283088684,0.35412460565567017,-0.0016243662685155869,0.25557389855384827,0.29286324977874756,-0.01269948948174715,0.2510371506214142,0.31123170256614685,-0.016978617757558823,0.2527213990688324,0.34186938405036926,-0.016697270795702934,0.27547627687454224,0.3578185439109802,-0.00419714255258441,0.27672794461250305,0.30178433656692505,-0.014718824997544289,0.2696656584739685,0.3170994818210602,-0.01685451902449131,0.268879234790802,0.34550362825393677,-0.015059024095535278,0.2929065525531769,0.3683234751224518,-0.00807276926934719,0.29492995142936707,0.32791417837142944,-0.016598349437117577,0.2887318730354309,0.3289511203765869,-0.01943928189575672,0.2852809429168701,0.3478131592273712,-0.0192027036100626,0.44518017768859863,0.5791149139404297,-2.063294601839516e-07,0.4069943428039551,0.5503820180892944,-0.005563169717788696,0.38592466711997986,0.5137511491775513,-0.01048959419131279,0.3892766237258911,0.47666382789611816,-0.017181890085339546,0.4079779088497162,0.47992485761642456,-0.021012352779507637,0.3909865915775299,0.4374822676181793,0.0034138006158173084,0.3757711350917816,0.38897332549095154,-0.010565593838691711,0.3732176721096039,0.4267434775829315,-0.020846208557486534,0.37900179624557495,0.4501369595527649,-0.02692040055990219,0.40575653314590454,0.43322762846946716,0.0012289537116885185,0.39270442724227905,0.37733832001686096,-0.013003316707909107,0.38930267095565796,0.4288131594657898,-0.016286345198750496,0.3947262167930603,0.45265114307403564,-0.01564795710146427,0.4206620752811432,0.43698757886886597,-0.0032347585074603558,0.4130275547504425,0.38263657689094543,-0.009896588511765003,0.4062936007976532,0.42767271399497986,-0.0018346878932788968,0.41080620884895325,0.4572221040725708,0.0058037471026182175,0.43816596269607544,0.45213398337364197,-0.009553932584822178,0.4316916763782501,0.40580421686172485,-0.009118224494159222,0.42077356576919556,0.43198707699775696,-0.0020238508004695177,0.42149239778518677,0.4589462876319885,0.003906784113496542
29,0.27881520986557007,0.48105841875076294,-8.5321239851055e-08,0.2533048391342163,0.4619382321834564,-0.01057412102818489,0.23968443274497986,0.4153422713279724,-0.014768210239708424,0.24839098751544952,0.37548619508743286,-0.01944107376039028,0.2668789327144623,0.3651798665523529,-0.021862849593162537,0.24306605756282806,0.36040717363357544,-0.001632961560972035,0.23934105038642883,0.3063678741455078,-0.012997341342270374,0.23679935932159424,0.3171526789665222,-0.019884459674358368,0.23802921175956726,0.34340670704841614,-0.022503776475787163,0.2590535283088684,0.35412460565567017,-0.0016243662685155869,0.25557389855384827,0.29286324977874756,-0.01269948948174715,0.2510371506214142,0.31123170256614685,-0.016978617757558823,0.2527213990688324,0.34186938405036926,-0.016697270795702934,0.27547627687454224,0.3578185439109802,-0.00419714255258441,0.27672794461250305,0.30178433656692505,-0.014718824997544289,0.2696656584739685,0.3170994818210602,-0.01685451902449131,0.268879234790802,0.34550362825393677,-0.015059024095535278,0.2929065525531769,0.3683234751224518,-0.00807276926934719,0.29492995142936707,0.32791417837142944,-0.016598349437117577,0.2887318730354309,0.3289511203765869,-0.01943928189575672,0.2852809429168701,0.3478131592273712,-0.0192027036100626,0.44518017768859863,0.5791149139404297,-2.063294601839516e-07,0.4069943428039551,0.5503820180892944,-0.005563169717788696,0.38592466711997986,0.5137511491775513,-0.01048959419131279,0.3892766237258911,0.47666382789611816,-0.017181890085339546,0.4079779088497162,0.47992485761642456,-0.021012352779507637,0.3909865915775299,0.4374822676181793,0.0034138006158173084,0.3757711350917816,0.38897332549095154,-0.010565593838691711,0.3732176721096039,0.4267434775829315,-0.020846208557486534,0.37900179624557495,0.4501369595527649,-0.02692040055990219,0.40575653314590454,0.43322762846946716,0.0012289537116885185,0.39270442724227905,0.37733832001686096,-0.013003316707909107,0.38930267095565796,0.4288131594657898,-0.016286345198750496,0.3947262167930603,0.45265114307403564,-0.01564795710146427,0.4206620752811432,0.43698757886886597,-0.0032347585074603558,0.4130275547504425,0.38263657689094543,-0.009896588511765003,0.4062936007976532,0.42767271399497986,-0.0018346878932788968,0.41080620884895325,0.4572221040725708,0.0058037471026182175,0.43816596269607544,0.45213398337364197,-0.009553932584822178,0.4316916763782501,0.40580421686172485,-0.009118224494159222,0.42077356576919556,0.43198707699775696,-0.0020238508004695177,0.42149239778518677,0.4589462876319885,0.003906784113496542
30,0.27916473150253296,0.47957858443260193,-8.166628617800598e-08,0.25341030955314636,0.46417489647865295,-0.012932371348142624,0.23918019235134125,0.4173862934112549,-0.017947614192962646,0.24765437841415405,0.37601569294929504,-0.022820211946964264,0.26681384444236755,0.36534383893013,-0.02532731369137764,0.24392251670360565,0.3614116907119751,-0.004582352936267853,0.23997700214385986,0.30596044659614563,-0.016588330268859863,0.23669764399528503,0.3142390251159668,-0.02357921190559864,0.2379257082939148,0.3411986827850342,-0.026239022612571716,0.2598910927772522,0.3550068438053131,-0.0033825377468019724,0.25676462054252625,0.29291650652885437,-0.015586629509925842,0.2516404390335083,0.3088042736053467,-0.020357107743620872,0.2532995343208313,0.3402315378189087,-0.020269200205802917,0.27602657675743103,0.35842660069465637,-0.004886258393526077,0.2769952416419983,0.30219489336013794,-0.01632879115641117,0.2700153589248657,0.314011812210083,-0.0193194430321455,0.2695865333080292,0.34198322892189026,-0.018016217276453972,0.29311519861221313,0.36857056617736816,-0.007828274741768837,0.2947980463504791,0.32758188247680664,-0.01727900467813015,0.28884968161582947,0.3280230462551117,-0.021162815392017365,0.28586387634277344,0.3476361632347107,-0.021645156666636467,0.4455660581588745,0.5782710313796997,-2.296362140441488e-07,0.40721601247787476,0.5509196519851685,-0.0033415991347283125,0.38602587580680847,0.5149453282356262,-0.00717497244477272,0.3886086344718933,0.4774948060512543,-0.01328763272613287,0.4071390926837921,0.47726354002952576,-0.016573235392570496,0.3907109200954437,0.4390706717967987,0.00594054302200675,0.3759932816028595,0.38962191343307495,-0.007664056494832039,0.3734954297542572,0.4279840588569641,-0.01771971397101879,0.37976574897766113,0.45207712054252625,-0.02351614646613598,0.4051664173603058,0.43444621562957764,0.0027796512003988028,0.3922173082828522,0.3780839443206787,-0.010333679616451263,0.3897511065006256,0.4311182200908661,-0.012609856203198433,0.3953207731246948,0.4541804790496826,-0.011348485015332699,0.420404314994812,0.4377458691596985,-0.0026547308079898357,0.412036269903183,0.3834497928619385,-0.008736767806112766,0.406870573759079,0.42985689640045166,-0.0001064568932633847,0.412117063999176,0.45920681953430176,0.007795389275997877,0.43856754899024963,0.453542560338974,-0.009749521501362324,0.4314637780189514,0.4063567817211151,-0.008806835860013962,0.4213320016860962,0.43266788125038147,-0.0010141327511519194,0.42243194580078125,0.4597415328025818,0.005354331340640783
31,0.27937766909599304,0.4798603057861328,-6.705653277094825e-08,0.25420549511909485,0.46378427743911743,-0.013338213786482811,0.23962853848934174,0.4175436794757843,-0.01896684430539608,0.24724984169006348,0.375410795211792,-0.024347057566046715,0.266996294260025,0.36346662044525146,-0.02726086601614952,0.2439260184764862,0.3613945543766022,-0.005555979907512665,0.2399756759405136,0.3061683773994446,-0.018119588494300842,0.23684626817703247,0.31375494599342346,-0.02544424869120121,0.2382987141609192,0.34003591537475586,-0.02824023738503456,0.259662002325058,0.3552088737487793,-0.004193150904029608,0.25697630643844604,0.2932907044887543,-0.016647910699248314,0.25189992785453796,0.30864420533180237,-0.021400516852736473,0.253629595041275,0.3395264148712158,-0.021295856684446335,0.27582255005836487,0.3589871823787689,-0.005536745768040419,0.27683737874031067,0.3033010959625244,-0.016972428187727928,0.2698477804660797,0.31534188985824585,-0.019742486998438835,0.2696487605571747,0.34313058853149414,-0.018294580280780792,0.29299622774124146,0.36939895153045654,-0.008360099978744984,0.29466313123703003,0.32851409912109375,-0.017581066116690636,0.28856903314590454,0.3284197449684143,-0.021218517795205116,0.28541794419288635,0.3475649952888489,-0.021522406488656998,0.44499891996383667,0.579881489276886,-2.0846037784849614e-07,0.40754929184913635,0.551628589630127,-0.005057359114289284,0.38614341616630554,0.5144205689430237,-0.009710761718451977,0.3902640640735626,0.47827547788619995,-0.01632378250360489,0.40831366181373596,0.48117998242378235,-0.020243868231773376,0.3913382887840271,0.4369102418422699,0.004340040497481823,0.37647145986557007,0.3886334300041199,-0.008751803077757359,0.3737339973449707,0.42761996388435364,-0.01798500493168831,0.3795253336429596,0.451803058385849,-0.023261379450559616,0.40623921155929565,0.433097779750824,0.0015176510205492377,0.3935631811618805,0.37730228900909424,-0.0124796312302351,0.3896774649620056,0.4286653995513916,-0.014946891926229,0.3952115476131439,0.4529878795146942,-0.013401922769844532,0.4212854504585266,0.4371076822280884,-0.0036369371227920055,0.4134784936904907,0.3822806477546692,-0.010973203927278519,0.40655869245529175,0.4278193414211273,-0.002709202002733946,0.41117480397224426,0.4576072692871094,0.005480361171066761,0.4390799105167389,0.4527371823787689,-0.010521071963012218,0.4319996237754822,0.40524744987487793,-0.010618690401315689,0.4210618734359741,0.4320293664932251,-0.003173401113599539,0.42180776596069336,0.46006983518600464,0.003268200671300292
32,0.27937766909599304,0.4798603057861328,-6.705653277094825e-08,0.25420549511909485,0.46378427743911743,-0.013338213786482811,0.23962853848934174,0.4175436794757843,-0.01896684430539608,0.24724984169006348,0.375410795211792,-0.024347057566046715,0.266996294260025,0.36346662044525146,-0.02726086601614952,0.2439260184764862,0.3613945543766022,-0.005555979907512665,0.2399756759405136,0.3061683773994446,-0.018119588494300842,0.23684626817703247,0.31375494599342346,-0.02544424869120121,0.2382987141609192,0.34003591537475586,-0.02824023738503456,0.259662002325058,0.3552088737487793,-0.004193150904029608,0.25697630643844604,0.2932907044887543,-0.016647910699248314,0.25189992785453796,0.30864420533180237,-0.021400516852736473,0.253629595041275,0.3395264148712158,-0.021295856684446335,0.27582255005836487,0.3589871823787689,-0.005536745768040419,0.27683737874031067,0.3033010959625244,-0.016972428187727928,0.2698477804660797,0.31534188985824585,-0.019742486998438835,0.2696487605571747,0.34313058853149414,-0.018294580280780792,0.29299622774124146,0.36939895153045654,-0.008360099978744984,0.29466313123703003,0.32851409912109375,-0.017581066116690636,0.28856903314590454,0.3284197449684143,-0.021218517795205116,0.28541794419288635,0.3475649952888489,-0.021522406488656998,0.44499891996383667,0.579881489276886,-2.0846037784849614e-07,0.40754929184913635,0.551628589630127,-0.005057359114289284,0.38614341616630554,0.5144205689430237,-0.009710761718451977,0.3902640640735626,0.47827547788619995,-0.01632378250360489,0.40831366181373596,0.48117998242378235,-0.020243868231773376,0.3913382887840271,0.4369102418422699,0.004340040497481823,0.37647145986557007,0.3886334300041199,-0.008751803077757359,0.3737339973449707,0.42761996388435364,-0.01798500493168831,0.3795253336429596,0.451803058385849,-0.023261379450559616,0.40623921155929565,0.433097779750824,0.0015176510205492377,0.3935631811618805,0.37730228900909424,-0.0124796312302351,0.3896774649620056,0.4286653995513916,-0.014946891926229,0.3952115476131439,0.4529878795146942,-0.013401922769844532,0.4212854504585266,0.4371076822280884,-0.0036369371227920055,0.4134784936904907,0.3822806477546692,-0.010973203927278519,0.40655869245529175,0.4278193414211273,-0.002709202002733946,0.41117480397224426,0.4576072692871094,0.005480361171066761,0.4390799105167389,0.4527371823787689,-0.010521071963012218,0.4319996237754822,0.40524744987487793,-0.010618690401315689,0.4210618734359741,0.4320293664932251,-0.003173401113599539,0.42180776596069336,0.46006983518600464,0.003268200671300292
33,0.2796820104122162,0.4789702594280243,-7.550367087105769e-08,0.2534915804862976,0.463759183883667,-0.010717997327446938,0.23869110643863678,0.41852298378944397,-0.014820277690887451,0.2468956857919693,0.3773478865623474,-0.019154055044054985,0.26578667759895325,0.36614540219306946,-0.021233294159173965,0.24156683683395386,0.3612181842327118,-0.001889577368274331,0.23755641281604767,0.31037792563438416,-0.012883585877716541,0.2356015145778656,0.31738078594207764,-0.01975214295089245,0.23763257265090942,0.3415471613407135,-0.022710740566253662,0.25812041759490967,0.3541620373725891,-0.0018355001229792833,0.2539791166782379,0.2961050570011139,-0.012761338613927364,0.25055405497550964,0.3125534653663635,-0.017250245437026024,0.2530260682106018,0.34271228313446045,-0.01737487129867077,0.2750260829925537,0.35770073533058167,-0.004328026436269283,0.2754839360713959,0.30368056893348694,-0.014772748574614525,0.26973986625671387,0.31727057695388794,-0.01712104119360447,0.2695872485637665,0.34470921754837036,-0.015764791518449783,0.29293230175971985,0.3688175678253174,-0.00811904575675726,0.2948617935180664,0.33046865463256836,-0.01753956638276577,0.28860339522361755,0.331204354763031,-0.02114410512149334,0.28432324528694153,0.34913453459739685,-0.021457834169268608,0.44303303956985474,0.5792040228843689,-1.9646728333100327e-07,0.40665826201438904,0.5540611147880554,-0.00505217956379056,0.3855011761188507,0.5162208676338196,-0.009330050088465214,0.38866478204727173,0.4771360456943512,-0.015490448102355003,0.40854230523109436,0.48340699076652527,-0.018384922295808792,0.3897815942764282,0.43690672516822815,0.004576533101499081,0.37662726640701294,0.38849082589149475,-0.008745568804442883,0.3750365972518921,0.4277321696281433,-0.017630767077207565,0.3808532655239105,0.45075705647468567,-0.022656111046671867,0.4048791229724884,0.43212926387786865,0.001981368288397789,0.39435672760009766,0.3780710697174072,-0.01165970228612423,0.39177393913269043,0.42976251244544983,-0.013133034110069275,0.39673539996147156,0.45165494084358215,-0.010839897207915783,0.42036667466163635,0.4373012185096741,-0.003063559764996171,0.41506561636924744,0.3840559720993042,-0.009794611483812332,0.4090307652950287,0.4289093315601349,-0.0003012340166606009,0.4127294719219208,0.45582228899002075,0.008776779286563396,0.43767958879470825,0.45484575629234314,-0.009949239902198315,0.43318063020706177,0.40593859553337097,-0.009102498181164265,0.42321932315826416,0.43099284172058105,-0.0010604251874610782,0.4236448407173157,0.4565153121948242,0.005822523031383753
34,0.2763936221599579,0.47154033184051514,-1.0102314007554014e-07,0.2521456182003021,0.4605884552001953,-0.010359600186347961,0.23841814696788788,0.41743212938308716,-0.014198911376297474,0.2457565814256668,0.37845709919929504,-0.0183433685451746,0.2633214294910431,0.3672579228878021,-0.02028735913336277,0.24076858162879944,0.360119104385376,-0.0024670036509633064,0.23644699156284332,0.310123085975647,-0.014728397130966187,0.23386143147945404,0.3186943233013153,-0.021253740414977074,0.23634551465511322,0.34627771377563477,-0.023218611255288124,0.2572700083255768,0.3530521094799042,-0.002529269317165017,0.25358957052230835,0.29445409774780273,-0.014456930570304394,0.24928626418113708,0.31024137139320374,-0.017418930307030678,0.25223463773727417,0.3417525887489319,-0.015301422215998173,0.27371764183044434,0.3572916090488434,-0.005228186957538128,0.27342575788497925,0.30681777000427246,-0.016937727108597755,0.26742857694625854,0.3221343755722046,-0.016795389354228973,0.268475741147995,0.34919559955596924,-0.012468621134757996,0.2909834086894989,0.368003249168396,-0.009172733873128891,0.2922918498516083,0.3295162618160248,-0.01938714273273945,0.286225289106369,0.3329890966415405,-0.021211663261055946,0.28344473242759705,0.3523080050945282,-0.019168058410286903,0.4422917068004608,0.5779641270637512,-2.0986513504794857e-07,0.40443727374076843,0.5531373023986816,-0.00312717049382627,0.38514283299446106,0.5168514847755432,-0.0069710202515125275,0.3883257508277893,0.4802771210670471,-0.013248445466160774,0.4086848199367523,0.48529067635536194,-0.01617334969341755,0.38763228058815,0.4392728805541992,0.006474023684859276,0.37535595893859863,0.3889862895011902,-0.006896834820508957,0.3730625808238983,0.42714500427246094,-0.015808705240488052,0.3787246346473694,0.4515787661075592,-0.020832814276218414,0.4030980169773102,0.4339961111545563,0.00288140750490129,0.39347273111343384,0.3779152035713196,-0.010958989150822163,0.3908091187477112,0.4299577474594116,-0.012979475781321526,0.39521199464797974,0.45233336091041565,-0.011213722638785839,0.41876351833343506,0.43832993507385254,-0.0029641587752848864,0.41340506076812744,0.3846900761127472,-0.009154384955763817,0.40807729959487915,0.42933574318885803,0.0007733891834504902,0.4113790690898895,0.456137090921402,0.009947319515049458,0.4361186623573303,0.4552736282348633,-0.010507125407457352,0.43170297145843506,0.40630289912223816,-0.008373335003852844,0.4222274720668793,0.4303569793701172,0.0006181795615702868,0.42231830954551697,0.4565413296222687,0.0079182218760252
35,0.27511242032051086,0.4718852639198303,-1.0741240430434118e-07,0.25084245204925537,0.4596913158893585,-0.01105346530675888,0.23745214939117432,0.41585278511047363,-0.01541883498430252,0.2459697127342224,0.3782210350036621,-0.020031893625855446,0.26557064056396484,0.3703969419002533,-0.0223594568669796,0.24018721282482147,0.3587951064109802,-0.00303505826741457,0.23617109656333923,0.30841150879859924,-0.01563793048262596,0.2334606647491455,0.31822481751441956,-0.022399242967367172,0.23585912585258484,0.34710103273391724,-0.02465146780014038,0.25712305307388306,0.3519320487976074,-0.0030046997126191854,0.2538999617099762,0.29276952147483826,-0.01547288428992033,0.24903441965579987,0.31068000197410583,-0.018620649352669716,0.25155019760131836,0.3427700400352478,-0.016614221036434174,0.27350765466690063,0.356193482875824,-0.00568529823794961,0.2741047441959381,0.3048512935638428,-0.017856577411293983,0.26766347885131836,0.3216931223869324,-0.017499450594186783,0.26836100220680237,0.350023090839386,-0.012921429239213467,0.2908221483230591,0.36764416098594666,-0.009721050970256329,0.29260218143463135,0.3281320333480835,-0.02057759277522564,0.2862323224544525,0.332209050655365,-0.022632984444499016,0.2829877436161041,0.3523910641670227,-0.020668262615799904,0.44138970971107483,0.5788025259971619,-2.2509581754093233e-07,0.40358850359916687,0.5529999136924744,-0.0030731218867003918,0.3848288357257843,0.5166945457458496,-0.007160292472690344,0.3893248736858368,0.4817988872528076,-0.013625090941786766,0.4093027710914612,0.4852469563484192,-0.016889436170458794,0.3883526027202606,0.4404177665710449,0.0054833414033055305,0.3755042850971222,0.3891623318195343,-0.008526299148797989,0.3730902671813965,0.4294813275337219,-0.01775980554521084,0.3790806829929352,0.4549751877784729,-0.022747021168470383,0.4038068652153015,0.4356588125228882,0.0018653834704309702,0.39358386397361755,0.37848779559135437,-0.0123679144307971,0.3908696472644806,0.4324137568473816,-0.01391468197107315,0.3955973982810974,0.45454657077789307,-0.011665917932987213,0.4193008840084076,0.43955832719802856,-0.004033696837723255,0.4138481020927429,0.38476815819740295,-0.011208008974790573,0.40821725130081177,0.4307798743247986,-0.0013086955295875669,0.4120580852031708,0.4585999846458435,0.008101038634777069,0.43687665462493896,0.4557654857635498,-0.011511423625051975,0.4321901500225067,0.4066709280014038,-0.009861376136541367,0.422303706407547,0.4315175712108612,-0.0006560722831636667,0.42285358905792236,0.457863450050354,0.006893454119563103
36,0.27511242032051086,0.4718852639198303,-1.0741240430434118e-07,0.25084245204925537,0.4596913158893585,-0.01105346530675888,0.23745214939117432,0.41585278511047363,-0.01541883498430252,0.2459697127342224,0.3782210350036621,-0.020031893625855446,0.26557064056396484,0.3703969419002533,-0.0223594568669796,0.24018721282482147,0.3587951064109802,-0.00303505826741457,0.23617109656333923,0.30841150879859924,-0.01563793048262596,0.2334606647491455,0.31822481751441956,-0.022399242967367172,0.23585912585258484,0.34710103273391724,-0.02465146780014038,0.25712305307388306,0.3519320487976074,-0.0030046997126191854,0.2538999617099762,0.29276952147483826,-0.01547288428992033,0.24903441965579987,0.31068000197410583,-0.018620649352669716,0.25155019760131836,0.3427700400352478,-0.016614221036434174,0.27350765466690063,0.356193482875824,-0.00568529823794961,0.2741047441959381,0.3048512935638428,-0.017856577411293983,0.26766347885131836,0.3216931223869324,-0.017499450594186783,0.26836100220680237,0.350023090839386,-0.012921429239213467,0.2908221483230591,0.36764416098594666,-0.009721050970256329,0.29260218143463135,0.3281320333480835,-0.02057759277522564,0.2862323224544525,0.332209050655365,-0.022632984444499016,0.2829877436161041,0.3523910641670227,-0.020668262615799904,0.44138970971107483,0.5788025259971619,-2.2509581754093233e-07,0.40358850359916687,0.5529999136924744,-0.0030731218867003918,0.3848288357257843,0.5166945457458496,-0.007160292472690344,0.3893248736858368,0.4817988872528076,-0.013625090941786766,0.4093027710914612,0.4852469563484192,-0.016889436170458794,0.3883526027202606,0.4404177665710449,0.0054833414033055305,0.3755042850971222,0.3891623318195343,-0.008526299148797989,0.3730902671813965,0.4294813275337219,-0.01775980554521084,0.3790806829929352,0.4549751877784729,-0.022747021168470383,0.4038068652153015,0.4356588125228882,0.0018653834704309702,0.39358386397361755,0.37848779559135437,-0.0123679144307971,0.3908696472644806,0.4324137568473816,-0.01391468197107315,0.3955973982810974,0.45454657077789307,-0.011665917932987213,0.4193008840084076,0.43955832719802856,-0.004033696837723255,0.4138481020927429,0.38476815819740295,-0.011208008974790573,0.40821725130081177,0.4307798743247986,-0.0013086955295875669,0.4120580852031708,0.4585999846458435,0.008101038634777069,0.43687665462493896,0.4557654857635498,-0.011511423625051975,0.4321901500225067,0.4066709280014038,-0.009861376136541367,0.422303706407547,0.4315175712108612,-0.0006560722831636667,0.42285358905792236,0.457863450050354,0.006893454119563103
37,0.2754572927951813,0.47277042269706726,-9.62544888238881e-08,0.251590371131897,0.46067559719085693,-0.011054584756493568,0.23759640753269196,0.41651248931884766,-0.015494211576879025,0.2459259331226349,0.3768145442008972,-0.020042717456817627,0.2648892402648926,0.36850887537002563,-0.02225598879158497,0.2401140332221985,0.3594726622104645,-0.003207665868103504,0.2354455143213272,0.3081485331058502,-0.015251774340867996,0.23329201340675354,0.31695812940597534,-0.021737828850746155,0.2357560247182846,0.34454527497291565,-0.023881273344159126,0.2569511830806732,0.35215091705322266,-0.00285704736597836,0.2526828348636627,0.2934149503707886,-0.014757565222680569,0.2489081621170044,0.31119757890701294,-0.017686450853943825,0.25163552165031433,0.3436053395271301,-0.015692632645368576,0.27372097969055176,0.3563898503780365,-0.00514633534476161,0.2736313045024872,0.3051885962486267,-0.01682189479470253,0.26813268661499023,0.31924325227737427,-0.016917217522859573,0.268865168094635,0.34641924500465393,-0.012886718846857548,0.29138079285621643,0.3679419755935669,-0.008727402426302433,0.29380881786346436,0.3289734423160553,-0.01892142742872238,0.28786513209342957,0.3302915096282959,-0.021082989871501923,0.284341037273407,0.3480479419231415,-0.019440967589616776,0.4427962601184845,0.5783986449241638,-2.1324441945580475e-07,0.4052278399467468,0.5558793544769287,-0.005548430141061544,0.3837772607803345,0.5168470144271851,-0.010064543224871159,0.3875735104084015,0.4790273904800415,-0.016523227095603943,0.40813127160072327,0.4853508174419403,-0.01983422227203846,0.38814079761505127,0.43878546357154846,0.00395162170752883,0.37474876642227173,0.38817280530929565,-0.009750599972903728,0.3723946213722229,0.4283809959888458,-0.019403906539082527,0.37818267941474915,0.4535636901855469,-0.02510504052042961,0.4042368233203888,0.43381160497665405,0.0013715196400880814,0.3936365246772766,0.378884881734848,-0.011156545951962471,0.3899158537387848,0.4319930076599121,-0.012748435139656067,0.39456889033317566,0.4539344608783722,-0.011233850382268429,0.4199068546295166,0.4385994076728821,-0.0037865627091377974,0.41421714425086975,0.3856542408466339,-0.009663176722824574,0.40725967288017273,0.43071404099464417,-0.0006880629225634038,0.4106120467185974,0.4581281840801239,0.0073094600811600685,0.4369463324546814,0.4544280767440796,-0.010857301764190197,0.43182602524757385,0.40785151720046997,-0.010234430432319641,0.42139363288879395,0.4326635003089905,-0.0029378363396972418,0.42148685455322266,0.4587545394897461,0.0030382685363292694
38,0.2754572927951813,0.47277042269706726,-9.62544888238881e-08,0.251590371131897,0.46067559719085693,-0.011054584756493568,0.23759640753269196,0.41651248931884766,-0.015494211576879025,0.2459259331226349,0.3768145442008972,-0.020042717456817627,0.2648892402648926,0.36850887537002563,-0.02225598879158497,0.2401140332221985,0.3594726622104645,-0.003207665868103504,0.2354455143213272,0.3081485331058502,-0.015251774340867996,0.23329201340675354,0.31695812940597534,-0.021737828850746155,0.2357560247182846,0.34454527497291565,-0.023881273344159126,0.2569511830806732,0.35215091705322266,-0.00285704736597836,0.2526828348636627,0.2934149503707886,-0.014757565222680569,0.2489081621170044,0.31119757890701294,-0.017686450853943825,0.25163552165031433,0.3436053395271301,-0.015692632645368576,0.27372097969055176,0.3563898503780365,-0.00514633534476161,0.2736313045024872,0.3051885962486267,-0.01682189479470253,0.26813268661499023,0.31924325227737427,-0.016917217522859573,0.268865168094635,0.34641924500465393,-0.012886718846857548,0.29138079285621643,0.3679419755935669,-0.008727402426302433,0.29380881786346436,0.3289734423160553,-0.01892142742872238,0.28786513209342957,0.3302915096282959,-0.021082989871501923,0.284341037273407,0.3480479419231415,-0.019440967589616776,0.4427962601184845,0.5783986449241638,-2.1324441945580475e-07,0.4052278399467468,0.5558793544769287,-0.005548430141061544,0.3837772607803345,0.5168470144271851,-0.010064543224871159,0.3875735104084015,0.4790273904800415,-0.016523227095603943,0.40813127160072327,0.4853508174419403,-0.01983422227203846,0.38814079761505127,0.43878546357154846,0.00395162170752883,0.37474876642227173,0.38817280530929565,-0.009750599972903728,0.3723946213722229,0.4283809959888458,-0.019403906539082527,0.37818267941474915,0.4535636901855469,-0.02510504052042961,0.4042368233203888,0.43381160497665405,0.0013715196400880814,0.3936365246772766,0.378884881734848,-0.011156545951962471,0.3899158537387848,0.4319930076599121,-0.012748435139656067,0.39456889033317566,0.4539344608783722,-0.011233850382268429,0.4199068546295166,0.4385994076728821,-0.0037865627091377974,0.41421714425086975,0.3856542408466339,-0.009663176722824574,0.40725967288017273,0.43071404099464417,-0.0006880629225634038,0.4106120467185974,0.4581281840801239,0.0073094600811600685,0.4369463324546814,0.4544280767440796,-0.010857301764190197,0.43182602524757385,0.40785151720046997,-0.010234430432319641,0.42139363288879395,0.4326635003089905,-0.0029378363396972418,0.42148685455322266,0.4587545394897461,0.0030382685363292694
39,0.2775324881076813,0.4802754521369934,-6.306419919610562e-08,0.25185197591781616,0.46465879678726196,-0.012565896846354008,0.23782142996788025,0.4176047444343567,-0.01705837994813919,0.24585187435150146,0.37559691071510315,-0.021400950849056244,0.26470717787742615,0.36548343300819397,-0.023347241804003716,0.2414957582950592,0.3637337386608124,-0.004044425208121538,0.23762403428554535,0.3091600835323334,-0.01554917637258768,0.23511968553066254,0.31424686312675476,-0.022011302411556244,0.2370138168334961,0.3396020531654358,-0.024293681606650352,0.25756773352622986,0.3567216396331787,-0.002788220066577196,0.2547839879989624,0.29539579153060913,-0.014672870747745037,0.249653622508049,0.3090224266052246,-0.018587781116366386,0.2513759732246399,0.339932918548584,-0.017668278887867928,0.2739039659500122,0.35995620489120483,-0.004204107914119959,0.274760365486145,0.30471688508987427,-0.015205797739326954,0.26777705550193787,0.3164648115634918,-0.016651947051286697,0.2678585350513458,0.34431836009025574,-0.014075249433517456,0.2914828658103943,0.37004515528678894,-0.007092122454196215,0.292478084564209,0.3298194408416748,-0.016257265582680702,0.28658604621887207,0.33032262325286865,-0.019053291529417038,0.28412526845932007,0.34968721866607666,-0.01842821016907692,0.4431237578392029,0.578937828540802,-2.3363945444998535e-07,0.4047331213951111,0.5528021454811096,-0.004529593978077173,0.38343194127082825,0.5165401697158813,-0.009087168611586094,0.3889772295951843,0.48148518800735474,-0.015798863023519516,0.40969839692115784,0.4846078157424927,-0.01924760639667511,0.38782164454460144,0.4392101466655731,0.005422880407422781,0.37319013476371765,0.38826748728752136,-0.008851774968206882,0.3706132471561432,0.4286882281303406,-0.018452584743499756,0.37718647718429565,0.45331329107284546,-0.02366994135081768,0.40298107266426086,0.43409016728401184,0.002026766072958708,0.3912748098373413,0.3774758279323578,-0.011829166673123837,0.3883286714553833,0.43206068873405457,-0.013735470362007618,0.39493364095687866,0.45485714077949524,-0.011831404641270638,0.41846829652786255,0.43741458654403687,-0.003946477081626654,0.4117606580257416,0.38124239444732666,-0.011176868341863155,0.4058128595352173,0.42984363436698914,-0.0019183676922693849,0.4112647473812103,0.45857855677604675,0.0067629204131662846,0.43700847029685974,0.4519173204898834,-0.011707690544426441,0.43129077553749084,0.40689340233802795,-0.011256164871156216,0.4211224615573883,0.43357720971107483,-0.0033008847385644913,0.4226519465446472,0.4582287669181824,0.0033850909676402807
40,0.2775324881076813,0.4802754521369934,-6.306419919610562e-08,0.25185197591781616,0.46465879678726196,-0.012565896846354008,0.23782142996788025,0.4176047444343567,-0.01705837994813919,0.24585187435150146,0.37559691071510315,-0.021400950849056244,0.26470717787742615,0.36548343300819397,-0.023347241804003716,0.2414957582950592,0.3637337386608124,-0.004044425208121538,0.23762403428554535,0.3091600835323334,-0.01554917637258768,0.23511968553066254,0.31424686312675476,-0.022011302411556244,0.2370138168334961,0.3396020531654358,-0.024293681606650352,0.25756773352622986,0.3567216396331787,-0.002788220066577196,0.2547839879989624,0.29539579153060913,-0.014672870747745037,0.249653622508049,0.3090224266052246,-0.018587781116366386,0.2513759732246399,0.339932918548584,-0.017668278887867928,0.2739039659500122,0.35995620489120483,-0.004204107914119959,0.274760365486145,0.30471688508987427,-0.015205797739326954,0.26777705550193787,0.3164648115634918,-0.016651947051286697,0.2678585350513458,0.34431836009025574,-0.014075249433517456,0.2914828658103943,0.37004515528678894,-0.007092122454196215,0.292478084564209,0.3298194408416748,-0.016257265582680702,0.28658604621887207,0.33032262325286865,-0.019053291529417038,0.28412526845932007,0.34968721866607666,-0.01842821016907692,0.4431237578392029,0.578937828540802,-2.3363945444998535e-07,0.4047331213951111,0.5528021454811096,-0.004529593978077173,0.38343194127082825,0.5165401697158813,-0.009087168611586094,0.3889772295951843,0.48148518800735474,-0.015798863023519516,0.40969839692115784,0.4846078157424927,-0.01924760639667511,0.38782164454460144,0.4392101466655731,0.005422880407422781,0.37319013476371765,0.38826748728752136,-0.008851774968206882,0.3706132471561432,0.4286882281303406,-0.018452584743499756,0.37718647718429565,0.45331329107284546,-0.02366994135081768,0.40298107266426086,0.43409016728401184,0.002026766072958708,0.3912748098373413,0.3774758279323578,-0.011829166673123837,0.3883286714553833,0.43206068873405457,-0.013735470362007618,0.39493364095687866,0.45485714077949524,-0.011831404641270638,0.41846829652786255,0.43741458654403687,-0.003946477081626654,0.4117606580257416,0.38124239444732666,-0.011176868341863155,0.4058128595352173,0.42984363436698914,-0.0019183676922693849,0.4112647473812103,0.45857855677604675,0.0067629204131662846,0.43700847029685974,0.4519173204898834,-0.011707690544426441,0.43129077553749084,0.40689340233802795,-0.011256164871156216,0.4211224615573883,0.43357720971107483,-0.0033008847385644913,0.4226519465446472,0.4582287669181824,0.0033850909676402807
