frame,feature_0,feature_1,feature_2,feature_3,feature_4,feature_5,feature_6,feature_7,feature_8,feature_9,feature_10,feature_11,feature_12,feature_13,feature_14,feature_15,feature_16,feature_17,feature_18,feature_19,feature_20,feature_21,feature_22,feature_23,feature_24,feature_25,feature_26,feature_27,feature_28,feature_29,feature_30,feature_31,feature_32,feature_33,feature_34,feature_35,feature_36,feature_37,feature_38,feature_39,feature_40,feature_41,feature_42,feature_43,feature_44,feature_45,feature_46,feature_47,feature_48,feature_49,feature_50,feature_51,feature_52,feature_53,feature_54,feature_55,feature_56,feature_57,feature_58,feature_59,feature_60,feature_61,feature_62,feature_63,feature_64,feature_65,feature_66,feature_67,feature_68,feature_69,feature_70,feature_71,feature_72,feature_73,feature_74,feature_75,feature_76,feature_77,feature_78,feature_79,feature_80,feature_81,feature_82,feature_83,feature_84,feature_85,feature_86,feature_87,feature_88,feature_89,feature_90,feature_91,feature_92,feature_93,feature_94,feature_95,feature_96,feature_97,feature_98,feature_99,feature_100,feature_101,feature_102,feature_103,feature_104,feature_105,feature_106,feature_107,feature_108,feature_109,feature_110,feature_111,feature_112,feature_113,feature_114,feature_115,feature_116,feature_117,feature_118,feature_119,feature_120,feature_121,feature_122,feature_123,feature_124,feature_125
1,0.5911194086074829,0.8592804670333862,-1.9128609096696891e-07,0.5583818554878235,0.8428023457527161,-0.013822334818542004,0.537834107875824,0.7897408604621887,-0.02023709937930107,0.5524495840072632,0.7586815357208252,-0.025782568380236626,0.5786423087120056,0.7688459753990173,-0.02837894670665264,0.5515215396881104,0.7140213251113892,-0.004729391075670719,0.5470354557037354,0.6628621816635132,-0.02066219039261341,0.5451765656471252,0.7038238644599915,-0.028986340388655663,0.5479335784912109,0.7356399297714233,-0.032247018069028854,0.5726933479309082,0.7099317312240601,-0.0043336800299584866,0.5686293840408325,0.6563186645507812,-0.020369697362184525,0.5647978186607361,0.7106281518936157,-0.021679453551769257,0.5679859519004822,0.7404997944831848,-0.01756318099796772,0.5914364457130432,0.7183486819267273,-0.007363603916019201,0.5911019444465637,0.6692857146263123,-0.022921105846762657,0.5842656493186951,0.717948317527771,-0.017515316605567932,0.5853398442268372,0.7489688992500305,-0.00895696971565485,0.6114354133605957,0.7382318377494812,-0.011947882361710072,0.6076980829238892,0.699320912361145,-0.02428360842168331,0.5994294285774231,0.7325072884559631,-0.021276351064443588,0.5985522270202637,0.7608957290649414,-0.015299308113753796,0.261331707239151,0.5722861289978027,-1.774296123357999e-07,0.24039709568023682,0.5547698736190796,-0.01457298919558525,0.22949479520320892,0.5026077032089233,-0.021065188571810722,0.2405952513217926,0.46408966183662415,-0.026324231177568436,0.26120099425315857,0.459931343793869,-0.02939838357269764,0.23327405750751495,0.4453079104423523,-0.011499181389808655,0.23003390431404114,0.3884992301464081,-0.0243954136967659,0.23101770877838135,0.4039175808429718,-0.03161650523543358,0.23157960176467896,0.43372324109077454,-0.03482507914304733,0.2507367432117462,0.43932992219924927,-0.009127103723585606,0.24828068912029266,0.37508425116539,-0.022557618096470833,0.24471238255500793,0.40206673741340637,-0.02599514089524746,0.2439834475517273,0.43476226925849915,-0.025424817577004433,0.2678513824939728,0.4422985911369324,-0.009063972160220146,0.26784974336624146,0.382734090089798,-0.02200302854180336,0.2630957365036011,0.404717355966568,-0.022147677838802338,0.26222488284111023,0.43702057003974915,-0.019242966547608376,0.2869684100151062,0.4555225670337677,-0.010433756746351719,0.2851550877094269,0.41246259212493896,-0.022091124206781387,0.2814348042011261,0.4249171316623688,-0.024529440328478813,0.2805851697921753,0.44868794083595276,-0.02396528795361519
2,0.5917916893959045,0.860719621181488,-2.0439524917037488e-07,0.5587673783302307,0.8423675298690796,-0.013269929215312004,0.5373036861419678,0.7901097536087036,-0.019459236413240433,0.5522339940071106,0.7599977850914001,-0.024718841537833214,0.5785073637962341,0.7724553346633911,-0.026833759620785713,0.5500586628913879,0.7144574522972107,-0.005361408926546574,0.5464184880256653,0.661888837814331,-0.021472495049238205,0.5454957485198975,0.7041798830032349,-0.029637234285473824,0.5487312078475952,0.7366415858268738,-0.032735057175159454,0.5716130137443542,0.7111180424690247,-0.004928876645863056,0.5692925453186035,0.657037615776062,-0.020589595660567284,0.5655929446220398,0.7155009508132935,-0.02070779539644718,0.5686118602752686,0.744705855846405,-0.015957526862621307,0.5902581214904785,0.719504714012146,-0.007838469929993153,0.5909138917922974,0.6704577803611755,-0.022876078262925148,0.58379065990448,0.7212924361228943,-0.015730317682027817,0.5849629044532776,0.7520886063575745,-0.006291200872510672,0.6107305884361267,0.7400341629981995,-0.012297382578253746,0.6079012155532837,0.6997126936912537,-0.02411479316651821,0.5992982983589172,0.7336243987083435,-0.019930461421608925,0.5980555415153503,0.7613145112991333,-0.013246593996882439,0.2635679841041565,0.5694071650505066,-1.2899899104468204e-07,0.24009352922439575,0.5509768724441528,-0.014295203611254692,0.22785574197769165,0.5041484236717224,-0.021138029173016548,0.2395247519016266,0.4680521786212921,-0.026925157755613327,0.2599028944969177,0.46393340826034546,-0.030364127829670906,0.2321721315383911,0.44417721033096313,-0.010609260760247707,0.23000022768974304,0.3877203166484833,-0.0230382289737463,0.23217861354351044,0.40341916680336,-0.029888631775975227,0.23302213847637177,0.43202605843544006,-0.03295297175645828,0.2507070302963257,0.43804240226745605,-0.008938112296164036,0.24964387714862823,0.37401431798934937,-0.02109992876648903,0.24780544638633728,0.4027547836303711,-0.023990700021386147,0.24705886840820312,0.4342077672481537,-0.02324889972805977,0.26812317967414856,0.4414478838443756,-0.009644590318202972,0.2696840167045593,0.385757178068161,-0.021132169291377068,0.2657092809677124,0.4085882902145386,-0.020459875464439392,0.26401519775390625,0.43752652406692505,-0.017301633954048157,0.28698718547821045,0.45535704493522644,-0.011857359670102596,0.28750038146972656,0.41367247700691223,-0.022174814715981483,0.2835564911365509,0.4271547198295593,-0.02341342531144619,0.2807822823524475,0.4492757022380829,-0.022144215181469917
3,0.5917916893959045,0.860719621181488,-2.0439524917037488e-07,0.5587673783302307,0.8423675298690796,-0.013269929215312004,0.5373036861419678,0.7901097536087036,-0.019459236413240433,0.5522339940071106,0.7599977850914001,-0.024718841537833214,0.5785073637962341,0.7724553346633911,-0.026833759620785713,0.5500586628913879,0.7144574522972107,-0.005361408926546574,0.5464184880256653,0.661888837814331,-0.021472495049238205,0.5454957485198975,0.7041798830032349,-0.029637234285473824,0.5487312078475952,0.7366415858268738,-0.032735057175159454,0.5716130137443542,0.7111180424690247,-0.004928876645863056,0.5692925453186035,0.657037615776062,-0.020589595660567284,0.5655929446220398,0.7155009508132935,-0.02070779539644718,0.5686118602752686,0.744705855846405,-0.015957526862621307,0.5902581214904785,0.719504714012146,-0.007838469929993153,0.5909138917922974,0.6704577803611755,-0.022876078262925148,0.58379065990448,0.7212924361228943,-0.015730317682027817,0.5849629044532776,0.7520886063575745,-0.006291200872510672,0.6107305884361267,0.7400341629981995,-0.012297382578253746,0.6079012155532837,0.6997126936912537,-0.02411479316651821,0.5992982983589172,0.7336243987083435,-0.019930461421608925,0.5980555415153503,0.7613145112991333,-0.013246593996882439,0.2635679841041565,0.5694071650505066,-1.2899899104468204e-07,0.24009352922439575,0.5509768724441528,-0.014295203611254692,0.22785574197769165,0.5041484236717224,-0.021138029173016548,0.2395247519016266,0.4680521786212921,-0.026925157755613327,0.2599028944969177,0.46393340826034546,-0.030364127829670906,0.2321721315383911,0.44417721033096313,-0.010609260760247707,0.23000022768974304,0.3877203166484833,-0.0230382289737463,0.23217861354351044,0.40341916680336,-0.029888631775975227,0.23302213847637177,0.43202605843544006,-0.03295297175645828,0.2507070302963257,0.43804240226745605,-0.008938112296164036,0.24964387714862823,0.37401431798934937,-0.02109992876648903,0.24780544638633728,0.4027547836303711,-0.023990700021386147,0.24705886840820312,0.4342077672481537,-0.02324889972805977,0.26812317967414856,0.4414478838443756,-0.009644590318202972,0.2696840167045593,0.385757178068161,-0.021132169291377068,0.2657092809677124,0.4085882902145386,-0.020459875464439392,0.26401519775390625,0.43752652406692505,-0.017301633954048157,0.28698718547821045,0.45535704493522644,-0.011857359670102596,0.28750038146972656,0.41367247700691223,-0.022174814715981483,0.2835564911365509,0.4271547198295593,-0.02341342531144619,0.2807822823524475,0.4492757022380829,-0.022144215181469917
4,0.5902158617973328,0.861325204372406,-2.0794904287413374e-07,0.5573954582214355,0.8430492877960205,-0.013503904454410076,0.5379775762557983,0.788119375705719,-0.01950746402144432,0.5547958612442017,0.760129451751709,-0.0244845449924469,0.5815477967262268,0.774495005607605,-0.026412537321448326,0.5512116551399231,0.7122780084609985,-0.00501301558688283,0.5469291806221008,0.6611723899841309,-0.020005472004413605,0.5448070168495178,0.7042093276977539,-0.027458295226097107,0.5470073819160461,0.7366597056388855,-0.03027430549263954,0.5725824236869812,0.7087990045547485,-0.0042791301384568214,0.5688524842262268,0.6560202240943909,-0.019182968884706497,0.5643467307090759,0.7143387198448181,-0.01896473951637745,0.5670932531356812,0.7436786890029907,-0.014034299179911613,0.5908152461051941,0.7179172039031982,-0.00686092721298337,0.590723991394043,0.6695740818977356,-0.02150576561689377,0.5832350254058838,0.7201027274131775,-0.014619964174926281,0.5846262574195862,0.7510203123092651,-0.005395990796387196,0.6109625697135925,0.739188015460968,-0.010988269932568073,0.6077941060066223,0.6993763446807861,-0.022894717752933502,0.5989859700202942,0.7336726188659668,-0.018968472257256508,0.5978986620903015,0.761976420879364,-0.012452337890863419,0.26198363304138184,0.574519157409668,-1.217396459196607e-07,0.23906266689300537,0.5548932552337646,-0.013765285722911358,0.22769695520401,0.5084685683250427,-0.019718781113624573,0.23906640708446503,0.4722343981266022,-0.024685746058821678,0.25922080874443054,0.4698698818683624,-0.02702385000884533,0.23161514103412628,0.44881534576416016,-0.007849980145692825,0.22953498363494873,0.3940119743347168,-0.019977955147624016,0.231859490275383,0.40617239475250244,-0.02664937824010849,0.2326737642288208,0.43489113450050354,-0.02937757596373558,0.2503049075603485,0.44244375824928284,-0.005974580068141222,0.248805433511734,0.3800525665283203,-0.017859164625406265,0.24628597497940063,0.40543967485427856,-0.02009958028793335,0.24493443965911865,0.43640583753585815,-0.018513627350330353,0.26759281754493713,0.44545021653175354,-0.006697703618556261,0.26941028237342834,0.39031508564949036,-0.018297115340828896,0.2654157280921936,0.40863969922065735,-0.0170820951461792,0.2636578381061554,0.4366852343082428,-0.013053803704679012,0.28666090965270996,0.4596989154815674,-0.008961193263530731,0.28729864954948425,0.42000019550323486,-0.019426660612225533,0.28351083397865295,0.42991483211517334,-0.020747514441609383,0.2807631194591522,0.449579656124115,-0.019116124138236046
5,0.5920283794403076,0.8583587408065796,-2.0255041022210207e-07,0.5592158436775208,0.8427388072013855,-0.013616158626973629,0.5379056334495544,0.7878714799880981,-0.019916735589504242,0.5525527000427246,0.7576203942298889,-0.025339879095554352,0.5780197978019714,0.7706484198570251,-0.027828218415379524,0.5504229664802551,0.7154136300086975,-0.005276278126984835,0.5464085340499878,0.6630814075469971,-0.021314630284905434,0.5452834963798523,0.703620433807373,-0.029158512130379677,0.5488834381103516,0.7350397109985352,-0.03190621733665466,0.5716325640678406,0.7115936875343323,-0.004874357953667641,0.5692600011825562,0.6578629612922668,-0.020434390753507614,0.5649024248123169,0.7142204642295837,-0.02051444537937641,0.5681424140930176,0.7436274290084839,-0.01551826111972332,0.5905369520187378,0.719651997089386,-0.007913727313280106,0.5904179811477661,0.6699381470680237,-0.023643141612410545,0.5826681852340698,0.7209008932113647,-0.01717526465654373,0.5845649242401123,0.75212162733078,-0.007794720120728016,0.6114621162414551,0.7392755150794983,-0.012427324429154396,0.6068872809410095,0.6998191475868225,-0.02492544613778591,0.5981926918029785,0.733924388885498,-0.021287528797984123,0.5980244278907776,0.7613645195960999,-0.014757305383682251,0.2638641893863678,0.5786678791046143,-1.3578677737768885e-07,0.24040015041828156,0.5597331523895264,-0.013270478695631027,0.2279525101184845,0.5100177526473999,-0.01959308609366417,0.23877890408039093,0.4723023474216461,-0.025427907705307007,0.2583892047405243,0.46803566813468933,-0.029173102229833603,0.2331157922744751,0.45281732082366943,-0.007975080981850624,0.22918802499771118,0.3954491913318634,-0.02044040895998478,0.2292524129152298,0.410677433013916,-0.028075821697711945,0.230706125497818,0.4420158863067627,-0.03143943473696709,0.2516578435897827,0.44662773609161377,-0.0065074036829173565,0.25013256072998047,0.38353925943374634,-0.018511982634663582,0.2472175657749176,0.40746188163757324,-0.02270166389644146,0.2475176751613617,0.441523015499115,-0.02269084006547928,0.2692199945449829,0.44953081011772156,-0.007356421556323767,0.2699899673461914,0.39209699630737305,-0.018571889027953148,0.26471272110939026,0.41379961371421814,-0.019160619005560875,0.2632853090763092,0.44545185565948486,-0.016651427373290062,0.28752949833869934,0.46053117513656616,-0.009668640792369843,0.28560054302215576,0.4214024543762207,-0.019699424505233765,0.2814852297306061,0.4331611394882202,-0.021692510694265366,0.28011029958724976,0.45717573165893555,-0.02074744924902916
6,0.5919699668884277,0.8578874468803406,-2.0343114215393143e-07,0.5589334964752197,0.8428296446800232,-0.013731668703258038,0.5379220247268677,0.7876922488212585,-0.01973789930343628,0.5521459579467773,0.7575976252555847,-0.02477695606648922,0.5766499042510986,0.7727704644203186,-0.026901032775640488,0.5506107807159424,0.7154818177223206,-0.005138001870363951,0.5465441346168518,0.6628602147102356,-0.02035411261022091,0.5451037883758545,0.7013319134712219,-0.02766033448278904,0.5483403205871582,0.7317843437194824,-0.030305083841085434,0.5716781616210938,0.7118037939071655,-0.004485489334911108,0.5691041350364685,0.6585022211074829,-0.019539322704076767,0.56455397605896,0.7131988406181335,-0.019527841359376907,0.5670905113220215,0.7422857284545898,-0.014680661261081696,0.5903186798095703,0.7197484970092773,-0.007230300921946764,0.590165913105011,0.6698995232582092,-0.022436290979385376,0.5824213624000549,0.7195549011230469,-0.016113726422190666,0.583895206451416,0.750418484210968,-0.007106577046215534,0.6112960577011108,0.7390057444572449,-0.011481475085020065,0.6066849231719971,0.7002289295196533,-0.023960625752806664,0.5978013277053833,0.733977198600769,-0.020814795047044754,0.597133219242096,0.761093020439148,-0.014810549095273018,0.2637253403663635,0.579757809638977,-1.5685337473314576e-07,0.24011552333831787,0.5582806468009949,-0.013189480639994144,0.22882945835590363,0.5084953308105469,-0.019197994843125343,0.24147599935531616,0.4730524718761444,-0.024251291528344154,0.26231035590171814,0.470659077167511,-0.027147013694047928,0.23402446508407593,0.4527895748615265,-0.008847364224493504,0.23211178183555603,0.398101806640625,-0.02103729173541069,0.23341870307922363,0.41566869616508484,-0.02859209105372429,0.23428989946842194,0.4458923935890198,-0.03232473134994507,0.2527691125869751,0.44719594717025757,-0.007321258541196585,0.2523007094860077,0.38564056158065796,-0.01898263394832611,0.24963265657424927,0.41414546966552734,-0.022755319252610207,0.24902980029582977,0.4460185766220093,-0.022923670709133148,0.2704046964645386,0.45095589756965637,-0.008017792366445065,0.2725883424282074,0.3965471386909485,-0.019079269841313362,0.26808106899261475,0.41830751299858093,-0.019230810925364494,0.2666507065296173,0.44893449544906616,-0.016886869445443153,0.2894238531589508,0.46491262316703796,-0.010138493031263351,0.28985440731048584,0.4252070188522339,-0.020498471334576607,0.28529584407806396,0.43686872720718384,-0.0224594809114933,0.2825552225112915,0.4597198963165283,-0.021839555352926254
7,0.5919699668884277,0.8578874468803406,-2.0343114215393143e-07,0.5589334964752197,0.8428296446800232,-0.013731668703258038,0.5379220247268677,0.7876922488212585,-0.01973789930343628,0.5521459579467773,0.7575976252555847,-0.02477695606648922,0.5766499042510986,0.7727704644203186,-0.026901032775640488,0.5506107807159424,0.7154818177223206,-0.005138001870363951,0.5465441346168518,0.6628602147102356,-0.02035411261022091,0.5451037883758545,0.7013319134712219,-0.02766033448278904,0.5483403205871582,0.7317843437194824,-0.030305083841085434,0.5716781616210938,0.7118037939071655,-0.004485489334911108,0.5691041350364685,0.6585022211074829,-0.019539322704076767,0.56455397605896,0.7131988406181335,-0.019527841359376907,0.5670905113220215,0.7422857284545898,-0.014680661261081696,0.5903186798095703,0.7197484970092773,-0.007230300921946764,0.590165913105011,0.6698995232582092,-0.022436290979385376,0.5824213624000549,0.7195549011230469,-0.016113726422190666,0.583895206451416,0.750418484210968,-0.007106577046215534,0.6112960577011108,0.7390057444572449,-0.011481475085020065,0.6066849231719971,0.7002289295196533,-0.023960625752806664,0.5978013277053833,0.733977198600769,-0.020814795047044754,0.597133219242096,0.761093020439148,-0.014810549095273018,0.2637253403663635,0.579757809638977,-1.5685337473314576e-07,0.24011552333831787,0.5582806468009949,-0.013189480639994144,0.22882945835590363,0.5084953308105469,-0.019197994843125343,0.24147599935531616,0.4730524718761444,-0.024251291528344154,0.26231035590171814,0.470659077167511,-0.027147013694047928,0.23402446508407593,0.4527895748615265,-0.008847364224493504,0.23211178183555603,0.398101806640625,-0.02103729173541069,0.23341870307922363,0.41566869616508484,-0.02859209105372429,0.23428989946842194,0.4458923935890198,-0.03232473134994507,0.2527691125869751,0.44719594717025757,-0.007321258541196585,0.2523007094860077,0.38564056158065796,-0.01898263394832611,0.24963265657424927,0.41414546966552734,-0.022755319252610207,0.24902980029582977,0.4460185766220093,-0.022923670709133148,0.2704046964645386,0.45095589756965637,-0.008017792366445065,0.2725883424282074,0.3965471386909485,-0.019079269841313362,0.26808106899261475,0.41830751299858093,-0.019230810925364494,0.2666507065296173,0.44893449544906616,-0.016886869445443153,0.2894238531589508,0.46491262316703796,-0.010138493031263351,0.28985440731048584,0.4252070188522339,-0.020498471334576607,0.28529584407806396,0.43686872720718384,-0.0224594809114933,0.2825552225112915,0.4597198963165283,-0.021839555352926254
8,0.5917224884033203,0.8606971502304077,-2.0434040948202892e-07,0.5589943528175354,0.8414119482040405,-0.012650508433580399,0.5382472276687622,0.7905792593955994,-0.018969779834151268,0.5523570775985718,0.7601945400238037,-0.02460424043238163,0.5772847533226013,0.7728081345558167,-0.027096787467598915,0.5501422882080078,0.7163045406341553,-0.0046009463258087635,0.5464310646057129,0.6638436913490295,-0.02064030058681965,0.5456182956695557,0.7037577033042908,-0.02873939462006092,0.5488760471343994,0.735440194606781,-0.03186625614762306,0.5715841054916382,0.7126617431640625,-0.004498297348618507,0.5697258114814758,0.6588208079338074,-0.020068442448973656,0.5658670663833618,0.7156020402908325,-0.020251350477337837,0.568372905254364,0.7434734106063843,-0.01566791906952858,0.5899975895881653,0.7206351161003113,-0.007661018520593643,0.5909215211868286,0.6712128520011902,-0.022651242092251778,0.5835610032081604,0.7212448120117188,-0.014976740814745426,0.5846269130706787,0.7517175078392029,-0.005182058084756136,0.6104039549827576,0.7412784695625305,-0.01232997328042984,0.6071306467056274,0.7011975646018982,-0.0237591452896595,0.5987107157707214,0.7343564629554749,-0.019148088991642,0.5976302623748779,0.7612665295600891,-0.012226441875100136,0.2660762369632721,0.5755342841148376,-1.5388114604775183e-07,0.24213376641273499,0.5581350326538086,-0.012902599759399891,0.23065540194511414,0.5133851170539856,-0.01923558861017227,0.2422233670949936,0.47867393493652344,-0.025017349049448967,0.26226505637168884,0.47256118059158325,-0.028585735708475113,0.23576240241527557,0.45132991671562195,-0.008793070912361145,0.23296675086021423,0.396004855632782,-0.022076938301324844,0.23440876603126526,0.41248247027397156,-0.029892828315496445,0.23602727055549622,0.4441852271556854,-0.03334886580705643,0.25427645444869995,0.44645223021507263,-0.00801206473261118,0.25488218665122986,0.38296735286712646,-0.021332353353500366,0.25284096598625183,0.41116830706596375,-0.02576419711112976,0.2524980902671814,0.44564247131347656,-0.025698555633425713,0.2720884680747986,0.45148664712905884,-0.009531555697321892,0.2759327292442322,0.39638394117355347,-0.02146606519818306,0.2718268036842346,0.4178273677825928,-0.021842110902071,0.27024412155151367,0.44683122634887695,-0.019147614017128944,0.2905646562576294,0.4651825726032257,-0.012450437992811203,0.29318201541900635,0.4260479807853699,-0.022616293281316757,0.2888696789741516,0.4359743893146515,-0.0244374368339777,0.2855200171470642,0.4569937288761139,-0.023532232269644737
9,0.5907940864562988,0.8594821691513062,-2.045269837935848e-07,0.5579578280448914,0.8411619663238525,-0.012968188151717186,0.5375357866287231,0.7882550954818726,-0.01892164908349514,0.5527329444885254,0.7583928108215332,-0.023921770974993706,0.5778695940971375,0.7724844217300415,-0.02581121399998665,0.5497797727584839,0.7144761681556702,-0.0049148546531796455,0.5462464094161987,0.66158127784729,-0.020096221938729286,0.5451505780220032,0.701529324054718,-0.027563776820898056,0.5478578805923462,0.7337141633033752,-0.030326392501592636,0.5714430809020996,0.7107360363006592,-0.0043287090957164764,0.5689534544944763,0.6573357582092285,-0.01938561350107193,0.565177857875824,0.71461021900177,-0.019226374104619026,0.5676301121711731,0.74387526512146,-0.01437262911349535,0.5898190140724182,0.7189298868179321,-0.006971967406570911,0.5903288722038269,0.6696282625198364,-0.021692410111427307,0.5833332538604736,0.7189971208572388,-0.014501964673399925,0.5844258666038513,0.7501606941223145,-0.005071008577942848,0.6102846264839172,0.739683210849762,-0.01109782699495554,0.6074184775352478,0.6988880038261414,-0.022898320108652115,0.5991261601448059,0.7320551872253418,-0.01878826506435871,0.5979535579681396,0.7600728869438171,-0.012149808928370476,0.2643933892250061,0.5692696571350098,-1.3404195442490163e-07,0.24065528810024261,0.5549699068069458,-0.015042233280837536,0.22961200773715973,0.5116690993309021,-0.021875133737921715,0.2411123812198639,0.47831013798713684,-0.02778671868145466,0.26051396131515503,0.4695234000682831,-0.031325310468673706,0.2358076274394989,0.4495041072368622,-0.01051735132932663,0.2345203161239624,0.3951909840106964,-0.02459334395825863,0.23403382301330566,0.4088103473186493,-0.0326293408870697,0.23449981212615967,0.44094276428222656,-0.03599982336163521,0.2539772689342499,0.4459271728992462,-0.008669205009937286,0.25551101565361023,0.3821278214454651,-0.02286296710371971,0.2523917853832245,0.4050838053226471,-0.028033094480633736,0.2519969046115875,0.4395063519477844,-0.02823701500892639,0.2710283100605011,0.4514678716659546,-0.009378381073474884,0.2758052349090576,0.39556559920310974,-0.02291051112115383,0.2708284854888916,0.41384896636009216,-0.024254098534584045,0.2690965235233307,0.4452747106552124,-0.021624205633997917,0.2895090878009796,0.4656781256198883,-0.011586043983697891,0.29293718934059143,0.42597898840904236,-0.024241065606474876,0.28863105177879333,0.43302440643310547,-0.027880683541297913,0.2852505147457123,0.4546915590763092,-0.027611205354332924
10,0.5907940864562988,0.8594821691513062,-2.045269837935848e-07,0.5579578280448914,0.8411619663238525,-0.012968188151717186,0.5375357866287231,0.7882550954818726,-0.01892164908349514,0.5527329444885254,0.7583928108215332,-0.023921770974993706,0.5778695940971375,0.7724844217300415,-0.02581121399998665,0.5497797727584839,0.7144761681556702,-0.0049148546531796455,0.5462464094161987,0.66158127784729,-0.020096221938729286,0.5451505780220032,0.701529324054718,-0.027563776820898056,0.5478578805923462,0.7337141633033752,-0.030326392501592636,0.5714430809020996,0.7107360363006592,-0.0043287090957164764,0.5689534544944763,0.6573357582092285,-0.01938561350107193,0.565177857875824,0.71461021900177,-0.019226374104619026,0.5676301121711731,0.74387526512146,-0.01437262911349535,0.5898190140724182,0.7189298868179321,-0.006971967406570911,0.5903288722038269,0.6696282625198364,-0.021692410111427307,0.5833332538604736,0.7189971208572388,-0.014501964673399925,0.5844258666038513,0.7501606941223145,-0.005071008577942848,0.6102846264839172,0.739683210849762,-0.01109782699495554,0.6074184775352478,0.6988880038261414,-0.022898320108652115,0.5991261601448059,0.7320551872253418,-0.01878826506435871,0.5979535579681396,0.7600728869438171,-0.012149808928370476,0.2643933892250061,0.5692696571350098,-1.3404195442490163e-07,0.24065528810024261,0.5549699068069458,-0.015042233280837536,0.22961200773715973,0.5116690993309021,-0.021875133737921715,0.2411123812198639,0.47831013798713684,-0.02778671868145466,0.26051396131515503,0.4695234000682831,-0.031325310468673706,0.2358076274394989,0.4495041072368622,-0.01051735132932663,0.2345203161239624,0.3951909840106964,-0.02459334395825863,0.23403382301330566,0.4088103473186493,-0.0326293408870697,0.23449981212615967,0.44094276428222656,-0.03599982336163521,0.2539772689342499,0.4459271728992462,-0.008669205009937286,0.25551101565361023,0.3821278214454651,-0.02286296710371971,0.2523917853832245,0.4050838053226471,-0.028033094480633736,0.2519969046115875,0.4395063519477844,-0.02823701500892639,0.2710283100605011,0.4514678716659546,-0.009378381073474884,0.2758052349090576,0.39556559920310974,-0.02291051112115383,0.2708284854888916,0.41384896636009216,-0.024254098534584045,0.2690965235233307,0.4452747106552124,-0.021624205633997917,0.2895090878009796,0.4656781256198883,-0.011586043983697891,0.29293718934059143,0.42597898840904236,-0.024241065606474876,0.28863105177879333,0.43302440643310547,-0.027880683541297913,0.2852505147457123,0.4546915590763092,-0.027611205354332924
11,0.5914552807807922,0.8583028316497803,-2.1197719490828604e-07,0.5587334632873535,0.8411638140678406,-0.012906667776405811,0.5376473665237427,0.7887707948684692,-0.01883174292743206,0.5517648458480835,0.7596821784973145,-0.024024343118071556,0.5770940780639648,0.7719135880470276,-0.02616913430392742,0.5503875613212585,0.7129052877426147,-0.003847138024866581,0.5473758578300476,0.6622554659843445,-0.019528193399310112,0.5454397797584534,0.7054978609085083,-0.02779538370668888,0.5479474067687988,0.7378417253494263,-0.031053772196173668,0.5718587636947632,0.7097328305244446,-0.0035154824145138264,0.5696043968200684,0.6583614349365234,-0.01880076713860035,0.5648804306983948,0.717176616191864,-0.019353559240698814,0.5676835775375366,0.7469679713249207,-0.014923486858606339,0.5905327200889587,0.7182721495628357,-0.006551618222147226,0.5910578370094299,0.670551598072052,-0.021404217928647995,0.583106279373169,0.7212806940078735,-0.01485764142125845,0.5842736959457397,0.7519801259040833,-0.005776159465312958,0.6109005212783813,0.738676905632019,-0.011071478016674519,0.607300877571106,0.7006006836891174,-0.022568466141819954,0.5984252691268921,0.7344189286231995,-0.01864214986562729,0.5975404977798462,0.7612295746803284,-0.012185453437268734,0.26608723402023315,0.5778768658638,-1.2844267871514603e-07,0.24247480928897858,0.5609377026557922,-0.01355841476470232,0.229651540517807,0.515780508518219,-0.020581111311912537,0.23888680338859558,0.47886836528778076,-0.02723708003759384,0.25809353590011597,0.47062787413597107,-0.031448062509298325,0.23450346291065216,0.4525034725666046,-0.007736376952379942,0.23397096991539001,0.39684444665908813,-0.021473700180649757,0.23498722910881042,0.4162161946296692,-0.02977830171585083,0.2356143593788147,0.44916439056396484,-0.033256761729717255,0.2529861330986023,0.44851845502853394,-0.0068084439262747765,0.25421735644340515,0.3846202790737152,-0.019460003823041916,0.25231319665908813,0.4116501212120056,-0.024215014651417732,0.25185850262641907,0.4446784257888794,-0.02449122816324234,0.2707724869251251,0.45386460423469543,-0.008460321463644505,0.27509239315986633,0.3977091610431671,-0.02006477117538452,0.2714860141277313,0.4188171923160553,-0.02115575596690178,0.2698650062084198,0.44822871685028076,-0.01893637515604496,0.28944411873817444,0.46739402413368225,-0.011585311964154243,0.29233524203300476,0.4272296130657196,-0.021320069208741188,0.2886512279510498,0.4360157549381256,-0.023340564221143723,0.2851555645465851,0.45698046684265137,-0.02257763408124447
12,0.589171826839447,0.8613026738166809,-2.1613125511521503e-07,0.5582402348518372,0.8424981832504272,-0.01430168654769659,0.5376979112625122,0.7892016172409058,-0.02216762863099575,0.5507925748825073,0.763167679309845,-0.029204610735177994,0.5751081705093384,0.7715848088264465,-0.03371140733361244,0.5531734228134155,0.7199832201004028,-0.00891154259443283,0.548020601272583,0.6656230092048645,-0.02750777266919613,0.5455948114395142,0.70423424243927,-0.037294767796993256,0.5482991933822632,0.737467348575592,-0.041169095784425735,0.5731248259544373,0.7188324332237244,-0.00865660235285759,0.5701543092727661,0.6620733141899109,-0.02729998715221882,0.5646805763244629,0.7163828015327454,-0.029921283945441246,0.5673647522926331,0.7486927509307861,-0.02658933773636818,0.5913681983947754,0.7269327640533447,-0.011692821979522705,0.5907567739486694,0.6718009114265442,-0.029635880142450333,0.5821910500526428,0.720939576625824,-0.02499386854469776,0.5832653641700745,0.7527692317962646,-0.016799572855234146,0.611374020576477,0.7448973059654236,-0.016117587685585022,0.606967031955719,0.7043221592903137,-0.0303955078125,0.5974502563476562,0.7376842498779297,-0.028195269405841827,0.5966518521308899,0.7646622657775879,-0.02267308533191681,0.26483145356178284,0.5811302661895752,-1.670233160666612e-07,0.24195092916488647,0.5614481568336487,-0.012357562780380249,0.23135358095169067,0.5156354308128357,-0.018388155847787857,0.24321243166923523,0.4805331826210022,-0.024129338562488556,0.26156067848205566,0.470754474401474,-0.02785417065024376,0.2371811866760254,0.4534085690975189,-0.007856499403715134,0.23633110523223877,0.39686325192451477,-0.020890334621071815,0.23671643435955048,0.4142923355102539,-0.02884606644511223,0.2372097671031952,0.4464792311191559,-0.03238118439912796,0.2554834485054016,0.4507031738758087,-0.00728463614359498,0.256633996963501,0.3866160809993744,-0.019774768501520157,0.25355979800224304,0.41171029210090637,-0.024405481293797493,0.2525269091129303,0.4448302388191223,-0.02497362717986107,0.272921621799469,0.4567449986934662,-0.009024597704410553,0.276569664478302,0.39901477098464966,-0.020513661205768585,0.2713320553302765,0.42077651619911194,-0.021262098103761673,0.2693352699279785,0.45158663392066956,-0.019233040511608124,0.29093119502067566,0.47096771001815796,-0.012147011235356331,0.29221513867378235,0.42940688133239746,-0.022311776876449585,0.2875439524650574,0.4396875202655792,-0.024268880486488342,0.2847031056880951,0.4626529812812805,-0.023678313940763474
13,0.588605523109436,0.861230731010437,-2.0220940655235609e-07,0.5575546026229858,0.8425044417381287,-0.014980055391788483,0.5377926826477051,0.7902863621711731,-0.023667380213737488,0.5530515909194946,0.7648556232452393,-0.031490396708250046,0.5782815217971802,0.7765852212905884,-0.036775317043066025,0.5524426698684692,0.719008207321167,-0.010030939243733883,0.5484563708305359,0.6640636920928955,-0.028465701267123222,0.5457460880279541,0.7038241028785706,-0.038537684828042984,0.5481930375099182,0.7373203635215759,-0.042881861329078674,0.5730577707290649,0.7180125117301941,-0.00974760577082634,0.5702371597290039,0.6624544262886047,-0.027442486956715584,0.5646594762802124,0.7169252038002014,-0.0297418050467968,0.567589521408081,0.7479071021080017,-0.02678813226521015,0.5912157893180847,0.7271496653556824,-0.012773385271430016,0.5909785628318787,0.6735473275184631,-0.029636481776833534,0.5825212001800537,0.7215670347213745,-0.02442263253033161,0.5836858749389648,0.7531396746635437,-0.016389289870858192,0.6106763482093811,0.7465959787368774,-0.017351454123854637,0.6073528528213501,0.703812301158905,-0.030895482748746872,0.5976656675338745,0.7356277108192444,-0.0281631238758564,0.5961372256278992,0.7635883092880249,-0.02256290800869465,0.2658277750015259,0.5823562741279602,-1.5745445125503466e-07,0.2441878467798233,0.562512993812561,-0.014941275119781494,0.23263345658779144,0.5156038999557495,-0.0225661750882864,0.24389410018920898,0.4781988561153412,-0.02898801676928997,0.2634459435939789,0.47265222668647766,-0.032963450998067856,0.24001747369766235,0.45354631543159485,-0.011761477217078209,0.23902302980422974,0.3947223424911499,-0.02483386918902397,0.24019140005111694,0.4124721884727478,-0.03268503397703171,0.23993127048015594,0.4433552026748657,-0.03650901839137077,0.25840985774993896,0.4492376148700714,-0.009607868269085884,0.2587997317314148,0.38548576831817627,-0.022127564996480942,0.25649386644363403,0.41375353932380676,-0.026019949465990067,0.2549794614315033,0.4453882575035095,-0.026373982429504395,0.27549290657043457,0.45380157232284546,-0.00979592278599739,0.27796995639801025,0.3982124328613281,-0.021002907305955887,0.2743458151817322,0.4188554584980011,-0.021043913438916206,0.2723315954208374,0.4478399455547333,-0.018872331827878952,0.2938161790370941,0.4686029255390167,-0.011584833264350891,0.2947949767112732,0.42813190817832947,-0.021257178857922554,0.2908594310283661,0.43856415152549744,-0.022921890020370483,0.287607342004776,0.4590594172477722,-0.02239237166941166
14,0.588605523109436,0.861230731010437,-2.0220940655235609e-07,0.5575546026229858,0.8425044417381287,-0.014980055391788483,0.5377926826477051,0.7902863621711731,-0.023667380213737488,0.5530515909194946,0.7648556232452393,-0.031490396708250046,0.5782815217971802,0.7765852212905884,-0.036775317043066025,0.5524426698684692,0.719008207321167,-0.010030939243733883,0.5484563708305359,0.6640636920928955,-0.028465701267123222,0.5457460880279541,0.7038241028785706,-0.038537684828042984,0.5481930375099182,0.7373203635215759,-0.042881861329078674,0.5730577707290649,0.7180125117301941,-0.00974760577082634,0.5702371597290039,0.6624544262886047,-0.027442486956715584,0.5646594762802124,0.7169252038002014,-0.0297418050467968,0.567589521408081,0.7479071021080017,-0.02678813226521015,0.5912157893180847,0.7271496653556824,-0.012773385271430016,0.5909785628318787,0.6735473275184631,-0.029636481776833534,0.5825212001800537,0.7215670347213745,-0.02442263253033161,0.5836858749389648,0.7531396746635437,-0.016389289870858192,0.6106763482093811,0.7465959787368774,-0.017351454123854637,0.6073528528213501,0.703812301158905,-0.030895482748746872,0.5976656675338745,0.7356277108192444,-0.0281631238758564,0.5961372256278992,0.7635883092880249,-0.02256290800869465,0.2658277750015259,0.5823562741279602,-1.5745445125503466e-07,0.2441878467798233,0.562512993812561,-0.014941275119781494,0.23263345658779144,0.5156038999557495,-0.0225661750882864,0.24389410018920898,0.4781988561153412,-0.02898801676928997,0.2634459435939789,0.47265222668647766,-0.032963450998067856,0.24001747369766235,0.45354631543159485,-0.011761477217078209,0.23902302980422974,0.3947223424911499,-0.02483386918902397,0.24019140005111694,0.4124721884727478,-0.03268503397703171,0.23993127048015594,0.4433552026748657,-0.03650901839137077,0.25840985774993896,0.4492376148700714,-0.009607868269085884,0.2587997317314148,0.38548576831817627,-0.022127564996480942,0.25649386644363403,0.41375353932380676,-0.026019949465990067,0.2549794614315033,0.4453882575035095,-0.026373982429504395,0.27549290657043457,0.45380157232284546,-0.00979592278599739,0.27796995639801025,0.3982124328613281,-0.021002907305955887,0.2743458151817322,0.4188554584980011,-0.021043913438916206,0.2723315954208374,0.4478399455547333,-0.018872331827878952,0.2938161790370941,0.4686029255390167,-0.011584833264350891,0.2947949767112732,0.42813190817832947,-0.021257178857922554,0.2908594310283661,0.43856415152549744,-0.022921890020370483,0.287607342004776,0.4590594172477722,-0.02239237166941166
15,0.5889479517936707,0.8552972674369812,-1.9663450245843705e-07,0.5587151050567627,0.8418838381767273,-0.013221080414950848,0.5374359488487244,0.7916629910469055,-0.01933858171105385,0.5489981770515442,0.76192706823349,-0.024398338049650192,0.5737804174423218,0.7691363096237183,-0.026656268164515495,0.550557553768158,0.7191817164421082,-0.006732369307428598,0.5478333234786987,0.666932225227356,-0.023408787325024605,0.5462408661842346,0.7005195021629333,-0.031231442466378212,0.5490193367004395,0.7296570539474487,-0.03383084386587143,0.5718474388122559,0.7162641286849976,-0.00634860061109066,0.5702133178710938,0.6635704636573792,-0.02323836088180542,0.5655354261398315,0.7180569767951965,-0.023649979382753372,0.5680739879608154,0.7480025291442871,-0.018602881580591202,0.5908231139183044,0.724065363407135,-0.009251082316040993,0.5910196304321289,0.6744714975357056,-0.026512514799833298,0.5831378102302551,0.7237855195999146,-0.020046096295118332,0.584074854850769,0.7547191977500916,-0.010264717042446136,0.6115322113037109,0.7431385517120361,-0.013405860401690006,0.607864499092102,0.7041031122207642,-0.027590526267886162,0.5989995002746582,0.737748384475708,-0.024342991411685944,0.5978870391845703,0.7651894688606262,-0.01768515445291996,0.2703996002674103,0.5719554424285889,-1.376781142425898e-07,0.24820679426193237,0.5535354614257812,-0.014746365137398243,0.23690754175186157,0.5073476433753967,-0.02221151441335678,0.247041717171669,0.46887844800949097,-0.028612101450562477,0.2663116753101349,0.4576452076435089,-0.03275444731116295,0.24207769334316254,0.4461638629436493,-0.011528904549777508,0.24288104474544525,0.38958507776260376,-0.025067424401640892,0.24404597282409668,0.4049254357814789,-0.03288142383098602,0.24325111508369446,0.43367093801498413,-0.03619033098220825,0.2604098618030548,0.4420110881328583,-0.009554730728268623,0.26223376393318176,0.37860819697380066,-0.022526180371642113,0.26014500856399536,0.4060218334197998,-0.02683551423251629,0.25839361548423767,0.43753787875175476,-0.026927771046757698,0.27800658345222473,0.44687339663505554,-0.009860365651547909,0.2814834713935852,0.39301154017448425,-0.021770205348730087,0.2770826518535614,0.41581717133522034,-0.021909000352025032,0.2741580009460449,0.44504594802856445,-0.019162777811288834,0.29657983779907227,0.46072354912757874,-0.01163126714527607,0.29773250222206116,0.42007511854171753,-0.021594520658254623,0.2940520644187927,0.43093714118003845,-0.02294108457863331,0.29060792922973633,0.4510895907878876,-0.021728603169322014
16,0.5882142186164856,0.8540055155754089,-1.574634609369241e-07,0.5579105019569397,0.8410367369651794,-0.015235328115522861,0.5369554162025452,0.7927150130271912,-0.023518044501543045,0.5503079891204834,0.7661321759223938,-0.03037203848361969,0.5763099789619446,0.7716957926750183,-0.03438820689916611,0.5502053499221802,0.7171553373336792,-0.010425033047795296,0.5460940003395081,0.6667706370353699,-0.028236964717507362,0.5444902181625366,0.7007230520248413,-0.036552924662828445,0.5473870635032654,0.729739248752594,-0.039463385939598083,0.5710830092430115,0.7148010730743408,-0.009642434306442738,0.5681391954421997,0.6619477868080139,-0.02699456177651882,0.5638760328292847,0.7155783176422119,-0.027301618829369545,0.5674188733100891,0.7430919408798218,-0.022391844540834427,0.5895501971244812,0.7228839993476868,-0.012263184413313866,0.589674711227417,0.6736159324645996,-0.02937963791191578,0.5822061896324158,0.7221396565437317,-0.022415796294808388,0.584043025970459,0.7516558766365051,-0.012639672495424747,0.6097182631492615,0.7416238188743591,-0.01636272668838501,0.6056728363037109,0.7039245367050171,-0.030394896864891052,0.5973919034004211,0.7368614673614502,-0.026791401207447052,0.5972762703895569,0.7636942267417908,-0.020018160343170166,0.27532264590263367,0.5649058818817139,-1.2223891587836988e-07,0.25262922048568726,0.5458824634552002,-0.013992153108119965,0.24090027809143066,0.5009755492210388,-0.020639494061470032,0.25199881196022034,0.46512946486473083,-0.026283489540219307,0.2712188959121704,0.45773831009864807,-0.02957756258547306,0.24713534116744995,0.4404449462890625,-0.009921928867697716,0.24657213687896729,0.38423222303390503,-0.02302558161318302,0.24826498329639435,0.4004433751106262,-0.030452778562903404,0.2479628473520279,0.42993345856666565,-0.03349682316184044,0.2654469609260559,0.4357885420322418,-0.008016267791390419,0.2656685411930084,0.37429898977279663,-0.020154625177383423,0.2638915479183197,0.4010101854801178,-0.023213272914290428,0.2624988257884979,0.431271493434906,-0.022409586235880852,0.2824733853340149,0.4402863085269928,-0.008558090776205063,0.28507891297340393,0.3876733183860779,-0.02014092169702053,0.28057029843330383,0.4091489911079407,-0.019430411979556084,0.27778157591819763,0.436103880405426,-0.015979334712028503,0.300444096326828,0.45393699407577515,-0.010558915324509144,0.30186471343040466,0.41459470987319946,-0.021103791892528534,0.2974278926849365,0.42584362626075745,-0.022421402856707573,0.2933572232723236,0.4456617534160614,-0.020871231332421303
17,0.5883797407150269,0.8521474599838257,-1.5857193602641928e-07,0.5588361620903015,0.840032696723938,-0.013835100457072258,0.5374201536178589,0.7895309329032898,-0.020682310685515404,0.547736406326294,0.7608985900878906,-0.02632809244096279,0.571715235710144,0.7639966011047363,-0.029224779456853867,0.5508078932762146,0.7176481485366821,-0.008383261039853096,0.5470465421676636,0.6681416034698486,-0.02511068806052208,0.5465497374534607,0.7002002596855164,-0.03235147148370743,0.5497190356254578,0.7276630401611328,-0.034292105585336685,0.5712040662765503,0.7150866985321045,-0.00789579562842846,0.5688085556030273,0.6639736890792847,-0.024439780041575432,0.5645714402198792,0.7157434225082397,-0.02433212846517563,0.5676229000091553,0.7428255081176758,-0.01877354457974434,0.5900996327400208,0.7224798202514648,-0.010720633901655674,0.5902717709541321,0.6758580803871155,-0.027450134977698326,0.5830066800117493,0.7238026857376099,-0.021157097071409225,0.5846990942955017,0.7519670128822327,-0.011398096568882465,0.6103787422180176,0.73961341381073,-0.01482476107776165,0.6064338684082031,0.7031460404396057,-0.02824312262237072,0.598835289478302,0.7343207597732544,-0.024863729253411293,0.5989996194839478,0.7591150403022766,-0.01804015040397644,0.2772965431213379,0.5648359656333923,-9.543323642446921e-08,0.25387969613075256,0.5460757613182068,-0.013940841890871525,0.24370819330215454,0.4967207610607147,-0.020295122638344765,0.25710639357566833,0.4630754888057709,-0.025596052408218384,0.2780635356903076,0.4624476134777069,-0.02852776274085045,0.2496020793914795,0.43868184089660645,-0.008252483792603016,0.24947881698608398,0.3869597911834717,-0.021825997158885002,0.251210480928421,0.40175575017929077,-0.03052830509841442,0.2510707378387451,0.4317677319049835,-0.03459537774324417,0.26791277527809143,0.4335293173789978,-0.006685509812086821,0.2677939534187317,0.37604790925979614,-0.018620438873767853,0.2658495306968689,0.4014624357223511,-0.022184889763593674,0.2647489309310913,0.43205979466438293,-0.022023968398571014,0.2847261428833008,0.4382973909378052,-0.007859447039663792,0.2869373559951782,0.38824743032455444,-0.018912818282842636,0.2830736041069031,0.4082546532154083,-0.018560554832220078,0.281021386384964,0.43592315912246704,-0.015750158578157425,0.3030031621456146,0.4517861008644104,-0.01065883506089449,0.303343802690506,0.4152301251888275,-0.021034494042396545,0.3004538118839264,0.4268895983695984,-0.022678209468722343,0.2982359528541565,0.44639110565185547,-0.021635781973600388
18,0.5883797407150269,0.8521474599838257,-1.5857193602641928e-07,0.5588361620903015,0.840032696723938,-0.013835100457072258,0.5374201536178589,0.7895309329032898,-0.020682310685515404,0.547736406326294,0.7608985900878906,-0.02632809244096279,0.571715235710144,0.7639966011047363,-0.029224779456853867,0.5508078932762146,0.7176481485366821,-0.008383261039853096,0.5470465421676636,0.6681416034698486,-0.02511068806052208,0.5465497374534607,0.7002002596855164,-0.03235147148370743,0.5497190356254578,0.7276630401611328,-0.034292105585336685,0.5712040662765503,0.7150866985321045,-0.00789579562842846,0.5688085556030273,0.6639736890792847,-0.024439780041575432,0.5645714402198792,0.7157434225082397,-0.02433212846517563,0.5676229000091553,0.7428255081176758,-0.01877354457974434,0.5900996327400208,0.7224798202514648,-0.010720633901655674,0.5902717709541321,0.6758580803871155,-0.027450134977698326,0.5830066800117493,0.7238026857376099,-0.021157097071409225,0.5846990942955017,0.7519670128822327,-0.011398096568882465,0.6103787422180176,0.73961341381073,-0.01482476107776165,0.6064338684082031,0.7031460404396057,-0.02824312262237072,0.598835289478302,0.7343207597732544,-0.024863729253411293,0.5989996194839478,0.7591150403022766,-0.01804015040397644,0.2772965431213379,0.5648359656333923,-9.543323642446921e-08,0.25387969613075256,0.5460757613182068,-0.013940841890871525,0.24370819330215454,0.4967207610607147,-0.020295122638344765,0.25710639357566833,0.4630754888057709,-0.025596052408218384,0.2780635356903076,0.4624476134777069,-0.02852776274085045,0.2496020793914795,0.43868184089660645,-0.008252483792603016,0.24947881698608398,0.3869597911834717,-0.021825997158885002,0.251210480928421,0.40175575017929077,-0.03052830509841442,0.2510707378387451,0.4317677319049835,-0.03459537774324417,0.26791277527809143,0.4335293173789978,-0.006685509812086821,0.2677939534187317,0.37604790925979614,-0.018620438873767853,0.2658495306968689,0.4014624357223511,-0.022184889763593674,0.2647489309310913,0.43205979466438293,-0.022023968398571014,0.2847261428833008,0.4382973909378052,-0.007859447039663792,0.2869373559951782,0.38824743032455444,-0.018912818282842636,0.2830736041069031,0.4082546532154083,-0.018560554832220078,0.281021386384964,0.43592315912246704,-0.015750158578157425,0.3030031621456146,0.4517861008644104,-0.01065883506089449,0.303343802690506,0.4152301251888275,-0.021034494042396545,0.3004538118839264,0.4268895983695984,-0.022678209468722343,0.2982359528541565,0.44639110565185547,-0.021635781973600388
19,0.5900517106056213,0.855846107006073,-1.7341338320875366e-07,0.5596621036529541,0.8416958451271057,-0.015123169869184494,0.5395022034645081,0.7903435826301575,-0.02279435470700264,0.5515456795692444,0.7636396288871765,-0.02898525260388851,0.5755243301391602,0.7712458372116089,-0.032184090465307236,0.553187370300293,0.7174458503723145,-0.010391649790108204,0.5489003658294678,0.6660228371620178,-0.027672933414578438,0.5460900068283081,0.7027170658111572,-0.035725537687540054,0.5484700202941895,0.7320038080215454,-0.038549963384866714,0.573013961315155,0.7157521843910217,-0.009350182488560677,0.5692816376686096,0.6611148715019226,-0.026066429913043976,0.5635216236114502,0.7127708196640015,-0.02602805569767952,0.5667470693588257,0.7403685450553894,-0.02115103043615818,0.5905733108520508,0.7238850593566895,-0.01172634307295084,0.5905735492706299,0.6729318499565125,-0.027994921430945396,0.5816555619239807,0.7189018726348877,-0.021520862355828285,0.5836854577064514,0.7474570274353027,-0.012414569035172462,0.6103897094726562,0.7414246797561646,-0.015609382651746273,0.6060947775840759,0.7040192484855652,-0.028873277828097343,0.5971326231956482,0.7346475720405579,-0.02591008134186268,0.5970839262008667,0.7600482702255249,-0.019952937960624695,0.2806982398033142,0.5679725408554077,-1.2526315629202145e-07,0.25707459449768066,0.5474233031272888,-0.013189256191253662,0.24639105796813965,0.49951499700546265,-0.01934938319027424,0.25751781463623047,0.4643215239048004,-0.024729767814278603,0.2778799831867218,0.4562503397464752,-0.027857445180416107,0.2526029646396637,0.44004809856414795,-0.008465451188385487,0.25176772475242615,0.3840833306312561,-0.02186654880642891,0.25207075476646423,0.3984699249267578,-0.029827849939465523,0.25141772627830505,0.42797791957855225,-0.033219873905181885,0.2706262171268463,0.43631038069725037,-0.007229972165077925,0.27052605152130127,0.3749980330467224,-0.019679082557559013,0.26805558800697327,0.4007054567337036,-0.02349461242556572,0.2671341598033905,0.4307001531124115,-0.023272326216101646,0.287503719329834,0.4416064918041229,-0.008507035672664642,0.29112499952316284,0.38702312111854553,-0.020235944539308548,0.28693512082099915,0.4080555737018585,-0.020124876871705055,0.2846962809562683,0.43575045466423035,-0.01719270832836628,0.30531734228134155,0.45580947399139404,-0.011194153688848019,0.3074413239955902,0.41513627767562866,-0.022148221731185913,0.30384907126426697,0.4255317449569702,-0.023984067142009735,0.3007970452308655,0.4448709189891815,-0.02289462648332119
20,0.5898762345314026,0.8573502898216248,-1.676256857763292e-07,0.5584577918052673,0.8397248983383179,-0.012654833495616913,0.5383394956588745,0.7892308235168457,-0.019330229610204697,0.5512750744819641,0.7605156302452087,-0.025188937783241272,0.5761049389839172,0.7686781287193298,-0.0282726027071476,0.5521167516708374,0.7176000475883484,-0.006398461293429136,0.5479743480682373,0.6678069233894348,-0.021787069737911224,0.5467747449874878,0.7023792266845703,-0.02872810885310173,0.549684464931488,0.7305467128753662,-0.03095468319952488,0.5724241137504578,0.7150956392288208,-0.00621204636991024,0.5692262649536133,0.6646713614463806,-0.02142896130681038,0.5655558705329895,0.7165506482124329,-0.021305717527866364,0.5687692165374756,0.7433983087539673,-0.01643146574497223,0.5907439589500427,0.7229416370391846,-0.009146156720817089,0.59102863073349,0.6756519079208374,-0.023794690147042274,0.5843697190284729,0.722017228603363,-0.016973167657852173,0.5860146880149841,0.7510831356048584,-0.007754978723824024,0.61057448387146,0.7417942881584167,-0.01347655151039362,0.6073282957077026,0.703171968460083,-0.02504672110080719,0.59921795129776,0.7334917783737183,-0.02116805873811245,0.5985211730003357,0.7597940564155579,-0.014643668197095394,0.28096306324005127,0.5634482502937317,-1.1507511743502619e-07,0.2570957541465759,0.5436962842941284,-0.013853388838469982,0.24601097404956818,0.49553969502449036,-0.02027083933353424,0.25800713896751404,0.46201035380363464,-0.025663964450359344,0.2784297466278076,0.4573339521884918,-0.028827356174588203,0.2519838511943817,0.43648308515548706,-0.009209742769598961,0.2510005831718445,0.38323092460632324,-0.02273331955075264,0.252286434173584,0.39915627241134644,-0.031029386445879936,0.2519530653953552,0.4288150668144226,-0.03475005552172661,0.2709853947162628,0.4327962398529053,-0.007504646200686693,0.27121955156326294,0.3725745677947998,-0.019816597923636436,0.2693353593349457,0.3988547623157501,-0.02357722446322441,0.26799294352531433,0.4296526312828064,-0.023315437138080597,0.2880961298942566,0.43847981095314026,-0.008306986652314663,0.29198434948921204,0.3856029808521271,-0.020008886232972145,0.2880724370479584,0.40771010518074036,-0.019707782194018364,0.28548839688301086,0.4359796643257141,-0.016566596925258636,0.30592411756515503,0.45316600799560547,-0.010571940802037716,0.3069037199020386,0.4145094156265259,-0.02197778783738613,0.30413272976875305,0.4260299801826477,-0.023954667150974274,0.3018113374710083,0.4452385902404785,-0.022764787077903748
21,0.5890900492668152,0.8581697344779968,-1.7771404259292467e-07,0.5575644969940186,0.8416590094566345,-0.013967704027891159,0.537999153137207,0.7889954447746277,-0.020874330773949623,0.5522708892822266,0.7611680626869202,-0.02661069668829441,0.5777245163917542,0.7722748517990112,-0.029355652630329132,0.5520349144935608,0.7160326242446899,-0.0074430834501981735,0.5479258894920349,0.6664774417877197,-0.02364838868379593,0.5460332036018372,0.7035658359527588,-0.03136763721704483,0.5484386682510376,0.7337294816970825,-0.03406842052936554,0.5725297331809998,0.7143698930740356,-0.006766799837350845,0.5689750909805298,0.6627184152603149,-0.022494424134492874,0.5647239685058594,0.7155977487564087,-0.022609209641814232,0.5677782893180847,0.7433751821517944,-0.017916200682520866,0.5906299948692322,0.723096489906311,-0.0094156414270401,0.5904914140701294,0.6727266311645508,-0.02467840351164341,0.5830382108688354,0.7194925546646118,-0.017895927652716637,0.58447265625,0.7491424679756165,-0.00875638984143734,0.6104803085327148,0.7421480417251587,-0.013589260168373585,0.6068601012229919,0.7032901644706726,-0.026140276342630386,0.598089337348938,0.7349236607551575,-0.022662930190563202,0.5972292423248291,0.7621400356292725,-0.016381243243813515,0.281769335269928,0.5680294632911682,-1.030567204907129e-07,0.2583463191986084,0.5480603575706482,-0.014689501374959946,0.2475103735923767,0.4993465542793274,-0.021548401564359665,0.2582399845123291,0.46370530128479004,-0.027452552691102028,0.27810779213905334,0.456336110830307,-0.030900854617357254,0.25312209129333496,0.43661999702453613,-0.008648904971778393,0.25261178612709045,0.381244033575058,-0.022720064967870712,0.25437915325164795,0.3965540826320648,-0.03133765608072281,0.25448089838027954,0.42711466550827026,-0.03509422764182091,0.2714907228946686,0.4321144223213196,-0.006912737153470516,0.2719344198703766,0.37153416872024536,-0.0198268610984087,0.2705128490924835,0.3987842798233032,-0.024213213473558426,0.2696526050567627,0.4302302598953247,-0.024260712787508965,0.28839749097824097,0.4369456470012665,-0.007927398197352886,0.29184621572494507,0.3838837742805481,-0.020319422706961632,0.2884688079357147,0.4059143364429474,-0.020871354267001152,0.2863415479660034,0.4350769519805908,-0.018174823373556137,0.3064165413379669,0.4507506787776947,-0.010504249483346939,0.30770066380500793,0.4121610224246979,-0.02206047810614109,0.3047810196876526,0.42417654395103455,-0.02447502128779888,0.30216094851493835,0.4446210265159607,-0.023614244535565376
22,0.5890900492668152,0.8581697344779968,-1.7771404259292467e-07,0.5575644969940186,0.8416590094566345,-0.013967704027891159,0.537999153137207,0.7889954447746277,-0.020874330773949623,0.5522708892822266,0.7611680626869202,-0.02661069668829441,0.5777245163917542,0.7722748517990112,-0.029355652630329132,0.5520349144935608,0.7160326242446899,-0.0074430834501981735,0.5479258894920349,0.6664774417877197,-0.02364838868379593,0.5460332036018372,0.7035658359527588,-0.03136763721704483,0.5484386682510376,0.7337294816970825,-0.03406842052936554,0.5725297331809998,0.7143698930740356,-0.006766799837350845,0.5689750909805298,0.6627184152603149,-0.022494424134492874,0.5647239685058594,0.7155977487564087,-0.022609209641814232,0.5677782893180847,0.7433751821517944,-0.017916200682520866,0.5906299948692322,0.723096489906311,-0.0094156414270401,0.5904914140701294,0.6727266311645508,-0.02467840351164341,0.5830382108688354,0.7194925546646118,-0.017895927652716637,0.58447265625,0.7491424679756165,-0.00875638984143734,0.6104803085327148,0.7421480417251587,-0.013589260168373585,0.6068601012229919,0.7032901644706726,-0.026140276342630386,0.598089337348938,0.7349236607551575,-0.022662930190563202,0.5972292423248291,0.7621400356292725,-0.016381243243813515,0.281769335269928,0.5680294632911682,-1.030567204907129e-07,0.2583463191986084,0.5480603575706482,-0.014689501374959946,0.2475103735923767,0.4993465542793274,-0.021548401564359665,0.2582399845123291,0.46370530128479004,-0.027452552691102028,0.27810779213905334,0.456336110830307,-0.030900854617357254,0.25312209129333496,0.43661999702453613,-0.008648904971778393,0.25261178612709045,0.381244033575058,-0.022720064967870712,0.25437915325164795,0.3965540826320648,-0.03133765608072281,0.25448089838027954,0.42711466550827026,-0.03509422764182091,0.2714907228946686,0.4321144223213196,-0.006912737153470516,0.2719344198703766,0.37153416872024536,-0.0198268610984087,0.2705128490924835,0.3987842798233032,-0.024213213473558426,0.2696526050567627,0.4302302598953247,-0.024260712787508965,0.28839749097824097,0.4369456470012665,-0.007927398197352886,0.29184621572494507,0.3838837742805481,-0.020319422706961632,0.2884688079357147,0.4059143364429474,-0.020871354267001152,0.2863415479660034,0.4350769519805908,-0.018174823373556137,0.3064165413379669,0.4507506787776947,-0.010504249483346939,0.30770066380500793,0.4121610224246979,-0.02206047810614109,0.3047810196876526,0.42417654395103455,-0.02447502128779888,0.30216094851493835,0.4446210265159607,-0.023614244535565376
23,0.5885681509971619,0.8582710027694702,-1.8277837909863592e-07,0.5566235184669495,0.8395081758499146,-0.014104475267231464,0.5379848480224609,0.786886990070343,-0.02067510597407818,0.5540403127670288,0.7598040103912354,-0.02604973502457142,0.5796822309494019,0.7725932002067566,-0.028311481699347496,0.5517607927322388,0.7131640315055847,-0.006242392584681511,0.5469380617141724,0.6649110317230225,-0.022620277479290962,0.5446658730506897,0.7045097947120667,-0.030514730140566826,0.5475274324417114,0.7347316145896912,-0.03330765292048454,0.5722701549530029,0.7111738920211792,-0.005399024114012718,0.5684567093849182,0.6601096987724304,-0.021340100094676018,0.5633466839790344,0.7148203253746033,-0.02110643871128559,0.5666218400001526,0.7416222095489502,-0.015941351652145386,0.590069055557251,0.7209314107894897,-0.008012726902961731,0.5900442600250244,0.673403263092041,-0.02360643818974495,0.5818341970443726,0.7215421795845032,-0.01630375161767006,0.5835269093513489,0.750461757183075,-0.006526792887598276,0.6097315549850464,0.7422506809234619,-0.012207290157675743,0.6061745285987854,0.7045773863792419,-0.024737169966101646,0.5972151756286621,0.737212598323822,-0.02079370617866516,0.5968106389045715,0.763954222202301,-0.014028853736817837,0.2817283272743225,0.5632604360580444,-9.864413641480496e-08,0.2588745057582855,0.5452121496200562,-0.01678662747144699,0.247142493724823,0.5000690817832947,-0.024818837642669678,0.2552051544189453,0.46318158507347107,-0.031420204788446426,0.27332958579063416,0.4506092071533203,-0.0355808287858963,0.25305795669555664,0.43616968393325806,-0.011956787668168545,0.2519560158252716,0.3788478672504425,-0.02647561952471733,0.2530423700809479,0.3910147249698639,-0.03507298231124878,0.25322452187538147,0.42167627811431885,-0.038646843284368515,0.27162855863571167,0.43226754665374756,-0.009032731875777245,0.27167361974716187,0.36974257230758667,-0.022845827043056488,0.26969313621520996,0.3951473832130432,-0.02770690619945526,0.268746018409729,0.42829629778862,-0.027822228148579597,0.2885989546775818,0.4369601607322693,-0.0087813138961792,0.29136979579925537,0.38248640298843384,-0.021978357806801796,0.2875898480415344,0.40369510650634766,-0.022848403081297874,0.2854490578174591,0.4351561367511749,-0.020100081339478493,0.30677714943885803,0.4505002796649933,-0.01016166340559721,0.3060106635093689,0.41072705388069153,-0.022605568170547485,0.3029533624649048,0.42190369963645935,-0.025576863437891006,0.30035075545310974,0.44439569115638733,-0.02479463815689087
24,0.5884841084480286,0.8564096689224243,-1.8434391790833615e-07,0.557138979434967,0.8401486873626709,-0.013889201916754246,0.5379286408424377,0.7880192399024963,-0.02047744020819664,0.5520761609077454,0.7612254619598389,-0.025721749290823936,0.577125608921051,0.7711796164512634,-0.027884365990757942,0.551691472530365,0.7139248251914978,-0.007398432120680809,0.5473487973213196,0.6656383275985718,-0.02409188635647297,0.5449462532997131,0.7036214470863342,-0.03224394842982292,0.5470288395881653,0.7339380383491516,-0.03521330654621124,0.5719789862632751,0.7123665809631348,-0.006667383015155792,0.568303108215332,0.6609153747558594,-0.02294214256107807,0.5637387633323669,0.7144152522087097,-0.023107821121811867,0.566899299621582,0.7417125105857849,-0.018309932202100754,0.5896692276000977,0.7215865850448608,-0.009268367663025856,0.5897780656814575,0.6728813052177429,-0.025177819654345512,0.582090437412262,0.7203688025474548,-0.018128780648112297,0.583941638469696,0.7490934133529663,-0.008647804148495197,0.6096302270889282,0.7416681051254272,-0.013346148654818535,0.6057999134063721,0.7046835422515869,-0.02659810334444046,0.5972303748130798,0.7372481822967529,-0.023053329437971115,0.5968974232673645,0.7635371088981628,-0.01656303182244301,0.28088638186454773,0.5640789866447449,-9.82299610541304e-08,0.25753724575042725,0.5440912842750549,-0.015847185626626015,0.2467184215784073,0.4959796071052551,-0.023161932826042175,0.25734686851501465,0.45905807614326477,-0.029292147606611252,0.27621734142303467,0.4497778117656708,-0.03299881890416145,0.25215572118759155,0.4344678223133087,-0.010391720570623875,0.2509865164756775,0.3760032653808594,-0.02449631877243519,0.2520805299282074,0.38595151901245117,-0.032834045588970184,0.2519768476486206,0.41526147723197937,-0.036257922649383545,0.27101925015449524,0.43063947558403015,-0.007789718918502331,0.271017849445343,0.36780035495758057,-0.02123182825744152,0.2690483331680298,0.39156246185302734,-0.025532973930239677,0.26777029037475586,0.4247487187385559,-0.02510916069149971,0.2882450819015503,0.4360141158103943,-0.007847407832741737,0.2911646068096161,0.3806614577770233,-0.020494282245635986,0.2875019609928131,0.40127065777778625,-0.02070629596710205,0.28531980514526367,0.4321555197238922,-0.01745450682938099,0.30632030963897705,0.4502131938934326,-0.009551134891808033,0.305419921875,0.41112256050109863,-0.021638480946421623,0.3031492233276367,0.42123493552207947,-0.02433140203356743,0.3017010986804962,0.44201070070266724,-0.023242289200425148
25,0.5884841084480286,0.8564096689224243,-1.8434391790833615e-07,0.557138979434967,0.8401486873626709,-0.013889201916754246,0.5379286408424377,0.7880192399024963,-0.02047744020819664,0.5520761609077454,0.7612254619598389,-0.025721749290823936,0.577125608921051,0.7711796164512634,-0.027884365990757942,0.551691472530365,0.7139248251914978,-0.007398432120680809,0.5473487973213196,0.6656383275985718,-0.02409188635647297,0.5449462532997131,0.7036214470863342,-0.03224394842982292,0.5470288395881653,0.7339380383491516,-0.03521330654621124,0.5719789862632751,0.7123665809631348,-0.006667383015155792,0.568303108215332,0.6609153747558594,-0.02294214256107807,0.5637387633323669,0.7144152522087097,-0.023107821121811867,0.566899299621582,0.7417125105857849,-0.018309932202100754,0.5896692276000977,0.7215865850448608,-0.009268367663025856,0.5897780656814575,0.6728813052177429,-0.025177819654345512,0.582090437412262,0.7203688025474548,-0.018128780648112297,0.583941638469696,0.7490934133529663,-0.008647804148495197,0.6096302270889282,0.7416681051254272,-0.013346148654818535,0.6057999134063721,0.7046835422515869,-0.02659810334444046,0.5972303748130798,0.7372481822967529,-0.023053329437971115,0.5968974232673645,0.7635371088981628,-0.01656303182244301,0.28088638186454773,0.5640789866447449,-9.82299610541304e-08,0.25753724575042725,0.5440912842750549,-0.015847185626626015,0.2467184215784073,0.4959796071052551,-0.023161932826042175,0.25734686851501465,0.45905807614326477,-0.029292147606611252,0.27621734142303467,0.4497778117656708,-0.03299881890416145,0.25215572118759155,0.4344678223133087,-0.010391720570623875,0.2509865164756775,0.3760032653808594,-0.02449631877243519,0.2520805299282074,0.38595151901245117,-0.032834045588970184,0.2519768476486206,0.41526147723197937,-0.036257922649383545,0.27101925015449524,0.43063947558403015,-0.007789718918502331,0.271017849445343,0.36780035495758057,-0.02123182825744152,0.2690483331680298,0.39156246185302734,-0.025532973930239677,0.26777029037475586,0.4247487187385559,-0.02510916069149971,0.2882450819015503,0.4360141158103943,-0.007847407832741737,0.2911646068096161,0.3806614577770233,-0.020494282245635986,0.2875019609928131,0.40127065777778625,-0.02070629596710205,0.28531980514526367,0.4321555197238922,-0.01745450682938099,0.30632030963897705,0.4502131938934326,-0.009551134891808033,0.305419921875,0.41112256050109863,-0.021638480946421623,0.3031492233276367,0.42123493552207947,-0.02433140203356743,0.3017010986804962,0.44201070070266724,-0.023242289200425148
26,0.5884028077125549,0.8562623858451843,-1.6377971689962578e-07,0.5561755299568176,0.8400608897209167,-0.015168266370892525,0.5372841954231262,0.7855653762817383,-0.02226807177066803,0.5536520481109619,0.7593268156051636,-0.0279736015945673,0.5801631808280945,0.771245002746582,-0.030833730474114418,0.5511471629142761,0.7134873270988464,-0.007854546420276165,0.5462884306907654,0.6654831767082214,-0.024611275643110275,0.5443626642227173,0.7050321102142334,-0.03293736279010773,0.5472775101661682,0.7351903915405273,-0.03602686896920204,0.5720552206039429,0.7114655375480652,-0.006792458239942789,0.5684433579444885,0.6608343720436096,-0.023455696180462837,0.5635635852813721,0.7143371105194092,-0.02442457340657711,0.5667276382446289,0.7425091862678528,-0.01998434215784073,0.5901587605476379,0.7208154201507568,-0.009165545925498009,0.5901645421981812,0.6736106872558594,-0.02542145922780037,0.5820391178131104,0.7220854759216309,-0.01937969960272312,0.583503007888794,0.7511168718338013,-0.01027827337384224,0.6097401976585388,0.7406982779502869,-0.01309259980916977,0.6056712865829468,0.7040032744407654,-0.026247160509228706,0.5971077680587769,0.7371571063995361,-0.022894421592354774,0.5969465970993042,0.763788104057312,-0.016456363722682,0.2796330153942108,0.5566473007202148,-8.672062534742508e-08,0.25677934288978577,0.5382799506187439,-0.0158389862626791,0.24556903541088104,0.48990410566329956,-0.023181788623332977,0.2559071481227875,0.4532575309276581,-0.029202621430158615,0.275071382522583,0.44705915451049805,-0.03291163966059685,0.25067129731178284,0.4328315258026123,-0.011912547051906586,0.24903053045272827,0.3746761381626129,-0.026671109721064568,0.251675546169281,0.38472944498062134,-0.03534644842147827,0.25262850522994995,0.41379350423812866,-0.038994960486888885,0.26963937282562256,0.4276575446128845,-0.009446090087294579,0.2690451741218567,0.3647225797176361,-0.023496301844716072,0.2684036195278168,0.3872147500514984,-0.027740901336073875,0.2674926221370697,0.4200581908226013,-0.027249716222286224,0.2870110869407654,0.4320787191390991,-0.009588987566530704,0.2889470160007477,0.3771919012069702,-0.022941261529922485,0.28603002429008484,0.3987274467945099,-0.022608699277043343,0.2838990092277527,0.42968636751174927,-0.018794937059283257,0.3051982522010803,0.44520992040634155,-0.011351151391863823,0.3040693700313568,0.40530678629875183,-0.024366753175854683,0.30141332745552063,0.4181612432003021,-0.0267567690461874,0.29921072721481323,0.4412803053855896,-0.02519943192601204
27,0.2784340977668762,0.5568755269050598,-1.2483626221637678e-07,0.25597086548805237,0.5379242897033691,-0.01513186190277338,0.24478644132614136,0.48825713992118835,-0.02204957604408264,0.2551843225955963,0.4491201937198639,-0.027909688651561737,0.27416321635246277,0.44172507524490356,-0.03144415467977524,0.25093910098075867,0.42977282404899597,-0.010777910239994526,0.24991653859615326,0.37124958634376526,-0.02490491233766079,0.25130024552345276,0.3859395980834961,-0.032909151166677475,0.2516755163669586,0.4179233908653259,-0.03604431077837944,0.26965925097465515,0.42501240968704224,-0.008323317393660545,0.2690313756465912,0.3613041639328003,-0.021450119093060493,0.2665233314037323,0.3861764371395111,-0.02505776286125183,0.26559919118881226,0.41995543241500854,-0.024164685979485512,0.2872104048728943,0.4297349750995636,-0.008442445658147335,0.2889125943183899,0.3735246956348419,-0.020991621538996696,0.2845149040222168,0.39529499411582947,-0.0205865278840065,0.2826239764690399,0.4271543323993683,-0.016778208315372467,0.30547183752059937,0.4426579177379608,-0.010141103528439999,0.30367201566696167,0.4010108411312103,-0.022254958748817444,0.30004459619522095,0.4122163653373718,-0.024577761068940163,0.29806652665138245,0.4361148476600647,-0.023074107244610786,0.589780330657959,0.8582339286804199,-1.5854443802254536e-07,0.558544933795929,0.8410587310791016,-0.013744673691689968,0.5380052328109741,0.7896344065666199,-0.020978545770049095,0.5506306886672974,0.7609046101570129,-0.027000775560736656,0.5754915475845337,0.7679394483566284,-0.03008037433028221,0.5515770316123962,0.7169444561004639,-0.007979040034115314,0.5468249917030334,0.6699967384338379,-0.02491472288966179,0.5460997223854065,0.7054681777954102,-0.03281820937991142,0.549498975276947,0.734539270401001,-0.03535153716802597,0.5717045068740845,0.7150310277938843,-0.007333857007324696,0.5685955286026001,0.6650928258895874,-0.02363656274974346,0.5649985074996948,0.7181535959243774,-0.02339227683842182,0.5685387253761292,0.7449349164962769,-0.018058964982628822,0.5901088118553162,0.723093569278717,-0.00997769646346569,0.5906685590744019,0.6752534508705139,-0.02574404701590538,0.5837149620056152,0.7227189540863037,-0.018356315791606903,0.5854819416999817,0.751478910446167,-0.008343154564499855,0.6099612712860107,0.7412921190261841,-0.014071143232285976,0.6062737107276917,0.7037558555603027,-0.026584357023239136,0.5982226729393005,0.7353572249412537,-0.0224075298756361,0.5980281233787537,0.7616119384765625,-0.015300370752811432
28,0.27867648005485535,0.5534380078315735,-1.1754532636132353e-07,0.25527423620224,0.5335147976875305,-0.014347616583108902,0.24454595148563385,0.48362576961517334,-0.021111683920025826,0.2564239799976349,0.44610100984573364,-0.02703460119664669,0.2758978605270386,0.43965280055999756,-0.030714498832821846,0.2511153519153595,0.4275062680244446,-0.009702995419502258,0.2495241016149521,0.3700490891933441,-0.023226695135235786,0.25136861205101013,0.38761815428733826,-0.03125991299748421,0.25212058424949646,0.41926711797714233,-0.0346035398542881,0.26971471309661865,0.423366904258728,-0.007638385985046625,0.26950469613075256,0.35993215441703796,-0.019910715520381927,0.26805371046066284,0.38568314909935,-0.024050168693065643,0.2674540579319,0.4184761941432953,-0.023943020030856133,0.28691935539245605,0.42819809913635254,-0.007991161197423935,0.28916987776756287,0.3718060553073883,-0.019508305937051773,0.28500014543533325,0.39486876130104065,-0.019617458805441856,0.2825564742088318,0.4255508482456207,-0.016626521944999695,0.30464744567871094,0.4412730038166046,-0.009870175272226334,0.303912878036499,0.4002346694469452,-0.020556362345814705,0.3007488548755646,0.41239434480667114,-0.02249678410589695,0.29864197969436646,0.4351019263267517,-0.021228235214948654,0.5882001519203186,0.8563296794891357,-1.7331056767488917e-07,0.5570334792137146,0.8392459750175476,-0.01417037844657898,0.5377678871154785,0.7872008085250854,-0.021114341914653778,0.5521751642227173,0.7618567943572998,-0.02679452858865261,0.5777366161346436,0.7725736498832703,-0.029654916375875473,0.5519800782203674,0.7149284482002258,-0.00822253618389368,0.5478397607803345,0.666645884513855,-0.024815361946821213,0.5453177094459534,0.7045899629592896,-0.032650064677000046,0.5476633906364441,0.7342424988746643,-0.03539084643125534,0.5722145438194275,0.7136021256446838,-0.007519916631281376,0.5689319968223572,0.6620147228240967,-0.024346735328435898,0.5639736652374268,0.7150903344154358,-0.024936752393841743,0.5670666098594666,0.7432893514633179,-0.020204851403832436,0.5903147459030151,0.7226372957229614,-0.010104221291840076,0.5907456278800964,0.6737523078918457,-0.02650526911020279,0.5827444195747375,0.7217088937759399,-0.02027416229248047,0.5842209458351135,0.7513799667358398,-0.011002205312252045,0.6100834012031555,0.7417266368865967,-0.014116320759057999,0.6069965362548828,0.7033577561378479,-0.027476148679852486,0.5981951355934143,0.735542893409729,-0.024283628910779953,0.5975055694580078,0.7627169489860535,-0.017916442826390266
29,0.27867648005485535,0.5534380078315735,-1.1754532636132353e-07,0.25527423620224,0.5335147976875305,-0.014347616583108902,0.24454595148563385,0.48362576961517334,-0.021111683920025826,0.2564239799976349,0.44610100984573364,-0.02703460119664669,0.2758978605270386,0.43965280055999756,-0.030714498832821846,0.2511153519153595,0.4275062680244446,-0.009702995419502258,0.2495241016149521,0.3700490891933441,-0.023226695135235786,0.25136861205101013,0.38761815428733826,-0.03125991299748421,0.25212058424949646,0.41926711797714233,-0.0346035398542881,0.26971471309661865,0.423366904258728,-0.007638385985046625,0.26950469613075256,0.35993215441703796,-0.019910715520381927,0.26805371046066284,0.38568314909935,-0.024050168693065643,0.2674540579319,0.4184761941432953,-0.023943020030856133,0.28691935539245605,0.42819809913635254,-0.007991161197423935,0.28916987776756287,0.3718060553073883,-0.019508305937051773,0.28500014543533325,0.39486876130104065,-0.019617458805441856,0.2825564742088318,0.4255508482456207,-0.016626521944999695,0.30464744567871094,0.4412730038166046,-0.009870175272226334,0.303912878036499,0.4002346694469452,-0.020556362345814705,0.3007488548755646,0.41239434480667114,-0.02249678410589695,0.29864197969436646,0.4351019263267517,-0.021228235214948654,0.5882001519203186,0.8563296794891357,-1.7331056767488917e-07,0.5570334792137146,0.8392459750175476,-0.01417037844657898,0.5377678871154785,0.7872008085250854,-0.021114341914653778,0.5521751642227173,0.7618567943572998,-0.02679452858865261,0.5777366161346436,0.7725736498832703,-0.029654916375875473,0.5519800782203674,0.7149284482002258,-0.00822253618389368,0.5478397607803345,0.666645884513855,-0.024815361946821213,0.5453177094459534,0.7045899629592896,-0.032650064677000046,0.5476633906364441,0.7342424988746643,-0.03539084643125534,0.5722145438194275,0.7136021256446838,-0.007519916631281376,0.5689319968223572,0.6620147228240967,-0.024346735328435898,0.5639736652374268,0.7150903344154358,-0.024936752393841743,0.5670666098594666,0.7432893514633179,-0.020204851403832436,0.5903147459030151,0.7226372957229614,-0.010104221291840076,0.5907456278800964,0.6737523078918457,-0.02650526911020279,0.5827444195747375,0.7217088937759399,-0.02027416229248047,0.5842209458351135,0.7513799667358398,-0.011002205312252045,0.6100834012031555,0.7417266368865967,-0.014116320759057999,0.6069965362548828,0.7033577561378479,-0.027476148679852486,0.5981951355934143,0.735542893409729,-0.024283628910779953,0.5975055694580078,0.7627169489860535,-0.017916442826390266
30,0.5902873277664185,0.8592353463172913,-2.0077676765595243e-07,0.5584485530853271,0.840291440486908,-0.013057712465524673,0.5387656092643738,0.7890027165412903,-0.01938825659453869,0.5526211857795715,0.7602326273918152,-0.02467140555381775,0.5781172513961792,0.770778477191925,-0.026718614622950554,0.5525815486907959,0.7146654725074768,-0.006207669153809547,0.5482380986213684,0.664710283279419,-0.022786922752857208,0.545818030834198,0.7048295736312866,-0.03130380064249039,0.5482677221298218,0.7369555234909058,-0.0345379002392292,0.5728380084037781,0.7134986519813538,-0.005618258845061064,0.5696725249290466,0.6612938642501831,-0.021747887134552002,0.5649712085723877,0.717039942741394,-0.02190527133643627,0.5678118467330933,0.7458585500717163,-0.01719830557703972,0.5903961658477783,0.7224066257476807,-0.008307688869535923,0.5907542705535889,0.6729970574378967,-0.023386668413877487,0.5829647183418274,0.7210986018180847,-0.01564674638211727,0.5843604207038879,0.7515012621879578,-0.005833592731505632,0.6100892424583435,0.7422940135002136,-0.012536859139800072,0.6075071692466736,0.702828049659729,-0.024198010563850403,0.5983424782752991,0.7353949546813965,-0.019648829475045204,0.5969468951225281,0.7631235122680664,-0.012680988758802414,0.27952465415000916,0.5514150857925415,-1.1318226711409807e-07,0.25563687086105347,0.5344663858413696,-0.014053553342819214,0.24437947571277618,0.4834342300891876,-0.020258871838450432,0.2562534809112549,0.44554924964904785,-0.025448109954595566,0.2774055004119873,0.44094985723495483,-0.028268607333302498,0.2501130998134613,0.42562663555145264,-0.008062049746513367,0.2503005564212799,0.3694453835487366,-0.020910488441586494,0.24994465708732605,0.38558465242385864,-0.028520358726382256,0.2495940774679184,0.417106568813324,-0.03165273740887642,0.2685551643371582,0.4216042459011078,-0.005795481149107218,0.26968884468078613,0.36175012588500977,-0.017516201362013817,0.2665403187274933,0.3883395195007324,-0.020941132679581642,0.2657644748687744,0.4200776517391205,-0.02029089257121086,0.28515875339508057,0.4269493520259857,-0.006099693477153778,0.28930196166038513,0.3735601305961609,-0.017341991886496544,0.2848491370677948,0.3954429626464844,-0.017212487757205963,0.28305283188819885,0.4250805675983429,-0.014131135307252407,0.3028729259967804,0.44038936495780945,-0.00784240011125803,0.3039822578430176,0.4009726047515869,-0.018466072157025337,0.3008898198604584,0.4123375713825226,-0.020421985536813736,0.2990439832210541,0.43314799666404724,-0.01929132640361786
31,0.27832743525505066,0.5512527227401733,-1.0540885142518164e-07,0.2546871304512024,0.5335373282432556,-0.01536073349416256,0.24286478757858276,0.48676156997680664,-0.022618072107434273,0.25371208786964417,0.44977280497550964,-0.02870156802237034,0.2739124596118927,0.44339340925216675,-0.03237541392445564,0.24913430213928223,0.42707934975624084,-0.010650300420820713,0.2482902556657791,0.3714927136898041,-0.024715621024370193,0.24975793063640594,0.3850180506706238,-0.03310598060488701,0.24968399107456207,0.4155212938785553,-0.03658159449696541,0.2677323818206787,0.4229135811328888,-0.008234762586653233,0.267628014087677,0.361337810754776,-0.020912129431962967,0.2662382423877716,0.385259747505188,-0.024789853021502495,0.265251487493515,0.4173363447189331,-0.024361198768019676,0.28475889563560486,0.4280058443546295,-0.008444586768746376,0.2880643904209137,0.3735465407371521,-0.020612196996808052,0.28436198830604553,0.3942468464374542,-0.020526699721813202,0.2819492518901825,0.4240672290325165,-0.017210911959409714,0.3028092384338379,0.4418063759803772,-0.01024850644171238,0.30298760533332825,0.4018283486366272,-0.021847641095519066,0.30017566680908203,0.41211581230163574,-0.02409222535789013,0.29761573672294617,0.43310123682022095,-0.02281106263399124,0.5906697511672974,0.8586146235466003,-2.1296882835031283e-07,0.5584872961044312,0.8406466245651245,-0.012348821386694908,0.5380651950836182,0.787589967250824,-0.017963744699954987,0.5519455671310425,0.7591243386268616,-0.0228229071944952,0.5769768357276917,0.7718373537063599,-0.024654118344187737,0.5518344640731812,0.7155357599258423,-0.005029601976275444,0.5484862327575684,0.6635624170303345,-0.020517295226454735,0.5456110239028931,0.7060418725013733,-0.028092095628380775,0.5480141639709473,0.7383849620819092,-0.0308044645935297,0.5723135471343994,0.7138000130653381,-0.0047942572273314,0.5702901482582092,0.6612064838409424,-0.019933944568037987,0.5650721788406372,0.7180159091949463,-0.019730431959033012,0.5677626729011536,0.7472618818283081,-0.014802741818130016,0.5903544425964355,0.7228124737739563,-0.007779557257890701,0.5911437273025513,0.6739875078201294,-0.02228853479027748,0.583057701587677,0.7239846587181091,-0.015061545185744762,0.5843774676322937,0.7544443011283875,-0.00565679557621479,0.6105034947395325,0.7429878115653992,-0.012209606356918812,0.6079369187355042,0.7032625675201416,-0.023698264732956886,0.5986881852149963,0.7364795207977295,-0.01955585554242134,0.5974531769752502,0.7638550400733948,-0.012951034121215343
32,0.27832743525505066,0.5512527227401733,-1.0540885142518164e-07,0.2546871304512024,0.5335373282432556,-0.01536073349416256,0.24286478757858276,0.48676156997680664,-0.022618072107434273,0.25371208786964417,0.44977280497550964,-0.02870156802237034,0.2739124596118927,0.44339340925216675,-0.03237541392445564,0.24913430213928223,0.42707934975624084,-0.010650300420820713,0.2482902556657791,0.3714927136898041,-0.024715621024370193,0.24975793063640594,0.3850180506706238,-0.03310598060488701,0.24968399107456207,0.4155212938785553,-0.03658159449696541,0.2677323818206787,0.4229135811328888,-0.008234762586653233,0.267628014087677,0.361337810754776,-0.020912129431962967,0.2662382423877716,0.385259747505188,-0.024789853021502495,0.265251487493515,0.4173363447189331,-0.024361198768019676,0.28475889563560486,0.4280058443546295,-0.008444586768746376,0.2880643904209137,0.3735465407371521,-0.020612196996808052,0.28436198830604553,0.3942468464374542,-0.020526699721813202,0.2819492518901825,0.4240672290325165,-0.017210911959409714,0.3028092384338379,0.4418063759803772,-0.01024850644171238,0.30298760533332825,0.4018283486366272,-0.021847641095519066,0.30017566680908203,0.41211581230163574,-0.02409222535789013,0.29761573672294617,0.43310123682022095,-0.02281106263399124,0.5906697511672974,0.8586146235466003,-2.1296882835031283e-07,0.5584872961044312,0.8406466245651245,-0.012348821386694908,0.5380651950836182,0.787589967250824,-0.017963744699954987,0.5519455671310425,0.7591243386268616,-0.0228229071944952,0.5769768357276917,0.7718373537063599,-0.024654118344187737,0.5518344640731812,0.7155357599258423,-0.005029601976275444,0.5484862327575684,0.6635624170303345,-0.020517295226454735,0.5456110239028931,0.7060418725013733,-0.028092095628380775,0.5480141639709473,0.7383849620819092,-0.0308044645935297,0.5723135471343994,0.7138000130653381,-0.0047942572273314,0.5702901482582092,0.6612064838409424,-0.019933944568037987,0.5650721788406372,0.7180159091949463,-0.019730431959033012,0.5677626729011536,0.7472618818283081,-0.014802741818130016,0.5903544425964355,0.7228124737739563,-0.007779557257890701,0.5911437273025513,0.6739875078201294,-0.02228853479027748,0.583057701587677,0.7239846587181091,-0.015061545185744762,0.5843774676322937,0.7544443011283875,-0.00565679557621479,0.6105034947395325,0.7429878115653992,-0.012209606356918812,0.6079369187355042,0.7032625675201416,-0.023698264732956886,0.5986881852149963,0.7364795207977295,-0.01955585554242134,0.5974531769752502,0.7638550400733948,-0.012951034121215343
33,0.5907964110374451,0.8627036213874817,-2.2517050979331543e-07,0.5586326718330383,0.8409807085990906,-0.01101986039429903,0.5377216935157776,0.7910469770431519,-0.016969025135040283,0.5500786304473877,0.7604626417160034,-0.02254597283899784,0.5743087530136108,0.7702888250350952,-0.024999625980854034,0.5518914461135864,0.7153477072715759,-0.0037390030920505524,0.5483750700950623,0.663607656955719,-0.020326437428593636,0.5461199879646301,0.7077151536941528,-0.02929365076124668,0.549034833908081,0.7400650978088379,-0.03300314024090767,0.5729550123214722,0.7140578627586365,-0.0042225210927426815,0.5709016919136047,0.6604700088500977,-0.01982470229268074,0.5658812522888184,0.7202202081680298,-0.020049767568707466,0.5684688687324524,0.7479994893074036,-0.015628665685653687,0.5910419821739197,0.7236765027046204,-0.007809630129486322,0.5918045043945312,0.6744569540023804,-0.022608520463109016,0.5836094617843628,0.7254689931869507,-0.014392645098268986,0.5849493145942688,0.7560873031616211,-0.004274845123291016,0.6108983159065247,0.745940625667572,-0.012759599834680557,0.6083617210388184,0.7045969367027283,-0.023286527022719383,0.598778486251831,0.7375024557113647,-0.01769152469933033,0.5972766280174255,0.7648299932479858,-0.010191332548856735,0.2758352756500244,0.5491628646850586,-1.0810719430764948e-07,0.25238344073295593,0.5312486886978149,-0.014341644942760468,0.2414746880531311,0.4802609384059906,-0.020379386842250824,0.2541123628616333,0.44390931725502014,-0.02535117417573929,0.2741584777832031,0.44323843717575073,-0.028160687536001205,0.24758578836917877,0.4256387948989868,-0.009373519569635391,0.24643702805042267,0.3685646951198578,-0.0226997509598732,0.24802473187446594,0.3815138339996338,-0.030766192823648453,0.24867279827594757,0.41075509786605835,-0.0342404842376709,0.26640546321868896,0.4207623600959778,-0.007165431044995785,0.2667771875858307,0.35995692014694214,-0.01927036978304386,0.2646907567977905,0.3833894729614258,-0.0224751029163599,0.26387667655944824,0.41532379388809204,-0.02153540775179863,0.2834673523902893,0.4256809651851654,-0.00753170857205987,0.2867760956287384,0.3729187846183777,-0.019191306084394455,0.28224635124206543,0.3935357332229614,-0.018855389207601547,0.27999481558799744,0.4228249192237854,-0.015347722917795181,0.3011314272880554,0.4391533434391022,-0.009445460513234138,0.3011833131313324,0.3996772766113281,-0.020620301365852356,0.2975218594074249,0.4111042022705078,-0.022574901580810547,0.29542940855026245,0.43296974897384644,-0.02113638073205948
34,0.5908898115158081,0.8616210222244263,-2.1895286295148253e-07,0.5595545172691345,0.8426188230514526,-0.012675571255385876,0.5379025340080261,0.7924560904502869,-0.019565660506486893,0.5498907566070557,0.7632977962493896,-0.025933856144547462,0.5744724273681641,0.7718987464904785,-0.029394950717687607,0.5522070527076721,0.7148018479347229,-0.005127239506691694,0.5481723546981812,0.6636149287223816,-0.0222923643887043,0.5457520484924316,0.7087315320968628,-0.03170822560787201,0.5486921072006226,0.7411560416221619,-0.035630613565444946,0.573695719242096,0.7135215997695923,-0.005428141448646784,0.5711548924446106,0.6598407626152039,-0.02167363651096821,0.5657663941383362,0.7200374007225037,-0.022731201723217964,0.5684728622436523,0.7489258050918579,-0.018680257722735405,0.5924060344696045,0.7235195636749268,-0.008998206816613674,0.5927186012268066,0.6749151945114136,-0.024575859308242798,0.5841149687767029,0.7276304364204407,-0.017591405659914017,0.5853584408760071,0.7583022117614746,-0.008096503093838692,0.6124144196510315,0.7451169490814209,-0.014008430764079094,0.6084332466125488,0.705656111240387,-0.025390351191163063,0.5990083813667297,0.7391412854194641,-0.020749574527144432,0.5981396436691284,0.7652712464332581,-0.01379585824906826,0.27524301409721375,0.5486520528793335,-1.2823264228245534e-07,0.2523620128631592,0.5293043255805969,-0.0127370934933424,0.24092844128608704,0.48134949803352356,-0.018844978883862495,0.25142383575439453,0.44221511483192444,-0.0244000144302845,0.2698312997817993,0.4323519766330719,-0.027806971222162247,0.24688658118247986,0.42449861764907837,-0.008351115509867668,0.24484431743621826,0.36770614981651306,-0.02103280834853649,0.24662397801876068,0.384260892868042,-0.029072748497128487,0.24772429466247559,0.4146779477596283,-0.0327683724462986,0.26550015807151794,0.4201327860355377,-0.006892148405313492,0.26562339067459106,0.3563564121723175,-0.018543530255556107,0.2644612193107605,0.37995070219039917,-0.02302521839737892,0.2637562155723572,0.412358820438385,-0.023571405559778214,0.28274157643318176,0.4250267744064331,-0.007595615927129984,0.28535228967666626,0.3680359721183777,-0.01823815330862999,0.28167930245399475,0.3868029713630676,-0.018797220662236214,0.27945592999458313,0.41647934913635254,-0.01658438891172409,0.3006778359413147,0.4385450482368469,-0.00969881284981966,0.2998754680156708,0.39922118186950684,-0.019411500543355942,0.29738327860832214,0.40776586532592773,-0.02159814164042473,0.29558855295181274,0.4289196729660034,-0.020943956449627876
35,0.5901504158973694,0.8617897033691406,-2.1854698672996165e-07,0.5589196085929871,0.8428212404251099,-0.013299346901476383,0.5384557247161865,0.7905566096305847,-0.020649371668696404,0.5524652600288391,0.7657442688941956,-0.027537290006875992,0.5774668455123901,0.7778385877609253,-0.03176788613200188,0.5544012784957886,0.712405264377594,-0.00510400952771306,0.5494532585144043,0.664764404296875,-0.022375667467713356,0.5461739301681519,0.7091280221939087,-0.03221433609724045,0.5485421419143677,0.7400365471839905,-0.03673182800412178,0.5753128528594971,0.7114510536193848,-0.005591128021478653,0.5712642669677734,0.6605618596076965,-0.022445732727646828,0.5652854442596436,0.7175456285476685,-0.02453703247010708,0.5681488513946533,0.7457084655761719,-0.021241435781121254,0.5937079787254333,0.7216237783432007,-0.009457911364734173,0.5922539830207825,0.6742847561836243,-0.025167372077703476,0.5837206244468689,0.7255517244338989,-0.01909976825118065,0.5853360295295715,0.7540819644927979,-0.010379409417510033,0.6132557988166809,0.7428390383720398,-0.014872649684548378,0.6072474122047424,0.7061553597450256,-0.026455868035554886,0.5980972051620483,0.7403861284255981,-0.022615084424614906,0.5981785655021667,0.765017569065094,-0.016353484243154526,0.27533167600631714,0.550142765045166,-1.532597480036202e-07,0.2516244053840637,0.531458854675293,-0.01206046063452959,0.2395542562007904,0.4824241101741791,-0.018162069842219353,0.25064846873283386,0.4440319538116455,-0.02406994067132473,0.2696175277233124,0.43585747480392456,-0.027720078825950623,0.24588991701602936,0.4228695034980774,-0.007561108097434044,0.24510374665260315,0.3671339750289917,-0.020779483020305634,0.24418918788433075,0.38781800866127014,-0.028670476749539375,0.24436430633068085,0.4194982051849365,-0.03205332159996033,0.2640552520751953,0.41933953762054443,-0.006962620187550783,0.2656930685043335,0.35434630513191223,-0.019580375403165817,0.262104332447052,0.3822527825832367,-0.023564113304018974,0.2609502375125885,0.4160255789756775,-0.023180700838565826,0.28133657574653625,0.42525196075439453,-0.008633685298264027,0.2851785123348236,0.36935681104660034,-0.020110754296183586,0.2798428535461426,0.39152011275291443,-0.020273860543966293,0.27732935547828674,0.4214492738246918,-0.017319398000836372,0.29954448342323303,0.43919703364372253,-0.011656975373625755,0.3009369671344757,0.4007004499435425,-0.02095651626586914,0.2973327338695526,0.41033580899238586,-0.022390494123101234,0.29462677240371704,0.43132686614990234,-0.021184077486395836
36,0.5901504158973694,0.8617897033691406,-2.1854698672996165e-07,0.5589196085929871,0.8428212404251099,-0.013299346901476383,0.5384557247161865,0.7905566096305847,-0.020649371668696404,0.5524652600288391,0.7657442688941956,-0.027537290006875992,0.5774668455123901,0.7778385877609253,-0.03176788613200188,0.5544012784957886,0.712405264377594,-0.00510400952771306,0.5494532585144043,0.664764404296875,-0.022375667467713356,0.5461739301681519,0.7091280221939087,-0.03221433609724045,0.5485421419143677,0.7400365471839905,-0.03673182800412178,0.5753128528594971,0.7114510536193848,-0.005591128021478653,0.5712642669677734,0.6605618596076965,-0.022445732727646828,0.5652854442596436,0.7175456285476685,-0.02453703247010708,0.5681488513946533,0.7457084655761719,-0.021241435781121254,0.5937079787254333,0.7216237783432007,-0.009457911364734173,0.5922539830207825,0.6742847561836243,-0.025167372077703476,0.5837206244468689,0.7255517244338989,-0.01909976825118065,0.5853360295295715,0.7540819644927979,-0.010379409417510033,0.6132557988166809,0.7428390383720398,-0.014872649684548378,0.6072474122047424,0.7061553597450256,-0.026455868035554886,0.5980972051620483,0.7403861284255981,-0.022615084424614906,0.5981785655021667,0.765017569065094,-0.016353484243154526,0.27533167600631714,0.550142765045166,-1.532597480036202e-07,0.2516244053840637,0.531458854675293,-0.01206046063452959,0.2395542562007904,0.4824241101741791,-0.018162069842219353,0.25064846873283386,0.4440319538116455,-0.02406994067132473,0.2696175277233124,0.43585747480392456,-0.027720078825950623,0.24588991701602936,0.4228695034980774,-0.007561108097434044,0.24510374665260315,0.3671339750289917,-0.020779483020305634,0.24418918788433075,0.38781800866127014,-0.028670476749539375,0.24436430633068085,0.4194982051849365,-0.03205332159996033,0.2640552520751953,0.41933953762054443,-0.006962620187550783,0.2656930685043335,0.35434630513191223,-0.019580375403165817,0.262104332447052,0.3822527825832367,-0.023564113304018974,0.2609502375125885,0.4160255789756775,-0.023180700838565826,0.28133657574653625,0.42525196075439453,-0.008633685298264027,0.2851785123348236,0.36935681104660034,-0.020110754296183586,0.2798428535461426,0.39152011275291443,-0.020273860543966293,0.27732935547828674,0.4214492738246918,-0.017319398000836372,0.29954448342323303,0.43919703364372253,-0.011656975373625755,0.3009369671344757,0.4007004499435425,-0.02095651626586914,0.2973327338695526,0.41033580899238586,-0.022390494123101234,0.29462677240371704,0.43132686614990234,-0.021184077486395836
37,0.5917715430259705,0.8679100871086121,-2.2627574480793555e-07,0.5592381954193115,0.8436686992645264,-0.009264311753213406,0.5395078063011169,0.7953153848648071,-0.015149095095694065,0.5521078705787659,0.7651633024215698,-0.021300120279192924,0.5763717889785767,0.7759444713592529,-0.02446477673947811,0.5531622171401978,0.716676652431488,-0.0017220077570527792,0.5491567254066467,0.666167676448822,-0.018687061965465546,0.5467407703399658,0.7097000479698181,-0.028621254488825798,0.5490210652351379,0.741165816783905,-0.03317113220691681,0.5745489001274109,0.7151790857315063,-0.0031443811021745205,0.5711214542388916,0.6621233820915222,-0.018387075513601303,0.5669170022010803,0.7215290069580078,-0.01871483027935028,0.5694553852081299,0.7463697195053101,-0.014647576957941055,0.5927401781082153,0.7255122661590576,-0.0075983102433383465,0.5928977131843567,0.6769198775291443,-0.020312348380684853,0.5855135321617126,0.7264230847358704,-0.01084904745221138,0.5865960717201233,0.7541607022285461,-0.000497503555379808,0.6118547320365906,0.7495906352996826,-0.013557203114032745,0.6096702814102173,0.7076641321182251,-0.02104031853377819,0.6003935933113098,0.7388589978218079,-0.013824422843754292,0.5989209413528442,0.7644696831703186,-0.005825535394251347,0.2739955186843872,0.5545486807823181,-1.5129123198676098e-07,0.25011035799980164,0.5356219410896301,-0.010947822593152523,0.23751404881477356,0.49096429347991943,-0.01665729656815529,0.24624080955982208,0.4520813524723053,-0.022510115057229996,0.2632119059562683,0.43845537304878235,-0.026075778529047966,0.2456022948026657,0.4300801157951355,-0.005321253556758165,0.24476675689220428,0.3718753159046173,-0.017456619068980217,0.24200618267059326,0.38873156905174255,-0.024644630029797554,0.24146151542663574,0.4203116297721863,-0.027482327073812485,0.2633213698863983,0.42592912912368774,-0.00496972119435668,0.2644435167312622,0.36173775792121887,-0.01662800833582878,0.259750634431839,0.38739943504333496,-0.020423250272870064,0.25962895154953003,0.4209514856338501,-0.020045289769768715,0.280183345079422,0.4309842586517334,-0.006837273016571999,0.2846781015396118,0.37262749671936035,-0.017019538208842278,0.2783846855163574,0.39346903562545776,-0.016674455255270004,0.27706921100616455,0.4234866201877594,-0.013687757775187492,0.2981589138507843,0.4443584680557251,-0.010014340281486511,0.2999740540981293,0.40468570590019226,-0.017926834523677826,0.2956260144710541,0.41243913769721985,-0.018751954659819603,0.2935568690299988,0.4331150949001312,-0.017308060079813004
38,0.2685680389404297,0.5624253749847412,-1.8121598088782775e-07,0.24447868764400482,0.540071427822113,-0.01186760887503624,0.2334665060043335,0.49249395728111267,-0.01765494979918003,0.24602778255939484,0.45544853806495667,-0.023640867322683334,0.2656027674674988,0.44586461782455444,-0.027490263804793358,0.24133265018463135,0.43329671025276184,-0.006072007119655609,0.24151667952537537,0.3746205270290375,-0.01903763972222805,0.23946288228034973,0.3892379105091095,-0.02717082016170025,0.23902767896652222,0.4210472106933594,-0.030688917264342308,0.25905969738960266,0.43046826124191284,-0.0055153099820017815,0.2609328031539917,0.36780768632888794,-0.018102068454027176,0.25534990429878235,0.3922554552555084,-0.022858204320073128,0.2543169856071472,0.4262794852256775,-0.02327560819685459,0.27599841356277466,0.4365772604942322,-0.0073458850383758545,0.281078040599823,0.37742486596107483,-0.018452519550919533,0.2736634314060211,0.3955806791782379,-0.019510678946971893,0.27109673619270325,0.426448255777359,-0.01752091944217682,0.29356250166893005,0.4508196711540222,-0.010598493739962578,0.2970430254936218,0.41042304039001465,-0.01907959207892418,0.2919577658176422,0.4144943952560425,-0.020968308672308922,0.2883765995502472,0.43423497676849365,-0.020495234057307243,0.5922455787658691,0.8688486218452454,-2.3497297263475048e-07,0.5596784353256226,0.8439650535583496,-0.010092777200043201,0.5399120450019836,0.7923687696456909,-0.01612822338938713,0.5532239675521851,0.7632008790969849,-0.022408779710531235,0.577305793762207,0.7748852372169495,-0.025984831154346466,0.5541876554489136,0.7156924605369568,-0.00201105372980237,0.5498691201210022,0.664240837097168,-0.018367258831858635,0.5473204851150513,0.708716630935669,-0.028210753574967384,0.5497559905052185,0.7414185404777527,-0.03277379646897316,0.5757356882095337,0.7152329087257385,-0.0036359538789838552,0.5723975896835327,0.6606780886650085,-0.018707379698753357,0.5674225687980652,0.7192919254302979,-0.02017255686223507,0.5697835087776184,0.7478397488594055,-0.016945699229836464,0.5941889882087708,0.7255048751831055,-0.008347509428858757,0.5939517617225647,0.6742421984672546,-0.02168465033173561,0.5863409638404846,0.7238401770591736,-0.01449523214250803,0.5873094201087952,0.7548635005950928,-0.0056285737082362175,0.613624632358551,0.748131513595581,-0.014531995169818401,0.6104258894920349,0.7044820785522461,-0.023691833019256592,0.6011837124824524,0.735835611820221,-0.018393011763691902,0.599399745464325,0.7637315988540649,-0.01161650288850069
39,0.5917160511016846,0.8633908033370972,-2.1845647779628052e-07,0.5607306361198425,0.8418920040130615,-0.012023551389575005,0.5411581993103027,0.7893382906913757,-0.018920306116342545,0.5559156537055969,0.7642196416854858,-0.025715988129377365,0.5807486176490784,0.7799605131149292,-0.029939847066998482,0.5555070638656616,0.712454080581665,-0.004117032513022423,0.5516548752784729,0.6624671220779419,-0.020171094685792923,0.548016369342804,0.7069134712219238,-0.029502252116799355,0.5497972965240479,0.738650918006897,-0.033825598657131195,0.576553463935852,0.711965799331665,-0.00496869208291173,0.5736563205718994,0.659979522228241,-0.019875716418027878,0.5677275657653809,0.7165345549583435,-0.021004168316721916,0.5699977874755859,0.7449221014976501,-0.017493950203061104,0.5950371623039246,0.7234461903572083,-0.009070448577404022,0.5954935550689697,0.6736716628074646,-0.022719990462064743,0.586924135684967,0.7226442098617554,-0.01628057099878788,0.587492823600769,0.7525628805160522,-0.0077886199578642845,0.614219605922699,0.7464725375175476,-0.014728753827512264,0.6110960841178894,0.7053110599517822,-0.024756796658039093,0.6015231609344482,0.7358959913253784,-0.020517252385616302,0.5998300909996033,0.7621622085571289,-0.014352560043334961,0.26752156019210815,0.5650720000267029,-2.0366793762605084e-07,0.24367472529411316,0.5444583296775818,-0.0117578636854887,0.23149150609970093,0.49501147866249084,-0.017941132187843323,0.24349701404571533,0.4566638767719269,-0.02435464784502983,0.2635355293750763,0.44700002670288086,-0.028614308685064316,0.23786406219005585,0.4322117865085602,-0.00636243773624301,0.23857271671295166,0.37418535351753235,-0.01982256956398487,0.23697930574417114,0.3930325508117676,-0.02817368134856224,0.2367999404668808,0.4242442548274994,-0.032084524631500244,0.256021648645401,0.42907002568244934,-0.006730493623763323,0.2580837905406952,0.3625577390193939,-0.020179355517029762,0.2539801299571991,0.39096811413764954,-0.024917325004935265,0.25337404012680054,0.42548295855522156,-0.02505892887711525,0.2741745412349701,0.4357617497444153,-0.009538134559988976,0.2791067659854889,0.3741421699523926,-0.02147364616394043,0.2737771272659302,0.3957161605358124,-0.022469917312264442,0.27177131175994873,0.42436447739601135,-0.020190753042697906,0.29273033142089844,0.45009228587150574,-0.013712120242416859,0.2956860065460205,0.40720292925834656,-0.022567246109247208,0.29113250970840454,0.4151031970977783,-0.02397371269762516,0.2880066931247711,0.43435654044151306,-0.023124396800994873
40,0.5917160511016846,0.8633908033370972,-2.1845647779628052e-07,0.5607306361198425,0.8418920040130615,-0.012023551389575005,0.5411581993103027,0.7893382906913757,-0.018920306116342545,0.5559156537055969,0.7642196416854858,-0.025715988129377365,0.5807486176490784,0.7799605131149292,-0.029939847066998482,0.5555070638656616,0.712454080581665,-0.004117032513022423,0.5516548752784729,0.6624671220779419,-0.020171094685792923,0.548016369342804,0.7069134712219238,-0.029502252116799355,0.5497972965240479,0.738650918006897,-0.033825598657131195,0.576553463935852,0.711965799331665,-0.00496869208291173,0.5736563205718994,0.659979522228241,-0.019875716418027878,0.5677275657653809,0.7165345549583435,-0.021004168316721916,0.5699977874755859,0.7449221014976501,-0.017493950203061104,0.5950371623039246,0.7234461903572083,-0.009070448577404022,0.5954935550689697,0.6736716628074646,-0.022719990462064743,0.586924135684967,0.7226442098617554,-0.01628057099878788,0.587492823600769,0.7525628805160522,-0.0077886199578642845,0.614219605922699,0.7464725375175476,-0.014728753827512264,0.6110960841178894,0.7053110599517822,-0.024756796658039093,0.6015231609344482,0.7358959913253784,-0.020517252385616302,0.5998300909996033,0.7621622085571289,-0.014352560043334961,0.26752156019210815,0.5650720000267029,-2.0366793762605084e-07,0.24367472529411316,0.5444583296775818,-0.0117578636854887,0.23149150609970093,0.49501147866249084,-0.017941132187843323,0.24349701404571533,0.4566638767719269,-0.02435464784502983,0.2635355293750763,0.44700002670288086,-0.028614308685064316,0.23786406219005585,0.4322117865085602,-0.00636243773624301,0.23857271671295166,0.37418535351753235,-0.01982256956398487,0.23697930574417114,0.3930325508117676,-0.02817368134856224,0.2367999404668808,0.4242442548274994,-0.032084524631500244,0.256021648645401,0.42907002568244934,-0.006730493623763323,0.2580837905406952,0.3625577390193939,-0.020179355517029762,0.2539801299571991,0.39096811413764954,-0.024917325004935265,0.25337404012680054,0.42548295855522156,-0.02505892887711525,0.2741745412349701,0.4357617497444153,-0.009538134559988976,0.2791067659854889,0.3741421699523926,-0.02147364616394043,0.2737771272659302,0.3957161605358124,-0.022469917312264442,0.27177131175994873,0.42436447739601135,-0.020190753042697906,0.29273033142089844,0.45009228587150574,-0.013712120242416859,0.2956860065460205,0.40720292925834656,-0.022567246109247208,0.29113250970840454,0.4151031970977783,-0.02397371269762516,0.2880066931247711,0.43435654044151306,-0.023124396800994873
