frame,feature_0,feature_1,feature_2,feature_3,feature_4,feature_5,feature_6,feature_7,feature_8,feature_9,feature_10,feature_11,feature_12,feature_13,feature_14,feature_15,feature_16,feature_17,feature_18,feature_19,feature_20,feature_21,feature_22,feature_23,feature_24,feature_25,feature_26,feature_27,feature_28,feature_29,feature_30,feature_31,feature_32,feature_33,feature_34,feature_35,feature_36,feature_37,feature_38,feature_39,feature_40,feature_41,feature_42,feature_43,feature_44,feature_45,feature_46,feature_47,feature_48,feature_49,feature_50,feature_51,feature_52,feature_53,feature_54,feature_55,feature_56,feature_57,feature_58,feature_59,feature_60,feature_61,feature_62,feature_63,feature_64,feature_65,feature_66,feature_67,feature_68,feature_69,feature_70,feature_71,feature_72,feature_73,feature_74,feature_75,feature_76,feature_77,feature_78,feature_79,feature_80,feature_81,feature_82,feature_83,feature_84,feature_85,feature_86,feature_87,feature_88,feature_89,feature_90,feature_91,feature_92,feature_93,feature_94,feature_95,feature_96,feature_97,feature_98,feature_99,feature_100,feature_101,feature_102,feature_103,feature_104,feature_105,feature_106,feature_107,feature_108,feature_109,feature_110,feature_111,feature_112,feature_113,feature_114,feature_115,feature_116,feature_117,feature_118,feature_119,feature_120,feature_121,feature_122,feature_123,feature_124,feature_125
1,0.23808887600898743,0.506929337978363,-1.7192066081861412e-07,0.21739818155765533,0.48529285192489624,-0.008735164068639278,0.20936685800552368,0.44918501377105713,-0.012246434576809406,0.21995021402835846,0.42039912939071655,-0.0159694142639637,0.23327341675758362,0.41111046075820923,-0.017564348876476288,0.21737630665302277,0.399946928024292,-0.0023836269974708557,0.21794703602790833,0.3519759178161621,-0.011997287161648273,0.21399299800395966,0.36028599739074707,-0.01703754812479019,0.2135046124458313,0.3839838206768036,-0.018749676644802094,0.23361071944236755,0.39734363555908203,-0.0020447985734790564,0.23588137328624725,0.3412080705165863,-0.012574238702654839,0.2291155755519867,0.3586416244506836,-0.014964847825467587,0.22792048752307892,0.38824984431266785,-0.013379155658185482,0.24827530980110168,0.403330534696579,-0.0037248290609568357,0.2522764503955841,0.35459044575691223,-0.013578351587057114,0.24427710473537445,0.36810263991355896,-0.01244076993316412,0.2427700310945511,0.39586809277534485,-0.008319065906107426,0.2644039988517761,0.4187629520893097,-0.006539432797580957,0.268827885389328,0.38336384296417236,-0.013306709937751293,0.26157346367836,0.3832610249519348,-0.013455415144562721,0.25674551725387573,0.3990381956100464,-0.01136345136910677,0.7000868916511536,0.5350088477134705,-1.8833648596228159e-07,0.6828213930130005,0.5115960240364075,-0.00528735900297761,0.6756152510643005,0.477359414100647,-0.008642224594950676,0.6880496144294739,0.4586687386035919,-0.013343233615159988,0.7023471593856812,0.46653810143470764,-0.016716141253709793,0.682246208190918,0.4385637044906616,0.0002730708511080593,0.6819791793823242,0.397038996219635,-0.009350504726171494,0.6805980801582336,0.4197351634502411,-0.015722259879112244,0.6812439560890198,0.44245120882987976,-0.018912283703684807,0.6948301792144775,0.43814754486083984,-0.0015212144935503602,0.6951602697372437,0.39318180084228516,-0.011007826775312424,0.6927565336227417,0.42110586166381836,-0.01402657013386488,0.6927340626716614,0.4442088305950165,-0.01390491146594286,0.7071143984794617,0.44283944368362427,-0.005116225220263004,0.7084192633628845,0.3990287780761719,-0.012480088509619236,0.7041652798652649,0.42313486337661743,-0.011278343386948109,0.7032238245010376,0.4456990361213684,-0.008445840328931808,0.7197619676589966,0.452902227640152,-0.009751218371093273,0.7186770439147949,0.42177802324295044,-0.014014182612299919,0.7138268947601318,0.4318038523197174,-0.013388263992965221,0.7117477059364319,0.44736215472221375,-0.011861583217978477
2,0.2399211972951889,0.5104852318763733,-2.017203257764777e-07,0.21873483061790466,0.48806220293045044,-0.009022888727486134,0.21054835617542267,0.451643168926239,-0.012189848348498344,0.2213413417339325,0.42072176933288574,-0.015263823792338371,0.2333284616470337,0.4101535379886627,-0.016032202169299126,0.21797439455986023,0.4017610549926758,-0.0018105839844793081,0.21901960670948029,0.35207435488700867,-0.011101902462542057,0.2146979570388794,0.36440184712409973,-0.01603539101779461,0.21358613669872284,0.39093801379203796,-0.017757950350642204,0.2341095507144928,0.3995000720024109,-0.0009204443776980042,0.23601612448692322,0.3405264616012573,-0.01175843644887209,0.22848035395145416,0.36170661449432373,-0.0141509510576725,0.22728511691093445,0.39221030473709106,-0.012465264648199081,0.24880173802375793,0.40475770831108093,-0.002100143115967512,0.2523711323738098,0.35486653447151184,-0.012167668901383877,0.24444392323493958,0.36966177821159363,-0.010935328900814056,0.24404044449329376,0.3975583016872406,-0.0067167021334171295,0.26533907651901245,0.4200637638568878,-0.004416158422827721,0.26811179518699646,0.38394370675086975,-0.011140529997646809,0.26077401638031006,0.38849374651908875,-0.011139842681586742,0.2576192021369934,0.40813934803009033,-0.0089804632589221,0.700404167175293,0.5349754095077515,-1.8588821149023715e-07,0.6828669309616089,0.5104726552963257,-0.00478913402184844,0.6756997108459473,0.4770716428756714,-0.007489779498428106,0.6880853772163391,0.45924684405326843,-0.01158256083726883,0.7024168968200684,0.4674782454967499,-0.014460358768701553,0.682794988155365,0.43860286474227905,0.0015036450931802392,0.6824125051498413,0.39799174666404724,-0.007266378495842218,0.680604100227356,0.4184075593948364,-0.01321811880916357,0.6810044050216675,0.4394969940185547,-0.016343524679541588,0.6955435872077942,0.43785008788108826,-0.00032806856324896216,0.6956765651702881,0.3935990333557129,-0.009175363928079605,0.692788302898407,0.4195029139518738,-0.01214995700865984,0.692583441734314,0.44172754883766174,-0.012116601690649986,0.707955539226532,0.44241464138031006,-0.003905371529981494,0.7087302207946777,0.4000505805015564,-0.011143877170979977,0.7042872309684753,0.4233535826206207,-0.01019282266497612,0.703236997127533,0.44525444507598877,-0.0075264316983520985,0.720636248588562,0.4526302218437195,-0.008458472788333893,0.7193583250045776,0.4222450256347656,-0.01302981749176979,0.7146465182304382,0.4318322241306305,-0.012641632929444313,0.7126472592353821,0.4467713534832001,-0.011206689290702343
3,0.2399211972951889,0.5104852318763733,-2.017203257764777e-07,0.21873483061790466,0.48806220293045044,-0.009022888727486134,0.21054835617542267,0.451643168926239,-0.012189848348498344,0.2213413417339325,0.42072176933288574,-0.015263823792338371,0.2333284616470337,0.4101535379886627,-0.016032202169299126,0.21797439455986023,0.4017610549926758,-0.0018105839844793081,0.21901960670948029,0.35207435488700867,-0.011101902462542057,0.2146979570388794,0.36440184712409973,-0.01603539101779461,0.21358613669872284,0.39093801379203796,-0.017757950350642204,0.2341095507144928,0.3995000720024109,-0.0009204443776980042,0.23601612448692322,0.3405264616012573,-0.01175843644887209,0.22848035395145416,0.36170661449432373,-0.0141509510576725,0.22728511691093445,0.39221030473709106,-0.012465264648199081,0.24880173802375793,0.40475770831108093,-0.002100143115967512,0.2523711323738098,0.35486653447151184,-0.012167668901383877,0.24444392323493958,0.36966177821159363,-0.010935328900814056,0.24404044449329376,0.3975583016872406,-0.0067167021334171295,0.26533907651901245,0.4200637638568878,-0.004416158422827721,0.26811179518699646,0.38394370675086975,-0.011140529997646809,0.26077401638031006,0.38849374651908875,-0.011139842681586742,0.2576192021369934,0.40813934803009033,-0.0089804632589221,0.700404167175293,0.5349754095077515,-1.8588821149023715e-07,0.6828669309616089,0.5104726552963257,-0.00478913402184844,0.6756997108459473,0.4770716428756714,-0.007489779498428106,0.6880853772163391,0.45924684405326843,-0.01158256083726883,0.7024168968200684,0.4674782454967499,-0.014460358768701553,0.682794988155365,0.43860286474227905,0.0015036450931802392,0.6824125051498413,0.39799174666404724,-0.007266378495842218,0.680604100227356,0.4184075593948364,-0.01321811880916357,0.6810044050216675,0.4394969940185547,-0.016343524679541588,0.6955435872077942,0.43785008788108826,-0.00032806856324896216,0.6956765651702881,0.3935990333557129,-0.009175363928079605,0.692788302898407,0.4195029139518738,-0.01214995700865984,0.692583441734314,0.44172754883766174,-0.012116601690649986,0.707955539226532,0.44241464138031006,-0.003905371529981494,0.7087302207946777,0.4000505805015564,-0.011143877170979977,0.7042872309684753,0.4233535826206207,-0.01019282266497612,0.703236997127533,0.44525444507598877,-0.0075264316983520985,0.720636248588562,0.4526302218437195,-0.008458472788333893,0.7193583250045776,0.4222450256347656,-0.01302981749176979,0.7146465182304382,0.4318322241306305,-0.012641632929444313,0.7126472592353821,0.4467713534832001,-0.011206689290702343
4,0.2360842227935791,0.5034286975860596,-2.116183708267272e-07,0.21479864418506622,0.4831463098526001,-0.007392082829028368,0.20735877752304077,0.44925087690353394,-0.010480208322405815,0.2194068282842636,0.4209488034248352,-0.014249167405068874,0.2340991050004959,0.41124093532562256,-0.01613321714103222,0.2152683585882187,0.40238457918167114,0.000244884577114135,0.2147310972213745,0.35456398129463196,-0.009578315541148186,0.209305077791214,0.3671216666698456,-0.015117825008928776,0.20826858282089233,0.3930450975894928,-0.017084160819649696,0.23132136464118958,0.39965319633483887,-0.0002859490050468594,0.23410147428512573,0.343330979347229,-0.011210217140614986,0.22674928605556488,0.36182481050491333,-0.014559370465576649,0.2258499413728714,0.3908933401107788,-0.013639265671372414,0.2462831437587738,0.4058518409729004,-0.0028618399519473314,0.2513189911842346,0.3582974076271057,-0.01288863830268383,0.24278536438941956,0.37180760502815247,-0.012823815457522869,0.24103829264640808,0.39581912755966187,-0.009587757289409637,0.2620851993560791,0.42019766569137573,-0.006374864373356104,0.2668861746788025,0.38470280170440674,-0.012326355092227459,0.2588871419429779,0.38830655813217163,-0.012143630534410477,0.2544527053833008,0.40571117401123047,-0.010150832124054432,0.7021727561950684,0.5347962975502014,-1.842414150132754e-07,0.6852943897247314,0.5110737681388855,-0.005157449748367071,0.6785162091255188,0.4771251678466797,-0.008244745433330536,0.6902027130126953,0.4597688913345337,-0.01266103982925415,0.7045632600784302,0.4694501459598541,-0.015704277902841568,0.6845381259918213,0.43868720531463623,0.0009984682546928525,0.6845546364784241,0.3983171582221985,-0.008246801793575287,0.6839612126350403,0.4210634231567383,-0.014292492531239986,0.6845424175262451,0.44286319613456726,-0.01728319749236107,0.6973166465759277,0.43774688243865967,-0.0007735159015282989,0.6979228854179382,0.3941921889781952,-0.010179276578128338,0.696204662322998,0.4223034083843231,-0.013271568343043327,0.6958179473876953,0.4445953667163849,-0.01312155183404684,0.7099101543426514,0.4420105516910553,-0.004358194302767515,0.71146559715271,0.4017592966556549,-0.011826207861304283,0.7085568308830261,0.4251730144023895,-0.011090150102972984,0.7075278162956238,0.44613927602767944,-0.008448813110589981,0.7224323153495789,0.4517241418361664,-0.008928587660193443,0.7229907512664795,0.4227503836154938,-0.013180597685277462,0.7189514636993408,0.43278881907463074,-0.01267122570425272,0.7164976000785828,0.4473981559276581,-0.011201257817447186
5,0.2360842227935791,0.5034286975860596,-2.116183708267272e-07,0.21479864418506622,0.4831463098526001,-0.007392082829028368,0.20735877752304077,0.44925087690353394,-0.010480208322405815,0.2194068282842636,0.4209488034248352,-0.014249167405068874,0.2340991050004959,0.41124093532562256,-0.01613321714103222,0.2152683585882187,0.40238457918167114,0.000244884577114135,0.2147310972213745,0.35456398129463196,-0.009578315541148186,0.209305077791214,0.3671216666698456,-0.015117825008928776,0.20826858282089233,0.3930450975894928,-0.017084160819649696,0.23132136464118958,0.39965319633483887,-0.0002859490050468594,0.23410147428512573,0.343330979347229,-0.011210217140614986,0.22674928605556488,0.36182481050491333,-0.014559370465576649,0.2258499413728714,0.3908933401107788,-0.013639265671372414,0.2462831437587738,0.4058518409729004,-0.0028618399519473314,0.2513189911842346,0.3582974076271057,-0.01288863830268383,0.24278536438941956,0.37180760502815247,-0.012823815457522869,0.24103829264640808,0.39581912755966187,-0.009587757289409637,0.2620851993560791,0.42019766569137573,-0.006374864373356104,0.2668861746788025,0.38470280170440674,-0.012326355092227459,0.2588871419429779,0.38830655813217163,-0.012143630534410477,0.2544527053833008,0.40571117401123047,-0.010150832124054432,0.7021727561950684,0.5347962975502014,-1.842414150132754e-07,0.6852943897247314,0.5110737681388855,-0.005157449748367071,0.6785162091255188,0.4771251678466797,-0.008244745433330536,0.6902027130126953,0.4597688913345337,-0.01266103982925415,0.7045632600784302,0.4694501459598541,-0.015704277902841568,0.6845381259918213,0.43868720531463623,0.0009984682546928525,0.6845546364784241,0.3983171582221985,-0.008246801793575287,0.6839612126350403,0.4210634231567383,-0.014292492531239986,0.6845424175262451,0.44286319613456726,-0.01728319749236107,0.6973166465759277,0.43774688243865967,-0.0007735159015282989,0.6979228854179382,0.3941921889781952,-0.010179276578128338,0.696204662322998,0.4223034083843231,-0.013271568343043327,0.6958179473876953,0.4445953667163849,-0.01312155183404684,0.7099101543426514,0.4420105516910553,-0.004358194302767515,0.71146559715271,0.4017592966556549,-0.011826207861304283,0.7085568308830261,0.4251730144023895,-0.011090150102972984,0.7075278162956238,0.44613927602767944,-0.008448813110589981,0.7224323153495789,0.4517241418361664,-0.008928587660193443,0.7229907512664795,0.4227503836154938,-0.013180597685277462,0.7189514636993408,0.43278881907463074,-0.01267122570425272,0.7164976000785828,0.4473981559276581,-0.011201257817447186
6,0.23715588450431824,0.5016159415245056,-1.9188198052688676e-07,0.21670128405094147,0.48423320055007935,-0.008874046616256237,0.20730885863304138,0.447881281375885,-0.013212086632847786,0.21774822473526,0.4197707176208496,-0.017614461481571198,0.23282887041568756,0.41132262349128723,-0.020226899534463882,0.21763251721858978,0.40088823437690735,-0.005429861135780811,0.21798479557037354,0.35271692276000977,-0.015857867896556854,0.21158023178577423,0.36565539240837097,-0.020663194358348846,0.21025055646896362,0.39240825176239014,-0.022036051377654076,0.23307517170906067,0.39812254905700684,-0.0054216086864471436,0.23522917926311493,0.34072911739349365,-0.017224954441189766,0.22613105177879333,0.3602546453475952,-0.019067423418164253,0.22539597749710083,0.391230970621109,-0.01663445308804512,0.24790646135807037,0.4052450954914093,-0.007328457664698362,0.25099602341651917,0.35683584213256836,-0.01790689304471016,0.24149268865585327,0.3719481825828552,-0.01645515486598015,0.24112087488174438,0.3968825042247772,-0.011985027231276035,0.26364442706108093,0.4215365946292877,-0.010197712108492851,0.26532578468322754,0.3863992393016815,-0.01667465642094612,0.2565777599811554,0.39219608902931213,-0.015742026269435883,0.2537057399749756,0.4114495515823364,-0.0129102086648345,0.7023535370826721,0.5356393456459045,-1.8351914832237526e-07,0.6854493618011475,0.5124994516372681,-0.006091020070016384,0.6787291169166565,0.4771670997142792,-0.009917140938341618,0.691211998462677,0.4597433805465698,-0.014901516027748585,0.7060480117797852,0.47116804122924805,-0.018424127250909805,0.6851499080657959,0.43845444917678833,-0.0005772344302386045,0.6848385334014893,0.3972015976905823,-0.010467109270393848,0.6832054853439331,0.42100799083709717,-0.01682310737669468,0.6840524077415466,0.4428572654724121,-0.01998836174607277,0.6978835463523865,0.4380108118057251,-0.0021785544231534004,0.6985231637954712,0.39395251870155334,-0.011915741488337517,0.6958237886428833,0.42130419611930847,-0.01491687074303627,0.6954171061515808,0.4431096315383911,-0.014710383489727974,0.7102394700050354,0.4426564574241638,-0.0056762718595564365,0.7119256258010864,0.4010862112045288,-0.013148603029549122,0.7078850269317627,0.4240034222602844,-0.012180902995169163,0.7066402435302734,0.44492608308792114,-0.009489021264016628,0.7227737903594971,0.45265763998031616,-0.010289867408573627,0.722666323184967,0.4230307936668396,-0.014298002235591412,0.7176400423049927,0.43370315432548523,-0.013605951331555843,0.7151724100112915,0.4495130777359009,-0.012121938169002533
7,0.23362383246421814,0.5097911357879639,-1.9188820488125202e-07,0.21286766231060028,0.4911539852619171,-0.008336270228028297,0.20492056012153625,0.45040640234947205,-0.012146567925810814,0.21780580282211304,0.42041856050491333,-0.016541173681616783,0.23485614359378815,0.415944904088974,-0.019315477460622787,0.21149294078350067,0.406095951795578,-0.0019813028629869223,0.2112593650817871,0.3576892018318176,-0.013068916276097298,0.20750580728054047,0.36717531085014343,-0.01962639018893242,0.20705366134643555,0.3914776146411896,-0.022295597940683365,0.22742041945457458,0.40247952938079834,-0.0027360795065760612,0.2301539182662964,0.3452552258968353,-0.013782619498670101,0.22432510554790497,0.36205482482910156,-0.017485905438661575,0.22360004484653473,0.39147984981536865,-0.01695219986140728,0.24281367659568787,0.4086897373199463,-0.005594558082520962,0.2473912090063095,0.3585973381996155,-0.016091054305434227,0.23998571932315826,0.37128913402557373,-0.016940081492066383,0.2382962554693222,0.3957861363887787,-0.014411658979952335,0.2589268684387207,0.4229085445404053,-0.009468017145991325,0.2628406584262848,0.3867388367652893,-0.017006952315568924,0.25644391775131226,0.38950058817863464,-0.018090367317199707,0.25303617119789124,0.4066125750541687,-0.016905026510357857,0.7010999321937561,0.5343480110168457,-1.8493396680696605e-07,0.6841387152671814,0.511924684047699,-0.006136165000498295,0.6777216792106628,0.4766881465911865,-0.009810435585677624,0.6901624798774719,0.4589063227176666,-0.01452459767460823,0.7044602036476135,0.47204774618148804,-0.017709404230117798,0.6837368011474609,0.4394071400165558,-0.001012522028759122,0.6837543845176697,0.3982207775115967,-0.010505312122404575,0.6823742389678955,0.4228854179382324,-0.01612800732254982,0.6830567717552185,0.4441298842430115,-0.01881108433008194,0.6966814994812012,0.43864768743515015,-0.00245157303288579,0.6974471807479858,0.39468899369239807,-0.011752079240977764,0.6951488852500916,0.42331814765930176,-0.013839427381753922,0.694739043712616,0.44435563683509827,-0.01298228558152914,0.7094348073005676,0.44321683049201965,-0.005757201928645372,0.7110370993614197,0.40207523107528687,-0.012924049980938435,0.7072413563728333,0.42582839727401733,-0.011175633408129215,0.7060821056365967,0.4454288184642792,-0.007972121238708496,0.7222123742103577,0.45284271240234375,-0.010169165208935738,0.721748411655426,0.4232315421104431,-0.013818952254951,0.7171807289123535,0.4346393942832947,-0.012608891353011131,0.7150354385375977,0.4498850703239441,-0.010780391283333302
8,0.23380059003829956,0.5135896801948547,-2.0490527674610348e-07,0.21190345287322998,0.4915868043899536,-0.00814473070204258,0.20377960801124573,0.4514426290988922,-0.011617870070040226,0.21542754769325256,0.4204660654067993,-0.015826476737856865,0.23081547021865845,0.41258442401885986,-0.01807861216366291,0.21105293929576874,0.4055837094783783,-0.0008057001978158951,0.21099185943603516,0.3544957637786865,-0.011381949298083782,0.20577681064605713,0.3665130138397217,-0.01715266704559326,0.20462621748447418,0.39347490668296814,-0.019085226580500603,0.2272886335849762,0.4031177759170532,-0.0013486098032444715,0.22961997985839844,0.34307771921157837,-0.012517954222857952,0.22258692979812622,0.36102283000946045,-0.015584012493491173,0.22150835394859314,0.39187946915626526,-0.01419825665652752,0.24222062528133392,0.40943750739097595,-0.004032463766634464,0.24726420640945435,0.35705268383026123,-0.014658929780125618,0.2390616089105606,0.3710205554962158,-0.01424140390008688,0.23699204623699188,0.39798906445503235,-0.010317633859813213,0.2579318583011627,0.42365384101867676,-0.007794188801199198,0.26245367527008057,0.3848519027233124,-0.015373846516013145,0.25562992691993713,0.3864558935165405,-0.015869854018092155,0.2515232264995575,0.4044687747955322,-0.01379743218421936,0.7019291520118713,0.5354076027870178,-1.866846019993318e-07,0.6842365264892578,0.5123122334480286,-0.005703833885490894,0.6772716045379639,0.477509468793869,-0.009241471998393536,0.6894214153289795,0.4587938189506531,-0.01398096140474081,0.7039446234703064,0.4720674753189087,-0.01721116155385971,0.6834838390350342,0.4400833249092102,-0.00024239992490038276,0.6841698288917542,0.3980591893196106,-0.009758925065398216,0.6824668645858765,0.42208871245384216,-0.01563572883605957,0.6830846071243286,0.443279504776001,-0.018545234575867653,0.6963750123977661,0.4398318827152252,-0.001890526502393186,0.6978904604911804,0.39487579464912415,-0.011104527860879898,0.6951802968978882,0.42295345664024353,-0.013490731827914715,0.6948074698448181,0.4439481198787689,-0.01300304289907217,0.7089425921440125,0.4442459046840668,-0.005415895022451878,0.7112714052200317,0.4022080600261688,-0.012463358230888844,0.7068220376968384,0.42542901635169983,-0.010997137054800987,0.7053871154785156,0.44585734605789185,-0.00808050949126482,0.7216054797172546,0.4536527097225189,-0.010045979171991348,0.7220032215118408,0.4227697551250458,-0.013599950820207596,0.7166478037834167,0.4334767460823059,-0.012582295574247837,0.7137967348098755,0.449563592672348,-0.010990475304424763
9,0.23399579524993896,0.5159152150154114,-2.1567525720911362e-07,0.21191681921482086,0.49426886439323425,-0.007639777380973101,0.20367810130119324,0.45313310623168945,-0.010780504904687405,0.2143804430961609,0.420809268951416,-0.0147264888510108,0.22875945270061493,0.41099783778190613,-0.016755202785134315,0.21077552437782288,0.4063831865787506,-0.0011940165422856808,0.21110226213932037,0.3541131019592285,-0.011695223860442638,0.2060098499059677,0.3668922483921051,-0.01713799312710762,0.204660102725029,0.3940584659576416,-0.018795976415276527,0.22687463462352753,0.4037254750728607,-0.0019976417534053326,0.22897249460220337,0.3429568409919739,-0.013250496238470078,0.22250314056873322,0.362311989068985,-0.016020148992538452,0.22183692455291748,0.393576055765152,-0.014344758354127407,0.24183499813079834,0.40999823808670044,-0.004842472728341818,0.24660848081111908,0.35738202929496765,-0.015494665130972862,0.23899106681346893,0.37223219871520996,-0.014795184135437012,0.23723256587982178,0.39869701862335205,-0.010604987852275372,0.25737670063972473,0.4240785241127014,-0.008689137175679207,0.2617644965648651,0.38390031456947327,-0.01596861518919468,0.25503724813461304,0.3859768211841583,-0.015992531552910805,0.25095024704933167,0.40406766533851624,-0.013581338338553905,0.7016425728797913,0.5361371636390686,-1.8567861559404264e-07,0.6843662261962891,0.5134763717651367,-0.005994022358208895,0.6773107051849365,0.47784602642059326,-0.009756337851285934,0.6896997094154358,0.4588035047054291,-0.014680675230920315,0.7043195962905884,0.4726637899875641,-0.018036842346191406,0.683404266834259,0.439749538898468,-0.000510360230691731,0.6841771006584167,0.39828041195869446,-0.01039980724453926,0.682418167591095,0.42362335324287415,-0.016471702605485916,0.6832588911056519,0.4448678195476532,-0.01945573091506958,0.6961817741394043,0.4395056664943695,-0.002211844315752387,0.6977385878562927,0.3952616751194,-0.011728989891707897,0.6949529051780701,0.42432644963264465,-0.014071492478251457,0.6948399543762207,0.4451027810573578,-0.01344287395477295,0.7086149454116821,0.4440869092941284,-0.0058608464896678925,0.711128830909729,0.4022526741027832,-0.013240000233054161,0.706527054309845,0.42665618658065796,-0.011498345993459225,0.7052848935127258,0.44727206230163574,-0.008291485719382763,0.7211586236953735,0.4536544382572174,-0.01064203679561615,0.7216535210609436,0.42348694801330566,-0.01426573097705841,0.7161173820495605,0.43509525060653687,-0.013008173555135727,0.7135821580886841,0.4511747658252716,-0.011209881864488125
10,0.23399579524993896,0.5159152150154114,-2.1567525720911362e-07,0.21191681921482086,0.49426886439323425,-0.007639777380973101,0.20367810130119324,0.45313310623168945,-0.010780504904687405,0.2143804430961609,0.420809268951416,-0.0147264888510108,0.22875945270061493,0.41099783778190613,-0.016755202785134315,0.21077552437782288,0.4063831865787506,-0.0011940165422856808,0.21110226213932037,0.3541131019592285,-0.011695223860442638,0.2060098499059677,0.3668922483921051,-0.01713799312710762,0.204660102725029,0.3940584659576416,-0.018795976415276527,0.22687463462352753,0.4037254750728607,-0.0019976417534053326,0.22897249460220337,0.3429568409919739,-0.013250496238470078,0.22250314056873322,0.362311989068985,-0.016020148992538452,0.22183692455291748,0.393576055765152,-0.014344758354127407,0.24183499813079834,0.40999823808670044,-0.004842472728341818,0.24660848081111908,0.35738202929496765,-0.015494665130972862,0.23899106681346893,0.37223219871520996,-0.014795184135437012,0.23723256587982178,0.39869701862335205,-0.010604987852275372,0.25737670063972473,0.4240785241127014,-0.008689137175679207,0.2617644965648651,0.38390031456947327,-0.01596861518919468,0.25503724813461304,0.3859768211841583,-0.015992531552910805,0.25095024704933167,0.40406766533851624,-0.013581338338553905,0.7016425728797913,0.5361371636390686,-1.8567861559404264e-07,0.6843662261962891,0.5134763717651367,-0.005994022358208895,0.6773107051849365,0.47784602642059326,-0.009756337851285934,0.6896997094154358,0.4588035047054291,-0.014680675230920315,0.7043195962905884,0.4726637899875641,-0.018036842346191406,0.683404266834259,0.439749538898468,-0.000510360230691731,0.6841771006584167,0.39828041195869446,-0.01039980724453926,0.682418167591095,0.42362335324287415,-0.016471702605485916,0.6832588911056519,0.4448678195476532,-0.01945573091506958,0.6961817741394043,0.4395056664943695,-0.002211844315752387,0.6977385878562927,0.3952616751194,-0.011728989891707897,0.6949529051780701,0.42432644963264465,-0.014071492478251457,0.6948399543762207,0.4451027810573578,-0.01344287395477295,0.7086149454116821,0.4440869092941284,-0.0058608464896678925,0.711128830909729,0.4022526741027832,-0.013240000233054161,0.706527054309845,0.42665618658065796,-0.011498345993459225,0.7052848935127258,0.44727206230163574,-0.008291485719382763,0.7211586236953735,0.4536544382572174,-0.01064203679561615,0.7216535210609436,0.42348694801330566,-0.01426573097705841,0.7161173820495605,0.43509525060653687,-0.013008173555135727,0.7135821580886841,0.4511747658252716,-0.011209881864488125
11,0.23268163204193115,0.5138007998466492,-2.2748110950487899e-07,0.21148063242435455,0.49056220054626465,-0.007248160429298878,0.20382753014564514,0.44951242208480835,-0.010356378741562366,0.2168416827917099,0.41847503185272217,-0.014469771645963192,0.23376312851905823,0.4134526550769806,-0.016830122098326683,0.21032723784446716,0.4041990041732788,0.0012836208334192634,0.2099945843219757,0.3534483015537262,-0.008556952700018883,0.20393434166908264,0.3667457401752472,-0.014381441287696362,0.2024957239627838,0.3929596245288849,-0.016641860827803612,0.22617964446544647,0.4013715982437134,0.0003938722366001457,0.22871175408363342,0.3431810736656189,-0.009994297288358212,0.22068163752555847,0.36268457770347595,-0.01320646796375513,0.21948108077049255,0.39168545603752136,-0.01236048899590969,0.24115712940692902,0.4074104130268097,-0.0026107903104275465,0.24611340463161469,0.3568494915962219,-0.012161831371486187,0.2372639775276184,0.3723604679107666,-0.01194970402866602,0.23548823595046997,0.39804089069366455,-0.008720837533473969,0.257001668214798,0.4215180277824402,-0.006665079388767481,0.26092690229415894,0.3827047049999237,-0.012549118138849735,0.25344184041023254,0.3867294490337372,-0.012307114899158478,0.2498825192451477,0.4053412973880768,-0.010321258567273617,0.7011964321136475,0.5367816686630249,-1.9408699358791637e-07,0.6832846403121948,0.5133402943611145,-0.005178508348762989,0.676300585269928,0.4783260226249695,-0.008397473953664303,0.6884483098983765,0.4591383635997772,-0.012970094569027424,0.7034308314323425,0.470085084438324,-0.016076836735010147,0.6832103133201599,0.44022077322006226,0.0004116762720514089,0.6837329268455505,0.398282915353775,-0.009437890723347664,0.6818302869796753,0.42260730266571045,-0.015765532851219177,0.6824879050254822,0.44428378343582153,-0.01891890913248062,0.6957998871803284,0.4401076138019562,-0.0015681541990488768,0.697153627872467,0.39472323656082153,-0.011123757809400558,0.694261372089386,0.42319682240486145,-0.0138853183016181,0.6940513849258423,0.4448522925376892,-0.013582450337707996,0.7080926299095154,0.44470420479774475,-0.005431607831269503,0.7102844715118408,0.4021727740764618,-0.012786000967025757,0.7058087587356567,0.42566362023353577,-0.011432766914367676,0.7044852375984192,0.4468049705028534,-0.008557421155273914,0.7206270098686218,0.4546867609024048,-0.010358919389545918,0.7212842106819153,0.4239100217819214,-0.014110425487160683,0.7157936096191406,0.4350319802761078,-0.013118102215230465,0.7128807902336121,0.45136070251464844,-0.011546767316758633
12,0.23094303905963898,0.5270911455154419,-1.5247245244154328e-07,0.20900419354438782,0.5023402571678162,-0.008102339692413807,0.20108775794506073,0.45699188113212585,-0.011165573261678219,0.2138613611459732,0.42349427938461304,-0.01502553652971983,0.23121044039726257,0.4193570017814636,-0.017212091013789177,0.20730344951152802,0.41024264693260193,0.0011207475326955318,0.2079608142375946,0.3613218367099762,-0.00830536987632513,0.2048458307981491,0.36950719356536865,-0.014600483700633049,0.2042245864868164,0.39267778396606445,-0.017388328909873962,0.22361034154891968,0.4073096513748169,0.0003735557838808745,0.22625073790550232,0.35124853253364563,-0.008773806504905224,0.22139550745487213,0.3654770851135254,-0.012711003422737122,0.22047889232635498,0.393186092376709,-0.012821683660149574,0.2387886494398117,0.41370993852615356,-0.002569192787632346,0.2438131421804428,0.3632015883922577,-0.011376888491213322,0.2376127690076828,0.3757345974445343,-0.012831117026507854,0.23557838797569275,0.40097877383232117,-0.011158130131661892,0.2538602948188782,0.4267418384552002,-0.006642643362283707,0.25846976041793823,0.38915154337882996,-0.013156048953533173,0.2532763183116913,0.39068952202796936,-0.014443968422710896,0.24966925382614136,0.4077001214027405,-0.01363115943968296,0.7008000612258911,0.5370609164237976,-1.9275022111742146e-07,0.6833056807518005,0.5138435363769531,-0.006083544343709946,0.6760807633399963,0.4784763753414154,-0.009940572082996368,0.6888123750686646,0.45986637473106384,-0.014983970671892166,0.7038960456848145,0.4726108908653259,-0.018555469810962677,0.6831672787666321,0.4399930238723755,-0.0007630736217834055,0.683658242225647,0.39821258187294006,-0.010948758572340012,0.6814348697662354,0.42331790924072266,-0.017403176054358482,0.6822187900543213,0.44464224576950073,-0.020685341209173203,0.6960141062736511,0.44012072682380676,-0.002529815537855029,0.6975399851799011,0.39512643218040466,-0.012377623468637466,0.6940919160842896,0.42441895604133606,-0.015091140754520893,0.6938477754592896,0.4458237290382385,-0.014737982302904129,0.7083737254142761,0.4450254738330841,-0.006245410535484552,0.7111122608184814,0.4023495018482208,-0.013852828182280064,0.70591801404953,0.42668771743774414,-0.012359694577753544,0.704317033290863,0.4480597674846649,-0.009359135292470455,0.7209138870239258,0.4552512466907501,-0.011101325042545795,0.7216619849205017,0.42456093430519104,-0.015040851198136806,0.7155777215957642,0.43640878796577454,-0.014006290584802628,0.7125394940376282,0.45314425230026245,-0.012381658889353275
13,0.23021669685840607,0.52979975938797,-1.4977104001445696e-07,0.20763683319091797,0.5033584237098694,-0.008769631385803223,0.2008717954158783,0.45689132809638977,-0.0119480537250638,0.21504098176956177,0.42500928044319153,-0.015623540617525578,0.23317435383796692,0.4188358783721924,-0.01757238432765007,0.2073705494403839,0.4130886495113373,-0.0006151277921162546,0.20664238929748535,0.36118894815444946,-0.010966436006128788,0.20246988534927368,0.3706052899360657,-0.017120761796832085,0.20133598148822784,0.3956478238105774,-0.019406119361519814,0.2236776202917099,0.40894627571105957,-0.0009747950825840235,0.22519446909427643,0.3487141728401184,-0.011724531650543213,0.21936994791030884,0.36772671341896057,-0.015129273757338524,0.21829722821712494,0.3977711796760559,-0.014052364975214005,0.2388681024312973,0.41434627771377563,-0.0035475969780236483,0.242987722158432,0.3606090843677521,-0.013410278595983982,0.2360042929649353,0.3765504062175751,-0.013668365776538849,0.23417440056800842,0.40322938561439514,-0.010597256943583488,0.2542183995246887,0.42681941390037537,-0.007272612769156694,0.2580854892730713,0.38866546750068665,-0.01471107266843319,0.2523021996021271,0.3937005400657654,-0.015416596084833145,0.24899080395698547,0.41278567910194397,-0.013654185459017754,0.7005671858787537,0.5368157625198364,-1.80200743216119e-07,0.6835768818855286,0.5143601894378662,-0.006037058308720589,0.6765668988227844,0.47934436798095703,-0.009632742963731289,0.6886778473854065,0.4619874358177185,-0.014481984078884125,0.7032371759414673,0.472281277179718,-0.017883535474538803,0.6833930611610413,0.4394330382347107,4.19750576838851e-05,0.6840271353721619,0.3989516496658325,-0.009781530126929283,0.6821379661560059,0.42300790548324585,-0.015929844230413437,0.6826673150062561,0.44533011317253113,-0.018835099413990974,0.6960875391960144,0.43907803297042847,-0.0015307437861338258,0.6974588632583618,0.3953308165073395,-0.011531613767147064,0.6941208243370056,0.42423945665359497,-0.014390652999281883,0.6936625242233276,0.44736039638519287,-0.013757645152509212,0.7085968852043152,0.44405797123908997,-0.0050454456359148026,0.7106241583824158,0.4022600054740906,-0.013000248931348324,0.7057518362998962,0.4263911247253418,-0.011837068013846874,0.7044040560722351,0.4483596384525299,-0.008627540431916714,0.7211034893989563,0.4543778896331787,-0.009636987000703812,0.721232533454895,0.42480552196502686,-0.014028818346560001,0.7159223556518555,0.43542250990867615,-0.013247719034552574,0.7134662866592407,0.45147034525871277,-0.011412511579692364
14,0.23058080673217773,0.5318348407745361,-1.505349018771085e-07,0.20804843306541443,0.5046966671943665,-0.009080948308110237,0.20002253353595734,0.4591006934642792,-0.011960482224822044,0.21280397474765778,0.42509904503822327,-0.015286489389836788,0.22949708998203278,0.41788798570632935,-0.016755014657974243,0.20705656707286835,0.4134852886199951,0.0003184295492246747,0.20680782198905945,0.3627694249153137,-0.009762614965438843,0.20289471745491028,0.37030383944511414,-0.016027340665459633,0.2017531394958496,0.39394211769104004,-0.018483826890587807,0.22339941561222076,0.4093690514564514,0.0002531915088184178,0.22539784014225006,0.35011109709739685,-0.010331902652978897,0.21925470232963562,0.36642083525657654,-0.014142370782792568,0.21791508793830872,0.39592137932777405,-0.013481623493134975,0.23881353437900543,0.41474273800849915,-0.0021587919909507036,0.24355542659759521,0.3619871437549591,-0.012109187431633472,0.23617546260356903,0.3746475279331207,-0.013309964910149574,0.23394416272640228,0.40098878741264343,-0.010867138393223286,0.254298597574234,0.42769700288772583,-0.005766922142356634,0.2588350176811218,0.3900172710418701,-0.013152590952813625,0.2523382306098938,0.39226725697517395,-0.014606147073209286,0.2478652149438858,0.41106948256492615,-0.013470340520143509,0.7009836435317993,0.5376977920532227,-1.889800103072048e-07,0.6835843324661255,0.5136613845825195,-0.005747986026108265,0.6765461564064026,0.47901496291160583,-0.009317194111645222,0.6888344287872314,0.4617282450199127,-0.014230129308998585,0.7033990621566772,0.47325122356414795,-0.017674800008535385,0.6841843128204346,0.4411010444164276,0.00024573455448262393,0.6845032572746277,0.39986521005630493,-0.009917374700307846,0.6824635863304138,0.42429259419441223,-0.01643572933971882,0.6833309531211853,0.44606947898864746,-0.01963590458035469,0.696803092956543,0.4409434497356415,-0.0015438118716701865,0.6980262398719788,0.396206796169281,-0.01166425459086895,0.6947277784347534,0.42455393075942993,-0.014616954140365124,0.6944966912269592,0.4470406472682953,-0.01417860109359026,0.7090101838111877,0.44559213519096375,-0.005310627166181803,0.7109341025352478,0.4029124081134796,-0.01302009355276823,0.7061840891838074,0.42634546756744385,-0.011732750572264194,0.7047567963600159,0.44816216826438904,-0.008625639602541924,0.7212893962860107,0.4554758369922638,-0.010210211388766766,0.7210590839385986,0.42533642053604126,-0.014158390462398529,0.7156282663345337,0.43550267815589905,-0.013275474309921265,0.7129745483398438,0.45149731636047363,-0.011552109383046627
15,0.23188039660453796,0.5174835920333862,-2.0346605822396668e-07,0.2100503146648407,0.49636319279670715,-0.007819668389856815,0.2005343735218048,0.45523589849472046,-0.011648931540548801,0.21134427189826965,0.4234553277492523,-0.016287311911582947,0.22806496918201447,0.41772499680519104,-0.01903451979160309,0.208555668592453,0.406599223613739,-0.0010757321724668145,0.20876827836036682,0.3572217524051666,-0.011318625882267952,0.20403710007667542,0.37197256088256836,-0.01716659590601921,0.20314352214336395,0.39787933230400085,-0.01952258124947548,0.22439229488372803,0.40443155169487,-0.002037901198491454,0.227294921875,0.3463285267353058,-0.012223352678120136,0.2208983600139618,0.36731138825416565,-0.014947135001420975,0.2205355167388916,0.39576464891433716,-0.013881650753319263,0.2387588620185852,0.41122475266456604,-0.005054925102740526,0.24411168694496155,0.36122122406959534,-0.014594362117350101,0.236399844288826,0.3782716393470764,-0.013851041905581951,0.23440071940422058,0.4036775231361389,-0.010275766253471375,0.25395718216896057,0.4261958599090576,-0.009161358699202538,0.25878480076789856,0.38755401968955994,-0.01581118442118168,0.2527320384979248,0.39061275124549866,-0.015860432758927345,0.2488117665052414,0.40766003727912903,-0.013898485340178013,0.7007626891136169,0.5375332832336426,-1.8785634381401906e-07,0.6836112141609192,0.514132559299469,-0.005650547798722982,0.6768919229507446,0.4794037342071533,-0.008917000144720078,0.689309298992157,0.4619722068309784,-0.013496752828359604,0.7037108540534973,0.47336387634277344,-0.01659058779478073,0.6838054060935974,0.4409402012825012,0.0006738302181474864,0.6845380663871765,0.39954885840415955,-0.009298581629991531,0.6825662851333618,0.42392995953559875,-0.015547116287052631,0.6833562254905701,0.4454343318939209,-0.01854541338980198,0.6965852975845337,0.4407638907432556,-0.0011068928288295865,0.6984012722969055,0.39595237374305725,-0.010945532470941544,0.6950651407241821,0.42430123686790466,-0.013645309954881668,0.6947412490844727,0.44614583253860474,-0.013040892779827118,0.7090138792991638,0.44567474722862244,-0.004884959198534489,0.7114898562431335,0.4034646153450012,-0.012559990398585796,0.7065378427505493,0.42726030945777893,-0.011124088428914547,0.7051291465759277,0.44837287068367004,-0.007914827205240726,0.7215728163719177,0.455885648727417,-0.009766826406121254,0.7215191125869751,0.42610758543014526,-0.013676575385034084,0.715923011302948,0.4371045231819153,-0.012613669037818909,0.7134031057357788,0.45299625396728516,-0.0107750678434968
16,0.2322031408548355,0.5147408843040466,-2.0880513318388694e-07,0.2114662528038025,0.49310386180877686,-0.008120921440422535,0.20219455659389496,0.45406314730644226,-0.012669923715293407,0.21315284073352814,0.4228849411010742,-0.01795988157391548,0.22993256151676178,0.4161001741886139,-0.021483656018972397,0.20911197364330292,0.40606117248535156,-0.002612641779705882,0.20838221907615662,0.35634106397628784,-0.013213994912803173,0.20340421795845032,0.3704319894313812,-0.019150501117110252,0.20226827263832092,0.3973834216594696,-0.021490922197699547,0.2245863378047943,0.4032822549343109,-0.003595024347305298,0.22651877999305725,0.34392669796943665,-0.01433472242206335,0.22010017931461334,0.36579304933547974,-0.017333349213004112,0.2196113020181656,0.39615732431411743,-0.016477057710289955,0.23945847153663635,0.40961089730262756,-0.006525659468024969,0.24463269114494324,0.3584468960762024,-0.016374394297599792,0.23707163333892822,0.3763215243816376,-0.01578647643327713,0.2350977063179016,0.4025401473045349,-0.012402361258864403,0.25497546792030334,0.4242191016674042,-0.01050964742898941,0.2593994140625,0.38524508476257324,-0.017220880836248398,0.252959281206131,0.39001527428627014,-0.01706577278673649,0.24894092977046967,0.4082738161087036,-0.015047375112771988,0.7008359432220459,0.5381072163581848,-1.9264436446064792e-07,0.6837033629417419,0.5146478414535522,-0.005881382152438164,0.6772189140319824,0.47937580943107605,-0.009280520491302013,0.6896530389785767,0.46173804998397827,-0.01396200992166996,0.7036178112030029,0.4730255603790283,-0.017059408128261566,0.6837238073348999,0.44071897864341736,0.00016276718815788627,0.6846851706504822,0.3988516330718994,-0.01014170702546835,0.6824741959571838,0.4247756600379944,-0.01639256440103054,0.6831046938896179,0.44684505462646484,-0.019282130524516106,0.6965147256851196,0.4408396780490875,-0.001547470223158598,0.6987009048461914,0.39574533700942993,-0.011674884706735611,0.69501793384552,0.42553719878196716,-0.014189992100000381,0.6944762468338013,0.44742551445961,-0.01337487157434225,0.7088589668273926,0.44583094120025635,-0.005299208220094442,0.7119938731193542,0.4030890464782715,-0.013189662247896194,0.7064334154129028,0.4275856018066406,-0.011604099534451962,0.7046215534210205,0.4487465023994446,-0.008202740922570229,0.7212269306182861,0.45568278431892395,-0.010167120955884457,0.7214616537094116,0.4252638816833496,-0.014121752232313156,0.7154152393341064,0.43623706698417664,-0.013080322183668613,0.7125535011291504,0.45213544368743896,-0.011227131821215153
17,0.2322031408548355,0.5147408843040466,-2.0880513318388694e-07,0.2114662528038025,0.49310386180877686,-0.008120921440422535,0.20219455659389496,0.45406314730644226,-0.012669923715293407,0.21315284073352814,0.4228849411010742,-0.01795988157391548,0.22993256151676178,0.4161001741886139,-0.021483656018972397,0.20911197364330292,0.40606117248535156,-0.002612641779705882,0.20838221907615662,0.35634106397628784,-0.013213994912803173,0.20340421795845032,0.3704319894313812,-0.019150501117110252,0.20226827263832092,0.3973834216594696,-0.021490922197699547,0.2245863378047943,0.4032822549343109,-0.003595024347305298,0.22651877999305725,0.34392669796943665,-0.01433472242206335,0.22010017931461334,0.36579304933547974,-0.017333349213004112,0.2196113020181656,0.39615732431411743,-0.016477057710289955,0.23945847153663635,0.40961089730262756,-0.006525659468024969,0.24463269114494324,0.3584468960762024,-0.016374394297599792,0.23707163333892822,0.3763215243816376,-0.01578647643327713,0.2350977063179016,0.4025401473045349,-0.012402361258864403,0.25497546792030334,0.4242191016674042,-0.01050964742898941,0.2593994140625,0.38524508476257324,-0.017220880836248398,0.252959281206131,0.39001527428627014,-0.01706577278673649,0.24894092977046967,0.4082738161087036,-0.015047375112771988,0.7008359432220459,0.5381072163581848,-1.9264436446064792e-07,0.6837033629417419,0.5146478414535522,-0.005881382152438164,0.6772189140319824,0.47937580943107605,-0.009280520491302013,0.6896530389785767,0.46173804998397827,-0.01396200992166996,0.7036178112030029,0.4730255603790283,-0.017059408128261566,0.6837238073348999,0.44071897864341736,0.00016276718815788627,0.6846851706504822,0.3988516330718994,-0.01014170702546835,0.6824741959571838,0.4247756600379944,-0.01639256440103054,0.6831046938896179,0.44684505462646484,-0.019282130524516106,0.6965147256851196,0.4408396780490875,-0.001547470223158598,0.6987009048461914,0.39574533700942993,-0.011674884706735611,0.69501793384552,0.42553719878196716,-0.014189992100000381,0.6944762468338013,0.44742551445961,-0.01337487157434225,0.7088589668273926,0.44583094120025635,-0.005299208220094442,0.7119938731193542,0.4030890464782715,-0.013189662247896194,0.7064334154129028,0.4275856018066406,-0.011604099534451962,0.7046215534210205,0.4487465023994446,-0.008202740922570229,0.7212269306182861,0.45568278431892395,-0.010167120955884457,0.7214616537094116,0.4252638816833496,-0.014121752232313156,0.7154152393341064,0.43623706698417664,-0.013080322183668613,0.7125535011291504,0.45213544368743896,-0.011227131821215153
18,0.2321033775806427,0.5155155658721924,-2.140528749805526e-07,0.21030254662036896,0.4930027723312378,-0.007180609740316868,0.20154759287834167,0.4531366527080536,-0.010296555235981941,0.21303941309452057,0.4213649034500122,-0.014391928911209106,0.22937701642513275,0.41621214151382446,-0.01660216599702835,0.20872679352760315,0.4060812294483185,0.0013523708330467343,0.2090381234884262,0.3568072021007538,-0.008458282798528671,0.20383130013942719,0.3710819184780121,-0.014437701553106308,0.20243987441062927,0.3972092866897583,-0.01689806953072548,0.22465945780277252,0.4037534296512604,0.0003886179474648088,0.2275460958480835,0.34611228108406067,-0.00970272347331047,0.220810204744339,0.36649900674819946,-0.013035692274570465,0.2197863757610321,0.3948352634906769,-0.01241255085915327,0.23926767706871033,0.40975087881088257,-0.002671437105163932,0.24455660581588745,0.3602008819580078,-0.012162607163190842,0.23665054142475128,0.37635958194732666,-0.012034356594085693,0.23424699902534485,0.4017530381679535,-0.008863667026162148,0.25472235679626465,0.4237866699695587,-0.0067942580208182335,0.25980743765830994,0.38616055250167847,-0.013266222551465034,0.25340908765792847,0.3892056941986084,-0.013531793840229511,0.24899230897426605,0.40642988681793213,-0.011772122234106064,0.7009122967720032,0.538612425327301,-1.9394779826598096e-07,0.6838908195495605,0.5139413475990295,-0.005374665837734938,0.6768506765365601,0.4789772033691406,-0.008830219507217407,0.6892554759979248,0.46162593364715576,-0.013692565262317657,0.7038342356681824,0.47263646125793457,-0.01713097281754017,0.6843879222869873,0.44073790311813354,0.0003185478562954813,0.6850288510322571,0.39893829822540283,-0.00984172709286213,0.6827399730682373,0.4235760271549225,-0.016211222857236862,0.6836137771606445,0.4450106620788574,-0.019351592287421227,0.6971338987350464,0.44097840785980225,-0.0017616039840504527,0.6989946365356445,0.39562979340553284,-0.011687850579619408,0.6952769756317139,0.42415592074394226,-0.01437497977167368,0.6948339343070984,0.4461067020893097,-0.013880996033549309,0.7095714807510376,0.44622963666915894,-0.005780539941042662,0.7120570540428162,0.4031360447406769,-0.013471380807459354,0.7069105505943298,0.4275940954685211,-0.011720686219632626,0.7054099440574646,0.4492031931877136,-0.00839722529053688,0.7221028804779053,0.45685014128685,-0.010883591137826443,0.7220388650894165,0.4261019825935364,-0.014774500392377377,0.716468095779419,0.4370647966861725,-0.013457185588777065,0.7139742374420166,0.4530121982097626,-0.011487849988043308
19,0.23165109753608704,0.5062673091888428,-2.0162073610663356e-07,0.2126609981060028,0.4854513108730316,-0.010836945846676826,0.20311476290225983,0.4491283595561981,-0.016554372385144234,0.2147306203842163,0.42053136229515076,-0.0223857369273901,0.2314479947090149,0.4172477126121521,-0.02653978019952774,0.21115422248840332,0.39941003918647766,-0.005127341952174902,0.21203067898750305,0.3522111773490906,-0.01584932953119278,0.2069794237613678,0.36888450384140015,-0.02226472832262516,0.20571006834506989,0.39503705501556396,-0.025242306292057037,0.22674642503261566,0.3978007137775421,-0.004818492569029331,0.22903966903686523,0.3431406319141388,-0.016036109998822212,0.2214874029159546,0.36770766973495483,-0.01980440877377987,0.22083301842212677,0.3972379267215729,-0.019719326868653297,0.24167793989181519,0.40464335680007935,-0.006623412016779184,0.24548999965190887,0.35924673080444336,-0.01689157821238041,0.23709061741828918,0.3808773159980774,-0.017201540991663933,0.23588670790195465,0.40719208121299744,-0.014674332924187183,0.2569529116153717,0.41954144835472107,-0.009662051685154438,0.2594279944896698,0.383333683013916,-0.0161589402705431,0.2518281638622284,0.39292964339256287,-0.016104742884635925,0.24869246780872345,0.41234368085861206,-0.014538549818098545,0.7019320726394653,0.5401016473770142,-1.9792322802913986e-07,0.6851417422294617,0.5150880813598633,-0.005742283072322607,0.6775871515274048,0.4794062376022339,-0.009692776948213577,0.6900346279144287,0.4611765444278717,-0.014883767813444138,0.7049466967582703,0.47374361753463745,-0.01850869692862034,0.6853398680686951,0.4399597644805908,-0.000557672290597111,0.6853936314582825,0.39815211296081543,-0.011135674081742764,0.6831766963005066,0.4241183400154114,-0.017592785879969597,0.6843736171722412,0.4458690881729126,-0.020751452073454857,0.6983026266098022,0.44062671065330505,-0.0025487099774181843,0.6996290683746338,0.396046906709671,-0.012752081267535686,0.6958205699920654,0.42536863684654236,-0.01508035883307457,0.6954947113990784,0.4467194676399231,-0.01431096438318491,0.7108094096183777,0.4463637173175812,-0.006533221807330847,0.7128799557685852,0.40502533316612244,-0.014369938522577286,0.7075294852256775,0.42987605929374695,-0.012218262068927288,0.7062087655067444,0.45070433616638184,-0.008612914010882378,0.7234179377555847,0.45743468403816223,-0.01164382603019476,0.722608208656311,0.4275451898574829,-0.015382833778858185,0.7167075872421265,0.4390508234500885,-0.013836235739290714,0.7143833637237549,0.45465564727783203,-0.011741608381271362
20,0.23165109753608704,0.5062673091888428,-2.0162073610663356e-07,0.2126609981060028,0.4854513108730316,-0.010836945846676826,0.20311476290225983,0.4491283595561981,-0.016554372385144234,0.2147306203842163,0.42053136229515076,-0.0223857369273901,0.2314479947090149,0.4172477126121521,-0.02653978019952774,0.21115422248840332,0.39941003918647766,-0.005127341952174902,0.21203067898750305,0.3522111773490906,-0.01584932953119278,0.2069794237613678,0.36888450384140015,-0.02226472832262516,0.20571006834506989,0.39503705501556396,-0.025242306292057037,0.22674642503261566,0.3978007137775421,-0.004818492569029331,0.22903966903686523,0.3431406319141388,-0.016036109998822212,0.2214874029159546,0.36770766973495483,-0.01980440877377987,0.22083301842212677,0.3972379267215729,-0.019719326868653297,0.24167793989181519,0.40464335680007935,-0.006623412016779184,0.24548999965190887,0.35924673080444336,-0.01689157821238041,0.23709061741828918,0.3808773159980774,-0.017201540991663933,0.23588670790195465,0.40719208121299744,-0.014674332924187183,0.2569529116153717,0.41954144835472107,-0.009662051685154438,0.2594279944896698,0.383333683013916,-0.0161589402705431,0.2518281638622284,0.39292964339256287,-0.016104742884635925,0.24869246780872345,0.41234368085861206,-0.014538549818098545,0.7019320726394653,0.5401016473770142,-1.9792322802913986e-07,0.6851417422294617,0.5150880813598633,-0.005742283072322607,0.6775871515274048,0.4794062376022339,-0.009692776948213577,0.6900346279144287,0.4611765444278717,-0.014883767813444138,0.7049466967582703,0.47374361753463745,-0.01850869692862034,0.6853398680686951,0.4399597644805908,-0.000557672290597111,0.6853936314582825,0.39815211296081543,-0.011135674081742764,0.6831766963005066,0.4241183400154114,-0.017592785879969597,0.6843736171722412,0.4458690881729126,-0.020751452073454857,0.6983026266098022,0.44062671065330505,-0.0025487099774181843,0.6996290683746338,0.396046906709671,-0.012752081267535686,0.6958205699920654,0.42536863684654236,-0.01508035883307457,0.6954947113990784,0.4467194676399231,-0.01431096438318491,0.7108094096183777,0.4463637173175812,-0.006533221807330847,0.7128799557685852,0.40502533316612244,-0.014369938522577286,0.7075294852256775,0.42987605929374695,-0.012218262068927288,0.7062087655067444,0.45070433616638184,-0.008612914010882378,0.7234179377555847,0.45743468403816223,-0.01164382603019476,0.722608208656311,0.4275451898574829,-0.015382833778858185,0.7167075872421265,0.4390508234500885,-0.013836235739290714,0.7143833637237549,0.45465564727783203,-0.011741608381271362
21,0.24275729060173035,0.48126617074012756,-2.300830459489589e-07,0.22905535995960236,0.45995134115219116,-0.006898467428982258,0.22201353311538696,0.43868371844291687,-0.011965394020080566,0.22782686352729797,0.4224061071872711,-0.017067300155758858,0.23546990752220154,0.41940295696258545,-0.02063474804162979,0.22435720264911652,0.3890523910522461,-0.005568350665271282,0.218698650598526,0.35290756821632385,-0.01455681212246418,0.21293915808200836,0.37183433771133423,-0.019232431426644325,0.21119430661201477,0.39781877398490906,-0.02102491818368435,0.23667052388191223,0.3878200352191925,-0.005774839781224728,0.2311379611492157,0.3420972526073456,-0.016430402174592018,0.22364763915538788,0.3722360134124756,-0.01810169406235218,0.22313208878040314,0.40096089243888855,-0.01663750596344471,0.24928396940231323,0.39368194341659546,-0.007229247130453587,0.24768796563148499,0.35817834734916687,-0.015410351566970348,0.23883146047592163,0.3863729238510132,-0.011485272087156773,0.23848752677440643,0.41160261631011963,-0.0065592494793236256,0.26361969113349915,0.4101036489009857,-0.009512663818895817,0.26164498925209045,0.3843142092227936,-0.012792215682566166,0.25380516052246094,0.4011877775192261,-0.008959498256444931,0.2524566054344177,0.4205775260925293,-0.004964144434779882,0.7016749978065491,0.5408977270126343,-1.917537701956462e-07,0.6848236918449402,0.5160580277442932,-0.006234645377844572,0.6777381896972656,0.4797585904598236,-0.010276985354721546,0.6902715563774109,0.4616577625274658,-0.0154418358579278,0.7052431106567383,0.4745493233203888,-0.019066736102104187,0.6857132315635681,0.4404279887676239,-0.0009826741879805923,0.68650883436203,0.3982538878917694,-0.011407890357077122,0.6838606595993042,0.42340871691703796,-0.01789194718003273,0.684564471244812,0.445053368806839,-0.021128732711076736,0.6985201239585876,0.44131141901016235,-0.002817917615175247,0.7006719708442688,0.3956795930862427,-0.012969913892447948,0.6964954733848572,0.4243796467781067,-0.01567232795059681,0.695782482624054,0.44603630900382996,-0.015153218060731888,0.7108476758003235,0.44723936915397644,-0.0066230688244104385,0.7139198780059814,0.40504273772239685,-0.014494635164737701,0.7082687616348267,0.42914915084838867,-0.012806215323507786,0.7063495516777039,0.45001867413520813,-0.009520313702523708,0.7232140898704529,0.4585903286933899,-0.011572652496397495,0.7237195372581482,0.4278929829597473,-0.015595415607094765,0.7175618410110474,0.4395778477191925,-0.014294292777776718,0.7145599722862244,0.4558192491531372,-0.012362615205347538
22,0.2336612194776535,0.533292293548584,-1.4798013125982834e-07,0.211313396692276,0.5035955905914307,-0.009017004631459713,0.2047240138053894,0.45781970024108887,-0.011597058735787868,0.21861425042152405,0.42520439624786377,-0.01464396808296442,0.23635311424732208,0.42111802101135254,-0.015829036012291908,0.21177059412002563,0.41437625885009766,0.001807042513974011,0.21158342063426971,0.3641796112060547,-0.007811306044459343,0.20869968831539154,0.3747282028198242,-0.01415997464209795,0.2082183063030243,0.39997339248657227,-0.016806727275252342,0.22794805467128754,0.4105043411254883,0.002150637796148658,0.2297917604446411,0.3522757887840271,-0.007847280241549015,0.22345170378684998,0.36892765760421753,-0.011717857792973518,0.22212086617946625,0.39720889925956726,-0.011392301879823208,0.242803692817688,0.4155360460281372,6.207953992998227e-05,0.24653108417987823,0.3624693751335144,-0.009122159332036972,0.23901309072971344,0.37674030661582947,-0.010092058219015598,0.23754911124706268,0.40433746576309204,-0.007776828948408365,0.25820615887641907,0.4289243519306183,-0.0033275329042226076,0.261086642742157,0.3919598162174225,-0.010027458891272545,0.25573500990867615,0.3949053883552551,-0.011492696590721607,0.25316688418388367,0.4133988618850708,-0.010607845149934292,0.7019466161727905,0.5417422652244568,-2.082971377603826e-07,0.6853574514389038,0.5147804617881775,-0.0051455628126859665,0.6779131889343262,0.47945186495780945,-0.009056171402335167,0.6903681755065918,0.46202579140663147,-0.014459105208516121,0.7057071924209595,0.4739502966403961,-0.018377184867858887,0.6856943368911743,0.4390180706977844,0.0002631675451993942,0.6864029765129089,0.39633774757385254,-0.010597478598356247,0.6840141415596008,0.4221789240837097,-0.017623502761125565,0.6848537921905518,0.4452421963214874,-0.021132778376340866,0.6986405849456787,0.44021379947662354,-0.0021096377167850733,0.7007203698158264,0.39498037099838257,-0.012464596889913082,0.6966748237609863,0.42499926686286926,-0.015236903913319111,0.6961807608604431,0.4475725591182709,-0.014876928180456161,0.7112780809402466,0.44611692428588867,-0.006478259339928627,0.7143735885620117,0.4038487672805786,-0.014365492388606071,0.7084269523620605,0.42887112498283386,-0.012301109731197357,0.7065981030464172,0.4508443772792816,-0.008822054602205753,0.7240543961524963,0.4575229585170746,-0.011956939473748207,0.7247316837310791,0.42641595005989075,-0.015623420476913452,0.71820467710495,0.4381003677845001,-0.013873784802854061,0.7150822281837463,0.45471441745758057,-0.011708943173289299
23,0.2336612194776535,0.533292293548584,-1.4798013125982834e-07,0.211313396692276,0.5035955905914307,-0.009017004631459713,0.2047240138053894,0.45781970024108887,-0.011597058735787868,0.21861425042152405,0.42520439624786377,-0.01464396808296442,0.23635311424732208,0.42111802101135254,-0.015829036012291908,0.21177059412002563,0.41437625885009766,0.001807042513974011,0.21158342063426971,0.3641796112060547,-0.007811306044459343,0.20869968831539154,0.3747282028198242,-0.01415997464209795,0.2082183063030243,0.39997339248657227,-0.016806727275252342,0.22794805467128754,0.4105043411254883,0.002150637796148658,0.2297917604446411,0.3522757887840271,-0.007847280241549015,0.22345170378684998,0.36892765760421753,-0.011717857792973518,0.22212086617946625,0.39720889925956726,-0.011392301879823208,0.242803692817688,0.4155360460281372,6.207953992998227e-05,0.24653108417987823,0.3624693751335144,-0.009122159332036972,0.23901309072971344,0.37674030661582947,-0.010092058219015598,0.23754911124706268,0.40433746576309204,-0.007776828948408365,0.25820615887641907,0.4289243519306183,-0.0033275329042226076,0.261086642742157,0.3919598162174225,-0.010027458891272545,0.25573500990867615,0.3949053883552551,-0.011492696590721607,0.25316688418388367,0.4133988618850708,-0.010607845149934292,0.7019466161727905,0.5417422652244568,-2.082971377603826e-07,0.6853574514389038,0.5147804617881775,-0.0051455628126859665,0.6779131889343262,0.47945186495780945,-0.009056171402335167,0.6903681755065918,0.46202579140663147,-0.014459105208516121,0.7057071924209595,0.4739502966403961,-0.018377184867858887,0.6856943368911743,0.4390180706977844,0.0002631675451993942,0.6864029765129089,0.39633774757385254,-0.010597478598356247,0.6840141415596008,0.4221789240837097,-0.017623502761125565,0.6848537921905518,0.4452421963214874,-0.021132778376340866,0.6986405849456787,0.44021379947662354,-0.0021096377167850733,0.7007203698158264,0.39498037099838257,-0.012464596889913082,0.6966748237609863,0.42499926686286926,-0.015236903913319111,0.6961807608604431,0.4475725591182709,-0.014876928180456161,0.7112780809402466,0.44611692428588867,-0.006478259339928627,0.7143735885620117,0.4038487672805786,-0.014365492388606071,0.7084269523620605,0.42887112498283386,-0.012301109731197357,0.7065981030464172,0.4508443772792816,-0.008822054602205753,0.7240543961524963,0.4575229585170746,-0.011956939473748207,0.7247316837310791,0.42641595005989075,-0.015623420476913452,0.71820467710495,0.4381003677845001,-0.013873784802854061,0.7150822281837463,0.45471441745758057,-0.011708943173289299
24,0.23683156073093414,0.5335037112236023,-1.4270149506501184e-07,0.21401557326316833,0.505496621131897,-0.010001509450376034,0.20610037446022034,0.4615520238876343,-0.012902372516691685,0.2171650230884552,0.426961749792099,-0.016041839495301247,0.23098072409629822,0.4157860577106476,-0.01706668920814991,0.21339136362075806,0.41426748037338257,0.0012338473461568356,0.2130005806684494,0.3615587651729584,-0.00847899354994297,0.20945410430431366,0.3709076941013336,-0.014656366780400276,0.20869231224060059,0.3953893482685089,-0.01717459037899971,0.22906279563903809,0.4107425808906555,0.001923296833410859,0.22986912727355957,0.3492398262023926,-0.009506531991064548,0.22263117134571075,0.36726921796798706,-0.014146675355732441,0.2211620956659317,0.3961298167705536,-0.014048703946173191,0.24329791963100433,0.4151827394962311,9.232594311470166e-05,0.24661794304847717,0.36009180545806885,-0.01053127832710743,0.23903343081474304,0.3732912838459015,-0.012366716749966145,0.23759156465530396,0.4020041227340698,-0.010267876088619232,0.2589263916015625,0.42821043729782104,-0.0030191498808562756,0.2623271942138672,0.3900260627269745,-0.01058803778141737,0.25635212659835815,0.39214077591896057,-0.012817329727113247,0.2533295154571533,0.41110387444496155,-0.012368451803922653,0.701632559299469,0.5416077375411987,-2.0215404106238566e-07,0.6851957440376282,0.5150020718574524,-0.005629923660308123,0.6778499484062195,0.4796352982521057,-0.009759810753166676,0.6905775666236877,0.46203258633613586,-0.015271562151610851,0.7058385610580444,0.4748467206954956,-0.01926932856440544,0.68572998046875,0.439044326543808,3.80767960450612e-05,0.6863288283348083,0.39699795842170715,-0.010614939033985138,0.6841884255409241,0.4233018159866333,-0.01757621392607689,0.6852477788925171,0.44586384296417236,-0.021172229200601578,0.698685348033905,0.4399958550930023,-0.0021612229757010937,0.7005125880241394,0.39544200897216797,-0.012322038412094116,0.6969521641731262,0.4257204830646515,-0.015068874694406986,0.696683943271637,0.4477813243865967,-0.014769825153052807,0.7113661170005798,0.4458642899990082,-0.006391159724444151,0.7144749760627747,0.4035245180130005,-0.014195886440575123,0.7089405059814453,0.4288470447063446,-0.012133218348026276,0.7072564959526062,0.4504238963127136,-0.008733873255550861,0.724223256111145,0.4574555456638336,-0.011783373542129993,0.7251520156860352,0.42671701312065125,-0.01550717931240797,0.7186441421508789,0.439175546169281,-0.01378247607499361,0.7154936194419861,0.45578885078430176,-0.011675222776830196
25,0.23550726473331451,0.5252788066864014,-1.957821922360381e-07,0.21493729948997498,0.4998445510864258,-0.007862876169383526,0.20697486400604248,0.45707938075065613,-0.010867010802030563,0.21956796944141388,0.42444682121276855,-0.014311903156340122,0.2368011325597763,0.4203340411186218,-0.015821700915694237,0.21386197209358215,0.410087525844574,-0.00017053585906978697,0.21490012109279633,0.35939687490463257,-0.009583214297890663,0.21096093952655792,0.37186092138290405,-0.015218071639537811,0.20946311950683594,0.3977225720882416,-0.017570551484823227,0.22965002059936523,0.4075177013874054,-0.00032702842145226896,0.2319062501192093,0.34944605827331543,-0.009621194563806057,0.22565530240535736,0.36989837884902954,-0.01217634230852127,0.2241821587085724,0.3979990780353546,-0.01132409181445837,0.2442452758550644,0.4133206903934479,-0.0025460708420723677,0.24835938215255737,0.36162927746772766,-0.011435214430093765,0.24132978916168213,0.37899094820022583,-0.010572841390967369,0.2394387125968933,0.40617918968200684,-0.007261661812663078,0.25998345017433167,0.4290209412574768,-0.005875207483768463,0.26306653022766113,0.3898414969444275,-0.012854289263486862,0.25695285201072693,0.3955242335796356,-0.01317443884909153,0.2530597746372223,0.41435620188713074,-0.011483791284263134,0.7019099593162537,0.5415489077568054,-2.04283921334536e-07,0.6853778958320618,0.5160043239593506,-0.005315596237778664,0.6783451437950134,0.4803214371204376,-0.009006940759718418,0.6907700300216675,0.46205857396125793,-0.01405008789151907,0.7055196762084961,0.47359195351600647,-0.017517350614070892,0.6853955388069153,0.4390307664871216,0.0002138001873390749,0.6861484050750732,0.39661601185798645,-0.01026302482932806,0.6842097043991089,0.42270174622535706,-0.01697714626789093,0.6848964691162109,0.4452044665813446,-0.0203622505068779,0.6983001828193665,0.4398973882198334,-0.0019496759632602334,0.7002267241477966,0.3948550224304199,-0.011764287017285824,0.696881890296936,0.42481398582458496,-0.014287536032497883,0.6962257623672485,0.44642096757888794,-0.013873398303985596,0.7110204696655273,0.4458412528038025,-0.00608840910717845,0.7138636112213135,0.40373143553733826,-0.013609298504889011,0.7086504697799683,0.4290825128555298,-0.011490528471767902,0.7068455815315247,0.4500320851802826,-0.00812394917011261,0.723992109298706,0.45748984813690186,-0.011341709643602371,0.7244280576705933,0.42725008726119995,-0.015030122362077236,0.7185035943984985,0.43959125876426697,-0.013414943590760231,0.715644896030426,0.4554154574871063,-0.011396326124668121
26,0.24227873980998993,0.4951920807361603,-1.8745238605788472e-07,0.2262609302997589,0.4765542149543762,-0.011037325486540794,0.21783047914505005,0.44605278968811035,-0.018001724034547806,0.2262049913406372,0.4242632985115051,-0.024884674698114395,0.23931120336055756,0.41382765769958496,-0.030331943184137344,0.22456111013889313,0.3957820534706116,-0.008897524327039719,0.2234594076871872,0.35354724526405334,-0.019290493801236153,0.21648478507995605,0.3683951497077942,-0.02537868730723858,0.21448682248592377,0.3951719105243683,-0.028246449306607246,0.23762033879756927,0.39567771553993225,-0.008626407943665981,0.23734360933303833,0.3431765139102936,-0.020663145929574966,0.22917699813842773,0.36431726813316345,-0.02498457580804825,0.22842061519622803,0.39600470662117004,-0.025419892743229866,0.2510383725166321,0.4039541482925415,-0.010135870426893234,0.25344374775886536,0.3591870665550232,-0.020780211314558983,0.2451542317867279,0.3753195106983185,-0.022134240716695786,0.2442590892314911,0.40093210339546204,-0.020666122436523438,0.26580315828323364,0.42145365476608276,-0.01268304605036974,0.2683262526988983,0.3880973756313324,-0.019269855692982674,0.26052412390708923,0.3956904113292694,-0.01973346248269081,0.25763389468193054,0.4146515130996704,-0.018833184614777565,0.702665388584137,0.5416581034660339,-2.0511480158802442e-07,0.6857229471206665,0.5144113898277283,-0.005458522588014603,0.6782007813453674,0.4796085059642792,-0.009457789361476898,0.6908087134361267,0.4620572626590729,-0.014938260428607464,0.706360936164856,0.47178471088409424,-0.0189579576253891,0.6857495307922363,0.43812352418899536,0.0007210936746560037,0.686469316482544,0.39618608355522156,-0.009919879958033562,0.684424638748169,0.42169466614723206,-0.017102204263210297,0.6851556897163391,0.4449763298034668,-0.020812639966607094,0.6988159418106079,0.4389563798904419,-0.0015039490535855293,0.7006925940513611,0.3937501907348633,-0.01152200996875763,0.6970238089561462,0.4237109422683716,-0.014510596171021461,0.6962997913360596,0.44666415452957153,-0.0144519517198205,0.7115944027900696,0.4449353814125061,-0.005758311133831739,0.7141597867012024,0.40229275822639465,-0.013638828881084919,0.7084414958953857,0.42804208397865295,-0.011766290292143822,0.7063051462173462,0.45060691237449646,-0.008471890352666378,0.7244184017181396,0.4567168653011322,-0.011149641126394272,0.7241239547729492,0.4259636700153351,-0.015147347934544086,0.7177673578262329,0.43846869468688965,-0.013564486987888813,0.7144814729690552,0.4554750621318817,-0.011485147289931774
27,0.24227873980998993,0.4951920807361603,-1.8745238605788472e-07,0.2262609302997589,0.4765542149543762,-0.011037325486540794,0.21783047914505005,0.44605278968811035,-0.018001724034547806,0.2262049913406372,0.4242632985115051,-0.024884674698114395,0.23931120336055756,0.41382765769958496,-0.030331943184137344,0.22456111013889313,0.3957820534706116,-0.008897524327039719,0.2234594076871872,0.35354724526405334,-0.019290493801236153,0.21648478507995605,0.3683951497077942,-0.02537868730723858,0.21448682248592377,0.3951719105243683,-0.028246449306607246,0.23762033879756927,0.39567771553993225,-0.008626407943665981,0.23734360933303833,0.3431765139102936,-0.020663145929574966,0.22917699813842773,0.36431726813316345,-0.02498457580804825,0.22842061519622803,0.39600470662117004,-0.025419892743229866,0.2510383725166321,0.4039541482925415,-0.010135870426893234,0.25344374775886536,0.3591870665550232,-0.020780211314558983,0.2451542317867279,0.3753195106983185,-0.022134240716695786,0.2442590892314911,0.40093210339546204,-0.020666122436523438,0.26580315828323364,0.42145365476608276,-0.01268304605036974,0.2683262526988983,0.3880973756313324,-0.019269855692982674,0.26052412390708923,0.3956904113292694,-0.01973346248269081,0.25763389468193054,0.4146515130996704,-0.018833184614777565,0.702665388584137,0.5416581034660339,-2.0511480158802442e-07,0.6857229471206665,0.5144113898277283,-0.005458522588014603,0.6782007813453674,0.4796085059642792,-0.009457789361476898,0.6908087134361267,0.4620572626590729,-0.014938260428607464,0.706360936164856,0.47178471088409424,-0.0189579576253891,0.6857495307922363,0.43812352418899536,0.0007210936746560037,0.686469316482544,0.39618608355522156,-0.009919879958033562,0.684424638748169,0.42169466614723206,-0.017102204263210297,0.6851556897163391,0.4449763298034668,-0.020812639966607094,0.6988159418106079,0.4389563798904419,-0.0015039490535855293,0.7006925940513611,0.3937501907348633,-0.01152200996875763,0.6970238089561462,0.4237109422683716,-0.014510596171021461,0.6962997913360596,0.44666415452957153,-0.0144519517198205,0.7115944027900696,0.4449353814125061,-0.005758311133831739,0.7141597867012024,0.40229275822639465,-0.013638828881084919,0.7084414958953857,0.42804208397865295,-0.011766290292143822,0.7063051462173462,0.45060691237449646,-0.008471890352666378,0.7244184017181396,0.4567168653011322,-0.011149641126394272,0.7241239547729492,0.4259636700153351,-0.015147347934544086,0.7177673578262329,0.43846869468688965,-0.013564486987888813,0.7144814729690552,0.4554750621318817,-0.011485147289931774
28,0.24362662434577942,0.4929327368736267,-1.9546776286460954e-07,0.22675278782844543,0.4745047092437744,-0.010270170867443085,0.21754910051822662,0.44568562507629395,-0.016965290531516075,0.22630633413791656,0.42409640550613403,-0.023716943338513374,0.2396046668291092,0.4135737717151642,-0.028918690979480743,0.22369104623794556,0.3934553265571594,-0.007999809458851814,0.2227540910243988,0.3530025780200958,-0.01893175020813942,0.21799978613853455,0.37007543444633484,-0.025444407016038895,0.2168130874633789,0.3965632915496826,-0.02857845276594162,0.23818926513195038,0.3925192952156067,-0.008190269581973553,0.23834452033042908,0.34296610951423645,-0.019816644489765167,0.2318560779094696,0.36830636858940125,-0.023283321410417557,0.2312534749507904,0.39888566732406616,-0.023346956819295883,0.2522258162498474,0.40005481243133545,-0.010227752849459648,0.2562820315361023,0.35869136452674866,-0.020304374396800995,0.24924838542938232,0.38035550713539124,-0.019660191610455513,0.24824577569961548,0.40674400329589844,-0.017026549205183983,0.26704198122024536,0.4169358015060425,-0.013428956270217896,0.27065667510032654,0.3863523006439209,-0.019799813628196716,0.2640685737133026,0.3974353075027466,-0.01923539489507675,0.26103973388671875,0.4163963794708252,-0.017596768215298653,0.7016803622245789,0.5412684679031372,-2.0633247288515122e-07,0.6851059794425964,0.5134872794151306,-0.005657257977873087,0.6774559020996094,0.477879136800766,-0.010027791373431683,0.6900621056556702,0.46069908142089844,-0.015893232077360153,0.705612063407898,0.4729025363922119,-0.020276017487049103,0.6856691241264343,0.4366764724254608,0.0003027144412044436,0.6866675615310669,0.39478152990341187,-0.01052107010036707,0.6840921640396118,0.42148101329803467,-0.017758809030056,0.6845799684524536,0.44528037309646606,-0.021475480869412422,0.6988261938095093,0.43796074390411377,-0.0019889636896550655,0.7008305191993713,0.3937159478664398,-0.012359173968434334,0.69687420129776,0.4246751368045807,-0.015298579819500446,0.6962083578109741,0.4482635259628296,-0.015041664242744446,0.711692750453949,0.4443495273590088,-0.00634745741263032,0.7146947383880615,0.4019131362438202,-0.014269751496613026,0.7088382244110107,0.4277666509151459,-0.012245798483490944,0.7067998647689819,0.45079633593559265,-0.008776789531111717,0.7245786786079407,0.45642033219337463,-0.01189073920249939,0.7247626185417175,0.425541490316391,-0.015749089419841766,0.7181268334388733,0.4380735754966736,-0.014051967300474644,0.7148506045341492,0.45538580417633057,-0.011877745389938354
29,0.24675406515598297,0.5031126737594604,-1.8254191047617496e-07,0.2271139919757843,0.4842657744884491,-0.009139143861830235,0.21714286506175995,0.45190876722335815,-0.01443951390683651,0.2260475903749466,0.4257150888442993,-0.019824912771582603,0.23947688937187195,0.41494521498680115,-0.02343241684138775,0.22488030791282654,0.4001150131225586,-0.005091795232146978,0.22511732578277588,0.35546186566352844,-0.01518483180552721,0.22185367345809937,0.37131544947624207,-0.020855344831943512,0.2208556979894638,0.3974354565143585,-0.023281946778297424,0.23993204534053802,0.39743927121162415,-0.005090545862913132,0.2406693398952484,0.3435851037502289,-0.016766086220741272,0.2347586303949356,0.36870041489601135,-0.01984356716275215,0.2343304604291916,0.3989918529987335,-0.01901039481163025,0.25443533062934875,0.40244898200035095,-0.006919629871845245,0.2573891282081604,0.3558911383152008,-0.016920125111937523,0.2506096065044403,0.37693384289741516,-0.015508356504142284,0.2503330707550049,0.4033351242542267,-0.011768108233809471,0.270029753446579,0.41761788725852966,-0.009835569187998772,0.27169671654701233,0.384796142578125,-0.015791209414601326,0.2650725543498993,0.39679089188575745,-0.01465028990060091,0.26287809014320374,0.4174017608165741,-0.012212734669446945,0.7015084624290466,0.5400117635726929,-2.0582814386216342e-07,0.685094952583313,0.5138300657272339,-0.005273496266454458,0.6779755353927612,0.4782469868659973,-0.008912158198654652,0.6905690431594849,0.4609162509441376,-0.013893886469304562,0.7055318355560303,0.4722885191440582,-0.01736512966454029,0.6852041482925415,0.43721044063568115,0.00015986309153959155,0.6861661672592163,0.3953191637992859,-0.010299528948962688,0.6838349103927612,0.42113426327705383,-0.016766497865319252,0.6841176748275757,0.4432419538497925,-0.019932344555854797,0.6982797384262085,0.4381830096244812,-0.0020045253913849592,0.7003991007804871,0.3931984007358551,-0.011981604620814323,0.6964908242225647,0.42381608486175537,-0.014325049705803394,0.6954512000083923,0.4456745386123657,-0.013648790307343006,0.7111296057701111,0.44454002380371094,-0.006125507410615683,0.714015781879425,0.4030996561050415,-0.014047600328922272,0.7083154916763306,0.42950379848480225,-0.011776825413107872,0.7061956524848938,0.45042848587036133,-0.0081010228022933,0.7239468097686768,0.4565226435661316,-0.01129954680800438,0.723848283290863,0.42616257071495056,-0.015275529585778713,0.7178296446800232,0.4392704665660858,-0.013498491607606411,0.7149911522865295,0.45494890213012695,-0.011221065185964108
30,0.24597565829753876,0.5231658816337585,-1.5905303030194773e-07,0.22503449022769928,0.5006263256072998,-0.008211756125092506,0.21717914938926697,0.45703640580177307,-0.011024638079106808,0.22877585887908936,0.42325180768966675,-0.01426921971142292,0.24499280750751495,0.41569530963897705,-0.015581459738314152,0.22333085536956787,0.41061848402023315,-0.0003224848478566855,0.22324585914611816,0.36136946082115173,-0.009883549995720387,0.22072471678256989,0.3715957701206207,-0.015604844316840172,0.2201930582523346,0.39621955156326294,-0.017910698428750038,0.23847077786922455,0.4073680639266968,-0.0005127214826643467,0.24056373536586761,0.3508523404598236,-0.01068268995732069,0.2353210151195526,0.3679635226726532,-0.013875473290681839,0.2342759668827057,0.39539220929145813,-0.013247035443782806,0.2530269920825958,0.41297274827957153,-0.0028765685856342316,0.2576602101325989,0.36058610677719116,-0.011936423368752003,0.2513352632522583,0.3736787736415863,-0.01214439608156681,0.24967257678508759,0.3982110619544983,-0.009586852043867111,0.26821574568748474,0.4264475703239441,-0.006406273692846298,0.2725914716720581,0.38939741253852844,-0.01279269065707922,0.2673630118370056,0.3914693593978882,-0.01375527959316969,0.26404449343681335,0.40785518288612366,-0.012795248068869114,0.7022719979286194,0.5404781699180603,-2.037327675452616e-07,0.6851068735122681,0.5149219036102295,-0.005846293643116951,0.6777127385139465,0.4800413250923157,-0.009917505085468292,0.6902048587799072,0.4618458151817322,-0.015305163338780403,0.7053388953208923,0.47183576226234436,-0.01917862705886364,0.6850542426109314,0.4384423792362213,-0.00026037960196845233,0.6866491436958313,0.3956339955329895,-0.010553330183029175,0.6843520402908325,0.4205414950847626,-0.017073504626750946,0.6844683885574341,0.4433925449848175,-0.020384768024086952,0.6981507539749146,0.4391310214996338,-0.002208500634878874,0.7004120349884033,0.3934297561645508,-0.012053129263222218,0.6966139078140259,0.42394211888313293,-0.014587652869522572,0.6957522034645081,0.4465862214565277,-0.014212744310498238,0.7110376358032227,0.4449092745780945,-0.006139496341347694,0.7142068147659302,0.4023555815219879,-0.013954225927591324,0.7085843086242676,0.42823049426078796,-0.011971376836299896,0.7064117789268494,0.4500225782394409,-0.008595610968768597,0.7239076495170593,0.4560506045818329,-0.011193917132914066,0.7238027453422546,0.4247553050518036,-0.015164780430495739,0.7177963256835938,0.43703702092170715,-0.013656893745064735,0.7146839499473572,0.4531498849391937,-0.011654093861579895
31,0.24828587472438812,0.515412449836731,-2.085764378989552e-07,0.22702229022979736,0.4938846230506897,-0.007625968661159277,0.21848516166210175,0.456116646528244,-0.011068740859627724,0.22986449301242828,0.42322999238967896,-0.01499643363058567,0.24585983157157898,0.41335329413414,-0.01701945811510086,0.2232411950826645,0.40763014554977417,-0.0016204112907871604,0.22378039360046387,0.3536907732486725,-0.011160350404679775,0.2205965220928192,0.3671116828918457,-0.016695953905582428,0.21979406476020813,0.3941812515258789,-0.018790876492857933,0.23930740356445312,0.4042981266975403,-0.0017752342391759157,0.2416088581085205,0.34336593747138977,-0.011769473552703857,0.23609860241413116,0.3649371862411499,-0.015146227553486824,0.23545046150684357,0.3948255479335785,-0.014809881336987019,0.2546221613883972,0.40905293822288513,-0.003727952018380165,0.25864845514297485,0.3570089042186737,-0.012501186691224575,0.25193625688552856,0.3740277886390686,-0.012240294367074966,0.2511117160320282,0.4009527564048767,-0.009448552504181862,0.2707473039627075,0.4223971366882324,-0.006659647449851036,0.2742917537689209,0.3834920823574066,-0.011713320389389992,0.2681224048137665,0.38998374342918396,-0.011188196949660778,0.26504379510879517,0.4105159342288971,-0.009330264292657375,0.7015724182128906,0.5403494834899902,-2.0704463565834885e-07,0.6850858926773071,0.5140153765678406,-0.005084266420453787,0.6779443621635437,0.47880879044532776,-0.008667707443237305,0.690374493598938,0.4609389901161194,-0.013644282706081867,0.7050991058349609,0.47182855010032654,-0.017023194581270218,0.6850109696388245,0.4371408522129059,0.0005732483696192503,0.6859719157218933,0.3949436843395233,-0.010055914521217346,0.6839895248413086,0.42141255736351013,-0.016683345660567284,0.684512197971344,0.44394373893737793,-0.019917402416467667,0.698098361492157,0.43806755542755127,-0.0016908275429159403,0.7002375721931458,0.39315900206565857,-0.01170065812766552,0.696670413017273,0.4243153929710388,-0.013960694894194603,0.6959575414657593,0.445891410112381,-0.01324219349771738,0.7109541893005371,0.4441223740577698,-0.00595594709739089,0.7135934829711914,0.40254345536231995,-0.013768574222922325,0.7080910205841064,0.4292006194591522,-0.01117714960128069,0.7062917947769165,0.44975945353507996,-0.007334852125495672,0.7238070964813232,0.45579540729522705,-0.011303305625915527,0.7236679792404175,0.4254770278930664,-0.015053998678922653,0.717735767364502,0.4389186203479767,-0.013008631765842438,0.7150840163230896,0.4545460641384125,-0.010576671920716763
32,0.2477462738752365,0.5108375549316406,-2.2069824012760364e-07,0.22753490507602692,0.4881412386894226,-0.008716250769793987,0.21825742721557617,0.45150548219680786,-0.013835766352713108,0.22906756401062012,0.42096802592277527,-0.019461940973997116,0.24486686289310455,0.41026756167411804,-0.02318808063864708,0.22537334263324738,0.39899712800979614,-0.0025724282022565603,0.2262101024389267,0.3484366834163666,-0.013587486930191517,0.22302718460559845,0.3666854500770569,-0.020450478419661522,0.2218431532382965,0.3954225182533264,-0.023352110758423805,0.24123112857341766,0.39759325981140137,-0.0029503603000193834,0.2430165708065033,0.33986616134643555,-0.013940796256065369,0.23772123456001282,0.3672170639038086,-0.01802786998450756,0.23760642111301422,0.3978816866874695,-0.018252654001116753,0.2560367286205292,0.40436604619026184,-0.005335450172424316,0.25984054803848267,0.3557634651660919,-0.014975214377045631,0.2534639239311218,0.37812861800193787,-0.014664032496511936,0.25262293219566345,0.4057255983352661,-0.011855759657919407,0.27154815196990967,0.4198753833770752,-0.008796798065304756,0.274648517370224,0.38164013624191284,-0.013977546244859695,0.2689734399318695,0.39112240076065063,-0.013032183051109314,0.2662612795829773,0.4111352562904358,-0.011001773178577423,0.7018746137619019,0.5403916239738464,-2.0571395964452677e-07,0.6851816177368164,0.5142296552658081,-0.005835964344441891,0.6781468987464905,0.4784669578075409,-0.009885095059871674,0.6909789443016052,0.46116092801094055,-0.015208850614726543,0.7059850692749023,0.4729054868221283,-0.018995849415659904,0.6853234767913818,0.4368736743927002,-0.00028371051303111017,0.6861025094985962,0.39539894461631775,-0.010914103128015995,0.6839397549629211,0.4213060736656189,-0.01763084903359413,0.6841670274734497,0.4443051218986511,-0.020988039672374725,0.6984626650810242,0.43729808926582336,-0.0023131731431931257,0.7000696659088135,0.39257118105888367,-0.012466751970350742,0.6965306401252747,0.423373818397522,-0.01501755602657795,0.6956576704978943,0.4458034336566925,-0.014519957825541496,0.7113770246505737,0.44324567914009094,-0.006350414361804724,0.7136155962944031,0.4018526077270508,-0.014373857527971268,0.7084345817565918,0.42822951078414917,-0.01239156723022461,0.7066447138786316,0.4495007395744324,-0.008948985487222672,0.7242940068244934,0.4547905921936035,-0.011506048031151295,0.7233811616897583,0.4244987368583679,-0.015616168268024921,0.7176908850669861,0.437608927488327,-0.014108202420175076,0.7151063680648804,0.4535296559333801,-0.012042761780321598
33,0.24925494194030762,0.5158747434616089,-1.9913069593258115e-07,0.2274392694234848,0.4949139654636383,-0.008286752738058567,0.21847020089626312,0.45542439818382263,-0.012374251149594784,0.22872112691402435,0.42205822467803955,-0.016960838809609413,0.24446095526218414,0.40998485684394836,-0.019577709957957268,0.2254663109779358,0.40703582763671875,-0.0037136219907552004,0.22586113214492798,0.354619562625885,-0.01421851571649313,0.22147990763187408,0.3673574924468994,-0.019667012616991997,0.22026871144771576,0.3950335383415222,-0.021353650838136673,0.2410496175289154,0.4036465287208557,-0.003973919898271561,0.2431197464466095,0.34250178933143616,-0.015019199810922146,0.2367832064628601,0.36226776242256165,-0.018041880801320076,0.23653952777385712,0.3934045135974884,-0.01692958176136017,0.2562168538570404,0.40904611349105835,-0.00607893755659461,0.26091378927230835,0.356636106967926,-0.01582091674208641,0.25304216146469116,0.3725678026676178,-0.015685951337218285,0.25124916434288025,0.3987594544887543,-0.012442940846085548,0.27150997519493103,0.42213520407676697,-0.00915912538766861,0.27582070231437683,0.38225531578063965,-0.015144478529691696,0.2690802216529846,0.38645368814468384,-0.015022149309515953,0.2647543251514435,0.4067801833152771,-0.013015931472182274,0.7016393542289734,0.5393129587173462,-2.0252082322258502e-07,0.6848424077033997,0.5136202573776245,-0.005668313708156347,0.6773754358291626,0.47772157192230225,-0.0094843078404665,0.6900563836097717,0.45927947759628296,-0.01455053873360157,0.7051538825035095,0.4718570411205292,-0.017987310886383057,0.6848992109298706,0.43728455901145935,-0.00012553928536362946,0.6856667995452881,0.3955145478248596,-0.010718927718698978,0.6832276582717896,0.42214110493659973,-0.017153462395071983,0.6839250922203064,0.4440597593784332,-0.02030636928975582,0.6980007886886597,0.43778517842292786,-0.0021538431756198406,0.7000647783279419,0.392482727766037,-0.012314149178564548,0.6961727142333984,0.4232653081417084,-0.014357611536979675,0.6955634355545044,0.4445532560348511,-0.013382845558226109,0.7107857465744019,0.44354143738746643,-0.006208688020706177,0.713508129119873,0.4017094373703003,-0.014083977788686752,0.7078226208686829,0.4286328852176666,-0.011273704469203949,0.7062489986419678,0.4492740035057068,-0.007224993780255318,0.7236168384552002,0.45518118143081665,-0.011399107053875923,0.7232149243354797,0.42469292879104614,-0.015094163827598095,0.7169336080551147,0.4385112524032593,-0.012957965955138206,0.7143833041191101,0.45460936427116394,-0.010460366494953632
34,0.24925494194030762,0.5158747434616089,-1.9913069593258115e-07,0.2274392694234848,0.4949139654636383,-0.008286752738058567,0.21847020089626312,0.45542439818382263,-0.012374251149594784,0.22872112691402435,0.42205822467803955,-0.016960838809609413,0.24446095526218414,0.40998485684394836,-0.019577709957957268,0.2254663109779358,0.40703582763671875,-0.0037136219907552004,0.22586113214492798,0.354619562625885,-0.01421851571649313,0.22147990763187408,0.3673574924468994,-0.019667012616991997,0.22026871144771576,0.3950335383415222,-0.021353650838136673,0.2410496175289154,0.4036465287208557,-0.003973919898271561,0.2431197464466095,0.34250178933143616,-0.015019199810922146,0.2367832064628601,0.36226776242256165,-0.018041880801320076,0.23653952777385712,0.3934045135974884,-0.01692958176136017,0.2562168538570404,0.40904611349105835,-0.00607893755659461,0.26091378927230835,0.356636106967926,-0.01582091674208641,0.25304216146469116,0.3725678026676178,-0.015685951337218285,0.25124916434288025,0.3987594544887543,-0.012442940846085548,0.27150997519493103,0.42213520407676697,-0.00915912538766861,0.27582070231437683,0.38225531578063965,-0.015144478529691696,0.2690802216529846,0.38645368814468384,-0.015022149309515953,0.2647543251514435,0.4067801833152771,-0.013015931472182274,0.7016393542289734,0.5393129587173462,-2.0252082322258502e-07,0.6848424077033997,0.5136202573776245,-0.005668313708156347,0.6773754358291626,0.47772157192230225,-0.0094843078404665,0.6900563836097717,0.45927947759628296,-0.01455053873360157,0.7051538825035095,0.4718570411205292,-0.017987310886383057,0.6848992109298706,0.43728455901145935,-0.00012553928536362946,0.6856667995452881,0.3955145478248596,-0.010718927718698978,0.6832276582717896,0.42214110493659973,-0.017153462395071983,0.6839250922203064,0.4440597593784332,-0.02030636928975582,0.6980007886886597,0.43778517842292786,-0.0021538431756198406,0.7000647783279419,0.392482727766037,-0.012314149178564548,0.6961727142333984,0.4232653081417084,-0.014357611536979675,0.6955634355545044,0.4445532560348511,-0.013382845558226109,0.7107857465744019,0.44354143738746643,-0.006208688020706177,0.713508129119873,0.4017094373703003,-0.014083977788686752,0.7078226208686829,0.4286328852176666,-0.011273704469203949,0.7062489986419678,0.4492740035057068,-0.007224993780255318,0.7236168384552002,0.45518118143081665,-0.011399107053875923,0.7232149243354797,0.42469292879104614,-0.015094163827598095,0.7169336080551147,0.4385112524032593,-0.012957965955138206,0.7143833041191101,0.45460936427116394,-0.010460366494953632
35,0.25125977396965027,0.5144829750061035,-1.9421739239078306e-07,0.2306334376335144,0.4937085807323456,-0.008136413060128689,0.22117732465267181,0.4564310610294342,-0.012209231033921242,0.22926729917526245,0.42173025012016296,-0.016741596162319183,0.241130992770195,0.40201032161712646,-0.01932435669004917,0.2274290919303894,0.4041163921356201,-0.00290638767182827,0.22776705026626587,0.35181358456611633,-0.01348726637661457,0.223885178565979,0.36420708894729614,-0.019570263102650642,0.2225000411272049,0.39231637120246887,-0.021738464012742043,0.24328097701072693,0.4020423889160156,-0.0032836615573614836,0.2452922761440277,0.3413918912410736,-0.013850086368620396,0.23980657756328583,0.360124409198761,-0.017558611929416656,0.2390688955783844,0.3901212513446808,-0.017362702637910843,0.2583993673324585,0.4079338312149048,-0.005575296003371477,0.26241403818130493,0.3546013832092285,-0.014758252538740635,0.2559850513935089,0.37003207206726074,-0.01489141583442688,0.2544410824775696,0.3954857885837555,-0.012372150085866451,0.2740764319896698,0.4217885434627533,-0.008847789838910103,0.27668851613998413,0.38179612159729004,-0.014726136811077595,0.2711937725543976,0.3874266445636749,-0.014722918160259724,0.2681506276130676,0.4068892002105713,-0.013104064390063286,0.7013106942176819,0.5382342338562012,-2.022172793658683e-07,0.6843754649162292,0.5134490132331848,-0.005623721983283758,0.6771913170814514,0.4776352345943451,-0.009371854364871979,0.6897038817405701,0.4594070613384247,-0.014292745850980282,0.7045430541038513,0.47153720259666443,-0.017672035843133926,0.6845038533210754,0.43722015619277954,-0.0008342965156771243,0.6851288676261902,0.39505404233932495,-0.010838350281119347,0.6830877065658569,0.4211254417896271,-0.016837527975440025,0.6833751201629639,0.443450391292572,-0.019798699766397476,0.697491466999054,0.43749937415122986,-0.002696690848097205,0.6987211108207703,0.3924076557159424,-0.012343469075858593,0.6955977082252502,0.4231577217578888,-0.014438849873840809,0.6948500275611877,0.4449893832206726,-0.013699064962565899,0.7102298736572266,0.4432068467140198,-0.006433715578168631,0.7125917673110962,0.4002341330051422,-0.01404302567243576,0.7079028487205505,0.42631617188453674,-0.011947497725486755,0.7063659429550171,0.44739145040512085,-0.008569923229515553,0.7230918407440186,0.45468077063560486,-0.011216984130442142,0.7222180962562561,0.4239879846572876,-0.01539486926048994,0.71673983335495,0.43695223331451416,-0.014099480584263802,0.7142013907432556,0.4529969394207001,-0.012204458937048912
36,0.25493136048316956,0.5244890451431274,-1.3191521475164336e-07,0.23247653245925903,0.49923181533813477,-0.009631483815610409,0.22379952669143677,0.4559253454208374,-0.01352826226502657,0.23474137485027313,0.4217434227466583,-0.017626285552978516,0.2505180835723877,0.41407492756843567,-0.01952304318547249,0.23133063316345215,0.4091939628124237,-0.0017520482651889324,0.2315695434808731,0.3567309081554413,-0.011704574339091778,0.22828945517539978,0.36836639046669006,-0.0176469087600708,0.2269703894853592,0.3940426707267761,-0.020040025934576988,0.24668797850608826,0.4057650864124298,-0.0014633128885179758,0.2480621635913849,0.34549480676651,-0.012072568759322166,0.24209064245224,0.36323174834251404,-0.015507603995501995,0.24071159958839417,0.3910958766937256,-0.015003924258053303,0.26111018657684326,0.41067856550216675,-0.0034296985249966383,0.2646177113056183,0.35648447275161743,-0.012782654725015163,0.2579616904258728,0.36923617124557495,-0.012937965802848339,0.2566792964935303,0.39511579275131226,-0.010284613817930222,0.27696657180786133,0.42436158657073975,-0.006691006012260914,0.28050506114959717,0.38636982440948486,-0.013072999194264412,0.2751164138317108,0.3885384202003479,-0.01375521905720234,0.27191540598869324,0.4063102900981903,-0.012525376863777637,0.7010414004325867,0.5363734364509583,-1.7481718828094017e-07,0.6836957335472107,0.5129141211509705,-0.006420154590159655,0.6768907904624939,0.47726520895957947,-0.010110342875123024,0.6895606517791748,0.45922425389289856,-0.014828542247414589,0.7043210864067078,0.46783319115638733,-0.018132269382476807,0.6842877864837646,0.43705376982688904,-0.0008036269573494792,0.6851567625999451,0.3955019414424896,-0.01002455037087202,0.6835991740226746,0.418844610452652,-0.015945643186569214,0.6842432022094727,0.4404180347919464,-0.01901327259838581,0.6971761584281921,0.43703770637512207,-0.0021635324228554964,0.69903564453125,0.3919719457626343,-0.0112691605463624,0.6960995197296143,0.4199637174606323,-0.014011935330927372,0.6954153776168823,0.4420272707939148,-0.013829564675688744,0.7095776200294495,0.44255539774894714,-0.005360472481697798,0.7124308943748474,0.40015900135040283,-0.012832111679017544,0.707768440246582,0.42442411184310913,-0.011653272435069084,0.7059558033943176,0.4462204873561859,-0.008889383636415005,0.7218948006629944,0.45361417531967163,-0.009645454585552216,0.7225208878517151,0.423171728849411,-0.014293886721134186,0.7170872688293457,0.4349673092365265,-0.013637240044772625,0.714139461517334,0.4518526494503021,-0.012090337462723255
37,0.25566163659095764,0.5225599408149719,-1.5659190921724075e-07,0.23345106840133667,0.49989941716194153,-0.009030410088598728,0.22469130158424377,0.457817018032074,-0.012228523381054401,0.23507434129714966,0.42145833373069763,-0.01572762243449688,0.24932822585105896,0.4065741300582886,-0.017260193824768066,0.23137682676315308,0.4110873341560364,-0.0016449507093057036,0.23156413435935974,0.3581773638725281,-0.011151994578540325,0.22957421839237213,0.3662557303905487,-0.01666603982448578,0.2292591780424118,0.38982751965522766,-0.01873699389398098,0.24701565504074097,0.407003790140152,-0.001331090577878058,0.24864187836647034,0.34818726778030396,-0.011451127007603645,0.244228333234787,0.36337289214134216,-0.014870129525661469,0.2436082363128662,0.39097580313682556,-0.014467326924204826,0.26214537024497986,0.41138797998428345,-0.003148151095956564,0.2659711539745331,0.3579232096672058,-0.012022965587675571,0.2601575553417206,0.37025558948516846,-0.012292759492993355,0.25877267122268677,0.3955038785934448,-0.009802091866731644,0.27758267521858215,0.423476904630661,-0.006186080165207386,0.28082481026649475,0.3842945098876953,-0.012398608960211277,0.27547651529312134,0.38661903142929077,-0.013305705040693283,0.27201181650161743,0.4049677848815918,-0.01222527027130127,0.7009239196777344,0.5366412997245789,-1.7425684006866504e-07,0.683429479598999,0.5120034217834473,-0.006318370811641216,0.6762598752975464,0.47701308131217957,-0.010055632330477238,0.6889945864677429,0.45884475111961365,-0.014871053397655487,0.7042310237884521,0.46601516008377075,-0.01829584874212742,0.6840583086013794,0.4366779029369354,-0.0003969990648329258,0.6852467656135559,0.395026296377182,-0.009686554782092571,0.6838236451148987,0.41842013597488403,-0.015726540237665176,0.684525191783905,0.4406202733516693,-0.01885588839650154,0.6970823407173157,0.4367024898529053,-0.001832897774875164,0.6990214586257935,0.39154452085494995,-0.010995497927069664,0.6962652206420898,0.4195402264595032,-0.013942056335508823,0.6957060694694519,0.4422862231731415,-0.01392055582255125,0.7096746563911438,0.44236400723457336,-0.005134109873324633,0.7123812437057495,0.39960020780563354,-0.012797977775335312,0.707798182964325,0.4243644177913666,-0.01176358014345169,0.7060351967811584,0.44686049222946167,-0.009058722294867039,0.7221179008483887,0.4536757171154022,-0.009498593397438526,0.7221099734306335,0.42296189069747925,-0.014429628849029541,0.7164591550827026,0.43520399928092957,-0.013870838098227978,0.7133999466896057,0.4526856541633606,-0.012328417971730232
38,0.25566163659095764,0.5225599408149719,-1.5659190921724075e-07,0.23345106840133667,0.49989941716194153,-0.009030410088598728,0.22469130158424377,0.457817018032074,-0.012228523381054401,0.23507434129714966,0.42145833373069763,-0.01572762243449688,0.24932822585105896,0.4065741300582886,-0.017260193824768066,0.23137682676315308,0.4110873341560364,-0.0016449507093057036,0.23156413435935974,0.3581773638725281,-0.011151994578540325,0.22957421839237213,0.3662557303905487,-0.01666603982448578,0.2292591780424118,0.38982751965522766,-0.01873699389398098,0.24701565504074097,0.407003790140152,-0.001331090577878058,0.24864187836647034,0.34818726778030396,-0.011451127007603645,0.244228333234787,0.36337289214134216,-0.014870129525661469,0.2436082363128662,0.39097580313682556,-0.014467326924204826,0.26214537024497986,0.41138797998428345,-0.003148151095956564,0.2659711539745331,0.3579232096672058,-0.012022965587675571,0.2601575553417206,0.37025558948516846,-0.012292759492993355,0.25877267122268677,0.3955038785934448,-0.009802091866731644,0.27758267521858215,0.423476904630661,-0.006186080165207386,0.28082481026649475,0.3842945098876953,-0.012398608960211277,0.27547651529312134,0.38661903142929077,-0.013305705040693283,0.27201181650161743,0.4049677848815918,-0.01222527027130127,0.7009239196777344,0.5366412997245789,-1.7425684006866504e-07,0.683429479598999,0.5120034217834473,-0.006318370811641216,0.6762598752975464,0.47701308131217957,-0.010055632330477238,0.6889945864677429,0.45884475111961365,-0.014871053397655487,0.7042310237884521,0.46601516008377075,-0.01829584874212742,0.6840583086013794,0.4366779029369354,-0.0003969990648329258,0.6852467656135559,0.395026296377182,-0.009686554782092571,0.6838236451148987,0.41842013597488403,-0.015726540237665176,0.684525191783905,0.4406202733516693,-0.01885588839650154,0.6970823407173157,0.4367024898529053,-0.001832897774875164,0.6990214586257935,0.39154452085494995,-0.010995497927069664,0.6962652206420898,0.4195402264595032,-0.013942056335508823,0.6957060694694519,0.4422862231731415,-0.01392055582255125,0.7096746563911438,0.44236400723457336,-0.005134109873324633,0.7123812437057495,0.39960020780563354,-0.012797977775335312,0.707798182964325,0.4243644177913666,-0.01176358014345169,0.7060351967811584,0.44686049222946167,-0.009058722294867039,0.7221179008483887,0.4536757171154022,-0.009498593397438526,0.7221099734306335,0.42296189069747925,-0.014429628849029541,0.7164591550827026,0.43520399928092957,-0.013870838098227978,0.7133999466896057,0.4526856541633606,-0.012328417971730232
39,0.2578589618206024,0.5176783800125122,-1.715725090889464e-07,0.2372165471315384,0.4966573119163513,-0.008797050453722477,0.2286769449710846,0.4594138264656067,-0.01255615334957838,0.23784056305885315,0.4243067502975464,-0.016470743343234062,0.24999041855335236,0.4064808487892151,-0.018277650699019432,0.23355145752429962,0.40883663296699524,-0.0023685500491410494,0.2341371327638626,0.3573666512966156,-0.011898286640644073,0.23179563879966736,0.36950957775115967,-0.017579037696123123,0.23121455311775208,0.39579522609710693,-0.019887415692210197,0.24973562359809875,0.4055981934070587,-0.002314370358362794,0.2520979344844818,0.3472689390182495,-0.01256761234253645,0.2478151172399521,0.36696022748947144,-0.016536321491003036,0.24704484641551971,0.39544805884361267,-0.016724377870559692,0.2646573483943939,0.41076985001564026,-0.004195015877485275,0.26875853538513184,0.3595275580883026,-0.013101446442306042,0.26434335112571716,0.3723691701889038,-0.013847004622220993,0.26349425315856934,0.3965075612068176,-0.011944163590669632,0.2801506221294403,0.42450425028800964,-0.00714441342279315,0.2833688259124756,0.38633185625076294,-0.012835346162319183,0.2799489498138428,0.38864195346832275,-0.01351124607026577,0.27761298418045044,0.4050232470035553,-0.012616744264960289,0.7005534768104553,0.5360932946205139,-1.756651784035057e-07,0.683136522769928,0.5120735764503479,-0.006214811932295561,0.6763989329338074,0.476941853761673,-0.009713918901979923,0.6889572739601135,0.459307461977005,-0.014310643076896667,0.703754186630249,0.4672728478908539,-0.017514415085315704,0.6840169429779053,0.4369918406009674,-0.000325762084685266,0.6852089762687683,0.3953797221183777,-0.009491986595094204,0.6830219030380249,0.41844990849494934,-0.01527826301753521,0.6833698153495789,0.439913809299469,-0.018195822834968567,0.6969597339630127,0.43720394372940063,-0.0018194615840911865,0.6990142464637756,0.3915194571018219,-0.010985268279910088,0.6952533721923828,0.4193260073661804,-0.013732928782701492,0.6945465207099915,0.4413481056690216,-0.013423771597445011,0.709449291229248,0.4430563151836395,-0.005160864442586899,0.7126272916793823,0.40012896060943604,-0.012730401940643787,0.7070842385292053,0.4241631329059601,-0.0114747928455472,0.7051204442977905,0.4457855522632599,-0.008509107865393162,0.7218083143234253,0.45441100001335144,-0.009558532387018204,0.7227423787117004,0.423127681016922,-0.014003472402691841,0.7165895104408264,0.43409207463264465,-0.013100712560117245,0.7134273648262024,0.45039743185043335,-0.011327119544148445
40,0.25785982608795166,0.5213202834129333,-1.6747503650549334e-07,0.23711073398590088,0.49476510286331177,-0.006965817417949438,0.23047003149986267,0.45465123653411865,-0.008766662329435349,0.241115540266037,0.4201357960700989,-0.011056446470320225,0.2536701560020447,0.41023337841033936,-0.01110872533172369,0.23556043207645416,0.4096721112728119,0.0023325937800109386,0.23640213906764984,0.3580920398235321,-0.005821488797664642,0.2340906858444214,0.3672141432762146,-0.01098547875881195,0.2334291785955429,0.39114007353782654,-0.012998067773878574,0.25095006823539734,0.4072001576423645,0.0023405971005558968,0.2531624734401703,0.3485179841518402,-0.0070199910551309586,0.24879750609397888,0.36626940965652466,-0.010631503537297249,0.2479129135608673,0.3939409554004669,-0.01037195697426796,0.2652583718299866,0.41211482882499695,0.00035557590308599174,0.26953110098838806,0.35922566056251526,-0.00787053070962429,0.264537513256073,0.36963316798210144,-0.008314806967973709,0.2634614408016205,0.3956586420536041,-0.0059487344697117805,0.2810320258140564,0.42505350708961487,-0.002685294486582279,0.2844752073287964,0.3873673975467682,-0.007871386595070362,0.2809953987598419,0.3861309885978699,-0.008839293383061886,0.27874964475631714,0.4017437696456909,-0.007998962886631489,0.700648844242096,0.5359276533126831,-1.9347073987319163e-07,0.683210551738739,0.5127310156822205,-0.005941332783550024,0.6765745878219604,0.47684246301651,-0.009310492314398289,0.6895958781242371,0.45942023396492004,-0.013738993555307388,0.7047567367553711,0.46888411045074463,-0.016698066145181656,0.6839174032211304,0.4363824427127838,-0.0007082992233335972,0.6850638389587402,0.39488381147384644,-0.010268810205161572,0.6834120154380798,0.4194898009300232,-0.01629907265305519,0.6835160255432129,0.44165682792663574,-0.01936289854347706,0.6970424652099609,0.43642115592956543,-0.002233233768492937,0.698689877986908,0.39155489206314087,-0.011391435749828815,0.6958363652229309,0.421532541513443,-0.013906082138419151,0.6950258016586304,0.4434605538845062,-0.013609706424176693,0.7095164656639099,0.4421870708465576,-0.005602155812084675,0.7123899459838867,0.3994230628013611,-0.013046017847955227,0.7079405188560486,0.42468181252479553,-0.011586830951273441,0.7061491012573242,0.4458897113800049,-0.008723537437617779,0.7219783067703247,0.4537479281425476,-0.010007067583501339,0.7223408818244934,0.4231889247894287,-0.014427992515265942,0.7172150015830994,0.4354032576084137,-0.0135813532397151,0.7144353985786438,0.45110905170440674,-0.012021827511489391
