frame,feature_0,feature_1,feature_2,feature_3,feature_4,feature_5,feature_6,feature_7,feature_8,feature_9,feature_10,feature_11,feature_12,feature_13,feature_14,feature_15,feature_16,feature_17,feature_18,feature_19,feature_20,feature_21,feature_22,feature_23,feature_24,feature_25,feature_26,feature_27,feature_28,feature_29,feature_30,feature_31,feature_32,feature_33,feature_34,feature_35,feature_36,feature_37,feature_38,feature_39,feature_40,feature_41,feature_42,feature_43,feature_44,feature_45,feature_46,feature_47,feature_48,feature_49,feature_50,feature_51,feature_52,feature_53,feature_54,feature_55,feature_56,feature_57,feature_58,feature_59,feature_60,feature_61,feature_62,feature_63,feature_64,feature_65,feature_66,feature_67,feature_68,feature_69,feature_70,feature_71,feature_72,feature_73,feature_74,feature_75,feature_76,feature_77,feature_78,feature_79,feature_80,feature_81,feature_82,feature_83,feature_84,feature_85,feature_86,feature_87,feature_88,feature_89,feature_90,feature_91,feature_92,feature_93,feature_94,feature_95,feature_96,feature_97,feature_98,feature_99,feature_100,feature_101,feature_102,feature_103,feature_104,feature_105,feature_106,feature_107,feature_108,feature_109,feature_110,feature_111,feature_112,feature_113,feature_114,feature_115,feature_116,feature_117,feature_118,feature_119,feature_120,feature_121,feature_122,feature_123,feature_124,feature_125
1,0.6415970325469971,0.5625120401382446,-1.5723934154721064e-07,0.6250061988830566,0.5372920632362366,-0.004713744390755892,0.6163424253463745,0.5048651695251465,-0.007888274267315865,0.6253229379653931,0.48301106691360474,-0.01250765472650528,0.6374468803405762,0.4901255965232849,-0.015889223664999008,0.6232141256332397,0.4636101722717285,0.004069951828569174,0.6216436624526978,0.43021172285079956,-0.003420091699808836,0.6203644275665283,0.4466078281402588,-0.009472684934735298,0.6214830279350281,0.46586471796035767,-0.012933286838233471,0.6346997618675232,0.46114084124565125,0.002279142616316676,0.6339176297187805,0.4240591526031494,-0.0056986622512340546,0.6324138641357422,0.4452698826789856,-0.009332362562417984,0.6321596503257751,0.4666594862937927,-0.00989756640046835,0.645954966545105,0.46457645297050476,-0.0012835070956498384,0.6444209218025208,0.42860862612724304,-0.006981168873608112,0.6425642371177673,0.44687747955322266,-0.006730188149958849,0.6416962742805481,0.46682462096214294,-0.0049345591105520725,0.656872034072876,0.4735661447048187,-0.005913130007684231,0.6533247232437134,0.44764453172683716,-0.008431258611381054,0.6505135893821716,0.45571938157081604,-0.00772077077999711,0.6490042209625244,0.4697916507720947,-0.00643866928294301,0.2552650570869446,0.6233304738998413,-1.1322853055162341e-07,0.23360589146614075,0.5965719819068909,-0.018102675676345825,0.22398197650909424,0.5413814783096313,-0.025892535224556923,0.2339714616537094,0.4963538646697998,-0.033511169254779816,0.2557269334793091,0.4878206253051758,-0.039098259061574936,0.23350393772125244,0.48371565341949463,0.0013285581953823566,0.23040470480918884,0.43420618772506714,-0.012537938542664051,0.22683767974376678,0.4409010112285614,-0.02415798045694828,0.22615478932857513,0.4667208194732666,-0.02998788096010685,0.2488199919462204,0.480305016040802,0.004284821916371584,0.24820047616958618,0.42200639843940735,-0.008841659873723984,0.2434478998184204,0.4291548430919647,-0.019977783784270287,0.24239885807037354,0.4551430344581604,-0.02500171586871147,0.2635639011859894,0.4850170314311981,0.003367737401276827,0.2663121521472931,0.43147116899490356,-0.010194681584835052,0.2610411047935486,0.43694648146629333,-0.02024717442691326,0.25850534439086914,0.46477818489074707,-0.02372804842889309,0.27922841906547546,0.49653148651123047,0.0006440496654249728,0.28218668699264526,0.4503007233142853,-0.008975566364824772,0.2782168388366699,0.44886550307273865,-0.01539221778512001,0.2749553322792053,0.46932172775268555,-0.018288154155015945
2,0.6415970325469971,0.5625120401382446,-1.5723934154721064e-07,0.6250061988830566,0.5372920632362366,-0.004713744390755892,0.6163424253463745,0.5048651695251465,-0.007888274267315865,0.6253229379653931,0.48301106691360474,-0.01250765472650528,0.6374468803405762,0.4901255965232849,-0.015889223664999008,0.6232141256332397,0.4636101722717285,0.004069951828569174,0.6216436624526978,0.43021172285079956,-0.003420091699808836,0.6203644275665283,0.4466078281402588,-0.009472684934735298,0.6214830279350281,0.46586471796035767,-0.012933286838233471,0.6346997618675232,0.46114084124565125,0.002279142616316676,0.6339176297187805,0.4240591526031494,-0.0056986622512340546,0.6324138641357422,0.4452698826789856,-0.009332362562417984,0.6321596503257751,0.4666594862937927,-0.00989756640046835,0.645954966545105,0.46457645297050476,-0.0012835070956498384,0.6444209218025208,0.42860862612724304,-0.006981168873608112,0.6425642371177673,0.44687747955322266,-0.006730188149958849,0.6416962742805481,0.46682462096214294,-0.0049345591105520725,0.656872034072876,0.4735661447048187,-0.005913130007684231,0.6533247232437134,0.44764453172683716,-0.008431258611381054,0.6505135893821716,0.45571938157081604,-0.00772077077999711,0.6490042209625244,0.4697916507720947,-0.00643866928294301,0.2552650570869446,0.6233304738998413,-1.1322853055162341e-07,0.23360589146614075,0.5965719819068909,-0.018102675676345825,0.22398197650909424,0.5413814783096313,-0.025892535224556923,0.2339714616537094,0.4963538646697998,-0.033511169254779816,0.2557269334793091,0.4878206253051758,-0.039098259061574936,0.23350393772125244,0.48371565341949463,0.0013285581953823566,0.23040470480918884,0.43420618772506714,-0.012537938542664051,0.22683767974376678,0.4409010112285614,-0.02415798045694828,0.22615478932857513,0.4667208194732666,-0.02998788096010685,0.2488199919462204,0.480305016040802,0.004284821916371584,0.24820047616958618,0.42200639843940735,-0.008841659873723984,0.2434478998184204,0.4291548430919647,-0.019977783784270287,0.24239885807037354,0.4551430344581604,-0.02500171586871147,0.2635639011859894,0.4850170314311981,0.003367737401276827,0.2663121521472931,0.43147116899490356,-0.010194681584835052,0.2610411047935486,0.43694648146629333,-0.02024717442691326,0.25850534439086914,0.46477818489074707,-0.02372804842889309,0.27922841906547546,0.49653148651123047,0.0006440496654249728,0.28218668699264526,0.4503007233142853,-0.008975566364824772,0.2782168388366699,0.44886550307273865,-0.01539221778512001,0.2749553322792053,0.46932172775268555,-0.018288154155015945
3,0.6408678889274597,0.5619449615478516,-1.5104478734428994e-07,0.6246261596679688,0.5371768474578857,-0.004928921815007925,0.6165105104446411,0.5033332109451294,-0.008039858192205429,0.6261962056159973,0.48291638493537903,-0.012503412552177906,0.6382254362106323,0.4928162693977356,-0.015765642747282982,0.6229450106620789,0.46386969089508057,0.0035172312054783106,0.6216006875038147,0.4304805099964142,-0.003835346782580018,0.6207804679870605,0.4472452402114868,-0.009684997610747814,0.6219379901885986,0.4663468599319458,-0.013036965392529964,0.6344906687736511,0.46172332763671875,0.0018652379512786865,0.6339113712310791,0.4249545931816101,-0.005873492918908596,0.6328380703926086,0.4461714029312134,-0.009389927610754967,0.6323219537734985,0.4672229290008545,-0.009952640160918236,0.6455827355384827,0.4653659760951996,-0.0015300819650292397,0.6444565653800964,0.4305141270160675,-0.007054740563035011,0.6430945992469788,0.4494535028934479,-0.00689842039719224,0.6419780850410461,0.4692411422729492,-0.005220822989940643,0.6561228036880493,0.4741904139518738,-0.006011799909174442,0.6531968116760254,0.44847211241722107,-0.008652755990624428,0.6508679389953613,0.4575105905532837,-0.008116419427096844,0.6493192911148071,0.4721197485923767,-0.006977608427405357,0.25702622532844543,0.6253156661987305,-1.5506986983382376e-07,0.23535676300525665,0.596112847328186,-0.016176145523786545,0.22624912858009338,0.5415636897087097,-0.023628592491149902,0.23836606740951538,0.4989371597766876,-0.031015673652291298,0.26062285900115967,0.49219927191734314,-0.03648316487669945,0.23623746633529663,0.4850992262363434,-0.00022484759392682463,0.23438045382499695,0.43517130613327026,-0.014303799718618393,0.2300242930650711,0.44207054376602173,-0.0253787599503994,0.22859302163124084,0.4667172133922577,-0.030883649364113808,0.25155702233314514,0.4807506501674652,0.0015745068667456508,0.2523972690105438,0.4214862585067749,-0.011481327004730701,0.24646833539009094,0.431805282831192,-0.020606929436326027,0.2440728396177292,0.45856454968452454,-0.024064481258392334,0.2665567398071289,0.4857724606990814,-0.00014090781041886657,0.26965975761413574,0.4318288564682007,-0.013739311136305332,0.2634572684764862,0.44222643971443176,-0.020782260224223137,0.26004675030708313,0.47028911113739014,-0.022090325132012367,0.28212296962738037,0.49828705191612244,-0.003511257702484727,0.2831701934337616,0.45218944549560547,-0.013434589840471745,0.27820199728012085,0.4555858373641968,-0.01778540015220642,0.2748062312602997,0.47680142521858215,-0.01891256868839264
4,0.639760434627533,0.5605115294456482,-1.5811421860689734e-07,0.6239493489265442,0.5361423492431641,-0.005299616605043411,0.6160451173782349,0.5033193230628967,-0.008806225843727589,0.6263741850852966,0.48394325375556946,-0.013553401455283165,0.6393475532531738,0.49093303084373474,-0.017118114978075027,0.6234654188156128,0.4635980427265167,0.0025562953669577837,0.6220511198043823,0.43077489733695984,-0.005285303574055433,0.6205547451972961,0.4475472569465637,-0.011472143232822418,0.6210196018218994,0.46694859862327576,-0.014948422089219093,0.6349595189094543,0.46164461970329285,0.001145769259892404,0.6343939900398254,0.4244098961353302,-0.0069430312141776085,0.6328356266021729,0.44578200578689575,-0.010560684837400913,0.6320832967758179,0.46689164638519287,-0.01122615858912468,0.6458403468132019,0.4654695987701416,-0.0020056278444826603,0.6449546813964844,0.4302152991294861,-0.007942738011479378,0.6431063413619995,0.449287086725235,-0.007780699525028467,0.6417897939682007,0.46922895312309265,-0.0061193909496068954,0.6562615633010864,0.47467318177223206,-0.006215512286871672,0.6534682512283325,0.44872406125068665,-0.00925416313111782,0.6510137915611267,0.45737379789352417,-0.008800152689218521,0.6495154500007629,0.4714873731136322,-0.00769899133592844,0.25674495100975037,0.6347646713256836,-1.5138756737087533e-07,0.23581576347351074,0.6002683639526367,-0.02024177648127079,0.22665682435035706,0.5447428226470947,-0.029805336147546768,0.23882290720939636,0.5024176836013794,-0.0388830304145813,0.26150280237197876,0.49694353342056274,-0.045817892998456955,0.23870646953582764,0.4894576370716095,-0.001927704899571836,0.23424294590950012,0.43904685974121094,-0.01825752668082714,0.22948752343654633,0.44676482677459717,-0.03144808113574982,0.22769325971603394,0.47003173828125,-0.038194961845874786,0.254057377576828,0.4875042736530304,0.001259731943719089,0.2532380223274231,0.42844268679618835,-0.014807000756263733,0.24720504879951477,0.44023996591567993,-0.026637261733412743,0.2446596473455429,0.46636316180229187,-0.03168787062168121,0.2688103914260864,0.49229058623313904,0.00035331404069438577,0.2717156410217285,0.43711036443710327,-0.015949495136737823,0.2647392451763153,0.4458043873310089,-0.025772379711270332,0.25972267985343933,0.4739641845226288,-0.028454935178160667,0.2840465307235718,0.5040499567985535,-0.002540040062740445,0.2869212031364441,0.4563369154930115,-0.013628602027893066,0.2823929786682129,0.4558616876602173,-0.019989056512713432,0.27800652384757996,0.4745944142341614,-0.0225899126380682
5,0.639760434627533,0.5605115294456482,-1.5811421860689734e-07,0.6239493489265442,0.5361423492431641,-0.005299616605043411,0.6160451173782349,0.5033193230628967,-0.008806225843727589,0.6263741850852966,0.48394325375556946,-0.013553401455283165,0.6393475532531738,0.49093303084373474,-0.017118114978075027,0.6234654188156128,0.4635980427265167,0.0025562953669577837,0.6220511198043823,0.43077489733695984,-0.005285303574055433,0.6205547451972961,0.4475472569465637,-0.011472143232822418,0.6210196018218994,0.46694859862327576,-0.014948422089219093,0.6349595189094543,0.46164461970329285,0.001145769259892404,0.6343939900398254,0.4244098961353302,-0.0069430312141776085,0.6328356266021729,0.44578200578689575,-0.010560684837400913,0.6320832967758179,0.46689164638519287,-0.01122615858912468,0.6458403468132019,0.4654695987701416,-0.0020056278444826603,0.6449546813964844,0.4302152991294861,-0.007942738011479378,0.6431063413619995,0.449287086725235,-0.007780699525028467,0.6417897939682007,0.46922895312309265,-0.0061193909496068954,0.6562615633010864,0.47467318177223206,-0.006215512286871672,0.6534682512283325,0.44872406125068665,-0.00925416313111782,0.6510137915611267,0.45737379789352417,-0.008800152689218521,0.6495154500007629,0.4714873731136322,-0.00769899133592844,0.25674495100975037,0.6347646713256836,-1.5138756737087533e-07,0.23581576347351074,0.6002683639526367,-0.02024177648127079,0.22665682435035706,0.5447428226470947,-0.029805336147546768,0.23882290720939636,0.5024176836013794,-0.0388830304145813,0.26150280237197876,0.49694353342056274,-0.045817892998456955,0.23870646953582764,0.4894576370716095,-0.001927704899571836,0.23424294590950012,0.43904685974121094,-0.01825752668082714,0.22948752343654633,0.44676482677459717,-0.03144808113574982,0.22769325971603394,0.47003173828125,-0.038194961845874786,0.254057377576828,0.4875042736530304,0.001259731943719089,0.2532380223274231,0.42844268679618835,-0.014807000756263733,0.24720504879951477,0.44023996591567993,-0.026637261733412743,0.2446596473455429,0.46636316180229187,-0.03168787062168121,0.2688103914260864,0.49229058623313904,0.00035331404069438577,0.2717156410217285,0.43711036443710327,-0.015949495136737823,0.2647392451763153,0.4458043873310089,-0.025772379711270332,0.25972267985343933,0.4739641845226288,-0.028454935178160667,0.2840465307235718,0.5040499567985535,-0.002540040062740445,0.2869212031364441,0.4563369154930115,-0.013628602027893066,0.2823929786682129,0.4558616876602173,-0.019989056512713432,0.27800652384757996,0.4745944142341614,-0.0225899126380682
6,0.6410274505615234,0.5616230368614197,-1.5756472748762462e-07,0.6252979636192322,0.5373237133026123,-0.005302911624312401,0.6171958446502686,0.504086971282959,-0.00896498654037714,0.6261001825332642,0.48406487703323364,-0.013914089649915695,0.638454020023346,0.491746723651886,-0.017751377075910568,0.6245351433753967,0.46604886651039124,0.0022369774524122477,0.6224656105041504,0.4322624206542969,-0.005663370247930288,0.6198117136955261,0.44716209173202515,-0.011615871451795101,0.6206943392753601,0.4659043848514557,-0.014930229634046555,0.635718822479248,0.4638150930404663,0.000752708874642849,0.6349869966506958,0.42507094144821167,-0.0076347035355865955,0.6321964263916016,0.44403359293937683,-0.011172573082149029,0.6317638754844666,0.46507054567337036,-0.011643766425549984,0.646877110004425,0.4672297537326813,-0.002434131456539035,0.645584762096405,0.43018776178359985,-0.008644617162644863,0.6428346037864685,0.44761016964912415,-0.008483544923365116,0.6419315338134766,0.4674695134162903,-0.006689568515866995,0.6579477787017822,0.47574755549430847,-0.006652388256043196,0.6543368697166443,0.4488067626953125,-0.009805144742131233,0.6512451767921448,0.45703479647636414,-0.009324537590146065,0.6500064730644226,0.4716910421848297,-0.008138270117342472,0.2564670741558075,0.6346725225448608,-1.4336856679619814e-07,0.23608842492103577,0.5997156500816345,-0.0186351016163826,0.22693030536174774,0.5440157651901245,-0.027796275913715363,0.2397867888212204,0.5006113052368164,-0.036647211760282516,0.2633211612701416,0.4981704354286194,-0.043457355350255966,0.2391979992389679,0.48669347167015076,-0.001515552052296698,0.23784151673316956,0.43421119451522827,-0.01706157810986042,0.23388785123825073,0.44093841314315796,-0.02927239052951336,0.23198485374450684,0.46505236625671387,-0.03539698198437691,0.2546234726905823,0.4851836860179901,0.0011829379945993423,0.25495168566703796,0.4260885715484619,-0.013409599661827087,0.249566450715065,0.4372057616710663,-0.02371574565768242,0.2475205957889557,0.46239233016967773,-0.027990708127617836,0.2697594463825226,0.491428405046463,8.944493856688496e-06,0.27263468503952026,0.43687212467193604,-0.015017122961580753,0.2671041190624237,0.4479803144931793,-0.023221135139465332,0.26380041241645813,0.47696495056152344,-0.02517460472881794,0.2854832708835602,0.5050353407859802,-0.00302795204333961,0.2867017984390259,0.45776480436325073,-0.013687915168702602,0.2822716534137726,0.46199265122413635,-0.018921157345175743,0.2786376178264618,0.4842352271080017,-0.0206773579120636
7,0.6418024301528931,0.5593684911727905,-1.3849920321717946e-07,0.6272420883178711,0.5336876511573792,-0.004108306020498276,0.6192203164100647,0.5028024911880493,-0.0073868706822395325,0.6270864605903625,0.4821246266365051,-0.012043159455060959,0.6401504874229431,0.48778367042541504,-0.01554606668651104,0.6263548135757446,0.46567854285240173,0.0030621252954006195,0.6251555681228638,0.430406391620636,-0.004806502256542444,0.6239002346992493,0.44641226530075073,-0.010886358097195625,0.624225914478302,0.4668741524219513,-0.014025865122675896,0.6371996402740479,0.4636440575122833,0.0012409378541633487,0.6369135975837708,0.42575603723526,-0.006390661001205444,0.6354693174362183,0.4452309012413025,-0.010106181725859642,0.6347742080688477,0.46667778491973877,-0.010894376784563065,0.6480785608291626,0.466874897480011,-0.002166771562770009,0.6471246480941772,0.4306149482727051,-0.007803554646670818,0.6455464959144592,0.44749125838279724,-0.00780840590596199,0.6442544460296631,0.4676835536956787,-0.006198617164045572,0.6585230231285095,0.4749624729156494,-0.006468749605119228,0.6558254957199097,0.44799870252609253,-0.009260701015591621,0.6537704467773438,0.45539411902427673,-0.008576772175729275,0.6523422002792358,0.46973761916160583,-0.007185926660895348,0.26233187317848206,0.6273213028907776,-1.7793652773434587e-07,0.2401638776063919,0.5952093601226807,-0.01666436903178692,0.2313891500234604,0.536628007888794,-0.023925811052322388,0.24510830640792847,0.49316874146461487,-0.031026551499962807,0.26770496368408203,0.4913546144962311,-0.03635706752538681,0.2456398904323578,0.481675922870636,-0.00019216116925235838,0.24239981174468994,0.4314345717430115,-0.014128911308944225,0.23465903103351593,0.4353221356868744,-0.025141656398773193,0.2305355966091156,0.4594428241252899,-0.030572088435292244,0.25994282960891724,0.4775502383708954,0.0024920718278735876,0.2587161064147949,0.4196380376815796,-0.010167614556849003,0.2493838369846344,0.4288574457168579,-0.01787836104631424,0.24502143263816833,0.4556589424610138,-0.020173219963908195,0.2745979130268097,0.48230108618736267,0.0014915717765688896,0.27577608823776245,0.42591261863708496,-0.011604879051446915,0.26682353019714355,0.43501007556915283,-0.017012694850564003,0.26243939995765686,0.46432045102119446,-0.017088839784264565,0.29034003615379333,0.4941694140434265,-0.0013813255354762077,0.29029354453086853,0.44611743092536926,-0.011539624072611332,0.2837813198566437,0.4502828121185303,-0.015394285321235657,0.27984872460365295,0.4736064672470093,-0.015835855156183243
8,0.642582893371582,0.5588546395301819,-1.2484255762501562e-07,0.6272684335708618,0.5336889028549194,-0.005428825970739126,0.6186387538909912,0.5017746686935425,-0.00947398692369461,0.6273437142372131,0.48131445050239563,-0.014650816097855568,0.6410093307495117,0.4913416802883148,-0.018454594537615776,0.624794602394104,0.46257954835891724,0.0012660041684284806,0.6240362524986267,0.42710402607917786,-0.007643978111445904,0.625177264213562,0.4474542737007141,-0.014304439537227154,0.6264386177062988,0.46982061862945557,-0.017713621258735657,0.6363893747329712,0.46115028858184814,-0.00023714201233815402,0.6366718411445618,0.42349177598953247,-0.008528545498847961,0.636899471282959,0.4464487135410309,-0.012228405103087425,0.6360992789268494,0.4681885838508606,-0.012931186705827713,0.6476423740386963,0.4649040400981903,-0.0035003654193133116,0.6472705006599426,0.4304463863372803,-0.009660709649324417,0.6468825936317444,0.44986972212791443,-0.009746183641254902,0.6456053256988525,0.47039952874183655,-0.008011408150196075,0.6582487225532532,0.4734317362308502,-0.007839602418243885,0.6562560200691223,0.44817692041397095,-0.011124486103653908,0.6549102663993835,0.45624610781669617,-0.010922573506832123,0.6534243226051331,0.47025227546691895,-0.009790907613933086,0.26319658756256104,0.6264602541923523,-1.3665653852967807e-07,0.24102896451950073,0.5937628149986267,-0.016975384205579758,0.2316400408744812,0.5348815321922302,-0.024579055607318878,0.24313640594482422,0.4902251064777374,-0.03196873515844345,0.2652868628501892,0.48798853158950806,-0.03756903484463692,0.24581068754196167,0.4791770577430725,-0.0011126057943329215,0.2429240494966507,0.4275719225406647,-0.015637239441275597,0.2390526533126831,0.4303539991378784,-0.02725082077085972,0.2378304898738861,0.454100638628006,-0.03303119167685509,0.26070523262023926,0.4761625826358795,0.001295685418881476,0.26084545254707336,0.4150558412075043,-0.012279573827981949,0.2543974220752716,0.42216378450393677,-0.021338533610105515,0.25116488337516785,0.4501960873603821,-0.024524176493287086,0.27525708079338074,0.48230788111686707,1.6545836842851713e-05,0.2769317626953125,0.424203097820282,-0.013658707961440086,0.2701426148414612,0.431729793548584,-0.020678270608186722,0.26641011238098145,0.46244749426841736,-0.021759219467639923,0.2904624938964844,0.4952331483364105,-0.0031032832339406013,0.29043489694595337,0.44581881165504456,-0.013187042437493801,0.2852119505405426,0.44458627700805664,-0.018171900883316994,0.2814621031284332,0.4653167128562927,-0.019610343500971794
9,0.642582893371582,0.5588546395301819,-1.2484255762501562e-07,0.6272684335708618,0.5336889028549194,-0.005428825970739126,0.6186387538909912,0.5017746686935425,-0.00947398692369461,0.6273437142372131,0.48131445050239563,-0.014650816097855568,0.6410093307495117,0.4913416802883148,-0.018454594537615776,0.624794602394104,0.46257954835891724,0.0012660041684284806,0.6240362524986267,0.42710402607917786,-0.007643978111445904,0.625177264213562,0.4474542737007141,-0.014304439537227154,0.6264386177062988,0.46982061862945557,-0.017713621258735657,0.6363893747329712,0.46115028858184814,-0.00023714201233815402,0.6366718411445618,0.42349177598953247,-0.008528545498847961,0.636899471282959,0.4464487135410309,-0.012228405103087425,0.6360992789268494,0.4681885838508606,-0.012931186705827713,0.6476423740386963,0.4649040400981903,-0.0035003654193133116,0.6472705006599426,0.4304463863372803,-0.009660709649324417,0.6468825936317444,0.44986972212791443,-0.009746183641254902,0.6456053256988525,0.47039952874183655,-0.008011408150196075,0.6582487225532532,0.4734317362308502,-0.007839602418243885,0.6562560200691223,0.44817692041397095,-0.011124486103653908,0.6549102663993835,0.45624610781669617,-0.010922573506832123,0.6534243226051331,0.47025227546691895,-0.009790907613933086,0.26319658756256104,0.6264602541923523,-1.3665653852967807e-07,0.24102896451950073,0.5937628149986267,-0.016975384205579758,0.2316400408744812,0.5348815321922302,-0.024579055607318878,0.24313640594482422,0.4902251064777374,-0.03196873515844345,0.2652868628501892,0.48798853158950806,-0.03756903484463692,0.24581068754196167,0.4791770577430725,-0.0011126057943329215,0.2429240494966507,0.4275719225406647,-0.015637239441275597,0.2390526533126831,0.4303539991378784,-0.02725082077085972,0.2378304898738861,0.454100638628006,-0.03303119167685509,0.26070523262023926,0.4761625826358795,0.001295685418881476,0.26084545254707336,0.4150558412075043,-0.012279573827981949,0.2543974220752716,0.42216378450393677,-0.021338533610105515,0.25116488337516785,0.4501960873603821,-0.024524176493287086,0.27525708079338074,0.48230788111686707,1.6545836842851713e-05,0.2769317626953125,0.424203097820282,-0.013658707961440086,0.2701426148414612,0.431729793548584,-0.020678270608186722,0.26641011238098145,0.46244749426841736,-0.021759219467639923,0.2904624938964844,0.4952331483364105,-0.0031032832339406013,0.29043489694595337,0.44581881165504456,-0.013187042437493801,0.2852119505405426,0.44458627700805664,-0.018171900883316994,0.2814621031284332,0.4653167128562927,-0.019610343500971794
10,0.6417667269706726,0.5599427223205566,-1.431354803571594e-07,0.6268463730812073,0.5362194776535034,-0.004940050654113293,0.6183550357818604,0.5031098127365112,-0.00824152585119009,0.6266373991966248,0.4806736707687378,-0.0127948559820652,0.6400100588798523,0.4875763952732086,-0.015981828793883324,0.6254708170890808,0.4621339738368988,0.0025762843433767557,0.6246243715286255,0.4263679087162018,-0.006002952344715595,0.6249802708625793,0.44612637162208557,-0.012493199668824673,0.6259505152702332,0.4684217572212219,-0.015841824933886528,0.636727511882782,0.4608893394470215,0.0010086847469210625,0.636565089225769,0.4237983226776123,-0.007160469423979521,0.6360816955566406,0.44659656286239624,-0.010819283314049244,0.6352992057800293,0.4682886600494385,-0.01150885596871376,0.6477717757225037,0.464662104845047,-0.0023579637054353952,0.6473138332366943,0.42971906065940857,-0.008666504174470901,0.6462101936340332,0.44937944412231445,-0.008690683171153069,0.6448413133621216,0.4703448414802551,-0.00694512203335762,0.6584103107452393,0.4733908176422119,-0.006758864037692547,0.6558331251144409,0.44740763306617737,-0.010491130873560905,0.6537386178970337,0.4568083882331848,-0.010435404255986214,0.6521155834197998,0.4722166657447815,-0.009368770755827427,0.2654699981212616,0.6213741302490234,-1.195331549297407e-07,0.24270391464233398,0.5902383327484131,-0.016947079449892044,0.2335309237241745,0.5303133726119995,-0.023843780159950256,0.24686865508556366,0.4844401776790619,-0.03027724288403988,0.2703530192375183,0.48015785217285156,-0.03504258766770363,0.250087708234787,0.48010605573654175,0.0012261847732588649,0.249948650598526,0.4351770877838135,-0.011052017100155354,0.24344348907470703,0.43199610710144043,-0.021846840158104897,0.23816615343093872,0.45070090889930725,-0.02752147801220417,0.26471248269081116,0.47791603207588196,0.004480282310396433,0.26548829674720764,0.42295214533805847,-0.006513017229735851,0.25897979736328125,0.4219362735748291,-0.0158835519105196,0.2542494237422943,0.4435070753097534,-0.02028663456439972,0.27831894159317017,0.4844251573085785,0.00411328487098217,0.28250038623809814,0.43043848872184753,-0.007712140213698149,0.27588286995887756,0.43006011843681335,-0.016689777374267578,0.2704901397228241,0.45491188764572144,-0.020062370225787163,0.2925904393196106,0.49813053011894226,0.002034848788753152,0.29194334149360657,0.45179039239883423,-0.007438864558935165,0.2881919741630554,0.44407084584236145,-0.01406478974968195,0.2848868668079376,0.4578721821308136,-0.01724667102098465
11,0.6426988840103149,0.5576264262199402,-1.2417758910032717e-07,0.6272143721580505,0.5340301990509033,-0.005427750293165445,0.6183359026908875,0.5020849108695984,-0.009225630201399326,0.6270350813865662,0.4814617335796356,-0.01410682313144207,0.6404716372489929,0.4900677502155304,-0.017671717330813408,0.6242476105690002,0.46275022625923157,0.0008541769930161536,0.6234524846076965,0.42821401357650757,-0.007669517304748297,0.6247201561927795,0.4475330710411072,-0.01407301053404808,0.6260250806808472,0.4694789946079254,-0.01742665469646454,0.6358064413070679,0.4611627459526062,-0.0005640443996526301,0.6358428597450256,0.42429137229919434,-0.008752734400331974,0.6364654898643494,0.4464710056781769,-0.01252368651330471,0.6359804272651672,0.46799901127815247,-0.013343085534870625,0.6470411419868469,0.4645945727825165,-0.003658147295936942,0.6464239954948425,0.4310489296913147,-0.009774900041520596,0.6464415192604065,0.4499512016773224,-0.010193963535130024,0.6454890966415405,0.47056686878204346,-0.008782699704170227,0.657701849937439,0.472822904586792,-0.00781504437327385,0.6554819941520691,0.44826987385749817,-0.011418651789426804,0.6541882753372192,0.4562908709049225,-0.011663714423775673,0.652746856212616,0.4706232249736786,-0.01088597159832716,0.2655612528324127,0.6228678822517395,-1.3917411934016855e-07,0.24313902854919434,0.5921184420585632,-0.019515780732035637,0.2336825430393219,0.5321574807167053,-0.027839966118335724,0.2455413043498993,0.4851078987121582,-0.0353083498775959,0.26886337995529175,0.4791722595691681,-0.041030485183000565,0.24924838542938232,0.480730801820755,-0.002027889946475625,0.24472200870513916,0.432818204164505,-0.016805943101644516,0.23841238021850586,0.43147358298301697,-0.028706815093755722,0.23459717631340027,0.45192962884902954,-0.03470727056264877,0.2640869617462158,0.47621455788612366,0.001985189039260149,0.2618902921676636,0.41916173696517944,-0.011752193793654442,0.2538789212703705,0.4237280488014221,-0.021298903971910477,0.24984169006347656,0.4480907917022705,-0.025018682703375816,0.2783462703227997,0.4805433452129364,0.0020735024008899927,0.2797881066799164,0.4249318838119507,-0.012760408222675323,0.27182671427726746,0.4287739396095276,-0.020996786653995514,0.2670742869377136,0.45595085620880127,-0.022872425615787506,0.29300805926322937,0.492133229970932,0.0003042875323444605,0.2912825047969818,0.44283926486968994,-0.011390567757189274,0.2863793969154358,0.44062361121177673,-0.01745106279850006,0.2832106053829193,0.459258109331131,-0.019467061385512352
12,0.6414898037910461,0.5606164932250977,-1.3024973100073112e-07,0.6268628835678101,0.5341612100601196,-0.005278618540614843,0.618231475353241,0.5027031302452087,-0.009058273397386074,0.6264322400093079,0.4822560250759125,-0.014113231562077999,0.6399387121200562,0.48818686604499817,-0.01787072792649269,0.6247662901878357,0.46298927068710327,0.002700603101402521,0.6231158971786499,0.42789649963378906,-0.005723109468817711,0.623025119304657,0.44509124755859375,-0.012219946831464767,0.62410569190979,0.46637803316116333,-0.01559139508754015,0.6361756920814514,0.46065810322761536,0.0012507149949669838,0.6355203986167908,0.42405980825424194,-0.0070856790989637375,0.6349123120307922,0.44474539160728455,-0.011265919543802738,0.6344789862632751,0.46639910340309143,-0.012294371612370014,0.6475774645805359,0.4638012945652008,-0.001986997900530696,0.6466450095176697,0.42873749136924744,-0.00826424639672041,0.645501434803009,0.4469836354255676,-0.008660673163831234,0.6442486643791199,0.46786609292030334,-0.007189290598034859,0.6582871079444885,0.47209474444389343,-0.006265052128583193,0.6556907296180725,0.4473874866962433,-0.009675631299614906,0.6536528468132019,0.4555540978908539,-0.009553300216794014,0.6521280407905579,0.4701506197452545,-0.0084487060084939,0.265219509601593,0.6201716065406799,-1.0922205007091179e-07,0.24215281009674072,0.5906724333763123,-0.020536961033940315,0.23397701978683472,0.529991865158081,-0.028635874390602112,0.24691437184810638,0.48542046546936035,-0.03579333797097206,0.2695726454257965,0.4820499122142792,-0.041105110198259354,0.2489788830280304,0.4772814214229584,-0.0017063093837350607,0.24725964665412903,0.42806410789489746,-0.01630644127726555,0.24207577109336853,0.42811423540115356,-0.02823473885655403,0.23840516805648804,0.451421856880188,-0.034255821257829666,0.2637489438056946,0.47429725527763367,0.0026195573154836893,0.2643715441226959,0.4160447418689728,-0.010695374570786953,0.2576677203178406,0.4183138608932495,-0.020976640284061432,0.2535977363586426,0.44326508045196533,-0.025412874296307564,0.2777444124221802,0.480092316865921,0.0027963838074356318,0.2813437283039093,0.4241613745689392,-0.011485949158668518,0.27429303526878357,0.4264649748802185,-0.02127734012901783,0.26933732628822327,0.4545965790748596,-0.02449963428080082,0.29271790385246277,0.49279671907424927,0.000934052572119981,0.2930692136287689,0.44394561648368835,-0.010734551586210728,0.28858861327171326,0.4409346878528595,-0.018252525478601456,0.2848166227340698,0.4602639675140381,-0.021607983857393265
13,0.6414898037910461,0.5606164932250977,-1.3024973100073112e-07,0.6268628835678101,0.5341612100601196,-0.005278618540614843,0.618231475353241,0.5027031302452087,-0.009058273397386074,0.6264322400093079,0.4822560250759125,-0.014113231562077999,0.6399387121200562,0.48818686604499817,-0.01787072792649269,0.6247662901878357,0.46298927068710327,0.002700603101402521,0.6231158971786499,0.42789649963378906,-0.005723109468817711,0.623025119304657,0.44509124755859375,-0.012219946831464767,0.62410569190979,0.46637803316116333,-0.01559139508754015,0.6361756920814514,0.46065810322761536,0.0012507149949669838,0.6355203986167908,0.42405980825424194,-0.0070856790989637375,0.6349123120307922,0.44474539160728455,-0.011265919543802738,0.6344789862632751,0.46639910340309143,-0.012294371612370014,0.6475774645805359,0.4638012945652008,-0.001986997900530696,0.6466450095176697,0.42873749136924744,-0.00826424639672041,0.645501434803009,0.4469836354255676,-0.008660673163831234,0.6442486643791199,0.46786609292030334,-0.007189290598034859,0.6582871079444885,0.47209474444389343,-0.006265052128583193,0.6556907296180725,0.4473874866962433,-0.009675631299614906,0.6536528468132019,0.4555540978908539,-0.009553300216794014,0.6521280407905579,0.4701506197452545,-0.0084487060084939,0.265219509601593,0.6201716065406799,-1.0922205007091179e-07,0.24215281009674072,0.5906724333763123,-0.020536961033940315,0.23397701978683472,0.529991865158081,-0.028635874390602112,0.24691437184810638,0.48542046546936035,-0.03579333797097206,0.2695726454257965,0.4820499122142792,-0.041105110198259354,0.2489788830280304,0.4772814214229584,-0.0017063093837350607,0.24725964665412903,0.42806410789489746,-0.01630644127726555,0.24207577109336853,0.42811423540115356,-0.02823473885655403,0.23840516805648804,0.451421856880188,-0.034255821257829666,0.2637489438056946,0.47429725527763367,0.0026195573154836893,0.2643715441226959,0.4160447418689728,-0.010695374570786953,0.2576677203178406,0.4183138608932495,-0.020976640284061432,0.2535977363586426,0.44326508045196533,-0.025412874296307564,0.2777444124221802,0.480092316865921,0.0027963838074356318,0.2813437283039093,0.4241613745689392,-0.011485949158668518,0.27429303526878357,0.4264649748802185,-0.02127734012901783,0.26933732628822327,0.4545965790748596,-0.02449963428080082,0.29271790385246277,0.49279671907424927,0.000934052572119981,0.2930692136287689,0.44394561648368835,-0.010734551586210728,0.28858861327171326,0.4409346878528595,-0.018252525478601456,0.2848166227340698,0.4602639675140381,-0.021607983857393265
14,0.6414673328399658,0.5610328912734985,-1.3471971271883376e-07,0.6263065934181213,0.5339938998222351,-0.005162359215319157,0.6176975965499878,0.5017316937446594,-0.00873151421546936,0.6264588832855225,0.4816548228263855,-0.013610347174108028,0.6396916508674622,0.4890005886554718,-0.017155343666672707,0.6243672370910645,0.46206191182136536,0.003218224039301276,0.6228473782539368,0.42678409814834595,-0.005068223457783461,0.622538685798645,0.4451466202735901,-0.011471323668956757,0.6235418915748596,0.4667649269104004,-0.014802197925746441,0.635886549949646,0.4598105847835541,0.001750152325257659,0.6353405117988586,0.4233846664428711,-0.006317584775388241,0.6343912482261658,0.4453744888305664,-0.010173439048230648,0.6339049339294434,0.46703389286994934,-0.010967206209897995,0.6473385691642761,0.4632813632488251,-0.001536780851893127,0.6467682719230652,0.4282948970794678,-0.00743401562795043,0.6450484991073608,0.44794854521751404,-0.0073082176968455315,0.6436157822608948,0.4689362645149231,-0.005528005305677652,0.6582154631614685,0.47230079770088196,-0.005918581038713455,0.6556606888771057,0.4480188190937042,-0.008937394246459007,0.6531826257705688,0.4570028781890869,-0.008435944095253944,0.6515476107597351,0.47149041295051575,-0.007103377021849155,0.2664516270160675,0.6275967359542847,-1.059330969610528e-07,0.24330922961235046,0.5921206474304199,-0.017992675304412842,0.2361174076795578,0.5299656391143799,-0.025406327098608017,0.2510294020175934,0.48749297857284546,-0.0321565642952919,0.27383992075920105,0.48407599329948425,-0.036764584481716156,0.2569475471973419,0.47685450315475464,-0.00034913630224764347,0.2591407597064972,0.4269753098487854,-0.014798694290220737,0.2538418769836426,0.4270203113555908,-0.026389311999082565,0.24841800332069397,0.45170825719833374,-0.031780991703271866,0.2712081968784332,0.4784584641456604,0.003155660815536976,0.2740371525287628,0.42312532663345337,-0.00987753365188837,0.26765522360801697,0.4265371859073639,-0.0192360058426857,0.2621460258960724,0.45236828923225403,-0.02259211614727974,0.2835216820240021,0.48758238554000854,0.0027696331962943077,0.2872025668621063,0.4356037974357605,-0.01050921343266964,0.2801177501678467,0.43734419345855713,-0.017897754907608032,0.27388495206832886,0.4635315537452698,-0.01928688958287239,0.29579320549964905,0.5034604668617249,0.0005007778527215123,0.29507312178611755,0.4575856924057007,-0.009823331609368324,0.2906405031681061,0.4506971836090088,-0.015289884991943836,0.2865782380104065,0.4648747146129608,-0.016779882833361626
15,0.6418115496635437,0.5589454174041748,-1.309607142729874e-07,0.6263740062713623,0.5338033437728882,-0.005537509918212891,0.6177114844322205,0.5010964870452881,-0.009138628840446472,0.6267359256744385,0.48042917251586914,-0.01389729231595993,0.6401204466819763,0.4892982542514801,-0.01734636351466179,0.6235376596450806,0.46206793189048767,0.0019184547709301114,0.6225411295890808,0.4269072413444519,-0.006516722496598959,0.6232340335845947,0.44574230909347534,-0.012882713228464127,0.6245442032814026,0.4677341878414154,-0.016208620741963387,0.6353135108947754,0.4597039818763733,0.0005910961772315204,0.6351208686828613,0.4230799376964569,-0.007653155364096165,0.6350589394569397,0.44538089632987976,-0.011377342976629734,0.6346428394317627,0.4671142101287842,-0.012088874354958534,0.6469255685806274,0.46298035979270935,-0.0025217158254235983,0.6465433239936829,0.42828670144081116,-0.008846043609082699,0.6455903053283691,0.4481690227985382,-0.008921555243432522,0.6443713307380676,0.4692619740962982,-0.007187350653111935,0.6579310894012451,0.47169360518455505,-0.006725790910422802,0.6556555032730103,0.44695407152175903,-0.01042006816715002,0.6536879539489746,0.4561777114868164,-0.010338682681322098,0.6521692872047424,0.47115346789360046,-0.009241136722266674,0.26743751764297485,0.6289060711860657,-1.3472060800268082e-07,0.24445751309394836,0.5930911302566528,-0.017080869525671005,0.23728246986865997,0.5314337611198425,-0.02394801378250122,0.25273963809013367,0.4902401268482208,-0.030298756435513496,0.2746824622154236,0.48566684126853943,-0.03458527475595474,0.25390931963920593,0.4784000515937805,-8.210240775952116e-05,0.25398656725883484,0.4262697994709015,-0.014479140751063824,0.24765923619270325,0.42727863788604736,-0.025837117806077003,0.24238161742687225,0.45257875323295593,-0.031056435778737068,0.2677793502807617,0.4784371554851532,0.0030618796590715647,0.2677537500858307,0.421545147895813,-0.010149367153644562,0.2600358724594116,0.42605510354042053,-0.019195063039660454,0.2544689178466797,0.4525207281112671,-0.022370534017682076,0.2811860740184784,0.48610803484916687,0.0023738036397844553,0.2829858958721161,0.43163755536079407,-0.011179676279425621,0.2752263844013214,0.4333013892173767,-0.018597841262817383,0.2694224715232849,0.4602033197879791,-0.019985241815447807,0.29542651772499084,0.5001764893531799,-0.0001360096939606592,0.29468435049057007,0.45249220728874207,-0.010969839990139008,0.2903061807155609,0.4477041959762573,-0.01656101830303669,0.2867899537086487,0.4649141728878021,-0.018090929836034775
16,0.6418115496635437,0.5589454174041748,-1.309607142729874e-07,0.6263740062713623,0.5338033437728882,-0.005537509918212891,0.6177114844322205,0.5010964870452881,-0.009138628840446472,0.6267359256744385,0.48042917251586914,-0.01389729231595993,0.6401204466819763,0.4892982542514801,-0.01734636351466179,0.6235376596450806,0.46206793189048767,0.0019184547709301114,0.6225411295890808,0.4269072413444519,-0.006516722496598959,0.6232340335845947,0.44574230909347534,-0.012882713228464127,0.6245442032814026,0.4677341878414154,-0.016208620741963387,0.6353135108947754,0.4597039818763733,0.0005910961772315204,0.6351208686828613,0.4230799376964569,-0.007653155364096165,0.6350589394569397,0.44538089632987976,-0.011377342976629734,0.6346428394317627,0.4671142101287842,-0.012088874354958534,0.6469255685806274,0.46298035979270935,-0.0025217158254235983,0.6465433239936829,0.42828670144081116,-0.008846043609082699,0.6455903053283691,0.4481690227985382,-0.008921555243432522,0.6443713307380676,0.4692619740962982,-0.007187350653111935,0.6579310894012451,0.47169360518455505,-0.006725790910422802,0.6556555032730103,0.44695407152175903,-0.01042006816715002,0.6536879539489746,0.4561777114868164,-0.010338682681322098,0.6521692872047424,0.47115346789360046,-0.009241136722266674,0.26743751764297485,0.6289060711860657,-1.3472060800268082e-07,0.24445751309394836,0.5930911302566528,-0.017080869525671005,0.23728246986865997,0.5314337611198425,-0.02394801378250122,0.25273963809013367,0.4902401268482208,-0.030298756435513496,0.2746824622154236,0.48566684126853943,-0.03458527475595474,0.25390931963920593,0.4784000515937805,-8.210240775952116e-05,0.25398656725883484,0.4262697994709015,-0.014479140751063824,0.24765923619270325,0.42727863788604736,-0.025837117806077003,0.24238161742687225,0.45257875323295593,-0.031056435778737068,0.2677793502807617,0.4784371554851532,0.0030618796590715647,0.2677537500858307,0.421545147895813,-0.010149367153644562,0.2600358724594116,0.42605510354042053,-0.019195063039660454,0.2544689178466797,0.4525207281112671,-0.022370534017682076,0.2811860740184784,0.48610803484916687,0.0023738036397844553,0.2829858958721161,0.43163755536079407,-0.011179676279425621,0.2752263844013214,0.4333013892173767,-0.018597841262817383,0.2694224715232849,0.4602033197879791,-0.019985241815447807,0.29542651772499084,0.5001764893531799,-0.0001360096939606592,0.29468435049057007,0.45249220728874207,-0.010969839990139008,0.2903061807155609,0.4477041959762573,-0.01656101830303669,0.2867899537086487,0.4649141728878021,-0.018090929836034775
17,0.6415608525276184,0.5626912117004395,-1.528871536038423e-07,0.6268894076347351,0.536444365978241,-0.004525342956185341,0.6180431842803955,0.5028992295265198,-0.007751971483230591,0.6261352896690369,0.48080605268478394,-0.01257807295769453,0.6386604309082031,0.4891361892223358,-0.016138378530740738,0.6258805394172668,0.45921435952186584,0.004707664251327515,0.6233211755752563,0.4239146411418915,-0.003823324805125594,0.6222476959228516,0.4417524039745331,-0.01046574767678976,0.6235107779502869,0.4632089138031006,-0.013985765166580677,0.6370462775230408,0.4575687646865845,0.0026535706128925085,0.6353394389152527,0.4203854203224182,-0.0059227105230093,0.6335685849189758,0.44197967648506165,-0.009861993603408337,0.6332368850708008,0.4637431204319,-0.010533367283642292,0.6482616066932678,0.4614492952823639,-0.0013180068926885724,0.646435558795929,0.4259589910507202,-0.007900250144302845,0.6440999507904053,0.44557854533195496,-0.007939329370856285,0.6427997946739197,0.46681374311447144,-0.006026061717420816,0.6590498685836792,0.4709405303001404,-0.006362720858305693,0.6559922099113464,0.44431284070014954,-0.009837478399276733,0.652725338935852,0.45380109548568726,-0.009406852535903454,0.6507581472396851,0.46955791115760803,-0.00800348725169897,0.26825255155563354,0.6226850748062134,-1.0794028071359207e-07,0.2455032467842102,0.5905306339263916,-0.019809698686003685,0.23872961103916168,0.5298362374305725,-0.027868345379829407,0.25303858518600464,0.48617780208587646,-0.035022370517253876,0.2753964364528656,0.4816948175430298,-0.04007814824581146,0.2555428445339203,0.4737912118434906,-0.0018507312051951885,0.2580356001853943,0.42305684089660645,-0.01678977720439434,0.2526494562625885,0.423885703086853,-0.02881873957812786,0.24771715700626373,0.44880038499832153,-0.03467710688710213,0.2699250280857086,0.47477442026138306,0.002334177726879716,0.2729300260543823,0.41631194949150085,-0.012018518522381783,0.2666642367839813,0.42087000608444214,-0.022818470373749733,0.26191091537475586,0.4478519558906555,-0.027188405394554138,0.2832091152667999,0.4832354485988617,0.002523476956412196,0.28831782937049866,0.4286990761756897,-0.011856629513204098,0.28248751163482666,0.4306362271308899,-0.02178228832781315,0.27709394693374634,0.4588091969490051,-0.0249596256762743,0.2971325218677521,0.4986066222190857,0.0007659965776838362,0.29748043417930603,0.4514913558959961,-0.010664300993084908,0.29421254992485046,0.44564536213874817,-0.018413513898849487,0.290438175201416,0.4621548652648926,-0.021812332794070244
18,0.641498863697052,0.560041069984436,-1.4845174689526175e-07,0.6264467835426331,0.5356444716453552,-0.004364659544080496,0.6174726486206055,0.5029436349868774,-0.00733798136934638,0.6250384449958801,0.48050743341445923,-0.011823290027678013,0.637100875377655,0.4888937175273895,-0.015094300732016563,0.6251530051231384,0.4602303206920624,0.004439258482307196,0.6231006979942322,0.42477667331695557,-0.003469137940555811,0.622330904006958,0.4418802857398987,-0.009607132524251938,0.6234560012817383,0.46312233805656433,-0.012842400930821896,0.6362766623497009,0.4581187069416046,0.0025552650913596153,0.6350976228713989,0.42108476161956787,-0.005433258600533009,0.6337249279022217,0.44191548228263855,-0.009198091924190521,0.6333547830581665,0.46348056197166443,-0.009904277510941029,0.6475112438201904,0.46137693524360657,-0.0011263921624049544,0.646181046962738,0.42649415135383606,-0.007354868575930595,0.6443779468536377,0.4454922676086426,-0.007624342571943998,0.6432955265045166,0.46667343378067017,-0.006005103699862957,0.6585361957550049,0.4700656235218048,-0.005816278979182243,0.6557196974754333,0.44382649660110474,-0.009234493598341942,0.6528774499893188,0.45333540439605713,-0.009018421173095703,0.651166558265686,0.4692078232765198,-0.00785681139677763,0.2685070335865021,0.6227536797523499,-7.551683722795133e-08,0.24595701694488525,0.5893518924713135,-0.02139003947377205,0.23918412625789642,0.5306441783905029,-0.03034971095621586,0.25198429822921753,0.4868209660053253,-0.038173120468854904,0.2736995816230774,0.4751023054122925,-0.04401378333568573,0.2545853555202484,0.4757900834083557,-0.003055232809856534,0.25594383478164673,0.42427200078964233,-0.018683427944779396,0.2542111873626709,0.42456719279289246,-0.031674131751060486,0.25260937213897705,0.4482382535934448,-0.038410648703575134,0.26897522807121277,0.475301593542099,0.0014987076865509152,0.27143391966819763,0.4153366684913635,-0.013733970001339912,0.2657414376735687,0.4193887710571289,-0.025932561606168747,0.26152992248535156,0.44571757316589355,-0.03150026500225067,0.2823944687843323,0.4824356734752655,0.0018793661147356033,0.287095844745636,0.42611268162727356,-0.01377023570239544,0.2806057929992676,0.4276677966117859,-0.025307418778538704,0.27470293641090393,0.456315279006958,-0.02957223914563656,0.2968180775642395,0.49667370319366455,0.00022784736938774586,0.29765966534614563,0.4491617679595947,-0.012515163980424404,0.2940615117549896,0.4441547095775604,-0.021553201600909233,0.2897830307483673,0.461841344833374,-0.025966646149754524
19,0.6403381824493408,0.5624653697013855,-1.543656367175572e-07,0.6263008117675781,0.5354570746421814,-0.004061228130012751,0.6176692247390747,0.5026569366455078,-0.007205164059996605,0.6253145933151245,0.4810115098953247,-0.012081769295036793,0.6374012231826782,0.4883527159690857,-0.015691440552473068,0.6260240077972412,0.459041953086853,0.0054349955171346664,0.6236862540245056,0.4233875572681427,-0.0033055234234780073,0.6227209568023682,0.4419551193714142,-0.010228394530713558,0.6238585710525513,0.46388140320777893,-0.013816311955451965,0.636978030204773,0.45760679244995117,0.003203693311661482,0.6355971693992615,0.42037534713745117,-0.005456345155835152,0.6339938044548035,0.4425978362560272,-0.009634827263653278,0.6335342526435852,0.46479785442352295,-0.01043754629790783,0.6479803323745728,0.46171191334724426,-0.0009671010193414986,0.6464544534683228,0.42560967803001404,-0.007490240037441254,0.6445598006248474,0.4455246031284332,-0.007602963130921125,0.6432273387908936,0.4671276807785034,-0.005731934681534767,0.658517599105835,0.4714702367782593,-0.0061615887098014355,0.6558359265327454,0.44471171498298645,-0.009480360895395279,0.6529437899589539,0.45424753427505493,-0.008965037763118744,0.6509456038475037,0.47022175788879395,-0.0074767149053514,0.2686630189418793,0.6220217943191528,-1.1551120593367159e-07,0.2465602457523346,0.5886973738670349,-0.019490091130137444,0.23955419659614563,0.5313369631767273,-0.027545718476176262,0.2522907555103302,0.4874036908149719,-0.03474638983607292,0.27348509430885315,0.47578975558280945,-0.03985942527651787,0.25587454438209534,0.47831496596336365,-0.0007389559759758413,0.25467371940612793,0.42711082100868225,-0.015372185036540031,0.24840164184570312,0.4283464550971985,-0.027140188962221146,0.24356748163700104,0.45273539423942566,-0.03270259127020836,0.2696297764778137,0.4771706461906433,0.003478708676993847,0.26986822485923767,0.41873884201049805,-0.010110796429216862,0.2614293098449707,0.4231049418449402,-0.01998729817569256,0.2560964822769165,0.44803401827812195,-0.0237234216183424,0.28269678354263306,0.4839184284210205,0.0036264662630856037,0.2859141528606415,0.4273076355457306,-0.010504432953894138,0.277624249458313,0.42884841561317444,-0.01900176890194416,0.27169981598854065,0.45553287863731384,-0.021050766110420227,0.2967391908168793,0.49741363525390625,0.0018331357277929783,0.2970655858516693,0.44978076219558716,-0.009260454215109348,0.29241669178009033,0.4441083073616028,-0.015644654631614685,0.28822416067123413,0.46007537841796875,-0.01788201928138733
20,0.6403381824493408,0.5624653697013855,-1.543656367175572e-07,0.6263008117675781,0.5354570746421814,-0.004061228130012751,0.6176692247390747,0.5026569366455078,-0.007205164059996605,0.6253145933151245,0.4810115098953247,-0.012081769295036793,0.6374012231826782,0.4883527159690857,-0.015691440552473068,0.6260240077972412,0.459041953086853,0.0054349955171346664,0.6236862540245056,0.4233875572681427,-0.0033055234234780073,0.6227209568023682,0.4419551193714142,-0.010228394530713558,0.6238585710525513,0.46388140320777893,-0.013816311955451965,0.636978030204773,0.45760679244995117,0.003203693311661482,0.6355971693992615,0.42037534713745117,-0.005456345155835152,0.6339938044548035,0.4425978362560272,-0.009634827263653278,0.6335342526435852,0.46479785442352295,-0.01043754629790783,0.6479803323745728,0.46171191334724426,-0.0009671010193414986,0.6464544534683228,0.42560967803001404,-0.007490240037441254,0.6445598006248474,0.4455246031284332,-0.007602963130921125,0.6432273387908936,0.4671276807785034,-0.005731934681534767,0.658517599105835,0.4714702367782593,-0.0061615887098014355,0.6558359265327454,0.44471171498298645,-0.009480360895395279,0.6529437899589539,0.45424753427505493,-0.008965037763118744,0.6509456038475037,0.47022175788879395,-0.0074767149053514,0.2686630189418793,0.6220217943191528,-1.1551120593367159e-07,0.2465602457523346,0.5886973738670349,-0.019490091130137444,0.23955419659614563,0.5313369631767273,-0.027545718476176262,0.2522907555103302,0.4874036908149719,-0.03474638983607292,0.27348509430885315,0.47578975558280945,-0.03985942527651787,0.25587454438209534,0.47831496596336365,-0.0007389559759758413,0.25467371940612793,0.42711082100868225,-0.015372185036540031,0.24840164184570312,0.4283464550971985,-0.027140188962221146,0.24356748163700104,0.45273539423942566,-0.03270259127020836,0.2696297764778137,0.4771706461906433,0.003478708676993847,0.26986822485923767,0.41873884201049805,-0.010110796429216862,0.2614293098449707,0.4231049418449402,-0.01998729817569256,0.2560964822769165,0.44803401827812195,-0.0237234216183424,0.28269678354263306,0.4839184284210205,0.0036264662630856037,0.2859141528606415,0.4273076355457306,-0.010504432953894138,0.277624249458313,0.42884841561317444,-0.01900176890194416,0.27169981598854065,0.45553287863731384,-0.021050766110420227,0.2967391908168793,0.49741363525390625,0.0018331357277929783,0.2970655858516693,0.44978076219558716,-0.009260454215109348,0.29241669178009033,0.4441083073616028,-0.015644654631614685,0.28822416067123413,0.46007537841796875,-0.01788201928138733
21,0.6411439776420593,0.5629666447639465,-1.6829709181820363e-07,0.6261551380157471,0.5367201566696167,-0.00410710321739316,0.6173862218856812,0.5034623146057129,-0.007028708700090647,0.6255402565002441,0.4808160066604614,-0.011627151630818844,0.6376428604125977,0.4854277968406677,-0.014854899607598782,0.6251766681671143,0.46047940850257874,0.005337386392056942,0.6229148507118225,0.4238133728504181,-0.0033557612914592028,0.6214685440063477,0.4433767795562744,-0.01000409945845604,0.6223455667495728,0.4654669761657715,-0.013379967771470547,0.6364420056343079,0.45884114503860474,0.0032905451953411102,0.6350469589233398,0.4204285144805908,-0.005441238638013601,0.6331357955932617,0.44352447986602783,-0.009335333481431007,0.6325752139091492,0.4657714366912842,-0.009879754856228828,0.6476791501045227,0.4626395106315613,-0.0006988654495216906,0.6460026502609253,0.4257725477218628,-0.0073192245326936245,0.6435645222663879,0.44678235054016113,-0.007090573199093342,0.6422845125198364,0.46857181191444397,-0.004989641718566418,0.6585958003997803,0.4720531702041626,-0.005708721000701189,0.6552338600158691,0.44578060507774353,-0.009184934198856354,0.6518496870994568,0.4557502567768097,-0.008712065406143665,0.6500339508056641,0.47157400846481323,-0.007266131229698658,0.2679661810398102,0.6226242780685425,-7.761454412502644e-08,0.24536502361297607,0.5889972448348999,-0.020752398297190666,0.2387625128030777,0.5305975079536438,-0.029336022213101387,0.2517622411251068,0.4866603910923004,-0.03699309751391411,0.2732183337211609,0.4765433669090271,-0.04268411546945572,0.25385788083076477,0.4771665334701538,-0.0001693136728135869,0.2530199885368347,0.4277769923210144,-0.014797810465097427,0.2491617649793625,0.42728114128112793,-0.02717646025121212,0.24609538912773132,0.4503234028816223,-0.033416129648685455,0.26845496892929077,0.47638046741485596,0.0043114000000059605,0.26987093687057495,0.4185613989830017,-0.009389003738760948,0.26347994804382324,0.4207894206047058,-0.02068512700498104,0.25922971963882446,0.4447835385799408,-0.025704778730869293,0.2819839417934418,0.48309803009033203,0.004542116541415453,0.2860053777694702,0.42812272906303406,-0.00939430296421051,0.2794019281864166,0.4275363087654114,-0.019529877230525017,0.2740304172039032,0.4533764719963074,-0.023088736459612846,0.29625168442726135,0.4970182776451111,0.0026703551411628723,0.29713162779808044,0.4491399824619293,-0.008176015689969063,0.2936439514160156,0.4425327181816101,-0.015571844764053822,0.2900409996509552,0.4579690098762512,-0.01896294765174389
22,0.6401416659355164,0.5607005953788757,-1.5906827854905714e-07,0.6253815293312073,0.535378098487854,-0.005032871849834919,0.6171579957008362,0.5019121170043945,-0.008504646830260754,0.6259883046150208,0.47937196493148804,-0.013340136967599392,0.638470470905304,0.4888039529323578,-0.0166862141340971,0.6248182058334351,0.4609243869781494,0.003109247889369726,0.6226071119308472,0.42354172468185425,-0.00589690962806344,0.6218217611312866,0.44498059153556824,-0.012385006062686443,0.6231033205986023,0.4680052101612091,-0.015587825328111649,0.6359028220176697,0.45918795466423035,0.0014910148456692696,0.6346126794815063,0.42049407958984375,-0.007221521344035864,0.633331835269928,0.44420182704925537,-0.010569747537374496,0.6330123543739319,0.46599483489990234,-0.010764190927147865,0.6469429731369019,0.46289491653442383,-0.0020563991274684668,0.6456561088562012,0.42657285928726196,-0.00861512590199709,0.643850564956665,0.44714629650115967,-0.008175728842616081,0.6427882313728333,0.4680895209312439,-0.005926535930484533,0.6576235294342041,0.47197243571281433,-0.006712936330586672,0.6548241972923279,0.4457530975341797,-0.010320962406694889,0.652212381362915,0.45555126667022705,-0.010016792453825474,0.6505618095397949,0.4713119864463806,-0.008654645644128323,0.26831626892089844,0.6231611967086792,-1.0365334901507595e-07,0.2447584867477417,0.5906296968460083,-0.01883379928767681,0.23801939189434052,0.5291308164596558,-0.026282817125320435,0.2523435950279236,0.4843492805957794,-0.0329575389623642,0.27469006180763245,0.4807378351688385,-0.03748351335525513,0.254939466714859,0.47812485694885254,0.000615614524576813,0.25634336471557617,0.42728516459465027,-0.013504832983016968,0.2521803677082062,0.42765629291534424,-0.0249447263777256,0.2487354278564453,0.45179206132888794,-0.030526358634233475,0.2696366012096405,0.4779277741909027,0.0045438059605658054,0.272409588098526,0.4209427237510681,-0.008639839477837086,0.26587754487991333,0.4234567880630493,-0.01864595338702202,0.2614150047302246,0.44724664092063904,-0.022684462368488312,0.2828980088233948,0.48446863889694214,0.004399262368679047,0.2876946032047272,0.43020057678222656,-0.00904917623847723,0.28069692850112915,0.4300346076488495,-0.017819615080952644,0.2752639651298523,0.45471107959747314,-0.020412910729646683,0.296793669462204,0.49810343980789185,0.002288756426423788,0.29699817299842834,0.4508461058139801,-0.00818433053791523,0.2931462228298187,0.44415128231048584,-0.014922362752258778,0.28964346647262573,0.4587211310863495,-0.017749648541212082
23,0.6405099630355835,0.5608163475990295,-1.4999073982835398e-07,0.6255601644515991,0.5354287624359131,-0.004570079036056995,0.617370069026947,0.5022488236427307,-0.007667407859116793,0.6259748339653015,0.4806872606277466,-0.012238533236086369,0.6382075548171997,0.49003368616104126,-0.015528309158980846,0.6243823766708374,0.46062880754470825,0.004075544886291027,0.6228073835372925,0.4246721565723419,-0.004117139149457216,0.6217920184135437,0.44318124651908875,-0.010368256829679012,0.6227235198020935,0.46482524275779724,-0.01364108081907034,0.6354084610939026,0.45882076025009155,0.002235152991488576,0.6346272826194763,0.421423077583313,-0.006007471587508917,0.6332229375839233,0.44337257742881775,-0.009704031981527805,0.6328226327896118,0.4650886356830597,-0.010255859233438969,0.6464868187904358,0.4626205563545227,-0.0014382245717570186,0.6454154849052429,0.42700880765914917,-0.007814629003405571,0.643643319606781,0.4468756914138794,-0.007896755822002888,0.6425851583480835,0.46800053119659424,-0.006089601665735245,0.657280683517456,0.4719408452510834,-0.0061383554711937904,0.6544477939605713,0.44627845287323,-0.00974670983850956,0.6517468094825745,0.45612335205078125,-0.009542921558022499,0.6502825617790222,0.4717724919319153,-0.008323139511048794,0.2680314779281616,0.6227566003799438,-1.3369798068652017e-07,0.24536529183387756,0.5882343649864197,-0.018923429772257805,0.23880107700824738,0.5283819437026978,-0.026771197095513344,0.25154682993888855,0.48483794927597046,-0.03386830911040306,0.27246132493019104,0.47337377071380615,-0.03908730670809746,0.25575339794158936,0.47799596190452576,-0.0007754390244372189,0.25394558906555176,0.4282248914241791,-0.01599274016916752,0.24751541018486023,0.4270442724227905,-0.028615208342671394,0.2421787679195404,0.447826087474823,-0.035034287720918655,0.27013611793518066,0.47667205333709717,0.0025451290421187878,0.2707534432411194,0.4191896319389343,-0.011925916187465191,0.2617640495300293,0.4210464358329773,-0.02282043918967247,0.25475990772247314,0.44336792826652527,-0.02746642380952835,0.28357186913490295,0.4834752380847931,0.0018199539044871926,0.2871774733066559,0.42727333307266235,-0.013342607766389847,0.27840980887413025,0.42600733041763306,-0.02274140529334545,0.27087870240211487,0.4492845833301544,-0.025546418502926826,0.29753756523132324,0.4973668158054352,-0.0007684754673391581,0.29708054661750793,0.44949769973754883,-0.013053206726908684,0.2919769585132599,0.4422646462917328,-0.020052310079336166,0.2870146930217743,0.45539921522140503,-0.022826289758086205
24,0.6405099630355835,0.5608163475990295,-1.4999073982835398e-07,0.6255601644515991,0.5354287624359131,-0.004570079036056995,0.617370069026947,0.5022488236427307,-0.007667407859116793,0.6259748339653015,0.4806872606277466,-0.012238533236086369,0.6382075548171997,0.49003368616104126,-0.015528309158980846,0.6243823766708374,0.46062880754470825,0.004075544886291027,0.6228073835372925,0.4246721565723419,-0.004117139149457216,0.6217920184135437,0.44318124651908875,-0.010368256829679012,0.6227235198020935,0.46482524275779724,-0.01364108081907034,0.6354084610939026,0.45882076025009155,0.002235152991488576,0.6346272826194763,0.421423077583313,-0.006007471587508917,0.6332229375839233,0.44337257742881775,-0.009704031981527805,0.6328226327896118,0.4650886356830597,-0.010255859233438969,0.6464868187904358,0.4626205563545227,-0.0014382245717570186,0.6454154849052429,0.42700880765914917,-0.007814629003405571,0.643643319606781,0.4468756914138794,-0.007896755822002888,0.6425851583480835,0.46800053119659424,-0.006089601665735245,0.657280683517456,0.4719408452510834,-0.0061383554711937904,0.6544477939605713,0.44627845287323,-0.00974670983850956,0.6517468094825745,0.45612335205078125,-0.009542921558022499,0.6502825617790222,0.4717724919319153,-0.008323139511048794,0.2680314779281616,0.6227566003799438,-1.3369798068652017e-07,0.24536529183387756,0.5882343649864197,-0.018923429772257805,0.23880107700824738,0.5283819437026978,-0.026771197095513344,0.25154682993888855,0.48483794927597046,-0.03386830911040306,0.27246132493019104,0.47337377071380615,-0.03908730670809746,0.25575339794158936,0.47799596190452576,-0.0007754390244372189,0.25394558906555176,0.4282248914241791,-0.01599274016916752,0.24751541018486023,0.4270442724227905,-0.028615208342671394,0.2421787679195404,0.447826087474823,-0.035034287720918655,0.27013611793518066,0.47667205333709717,0.0025451290421187878,0.2707534432411194,0.4191896319389343,-0.011925916187465191,0.2617640495300293,0.4210464358329773,-0.02282043918967247,0.25475990772247314,0.44336792826652527,-0.02746642380952835,0.28357186913490295,0.4834752380847931,0.0018199539044871926,0.2871774733066559,0.42727333307266235,-0.013342607766389847,0.27840980887413025,0.42600733041763306,-0.02274140529334545,0.27087870240211487,0.4492845833301544,-0.025546418502926826,0.29753756523132324,0.4973668158054352,-0.0007684754673391581,0.29708054661750793,0.44949769973754883,-0.013053206726908684,0.2919769585132599,0.4422646462917328,-0.020052310079336166,0.2870146930217743,0.45539921522140503,-0.022826289758086205
25,0.6398478150367737,0.5605097413063049,-1.5056889424158726e-07,0.6250513195991516,0.5344810485839844,-0.004786611534655094,0.6166528463363647,0.5014106035232544,-0.00803269725292921,0.6256123781204224,0.4797475039958954,-0.012733129784464836,0.6382161974906921,0.487684428691864,-0.016038890928030014,0.6244730949401855,0.45926377177238464,0.004049504175782204,0.6230077147483826,0.42333176732063293,-0.004628063645213842,0.6225017309188843,0.44319698214530945,-0.011094321496784687,0.6238053441047668,0.46532246470451355,-0.014379368163645267,0.6357537508010864,0.4576420783996582,0.002309443661943078,0.6351730823516846,0.4205041229724884,-0.006451326888054609,0.6338357329368591,0.4437568187713623,-0.010218910872936249,0.6333262324333191,0.465766578912735,-0.01063601579517126,0.6468774080276489,0.4617171585559845,-0.0013594046467915177,0.6459109783172607,0.4261789619922638,-0.008056461811065674,0.6440285444259644,0.44674456119537354,-0.007992945611476898,0.6427108645439148,0.4679865539073944,-0.005893719848245382,0.6574026942253113,0.47142770886421204,-0.006085664499551058,0.6545619964599609,0.446313738822937,-0.009762740693986416,0.651854932308197,0.4558742940425873,-0.009592766873538494,0.6501636505126953,0.4710884690284729,-0.00826068501919508,0.26827770471572876,0.6175717711448669,-8.368426307470145e-08,0.24437376856803894,0.5864300727844238,-0.018223587423563004,0.23768015205860138,0.5242971777915955,-0.025310134515166283,0.2532024085521698,0.4803258180618286,-0.0314776748418808,0.2762887179851532,0.476222962141037,-0.03576157987117767,0.25537025928497314,0.4748033881187439,-0.0021144519560039043,0.25806695222854614,0.4229533076286316,-0.016279855743050575,0.25813204050064087,0.42474669218063354,-0.02755536325275898,0.2574204206466675,0.4491610527038574,-0.03320126608014107,0.27121713757514954,0.47541165351867676,0.0014878838555887341,0.27589017152786255,0.41715168952941895,-0.011892049573361874,0.27259624004364014,0.42142388224601746,-0.021797604858875275,0.2698964774608612,0.4459066390991211,-0.025969265028834343,0.2847437560558319,0.48398861289024353,0.0013576627243310213,0.2916456460952759,0.42869195342063904,-0.013227025978267193,0.28553149104118347,0.430081844329834,-0.02272370643913746,0.2797631621360779,0.45416539907455444,-0.02587740123271942,0.2978665828704834,0.4996287226676941,-0.0004646190209314227,0.2974563241004944,0.45435869693756104,-0.013402516953647137,0.29277709126472473,0.44995713233947754,-0.021534433588385582,0.28812992572784424,0.4644700288772583,-0.025115713477134705
26,0.6387403011322021,0.5599457621574402,-1.549209969198273e-07,0.624552845954895,0.5306519865989685,-0.0036349704023450613,0.6169348955154419,0.4988299012184143,-0.006899066735059023,0.6254070997238159,0.480383962392807,-0.011983140371739864,0.6362456679344177,0.48726120591163635,-0.016051091253757477,0.625170111656189,0.4573120176792145,0.005632016807794571,0.6235042810440063,0.42421481013298035,-0.0023645481560379267,0.6225224733352661,0.44173043966293335,-0.009225464425981045,0.6229925155639648,0.4619830250740051,-0.013015758246183395,0.6364861726760864,0.4556892514228821,0.003178865648806095,0.6358194351196289,0.4197853207588196,-0.004865946248173714,0.6342456936836243,0.44209611415863037,-0.009274731390178204,0.6328943967819214,0.4644663631916046,-0.010433102957904339,0.6474553346633911,0.4596468508243561,-0.0010476351017132401,0.6461529731750488,0.4250338077545166,-0.006782480515539646,0.6441508531570435,0.4449236989021301,-0.006939262617379427,0.6419364809989929,0.4661010503768921,-0.005374132189899683,0.6574417352676392,0.4691404402256012,-0.006232998799532652,0.6551991105079651,0.44360965490341187,-0.008709026500582695,0.6524049043655396,0.4524088203907013,-0.007692313753068447,0.650010883808136,0.4668692946434021,-0.006036112550646067,0.26900145411491394,0.6188623905181885,-1.1491580664824141e-07,0.24594399333000183,0.5864195823669434,-0.01830536499619484,0.23864665627479553,0.5280866026878357,-0.025469226762652397,0.2514633238315582,0.48325178027153015,-0.031942617148160934,0.272884339094162,0.4713548421859741,-0.03640596941113472,0.2543085217475891,0.475982666015625,0.0010159880621358752,0.25421348214149475,0.42757225036621094,-0.012428514659404755,0.24850787222385406,0.42589929699897766,-0.02390177920460701,0.24358732998371124,0.4466324746608734,-0.029692664742469788,0.2687647342681885,0.47404807806015015,0.004777739755809307,0.2695045471191406,0.41725102066993713,-0.007316872477531433,0.2623485028743744,0.41761961579322815,-0.017361067235469818,0.25752899050712585,0.43887779116630554,-0.021954301744699478,0.28205808997154236,0.48008397221565247,0.004571976605802774,0.285568505525589,0.42513027787208557,-0.008246940560638905,0.27817216515541077,0.4228740930557251,-0.01737843081355095,0.2723611295223236,0.44617804884910583,-0.02059083804488182,0.29616257548332214,0.4934864640235901,0.0024801420513540506,0.2973906695842743,0.44588106870651245,-0.007889287546277046,0.2929832339286804,0.43741658329963684,-0.014712955802679062,0.28852972388267517,0.4506523311138153,-0.017813600599765778
27,0.6387403011322021,0.5599457621574402,-1.549209969198273e-07,0.624552845954895,0.5306519865989685,-0.0036349704023450613,0.6169348955154419,0.4988299012184143,-0.006899066735059023,0.6254070997238159,0.480383962392807,-0.011983140371739864,0.6362456679344177,0.48726120591163635,-0.016051091253757477,0.625170111656189,0.4573120176792145,0.005632016807794571,0.6235042810440063,0.42421481013298035,-0.0023645481560379267,0.6225224733352661,0.44173043966293335,-0.009225464425981045,0.6229925155639648,0.4619830250740051,-0.013015758246183395,0.6364861726760864,0.4556892514228821,0.003178865648806095,0.6358194351196289,0.4197853207588196,-0.004865946248173714,0.6342456936836243,0.44209611415863037,-0.009274731390178204,0.6328943967819214,0.4644663631916046,-0.010433102957904339,0.6474553346633911,0.4596468508243561,-0.0010476351017132401,0.6461529731750488,0.4250338077545166,-0.006782480515539646,0.6441508531570435,0.4449236989021301,-0.006939262617379427,0.6419364809989929,0.4661010503768921,-0.005374132189899683,0.6574417352676392,0.4691404402256012,-0.006232998799532652,0.6551991105079651,0.44360965490341187,-0.008709026500582695,0.6524049043655396,0.4524088203907013,-0.007692313753068447,0.650010883808136,0.4668692946434021,-0.006036112550646067,0.26900145411491394,0.6188623905181885,-1.1491580664824141e-07,0.24594399333000183,0.5864195823669434,-0.01830536499619484,0.23864665627479553,0.5280866026878357,-0.025469226762652397,0.2514633238315582,0.48325178027153015,-0.031942617148160934,0.272884339094162,0.4713548421859741,-0.03640596941113472,0.2543085217475891,0.475982666015625,0.0010159880621358752,0.25421348214149475,0.42757225036621094,-0.012428514659404755,0.24850787222385406,0.42589929699897766,-0.02390177920460701,0.24358732998371124,0.4466324746608734,-0.029692664742469788,0.2687647342681885,0.47404807806015015,0.004777739755809307,0.2695045471191406,0.41725102066993713,-0.007316872477531433,0.2623485028743744,0.41761961579322815,-0.017361067235469818,0.25752899050712585,0.43887779116630554,-0.021954301744699478,0.28205808997154236,0.48008397221565247,0.004571976605802774,0.285568505525589,0.42513027787208557,-0.008246940560638905,0.27817216515541077,0.4228740930557251,-0.01737843081355095,0.2723611295223236,0.44617804884910583,-0.02059083804488182,0.29616257548332214,0.4934864640235901,0.0024801420513540506,0.2973906695842743,0.44588106870651245,-0.007889287546277046,0.2929832339286804,0.43741658329963684,-0.014712955802679062,0.28852972388267517,0.4506523311138153,-0.017813600599765778
28,0.6398165225982666,0.5632816553115845,-1.6039400918543834e-07,0.6250532865524292,0.5345267653465271,-0.003122772788628936,0.6171478629112244,0.50167316198349,-0.005996683146804571,0.6248834133148193,0.482033371925354,-0.010903998278081417,0.6356938481330872,0.4885281026363373,-0.014668861404061317,0.6256491541862488,0.45927882194519043,0.006486802361905575,0.6239450573921204,0.42394158244132996,-0.0016924473457038403,0.6224255561828613,0.4427470862865448,-0.008318600244820118,0.6231173872947693,0.4640766978263855,-0.011821115389466286,0.6364315748214722,0.4581071436405182,0.0037703244015574455,0.635344922542572,0.42026615142822266,-0.0046544186770915985,0.6333965063095093,0.4431910514831543,-0.00883841048926115,0.6326560974121094,0.4658608138561249,-0.009592426009476185,0.6473879814147949,0.46251317858695984,-0.000780272064730525,0.6455510854721069,0.4247890114784241,-0.006836652755737305,0.6432461738586426,0.44527965784072876,-0.006696965545415878,0.6417047381401062,0.4671727120876312,-0.0046904683113098145,0.6579620242118835,0.47260135412216187,-0.006271004676818848,0.6549245715141296,0.44549262523651123,-0.008882584981620312,0.6517951488494873,0.45412859320640564,-0.007898521609604359,0.6498302221298218,0.46915537118911743,-0.006143044680356979,0.26742303371429443,0.6192617416381836,-1.0645679537901742e-07,0.24486255645751953,0.5872498750686646,-0.018229341134428978,0.23800916969776154,0.5264756083488464,-0.025192737579345703,0.2516387701034546,0.4815380871295929,-0.03148861974477768,0.273341566324234,0.47120481729507446,-0.03578624874353409,0.25441455841064453,0.4750528037548065,0.0005975795793347061,0.25512582063674927,0.4250428080558777,-0.013472571969032288,0.2513945996761322,0.42460548877716064,-0.02515842393040657,0.2481183558702469,0.44875437021255493,-0.030913174152374268,0.268827885389328,0.47424066066741943,0.004199946764856577,0.27078473567962646,0.4169906973838806,-0.009133422747254372,0.2644970118999481,0.41883906722068787,-0.019619621336460114,0.2604219615459442,0.44315192103385925,-0.024064388126134872,0.2820938527584076,0.48103803396224976,0.0038289388176053762,0.2864029109477997,0.42618411779403687,-0.01008740346878767,0.279805064201355,0.4240316152572632,-0.019774843007326126,0.27467986941337585,0.448576420545578,-0.022991470992565155,0.2958877384662628,0.4949989318847656,0.001636227942071855,0.29619643092155457,0.44850051403045654,-0.009646623395383358,0.2919923961162567,0.4386957883834839,-0.017116649076342583,0.28800463676452637,0.4509948194026947,-0.020411953330039978
29,0.6409136056900024,0.5615856647491455,-1.438021968169778e-07,0.6254297494888306,0.5335581302642822,-0.004287365358322859,0.6170292496681213,0.5017122030258179,-0.0076318904757499695,0.6247725486755371,0.4822239577770233,-0.01270319614559412,0.635662853717804,0.4879056513309479,-0.0166233591735363,0.6234086751937866,0.4599135220050812,0.0047332532703876495,0.622118353843689,0.42463287711143494,-0.0035110244061797857,0.6221374869346619,0.44260355830192566,-0.010155582800507545,0.623231053352356,0.46353065967559814,-0.01368336658924818,0.6350177526473999,0.45804551243782043,0.0026028587017208338,0.6344602108001709,0.4209194481372833,-0.005680397618561983,0.633969247341156,0.4433717131614685,-0.009923778474330902,0.6334584951400757,0.4653562009334564,-0.010938307270407677,0.6464743614196777,0.46191972494125366,-0.0013826205395162106,0.6453644633293152,0.42541250586509705,-0.007450437638908625,0.6442028284072876,0.44569867849349976,-0.007604256272315979,0.6427375078201294,0.4672750234603882,-0.005954123567789793,0.6571768522262573,0.4712211489677429,-0.006375299300998449,0.6548323631286621,0.4452047646045685,-0.009161245077848434,0.6521531343460083,0.45426878333091736,-0.008424362167716026,0.6499667167663574,0.4691017270088196,-0.006960791535675526,0.2670346796512604,0.6188434362411499,-1.6405442693212535e-07,0.24381133913993835,0.5851551294326782,-0.017226504161953926,0.23604974150657654,0.5246650576591492,-0.023814987391233444,0.2500324249267578,0.48158782720565796,-0.02992239035665989,0.271759033203125,0.47377169132232666,-0.03412561118602753,0.25407880544662476,0.474088579416275,0.0008181686862371862,0.25205203890800476,0.4263578951358795,-0.012476921081542969,0.2420741319656372,0.42402181029319763,-0.02342972531914711,0.23429879546165466,0.4426858127117157,-0.02877732180058956,0.2677008807659149,0.4720630347728729,0.004074539057910442,0.26600077748298645,0.41633766889572144,-0.008271514438092709,0.2548487186431885,0.41775941848754883,-0.017076341435313225,0.24753889441490173,0.4396558701992035,-0.020221251994371414,0.2809399664402008,0.4783261716365814,0.0035530924797058105,0.282360315322876,0.4224681854248047,-0.009648414328694344,0.27258968353271484,0.4225793778896332,-0.017016978934407234,0.26582226157188416,0.44725659489631653,-0.018350493162870407,0.29512372612953186,0.4915115535259247,0.0012313382467254996,0.29436609148979187,0.44285354018211365,-0.009350907988846302,0.2888467311859131,0.4365839958190918,-0.014667668379843235,0.28481078147888184,0.4517563283443451,-0.01606150157749653
30,0.6415475010871887,0.559900164604187,-1.381291667712503e-07,0.6260103583335876,0.5326401591300964,-0.004098193254321814,0.6167687773704529,0.5019146203994751,-0.0073041790165007114,0.6243841648101807,0.4818653166294098,-0.012182346545159817,0.6362507343292236,0.4878816306591034,-0.015896927565336227,0.6233277916908264,0.4600043296813965,0.004675236996263266,0.6224719882011414,0.42513322830200195,-0.0033682913053780794,0.6228424310684204,0.4429105520248413,-0.00990274641662836,0.62404465675354,0.4634628891944885,-0.013423340395092964,0.6348552107810974,0.45813697576522827,0.0025300520937889814,0.6346320509910583,0.42135462164878845,-0.005566960666328669,0.6343518495559692,0.4432351589202881,-0.009840806014835835,0.6339229345321655,0.4649037718772888,-0.010952936485409737,0.6462056040763855,0.46180909872055054,-0.0014140174025669694,0.6455374956130981,0.4256795048713684,-0.007493270095437765,0.6445379257202148,0.44560933113098145,-0.007801125757396221,0.6431142687797546,0.46730297803878784,-0.006249839905649424,0.6567606925964355,0.47117459774017334,-0.006334490608423948,0.6544542908668518,0.4458322823047638,-0.00941480789333582,0.6518805027008057,0.4544796645641327,-0.008977554738521576,0.6497500538825989,0.469157874584198,-0.007689535152167082,0.26608437299728394,0.6170359253883362,-1.3723700931222993e-07,0.24392671883106232,0.5849912166595459,-0.018598290160298347,0.23585624992847443,0.5248579978942871,-0.025799663737416267,0.24882608652114868,0.4800128638744354,-0.03223930671811104,0.27110058069229126,0.4712941348552704,-0.03684772923588753,0.25104331970214844,0.47149813175201416,-0.0010126596316695213,0.24805805087089539,0.4228860139846802,-0.01457094307988882,0.23973986506462097,0.42141979932785034,-0.025678280740976334,0.23374617099761963,0.4409804940223694,-0.03132196143269539,0.26523470878601074,0.4685353934764862,0.0026517377700656652,0.2625977098941803,0.41054537892341614,-0.00957750529050827,0.25248512625694275,0.4093634784221649,-0.01870977319777012,0.24598024785518646,0.42862799763679504,-0.02273673750460148,0.2791988253593445,0.47539371252059937,0.0024174985010176897,0.28035539388656616,0.4180200695991516,-0.011846993118524551,0.2703199088573456,0.41762036085128784,-0.020630376413464546,0.2632726728916168,0.44166210293769836,-0.0231857281178236,0.29408204555511475,0.4896320104598999,0.00038908180431462824,0.29345571994781494,0.4407573640346527,-0.012079200707376003,0.28761377930641174,0.4350762367248535,-0.019132647663354874,0.2828814685344696,0.4499989151954651,-0.02190692350268364
31,0.6415475010871887,0.559900164604187,-1.381291667712503e-07,0.6260103583335876,0.5326401591300964,-0.004098193254321814,0.6167687773704529,0.5019146203994751,-0.0073041790165007114,0.6243841648101807,0.4818653166294098,-0.012182346545159817,0.6362507343292236,0.4878816306591034,-0.015896927565336227,0.6233277916908264,0.4600043296813965,0.004675236996263266,0.6224719882011414,0.42513322830200195,-0.0033682913053780794,0.6228424310684204,0.4429105520248413,-0.00990274641662836,0.62404465675354,0.4634628891944885,-0.013423340395092964,0.6348552107810974,0.45813697576522827,0.0025300520937889814,0.6346320509910583,0.42135462164878845,-0.005566960666328669,0.6343518495559692,0.4432351589202881,-0.009840806014835835,0.6339229345321655,0.4649037718772888,-0.010952936485409737,0.6462056040763855,0.46180909872055054,-0.0014140174025669694,0.6455374956130981,0.4256795048713684,-0.007493270095437765,0.6445379257202148,0.44560933113098145,-0.007801125757396221,0.6431142687797546,0.46730297803878784,-0.006249839905649424,0.6567606925964355,0.47117459774017334,-0.006334490608423948,0.6544542908668518,0.4458322823047638,-0.00941480789333582,0.6518805027008057,0.4544796645641327,-0.008977554738521576,0.6497500538825989,0.469157874584198,-0.007689535152167082,0.26608437299728394,0.6170359253883362,-1.3723700931222993e-07,0.24392671883106232,0.5849912166595459,-0.018598290160298347,0.23585624992847443,0.5248579978942871,-0.025799663737416267,0.24882608652114868,0.4800128638744354,-0.03223930671811104,0.27110058069229126,0.4712941348552704,-0.03684772923588753,0.25104331970214844,0.47149813175201416,-0.0010126596316695213,0.24805805087089539,0.4228860139846802,-0.01457094307988882,0.23973986506462097,0.42141979932785034,-0.025678280740976334,0.23374617099761963,0.4409804940223694,-0.03132196143269539,0.26523470878601074,0.4685353934764862,0.0026517377700656652,0.2625977098941803,0.41054537892341614,-0.00957750529050827,0.25248512625694275,0.4093634784221649,-0.01870977319777012,0.24598024785518646,0.42862799763679504,-0.02273673750460148,0.2791988253593445,0.47539371252059937,0.0024174985010176897,0.28035539388656616,0.4180200695991516,-0.011846993118524551,0.2703199088573456,0.41762036085128784,-0.020630376413464546,0.2632726728916168,0.44166210293769836,-0.0231857281178236,0.29408204555511475,0.4896320104598999,0.00038908180431462824,0.29345571994781494,0.4407573640346527,-0.012079200707376003,0.28761377930641174,0.4350762367248535,-0.019132647663354874,0.2828814685344696,0.4499989151954651,-0.02190692350268364
32,0.6411051750183105,0.5593231320381165,-1.3140090970864549e-07,0.6256232857704163,0.5339170694351196,-0.004882448818534613,0.6164839863777161,0.5019710659980774,-0.008206350728869438,0.6247395277023315,0.48075589537620544,-0.01292211003601551,0.6375032067298889,0.488916277885437,-0.016340477392077446,0.6225031018257141,0.4611479640007019,0.0034267676528543234,0.6217119693756104,0.4247083365917206,-0.0049761622212827206,0.6229515075683594,0.44319018721580505,-0.011420170776546001,0.6247639060020447,0.4651434123516083,-0.014723317697644234,0.6339489221572876,0.4590432047843933,0.00180521619040519,0.6341895461082458,0.4218325614929199,-0.006389734335243702,0.6345116496086121,0.44405680894851685,-0.010355602018535137,0.634392261505127,0.46552228927612305,-0.011232530698180199,0.6451824903488159,0.46188947558403015,-0.001656599692068994,0.6452168822288513,0.42647460103034973,-0.00778851518407464,0.6446365714073181,0.4462677240371704,-0.008116306737065315,0.6436872482299805,0.4674391448497772,-0.006558135151863098,0.6559687256813049,0.46991124749183655,-0.006177796050906181,0.6542358994483948,0.4436565935611725,-0.009520033374428749,0.6524667739868164,0.45296406745910645,-0.009428591467440128,0.6510186195373535,0.46836814284324646,-0.008362730033695698,0.2673070430755615,0.6160498857498169,-9.389919597424523e-08,0.24344752728939056,0.5840550065040588,-0.017944106832146645,0.23446062207221985,0.5268991589546204,-0.025242237374186516,0.24685251712799072,0.4830402731895447,-0.03200531750917435,0.2688112258911133,0.4716320037841797,-0.03673754259943962,0.24997730553150177,0.46932822465896606,0.0011834055185317993,0.250319242477417,0.42007166147232056,-0.012172700837254524,0.24616709351539612,0.41863393783569336,-0.023984313011169434,0.24292291700839996,0.4406382441520691,-0.030182411894202232,0.2646949887275696,0.4669803977012634,0.004493990447372198,0.26596003770828247,0.40913745760917664,-0.007352800108492374,0.26009783148765564,0.4108027219772339,-0.017734088003635406,0.25631392002105713,0.4344843029975891,-0.022811800241470337,0.2784676253795624,0.473280668258667,0.0038787282537668943,0.2824624180793762,0.41900020837783813,-0.008399663493037224,0.27625155448913574,0.4191218614578247,-0.01753782108426094,0.2718184292316437,0.44558441638946533,-0.021015167236328125,0.2932440936565399,0.4873567223548889,0.0013271592324599624,0.29475924372673035,0.44125068187713623,-0.008746985346078873,0.2904464602470398,0.4349111020565033,-0.01559843122959137,0.28640830516815186,0.4511337876319885,-0.01882566325366497
33,0.6392874121665955,0.5603710412979126,-1.4469640063907718e-07,0.6249089241027832,0.5344898700714111,-0.004328669514507055,0.6159971952438354,0.5027295351028442,-0.00745141226798296,0.6238307356834412,0.48043951392173767,-0.012090740725398064,0.635979413986206,0.487773597240448,-0.015412677079439163,0.6237472891807556,0.4599947929382324,0.00577103765681386,0.6217447519302368,0.4250362515449524,-0.0023927984293550253,0.6201519966125488,0.44151225686073303,-0.008873256854712963,0.6210423111915588,0.462232381105423,-0.012162367813289165,0.6342721581459045,0.4582711458206177,0.003999403212219477,0.6330798864364624,0.4211041033267975,-0.004177279770374298,0.6308743357658386,0.44109711050987244,-0.008211782202124596,0.6305428147315979,0.4621415436267853,-0.008866343647241592,0.6447802782058716,0.46169981360435486,0.000297604245133698,0.6433121562004089,0.42684412002563477,-0.0058872289955616,0.6408545970916748,0.44444990158081055,-0.006188857834786177,0.6398129463195801,0.46465957164764404,-0.004418444354087114,0.6550912857055664,0.4704066514968872,-0.004392875824123621,0.6518052220344543,0.44509926438331604,-0.007142677903175354,0.648973286151886,0.453308641910553,-0.006628331728279591,0.6478142142295837,0.46784859895706177,-0.00518438033759594,0.2671719491481781,0.6115421056747437,-9.418201329935982e-08,0.24198085069656372,0.5815814137458801,-0.016499115154147148,0.23346251249313354,0.5241276025772095,-0.022907540202140808,0.2478557527065277,0.480694442987442,-0.028871659189462662,0.27034643292427063,0.47155746817588806,-0.03305622562766075,0.2462325543165207,0.4686151146888733,0.0010102562373504043,0.2458096146583557,0.4218601882457733,-0.011141872964799404,0.24188297986984253,0.4168323576450348,-0.022016052156686783,0.23834896087646484,0.43402808904647827,-0.027821194380521774,0.26218652725219727,0.4645783007144928,0.003967457916587591,0.2631496489048004,0.40889984369277954,-0.006324997637420893,0.25832632184028625,0.4083439111709595,-0.0157784353941679,0.2549408972263336,0.4294516444206238,-0.020678162574768066,0.27686676383018494,0.47026243805885315,0.0033786220010370016,0.2803918421268463,0.41744717955589294,-0.007626439444720745,0.27500107884407043,0.4183448553085327,-0.016404442489147186,0.2710592448711395,0.4444570541381836,-0.02009059302508831,0.29212912917137146,0.4832800328731537,0.001034129410982132,0.2940361797809601,0.4379465579986572,-0.008044947870075703,0.2906409800052643,0.43221038579940796,-0.014463539235293865,0.2872176766395569,0.44918856024742126,-0.017668087035417557
34,0.6395357847213745,0.5597094893455505,-1.454604188211306e-07,0.6236411929130554,0.5350659489631653,-0.004034300800412893,0.6145375370979309,0.5038535594940186,-0.007341550197452307,0.6221572756767273,0.4822685718536377,-0.012019033543765545,0.6343945264816284,0.4881005585193634,-0.015474951826035976,0.6198995113372803,0.46417236328125,0.0024825020227581263,0.6180681586265564,0.42772939801216125,-0.005967480130493641,0.6187807321548462,0.44747868180274963,-0.012190757319331169,0.6204272508621216,0.46921074390411377,-0.015335026197135448,0.6310278177261353,0.4624718427658081,0.00035611947532743216,0.6301771402359009,0.4243971109390259,-0.007504938170313835,0.6302202939987183,0.44657498598098755,-0.010971542447805405,0.6301678419113159,0.46740666031837463,-0.011616498231887817,0.6422197222709656,0.4655039608478546,-0.0034138283226639032,0.6408867835998535,0.4307405650615692,-0.009343248791992664,0.6404410600662231,0.45015835762023926,-0.009218118153512478,0.6401467323303223,0.4702962040901184,-0.007519007194787264,0.653486967086792,0.47332072257995605,-0.008087138645350933,0.6500945687294006,0.446645587682724,-0.01130632869899273,0.6483985781669617,0.45655372738838196,-0.010739514604210854,0.6475475430488586,0.4719375967979431,-0.009408279322087765,0.26660463213920593,0.611200749874115,-1.0738789768538481e-07,0.24228806793689728,0.5797539949417114,-0.01592203974723816,0.23206691443920135,0.5207400918006897,-0.022189199924468994,0.24581293761730194,0.4762798845767975,-0.028164930641651154,0.26969102025032043,0.47378167510032654,-0.032222114503383636,0.24687698483467102,0.4650004208087921,0.0025824313051998615,0.24691244959831238,0.41583600640296936,-0.009390424005687237,0.24130161106586456,0.41456088423728943,-0.019991686567664146,0.23689532279968262,0.43358999490737915,-0.025577379390597343,0.26192566752433777,0.46147119998931885,0.0053042941726744175,0.2622200548648834,0.4044915437698364,-0.004660940729081631,0.2563389241695404,0.4059597849845886,-0.013078171759843826,0.25292766094207764,0.42669394612312317,-0.01703963615000248,0.2763625681400299,0.4673713445663452,0.004338308237493038,0.27927249670028687,0.4116014838218689,-0.006845107302069664,0.27295562624931335,0.41532784700393677,-0.014528675004839897,0.269075483083725,0.44148457050323486,-0.017084568738937378,0.29187798500061035,0.4806082248687744,0.0016109651187434793,0.2932589054107666,0.4335573613643646,-0.007782815955579281,0.2886289656162262,0.43269193172454834,-0.013398748822510242,0.28490620851516724,0.45271632075309753,-0.015723707154393196
35,0.6395357847213745,0.5597094893455505,-1.454604188211306e-07,0.6236411929130554,0.5350659489631653,-0.004034300800412893,0.6145375370979309,0.5038535594940186,-0.007341550197452307,0.6221572756767273,0.4822685718536377,-0.012019033543765545,0.6343945264816284,0.4881005585193634,-0.015474951826035976,0.6198995113372803,0.46417236328125,0.0024825020227581263,0.6180681586265564,0.42772939801216125,-0.005967480130493641,0.6187807321548462,0.44747868180274963,-0.012190757319331169,0.6204272508621216,0.46921074390411377,-0.015335026197135448,0.6310278177261353,0.4624718427658081,0.00035611947532743216,0.6301771402359009,0.4243971109390259,-0.007504938170313835,0.6302202939987183,0.44657498598098755,-0.010971542447805405,0.6301678419113159,0.46740666031837463,-0.011616498231887817,0.6422197222709656,0.4655039608478546,-0.0034138283226639032,0.6408867835998535,0.4307405650615692,-0.009343248791992664,0.6404410600662231,0.45015835762023926,-0.009218118153512478,0.6401467323303223,0.4702962040901184,-0.007519007194787264,0.653486967086792,0.47332072257995605,-0.008087138645350933,0.6500945687294006,0.446645587682724,-0.01130632869899273,0.6483985781669617,0.45655372738838196,-0.010739514604210854,0.6475475430488586,0.4719375967979431,-0.009408279322087765,0.26660463213920593,0.611200749874115,-1.0738789768538481e-07,0.24228806793689728,0.5797539949417114,-0.01592203974723816,0.23206691443920135,0.5207400918006897,-0.022189199924468994,0.24581293761730194,0.4762798845767975,-0.028164930641651154,0.26969102025032043,0.47378167510032654,-0.032222114503383636,0.24687698483467102,0.4650004208087921,0.0025824313051998615,0.24691244959831238,0.41583600640296936,-0.009390424005687237,0.24130161106586456,0.41456088423728943,-0.019991686567664146,0.23689532279968262,0.43358999490737915,-0.025577379390597343,0.26192566752433777,0.46147119998931885,0.0053042941726744175,0.2622200548648834,0.4044915437698364,-0.004660940729081631,0.2563389241695404,0.4059597849845886,-0.013078171759843826,0.25292766094207764,0.42669394612312317,-0.01703963615000248,0.2763625681400299,0.4673713445663452,0.004338308237493038,0.27927249670028687,0.4116014838218689,-0.006845107302069664,0.27295562624931335,0.41532784700393677,-0.014528675004839897,0.269075483083725,0.44148457050323486,-0.017084568738937378,0.29187798500061035,0.4806082248687744,0.0016109651187434793,0.2932589054107666,0.4335573613643646,-0.007782815955579281,0.2886289656162262,0.43269193172454834,-0.013398748822510242,0.28490620851516724,0.45271632075309753,-0.015723707154393196
36,0.6388751268386841,0.5551384687423706,-1.2791889503205311e-07,0.622689425945282,0.5327860116958618,-0.0049264258705079556,0.6137418746948242,0.5027031898498535,-0.008347307331860065,0.6222065091133118,0.48289331793785095,-0.012948159128427505,0.6349782347679138,0.48951640725135803,-0.016457542777061462,0.6193114519119263,0.46349039673805237,0.0014156538527458906,0.6185136437416077,0.427802711725235,-0.0064539420418441296,0.6191479563713074,0.44466790556907654,-0.012370283715426922,0.6205708384513855,0.4649586081504822,-0.015490729361772537,0.630346953868866,0.4616315960884094,-0.00013903845683671534,0.6308167576789856,0.4241541028022766,-0.007728041615337133,0.6307567954063416,0.4445253908634186,-0.011327250860631466,0.6305810809135437,0.4650686979293823,-0.012141527608036995,0.6414154767990112,0.46502041816711426,-0.003278113668784499,0.6414798498153687,0.42974069714546204,-0.009187985211610794,0.640700101852417,0.44835907220840454,-0.00941813550889492,0.6401228308677673,0.4687269628047943,-0.007986192591488361,0.6523815989494324,0.4735552966594696,-0.0073572746478021145,0.6498831510543823,0.4477865397930145,-0.011029735207557678,0.648064374923706,0.45642411708831787,-0.01097486075013876,0.6470418572425842,0.471181184053421,-0.00997431855648756,0.26645636558532715,0.609936535358429,-1.0560959395888858e-07,0.24172356724739075,0.5791037082672119,-0.017384245991706848,0.23226013779640198,0.5215718746185303,-0.024454664438962936,0.2461114376783371,0.47921741008758545,-0.030947383493185043,0.268724262714386,0.47182419896125793,-0.03574615344405174,0.24600869417190552,0.46561938524246216,0.00020927318837493658,0.24392442405223846,0.41933125257492065,-0.012677048332989216,0.23722055554389954,0.41449975967407227,-0.024423569440841675,0.23170600831508636,0.42971527576446533,-0.03102945350110531,0.2611512541770935,0.4610002040863037,0.003081555012613535,0.25952842831611633,0.405375599861145,-0.008052376098930836,0.2531966269016266,0.40275633335113525,-0.018388960510492325,0.24866345524787903,0.42046913504600525,-0.024143647402524948,0.2758186459541321,0.46675223112106323,0.002247108845040202,0.2777925431728363,0.41134774684906006,-0.010715301148593426,0.27148008346557617,0.4118386209011078,-0.021133825182914734,0.2665339410305023,0.4372292757034302,-0.025746740400791168,0.2915922701358795,0.4799392521381378,-0.0002990964858327061,0.2923675775527954,0.4336853623390198,-0.012004430405795574,0.2883460521697998,0.43100282549858093,-0.01995190605521202,0.2843379080295563,0.44998615980148315,-0.024051593616604805
37,0.6385329365730286,0.5566281676292419,-1.4332519526760734e-07,0.6227642893791199,0.5346776247024536,-0.004450264386832714,0.6137769222259521,0.5045811533927917,-0.0074333916418254375,0.6218701601028442,0.4838734269142151,-0.011663033626973629,0.6339552998542786,0.4878900647163391,-0.014827839098870754,0.6193925142288208,0.46449029445648193,0.002793993568047881,0.6178117990493774,0.42915618419647217,-0.004556386731564999,0.6170800924301147,0.4442942440509796,-0.010300313122570515,0.6180060505867004,0.46427834033966064,-0.013386971317231655,0.6305968761444092,0.4619002342224121,0.0012498102150857449,0.6300613284111023,0.4241991341114044,-0.005889593623578548,0.6290493011474609,0.44325026869773865,-0.009428486227989197,0.6290715336799622,0.4639807641506195,-0.01028635073453188,0.6420034170150757,0.4650198817253113,-0.0018719848012551665,0.6411060690879822,0.42926403880119324,-0.0073515321128070354,0.6395951509475708,0.4464782476425171,-0.007531435694545507,0.6391484141349792,0.4662221074104309,-0.006258362904191017,0.6535829305648804,0.47350120544433594,-0.005890558008104563,0.6503641605377197,0.4472431540489197,-0.00907548051327467,0.647968590259552,0.45596832036972046,-0.008780247531831264,0.6471078991889954,0.4707620143890381,-0.007755157072097063,0.2663821280002594,0.6099100708961487,-7.74676962578269e-08,0.24124786257743835,0.5790860652923584,-0.019005637615919113,0.2316528856754303,0.521233081817627,-0.02721911482512951,0.24550798535346985,0.47849008440971375,-0.034755025058984756,0.2687295973300934,0.4718368351459503,-0.04053054377436638,0.24414952099323273,0.46083903312683105,-0.0002405404666205868,0.24146893620491028,0.41283905506134033,-0.014649477787315845,0.23730771243572235,0.409365713596344,-0.02737412415444851,0.23365136981010437,0.4272540211677551,-0.03430473804473877,0.2601540684700012,0.45650625228881836,0.002919452963396907,0.25931182503700256,0.39946281909942627,-0.009585525840520859,0.25499096512794495,0.4010967016220093,-0.020440006628632545,0.2520078718662262,0.4231610894203186,-0.026057804003357887,0.2754933834075928,0.46293216943740845,0.002028138842433691,0.27831676602363586,0.40680351853370667,-0.012006490491330624,0.2728408873081207,0.40859392285346985,-0.02236918918788433,0.2683669626712799,0.4345173239707947,-0.02660464309155941,0.29174643754959106,0.4775781035423279,-0.0007471548742614686,0.2928507328033447,0.4307050108909607,-0.013085862621665001,0.288834810256958,0.42992261052131653,-0.020888550207018852,0.2847888469696045,0.4494967460632324,-0.02463473752140999
38,0.6385329365730286,0.5566281676292419,-1.4332519526760734e-07,0.6227642893791199,0.5346776247024536,-0.004450264386832714,0.6137769222259521,0.5045811533927917,-0.0074333916418254375,0.6218701601028442,0.4838734269142151,-0.011663033626973629,0.6339552998542786,0.4878900647163391,-0.014827839098870754,0.6193925142288208,0.46449029445648193,0.002793993568047881,0.6178117990493774,0.42915618419647217,-0.004556386731564999,0.6170800924301147,0.4442942440509796,-0.010300313122570515,0.6180060505867004,0.46427834033966064,-0.013386971317231655,0.6305968761444092,0.4619002342224121,0.0012498102150857449,0.6300613284111023,0.4241991341114044,-0.005889593623578548,0.6290493011474609,0.44325026869773865,-0.009428486227989197,0.6290715336799622,0.4639807641506195,-0.01028635073453188,0.6420034170150757,0.4650198817253113,-0.0018719848012551665,0.6411060690879822,0.42926403880119324,-0.0073515321128070354,0.6395951509475708,0.4464782476425171,-0.007531435694545507,0.6391484141349792,0.4662221074104309,-0.006258362904191017,0.6535829305648804,0.47350120544433594,-0.005890558008104563,0.6503641605377197,0.4472431540489197,-0.00907548051327467,0.647968590259552,0.45596832036972046,-0.008780247531831264,0.6471078991889954,0.4707620143890381,-0.007755157072097063,0.2663821280002594,0.6099100708961487,-7.74676962578269e-08,0.24124786257743835,0.5790860652923584,-0.019005637615919113,0.2316528856754303,0.521233081817627,-0.02721911482512951,0.24550798535346985,0.47849008440971375,-0.034755025058984756,0.2687295973300934,0.4718368351459503,-0.04053054377436638,0.24414952099323273,0.46083903312683105,-0.0002405404666205868,0.24146893620491028,0.41283905506134033,-0.014649477787315845,0.23730771243572235,0.409365713596344,-0.02737412415444851,0.23365136981010437,0.4272540211677551,-0.03430473804473877,0.2601540684700012,0.45650625228881836,0.002919452963396907,0.25931182503700256,0.39946281909942627,-0.009585525840520859,0.25499096512794495,0.4010967016220093,-0.020440006628632545,0.2520078718662262,0.4231610894203186,-0.026057804003357887,0.2754933834075928,0.46293216943740845,0.002028138842433691,0.27831676602363586,0.40680351853370667,-0.012006490491330624,0.2728408873081207,0.40859392285346985,-0.02236918918788433,0.2683669626712799,0.4345173239707947,-0.02660464309155941,0.29174643754959106,0.4775781035423279,-0.0007471548742614686,0.2928507328033447,0.4307050108909607,-0.013085862621665001,0.288834810256958,0.42992261052131653,-0.020888550207018852,0.2847888469696045,0.4494967460632324,-0.02463473752140999
39,0.638521134853363,0.5544795393943787,-1.3167860402063525e-07,0.6224006414413452,0.5327759385108948,-0.0056926836259663105,0.613536536693573,0.5023112297058105,-0.009295147843658924,0.6228918433189392,0.4831089973449707,-0.013875771313905716,0.6356781721115112,0.49181321263313293,-0.017218979075551033,0.6187884211540222,0.4630083441734314,0.0010864586802199483,0.6178910136222839,0.4282054305076599,-0.006531114690005779,0.6182513236999512,0.44580522179603577,-0.01219255942851305,0.6196045875549316,0.465552419424057,-0.01531456783413887,0.6303938031196594,0.46068325638771057,-1.574774614709895e-05,0.6306682229042053,0.42350149154663086,-0.0074850027449429035,0.6303333640098572,0.4443197548389435,-0.010764028877019882,0.629896879196167,0.4643609821796417,-0.011430414393544197,0.6415695548057556,0.4638221859931946,-0.002786622615531087,0.6417221426963806,0.42903876304626465,-0.008596604689955711,0.6407091617584229,0.4478524327278137,-0.008681495673954487,0.6397163271903992,0.4675787687301636,-0.007219473831355572,0.6525595188140869,0.4723544120788574,-0.006594046484678984,0.6502801179885864,0.447361558675766,-0.010271623730659485,0.6483752727508545,0.4563457667827606,-0.010385528206825256,0.6472262144088745,0.470646470785141,-0.009581129997968674,0.2679930329322815,0.606289267539978,-8.896663672430805e-08,0.2423560470342636,0.576436460018158,-0.016310248523950577,0.23079687356948853,0.522361695766449,-0.0236157588660717,0.24164488911628723,0.47902804613113403,-0.030728528276085854,0.26270318031311035,0.4672868549823761,-0.03596118837594986,0.2453736960887909,0.4628673195838928,0.000709689105860889,0.2436838448047638,0.41244831681251526,-0.012571155093610287,0.23984980583190918,0.4113982617855072,-0.024091307073831558,0.2373475730419159,0.4322029948234558,-0.030093377456068993,0.26094287633895874,0.4586281180381775,0.002907865447923541,0.2607809901237488,0.4010847210884094,-0.00814905483275652,0.25598540902137756,0.4037318527698517,-0.017571203410625458,0.25381582975387573,0.4263887405395508,-0.022250616922974586,0.27564549446105957,0.46388185024261475,0.0014373303856700659,0.27816522121429443,0.40903860330581665,-0.010248180478811264,0.2726135551929474,0.41119933128356934,-0.018233997747302055,0.2695404589176178,0.4366854727268219,-0.021180227398872375,0.29121267795562744,0.4770599603652954,-0.001803649589419365,0.29308807849884033,0.4301901161670685,-0.011227110400795937,0.2889583706855774,0.4278203248977661,-0.016696365550160408,0.2854022681713104,0.44685956835746765,-0.019034741446375847
40,0.6393128633499146,0.5569078922271729,-1.2719706887764914e-07,0.6231040954589844,0.5344886779785156,-0.005633861757814884,0.614251434803009,0.5033087730407715,-0.009288893081247807,0.6233023405075073,0.4837937653064728,-0.013951421715319157,0.6359736919403076,0.4912990629673004,-0.017330707982182503,0.6197750568389893,0.4636598229408264,0.0008544906158931553,0.618510365486145,0.4283503293991089,-0.007469198666512966,0.6190558671951294,0.4462030827999115,-0.013519801199436188,0.6203315854072571,0.46670815348625183,-0.01664642244577408,0.6311904788017273,0.4621926546096802,-0.00040670420276001096,0.6312747597694397,0.42560720443725586,-0.008303363807499409,0.6309481859207153,0.446897953748703,-0.011708189733326435,0.6305034160614014,0.46701276302337646,-0.012349299155175686,0.6421495676040649,0.4662417769432068,-0.003385247429832816,0.642188549041748,0.4314028322696686,-0.009472837671637535,0.6411389112472534,0.44989722967147827,-0.009478618390858173,0.640225887298584,0.4696061611175537,-0.007877811789512634,0.6528251767158508,0.4755359888076782,-0.007397501263767481,0.6503623723983765,0.45057815313339233,-0.011118761263787746,0.6486684083938599,0.4585379660129547,-0.01117206271737814,0.6477091312408447,0.47214198112487793,-0.010259557515382767,0.2676686942577362,0.6083913445472717,-6.06802927904937e-08,0.24234166741371155,0.5765699148178101,-0.017594141885638237,0.2321055829524994,0.5171037316322327,-0.024999970570206642,0.2466127872467041,0.4732871353626251,-0.0318022258579731,0.27121007442474365,0.4667283892631531,-0.036546312272548676,0.24575713276863098,0.4596860408782959,0.00029661995358765125,0.24605543911457062,0.40790414810180664,-0.01380925253033638,0.24488875269889832,0.40755942463874817,-0.02588030882179737,0.24387729167938232,0.4302942752838135,-0.03205366060137749,0.2617276906967163,0.4563567042350769,0.003402453614398837,0.2620541453361511,0.39826610684394836,-0.007876075804233551,0.25963079929351807,0.3987776041030884,-0.01756310649216175,0.2591151297092438,0.4200892150402069,-0.02257930487394333,0.27641549706459045,0.4631088674068451,0.002547851298004389,0.27930012345314026,0.4087597727775574,-0.009951002895832062,0.27538245916366577,0.4093090295791626,-0.019203821197152138,0.2733977735042572,0.4340243339538574,-0.022990018129348755,0.2918078601360321,0.47770875692367554,-0.00013739847054239362,0.29350045323371887,0.43100354075431824,-0.01076431479305029,0.2905120849609375,0.42753854393959045,-0.017714185640215874,0.28785550594329834,0.44547349214553833,-0.021043607965111732
