frame,feature_0,feature_1,feature_2,feature_3,feature_4,feature_5,feature_6,feature_7,feature_8,feature_9,feature_10,feature_11,feature_12,feature_13,feature_14,feature_15,feature_16,feature_17,feature_18,feature_19,feature_20,feature_21,feature_22,feature_23,feature_24,feature_25,feature_26,feature_27,feature_28,feature_29,feature_30,feature_31,feature_32,feature_33,feature_34,feature_35,feature_36,feature_37,feature_38,feature_39,feature_40,feature_41,feature_42,feature_43,feature_44,feature_45,feature_46,feature_47,feature_48,feature_49,feature_50,feature_51,feature_52,feature_53,feature_54,feature_55,feature_56,feature_57,feature_58,feature_59,feature_60,feature_61,feature_62,feature_63,feature_64,feature_65,feature_66,feature_67,feature_68,feature_69,feature_70,feature_71,feature_72,feature_73,feature_74,feature_75,feature_76,feature_77,feature_78,feature_79,feature_80,feature_81,feature_82,feature_83,feature_84,feature_85,feature_86,feature_87,feature_88,feature_89,feature_90,feature_91,feature_92,feature_93,feature_94,feature_95,feature_96,feature_97,feature_98,feature_99,feature_100,feature_101,feature_102,feature_103,feature_104,feature_105,feature_106,feature_107,feature_108,feature_109,feature_110,feature_111,feature_112,feature_113,feature_114,feature_115,feature_116,feature_117,feature_118,feature_119,feature_120,feature_121,feature_122,feature_123,feature_124,feature_125
1,0.6272929906845093,0.5149132013320923,-1.611431201808955e-07,0.6051484942436218,0.49145621061325073,-0.007703299634158611,0.594254732131958,0.44959720969200134,-0.01190224103629589,0.6045103073120117,0.4219072759151459,-0.017313767224550247,0.6184777617454529,0.4328525960445404,-0.02121726982295513,0.6031941175460815,0.40420952439308167,0.00023713229165878147,0.6028264164924622,0.35512787103652954,-0.009245336055755615,0.6009929180145264,0.3743300437927246,-0.015618241392076015,0.6007110476493835,0.3991096615791321,-0.018696747720241547,0.6166841983795166,0.4027196168899536,-0.0007185525028035045,0.6166852712631226,0.3513568639755249,-0.01042894832789898,0.6141763925552368,0.37831375002861023,-0.014046138152480125,0.613813579082489,0.40512681007385254,-0.014077947475016117,0.6300674676895142,0.4068496525287628,-0.0037898782175034285,0.631040632724762,0.3575756549835205,-0.011344005353748798,0.6268315315246582,0.3797622323036194,-0.011488175950944424,0.6255648732185364,0.4060424864292145,-0.009320642799139023,0.6443601846694946,0.41673755645751953,-0.008208183571696281,0.6433167457580566,0.37837493419647217,-0.012564006261527538,0.6385595798492432,0.3866640031337738,-0.012798120267689228,0.6359599828720093,0.40583160519599915,-0.011889363639056683,0.347739577293396,0.5428289175033569,-1.3420333289104747e-07,0.32037296891212463,0.5123430490493774,-0.02151384763419628,0.30421188473701477,0.436848521232605,-0.029962964355945587,0.3095104396343231,0.372252881526947,-0.03869900852441788,0.33306166529655457,0.3603607714176178,-0.04460737481713295,0.3052450120449066,0.3595736026763916,-0.0002602929889690131,0.3000774085521698,0.29537826776504517,-0.017876995727419853,0.29922452569007874,0.30435383319854736,-0.030635254457592964,0.30016952753067017,0.3377634882926941,-0.03652534633874893,0.32616961002349854,0.35025930404663086,0.002622337080538273,0.3256695568561554,0.26564329862594604,-0.014026098884642124,0.32265761494636536,0.288041353225708,-0.023472139611840248,0.32103097438812256,0.33046722412109375,-0.025206835940480232,0.34802284836769104,0.355663001537323,0.0009737314539961517,0.35080307722091675,0.27811476588249207,-0.015373547561466694,0.3456481397151947,0.2991933226585388,-0.021053338423371315,0.34260323643684387,0.34098386764526367,-0.019560327753424644,0.37104445695877075,0.3706555664539337,-0.0030977760907262564,0.37286701798439026,0.3078368008136749,-0.014345399104058743,0.3677613437175751,0.31042200326919556,-0.01850968226790428,0.3629744052886963,0.33833998441696167,-0.018345851451158524
2,0.6273105144500732,0.5150442719459534,-1.5690378063482058e-07,0.6049265265464783,0.49205127358436584,-0.00834041740745306,0.5936641097068787,0.4507007300853729,-0.012807912193238735,0.603938639163971,0.42264920473098755,-0.018381834030151367,0.618425726890564,0.43217822909355164,-0.022376099601387978,0.603669285774231,0.404640257358551,-0.00030334919574670494,0.603257954120636,0.35577136278152466,-0.010038287378847599,0.6011737585067749,0.37480002641677856,-0.016679907217621803,0.6010769605636597,0.3995491862297058,-0.01999298296868801,0.6170552372932434,0.4034460484981537,-0.0010519793722778559,0.6168544888496399,0.35166674852371216,-0.011112402193248272,0.6142557859420776,0.37783756852149963,-0.015094137750566006,0.6143049597740173,0.4043154716491699,-0.015420336276292801,0.6303203701972961,0.40756547451019287,-0.003991260193288326,0.6312838792800903,0.3579602837562561,-0.01199585385620594,0.6269915103912354,0.37944191694259644,-0.012563790194690228,0.6260033249855042,0.40583503246307373,-0.010640843771398067,0.6446636915206909,0.41754695773124695,-0.008318109437823296,0.6434345841407776,0.37886714935302734,-0.013052846305072308,0.6384536027908325,0.3858802020549774,-0.013735986314713955,0.6358299851417542,0.40447574853897095,-0.013138974085450172,0.3482491970062256,0.5431429147720337,-7.345452246454443e-08,0.31953126192092896,0.5106569528579712,-0.025715315714478493,0.3056154251098633,0.4352298080921173,-0.03626590967178345,0.3098418116569519,0.3697097897529602,-0.04669049009680748,0.32864344120025635,0.35355135798454285,-0.054393284022808075,0.3074931204319,0.3584989905357361,0.0002179631555918604,0.3007068634033203,0.2975260615348816,-0.01974548026919365,0.2988951802253723,0.3025175929069519,-0.035064954310655594,0.29856565594673157,0.3341323733329773,-0.042150285094976425,0.3280433714389801,0.3501887023448944,0.004681759979575872,0.3268396854400635,0.2671545445919037,-0.014183629304170609,0.32319700717926025,0.2851317524909973,-0.02686520479619503,0.3205023407936096,0.3267630338668823,-0.03032292239367962,0.34899449348449707,0.3549050986766815,0.003899122355505824,0.3513951003551483,0.2796320617198944,-0.01416129432618618,0.34646373987197876,0.29634973406791687,-0.023002445697784424,0.3425859808921814,0.3386858105659485,-0.023145759478211403,0.37099573016166687,0.36941441893577576,0.00034445832716301084,0.37209320068359375,0.3079414367675781,-0.011798967607319355,0.3680711090564728,0.30856895446777344,-0.017909545451402664,0.3634759783744812,0.33652934432029724,-0.01892779767513275
3,0.6273105144500732,0.5150442719459534,-1.5690378063482058e-07,0.6049265265464783,0.49205127358436584,-0.00834041740745306,0.5936641097068787,0.4507007300853729,-0.012807912193238735,0.603938639163971,0.42264920473098755,-0.018381834030151367,0.618425726890564,0.43217822909355164,-0.022376099601387978,0.603669285774231,0.404640257358551,-0.00030334919574670494,0.603257954120636,0.35577136278152466,-0.010038287378847599,0.6011737585067749,0.37480002641677856,-0.016679907217621803,0.6010769605636597,0.3995491862297058,-0.01999298296868801,0.6170552372932434,0.4034460484981537,-0.0010519793722778559,0.6168544888496399,0.35166674852371216,-0.011112402193248272,0.6142557859420776,0.37783756852149963,-0.015094137750566006,0.6143049597740173,0.4043154716491699,-0.015420336276292801,0.6303203701972961,0.40756547451019287,-0.003991260193288326,0.6312838792800903,0.3579602837562561,-0.01199585385620594,0.6269915103912354,0.37944191694259644,-0.012563790194690228,0.6260033249855042,0.40583503246307373,-0.010640843771398067,0.6446636915206909,0.41754695773124695,-0.008318109437823296,0.6434345841407776,0.37886714935302734,-0.013052846305072308,0.6384536027908325,0.3858802020549774,-0.013735986314713955,0.6358299851417542,0.40447574853897095,-0.013138974085450172,0.3482491970062256,0.5431429147720337,-7.345452246454443e-08,0.31953126192092896,0.5106569528579712,-0.025715315714478493,0.3056154251098633,0.4352298080921173,-0.03626590967178345,0.3098418116569519,0.3697097897529602,-0.04669049009680748,0.32864344120025635,0.35355135798454285,-0.054393284022808075,0.3074931204319,0.3584989905357361,0.0002179631555918604,0.3007068634033203,0.2975260615348816,-0.01974548026919365,0.2988951802253723,0.3025175929069519,-0.035064954310655594,0.29856565594673157,0.3341323733329773,-0.042150285094976425,0.3280433714389801,0.3501887023448944,0.004681759979575872,0.3268396854400635,0.2671545445919037,-0.014183629304170609,0.32319700717926025,0.2851317524909973,-0.02686520479619503,0.3205023407936096,0.3267630338668823,-0.03032292239367962,0.34899449348449707,0.3549050986766815,0.003899122355505824,0.3513951003551483,0.2796320617198944,-0.01416129432618618,0.34646373987197876,0.29634973406791687,-0.023002445697784424,0.3425859808921814,0.3386858105659485,-0.023145759478211403,0.37099573016166687,0.36941441893577576,0.00034445832716301084,0.37209320068359375,0.3079414367675781,-0.011798967607319355,0.3680711090564728,0.30856895446777344,-0.017909545451402664,0.3634759783744812,0.33652934432029724,-0.01892779767513275
4,0.6263720393180847,0.5144329071044922,-1.5803188091467746e-07,0.6042892336845398,0.4894760549068451,-0.007852368988096714,0.5943154096603394,0.4486602246761322,-0.01197639387100935,0.6046090126037598,0.4222491681575775,-0.01749083772301674,0.6178615093231201,0.43082407116889954,-0.021525414660573006,0.6041948795318604,0.4019043743610382,0.001425695838406682,0.602483868598938,0.35542380809783936,-0.008601130917668343,0.600522518157959,0.3754582405090332,-0.015503388829529285,0.6007118225097656,0.4008263647556305,-0.018771851435303688,0.6171942353248596,0.4005197584629059,0.00035326930810697377,0.6162567138671875,0.3509179353713989,-0.010138183832168579,0.613615870475769,0.3767935633659363,-0.014322481118142605,0.6137312650680542,0.4028557538986206,-0.01457857433706522,0.6303861737251282,0.4049101173877716,-0.003034166293218732,0.6314200162887573,0.3568124771118164,-0.011605406180024147,0.6268619298934937,0.3792171776294708,-0.012250619009137154,0.6257647275924683,0.40547505021095276,-0.010134861804544926,0.6445976495742798,0.415402352809906,-0.007771434728056192,0.6432384252548218,0.3779796361923218,-0.012558506801724434,0.6379761099815369,0.3859510123729706,-0.012976921163499355,0.6353821158409119,0.40406927466392517,-0.012062137946486473,0.34951597452163696,0.535735011100769,-1.3941649967819103e-07,0.32359451055526733,0.5087787508964539,-0.0206062700599432,0.30901268124580383,0.43423905968666077,-0.027871811762452126,0.31460055708885193,0.3695264756679535,-0.03538791835308075,0.33805954456329346,0.35501810908317566,-0.040117472410202026,0.3098919987678528,0.35822150111198425,-0.0001299814903177321,0.3031388223171234,0.29932916164398193,-0.01754613034427166,0.30126428604125977,0.29893094301223755,-0.030013520270586014,0.3009014129638672,0.3262045681476593,-0.03563493862748146,0.32987266778945923,0.347828209400177,0.0027103463653475046,0.32864680886268616,0.26457679271698,-0.014102780260145664,0.32447728514671326,0.28181320428848267,-0.023048289120197296,0.32220035791397095,0.32262951135635376,-0.02419876679778099,0.3508395552635193,0.3527548909187317,0.0011918265372514725,0.35378772020339966,0.2768021821975708,-0.015209696255624294,0.3475017249584198,0.2950984835624695,-0.019356681033968925,0.34397053718566895,0.3348492383956909,-0.01655120961368084,0.37338390946388245,0.3677240312099457,-0.002662108512595296,0.37597399950027466,0.30443501472473145,-0.013886196538805962,0.37034499645233154,0.3046453297138214,-0.017065519466996193,0.36491093039512634,0.3305612802505493,-0.015918666496872902
5,0.6263481378555298,0.5150892734527588,-1.6908664690618025e-07,0.6040641069412231,0.4920629858970642,-0.007889757864177227,0.5934703946113586,0.4503863751888275,-0.011875169351696968,0.6036198139190674,0.421889990568161,-0.01714382693171501,0.6175100803375244,0.42987653613090515,-0.020868759602308273,0.6036117672920227,0.4045056104660034,0.0007472398574464023,0.603238046169281,0.3552214205265045,-0.008867318741977215,0.6011619567871094,0.3742171823978424,-0.015341738238930702,0.6011700630187988,0.39923402667045593,-0.018485644832253456,0.6169503331184387,0.4030360281467438,-6.851564830867574e-05,0.6169466376304626,0.35169947147369385,-0.010125426575541496,0.6142054200172424,0.37768810987472534,-0.014047903940081596,0.614189088344574,0.4043026268482208,-0.014281006529927254,0.6302746534347534,0.40695273876190186,-0.0031070730183273554,0.6315426826477051,0.35720932483673096,-0.011125043965876102,0.6273907423019409,0.37920957803726196,-0.01156639214605093,0.6264405846595764,0.4055528938770294,-0.009529205039143562,0.6444167494773865,0.41679495573043823,-0.00750619824975729,0.6432397961616516,0.37826791405677795,-0.012178489938378334,0.6385517716407776,0.38597458600997925,-0.012771465815603733,0.6362072825431824,0.40470221638679504,-0.012079885229468346,0.3525170087814331,0.5385109186172485,-1.954064856590776e-07,0.32493120431900024,0.5050690174102783,-0.019314058125019073,0.31045079231262207,0.4270513355731964,-0.026247162371873856,0.31862789392471313,0.3629869520664215,-0.03381938487291336,0.3413477838039398,0.34980297088623047,-0.03880097344517708,0.3115112781524658,0.35171252489089966,0.0011938977986574173,0.30774515867233276,0.28890562057495117,-0.016094105318188667,0.302773118019104,0.293362021446228,-0.029425013810396194,0.30168667435646057,0.3234623670578003,-0.03607911244034767,0.3318953812122345,0.3421266973018646,0.0026753582060337067,0.3324962556362152,0.256488174200058,-0.014382388442754745,0.3260492980480194,0.2753570079803467,-0.024559469893574715,0.3238486647605896,0.31747275590896606,-0.027109317481517792,0.35371294617652893,0.3475727140903473,-0.00014681402535643429,0.35741740465164185,0.26785171031951904,-0.01650531403720379,0.35000795125961304,0.28473353385925293,-0.022912820801138878,0.34643176198005676,0.3263390064239502,-0.02244996652007103,0.3765352666378021,0.36336255073547363,-0.005263311788439751,0.37887826561927795,0.29829853773117065,-0.016350947320461273,0.37240904569625854,0.2975154221057892,-0.02057548426091671,0.36748844385147095,0.32465529441833496,-0.020994681864976883
6,0.6279369592666626,0.5105476379394531,-1.3604608284367714e-07,0.6045421361923218,0.4894975423812866,-0.008099552243947983,0.5947218537330627,0.44556325674057007,-0.012271331623196602,0.6057388186454773,0.41891685128211975,-0.017549769952893257,0.6193544268608093,0.4296659827232361,-0.021209947764873505,0.6055169105529785,0.40085071325302124,0.00025727052707225084,0.60462886095047,0.3534637689590454,-0.009980193339288235,0.6025903820991516,0.37415435910224915,-0.016655154526233673,0.6024965047836304,0.3994319438934326,-0.019641688093543053,0.6182070374488831,0.3998293876647949,-0.00048439696547575295,0.6178091168403625,0.3490865230560303,-0.010261463932693005,0.6147958636283875,0.3758462071418762,-0.013314333744347095,0.6149210333824158,0.40230634808540344,-0.012730613350868225,0.6306077241897583,0.4047670066356659,-0.0035959044471383095,0.6320204138755798,0.35605722665786743,-0.011615036986768246,0.627142071723938,0.37880271673202515,-0.011083592660725117,0.6258814334869385,0.40546366572380066,-0.008118890225887299,0.6443172097206116,0.41510501503944397,-0.008079513907432556,0.6437121033668518,0.3763861060142517,-0.013169103302061558,0.6385691165924072,0.3849240839481354,-0.013203359209001064,0.6355868577957153,0.40499627590179443,-0.011749735102057457,0.3600654900074005,0.518079936504364,-1.1730885063343521e-07,0.33130788803100586,0.4901522397994995,-0.01965828612446785,0.31546515226364136,0.4139167070388794,-0.02681722119450569,0.3226882517337799,0.34842777252197266,-0.03461995720863342,0.34751710295677185,0.33414649963378906,-0.03982129320502281,0.31322985887527466,0.33978378772735596,0.0021581591572612524,0.30904895067214966,0.27965107560157776,-0.015481948852539062,0.30771923065185547,0.2780423164367676,-0.02865532413125038,0.30900827050209045,0.3053336441516876,-0.0348786897957325,0.3349528908729553,0.3289903998374939,0.004116759169846773,0.335735559463501,0.24532648921012878,-0.013637786731123924,0.3321983516216278,0.26202788949012756,-0.02435247041285038,0.3306816518306732,0.30615678429603577,-0.026679085567593575,0.357647180557251,0.33313828706741333,0.0016966164112091064,0.36111775040626526,0.25704073905944824,-0.015435688197612762,0.3545846939086914,0.27312666177749634,-0.021967638283967972,0.3507739007472992,0.31444305181503296,-0.020902087911963463,0.3814135789871216,0.3460206091403961,-0.0029109728056937456,0.3840310871601105,0.2835341989994049,-0.014424920082092285,0.3781803548336029,0.2840921878814697,-0.018878493458032608,0.37244537472724915,0.3121841847896576,-0.01894080825150013
7,0.6279369592666626,0.5105476379394531,-1.3604608284367714e-07,0.6045421361923218,0.4894975423812866,-0.008099552243947983,0.5947218537330627,0.44556325674057007,-0.012271331623196602,0.6057388186454773,0.41891685128211975,-0.017549769952893257,0.6193544268608093,0.4296659827232361,-0.021209947764873505,0.6055169105529785,0.40085071325302124,0.00025727052707225084,0.60462886095047,0.3534637689590454,-0.009980193339288235,0.6025903820991516,0.37415435910224915,-0.016655154526233673,0.6024965047836304,0.3994319438934326,-0.019641688093543053,0.6182070374488831,0.3998293876647949,-0.00048439696547575295,0.6178091168403625,0.3490865230560303,-0.010261463932693005,0.6147958636283875,0.3758462071418762,-0.013314333744347095,0.6149210333824158,0.40230634808540344,-0.012730613350868225,0.6306077241897583,0.4047670066356659,-0.0035959044471383095,0.6320204138755798,0.35605722665786743,-0.011615036986768246,0.627142071723938,0.37880271673202515,-0.011083592660725117,0.6258814334869385,0.40546366572380066,-0.008118890225887299,0.6443172097206116,0.41510501503944397,-0.008079513907432556,0.6437121033668518,0.3763861060142517,-0.013169103302061558,0.6385691165924072,0.3849240839481354,-0.013203359209001064,0.6355868577957153,0.40499627590179443,-0.011749735102057457,0.3600654900074005,0.518079936504364,-1.1730885063343521e-07,0.33130788803100586,0.4901522397994995,-0.01965828612446785,0.31546515226364136,0.4139167070388794,-0.02681722119450569,0.3226882517337799,0.34842777252197266,-0.03461995720863342,0.34751710295677185,0.33414649963378906,-0.03982129320502281,0.31322985887527466,0.33978378772735596,0.0021581591572612524,0.30904895067214966,0.27965107560157776,-0.015481948852539062,0.30771923065185547,0.2780423164367676,-0.02865532413125038,0.30900827050209045,0.3053336441516876,-0.0348786897957325,0.3349528908729553,0.3289903998374939,0.004116759169846773,0.335735559463501,0.24532648921012878,-0.013637786731123924,0.3321983516216278,0.26202788949012756,-0.02435247041285038,0.3306816518306732,0.30615678429603577,-0.026679085567593575,0.357647180557251,0.33313828706741333,0.0016966164112091064,0.36111775040626526,0.25704073905944824,-0.015435688197612762,0.3545846939086914,0.27312666177749634,-0.021967638283967972,0.3507739007472992,0.31444305181503296,-0.020902087911963463,0.3814135789871216,0.3460206091403961,-0.0029109728056937456,0.3840310871601105,0.2835341989994049,-0.014424920082092285,0.3781803548336029,0.2840921878814697,-0.018878493458032608,0.37244537472724915,0.3121841847896576,-0.01894080825150013
8,0.6273058652877808,0.510535478591919,-1.432424170388913e-07,0.6038416028022766,0.48857060074806213,-0.008531155996024609,0.5946381092071533,0.44542962312698364,-0.012536995112895966,0.6066151857376099,0.41922417283058167,-0.017672626301646233,0.6209174394607544,0.4304687976837158,-0.021153604611754417,0.6055065989494324,0.40271231532096863,0.00016451488772872835,0.6039319634437561,0.3552922010421753,-0.009938167408108711,0.6013566851615906,0.37405043840408325,-0.01632123813033104,0.6014842987060547,0.3994006812572479,-0.01915114000439644,0.6183123588562012,0.40057888627052307,-0.0002294305304531008,0.6174845099449158,0.3499155342578888,-0.010472293943166733,0.6136444807052612,0.37587082386016846,-0.01345947664231062,0.6140666007995605,0.4028560519218445,-0.012708455324172974,0.6309136748313904,0.4045354425907135,-0.003037412418052554,0.631721019744873,0.3564695715904236,-0.01116977259516716,0.6263910531997681,0.3773835301399231,-0.010813083499670029,0.6256656646728516,0.40349695086479187,-0.007927224040031433,0.6446872353553772,0.41395998001098633,-0.0073018926195800304,0.6443747878074646,0.37668702006340027,-0.012032966129481792,0.638866662979126,0.3828001618385315,-0.01232859306037426,0.6358819007873535,0.40176284313201904,-0.011159220710396767,0.36212602257728577,0.5186246633529663,-1.3001887566588266e-07,0.332387238740921,0.4940430521965027,-0.019474264234304428,0.31625401973724365,0.41610950231552124,-0.025892188772559166,0.32309016585350037,0.3504912555217743,-0.03308934345841408,0.345831960439682,0.33164069056510925,-0.03779405355453491,0.3146829605102539,0.3398773968219757,0.0020189983770251274,0.30949392914772034,0.27931633591651917,-0.01570780761539936,0.3073592782020569,0.27511727809906006,-0.028854891657829285,0.3086261451244354,0.30147942900657654,-0.03495797514915466,0.33674347400665283,0.32894864678382874,0.003754709381610155,0.3367277681827545,0.2447124570608139,-0.01416720449924469,0.33216431736946106,0.2588491439819336,-0.025177137926220894,0.3304903209209442,0.30320560932159424,-0.027611812576651573,0.3594079613685608,0.33313247561454773,0.0011308579705655575,0.36217111349105835,0.2561333477497101,-0.016387328505516052,0.3545723557472229,0.27176886796951294,-0.022882800549268723,0.3509404957294464,0.31386613845825195,-0.021611593663692474,0.3831948935985565,0.3460947573184967,-0.0036717134062200785,0.3854444921016693,0.28157952427864075,-0.015769721940159798,0.37877345085144043,0.28130608797073364,-0.020283788442611694,0.3730299174785614,0.3095128834247589,-0.020185567438602448
9,0.626975417137146,0.5108493566513062,-1.441201078478116e-07,0.6045990586280823,0.4884902536869049,-0.008240912109613419,0.5949577689170837,0.44706040620803833,-0.012214524671435356,0.6053463220596313,0.421135276556015,-0.017256952822208405,0.6187763214111328,0.42877861857414246,-0.020693901926279068,0.6048399209976196,0.4032305181026459,-0.0002313100267201662,0.6028645038604736,0.3560880720615387,-0.010074670426547527,0.6007938981056213,0.3743824064731598,-0.01632264070212841,0.6009194850921631,0.3993787467479706,-0.019057953730225563,0.617647111415863,0.40134426951408386,-0.000696962175425142,0.6169537901878357,0.35069793462753296,-0.010725793428719044,0.6134385466575623,0.3760043978691101,-0.013914791867136955,0.613484799861908,0.40224069356918335,-0.013432825915515423,0.6305596828460693,0.40537187457084656,-0.0034087111707776785,0.6315640211105347,0.35728901624679565,-0.011178488843142986,0.6265817284584045,0.3777081370353699,-0.010990631766617298,0.6258278489112854,0.40317434072494507,-0.008398196659982204,0.6445990800857544,0.41525745391845703,-0.007520829793065786,0.6441670656204224,0.37858718633651733,-0.011844633147120476,0.6389673352241516,0.3843369483947754,-0.012071318924427032,0.6363747715950012,0.4019080400466919,-0.010994027368724346,0.36174747347831726,0.522593080997467,-1.5509856154949375e-07,0.3309458792209625,0.4933597445487976,-0.017608612775802612,0.3141401410102844,0.4152981638908386,-0.023235004395246506,0.32209986448287964,0.3512994349002838,-0.03009277582168579,0.34770554304122925,0.33469921350479126,-0.03418733552098274,0.3140404224395752,0.3385109305381775,0.0034450767561793327,0.30899712443351746,0.2747761905193329,-0.014452144503593445,0.30705904960632324,0.2729034721851349,-0.02788945473730564,0.3073676824569702,0.30304771661758423,-0.03397582843899727,0.3353082835674286,0.32773128151893616,0.004243658855557442,0.33477479219436646,0.24289248883724213,-0.013142802752554417,0.3303612470626831,0.2542952001094818,-0.023972420021891594,0.3277125656604767,0.29864948987960815,-0.026497630402445793,0.35760682821273804,0.33198294043540955,0.0007351510575972497,0.3594858944416046,0.2559835910797119,-0.015349935740232468,0.3530179262161255,0.26864901185035706,-0.021056868135929108,0.34956249594688416,0.30972203612327576,-0.019654154777526855,0.38095828890800476,0.3453157842159271,-0.005039679817855358,0.38286784291267395,0.2823278605937958,-0.01616690494120121,0.377238929271698,0.27935582399368286,-0.02023022249341011,0.3717515468597412,0.30565837025642395,-0.019934682175517082
10,0.6269763708114624,0.5102955102920532,-1.308034001112901e-07,0.6039469242095947,0.4901945888996124,-0.008353009819984436,0.5937249660491943,0.4472753405570984,-0.012671111151576042,0.6053733229637146,0.4215207099914551,-0.017971975728869438,0.6208929419517517,0.43312138319015503,-0.021703610196709633,0.6044719815254211,0.40160125494003296,-0.00011861557140946388,0.6038382053375244,0.35619351267814636,-0.009863010607659817,0.601453423500061,0.375200092792511,-0.016485441476106644,0.6014514565467834,0.4005502164363861,-0.019699132069945335,0.617348313331604,0.3996686339378357,-0.0006114354473538697,0.6173207759857178,0.35020267963409424,-0.009962350130081177,0.6137398481369019,0.3756392002105713,-0.01290317066013813,0.6140377521514893,0.40287092328071594,-0.012462731450796127,0.6298624277114868,0.40409091114997864,-0.0034332796931266785,0.6315270662307739,0.35725322365760803,-0.010887324810028076,0.6262326240539551,0.37855878472328186,-0.010385515168309212,0.625073254108429,0.4049690365791321,-0.007716475985944271,0.6435053944587708,0.4139115810394287,-0.0076904818415641785,0.6431868672370911,0.37769240140914917,-0.012435602024197578,0.6376296877861023,0.38602524995803833,-0.012583688832819462,0.6346580982208252,0.4058866500854492,-0.011416567489504814,0.35820209980010986,0.5275506973266602,-1.740165629371404e-07,0.3261646628379822,0.4970918297767639,-0.018430611118674278,0.3084799647331238,0.4195919632911682,-0.02487415075302124,0.31596115231513977,0.3549122214317322,-0.032307516783475876,0.3399732708930969,0.336044043302536,-0.03706714138388634,0.30800026655197144,0.3413504362106323,0.000849299889523536,0.3016604483127594,0.2750067114830017,-0.018371794372797012,0.30035024881362915,0.27586233615875244,-0.032653506845235825,0.30266132950782776,0.30837440490722656,-0.03912501037120819,0.32976505160331726,0.3294193148612976,0.001486517838202417,0.32876458764076233,0.24001765251159668,-0.016885844990611076,0.32356369495391846,0.25413790345191956,-0.027565542608499527,0.32185250520706177,0.2998891770839691,-0.029913531616330147,0.3528861701488495,0.333457887172699,-0.0022491870913654566,0.35437682271003723,0.2547524571418762,-0.019887380301952362,0.3467918634414673,0.2697334289550781,-0.02632380649447441,0.3438584804534912,0.31235361099243164,-0.025249026715755463,0.3766213059425354,0.34769782423973083,-0.008199824951589108,0.37858811020851135,0.28234556317329407,-0.020044546574354172,0.3716074824333191,0.2814270257949829,-0.02407418191432953,0.3661266565322876,0.30999425053596497,-0.023878060281276703
11,0.3520404100418091,0.5226459503173828,-1.8693876313591318e-07,0.32084062695503235,0.496166467666626,-0.018221460282802582,0.3040546774864197,0.41883495450019836,-0.024374039843678474,0.31118905544281006,0.35424965620040894,-0.03165113925933838,0.3320695459842682,0.339935302734375,-0.036494746804237366,0.3042324483394623,0.34376126527786255,0.0015793143538758159,0.2958049178123474,0.2822642922401428,-0.01672143116593361,0.2910263240337372,0.2858259379863739,-0.03018791787326336,0.2919926047325134,0.3170241713523865,-0.03638689965009689,0.3258315622806549,0.33186501264572144,0.0027596012223511934,0.32381725311279297,0.24623499810695648,-0.015055155381560326,0.31608831882476807,0.2608262300491333,-0.025142647325992584,0.31472116708755493,0.3044319152832031,-0.02710130251944065,0.34861046075820923,0.33464476466178894,-0.0003926690842490643,0.3498438000679016,0.255038857460022,-0.01792226731777191,0.3400416374206543,0.27026525139808655,-0.024178538471460342,0.3370639383792877,0.31337079405784607,-0.022754881531000137,0.3730003237724304,0.34690743684768677,-0.005716655403375626,0.37372058629989624,0.2818067967891693,-0.017746292054653168,0.3657247722148895,0.2788482904434204,-0.022359531372785568,0.36063238978385925,0.3063046336174011,-0.022430039942264557,0.6270685791969299,0.5125036239624023,-1.4258961300583906e-07,0.6043708920478821,0.4895486831665039,-0.008222617208957672,0.5945162773132324,0.4475940763950348,-0.012515398673713207,0.6056710481643677,0.4212377071380615,-0.017972607165575027,0.6197606921195984,0.4314793050289154,-0.021867625415325165,0.6050165891647339,0.40214037895202637,0.0005406172131188214,0.6035653948783875,0.3553645610809326,-0.009493472054600716,0.6009730696678162,0.37438154220581055,-0.016233427450060844,0.6009748578071594,0.39993324875831604,-0.01938404142856598,0.6178233623504639,0.4005378782749176,-0.00018056895351037383,0.6174813508987427,0.3507528007030487,-0.010364419780671597,0.6138778328895569,0.377096951007843,-0.013895953074097633,0.6141378283500671,0.40413111448287964,-0.013598664663732052,0.6306569576263428,0.4048599302768707,-0.00323128211311996,0.6318480372428894,0.35719507932662964,-0.011310059577226639,0.6265993714332581,0.3787616491317749,-0.0113082779571414,0.6256414651870728,0.4052256941795349,-0.008744940161705017,0.6445813179016113,0.4148455560207367,-0.0076914154924452305,0.6439321637153625,0.3783452808856964,-0.012527963146567345,0.6384192705154419,0.3856300115585327,-0.01288854330778122,0.6356571912765503,0.4047055244445801,-0.011785504408180714
12,0.627414882183075,0.5065291523933411,-1.0255243410028925e-07,0.6053125858306885,0.490079790353775,-0.008354384452104568,0.5944228768348694,0.44602906703948975,-0.011731239967048168,0.6055796146392822,0.4210025668144226,-0.01582828164100647,0.6208484768867493,0.43261000514030457,-0.01835792139172554,0.6049838066101074,0.40041792392730713,-0.00017974113870877773,0.6046459674835205,0.3568091094493866,-0.008907945826649666,0.6031152009963989,0.3754538297653198,-0.01425748411566019,0.6033488512039185,0.3987092971801758,-0.016562532633543015,0.618597686290741,0.39854252338409424,-0.00037005249760113657,0.6187965869903564,0.35154470801353455,-0.009214140474796295,0.6162621974945068,0.3764136731624603,-0.01170161459594965,0.616252601146698,0.4012989103794098,-0.01071442011743784,0.6315868496894836,0.40368473529815674,-0.002803462790325284,0.6331595182418823,0.35904455184936523,-0.010417940095067024,0.6286782622337341,0.3815620541572571,-0.010276499204337597,0.6275144815444946,0.40600019693374634,-0.007653098087757826,0.6452527046203613,0.41435006260871887,-0.006510454695671797,0.6456840634346008,0.3800068497657776,-0.011563991196453571,0.6406055092811584,0.38836008310317993,-0.011967048980295658,0.638034999370575,0.40568968653678894,-0.010843008756637573,0.34845924377441406,0.5220106244087219,-1.635247315334709e-07,0.31629639863967896,0.49879294633865356,-0.01766514778137207,0.2979904115200043,0.4169735908508301,-0.02323516458272934,0.3051847219467163,0.35101282596588135,-0.030248651280999184,0.3269067108631134,0.3427942097187042,-0.0345834381878376,0.3007848262786865,0.34120485186576843,0.003413820406422019,0.29342418909072876,0.2775331437587738,-0.014871327206492424,0.29023945331573486,0.2854403853416443,-0.02793399803340435,0.29214081168174744,0.3222794234752655,-0.03381955996155739,0.322167307138443,0.3301950693130493,0.004232523962855339,0.3190547525882721,0.24544188380241394,-0.013469136320054531,0.31152603030204773,0.2593812048435211,-0.022854337468743324,0.310221791267395,0.30412885546684265,-0.02418528124690056,0.3440713584423065,0.3340180814266205,0.0004447908140718937,0.3442471921443939,0.2539827227592468,-0.01654953695833683,0.33487874269485474,0.2732197642326355,-0.021033499389886856,0.33289480209350586,0.3185001611709595,-0.018274007365107536,0.3684508502483368,0.34607648849487305,-0.005726753734052181,0.3680085241794586,0.2814688980579376,-0.01809142716228962,0.3599238395690918,0.28264355659484863,-0.022381609305739403,0.35543447732925415,0.3134264051914215,-0.02185281552374363
13,0.6277903914451599,0.5075238943099976,-1.0016405127544203e-07,0.6053671836853027,0.4906851053237915,-0.008175775408744812,0.5943611860275269,0.44617438316345215,-0.01132693886756897,0.6055247187614441,0.4211737811565399,-0.01526665035635233,0.6211709380149841,0.43189460039138794,-0.017686961218714714,0.6054076552391052,0.4006956219673157,0.0005311130662448704,0.6047763824462891,0.3573901653289795,-0.007892264984548092,0.6034060120582581,0.37558960914611816,-0.013353411108255386,0.6036804914474487,0.3986767530441284,-0.01579570397734642,0.6188518404960632,0.398973673582077,0.0003354886139277369,0.6186448335647583,0.352683961391449,-0.0081064123660326,0.6163555383682251,0.37705570459365845,-0.010775737464427948,0.6164897680282593,0.40213218331336975,-0.010053863748908043,0.631625235080719,0.40420740842819214,-0.0021158112213015556,0.6330414414405823,0.3597323000431061,-0.009420896880328655,0.6287468075752258,0.38171860575675964,-0.009544993750751019,0.6275960803031921,0.4068879187107086,-0.007201307453215122,0.6451849341392517,0.4148985743522644,-0.0058581288903951645,0.6457809805870056,0.38003113865852356,-0.010908505879342556,0.640676736831665,0.3880745470523834,-0.011483336798846722,0.6376703381538391,0.40609288215637207,-0.010509159415960312,0.3498198390007019,0.5278239250183105,-1.5534392616700643e-07,0.3146190643310547,0.49817779660224915,-0.018806638196110725,0.29620373249053955,0.4145411252975464,-0.02506190724670887,0.3033355474472046,0.34688395261764526,-0.03260769322514534,0.32263290882110596,0.33279240131378174,-0.037714455276727676,0.3015062212944031,0.3420169949531555,0.004973343573510647,0.29407280683517456,0.28102052211761475,-0.013237904757261276,0.2897753417491913,0.28638017177581787,-0.027072781696915627,0.2905886471271515,0.3211897015571594,-0.033509351313114166,0.322735995054245,0.3308546841144562,0.006438594777137041,0.31935983896255493,0.24711191654205322,-0.010640290565788746,0.31161612272262573,0.25787433981895447,-0.02085893042385578,0.30931952595710754,0.2994519770145416,-0.023187264800071716,0.34449896216392517,0.3341197073459625,0.0030032028444111347,0.3449687361717224,0.2542281746864319,-0.01451200619339943,0.33649197220802307,0.27060991525650024,-0.02128632739186287,0.3337976038455963,0.31692472100257874,-0.02028491161763668,0.36830759048461914,0.3460788130760193,-0.002787031000480056,0.36724111437797546,0.28167009353637695,-0.01596715860068798,0.36049312353134155,0.28268635272979736,-0.02160460688173771,0.3563708961009979,0.3145391345024109,-0.02220502682030201
14,0.6280978322029114,0.5094616413116455,-1.1812785061238174e-07,0.6051949262619019,0.49168047308921814,-0.00836324691772461,0.594387948513031,0.44800862669944763,-0.01187734305858612,0.6051633954048157,0.4209628999233246,-0.016222365200519562,0.6201179027557373,0.4280816614627838,-0.01896744593977928,0.6055430173873901,0.40164855122566223,-0.00016907198005355895,0.6053114533424377,0.3554656207561493,-0.009365372359752655,0.6037343740463257,0.3735172748565674,-0.015087294392287731,0.6039748191833496,0.39683982729911804,-0.017533890902996063,0.6184672117233276,0.4005602300167084,-0.00029075879137963057,0.6183916926383972,0.3531067967414856,-0.00974427629262209,0.6158822178840637,0.37935730814933777,-0.012730862013995647,0.6163109540939331,0.4053958058357239,-0.012066553346812725,0.6311430931091309,0.40558138489723206,-0.0027067132759839296,0.6329941749572754,0.35904374718666077,-0.010671732947230339,0.6290630102157593,0.38079363107681274,-0.011045434512197971,0.6282517910003662,0.4064888656139374,-0.008747418411076069,0.644984245300293,0.4158080220222473,-0.006373225245624781,0.6451539993286133,0.37878236174583435,-0.011856060475111008,0.6402877569198608,0.38622409105300903,-0.012826352380216122,0.6373428702354431,0.40468332171440125,-0.012021996080875397,0.34989792108535767,0.5263319611549377,-1.8341492591389397e-07,0.31716474890708923,0.49882304668426514,-0.019886238500475883,0.29755282402038574,0.4215417504310608,-0.02765369415283203,0.30073097348213196,0.35423189401626587,-0.03653572499752045,0.32104119658470154,0.33516478538513184,-0.04280714690685272,0.30098652839660645,0.3438246250152588,0.00046901690075173974,0.2945901155471802,0.27635639905929565,-0.01883656159043312,0.2905052602291107,0.28373008966445923,-0.03289027884602547,0.29203325510025024,0.3178926408290863,-0.039483994245529175,0.3225283920764923,0.3328552842140198,0.001972414553165436,0.31977391242980957,0.24668949842453003,-0.015800148248672485,0.3125145435333252,0.26263242959976196,-0.026237821206450462,0.3116965889930725,0.30500417947769165,-0.02891889028251171,0.3450091779232025,0.3359238803386688,-0.0012240471551194787,0.34571096301078796,0.2553952932357788,-0.018800096586346626,0.3363412022590637,0.27193140983581543,-0.025911180302500725,0.33373773097991943,0.3161723017692566,-0.025461578741669655,0.3690585792064667,0.34809887409210205,-0.0067972782999277115,0.3695071041584015,0.2823713421821594,-0.01918073184788227,0.36155572533607483,0.28096210956573486,-0.02476825751364231,0.3564523458480835,0.3104008436203003,-0.025797031819820404
15,0.6281455755233765,0.508538544178009,-1.0950388684705104e-07,0.6054182648658752,0.4919549524784088,-0.008332205936312675,0.5946664214134216,0.44753846526145935,-0.01159314438700676,0.6056761145591736,0.4210006296634674,-0.01567971520125866,0.6201480627059937,0.4309588670730591,-0.018124409019947052,0.6052745580673218,0.40126335620880127,0.0004028685507364571,0.6046904921531677,0.35632675886154175,-0.008449328131973743,0.6030891537666321,0.375080943107605,-0.013926897197961807,0.6033580303192139,0.39869052171707153,-0.01623374968767166,0.6184816360473633,0.3998090326786041,0.0003732503391802311,0.6182238459587097,0.35305875539779663,-0.008701617829501629,0.6159067153930664,0.3784702718257904,-0.011299054138362408,0.6162586212158203,0.40397554636001587,-0.010331244207918644,0.6312370896339417,0.4048059582710266,-0.0019889334216713905,0.6326996088027954,0.3593101501464844,-0.009767121635377407,0.6286007761955261,0.3814806640148163,-0.009908587671816349,0.627728283405304,0.4070415496826172,-0.0074109588749706745,0.6449325084686279,0.41498416662216187,-0.005632568616420031,0.6451370120048523,0.3802984952926636,-0.010912582278251648,0.6401462554931641,0.3876584470272064,-0.01177203468978405,0.6372635960578918,0.4054330885410309,-0.010895971208810806,0.3518642485141754,0.5249463319778442,-1.6220752740991884e-07,0.31906354427337646,0.5011035799980164,-0.019329063594341278,0.2992515563964844,0.42025044560432434,-0.02599559910595417,0.3023807406425476,0.34897488355636597,-0.0336485430598259,0.32072415947914124,0.33156871795654297,-0.0385848805308342,0.3033203184604645,0.344891756772995,0.0038147028535604477,0.2966453731060028,0.28061437606811523,-0.013812968507409096,0.29236218333244324,0.28746965527534485,-0.02639009617269039,0.2934054434299469,0.3218488395214081,-0.031826525926589966,0.32433614134788513,0.33368533849716187,0.006092655938118696,0.3205749988555908,0.25011956691741943,-0.010452493093907833,0.31334543228149414,0.2663177251815796,-0.019217772409319878,0.3125239312648773,0.3094680905342102,-0.020092418417334557,0.3463985025882721,0.3364991843700409,0.0035801322665065527,0.34603285789489746,0.2559947669506073,-0.013268192298710346,0.3370971083641052,0.2740689814090729,-0.018622037023305893,0.33504801988601685,0.31911978125572205,-0.016379965469241142,0.37095555663108826,0.3476701080799103,-0.0012586809461936355,0.3700115382671356,0.28362029790878296,-0.013481773436069489,0.36263781785964966,0.28227779269218445,-0.01840849220752716,0.3584914207458496,0.3110146224498749,-0.018327295780181885
16,0.6281455755233765,0.508538544178009,-1.0950388684705104e-07,0.6054182648658752,0.4919549524784088,-0.008332205936312675,0.5946664214134216,0.44753846526145935,-0.01159314438700676,0.6056761145591736,0.4210006296634674,-0.01567971520125866,0.6201480627059937,0.4309588670730591,-0.018124409019947052,0.6052745580673218,0.40126335620880127,0.0004028685507364571,0.6046904921531677,0.35632675886154175,-0.008449328131973743,0.6030891537666321,0.375080943107605,-0.013926897197961807,0.6033580303192139,0.39869052171707153,-0.01623374968767166,0.6184816360473633,0.3998090326786041,0.0003732503391802311,0.6182238459587097,0.35305875539779663,-0.008701617829501629,0.6159067153930664,0.3784702718257904,-0.011299054138362408,0.6162586212158203,0.40397554636001587,-0.010331244207918644,0.6312370896339417,0.4048059582710266,-0.0019889334216713905,0.6326996088027954,0.3593101501464844,-0.009767121635377407,0.6286007761955261,0.3814806640148163,-0.009908587671816349,0.627728283405304,0.4070415496826172,-0.0074109588749706745,0.6449325084686279,0.41498416662216187,-0.005632568616420031,0.6451370120048523,0.3802984952926636,-0.010912582278251648,0.6401462554931641,0.3876584470272064,-0.01177203468978405,0.6372635960578918,0.4054330885410309,-0.010895971208810806,0.3518642485141754,0.5249463319778442,-1.6220752740991884e-07,0.31906354427337646,0.5011035799980164,-0.019329063594341278,0.2992515563964844,0.42025044560432434,-0.02599559910595417,0.3023807406425476,0.34897488355636597,-0.0336485430598259,0.32072415947914124,0.33156871795654297,-0.0385848805308342,0.3033203184604645,0.344891756772995,0.0038147028535604477,0.2966453731060028,0.28061437606811523,-0.013812968507409096,0.29236218333244324,0.28746965527534485,-0.02639009617269039,0.2934054434299469,0.3218488395214081,-0.031826525926589966,0.32433614134788513,0.33368533849716187,0.006092655938118696,0.3205749988555908,0.25011956691741943,-0.010452493093907833,0.31334543228149414,0.2663177251815796,-0.019217772409319878,0.3125239312648773,0.3094680905342102,-0.020092418417334557,0.3463985025882721,0.3364991843700409,0.0035801322665065527,0.34603285789489746,0.2559947669506073,-0.013268192298710346,0.3370971083641052,0.2740689814090729,-0.018622037023305893,0.33504801988601685,0.31911978125572205,-0.016379965469241142,0.37095555663108826,0.3476701080799103,-0.0012586809461936355,0.3700115382671356,0.28362029790878296,-0.013481773436069489,0.36263781785964966,0.28227779269218445,-0.01840849220752716,0.3584914207458496,0.3110146224498749,-0.018327295780181885
17,0.3529156744480133,0.524964451789856,-2.1126253102465853e-07,0.3216080963611603,0.5036478638648987,-0.018427342176437378,0.30179041624069214,0.4211905002593994,-0.023949358612298965,0.3052257299423218,0.34918636083602905,-0.030366860330104828,0.3239222764968872,0.3313571512699127,-0.03395084664225578,0.30657508969306946,0.3448064625263214,0.004273107275366783,0.3010790944099426,0.283610463142395,-0.011980639770627022,0.29482758045196533,0.29594001173973083,-0.023698918521404266,0.2940574288368225,0.3314104974269867,-0.02887384220957756,0.3273104429244995,0.33409276604652405,0.006523170042783022,0.32439690828323364,0.251186728477478,-0.00908163283020258,0.3161414861679077,0.26900771260261536,-0.01708725467324257,0.31434938311576843,0.3115828037261963,-0.01769496127963066,0.3492610454559326,0.337568074464798,0.004178847186267376,0.3492753207683563,0.25812289118766785,-0.011910350993275642,0.3405695855617523,0.27582770586013794,-0.01722218282520771,0.3380957543849945,0.3191346228122711,-0.015324994921684265,0.3735971748828888,0.34969446063041687,-0.00036204778007231653,0.37310662865638733,0.284310907125473,-0.011659331619739532,0.36585137248039246,0.28029727935791016,-0.01611732877790928,0.3616332709789276,0.30527758598327637,-0.01612015813589096,0.6247670650482178,0.5098164677619934,-1.2856105513492366e-07,0.6031425595283508,0.4878831207752228,-0.008381118066608906,0.5941519737243652,0.44607406854629517,-0.012798779644072056,0.6057242751121521,0.42268431186676025,-0.018165184184908867,0.6192650198936462,0.43281471729278564,-0.021974990144371986,0.6053658723831177,0.4018772542476654,-0.0010891337879002094,0.6043313145637512,0.35570913553237915,-0.011095911264419556,0.6018560528755188,0.3749043941497803,-0.017242657020688057,0.601963460445404,0.3999269902706146,-0.019917888566851616,0.6180813312530518,0.40088531374931335,-0.0016311702784150839,0.6184799075126648,0.35086697340011597,-0.01157139241695404,0.6145505905151367,0.3761194348335266,-0.014405391179025173,0.6145238876342773,0.40231552720069885,-0.013746943324804306,0.6305349469184875,0.4059193432331085,-0.004430087748914957,0.6329239010810852,0.3583274483680725,-0.012695877812802792,0.6274386644363403,0.3798139989376068,-0.012404180131852627,0.6261537671089172,0.40564224123954773,-0.009660616517066956,0.6443032026290894,0.416486918926239,-0.008543248288333416,0.6449747085571289,0.37852418422698975,-0.013846440240740776,0.6394700407981873,0.38612040877342224,-0.014144979417324066,0.6363158822059631,0.4051402509212494,-0.01292726956307888
18,0.6248551607131958,0.5081332325935364,-1.3402123499872687e-07,0.6028507947921753,0.486297607421875,-0.00821596197783947,0.593794584274292,0.4441876709461212,-0.01204425748437643,0.6053276658058167,0.4203721582889557,-0.01689143292605877,0.619576632976532,0.4303405284881592,-0.020245518535375595,0.605610191822052,0.4002877175807953,0.0004578278458211571,0.6045643091201782,0.3554714620113373,-0.008797652088105679,0.6013925075531006,0.3726692497730255,-0.014875498600304127,0.6009837985038757,0.39698952436447144,-0.017638657242059708,0.6180167198181152,0.3991425335407257,-1.907115802168846e-05,0.6182623505592346,0.3499029278755188,-0.009611968882381916,0.6138530969619751,0.3733266592025757,-0.01288391463458538,0.6135598421096802,0.3998571038246155,-0.012497825548052788,0.6303079724311829,0.4040195643901825,-0.0027639688923954964,0.6323751211166382,0.3578051030635834,-0.010914846323430538,0.6267264485359192,0.3775968551635742,-0.011407515034079552,0.6254156827926636,0.4034571647644043,-0.00914374552667141,0.6438329219818115,0.4147505462169647,-0.006825539283454418,0.6447917819023132,0.3775460124015808,-0.011882847175002098,0.6388416886329651,0.3837646543979645,-0.012416690587997437,0.6352850198745728,0.40229660272598267,-0.011439229361712933,0.35313668847084045,0.5263226628303528,-1.9129008421714389e-07,0.3223165273666382,0.5031064748764038,-0.01969008892774582,0.3029860854148865,0.42035600543022156,-0.026307238265872,0.30702024698257446,0.3496519923210144,-0.03372931107878685,0.328320175409317,0.3370177745819092,-0.03834080323576927,0.30633726716041565,0.3467656075954437,0.0026221692096441984,0.29828351736068726,0.28701138496398926,-0.014997988007962704,0.29379329085350037,0.2978551387786865,-0.027573956176638603,0.2952452301979065,0.3314063251018524,-0.03333825245499611,0.32706812024116516,0.33445626497268677,0.004972057417035103,0.32312434911727905,0.2515738308429718,-0.011850966140627861,0.31590837240219116,0.27033892273902893,-0.02014828845858574,0.31501683592796326,0.3129437267780304,-0.02077317237854004,0.34917113184928894,0.33688321709632874,0.0026195428799837828,0.3490806519985199,0.25640738010406494,-0.01459728367626667,0.3409087061882019,0.2770688533782959,-0.019328609108924866,0.3391231894493103,0.32228851318359375,-0.0166652649641037,0.3735155165195465,0.34809812903404236,-0.002091151662170887,0.3724718987941742,0.28198644518852234,-0.014439806342124939,0.36505722999572754,0.2833833694458008,-0.018759513273835182,0.3607749938964844,0.3141057789325714,-0.018316011875867844
19,0.6244822144508362,0.5110585689544678,-1.363454629199623e-07,0.6034713387489319,0.4878849983215332,-0.008344330824911594,0.5941974520683289,0.44713786244392395,-0.01246363390237093,0.6052287220954895,0.42170652747154236,-0.01765241101384163,0.6180933713912964,0.43138056993484497,-0.02129148691892624,0.6051800847053528,0.4034319519996643,-8.562011498725042e-05,0.6031860113143921,0.35748836398124695,-0.009466097690165043,0.6012027263641357,0.37425652146339417,-0.015614870004355907,0.6011826395988464,0.3985942304134369,-0.018439413979649544,0.6175181269645691,0.40158411860466003,-0.0006591847632080317,0.6167106628417969,0.350873202085495,-0.010397735051810741,0.6138498187065125,0.37395572662353516,-0.013627692125737667,0.6138290166854858,0.3998102843761444,-0.013341842219233513,0.6299181580543518,0.4057326316833496,-0.00346414209343493,0.6312240958213806,0.35861748456954956,-0.011507296934723854,0.6264573931694031,0.37866929173469543,-0.01171095110476017,0.6251787543296814,0.40415486693382263,-0.00936721358448267,0.6434358358383179,0.41597408056259155,-0.007673892192542553,0.6435878872871399,0.3786974549293518,-0.012258274480700493,0.6384652853012085,0.38471871614456177,-0.012600375339388847,0.6353337168693542,0.4027407765388489,-0.011646192520856857,0.35318028926849365,0.5256752371788025,-1.1745976991051066e-07,0.320756196975708,0.5014469623565674,-0.018970398232340813,0.30251210927963257,0.41987520456314087,-0.02474597468972206,0.3094458281993866,0.35143768787384033,-0.03150315210223198,0.3309485912322998,0.34557458758354187,-0.03556155040860176,0.3052811920642853,0.3455372452735901,0.00400158716365695,0.2968241572380066,0.2862616777420044,-0.013541257940232754,0.29435020685195923,0.2876044511795044,-0.02652381919324398,0.29625874757766724,0.3201937675476074,-0.03261513635516167,0.3268480598926544,0.3340519368648529,0.006046595051884651,0.3242698311805725,0.25243866443634033,-0.011739078909158707,0.31757834553718567,0.26098212599754333,-0.022154860198497772,0.3152156472206116,0.30526280403137207,-0.024197055026888847,0.34834644198417664,0.33727705478668213,0.0034347991459071636,0.3489178717136383,0.25975242257118225,-0.013288091868162155,0.34073686599731445,0.27335071563720703,-0.018741266801953316,0.3380599617958069,0.3168536424636841,-0.01665743812918663,0.3721455931663513,0.3492484390735626,-0.00164898787625134,0.370817095041275,0.28680887818336487,-0.014080693013966084,0.3647872507572174,0.2859787344932556,-0.019452979788184166,0.36107346415519714,0.31515833735466003,-0.01965198665857315
20,0.6244822144508362,0.5110585689544678,-1.363454629199623e-07,0.6034713387489319,0.4878849983215332,-0.008344330824911594,0.5941974520683289,0.44713786244392395,-0.01246363390237093,0.6052287220954895,0.42170652747154236,-0.01765241101384163,0.6180933713912964,0.43138056993484497,-0.02129148691892624,0.6051800847053528,0.4034319519996643,-8.562011498725042e-05,0.6031860113143921,0.35748836398124695,-0.009466097690165043,0.6012027263641357,0.37425652146339417,-0.015614870004355907,0.6011826395988464,0.3985942304134369,-0.018439413979649544,0.6175181269645691,0.40158411860466003,-0.0006591847632080317,0.6167106628417969,0.350873202085495,-0.010397735051810741,0.6138498187065125,0.37395572662353516,-0.013627692125737667,0.6138290166854858,0.3998102843761444,-0.013341842219233513,0.6299181580543518,0.4057326316833496,-0.00346414209343493,0.6312240958213806,0.35861748456954956,-0.011507296934723854,0.6264573931694031,0.37866929173469543,-0.01171095110476017,0.6251787543296814,0.40415486693382263,-0.00936721358448267,0.6434358358383179,0.41597408056259155,-0.007673892192542553,0.6435878872871399,0.3786974549293518,-0.012258274480700493,0.6384652853012085,0.38471871614456177,-0.012600375339388847,0.6353337168693542,0.4027407765388489,-0.011646192520856857,0.35318028926849365,0.5256752371788025,-1.1745976991051066e-07,0.320756196975708,0.5014469623565674,-0.018970398232340813,0.30251210927963257,0.41987520456314087,-0.02474597468972206,0.3094458281993866,0.35143768787384033,-0.03150315210223198,0.3309485912322998,0.34557458758354187,-0.03556155040860176,0.3052811920642853,0.3455372452735901,0.00400158716365695,0.2968241572380066,0.2862616777420044,-0.013541257940232754,0.29435020685195923,0.2876044511795044,-0.02652381919324398,0.29625874757766724,0.3201937675476074,-0.03261513635516167,0.3268480598926544,0.3340519368648529,0.006046595051884651,0.3242698311805725,0.25243866443634033,-0.011739078909158707,0.31757834553718567,0.26098212599754333,-0.022154860198497772,0.3152156472206116,0.30526280403137207,-0.024197055026888847,0.34834644198417664,0.33727705478668213,0.0034347991459071636,0.3489178717136383,0.25975242257118225,-0.013288091868162155,0.34073686599731445,0.27335071563720703,-0.018741266801953316,0.3380599617958069,0.3168536424636841,-0.01665743812918663,0.3721455931663513,0.3492484390735626,-0.00164898787625134,0.370817095041275,0.28680887818336487,-0.014080693013966084,0.3647872507572174,0.2859787344932556,-0.019452979788184166,0.36107346415519714,0.31515833735466003,-0.01965198665857315
21,0.35622939467430115,0.5254860520362854,-1.8185342298693286e-07,0.32527023553848267,0.5039008259773254,-0.019965557381510735,0.3038492798805237,0.4198506474494934,-0.025269314646720886,0.30261483788490295,0.34285151958465576,-0.031185075640678406,0.3179820477962494,0.31697604060173035,-0.03405691310763359,0.3073146343231201,0.34136348962783813,0.00694694509729743,0.30117014050483704,0.2801543176174164,-0.008800987154245377,0.2964976727962494,0.289736807346344,-0.020746948197484016,0.29713326692581177,0.325551837682724,-0.02611926570534706,0.32837972044944763,0.3308742642402649,0.01001404132694006,0.32513880729675293,0.24577832221984863,-0.0053121247328817844,0.31771859526634216,0.2627463936805725,-0.0143600944429636,0.3164738714694977,0.30611085891723633,-0.015507065691053867,0.3504089415073395,0.3346167802810669,0.008188542909920216,0.3497253954410553,0.25644662976264954,-0.007937513291835785,0.34243831038475037,0.2743224501609802,-0.013776800595223904,0.3411010801792145,0.318329781293869,-0.01197480596601963,0.3748415410518646,0.34681597352027893,0.004043747670948505,0.37367305159568787,0.28114134073257446,-0.007491011172533035,0.366053968667984,0.2806222438812256,-0.01205320656299591,0.361968070268631,0.30989429354667664,-0.011835260316729546,0.6220188736915588,0.5128566026687622,-1.6318097095791018e-07,0.6021428108215332,0.4883442521095276,-0.007940518669784069,0.5928832292556763,0.4478708803653717,-0.011909699998795986,0.604180634021759,0.42158329486846924,-0.017216572538018227,0.6169662475585938,0.43083950877189636,-0.021038470789790154,0.6038985252380371,0.4019767940044403,0.0011122809955850244,0.6029040217399597,0.35442787408828735,-0.008533908985555172,0.6007441878318787,0.3733145296573639,-0.014867380261421204,0.6006767153739929,0.3971300721168518,-0.017924293875694275,0.6169686317443848,0.40124112367630005,0.00019864775822497904,0.6160745024681091,0.35144656896591187,-0.009909790009260178,0.6132842302322388,0.3773399591445923,-0.013463696464896202,0.6131287217140198,0.4019283652305603,-0.013543597422540188,0.6298398971557617,0.4062696099281311,-0.0030636589508503675,0.6304041147232056,0.3576844334602356,-0.011452519334852695,0.6261510848999023,0.3798738121986389,-0.011820205487310886,0.6250051856040955,0.4049989879131317,-0.009714103303849697,0.6433776617050171,0.4173244535923004,-0.007713970262557268,0.6423505544662476,0.37870359420776367,-0.012816926464438438,0.6375798583030701,0.38653451204299927,-0.013555004261434078,0.6348739862442017,0.4045396149158478,-0.012912613339722157
22,0.35493093729019165,0.5270004868507385,-1.845434383085376e-07,0.3239709138870239,0.5031183958053589,-0.018912211060523987,0.3044898211956024,0.4217918813228607,-0.025056209415197372,0.3061832785606384,0.3508164584636688,-0.03212990611791611,0.3244444727897644,0.3288641571998596,-0.03655761852860451,0.30617979168891907,0.34353160858154297,0.004186199977993965,0.30003881454467773,0.2825099229812622,-0.013202700763940811,0.2961708903312683,0.29240357875823975,-0.026642274111509323,0.29747793078422546,0.3277294337749481,-0.03311963006854057,0.3273831605911255,0.3325793445110321,0.006164533086121082,0.32455581426620483,0.24985656142234802,-0.009773989208042622,0.3180951178073883,0.26633769273757935,-0.01960652880370617,0.317424476146698,0.3083568811416626,-0.022077776491642,0.34989017248153687,0.33621281385421753,0.0034755184315145016,0.3505879044532776,0.25607022643089294,-0.012772433459758759,0.3424297571182251,0.2731070816516876,-0.019312573596835136,0.34033092856407166,0.31703177094459534,-0.018765786662697792,0.3743543028831482,0.3487273156642914,-0.0014570093480870128,0.3742585778236389,0.2832888960838318,-0.013267626985907555,0.3668917715549469,0.2825378477573395,-0.018370503559708595,0.3625606596469879,0.31180182099342346,-0.019074052572250366,0.623780369758606,0.5088674426078796,-1.357767160925505e-07,0.6031602621078491,0.4861867129802704,-0.008377622812986374,0.5935490131378174,0.4466492831707001,-0.012621975503861904,0.6047289371490479,0.4211540222167969,-0.017858095467090607,0.6184927821159363,0.4287547767162323,-0.021595748141407967,0.6043508648872375,0.40205174684524536,-0.0003982247144449502,0.6029028296470642,0.35678714513778687,-0.00999673455953598,0.6018075346946716,0.37468937039375305,-0.01638043113052845,0.6021910905838013,0.39871156215667725,-0.019470635801553726,0.6170332431793213,0.40081560611724854,-0.0010624987771734595,0.6165526509284973,0.35063624382019043,-0.011044341139495373,0.6145169138908386,0.3753274977207184,-0.014702139422297478,0.6146343946456909,0.4003884792327881,-0.014868536032736301,0.629571795463562,0.405314177274704,-0.003927868790924549,0.6308261752128601,0.3584098219871521,-0.01226924080401659,0.6264786720275879,0.379691481590271,-0.012762251310050488,0.6251801252365112,0.404697060585022,-0.010758590884506702,0.6432222127914429,0.4162256717681885,-0.008144577033817768,0.6426205635070801,0.3792811632156372,-0.013236403465270996,0.6375719904899597,0.38638997077941895,-0.01390930451452732,0.6344968676567078,0.4038882255554199,-0.013247848488390446
23,0.6237978339195251,0.5094656944274902,-1.3947570209893456e-07,0.6029064655303955,0.48557502031326294,-0.007943263277411461,0.5942285656929016,0.44435515999794006,-0.011708222329616547,0.6054065823554993,0.4189792573451996,-0.016608692705631256,0.6181429624557495,0.42835092544555664,-0.019998759031295776,0.6045548319816589,0.4016306400299072,0.0007211237098090351,0.6031559705734253,0.35568565130233765,-0.008606001734733582,0.6012683510780334,0.37264907360076904,-0.014721125364303589,0.601301908493042,0.3968036472797394,-0.017517413944005966,0.6170662045478821,0.40023648738861084,4.2119816498598084e-05,0.6169257760047913,0.3495102524757385,-0.009670540690422058,0.6136916279792786,0.37290552258491516,-0.012990791350603104,0.6134170889854431,0.3985811769962311,-0.01274129282683134,0.6296796202659607,0.40461596846580505,-0.0028626490384340286,0.6313040852546692,0.3573668897151947,-0.010828058235347271,0.6264132261276245,0.37735217809677124,-0.011129743419587612,0.6251475811004639,0.4026433825492859,-0.008863767609000206,0.6434108018875122,0.415029913187027,-0.007130656391382217,0.6433160305023193,0.3783229887485504,-0.01174551248550415,0.6381962895393372,0.38460326194763184,-0.012221011333167553,0.6353464722633362,0.4023858904838562,-0.011354808695614338,0.3541077673435211,0.5271031260490417,-1.415545369809479e-07,0.3229004442691803,0.5021710395812988,-0.018555406481027603,0.3047204613685608,0.41981324553489685,-0.02448594942688942,0.30944937467575073,0.3503075838088989,-0.03145185112953186,0.32732585072517395,0.33395975828170776,-0.035785675048828125,0.30612337589263916,0.3424869477748871,0.0040918686427176,0.29951590299606323,0.2795523405075073,-0.013783866539597511,0.2973008453845978,0.28387337923049927,-0.026709331199526787,0.29886049032211304,0.31776055693626404,-0.032276518642902374,0.32714560627937317,0.3322741985321045,0.00585996313020587,0.32418668270111084,0.2484775334596634,-0.010853689163923264,0.31853339076042175,0.2621391713619232,-0.019940024241805077,0.31739357113838196,0.3057031035423279,-0.02095213532447815,0.34926000237464905,0.33684343099594116,0.0029354894068092108,0.3497346341609955,0.2586418688297272,-0.01417999155819416,0.34152573347091675,0.2755306363105774,-0.0196119025349617,0.3387505114078522,0.3198237717151642,-0.01729125715792179,0.3732338845729828,0.34956300258636475,-0.0022435199934989214,0.3728969693183899,0.285556435585022,-0.014803283847868443,0.36600470542907715,0.2850964367389679,-0.019437937065958977,0.36162516474723816,0.3144933581352234,-0.01896611787378788
24,0.6237978339195251,0.5094656944274902,-1.3947570209893456e-07,0.6029064655303955,0.48557502031326294,-0.007943263277411461,0.5942285656929016,0.44435515999794006,-0.011708222329616547,0.6054065823554993,0.4189792573451996,-0.016608692705631256,0.6181429624557495,0.42835092544555664,-0.019998759031295776,0.6045548319816589,0.4016306400299072,0.0007211237098090351,0.6031559705734253,0.35568565130233765,-0.008606001734733582,0.6012683510780334,0.37264907360076904,-0.014721125364303589,0.601301908493042,0.3968036472797394,-0.017517413944005966,0.6170662045478821,0.40023648738861084,4.2119816498598084e-05,0.6169257760047913,0.3495102524757385,-0.009670540690422058,0.6136916279792786,0.37290552258491516,-0.012990791350603104,0.6134170889854431,0.3985811769962311,-0.01274129282683134,0.6296796202659607,0.40461596846580505,-0.0028626490384340286,0.6313040852546692,0.3573668897151947,-0.010828058235347271,0.6264132261276245,0.37735217809677124,-0.011129743419587612,0.6251475811004639,0.4026433825492859,-0.008863767609000206,0.6434108018875122,0.415029913187027,-0.007130656391382217,0.6433160305023193,0.3783229887485504,-0.01174551248550415,0.6381962895393372,0.38460326194763184,-0.012221011333167553,0.6353464722633362,0.4023858904838562,-0.011354808695614338,0.3541077673435211,0.5271031260490417,-1.415545369809479e-07,0.3229004442691803,0.5021710395812988,-0.018555406481027603,0.3047204613685608,0.41981324553489685,-0.02448594942688942,0.30944937467575073,0.3503075838088989,-0.03145185112953186,0.32732585072517395,0.33395975828170776,-0.035785675048828125,0.30612337589263916,0.3424869477748871,0.0040918686427176,0.29951590299606323,0.2795523405075073,-0.013783866539597511,0.2973008453845978,0.28387337923049927,-0.026709331199526787,0.29886049032211304,0.31776055693626404,-0.032276518642902374,0.32714560627937317,0.3322741985321045,0.00585996313020587,0.32418668270111084,0.2484775334596634,-0.010853689163923264,0.31853339076042175,0.2621391713619232,-0.019940024241805077,0.31739357113838196,0.3057031035423279,-0.02095213532447815,0.34926000237464905,0.33684343099594116,0.0029354894068092108,0.3497346341609955,0.2586418688297272,-0.01417999155819416,0.34152573347091675,0.2755306363105774,-0.0196119025349617,0.3387505114078522,0.3198237717151642,-0.01729125715792179,0.3732338845729828,0.34956300258636475,-0.0022435199934989214,0.3728969693183899,0.285556435585022,-0.014803283847868443,0.36600470542907715,0.2850964367389679,-0.019437937065958977,0.36162516474723816,0.3144933581352234,-0.01896611787378788
25,0.6233891844749451,0.5102660655975342,-1.4405118520244287e-07,0.6023827791213989,0.48624706268310547,-0.008157695643603802,0.5937166810035706,0.44517743587493896,-0.011828990653157234,0.6056075692176819,0.4195239245891571,-0.016619523987174034,0.6181569695472717,0.42998093366622925,-0.01993991993367672,0.6042914390563965,0.40281790494918823,0.0009696104680188,0.6028435826301575,0.3572677969932556,-0.008201714605093002,0.6011446118354797,0.3745724558830261,-0.014469671063125134,0.6011887192726135,0.39833375811576843,-0.017517797648906708,0.6168875694274902,0.4014003872871399,0.0004014056466985494,0.6162240505218506,0.3520432114601135,-0.009174557402729988,0.6137254238128662,0.3757270872592926,-0.012715528719127178,0.6136450171470642,0.40069156885147095,-0.012785169295966625,0.6294130682945251,0.40555328130722046,-0.002444067969918251,0.6305185556411743,0.35910022258758545,-0.010359950363636017,0.6262379288673401,0.37906503677368164,-0.010960234329104424,0.6250819563865662,0.4042491018772125,-0.009029870852828026,0.6430312395095825,0.415733277797699,-0.006703453604131937,0.6423962116241455,0.3792121708393097,-0.011457841843366623,0.6374878287315369,0.38556283712387085,-0.012269645929336548,0.634641170501709,0.40338006615638733,-0.011725105345249176,0.35011231899261475,0.5303488969802856,-1.4873583609187335e-07,0.3190244734287262,0.5012359023094177,-0.019396785646677017,0.3003483712673187,0.4214860200881958,-0.02590879797935486,0.30177605152130127,0.3521132171154022,-0.033403653651475906,0.3222615718841553,0.32968875765800476,-0.03825250267982483,0.30233412981033325,0.34672120213508606,0.004688320681452751,0.2925853431224823,0.28628700971603394,-0.013085312210023403,0.28989696502685547,0.28879109025001526,-0.026570651680231094,0.2922210395336151,0.32016438245773315,-0.032593850046396255,0.3231714367866516,0.3343227505683899,0.006935193203389645,0.32010117173194885,0.2505296468734741,-0.009044061414897442,0.314144492149353,0.2618415057659149,-0.018120666965842247,0.31255123019218445,0.3024654686450958,-0.01939312368631363,0.3454533815383911,0.33665549755096436,0.004342802334576845,0.34636634588241577,0.2571340799331665,-0.012455645948648453,0.3390575647354126,0.2737193703651428,-0.01789018325507641,0.33678850531578064,0.31882619857788086,-0.015668869018554688,0.36922818422317505,0.34842920303344727,-0.0005853661568835378,0.3686372637748718,0.283271849155426,-0.012997913174331188,0.3611406087875366,0.28475886583328247,-0.017212994396686554,0.3561706840991974,0.31701207160949707,-0.016420332714915276
26,0.3498011529445648,0.5278975367546082,-2.0258870847555954e-07,0.3184948265552521,0.5015932321548462,-0.01869346760213375,0.29907071590423584,0.41882872581481934,-0.02480221353471279,0.30328962206840515,0.34990745782852173,-0.031999681144952774,0.32722094655036926,0.33723828196525574,-0.036266256123781204,0.30169451236724854,0.34189409017562866,0.003294746857136488,0.29329586029052734,0.2787035405635834,-0.01455265749245882,0.28932446241378784,0.2888566255569458,-0.02735273726284504,0.2914550304412842,0.32534489035606384,-0.03312436491250992,0.32227951288223267,0.3301834166049957,0.004748743958771229,0.3192797601222992,0.24389848113059998,-0.0124213183298707,0.31194525957107544,0.26261502504348755,-0.02100685052573681,0.3114619255065918,0.3084368407726288,-0.021554792299866676,0.3442932665348053,0.3333291709423065,0.001571624306961894,0.34463128447532654,0.2531493604183197,-0.01528719998896122,0.33652248978614807,0.2730911374092102,-0.01974232867360115,0.33583754301071167,0.3186773359775543,-0.016857659444212914,0.368377149105072,0.34505409002304077,-0.003985225688666105,0.36734461784362793,0.2779847979545593,-0.015962813049554825,0.3593018651008606,0.2808084487915039,-0.01970468834042549,0.3554542064666748,0.31397923827171326,-0.018745070323348045,0.6231575608253479,0.5090304613113403,-1.4473638998424576e-07,0.6025340557098389,0.48621562123298645,-0.008000803180038929,0.5934642553329468,0.4456253945827484,-0.011670418083667755,0.6046992540359497,0.41996708512306213,-0.016492078080773354,0.6177572011947632,0.4283238351345062,-0.01992005668580532,0.604301929473877,0.40258345007896423,0.0009356611408293247,0.6027176976203918,0.35739535093307495,-0.008189482614398003,0.6011427640914917,0.3736570477485657,-0.014417429454624653,0.6011177897453308,0.39681774377822876,-0.017423156648874283,0.6168918609619141,0.4012829661369324,0.00030249461997300386,0.6159381866455078,0.35237884521484375,-0.009361032396554947,0.6136184334754944,0.3755623996257782,-0.013193018734455109,0.6135316491127014,0.4003039300441742,-0.013481391593813896,0.6294663548469543,0.40557730197906494,-0.0025558725465089083,0.6303704977035522,0.3584752082824707,-0.01065092347562313,0.6264281272888184,0.37847936153411865,-0.011472410522401333,0.6253934502601624,0.4036775827407837,-0.009686388075351715,0.6431312561035156,0.41593727469444275,-0.006754596251994371,0.642062783241272,0.37926632165908813,-0.011737841181457043,0.6374459862709045,0.3858397603034973,-0.01265946589410305,0.6349459290504456,0.40343108773231506,-0.01214352622628212
27,0.3510172665119171,0.5279967188835144,-2.0413438051036792e-07,0.31790804862976074,0.5018313527107239,-0.018424835056066513,0.29783549904823303,0.4180399775505066,-0.024101782590150833,0.30092036724090576,0.3476397693157196,-0.030869746580719948,0.3196132779121399,0.32809123396873474,-0.034831978380680084,0.3018783628940582,0.34224385023117065,0.004108317196369171,0.29400745034217834,0.2792748510837555,-0.013282764703035355,0.28999802470207214,0.2887246906757355,-0.025792377069592476,0.29180413484573364,0.32391440868377686,-0.031329426914453506,0.32275334000587463,0.33085572719573975,0.005604213569313288,0.31847864389419556,0.24549907445907593,-0.010322744026780128,0.31141889095306396,0.2623060345649719,-0.018320780247449875,0.31084856390953064,0.30458784103393555,-0.01893017627298832,0.3449971675872803,0.33414822816848755,0.002359445206820965,0.34473204612731934,0.25340014696121216,-0.01455774437636137,0.3369893431663513,0.2729162871837616,-0.019203713163733482,0.3357287049293518,0.31832197308540344,-0.016659220680594444,0.36905136704444885,0.346251517534256,-0.003168188501149416,0.3679041862487793,0.2788855731487274,-0.015754085034132004,0.3597540259361267,0.2820219099521637,-0.019662661477923393,0.3554936945438385,0.31508100032806396,-0.018879402428865433,0.622356653213501,0.5124737620353699,-1.5612990011959482e-07,0.6024982333183289,0.4875745475292206,-0.008219418115913868,0.5930674076080322,0.4472959041595459,-0.01263582892715931,0.60359787940979,0.42111656069755554,-0.018244188278913498,0.6161190867424011,0.4305730164051056,-0.022346287965774536,0.604085385799408,0.40337488055229187,-0.0002141738950740546,0.6027236580848694,0.3558328449726105,-0.010267605073750019,0.6009507179260254,0.37404924631118774,-0.016666041687130928,0.6009369492530823,0.39814114570617676,-0.01962343603372574,0.6169250011444092,0.4026310443878174,-0.0010549473809078336,0.615888774394989,0.35248425602912903,-0.011288166977465153,0.6134365200996399,0.37677812576293945,-0.014765619300305843,0.6131690740585327,0.4008291959762573,-0.014797662384808064,0.6297460794448853,0.40741321444511414,-0.004194367211312056,0.6302141547203064,0.35881608724594116,-0.012805387377738953,0.6261051893234253,0.38040223717689514,-0.013025501742959023,0.6249314546585083,0.4050713777542114,-0.010784112848341465,0.6433410048484802,0.4181479215621948,-0.00869502779096365,0.6419749855995178,0.37957578897476196,-0.013948258943855762,0.6372560858726501,0.3876022696495056,-0.014502909034490585,0.6346830129623413,0.40570828318595886,-0.013671113178133965
28,0.3507770299911499,0.528076708316803,-2.0728562333260925e-07,0.3172212839126587,0.5013400316238403,-0.019384318962693214,0.2971750497817993,0.4171143174171448,-0.02578512765467167,0.30012163519859314,0.3458957076072693,-0.03323734551668167,0.3184189796447754,0.32868945598602295,-0.03777044638991356,0.3015272915363312,0.3409501016139984,0.004108997527509928,0.2943410873413086,0.27672532200813293,-0.014096232131123543,0.29094111919403076,0.29043668508529663,-0.027299318462610245,0.29352784156799316,0.32750391960144043,-0.03323769196867943,0.32225707173347473,0.33000805974006653,0.005930885672569275,0.317808598279953,0.24454252421855927,-0.010781475342810154,0.31089335680007935,0.26486220955848694,-0.01929635927081108,0.31090179085731506,0.30748599767684937,-0.020171700045466423,0.34442201256752014,0.33323758840560913,0.002806624863296747,0.34402936697006226,0.25228285789489746,-0.014455095864832401,0.3362644910812378,0.27399182319641113,-0.01947195455431938,0.33520013093948364,0.3202000558376312,-0.017132829874753952,0.3688142001628876,0.3451528549194336,-0.002743265125900507,0.36758628487586975,0.27797579765319824,-0.015168016776442528,0.35946398973464966,0.2811945080757141,-0.01941755786538124,0.35525208711624146,0.3139244616031647,-0.019007045775651932,0.6226348876953125,0.5132438540458679,-1.4418820626360684e-07,0.6022685766220093,0.4879889488220215,-0.008472216315567493,0.5937348008155823,0.4460770785808563,-0.01233540941029787,0.6055092811584473,0.42056983709335327,-0.017331689596176147,0.6175605058670044,0.4327055811882019,-0.020822258666157722,0.6041042804718018,0.4028543531894684,0.001010610954836011,0.6030194759368896,0.35647329688072205,-0.008330556564033031,0.6013323664665222,0.3740166425704956,-0.014731274917721748,0.6012077927589417,0.3976190388202667,-0.01785106211900711,0.6167362332344055,0.40209001302719116,0.00046528573147952557,0.6158280372619629,0.3526552617549896,-0.009221194311976433,0.6135942339897156,0.37582406401634216,-0.012939028441905975,0.6133620738983154,0.40004321932792664,-0.013136224821209908,0.6293100118637085,0.4071512520313263,-0.002439090982079506,0.6304988861083984,0.3591413199901581,-0.010627814568579197,0.6263666749000549,0.3786815404891968,-0.011510312557220459,0.6249229907989502,0.4035481810569763,-0.009695084765553474,0.6429316401481628,0.4184373915195465,-0.006775345653295517,0.6422863006591797,0.3810838758945465,-0.011886196210980415,0.6373850107192993,0.38670313358306885,-0.012964191846549511,0.634421169757843,0.4039604365825653,-0.012512235902249813
29,0.3499811887741089,0.52849942445755,-1.941836842433986e-07,0.31761327385902405,0.5020253658294678,-0.01935875043272972,0.29791975021362305,0.419099360704422,-0.025411197915673256,0.3021250069141388,0.3495025932788849,-0.032494157552719116,0.325199693441391,0.33527302742004395,-0.03663277253508568,0.3013021945953369,0.3427247107028961,0.003718223422765732,0.2926023304462433,0.27913177013397217,-0.01460809726268053,0.2886482775211334,0.28900793194770813,-0.02763153240084648,0.2905409038066864,0.3256681561470032,-0.033309780061244965,0.3218476176261902,0.33123326301574707,0.005541506689041853,0.3186933696269989,0.24376554787158966,-0.012470383197069168,0.31103524565696716,0.26252713799476624,-0.02133174240589142,0.3100981116294861,0.30827397108078003,-0.021663710474967957,0.3438217043876648,0.3343726396560669,0.002545400522649288,0.34399905800819397,0.2550402283668518,-0.01523560844361782,0.33600661158561707,0.2757677137851715,-0.01975458674132824,0.33526527881622314,0.3213256001472473,-0.016408676281571388,0.3680989444255829,0.3461143970489502,-0.002884699497371912,0.36734846234321594,0.279835969209671,-0.015194612555205822,0.36002039909362793,0.281480997800827,-0.018974939361214638,0.35661959648132324,0.3122188448905945,-0.017810439690947533,0.6236766576766968,0.5081056356430054,-1.3668642395714414e-07,0.6022828817367554,0.4867609739303589,-0.008158024400472641,0.5933721661567688,0.4460069537162781,-0.011784665286540985,0.6047959923744202,0.420910507440567,-0.016468791291117668,0.6180650591850281,0.4293171465396881,-0.019690016284585,0.6046706438064575,0.40321215987205505,0.0004762392200063914,0.6033599376678467,0.35830584168434143,-0.008473516441881657,0.6015521287918091,0.3754759728908539,-0.014427847228944302,0.6011301279067993,0.4003424644470215,-0.017172476276755333,0.6170114278793335,0.40135008096694946,0.00011358236224623397,0.6167364716529846,0.35215550661087036,-0.009171144105494022,0.6135337352752686,0.37663739919662476,-0.012462756596505642,0.6131511926651001,0.4032266139984131,-0.012282614596188068,0.6292845606803894,0.405499666929245,-0.0024459839332848787,0.6310909986495972,0.35918429493904114,-0.010326587595045567,0.6262722611427307,0.37981370091438293,-0.010848048143088818,0.624930202960968,0.4064752161502838,-0.008784479461610317,0.6428252458572388,0.4159156382083893,-0.006328453775495291,0.6430993676185608,0.37975528836250305,-0.011359508149325848,0.6379626393318176,0.386301189661026,-0.01215967908501625,0.6347034573554993,0.4050055146217346,-0.01146564818918705
30,0.3502837121486664,0.5287284851074219,-1.74309434441966e-07,0.3169604539871216,0.5018831491470337,-0.02094782516360283,0.2973197102546692,0.4205535054206848,-0.028101788833737373,0.29844704270362854,0.34994715452194214,-0.036168575286865234,0.31689876317977905,0.32670557498931885,-0.041496653109788895,0.30131208896636963,0.34410685300827026,0.00390741927549243,0.2925039529800415,0.28087905049324036,-0.01467242930084467,0.28892382979393005,0.28777191042900085,-0.02840331569314003,0.29113730788230896,0.3215477168560028,-0.03457941487431526,0.3221731185913086,0.333049476146698,0.006281182169914246,0.3183070719242096,0.24676844477653503,-0.01120233628898859,0.31125369668006897,0.26478955149650574,-0.02111566625535488,0.3104146718978882,0.30765610933303833,-0.022642727941274643,0.34441155195236206,0.3358052372932434,0.003584817750379443,0.344314306974411,0.25518137216567993,-0.014267869293689728,0.33648526668548584,0.27454665303230286,-0.020514678210020065,0.3349936902523041,0.3204157054424286,-0.018745990470051765,0.3686469495296478,0.3476291000843048,-0.0015951425302773714,0.3673737645149231,0.2809078097343445,-0.01441965065896511,0.35918205976486206,0.2827509939670563,-0.01930774748325348,0.35450658202171326,0.31487005949020386,-0.019175952300429344,0.623396098613739,0.5087587833404541,-1.4108726986705733e-07,0.6023279428482056,0.4862390160560608,-0.007888378575444221,0.5933092832565308,0.44645529985427856,-0.011649975553154945,0.6045016050338745,0.4210744798183441,-0.01658898964524269,0.6174066066741943,0.42928051948547363,-0.020082920789718628,0.6049690246582031,0.4039744734764099,0.0008001948590390384,0.602733850479126,0.3586196005344391,-0.00844547152519226,0.6008067727088928,0.3754766881465912,-0.014504004269838333,0.6011168360710144,0.39946502447128296,-0.01729041337966919,0.6171668171882629,0.4020901322364807,9.704268450150266e-05,0.6160239577293396,0.35222214460372925,-0.009896570816636086,0.6130509972572327,0.37670817971229553,-0.013261772692203522,0.6132925152778625,0.40299147367477417,-0.012931298464536667,0.629520058631897,0.40617164969444275,-0.0028202536050230265,0.6303908228874207,0.3594330847263336,-0.011208047159016132,0.6256502270698547,0.38059496879577637,-0.011521360836923122,0.6247420310974121,0.4068293869495392,-0.009146615862846375,0.6431564688682556,0.4164327085018158,-0.007061501033604145,0.6428408622741699,0.37970608472824097,-0.012059914879500866,0.6373924016952515,0.3864608407020569,-0.012524489313364029,0.634151816368103,0.4047105312347412,-0.01154845580458641
31,0.3502837121486664,0.5287284851074219,-1.74309434441966e-07,0.3169604539871216,0.5018831491470337,-0.02094782516360283,0.2973197102546692,0.4205535054206848,-0.028101788833737373,0.29844704270362854,0.34994715452194214,-0.036168575286865234,0.31689876317977905,0.32670557498931885,-0.041496653109788895,0.30131208896636963,0.34410685300827026,0.00390741927549243,0.2925039529800415,0.28087905049324036,-0.01467242930084467,0.28892382979393005,0.28777191042900085,-0.02840331569314003,0.29113730788230896,0.3215477168560028,-0.03457941487431526,0.3221731185913086,0.333049476146698,0.006281182169914246,0.3183070719242096,0.24676844477653503,-0.01120233628898859,0.31125369668006897,0.26478955149650574,-0.02111566625535488,0.3104146718978882,0.30765610933303833,-0.022642727941274643,0.34441155195236206,0.3358052372932434,0.003584817750379443,0.344314306974411,0.25518137216567993,-0.014267869293689728,0.33648526668548584,0.27454665303230286,-0.020514678210020065,0.3349936902523041,0.3204157054424286,-0.018745990470051765,0.3686469495296478,0.3476291000843048,-0.0015951425302773714,0.3673737645149231,0.2809078097343445,-0.01441965065896511,0.35918205976486206,0.2827509939670563,-0.01930774748325348,0.35450658202171326,0.31487005949020386,-0.019175952300429344,0.623396098613739,0.5087587833404541,-1.4108726986705733e-07,0.6023279428482056,0.4862390160560608,-0.007888378575444221,0.5933092832565308,0.44645529985427856,-0.011649975553154945,0.6045016050338745,0.4210744798183441,-0.01658898964524269,0.6174066066741943,0.42928051948547363,-0.020082920789718628,0.6049690246582031,0.4039744734764099,0.0008001948590390384,0.602733850479126,0.3586196005344391,-0.00844547152519226,0.6008067727088928,0.3754766881465912,-0.014504004269838333,0.6011168360710144,0.39946502447128296,-0.01729041337966919,0.6171668171882629,0.4020901322364807,9.704268450150266e-05,0.6160239577293396,0.35222214460372925,-0.009896570816636086,0.6130509972572327,0.37670817971229553,-0.013261772692203522,0.6132925152778625,0.40299147367477417,-0.012931298464536667,0.629520058631897,0.40617164969444275,-0.0028202536050230265,0.6303908228874207,0.3594330847263336,-0.011208047159016132,0.6256502270698547,0.38059496879577637,-0.011521360836923122,0.6247420310974121,0.4068293869495392,-0.009146615862846375,0.6431564688682556,0.4164327085018158,-0.007061501033604145,0.6428408622741699,0.37970608472824097,-0.012059914879500866,0.6373924016952515,0.3864608407020569,-0.012524489313364029,0.634151816368103,0.4047105312347412,-0.01154845580458641
32,0.3509693741798401,0.5331214666366577,-2.1331752009245974e-07,0.31817740201950073,0.5041344165802002,-0.02015972137451172,0.29775339365005493,0.42158177495002747,-0.027151860296726227,0.2992355525493622,0.3474792540073395,-0.03490688279271126,0.315740704536438,0.32563742995262146,-0.039722420275211334,0.3002687990665436,0.34417495131492615,0.0019636366050690413,0.29363152384757996,0.27488595247268677,-0.01586308144032955,0.2899083197116852,0.29076087474823,-0.028688708320260048,0.29207777976989746,0.3283465802669525,-0.0345003679394722,0.3214779198169708,0.3326999545097351,0.00432490324601531,0.31768563389778137,0.2439061403274536,-0.011983513832092285,0.31136685609817505,0.2674054205417633,-0.020426157861948013,0.3114599883556366,0.3108082711696625,-0.021573876962065697,0.3443754017353058,0.3356112837791443,0.0019392988178879023,0.3447198271751404,0.2507159113883972,-0.015385082922875881,0.3370853066444397,0.2733136713504791,-0.020785866305232048,0.3352833092212677,0.3198166489601135,-0.01889072358608246,0.36911678314208984,0.3475702404975891,-0.002792897168546915,0.36857542395591736,0.27840089797973633,-0.01547640934586525,0.361020028591156,0.2804478406906128,-0.020059814676642418,0.3567497134208679,0.31195783615112305,-0.020016301423311234,0.623927891254425,0.5095922946929932,-1.4102921852554573e-07,0.602557897567749,0.48653388023376465,-0.008403971791267395,0.5937318205833435,0.4461333155632019,-0.012378971092402935,0.6056804060935974,0.42138922214508057,-0.017399631440639496,0.6190462708473206,0.43167051672935486,-0.020856771618127823,0.604539155960083,0.40346798300743103,8.704674837645143e-05,0.6028638482093811,0.3576887547969818,-0.00938240997493267,0.6010543704032898,0.3759037256240845,-0.0156180951744318,0.6010407209396362,0.40049102902412415,-0.01851891539990902,0.6169750690460205,0.40172863006591797,-0.0003462319727987051,0.6161739230155945,0.3519865870475769,-0.010216228663921356,0.6134182810783386,0.3767540454864502,-0.013558722101151943,0.6134373545646667,0.40261638164520264,-0.013344760984182358,0.6295281052589417,0.40581122040748596,-0.0030280444771051407,0.6309247016906738,0.35908445715904236,-0.011100033298134804,0.6263386011123657,0.37970590591430664,-0.011442508548498154,0.6251576542854309,0.40538832545280457,-0.009246158413589,0.6432664394378662,0.416124552488327,-0.007113628555089235,0.6431767344474792,0.3800312578678131,-0.011998085305094719,0.6380518674850464,0.3862159848213196,-0.012684280052781105,0.6348534822463989,0.40402835607528687,-0.01193902175873518
33,0.6242260932922363,0.5107039213180542,-1.3817405886129563e-07,0.6033545732498169,0.4867353141307831,-0.008093717508018017,0.5941581726074219,0.44562700390815735,-0.012146652676165104,0.605483889579773,0.4199507236480713,-0.017214234918355942,0.618362307548523,0.43004530668258667,-0.020736094564199448,0.605173647403717,0.4032437801361084,-0.0002500810951460153,0.6036341786384583,0.35789379477500916,-0.00935882143676281,0.6018959283828735,0.37571415305137634,-0.0153031125664711,0.6019507050514221,0.3997441232204437,-0.01817462034523487,0.617691695690155,0.4014366865158081,-0.0008196874405257404,0.6171169281005859,0.3511193096637726,-0.010104908607900143,0.613864541053772,0.3757404088973999,-0.012883858755230904,0.6135984063148499,0.4008362889289856,-0.0124889574944973,0.6302446722984314,0.4055689573287964,-0.003555087372660637,0.6317089200019836,0.3580811023712158,-0.011180706322193146,0.6266781091690063,0.37869808077812195,-0.010849015787243843,0.6251962780952454,0.4041111469268799,-0.0083623006939888,0.6439356803894043,0.4160979092121124,-0.007678617723286152,0.644065797328949,0.37882184982299805,-0.012346557341516018,0.6387458443641663,0.3854493796825409,-0.01264253817498684,0.6354425549507141,0.4036395251750946,-0.011718645691871643,0.35183021426200867,0.5291182994842529,-1.2404404969856841e-07,0.3170023560523987,0.5009461045265198,-0.021406639367341995,0.2983970642089844,0.41810762882232666,-0.028990989550948143,0.30634719133377075,0.3488859236240387,-0.037363726645708084,0.3278593420982361,0.34087803959846497,-0.04293859377503395,0.29844945669174194,0.34235331416130066,0.0029851775616407394,0.29026883840560913,0.278921514749527,-0.015343948267400265,0.2888414263725281,0.28261202573776245,-0.028759779408574104,0.29231634736061096,0.3147919476032257,-0.03494597226381302,0.32130056619644165,0.32941484451293945,0.00589646864682436,0.317611426115036,0.2439219057559967,-0.01127864234149456,0.3128858208656311,0.25868383049964905,-0.02063039317727089,0.3127152621746063,0.30140718817710876,-0.021936383098363876,0.3446435034275055,0.3313003480434418,0.003775367047637701,0.3453589081764221,0.2503181993961334,-0.013475325889885426,0.33823922276496887,0.26793503761291504,-0.019202759489417076,0.33580952882766724,0.3136829435825348,-0.01712895557284355,0.36965131759643555,0.3419826626777649,-0.0009969077073037624,0.36843326687812805,0.27705854177474976,-0.013637359254062176,0.3625279664993286,0.277817964553833,-0.01901632361114025,0.3587586581707001,0.3091943860054016,-0.01919262483716011
34,0.6246028542518616,0.5097784996032715,-1.4316836427497037e-07,0.6035608649253845,0.4865225553512573,-0.007677070330828428,0.5945080518722534,0.4462207853794098,-0.011617982760071754,0.6056421995162964,0.4214755892753601,-0.016625655815005302,0.6189756989479065,0.42941251397132874,-0.020131273195147514,0.6051529049873352,0.4041532576084137,-0.0003370022459421307,0.6037214994430542,0.3578336834907532,-0.009751797653734684,0.6020799279212952,0.37610194087028503,-0.015757562592625618,0.6018799543380737,0.40080899000167847,-0.018461324274539948,0.6176926493644714,0.40243959426879883,-0.001045032637193799,0.6173263788223267,0.3515441417694092,-0.010544471442699432,0.6145293116569519,0.3763297498226166,-0.013639107346534729,0.6141260862350464,0.40169501304626465,-0.01340010017156601,0.6303122639656067,0.4065476357936859,-0.0038403726648539305,0.6315233111381531,0.3590233325958252,-0.011588615365326405,0.6268993616104126,0.38033056259155273,-0.01150109525769949,0.6254948973655701,0.4055613875389099,-0.009171491488814354,0.6440992951393127,0.4170934855937958,-0.00791365560144186,0.64361172914505,0.3796984553337097,-0.012497051618993282,0.638580322265625,0.38742372393608093,-0.012663151137530804,0.6355252861976624,0.4059414267539978,-0.01164996437728405,0.35105377435684204,0.529552161693573,-1.8212061547728808e-07,0.3165738880634308,0.4985256493091583,-0.018620233982801437,0.298633873462677,0.414242148399353,-0.024488627910614014,0.30731403827667236,0.3455965518951416,-0.03145128861069679,0.32735225558280945,0.33355677127838135,-0.035850103944540024,0.29935553669929504,0.3416880965232849,0.003657109569758177,0.29187557101249695,0.2752910852432251,-0.0135013647377491,0.2897554636001587,0.28361502289772034,-0.026253581047058105,0.29299864172935486,0.3176279366016388,-0.03217935934662819,0.321430504322052,0.3293794095516205,0.005399543326348066,0.3177434206008911,0.24250882863998413,-0.010363909415900707,0.31245526671409607,0.260088711977005,-0.018840933218598366,0.3124488890171051,0.30279821157455444,-0.020162785425782204,0.3444720506668091,0.33177420496940613,0.0024935537949204445,0.34487107396125793,0.24908383190631866,-0.013910166919231415,0.33753666281700134,0.26968497037887573,-0.01924114301800728,0.33570244908332825,0.3164374530315399,-0.017543436959385872,0.36923718452453613,0.34321513772010803,-0.0027884638402611017,0.3683297336101532,0.27606117725372314,-0.014794199727475643,0.3609607517719269,0.2795550227165222,-0.019225332885980606,0.3567892611026764,0.3130662143230438,-0.01925536058843136
35,0.6246028542518616,0.5097784996032715,-1.4316836427497037e-07,0.6035608649253845,0.4865225553512573,-0.007677070330828428,0.5945080518722534,0.4462207853794098,-0.011617982760071754,0.6056421995162964,0.4214755892753601,-0.016625655815005302,0.6189756989479065,0.42941251397132874,-0.020131273195147514,0.6051529049873352,0.4041532576084137,-0.0003370022459421307,0.6037214994430542,0.3578336834907532,-0.009751797653734684,0.6020799279212952,0.37610194087028503,-0.015757562592625618,0.6018799543380737,0.40080899000167847,-0.018461324274539948,0.6176926493644714,0.40243959426879883,-0.001045032637193799,0.6173263788223267,0.3515441417694092,-0.010544471442699432,0.6145293116569519,0.3763297498226166,-0.013639107346534729,0.6141260862350464,0.40169501304626465,-0.01340010017156601,0.6303122639656067,0.4065476357936859,-0.0038403726648539305,0.6315233111381531,0.3590233325958252,-0.011588615365326405,0.6268993616104126,0.38033056259155273,-0.01150109525769949,0.6254948973655701,0.4055613875389099,-0.009171491488814354,0.6440992951393127,0.4170934855937958,-0.00791365560144186,0.64361172914505,0.3796984553337097,-0.012497051618993282,0.638580322265625,0.38742372393608093,-0.012663151137530804,0.6355252861976624,0.4059414267539978,-0.01164996437728405,0.35105377435684204,0.529552161693573,-1.8212061547728808e-07,0.3165738880634308,0.4985256493091583,-0.018620233982801437,0.298633873462677,0.414242148399353,-0.024488627910614014,0.30731403827667236,0.3455965518951416,-0.03145128861069679,0.32735225558280945,0.33355677127838135,-0.035850103944540024,0.29935553669929504,0.3416880965232849,0.003657109569758177,0.29187557101249695,0.2752910852432251,-0.0135013647377491,0.2897554636001587,0.28361502289772034,-0.026253581047058105,0.29299864172935486,0.3176279366016388,-0.03217935934662819,0.321430504322052,0.3293794095516205,0.005399543326348066,0.3177434206008911,0.24250882863998413,-0.010363909415900707,0.31245526671409607,0.260088711977005,-0.018840933218598366,0.3124488890171051,0.30279821157455444,-0.020162785425782204,0.3444720506668091,0.33177420496940613,0.0024935537949204445,0.34487107396125793,0.24908383190631866,-0.013910166919231415,0.33753666281700134,0.26968497037887573,-0.01924114301800728,0.33570244908332825,0.3164374530315399,-0.017543436959385872,0.36923718452453613,0.34321513772010803,-0.0027884638402611017,0.3683297336101532,0.27606117725372314,-0.014794199727475643,0.3609607517719269,0.2795550227165222,-0.019225332885980606,0.3567892611026764,0.3130662143230438,-0.01925536058843136
36,0.34982553124427795,0.5247262716293335,-1.4271074633143144e-07,0.3169543743133545,0.4969406723976135,-0.02144595794379711,0.29836347699165344,0.4149829149246216,-0.028444863855838776,0.3020275831222534,0.3442249596118927,-0.03599459305405617,0.32230448722839355,0.32346728444099426,-0.040783919394016266,0.299798846244812,0.34040993452072144,0.00412567425519228,0.29190492630004883,0.27773451805114746,-0.014299723319709301,0.2894693613052368,0.28191620111465454,-0.02779383771121502,0.29185813665390015,0.3138927221298218,-0.0336533784866333,0.32124781608581543,0.3285598158836365,0.007153238635510206,0.3180687129497528,0.2411212921142578,-0.01041752751916647,0.3123871684074402,0.25867176055908203,-0.020115790888667107,0.31181901693344116,0.30210551619529724,-0.021059321239590645,0.3440413475036621,0.33101269602775574,0.00511270621791482,0.344258576631546,0.25067591667175293,-0.013031012378633022,0.337019681930542,0.27100738883018494,-0.019088037312030792,0.3355031907558441,0.31672751903533936,-0.016728194430470467,0.36864790320396423,0.3424699902534485,0.0006166422972455621,0.3670693337917328,0.2767595052719116,-0.01210364606231451,0.3597804009914398,0.27916043996810913,-0.01658211648464203,0.35579290986061096,0.31048840284347534,-0.015872454270720482,0.6263354420661926,0.509966254234314,-1.2344064259650622e-07,0.6042835712432861,0.4874737858772278,-0.008250132203102112,0.594831645488739,0.4458026587963104,-0.012683679349720478,0.6065374612808228,0.4211353659629822,-0.018043559044599533,0.6212964057922363,0.4315946102142334,-0.021663561463356018,0.6051854491233826,0.401845782995224,-0.00033800522214733064,0.6045265197753906,0.3563755750656128,-0.010705102235078812,0.6027840971946716,0.3763083219528198,-0.017433376982808113,0.6031628251075745,0.4011705815792084,-0.020464910194277763,0.618122398853302,0.40098705887794495,-0.0008342235814779997,0.6182852983474731,0.35179513692855835,-0.010670295916497707,0.6153935790061951,0.3772119879722595,-0.013766376301646233,0.6155857443809509,0.4028517007827759,-0.013312751427292824,0.6305761933326721,0.40591806173324585,-0.0036554429680109024,0.632529079914093,0.3592485785484314,-0.011638552881777287,0.627939760684967,0.38001182675361633,-0.011333494447171688,0.6267381906509399,0.4052927792072296,-0.008604793809354305,0.6442010402679443,0.4163408577442169,-0.007824864238500595,0.6445212364196777,0.3790760040283203,-0.012942994944751263,0.6395661234855652,0.38577157258987427,-0.013273686170578003,0.6363139748573303,0.40433183312416077,-0.012039056047797203
37,0.35066309571266174,0.5254788398742676,-1.4119888191999053e-07,0.31740641593933105,0.49973589181900024,-0.02308393269777298,0.29797402024269104,0.41683244705200195,-0.030604291707277298,0.30199557542800903,0.3453533351421356,-0.03855908289551735,0.3250802457332611,0.3309052586555481,-0.043617188930511475,0.30049386620521545,0.34098315238952637,0.004079082980751991,0.292357861995697,0.2787967026233673,-0.014335956424474716,0.28908658027648926,0.2836478054523468,-0.02806396223604679,0.2913057208061218,0.3159944713115692,-0.034349225461483,0.3219403028488159,0.32917967438697815,0.007738104090094566,0.31887543201446533,0.24270367622375488,-0.01026814803481102,0.31215229630470276,0.2576621472835541,-0.0209435373544693,0.31102457642555237,0.3008531332015991,-0.022760121151804924,0.34430697560310364,0.3313960134983063,0.006083349697291851,0.34495118260383606,0.250450074672699,-0.012193535454571247,0.33713704347610474,0.2678796947002411,-0.019601762294769287,0.33531513810157776,0.3134482502937317,-0.018325118348002434,0.36904412508010864,0.3426849842071533,0.0017778954934328794,0.36713704466819763,0.27552086114883423,-0.011110043153166771,0.35954681038856506,0.2770334780216217,-0.016853980720043182,0.35530129075050354,0.30941593647003174,-0.017279332503676414,0.6263362169265747,0.5100917816162109,-1.2342441380042146e-07,0.6039167046546936,0.4889364242553711,-0.008322170935571194,0.5945286154747009,0.4460042715072632,-0.012512415647506714,0.6062177419662476,0.42043009400367737,-0.017674308270215988,0.6210927963256836,0.43051859736442566,-0.021271320059895515,0.6054365634918213,0.4017699658870697,-0.00021059863502159715,0.6049312949180603,0.35645851492881775,-0.01025421917438507,0.6032933592796326,0.37534961104393005,-0.01701890490949154,0.6033836603164673,0.3997291624546051,-0.020174721255898476,0.6183580756187439,0.4010862112045288,-0.0006910559022799134,0.6187539100646973,0.3518790304660797,-0.010255980305373669,0.6157150864601135,0.3768628239631653,-0.013551026582717896,0.61571204662323,0.40319541096687317,-0.013281222432851791,0.6307693719863892,0.4065468907356262,-0.0034765000455081463,0.6329189538955688,0.36014482378959656,-0.01134104561060667,0.6279343366622925,0.3809993863105774,-0.01124365720897913,0.6263001561164856,0.4068913757801056,-0.008666916750371456,0.6441860198974609,0.4171052575111389,-0.007626372389495373,0.6447393298149109,0.3801287114620209,-0.012702427804470062,0.6395425200462341,0.38731372356414795,-0.013039362616837025,0.6360567808151245,0.4065757691860199,-0.011850292794406414
38,0.3500792384147644,0.5218113660812378,-1.269889366994903e-07,0.316942036151886,0.49753403663635254,-0.02300669252872467,0.29797065258026123,0.4157995581626892,-0.030552752315998077,0.30103257298469543,0.34385111927986145,-0.03847525641322136,0.3224446773529053,0.3230162560939789,-0.043688785284757614,0.3013027012348175,0.34113460779190063,0.004314894322305918,0.2931281328201294,0.28109705448150635,-0.014338536188006401,0.2880679965019226,0.28210747241973877,-0.027954384684562683,0.28903263807296753,0.31152623891830444,-0.03383932635188103,0.3219614624977112,0.3293490707874298,0.00812151376157999,0.3188367187976837,0.2427903711795807,-0.010555947199463844,0.31058305501937866,0.2562822699546814,-0.02111751399934292,0.308737188577652,0.29926809668540955,-0.02227051742374897,0.3441130220890045,0.33171120285987854,0.006616650149226189,0.34414219856262207,0.2519778609275818,-0.012598440051078796,0.33548662066459656,0.26964130997657776,-0.02013583853840828,0.3337863087654114,0.315600723028183,-0.018412524834275246,0.36870869994163513,0.3423403203487396,0.0025953599251806736,0.366650253534317,0.2770051658153534,-0.011021904647350311,0.35926923155784607,0.27710625529289246,-0.0169619582593441,0.355553537607193,0.3073100745677948,-0.017128363251686096,0.6268694400787354,0.5092105269432068,-1.2306101382364432e-07,0.6045188307762146,0.4897153377532959,-0.008444263599812984,0.5943307280540466,0.44600608944892883,-0.012572742067277431,0.605537474155426,0.4205930829048157,-0.017617296427488327,0.6205896735191345,0.4330901503562927,-0.020976966246962547,0.6059147715568542,0.4010336995124817,-0.00021749995357822627,0.6053021550178528,0.35562795400619507,-0.0100143076851964,0.603147029876709,0.3757055997848511,-0.016133874654769897,0.6034209728240967,0.4002123773097992,-0.018810782581567764,0.6188812255859375,0.40027984976768494,-0.0006322693661786616,0.6187710762023926,0.3515865206718445,-0.010458357632160187,0.6153832674026489,0.3779602646827698,-0.013339678756892681,0.6158097982406616,0.40428492426872253,-0.012498605996370316,0.6314920783042908,0.4058935046195984,-0.003413289552554488,0.6332496404647827,0.3594726026058197,-0.01184720080345869,0.628063440322876,0.3818502724170685,-0.01180634181946516,0.6270903944969177,0.4079221189022064,-0.008991114795207977,0.64532470703125,0.4166930019855499,-0.007492963690310717,0.6454757452011108,0.3792046904563904,-0.013126186095178127,0.6396663784980774,0.387179970741272,-0.013742974027991295,0.6363710165023804,0.40687811374664307,-0.012562250718474388
39,0.3500792384147644,0.5218113660812378,-1.269889366994903e-07,0.316942036151886,0.49753403663635254,-0.02300669252872467,0.29797065258026123,0.4157995581626892,-0.030552752315998077,0.30103257298469543,0.34385111927986145,-0.03847525641322136,0.3224446773529053,0.3230162560939789,-0.043688785284757614,0.3013027012348175,0.34113460779190063,0.004314894322305918,0.2931281328201294,0.28109705448150635,-0.014338536188006401,0.2880679965019226,0.28210747241973877,-0.027954384684562683,0.28903263807296753,0.31152623891830444,-0.03383932635188103,0.3219614624977112,0.3293490707874298,0.00812151376157999,0.3188367187976837,0.2427903711795807,-0.010555947199463844,0.31058305501937866,0.2562822699546814,-0.02111751399934292,0.308737188577652,0.29926809668540955,-0.02227051742374897,0.3441130220890045,0.33171120285987854,0.006616650149226189,0.34414219856262207,0.2519778609275818,-0.012598440051078796,0.33548662066459656,0.26964130997657776,-0.02013583853840828,0.3337863087654114,0.315600723028183,-0.018412524834275246,0.36870869994163513,0.3423403203487396,0.0025953599251806736,0.366650253534317,0.2770051658153534,-0.011021904647350311,0.35926923155784607,0.27710625529289246,-0.0169619582593441,0.355553537607193,0.3073100745677948,-0.017128363251686096,0.6268694400787354,0.5092105269432068,-1.2306101382364432e-07,0.6045188307762146,0.4897153377532959,-0.008444263599812984,0.5943307280540466,0.44600608944892883,-0.012572742067277431,0.605537474155426,0.4205930829048157,-0.017617296427488327,0.6205896735191345,0.4330901503562927,-0.020976966246962547,0.6059147715568542,0.4010336995124817,-0.00021749995357822627,0.6053021550178528,0.35562795400619507,-0.0100143076851964,0.603147029876709,0.3757055997848511,-0.016133874654769897,0.6034209728240967,0.4002123773097992,-0.018810782581567764,0.6188812255859375,0.40027984976768494,-0.0006322693661786616,0.6187710762023926,0.3515865206718445,-0.010458357632160187,0.6153832674026489,0.3779602646827698,-0.013339678756892681,0.6158097982406616,0.40428492426872253,-0.012498605996370316,0.6314920783042908,0.4058935046195984,-0.003413289552554488,0.6332496404647827,0.3594726026058197,-0.01184720080345869,0.628063440322876,0.3818502724170685,-0.01180634181946516,0.6270903944969177,0.4079221189022064,-0.008991114795207977,0.64532470703125,0.4166930019855499,-0.007492963690310717,0.6454757452011108,0.3792046904563904,-0.013126186095178127,0.6396663784980774,0.387179970741272,-0.013742974027991295,0.6363710165023804,0.40687811374664307,-0.012562250718474388
40,0.6271496415138245,0.5098533630371094,-1.203979422825796e-07,0.6051368713378906,0.4892519414424896,-0.007847134955227375,0.5953355431556702,0.4474053978919983,-0.011586561799049377,0.606117308139801,0.42076045274734497,-0.01626729592680931,0.6193804740905762,0.4300214648246765,-0.019258012995123863,0.6057912111282349,0.4020153284072876,0.0006453209207393229,0.6052664518356323,0.3574860095977783,-0.008493011817336082,0.6039403676986694,0.37708038091659546,-0.014234473928809166,0.6044933795928955,0.40101590752601624,-0.016828235238790512,0.6187935471534729,0.4004562795162201,8.083766442723572e-05,0.6185774207115173,0.3521203100681305,-0.009199490770697594,0.6163879036903381,0.3779667615890503,-0.011925196275115013,0.6166370511054993,0.40303993225097656,-0.011206907220184803,0.6315012574195862,0.4050092101097107,-0.002749066101387143,0.6326535940170288,0.35981231927871704,-0.010619016364216805,0.6288626194000244,0.3824116587638855,-0.01036962028592825,0.6280203461647034,0.407023549079895,-0.007693273480981588,0.6454892158508301,0.41515401005744934,-0.006843623239547014,0.6451278924942017,0.3784656524658203,-0.012115112505853176,0.6403623819351196,0.3876994550228119,-0.012472781352698803,0.6374056339263916,0.4063881039619446,-0.011261510662734509,0.3501318097114563,0.5280332565307617,-1.3181171709675255e-07,0.3166459798812866,0.5015337467193604,-0.022486021742224693,0.29780736565589905,0.4184202551841736,-0.030297985300421715,0.30087849497795105,0.3461356461048126,-0.03880758583545685,0.3191477656364441,0.3274323344230652,-0.04449005052447319,0.3011131286621094,0.3406321406364441,0.004684848245233297,0.294699102640152,0.27562540769577026,-0.014705163426697254,0.29094424843788147,0.279913991689682,-0.028983868658542633,0.29242807626724243,0.313527375459671,-0.03518197685480118,0.3220154941082001,0.330108642578125,0.008093290030956268,0.3181495666503906,0.24327352643013,-0.010338434018194675,0.31090492010116577,0.25737011432647705,-0.021152563393115997,0.30982857942581177,0.2992081046104431,-0.022929849103093147,0.3439423143863678,0.3331950902938843,0.006084632594138384,0.3435690701007843,0.2509356737136841,-0.012554277665913105,0.33482158184051514,0.2687453031539917,-0.020168662071228027,0.33257052302360535,0.31488555669784546,-0.018893344327807426,0.3681451082229614,0.3443984389305115,0.0014945570146664977,0.3665778934955597,0.27753546833992004,-0.011439324356615543,0.35953661799430847,0.27643021941185,-0.017447689548134804,0.3558174669742584,0.30614811182022095,-0.017998557537794113
